tree
version=v4
num_class=1
num_tree_per_iteration=1
label_index=0
max_feature_idx=16
objective=regression_l1
feature_names=ride_id_cat hour_of_day day_of_week week_of_year month temp_high_f morning_crowd_index is_holiday is_holiday_weekend days_until_next_holiday days_since_last_holiday minutes_until_close total_operating_hours had_closure_today max_closure_duration_today_min hours_since_reopen closure_start_hour
feature_infos=-1:60:40:30:58:29:49:8:57:56:14:24:6:43:63:2:67:50:18:42:12:20:35:44:46:66:52:16:61:53:51:38:26:45:15:64:36:48:10:59:65:13:28:32:25:23:19:54:39:31:4:33:37:1:7:41:27:62 [0:23] [0:6] [18:33] [5:8] [67.700000000000003:93.599999999999994] [0.5:4] [0:1] [0:1] [0:64] [0:38] [-1435:1360] [-8:15] [0:1] [0:360] [0:15.5] [-1:23.666666666666668]
tree_sizes=2499 2948 3047 3024 3079 3066 3071 3071 3047 3063 3064 3053 3116 3120 3146 3117 3128 3128 3090 3109 3119 3132 3125 3116 3132 3100 3119 3132 3119 3115 3124 3083 3105 3108 3131 3113 3127 3142 3141 3137 3132 3118 3127 3115 3120 3099 3106 3102 3141 3111 3129 3121 3099 3114 3141 3109 3114 3121 3121 3092 3112 3094 3112 3152 3129 3106 3111 3115 3110 3123 3138 3130 3125 3132 3139 3181 3146 3131 3118 3178 3110 3169 3157 3097 3160 3094 3100 3057 3150 3065 3107 3116 3124 3046 3054 3083 3071 3102 3155 3128 3110 3092 3168 3060 3127 3056 3099 3100 3123 3069 3087 3047 3087 3020 3024 3110 2997 2997 2994 3054 3032 3040 3081 3063 3071 3088 3052 3064 3070 3051 3047 3016 3113 3005 2996 3102 3141 3010 3124 2997 2991 3039 3009 3046 3090 3042 3111 3041 3022 3040 3064 3040 3047 3129 3036 3010 3047 3043 3020 3072 3081 3046 3064 3106 3084 3087 3105 3096 3058 3076 3053 3038 3023 3025 3020 3130 3103 3076 3100 3063 3146 3164 3058 3012 3034 3015 3112 3015 3027 3083 3065 3066 3111 3024 3020 3093 3016 3040 3032 3006 3029 3036 3082 3007 2963 2993 3003 3009 2953 2973 3008 3034 2964 2965 2958 2978 2945 2937 2964 2976 2971 2955 3094 3036 2954 2961 2952 2942 2950 2970 2954 2960 2956 2949 2952 2962 2953 2959 3036 3066 3073 3033 3055 3088 3127 3076 3150 3024 3094 3104 3131 3108 3020 3002 3078 3047 3079 3105 3117 3088 3087 3078 3085 3054 3099 3088 3101 3107 3089 3073 3085 3002 3077 2976 3031 3026 3040 3071 3070 3107 3098 3064 3117 3026 3098 3082 3105 3100 3042 3057 3086 3056 3092 3087 3014 3016 3101 3080 3044 3042

Tree=0
num_leaves=31
num_cat=13
split_feature=0 0 1 1 0 1 0 3 0 6 0 1 6 1 0 1 3 3 0 1 0 0 0 1 1 0 1 2 1 0
split_gain=141433 21211 13255.5 15343.6 13254 4664.04 3850.44 2987.44 2777.55 2143.79 1904.71 1837 1671.88 1630.12 2132.64 1593.97 1457.99 1285.06 1212.58 1016.59 1314.92 1007.14 807.047 743.319 728.794 702.515 622.011 621.065 584.347 589.364
threshold=0 1 9.5000000000000018 20.500000000000004 2 8.5000000000000018 3 23.500000000000004 4 1.1666666666666667 5 20.500000000000004 1.1666666666666667 20.500000000000004 6 9.5000000000000018 23.500000000000004 23.500000000000004 7 9.5000000000000018 8 9 10 20.500000000000004 9.5000000000000018 11 8.5000000000000018 1.0000000180025095e-35 9.5000000000000018 12
decision_type=9 9 2 2 9 2 9 2 9 2 9 2 2 2 9 2 2 2 9 2 9 9 9 2 2 9 2 2 2 9
left_child=4 5 18 6 7 8 -4 11 -2 -9 17 15 16 19 -15 -1 21 28 26 20 -7 -8 -5 24 -11 -18 -3 -14 -6 -30
right_child=1 2 3 22 10 13 12 9 -10 23 -12 -13 27 14 -16 -17 25 -19 -20 -21 -22 -23 -24 -25 -26 -27 -28 -29 29 -31
leaf_value=14.75 16.25 14.5 15.75 14.9 14.5 14.75 15.75 14.75 14.75 14.75 14.5 14.75 15 16 15 15.25 15.25 14.5 14.5 16.25 15.75 15.25 14.75 14.75 15 15 15.25 15.75 14.75 14.75
leaf_weight=2292 2584 1278 36145 9314 2926 1627 6998 27838 4399 1208 51778 2347 669 8414 6781 13861 13990 41771 12228 98052 7204 8036 8849 1199 7387 15865 1698 13469 8044 11638
leaf_count=2292 2584 1278 36145 9314 2926 1627 6998 27838 4399 1208 51778 2347 669 8414 6781 13861 13990 41771 12228 98052 7204 8036 8849 1199 7387 15865 1698 13469 8044 11638
internal_value=15.0041 15.0275 15.0131 15.019 14.969 15.0418 15.0271 14.9889 15.0021 14.9809 14.9593 15.0054 15.0192 15.0441 15.0288 15.0114 15.0145 14.9651 14.9693 15.0463 15.03 15.0271 14.9769 15.001 15.0061 15.0081 14.998 15.0342 14.9747 14.9778
internal_weight=429889 257600 128539 113335 172289 129061 95172 56132 6983 37632 116157 18500 59027 122078 15195 16153 44889 64379 15204 106883 8831 15034 18163 9794 8595 29855 2976 14138 22608 19682
internal_count=429889 257600 128539 113335 172289 129061 95172 56132 6983 37632 116157 18500 59027 122078 15195 16153 44889 64379 15204 106883 8831 15034 18163 9794 8595 29855 2976 14138 22608 19682
cat_boundaries=0 3 6 8 11 13 15 17 19 22 24 27 29 31
cat_threshold=2333393042 4083160834 2 268514308 1845321 5 1310720 587206658 75497472 201342976 8 12288 1837056 50348048 2149582080 268447748 1837056 64 67108880 65536 1 1 524352 131088 1082654976 134365184 8 537395200 65696 16793600 1024
is_linear=0
shrinkage=1


Tree=1
num_leaves=31
num_cat=12
split_feature=0 0 0 1 1 1 1 1 0 0 6 0 3 0 0 1 0 1 0 3 11 1 3 1 6 0 1 9 2 0
split_gain=120753 18872.2 16367.6 9794.09 6716.6 3951.43 3704.51 3572.58 3547.5 2862.04 2212.11 2200.9 1935.33 1388.36 1380.02 1312.88 1609.23 994.656 1085.06 992.286 955.336 923.447 837.017 822.922 811.339 754.375 1063.33 738.501 678.424 672.362
threshold=0 1 2 9.5000000000000018 19.500000000000004 20.500000000000004 8.5000000000000018 9.5000000000000018 3 4 1.1666666666666667 5 23.500000000000004 6 7 20.500000000000004 8 9.5000000000000018 9 23.500000000000004 -1377.4999999999998 9.5000000000000018 22.500000000000004 8.5000000000000018 1.1666666666666667 10 19.500000000000004 63.500000000000007 1.0000000180025095e-35 11
decision_type=9 9 9 2 2 2 2 2 9 9 2 9 2 9 9 2 9 2 9 2 2 2 2 2 2 9 2 2 2 9
left_child=2 5 6 14 9 7 11 -2 12 27 13 -1 21 -9 -4 17 -17 18 -8 -11 -6 -3 -15 -16 -21 26 -23 -5 -12 -22
right_child=1 8 3 4 20 -7 15 10 -10 19 28 -13 -14 22 23 16 -18 -19 -20 24 29 25 -24 -25 -26 -27 -28 -29 -30 -31
leaf_value=0.9375 -0.47500000000000003 -0.47500000000000003 0.21250000000000002 0.71250000000000002 -0.24500000000000002 -0.48750000000000004 1.2125000000000001 -0.23750000000000002 -0.47500000000000003 0.71250000000000002 -0.25 -0.48750000000000004 -0.47500000000000003 0.23750000000000002 -0.47500000000000003 0 0.75 1.1875 0.21250000000000002 0 -0.48750000000000004 0.012500000000000001 -0.012500000000000001 -0.22500000000000001 0.46250000000000002 -0.23750000000000002 -0.48750000000000004 -0.13750000000000001 0.25 0.0049999999999999828
leaf_weight=2972 9578 2926 2150 39714 4602 11342 4436 9847 53095 12653 641 3527 41771 10166 5019 2901 11314 92068 3810 18628 1020 6168 24781 6442 6542 11638 1876 413 13567 14282
leaf_count=2972 9578 2926 2150 39714 4602 11342 4436 9847 53095 12653 641 3527 41771 10166 5019 2901 11314 92068 3810 18628 1020 6168 24781 6442 6542 11638 1876 413 13567 14282
internal_value=0.00456211 -0.0241966 0.0289792 0.0151518 0.0206808 -0.00545088 0.0417117 -0.0009303 -0.0369484 0.0273002 0.00366767 0.00499308 -0.029043 -0.00178484 -0.0245867 0.043799 0.0295779 0.0458141 0.0291778 0.017416 -0.00524266 -0.0172638 0.00288926 -0.0314663 0.0116786 -0.0133675 -0.00157686 0.0366034 0.020858 0.000764606
internal_weight=429889 197396 232493 111465 97854 79922 121028 68580 117474 77950 59002 6499 64379 44794 13611 114529 14215 100314 8246 37823 19904 22608 34947 11461 25170 19682 8044 40127 14208 15302
internal_count=429889 197396 232493 111465 97854 79922 121028 68580 117474 77950 59002 6499 64379 44794 13611 114529 14215 100314 8246 37823 19904 22608 34947 11461 25170 19682 8044 40127 14208 15302
cat_boundaries=0 3 5 8 10 13 15 17 19 21 23 25 27
cat_threshold=1418278148 203384953 13 538181696 587206786 268514308 1837129 5 50348048 2149582080 75497472 201351168 8 268447744 1837056 1048576 16777216 0 67117056 66560 65 13312 1837120 16793600 1024 0 65536
is_linear=0
shrinkage=0.05


Tree=2
num_leaves=31
num_cat=14
split_feature=0 0 0 1 1 1 0 1 1 0 0 3 1 0 0 3 1 0 1 11 0 1 6 0 1 0 0 6 9 0
split_gain=123464 16605.1 16079.7 9289.58 7472.54 3987.44 3544.05 2962.94 3354.98 2462.15 2183.3 1935.33 1924.51 2295.84 1877.37 1408.21 1181.74 1211.29 1086.66 1001.23 944.154 923.447 806.932 754.375 1063.33 680.013 662.969 602.497 596.652 573.458
threshold=0 1 2 9.5000000000000018 19.500000000000004 8.5000000000000018 3 19.500000000000004 9.5000000000000018 4 5 23.500000000000004 20.500000000000004 6 7 24.500000000000004 9.5000000000000018 8 8.5000000000000018 -1377.4999999999998 9 9.5000000000000018 1.1666666666666667 10 19.500000000000004 11 12 1.7500000000000002 63.500000000000007 13
decision_type=9 9 9 2 2 2 9 2 2 9 9 2 2 9 9 2 2 9 2 2 9 2 2 9 2 9 9 2 2 9
left_child=1 3 7 18 9 10 11 8 -2 28 -3 21 16 -14 -10 29 17 -7 -1 -6 -20 -4 -16 24 -23 -21 -24 -13 -5 -11
right_child=2 5 6 4 19 12 -8 -9 14 15 -12 27 13 -15 22 -17 -18 -19 20 25 -22 23 26 -25 -26 -27 -28 -29 -30 -31
leaf_value=-0.45125000000000004 -0.45125000000000004 1.140625 -0.45125000000000004 0.67687500000000012 -0.23275000000000007 1.1518750000000002 -0.45125000000000004 -0.23687500000000006 -0.025000000000000001 0.67687500000000012 -0.24812500000000004 -0.45125000000000004 0.91250000000000009 0.012249999999999962 0.013124999999999965 0.18937500000000007 1.128125 0.201875 0.22687499999999999 -0.23812499999999998 -0.46375000000000005 0.011875000000000037 0.48750000000000004 -0.22562499999999996 -0.46312500000000001 0.0047499999999999435 0.23750000000000002 -0.45125000000000004 -0.13062500000000005 0.45187500000000003
leaf_weight=5716 9044 2584 2926 33924 4333 4436 53095 15122 11981 9791 4399 31506 8414 6781 29691 23495 98052 4395 2295 3361 5065 6168 4325 11638 1876 12217 5025 10265 356 7613
leaf_count=5716 9044 2584 2926 33924 4333 4436 53095 15122 11981 9791 4399 31506 8414 6781 29691 23495 98052 4395 2295 3361 5065 6168 4325 11638 1876 12217 5025 10265 356 7613
internal_value=0.00434461 0.0284918 -0.0253882 0.0140387 0.0194737 0.0406028 -0.0369446 -0.00732998 -0.00235075 0.026687 0.00385937 -0.029043 0.0427079 0.0260579 0.00262436 0.0183872 0.045075 0.0275563 -0.0254742 -0.00776204 -0.0127717 -0.0172638 0.00793706 -0.0133675 -0.00157686 -0.00184876 0.0207487 -0.0354253 0.0365733 0.0291715
internal_weight=429889 237227 192662 108166 95090 129061 117474 75188 60066 75179 6983 64379 122078 15195 51022 40899 106883 8831 13076 19911 7360 22608 39041 19682 8044 15578 9350 41771 34280 17404
internal_count=429889 237227 192662 108166 95090 129061 117474 75188 60066 75179 6983 64379 122078 15195 51022 40899 106883 8831 13076 19911 7360 22608 39041 19682 8044 15578 9350 41771 34280 17404
cat_boundaries=0 3 6 8 10 13 15 17 19 21 23 25 27 29 31
cat_threshold=1418278212 203384921 13 1149763904 201539600 8 538181632 587206818 50348048 2149582080 75497472 201342976 8 12288 1837056 268447748 1837056 1048576 16777216 13312 1837120 1073741888 67108880 16793600 1024 67108928 65536 536870912 33554592 524352 131088
is_linear=0
shrinkage=0.05


Tree=3
num_leaves=31
num_cat=13
split_feature=0 0 0 1 1 0 1 1 0 3 1 3 0 0 3 6 0 1 6 1 0 9 0 0 1 1 10 0 0 1
split_gain=117612 22987.5 13425.4 11804.3 8275.54 3544.05 3409.7 4117.71 3266.58 2547.03 2445.63 1935.33 1631.04 1499 1235.92 1137.09 1171.68 923.447 888.521 855.697 1188.43 817.757 802.479 754.375 1063.33 724.569 680.262 678.565 666.4 733.932
threshold=0 1 2 9.5000000000000018 19.500000000000004 3 20.500000000000004 9.5000000000000018 4 23.500000000000004 8.5000000000000018 23.500000000000004 5 6 23.500000000000004 1.1666666666666667 7 9.5000000000000018 1.1666666666666667 20.500000000000004 8 63.500000000000007 9 10 19.500000000000004 20.500000000000004 10.500000000000002 11 12 8.5000000000000018
decision_type=9 9 9 2 2 9 2 2 9 2 2 2 9 9 2 2 9 2 2 2 9 2 9 9 2 2 2 9 9 2
left_child=2 6 10 13 8 11 7 28 14 26 12 17 -1 -4 -5 -11 -17 -3 27 -12 -21 -10 -8 24 -19 -6 -9 -16 -2 -30
right_child=1 5 3 4 25 -7 22 9 21 15 19 -13 -14 -15 18 16 -18 23 -20 20 -22 -23 -24 -25 -26 -27 -28 -29 29 -31
leaf_value=1.0835937500000001 -0.44118750000000007 -0.42868750000000005 0.19178125000000001 0.64303125000000017 0.21201249999999999 -0.42868750000000005 -0.2211125000000001 0.25062500000000004 0.64303125000000017 -0.012531250000000061 1.0942812500000001 -0.42868750000000005 -0.20071874999999997 -0.42868750000000005 0.47803125000000002 -0.011249999999999982 0.42990625000000016 0.011281250000000043 0.65553125000000012 0.21188750000000001 0.86687499999999995 -0.12409375000000003 -0.45121875 -0.21434374999999994 -0.43996875000000002 -0.21361250000000009 0.17562499999999998 -0.0094687500000000049 -0.42868750000000005 -0.19056250000000008
leaf_weight=2584 4287 2926 2150 8369 4693 53095 3402 14036 50833 36423 87302 41771 3083 11213 4716 5220 7490 6168 4521 4218 8414 517 11342 11638 1876 12939 9015 8193 3318 4137
leaf_count=2584 4287 2926 2150 8369 4693 53095 3402 14036 50833 36423 87302 41771 3083 11213 4716 5220 7490 6168 4521 4218 8414 517 11342 11638 1876 12939 9015 8193 3318 4137
internal_value=0.0040058 -0.022001 0.0303041 0.017917 0.0241214 -0.0369446 -0.00420754 -0.00031218 0.0311845 0.00415466 0.0429865 -0.029043 0.0110376 -0.0260757 0.0166473 -0.00227851 0.010598 -0.0172638 0.00907057 0.0448026 0.0326393 0.0384774 -0.0263836 -0.0133675 -0.00157686 -0.00678312 0.0178669 0.00238981 -0.0277721 -0.0186537
internal_weight=429889 216144 213745 108144 94781 117474 98670 83926 77149 72184 105601 64379 5667 13363 25799 49133 12710 22608 17430 99934 12632 51350 14744 19682 8044 17632 23051 12909 11742 7455
internal_count=429889 216144 213745 108144 94781 117474 98670 83926 77149 72184 105601 64379 5667 13363 25799 49133 12710 22608 17430 99934 12632 51350 14744 19682 8044 17632 23051 12909 11742 7455
cat_boundaries=0 3 5 8 10 12 14 16 18 21 22 24 26 28
cat_threshold=344536068 203384953 13 1611923776 587206786 268448772 1837128 5 50348048 2149582080 524288 196656 12288 1837056 0 67117056 1310720 16781314 1024 72 5 1073742080 16793600 1024 0 65568 536870912 570425474
is_linear=0
shrinkage=0.05


Tree=4
num_leaves=31
num_cat=13
split_feature=0 0 0 1 1 1 0 1 0 0 1 1 0 3 0 3 6 0 3 1 11 0 1 0 0 11 9 6 0 6
split_gain=120310 17533.5 17297.2 8855.85 5574.57 4247.17 3980.75 3573.88 3544.05 3098.97 2891.07 2015.09 2033.06 1935.33 1764.74 1599.72 1452.55 1035.08 1006.76 923.447 808.997 754.375 1063.33 751.836 748.366 647.214 632.227 626.936 632.377 602.497
threshold=0 1 2 9.5000000000000018 20.500000000000004 9.5000000000000018 3 20.500000000000004 4 5 9.5000000000000018 20.500000000000004 6 23.500000000000004 7 23.500000000000004 1.1666666666666667 8 23.500000000000004 9.5000000000000018 -554.99999999999989 9 19.500000000000004 10 11 -1387.4999999999998 63.500000000000007 1.1666666666666667 12 1.7500000000000002
decision_type=9 9 9 2 2 2 9 2 9 9 2 2 9 2 9 2 2 9 2 2 2 9 2 9 9 2 2 2 9 2
left_child=1 3 7 17 6 9 26 10 13 -3 24 -7 -13 19 -12 -8 -17 -1 -16 -4 -19 22 -21 -11 -2 -6 -5 -20 -29 -15
right_child=2 5 8 4 25 11 15 -9 -10 23 14 12 -14 29 18 16 -18 20 27 21 -22 -23 -24 -25 -26 -27 -28 28 -30 -31
leaf_value=0.027348437499999979 -0.18165937500000001 0.78956718749999999 -0.40725312499999999 0.61087968750000021 -0.2104318750000001 1.0170046874999998 0.61087968750000021 -0.42865781249999996 -0.40725312499999999 -0.42928437499999994 -0.036281249999999952 0.82353124999999994 0.022318124999999966 -0.40725312499999999 0.21618749999999995 -0.0088421874999999872 0.40841093750000007 -0.019128125000000031 -0.011904687500000045 0.010717187500000058 -0.40725312499999999 -0.20362656249999997 -0.4179703125 0.059317187500000035 -0.41912812500000007 -0.084806875000000045 -0.11788906250000003 0.41903593750000001 -9.3750000000003553e-05 -0.40725312499999999
leaf_weight=1983 5291 7908 2926 35769 3421 98052 13654 11342 53095 2909 12957 8414 6781 31506 13743 20203 7110 2349 23999 6168 8210 11638 1876 4997 4287 10357 376 4213 4090 10265
leaf_count=1983 5291 7908 2926 35769 3421 98052 13654 11342 53095 2909 12957 8414 6781 31506 13743 20203 7110 2349 23999 6168 8210 11638 1876 4997 4287 10357 376 4213 4090 10265
internal_value=0.00396951 0.0283418 -0.0247363 0.0130005 0.0184366 0.0406346 0.0236708 -0.00678952 -0.0369446 0.0163652 -0.00249052 0.0440272 0.0270846 -0.029043 0.00164571 0.012989 0.0060063 -0.0263834 0.00623277 -0.0172638 -0.0325906 -0.0133675 -0.00157686 -0.00578575 -0.0279703 -0.0108579 0.0357641 0.00141168 0.0132542 -0.0354253
internal_weight=429889 232493 197396 103432 90890 129061 77112 79922 117474 15814 68580 113247 15195 64379 59002 40967 27313 12542 46045 22608 10559 19682 8044 7906 9578 13778 36145 32302 8303 41771
internal_count=429889 232493 197396 103432 90890 129061 77112 79922 117474 15814 68580 113247 15195 64379 59002 40967 27313 12542 46045 22608 10559 19682 8044 7906 9578 13778 36145 32302 8303 41771
cat_boundaries=0 3 6 8 11 13 15 17 19 21 23 26 28 30
cat_threshold=1418278148 203384953 13 1149763840 201539632 8 538181696 587206786 75497472 201342976 8 50348048 2149582080 13312 1837120 268447748 1837056 1048576 16777216 0 67108880 16793600 1024 65536 1 1 1310784 16781312 536870976 33554560
is_linear=0
shrinkage=0.05


Tree=5
num_leaves=31
num_cat=13
split_feature=0 0 0 1 1 1 1 0 0 1 1 0 0 3 0 3 6 9 0 3 0 1 0 1 0 0 3 11 11 6
split_gain=113936 17416.6 14375.6 6619.78 4213.02 3668.55 3602.49 3544.05 3362.23 2918.6 2790.65 3152.09 2570.71 1935.33 1658.2 1596.37 1443.23 1114.09 1038.31 1006.76 930.913 923.447 754.375 1063.33 748.366 742.66 763.19 678.928 632.283 626.936
threshold=0 1 2 9.5000000000000018 9.5000000000000018 20.500000000000004 20.500000000000004 3 4 9.5000000000000018 20.500000000000004 5 6 23.500000000000004 7 23.500000000000004 1.1666666666666667 63.500000000000007 8 23.500000000000004 9 9.5000000000000018 10 19.500000000000004 11 12 23.500000000000004 -554.99999999999989 -34.999999999999993 1.1666666666666667
decision_type=9 9 9 2 2 2 2 9 9 2 2 9 9 2 9 2 2 2 9 2 9 2 9 2 9 9 2 2 2 2
left_child=2 6 3 18 8 12 9 13 -4 24 17 -12 -5 21 -11 -14 -17 25 -1 -16 -10 -3 23 -23 -2 -6 -27 -20 -13 -21
right_child=1 7 4 5 10 -7 -8 -9 20 14 11 28 15 -15 19 16 -18 -19 27 29 -22 22 -24 -25 -26 26 -28 -29 -30 -31
leaf_value=0.025981015624999951 -0.17257640624999998 -0.38689046874999999 0.750088828125 0.58033570312500016 1.4661544531250001 -0.21092278125000005 -0.40722492187499998 -0.38689046874999999 0.056351328125000058 -0.034467187499999954 0.78235468750000003 -0.049910281250000126 0.58033570312500016 -0.38689046874999999 0.20537812499999994 -0.0084000781249999445 0.38799039062500001 -0.033845546875000035 -0.16817171875000003 -0.01130945312500007 -0.40782015624999995 0.0101813281250001 -0.19344523437499994 -0.39707179687499999 -0.39817171875000001 0.96615445312500003 0.46615445312499998 -0.38689046874999999 0.45017721875000005 0.22619218749999997
leaf_weight=1983 5291 2926 8853 24348 49683 11277 11342 53095 4997 12957 8414 6247 13654 41771 13743 20203 7110 1095 1780 23999 3797 6168 11638 1876 4287 21419 37652 6946 3035 8303
leaf_count=1983 5291 2926 8853 24348 49683 11277 11342 53095 4997 12957 8414 6247 13654 41771 13743 20203 7110 1095 1780 23999 3797 6168 11638 1876 4287 21419 37652 6946 3035 8303
internal_value=0.00324072 -0.0246943 0.0269586 0.0109213 0.0366 0.0160709 -0.00668568 -0.0369446 0.0137049 -0.0023695 0.0397707 0.0213438 0.0206178 -0.029043 0.00178638 0.0129597 0.00598433 0.0427391 -0.0258988 0.00623277 -0.00820082 -0.0172638 -0.0133675 -0.00157686 -0.0279703 0.0432444 0.0394095 -0.033299 0.00122686 0.00141168
internal_weight=429889 197396 232493 87301 145192 76592 79922 117474 17647 68580 127545 17696 65315 64379 59002 40967 27313 109849 10709 46045 8794 22608 19682 8044 9578 108754 59071 8726 9282 32302
internal_count=429889 197396 232493 87301 145192 76592 79922 117474 17647 68580 127545 17696 65315 64379 59002 40967 27313 109849 10709 46045 8794 22608 19682 8044 9578 108754 59071 8726 9282 32302
cat_boundaries=0 3 5 7 9 12 14 16 18 20 23 25 27 29
cat_threshold=1418278148 203384953 13 538181696 587206786 1149763840 67321904 50348048 2149582080 13312 1837120 8 268447748 1837056 75497472 67125248 1048576 16777216 0 67108880 268435460 8200 4 16793600 1024 1310784 16781312 13312 1312840
is_linear=0
shrinkage=0.05


Tree=6
num_leaves=31
num_cat=14
split_feature=0 0 0 1 1 0 1 1 0 1 3 1 3 0 6 0 0 0 0 1 3 1 0 1 0 9 0 0 6 6
split_gain=106809 17376.2 14563.2 8659.89 4999.82 4374.2 3890.63 3592.83 3544.05 2909.3 2198.54 2178.2 1935.33 1829.2 1821.52 1648.25 1387.15 1185.42 1080.18 1105.76 1017.59 923.447 754.375 1063.33 748.366 745.635 745.458 689.541 602.497 600.689
threshold=0 1 2 9.5000000000000018 20.500000000000004 3 8.5000000000000018 20.500000000000004 4 9.5000000000000018 23.500000000000004 21.500000000000004 23.500000000000004 5 1.1666666666666667 6 7 8 9 9.5000000000000018 23.500000000000004 9.5000000000000018 10 19.500000000000004 11 63.500000000000007 12 13 1.7500000000000002 1.1666666666666667
decision_type=9 9 9 2 2 9 2 2 9 2 2 2 2 9 2 9 9 9 9 2 2 2 9 2 9 2 9 9 2 2
left_child=2 7 6 17 5 -5 13 9 12 24 -7 18 21 -1 27 -11 -13 -4 -8 -20 -17 -3 23 -23 -2 -21 -6 -12 -14 -22
right_child=1 8 3 4 26 10 11 -9 -10 15 14 16 28 -15 -16 20 -18 -19 19 25 29 22 -24 -25 -26 -27 -28 -29 -30 -31
leaf_value=0.95243126171875003 -0.16394758593749997 -0.36754594531250001 -0.0010912382812500176 0.5513189179687501 0.029979607812499955 0.46415923046875013 1.39284673046875 -0.38686367578124997 -0.36754594531250001 -0.032743828124999923 0.44186680078125012 -0.22807101718750006 -0.36754594531250001 -0.26766561328124994 0.3573096210937502 0.19510921874999987 0.49323695312500004 -0.36754594531250001 0.21258438671874985 0.69284673046875001 -0.010743980468750093 0.0096722617187500869 -0.18377297265624995 -0.37721820703124997 -0.37826313281250007 -0.28215326953125003 -0.18936414218750014 -0.0079800742187499558 -0.36754594531250001 0.21488257812499995
leaf_weight=2203 5291 2926 4137 36804 4665 15799 51089 11342 53095 12957 5199 2155 31506 4221 8106 13743 5760 9618 4328 50155 23999 6168 11638 1876 4287 527 9880 17847 10265 8303
leaf_count=2203 5291 2926 4137 36804 4665 15799 51089 11342 53095 12957 5199 2155 31506 4221 8106 13743 5760 9618 4328 50155 23999 6168 11638 1876 4287 527 9880 17847 10265 8303
internal_value=0.00233863 -0.0247085 0.0253027 0.0123263 0.017527 0.0222261 0.0373738 -0.00672071 -0.0369446 -0.00241032 0.0121005 0.0395101 -0.029043 -0.000482565 0.00439779 0.00173892 0.0142072 -0.024831 0.0413977 0.0364976 0.00617197 -0.0172638 -0.0133675 -0.00157686 -0.0279703 0.0385758 -0.00953249 -0.00277272 -0.0354253 0.001325
internal_weight=429889 197396 232493 112055 98300 83755 120438 79922 117474 68580 46951 114014 64379 6424 31152 59002 7915 13755 106099 55010 46045 22608 19682 8044 9578 50682 14545 23046 41771 32302
internal_count=429889 197396 232493 112055 98300 83755 120438 79922 117474 68580 46951 114014 64379 6424 31152 59002 7915 13755 106099 55010 46045 22608 19682 8044 9578 50682 14545 23046 41771 32302
cat_boundaries=0 3 5 8 11 13 15 17 19 21 23 25 27 29 31
cat_threshold=1418278148 203384953 13 538181696 587206786 268448772 136054857 5 75563008 67125248 8 50348048 2149582080 8192 1837056 1048576 16777216 1024 134217801 1073741824 67117072 13312 1312832 16793600 1024 1310784 16781312 8913152 139264 0 65568
is_linear=0
shrinkage=0.05


Tree=7
num_leaves=31
num_cat=14
split_feature=0 0 0 1 1 0 1 1 0 1 3 1 3 6 0 0 0 0 0 1 3 1 0 1 0 0 9 0 6 6
split_gain=106807 17376.2 14620.4 8647.83 4988.92 4397.73 3895.41 3592.83 3544.05 2909.3 2207.27 2047.41 1935.33 1835.32 1829.2 1648.25 1220.19 1185.42 1093.94 1099.97 1017.59 923.447 754.375 1063.33 748.366 745.458 720.2 659.146 602.497 600.689
threshold=0 1 2 9.5000000000000018 20.500000000000004 3 8.5000000000000018 20.500000000000004 4 9.5000000000000018 23.500000000000004 21.500000000000004 23.500000000000004 1.1666666666666667 5 6 7 8 9 9.5000000000000018 23.500000000000004 9.5000000000000018 10 19.500000000000004 11 12 63.500000000000007 13 1.7500000000000002 1.1666666666666667
decision_type=9 9 9 2 2 9 2 2 9 2 2 2 2 2 9 9 9 9 9 2 2 2 9 2 9 9 2 9 2 2
left_child=2 7 6 17 5 -5 14 9 12 24 -7 18 21 27 -1 -11 -13 -4 -8 -20 -17 -3 23 -23 -2 -6 -21 -12 -14 -22
right_child=1 8 3 4 25 10 11 -9 -10 15 13 16 28 -15 -16 20 -18 -19 19 26 29 22 -24 -25 -26 -27 -28 -29 -30 -31
leaf_value=0.90480969863281246 -0.155750206640625 -0.34916864804687497 -0.0010366763671875391 0.52375297207031257 0.02848062742187496 0.44095126894531272 1.3232043939453124 -0.3675204919921875 -0.34916864804687497 -0.031106636718749938 0.41977346074218769 -0.21666746632812509 -0.34916864804687497 0.33944414003906265 -0.25428233261718741 0.18535375781249996 0.46857510546875009 -0.34916864804687497 0.20195516738281238 0.65820439394531238 -0.010206781445312618 0.0091886486328125912 -0.17458432402343746 -0.35835729667968752 -0.35934997617187509 -0.17989593507812512 -0.26804560605468758 -0.0075810705078124489 -0.34916864804687497 0.20413844921874996
leaf_weight=2203 5291 2926 4137 36804 4665 15799 51089 11342 53095 12957 5199 2155 31506 8106 4221 13743 5760 9618 4328 50155 23999 6168 11638 1876 4287 9880 527 17847 10265 8303
leaf_count=2203 5291 2926 4137 36804 4665 15799 51089 11342 53095 12957 5199 2155 31506 8106 4221 13743 5760 9618 4328 50155 23999 6168 11638 1876 4287 9880 527 17847 10265 8303
internal_value=0.00233839 -0.0247085 0.0253023 0.0123005 0.0174975 0.0221915 0.0373971 -0.00672071 -0.0369446 -0.00241032 0.0120387 0.0395346 -0.029043 0.00432075 -0.000482565 0.00173892 0.0150032 -0.024831 0.0413647 0.036434 0.00617197 -0.0172638 -0.0133675 -0.00157686 -0.0279703 -0.00953249 0.0385068 -0.00287685 -0.0354253 0.001325
internal_weight=429889 197396 232493 112055 98300 83755 120438 79922 117474 68580 46951 114014 64379 31152 6424 59002 7915 13755 106099 55010 46045 22608 19682 8044 9578 14545 50682 23046 41771 32302
internal_count=429889 197396 232493 112055 98300 83755 120438 79922 117474 68580 46951 114014 64379 31152 6424 59002 7915 13755 106099 55010 46045 22608 19682 8044 9578 14545 50682 23046 41771 32302
cat_boundaries=0 3 5 8 11 13 15 17 19 21 23 25 27 29 31
cat_threshold=1418278148 203384953 13 538181696 587206786 268448772 136054857 5 75563008 67125248 8 50348048 2149582080 8192 1837056 1048576 16777216 1024 134217801 1073741824 67117072 13312 1312832 16793600 1024 1310784 16781312 8913152 139264 0 65568
is_linear=0
shrinkage=0.05


Tree=8
num_leaves=31
num_cat=13
split_feature=0 0 0 1 3 0 1 1 1 1 6 0 0 3 0 1 0 1 0 1 6 1 0 9 1 0 1 0 0 1
split_gain=101604 19287.6 16765.7 5117.68 4318.48 3544.05 3432.45 3314.31 3492.44 3153.56 2883.34 2372.92 2202.34 1935.33 1810.03 1798.44 1590.68 1444.91 1256.55 923.447 893.863 879.534 871.895 861.865 772.712 754.375 1063.33 731.393 672.225 663.485
threshold=0 1 2 9.5000000000000018 23.500000000000004 3 9.5000000000000018 20.500000000000004 9.5000000000000018 20.500000000000004 1.1666666666666667 4 5 23.500000000000004 6 19.500000000000004 7 19.500000000000004 8 9.5000000000000018 2.5000000000000004 8.5000000000000018 9 63.500000000000007 10.500000000000002 10 19.500000000000004 11 12 20.500000000000004
decision_type=9 9 9 2 2 9 2 2 2 2 2 9 9 2 9 2 9 2 9 2 2 2 9 2 2 9 2 9 9 2
left_child=1 3 7 18 15 13 11 8 -2 23 12 -3 17 19 -11 28 -10 24 21 -4 -18 -1 -13 27 -6 26 -21 -8 -5 -12
right_child=2 6 5 4 10 -7 9 -9 16 14 29 22 -14 -15 -16 -17 20 -19 -20 25 -22 -23 -24 -25 -26 -27 -28 -29 -30 -31
leaf_value=-0.36743954958007818 -0.3288824773632813 -0.35159341876953115 -0.33171021564453124 0.29231339299804698 -0.26052457575195298 -0.33171021564453124 1.2570441742480469 -0.34920696739257812 -0.029551304882812435 0.85743439690429679 0.45432154241210942 1.0767818304980465 -0.0072020169824217996 -0.33171021564453124 0.079365801591796986 0.02743159605078125 0.015303557626952992 -0.20155738832421877 -0.33171021564453124 0.0087292162011719295 0.66049231992187496 0.17651515745117213 0.11055678401367182 -0.0046433257519531423 0.74756532346679705 -0.16585510782226562 -0.34043943184570313 0.6252941742480469 0.561933705498047 -0.099144467392578053
leaf_weight=2250 9643 2909 2926 4230 797 53095 49683 10660 12957 6830 13192 5010 34566 41771 8974 6126 44262 1946 7471 6168 1557 2880 7771 972 7160 11638 1876 47519 20570 2480
leaf_count=2250 9643 2909 2926 4230 797 53095 49683 10660 12957 6830 13192 5010 34566 41771 8974 6126 44262 1946 7471 6168 1557 2880 7771 972 7160 11638 1876 47519 20570 2480
internal_value=0.00152097 0.0238303 -0.0249632 0.00775092 0.0118841 -0.0369446 0.0366839 -0.00716218 -0.00312267 0.039705 0.00407625 0.014761 -0.00242304 -0.029043 0.0189762 0.0270678 0.00145297 0.0183547 -0.0221133 -0.0172638 0.0058271 -0.00301556 0.0240286 0.0430419 0.0278183 -0.0133675 -0.00157686 0.0435104 0.0330605 0.0225179
internal_weight=429889 233336 196553 103668 91067 117474 129668 79079 68419 113978 60141 15690 44469 64379 15804 30926 58776 9903 12601 22608 45819 5130 12781 98174 7957 19682 8044 97202 24800 15672
internal_count=429889 233336 196553 103668 91067 117474 129668 79079 68419 113978 60141 15690 44469 64379 15804 30926 58776 9903 12601 22608 45819 5130 12781 98174 7957 19682 8044 97202 24800 15672
cat_boundaries=0 3 5 7 9 12 14 16 18 20 22 24 26 28
cat_threshold=1351169348 203384953 13 1082655040 201547824 605290496 587206786 50348048 2149582080 65536 1 1 0 134299648 268447744 1837056 1048576 16777216 1073741888 67117072 8192 1837056 16793600 1024 13312 1312840 256 65536
is_linear=0
shrinkage=0.05


Tree=9
num_leaves=31
num_cat=12
split_feature=0 0 0 1 3 0 1 1 1 6 3 1 0 0 1 0 1 0 6 0 0 1 1 0 0 1 10 9 3 1
split_gain=96727.1 18777.3 17457.7 4659.11 4091.76 3544.05 3471.61 3670.73 3346.38 2224.12 1935.33 1897.5 1889.99 1824.62 1795.81 1686.05 1624.2 1287.6 1247.91 1117.89 1018.13 923.447 891.224 1031.51 754.375 1063.33 753.964 692.977 639.031 638.677
threshold=0 1 2 9.5000000000000018 24.500000000000004 3 20.500000000000004 9.5000000000000018 8.5000000000000018 1.1666666666666667 23.500000000000004 20.500000000000004 4 5 19.500000000000004 6 20.500000000000004 7 2.5000000000000004 8 9 9.5000000000000018 9.5000000000000018 10 11 19.500000000000004 16.500000000000004 63.500000000000007 22.500000000000004 8.5000000000000018
decision_type=9 9 9 2 2 9 2 2 2 2 2 2 9 9 2 9 2 9 2 9 9 2 2 9 9 2 2 2 2 2
left_child=1 8 6 13 11 10 7 -2 15 12 21 20 14 -3 -6 -1 22 -18 19 -9 -5 -4 23 -10 25 -23 -22 -24 -21 -15
right_child=2 3 5 4 9 -7 -8 18 16 -11 -12 -13 -14 29 -16 -17 17 -19 -20 28 26 24 27 -25 -26 -27 -28 -29 -30 -31
leaf_value=0.55573012217626949 -0.31243835349511723 0.0059129803110351993 -0.31512470486230471 0.83672593116425775 0.47200967725439469 -0.31512470486230471 -0.33174661902294922 -0.21554092713867182 -0.14151374783105464 0.29975585591650394 -0.31512470486230471 -0.032920053403808679 -0.0068419161333006968 -0.31512470486230471 -0.063576303403808598 -0.33401374783105464 0.81456267705908203 0.13115188651220697 0.61496770392578126 0.17532089204052728 0.46946863819189472 0.0082927553911133611 0.88039092725439461 0.5712539912973631 -0.15756235243115235 -0.32341746025341805 0.14080702022314481 -0.0044111594643554851 5.1260361328164811e-05 -0.32699970486230473
leaf_weight=2972 9643 4088 2926 12735 9688 53095 10660 6337 1627 14052 41771 6087 31842 4129 2750 3527 6830 7385 2078 12897 16043 6168 91162 6619 11638 1876 5565 906 37464 5329
leaf_count=2972 9643 4088 2926 12735 9688 53095 10660 6337 1627 14052 41771 6087 31842 4129 2750 3527 6830 7385 2078 12897 16043 6168 91162 6619 11638 1876 5565 906 37464 5329
internal_value=0.00112227 0.0228896 -0.0247185 0.00816343 0.0119358 -0.0369446 -0.00655401 -0.00241965 0.036553 0.00346294 -0.029043 0.0241603 -0.00203704 -0.0193341 0.0144843 0.0016541 0.0385365 0.022719 0.00227134 0.000876574 0.0287206 -0.0172638 0.040778 0.0250303 -0.0133675 -0.00157686 0.0220742 0.0421884 0.00336801 -0.0313794
internal_weight=429889 233336 196553 112308 98762 117474 79079 68419 121028 58332 64379 40430 44280 13546 12438 6499 114529 14215 58776 56698 34343 22608 100314 8246 19682 8044 21608 92068 50361 9458
internal_count=429889 233336 196553 112308 98762 117474 79079 68419 121028 58332 64379 40430 44280 13546 12438 6499 114529 14215 58776 56698 34343 22608 100314 8246 19682 8044 21608 92068 50361 9458
cat_boundaries=0 3 6 8 10 13 16 18 20 22 25 28 30
cat_threshold=1351169348 203384953 13 268514308 1837129 5 605290496 587206786 50348048 2149582080 0 134299648 8 64 67117056 8 268447744 1837056 268447744 1837056 0 16777216 8388672 134234144 8 65536 1 1 16793600 1024
is_linear=0
shrinkage=0.05


Tree=10
num_leaves=31
num_cat=12
split_feature=0 0 0 1 3 1 1 0 1 6 1 3 0 0 1 0 1 0 6 1 0 0 1 3 2 0 0 1 11 9
split_gain=94670.7 18134.3 17905.3 4394.34 4002.7 3573.58 3786.46 3544.05 3482.62 2229.86 1965.8 1935.33 1857.2 1819.29 1752.35 1736.13 1602.5 1361.8 1233.59 981.921 967.003 955.379 923.447 852.279 762.371 793.685 754.375 1063.33 678.86 677.325
threshold=0 1 2 9.5000000000000018 24.500000000000004 20.500000000000004 9.5000000000000018 3 8.5000000000000018 1.1666666666666667 19.500000000000004 23.500000000000004 4 5 19.500000000000004 6 20.500000000000004 7 1.1666666666666667 9.5000000000000018 8 9 9.5000000000000018 22.500000000000004 1.0000000180025095e-35 10 11 19.500000000000004 -554.99999999999989 63.500000000000007
decision_type=9 9 9 2 2 2 2 9 2 2 2 2 9 9 2 9 2 9 2 2 9 9 2 2 2 9 9 2 2 2
left_child=1 8 5 12 10 6 -2 11 15 13 20 22 -3 14 -6 -1 19 -18 23 21 -5 -10 -4 -8 -20 -26 27 -24 -14 -21
right_child=2 3 7 4 9 -7 18 -9 16 -11 -12 -13 28 -15 -16 -17 17 -19 24 29 -22 -23 26 -25 25 -27 -28 -29 -30 -31
leaf_value=0.7779436160674561 -0.29681643582036132 0.0056173312954834742 -0.29936846961918945 0.79796558808875995 0.44840919339167495 -0.31515928807180177 0.16280484743850077 -0.29936846961918945 -0.13443806043950188 0.2847680631206787 0.027331018918432551 -0.29936846961918945 -0.090991907119189544 -0.006499820326635675 -0.060397488233618193 -0.27493318629582525 0.77383454320612788 0.12459429218659662 -0.28183621414160165 0.83637138089167484 0.2775946039385499 0.54269129173249486 0.0078781176215576565 -0.010464183272461104 0.49679758256738293 0.17110597335839836 -0.14968423480959467 -0.3072465872407471 -0.29936846961918945 -0.0041906014911377914
leaf_weight=2203 9643 4990 2926 14553 9688 10660 13664 53095 1627 14052 8360 41771 1735 31842 2750 4296 6830 7385 635 91162 17517 6619 6168 30980 5291 8206 11638 1876 6821 906
leaf_count=2203 9643 4990 2926 14553 9688 10660 13664 53095 1627 14052 8360 41771 1735 31842 2750 4296 6830 7385 635 91162 17517 6619 6168 30980 5291 8206 11638 1876 6821 906
internal_value=0.00100177 0.0225365 -0.0245629 0.0080646 0.0117282 -0.0061671 -0.00197241 -0.0369446 0.0359639 0.00334808 0.0238189 -0.029043 -0.0186402 -0.00215899 0.0140504 0.000361594 0.0379873 0.0222758 0.00279196 0.0402137 0.0294481 0.0236842 -0.0172638 -0.00128349 0.0156666 0.0181855 -0.0133675 -0.00157686 -0.0327574 0.0416942
internal_weight=429889 233336 196553 112308 98762 79079 68419 117474 121028 58332 40430 64379 13546 44280 12438 6499 114529 14215 58776 100314 32070 8246 22608 44644 14132 13497 19682 8044 8556 92068
internal_count=429889 233336 196553 112308 98762 79079 68419 117474 121028 58332 40430 64379 13546 44280 12438 6499 114529 14215 58776 100314 32070 8246 22608 44644 14132 13497 19682 8044 8556 92068
cat_boundaries=0 3 6 8 10 13 16 18 20 23 26 28 30
cat_threshold=1351169348 203384953 13 268514308 1837129 5 605290496 587206786 50348048 2149582080 64 67117072 8 0 134299648 8 8192 1837056 268447744 1837056 8388672 134365216 8 65536 1 1 603979776 33554560 16793600 1024
is_linear=0
shrinkage=0.05


Tree=11
num_leaves=31
num_cat=13
split_feature=0 0 0 1 1 0 3 0 1 1 6 0 3 1 0 0 11 1 0 0 6 9 0 11 0 1 0 1 6 1
split_gain=93628.3 17438.8 17079.1 5044.43 4400.77 3624.75 3573.08 3544.05 3385.48 3573.07 2874.33 2347.86 1935.33 1490.51 1370.81 1075.28 1073.16 923.447 922.393 906.653 891.036 834.247 822.367 775.364 754.375 1063.33 683.279 652.888 602.497 594.319
threshold=0 1 2 9.5000000000000018 20.500000000000004 3 23.500000000000004 4 20.500000000000004 9.5000000000000018 1.1666666666666667 5 23.500000000000004 8.5000000000000018 6 7 679.50000000000011 9.5000000000000018 8 9 2.5000000000000004 63.500000000000007 10 688.00000000000011 11 19.500000000000004 12 19.500000000000004 1.7500000000000002 10.500000000000002
decision_type=9 9 9 2 2 9 2 9 2 2 2 9 2 2 9 9 2 2 9 9 2 2 9 2 9 2 9 2 2 2
left_child=1 6 8 5 15 -3 13 12 9 -2 16 -6 17 -1 -11 -5 18 -4 27 -7 -16 29 -15 -12 25 -19 -13 -8 -14 -17
right_child=2 3 7 4 11 19 10 -9 -10 14 23 26 28 22 20 21 -18 24 -20 -21 -22 -23 -24 -25 -26 -27 -28 -29 -30 -31
leaf_value=-0.28440004613823 -0.28197561402934329 -0.29309189413627684 -0.28440004613823 1.3583538501283412 -0.057377613821937248 0.9890464352640832 0.23117204568969596 -0.28440004613823 -0.29940132366821165 -0.036631601324658196 0.23400574846855113 1.2351428160458215 -0.28440004613823 0.056995717972510823 0.015059025891161948 0.25819135012834099 -0.28440004613823 0.0074842117404797298 -0.0063279543103040405 0.2089609730189661 0.5881640200615722 -0.18832413316373398 0.41459499640911202 -0.28440004613823 -0.14220002306911494 -0.2918842578787097 0.1783907511807824 -0.26276271579683952 -0.28440004613823 0.6203625821120563
leaf_weight=1560 9643 4776 2926 37467 6827 2982 9858 53095 10660 12957 14280 4295 31506 8765 44262 6646 2825 6168 29024 9799 1557 746 19311 854 11638 1876 7019 1388 10265 64914
leaf_count=1560 9643 4776 2926 37467 6827 2982 9858 53095 10660 12957 14280 4295 31506 8765 44262 6646 2825 6168 29024 9799 1557 746 19311 854 11638 1876 7019 1388 10265 64914
internal_value=0.000571659 0.0219875 -0.0248518 0.0326108 0.0360625 0.00748135 0.00439772 -0.0369446 -0.00688528 -0.00280258 -0.002795 0.013249 -0.029043 0.0185315 0.00182558 0.0398327 -0.00937812 -0.0172638 -0.0072883 0.0213627 0.00588601 0.0362423 0.0211747 0.0159508 -0.0133675 -0.00157686 0.0272077 0.00486851 -0.0354253 0.0367957
internal_weight=429889 233336 196553 145471 127914 17557 87865 117474 79079 68419 58229 18141 64379 29636 58776 109773 43095 22608 40270 12781 45819 72306 28076 15134 19682 8044 11314 11246 41771 71560
internal_count=429889 233336 196553 145471 127914 17557 87865 117474 79079 68419 58229 18141 64379 29636 58776 109773 43095 22608 40270 12781 45819 72306 28076 15134 19682 8044 11314 11246 41771 71560
cat_boundaries=0 3 5 7 10 12 15 17 19 21 23 25 27 29
cat_threshold=1351169348 203384953 13 1082655040 67313712 605290496 587206786 65536 134234113 1 50348048 2149582080 66560 134234177 8 1048576 16777216 12288 1312832 8912896 65568 8192 1572864 1073742080 65536 16793600 1024 268443648 1312768
is_linear=0
shrinkage=0.05


Tree=12
num_leaves=31
num_cat=13
split_feature=0 0 1 1 0 0 1 3 6 3 3 0 0 0 6 0 2 0 0 0 1 1 0 1 0 1 1 1 6 6
split_gain=84936.4 26190.7 6310.33 5896.11 5894.52 4982.93 3778.78 3320.63 2871.73 2094.57 2065.85 1751.18 1490.42 1463.36 1335.86 1208.25 1077.01 975.178 926.537 919.544 1139.07 1248.03 904.202 897.509 892.322 875.098 844.137 754.065 725.513 691.125
threshold=0 1 9.5000000000000018 20.500000000000004 2 3 8.5000000000000018 23.500000000000004 1.1666666666666667 23.500000000000004 23.500000000000004 4 5 6 1.1666666666666667 7 1.0000000180025095e-35 8 9 10 10.500000000000002 19.500000000000004 11 20.500000000000004 12 20.500000000000004 8.5000000000000018 9.5000000000000018 1.1666666666666667 1.4166666666666667
decision_type=9 9 2 2 9 9 2 2 2 2 2 9 9 9 2 9 2 9 9 9 2 2 9 2 9 2 2 2 2 2
left_child=4 5 11 7 9 26 22 13 15 17 23 -3 -5 -4 19 -9 -10 25 -11 20 -12 -22 -7 -8 -18 27 -2 -1 -20 -15
right_child=1 2 3 12 -6 6 10 8 16 18 14 -13 -14 29 -16 -17 24 -19 28 -21 21 -23 -24 -25 -26 -27 -28 -29 -30 -31
leaf_value=-0.27018004383131844 0.47859838661313497 -0.05570376516119744 0.42781880716335441 -0.054508733130840349 -0.27018004383131844 -0.021634575631982234 0.8236260339048912 0.014306074596603846 -0.2684973547290796 -0.2131887009268823 -0.16962427008375994 -0.27018004383131844 -0.28443125748480108 0.1539116537720176 0.55712346862271189 -0.0058584315947887156 0.092195025894431029 -0.27018004383131844 -0.27018004383131844 0.12890699330924332 0.51353468274148839 -0.022826778977261777 -0.28891180641789677 0.15500408326836368 0.3607754085604713 -0.27729004498477422 1.0404361576219239 0.0071100011534557701 -0.020180043831318439 0.46863407221799691
leaf_weight=1894 2982 5130 17789 11014 60703 2235 23492 22493 1293 20865 2665 14033 10173 16981 12502 36641 3838 10328 19565 18119 12069 3149 2098 3609 15509 2252 53911 11295 6967 4295
leaf_count=1894 2982 5130 17789 11014 60703 2235 23492 22493 1293 20865 2665 14033 10173 16981 12502 36641 3838 10328 19565 18119 12069 3149 2098 3609 15509 2252 53911 11295 6967 4295
internal_value=-0.00045093 0.0144948 0.000705721 0.00438847 -0.0334985 0.0305358 0.0224784 0.00872062 0.00287186 -0.0239327 0.0250837 -0.0262041 -0.0199108 0.0206643 0.0189057 -0.00273278 0.0189293 -0.0124626 -0.0301739 0.0140159 0.0220561 0.0273492 -0.0229287 0.0361407 0.0218819 -0.00449485 0.041851 0.000420805 -0.0363838 0.0117965
internal_weight=429889 296020 159189 140026 133869 136831 79938 118839 79774 73166 75605 19163 21187 39065 48504 59134 20640 25769 47397 36002 17883 15218 4333 27101 19347 15441 56893 13189 26532 21276
internal_count=429889 296020 159189 140026 133869 136831 79938 118839 79774 73166 75605 19163 21187 39065 48504 59134 20640 25769 47397 36002 17883 15218 4333 27101 19347 15441 56893 13189 26532 21276
cat_boundaries=0 3 6 8 10 12 15 18 21 23 25 28 31 33
cat_threshold=2333130898 3512731392 2 268514308 136071241 5 51396624 18875648 13312 1312832 1073741888 67117072 1082654976 67248176 8 75497536 67248176 8 545259520 33620130 8 17842176 16778240 34603008 18874368 65536 16393 1 268435460 524296 4 262144 536875010
is_linear=0
shrinkage=0.05


Tree=13
num_leaves=31
num_cat=14
split_feature=0 0 1 1 1 6 0 3 0 1 3 0 0 0 3 0 0 2 0 6 0 9 1 11 0 1 0 1 1 0
split_gain=81343.8 27055.1 4976.75 5537.87 4051.58 3513 3466.78 3282.3 3007.06 2965.81 2398.06 2764.82 2322.18 2034.68 1935.33 1668.31 1482.52 1378.19 1258.19 1215.48 1131.53 1064.46 923.447 771.218 754.375 1063.33 741.064 717.948 637.059 611.255
threshold=0 1 9.5000000000000018 20.500000000000004 9.5000000000000018 1.1666666666666667 2 22.500000000000004 3 20.500000000000004 23.500000000000004 4 5 6 23.500000000000004 7 8 1.0000000180025095e-35 9 1.1666666666666667 10 52.500000000000007 9.5000000000000018 641.50000000000011 11 19.500000000000004 12 8.5000000000000018 13.500000000000002 13
decision_type=9 9 2 2 2 2 9 2 9 2 2 9 9 9 2 9 9 2 9 2 9 2 2 2 9 2 9 2 2 9
left_child=6 4 13 5 8 7 14 16 -2 10 -6 19 -11 27 22 -5 -4 -7 23 29 -10 26 -1 -9 25 -24 -19 -3 -20 -12
right_child=1 2 3 15 9 17 -8 18 20 12 11 -13 -14 -15 -16 -17 -18 21 28 -21 -22 -23 24 -25 -26 -27 -28 -29 -30 -31
leaf_value=-0.25667104163975252 -0.27254548792722816 -0.24210447981551778 0.38999478590674919 -0.146304128205717 0.98841434974082787 -0.25507248699262564 -0.25667104163975252 0.01359077086677365 0.94067584228247814 -0.051783296474298357 0.23785794860441387 0.73841434974082787 0.39225905616730955 -0.25667104163975252 -0.25667104163975252 -0.27020969461056099 0.017180240203865084 0.43409865650567936 -0.0031392379838127483 0.48567850931035272 0.15477561828960679 0.002071852113193451 0.0067545010957830165 -0.3203044530696515 -0.12158101972409324 -0.26342554273553553 0.23081988595853034 0.17370238277315561 -0.04488712225157903 -0.0010102144238562261
leaf_weight=2926 4776 2742 14789 7856 39321 1356 51778 21566 2982 6175 11489 43554 11966 14160 41771 14334 15992 11870 15311 6880 9799 5278 6168 1406 11638 1876 11675 3479 26447 8529
leaf_count=2926 4776 2742 14789 7856 39321 1356 51778 21566 2982 6175 11489 43554 11966 14160 41771 14334 15992 11870 15311 6880 9799 5278 6168 1406 11638 1876 11675 3479 26447 8529
internal_value=-0.00106155 0.0121727 -0.00148005 0.0017122 0.0279634 0.00577771 -0.0368043 0.00107893 0.00544227 0.0310568 0.0341518 0.0286308 0.0123284 -0.024643 -0.029043 -0.0213159 0.0145203 0.0206485 -0.00531284 0.0160064 0.0180869 0.022966 -0.0172638 0.00408581 -0.0133675 -0.00157686 0.0275154 -0.000778366 -0.0104817 0.0097812
internal_weight=429889 313732 168261 147880 145471 125690 116157 95511 17557 127914 109773 70452 18141 20381 64379 22190 30781 30179 64730 26898 12781 28823 22608 22972 19682 8044 23545 6221 41758 20018
internal_count=429889 313732 168261 147880 145471 125690 116157 95511 17557 127914 109773 70452 18141 20381 64379 22190 30781 30179 64730 26898 12781 28823 22608 22972 19682 8044 23545 6221 41758 20018
cat_boundaries=0 3 6 8 11 14 17 19 21 23 25 27 29 31 34
cat_threshold=2332082322 3495954176 2 268514308 136071241 13 50348048 2149582080 65536 134234113 1 268500996 134742016 12 66560 134234113 8 1073741888 83894288 1082654976 139312 76021824 604119088 545783808 33620130 8192 1572864 16793600 1024 1687158784 100802720 65536 134217728 12
is_linear=0
shrinkage=0.05


Tree=14
num_leaves=31
num_cat=14
split_feature=0 0 1 0 1 1 6 1 3 0 0 0 0 3 0 6 0 2 0 0 0 0 1 6 0 6 1 12 1 1
split_gain=60726.8 13572.1 6463.51 6307.69 6025.14 3949.96 3466.95 3196.51 2914.58 2468.96 2333.52 2218.3 2180.89 2116.01 1811.86 1547.34 1551.66 1446.03 1385.49 1298.38 1029.31 1007.22 1000.12 999.649 977.323 932.492 909.292 643.117 624.597 532.741
threshold=0 1 9.5000000000000018 2 20.500000000000004 9.5000000000000018 1.1666666666666667 20.500000000000004 23.500000000000004 3 4 5 6 22.500000000000004 7 1.1666666666666667 8 1.0000000180025095e-35 9 10 11 12 8.5000000000000018 2.5000000000000004 13 2.5000000000000004 8.5000000000000018 13.750000000000002 21.500000000000004 10.500000000000002
decision_type=9 9 2 9 2 2 2 2 2 9 9 9 9 2 9 2 9 2 9 9 9 9 2 2 9 2 2 2 2 2
left_child=3 11 14 20 6 12 9 8 -7 27 -6 -2 -5 24 22 16 -10 -8 -9 -19 -1 29 -3 -21 -11 -13 -22 -4 -28 -15
right_child=1 2 4 5 10 7 17 18 15 13 -12 25 -14 21 -16 -17 -18 19 -20 23 26 -23 -24 -25 -26 -27 28 -29 -30 -31
leaf_value=0.9389936322537864 -0.24383748955776491 -0.25774109414916124 -0.20237230398134756 0.087445565735502759 -0.15777017179543115 0.64793266355920243 -0.24383748955776491 0.14341291114791571 0.0014461865467485071 0.37671633178807939 -0.24383748955776491 -0.24383748955776491 -0.25036443471220676 -0.24383748955776491 -0.24383748955776491 0.59167067970680554 0.35671983834111798 0.32231295530716386 -0.084619017184313888 0.0033129432970132378 -0.0087654573767530063 -0.0054085481158586473 -0.034094777763302012 0.38449803126211146 0.0064167760409938879 0.0061625104422351031 0.70149363225378636 -0.016237958614256431 0.24230047108833652 0.012911232323434963
leaf_weight=32910 15271 4848 20025 6948 9751 27969 1599 5594 14361 11527 17152 43626 5811 2158 12438 12967 22724 16302 7744 14514 1778 35265 6100 3035 15856 1955 29909 7181 1501 21070
leaf_count=32910 15271 4848 20025 6948 9751 27969 1599 5594 14361 11527 17152 43626 5811 2158 12438 12967 22724 16302 7744 14514 1778 35265 6100 3035 15856 1955 29909 7181 1501 21070
internal_value=0.0034873 -0.0117276 -0.00540283 0.0266974 -0.00211161 0.0190237 0.00183193 0.022665 0.026532 -0.00244513 -0.023884 -0.032388 -0.00703425 0.0017139 -0.0300949 0.0193079 0.0141095 0.0154753 4.49843e-05 0.0176701 0.0387805 -0.00365599 -0.0152126 0.00821516 0.0131852 -0.0268463 0.0325261 -0.015568 0.0345049 0.00442809
internal_weight=429889 259673 198821 170216 175435 104118 148532 91359 78021 113082 26903 60852 12759 85876 23386 50052 37085 35450 13338 33851 66098 58493 10948 17549 27383 45581 33188 27206 31410 23228
internal_count=429889 259673 198821 170216 175435 104118 148532 91359 78021 113082 26903 60852 12759 85876 23386 50052 37085 35450 13338 33851 66098 58493 10948 17549 27383 45581 33188 27206 31410 23228
cat_boundaries=0 3 6 8 10 12 14 17 19 21 24 26 28 30 32
cat_threshold=2424386564 203180617 13 33603730 1077936384 2 2147495936 1313352 135266304 2434793472 1208484096 2149720112 130 1077936128 268436484 67633152 12 1075052864 16920624 276824068 67633152 276824068 524288 5 1677721920 302194848 2147491840 1051136 537395200 33621154 67633216 537010224
is_linear=0
shrinkage=0.05


Tree=15
num_leaves=31
num_cat=12
split_feature=0 0 0 1 1 3 0 0 6 6 0 0 3 1 0 1 1 0 3 0 6 2 0 1 9 11 1 1 1 0
split_gain=54463 17673 6789.29 6094.66 4645.64 4054.36 3045.31 2492.88 2371.83 2072.97 2036.08 1967.41 1704.79 1605.9 1447.5 1406.22 1358.9 1066.12 1017.92 888.492 882.506 866.659 767.009 906.773 732.794 709.086 702.214 646.868 645.505 627.975
threshold=0 1 2 9.5000000000000018 9.5000000000000018 23.500000000000004 3 4 1.1666666666666667 1.1666666666666667 5 6 22.500000000000004 19.500000000000004 7 8.5000000000000018 19.500000000000004 8 23.500000000000004 9 1.1666666666666667 1.0000000180025095e-35 10 8.5000000000000018 52.500000000000007 95.000000000000014 19.500000000000004 8.5000000000000018 13.500000000000002 11
decision_type=9 9 9 2 2 2 9 9 2 2 9 9 2 2 9 2 2 9 2 9 2 2 9 2 2 2 2 2 2 9
left_child=2 7 22 14 11 13 20 18 10 12 16 -4 25 -6 -3 -16 -7 26 19 -2 -5 -11 -1 -24 -23 -8 -14 -13 -19 -15
right_child=1 3 4 6 5 8 9 -9 -10 21 -12 27 17 29 15 -17 -18 28 -20 -21 -22 24 23 -25 -26 -27 -28 -29 -30 -31
leaf_value=1.3920439506410973 0.0069744083729479378 -0.23164561507987669 0.1421879421853994 -0.23164561507987669 0.59728313026167779 0.39673977748156641 -0.0061193434151890717 -0.23164561507987669 0.39544958814074466 -0.23012698816510613 -0.0032038514966775014 -0.23784621297659642 0.0055169488260633955 0.38493741109256396 -0.2448540394417032 -0.032390038875136896 -0.15432195472198007 -0.0027118486788291207 -0.23164561507987669 -0.23164561507987669 -0.0065031367226155547 0.22908396065041625 -0.0083271845079153205 0.66641895064109713 -0.0065031367226155547 0.14878622027117405 -0.23164561507987669 -0.079124768421967057 -0.18190965127998632 0.015093929871860557
leaf_weight=24330 3264 11288 7072 32087 30237 18459 12980 23851 17767 1384 27634 3444 24425 3309 4872 6113 4603 10659 23210 10213 10095 23625 1778 31410 5367 16903 6630 4375 23959 4546
leaf_count=24330 3264 11288 7072 32087 30237 18459 12980 23851 17767 1384 27634 3444 24425 3309 4872 6113 4603 10659 23210 10213 10095 23625 1778 31410 5367 16903 6630 4375 23959 4546
internal_value=0.00223814 -0.0127916 0.0233106 -0.00530812 0.0166052 0.0202623 -0.00205218 -0.0363216 0.0129873 0.00184291 0.00747791 -0.00955275 -0.00177383 0.0333377 -0.029886 -0.0169122 0.0184423 -0.00627884 -0.0281181 -0.017196 -0.0136779 0.013221 0.0374635 0.0324779 0.0150662 0.00812669 0.000449058 -0.026817 -0.0123108 0.0131954
internal_weight=429889 250925 178964 190387 121446 106555 168114 60538 68463 125932 50696 14891 95556 38092 22273 10985 23062 65673 36687 13477 42182 30376 57518 33188 28992 29883 31055 7819 34618 7855
internal_count=429889 250925 178964 190387 121446 106555 168114 60538 68463 125932 50696 14891 95556 38092 22273 10985 23062 65673 36687 13477 42182 30376 57518 33188 28992 29883 31055 7819 34618 7855
cat_boundaries=0 3 6 8 10 13 16 19 21 23 25 27 30
cat_threshold=276902916 203319369 13 2181070994 1346372096 2 12288 1312840 151011328 2149581056 33587216 268435456 2 66560 134234113 5 268436484 67641344 4 621297664 2686518402 537395456 70818 0 268435456 8192 1050624 276824068 134742016 5
is_linear=0
shrinkage=0.05


Tree=16
num_leaves=31
num_cat=13
split_feature=0 0 0 1 1 1 0 0 3 0 0 0 0 1 1 6 1 1 0 2 2 6 12 0 11 0 1 0 6 1
split_gain=54537.5 16228.9 7423.42 5636.61 5119.64 4640.49 3567.09 2688.93 2609.61 2756.19 1767.38 1727.14 1673.78 1373.07 1138.39 1460.12 1118.36 1066.14 1019.08 1004.16 1568.13 853.783 845.683 807.094 891.513 759.844 718.936 606.204 569.214 566.268
threshold=0 1 2 10.500000000000002 19.500000000000004 9.5000000000000018 3 4 23.500000000000004 5 6 7 8 22.500000000000004 20.500000000000004 1.1666666666666667 8.5000000000000018 8.5000000000000018 9 1.0000000180025095e-35 4.5000000000000009 1.1666666666666667 12.500000000000002 10 759.50000000000011 11 20.500000000000004 12 1.4166666666666667 22.500000000000004
decision_type=9 9 9 2 2 2 9 9 2 9 9 9 9 2 2 2 2 2 9 2 2 2 2 9 2 9 2 9 2 2
left_child=2 10 23 7 8 11 13 -4 27 -10 28 -3 -6 19 15 22 -9 -13 -16 -7 -21 -11 -8 -1 26 -24 -25 -5 -2 -14
right_child=1 5 3 4 12 6 14 16 9 21 -12 17 29 -15 18 -17 -18 -19 -20 20 -22 -23 25 24 -26 -27 -28 -29 -30 -31
leaf_value=1.3224417531090424 -0.22006333432588285 -0.22006333432588285 0.13279516571340119 0.35271798853969938 0.24069260540297482 -0.031694582615862998 -0.22006333432588285 -0.22058786210369041 0.45072021486346653 0.0024217110255790432 -0.22006333432588285 -0.22959970260434917 -0.044802988216533904 -0.23292505464815091 -0.22006333432588285 0.0034724529682933717 -0.18070383722593439 -0.057290257167712966 -0.096031179394123187 0.14534218744193339 -0.0059615334346656114 0.34482304632521965 0.017678217992938096 0.6330980031090423 -0.007910825282519518 -0.091727813506006506 0.28335528540932453 0.76385284306423906 -0.22006333432588285 -0.17285422433015257
leaf_weight=24330 21177 10367 12325 7511 7915 11487 35722 3875 28854 19652 23851 4973 12657 4388 8349 16253 10197 6179 4668 43423 21646 7000 2241 27606 1988 14515 3594 23348 6132 3666
leaf_count=24330 21177 10367 12325 7511 7915 11487 35722 3875 28854 19652 23851 4973 12657 4388 8349 16253 10197 6179 4668 43423 21646 7000 2241 27606 1988 14515 3594 23348 6132 3666
internal_value=0.00214625 -0.0140434 0.0217357 0.015404 0.0203598 -0.00712324 -0.00423745 -0.00535478 0.0260586 0.0195781 -0.0389545 -0.0289442 5.36348e-05 0.00320305 -0.0116038 -0.00903741 -0.0202812 -0.0152392 -0.0251632 0.00476253 0.00716854 0.0079739 -0.0130931 0.0368116 0.0317007 -0.0038255 0.0337788 0.0377151 -0.0302335 -0.00909508
internal_weight=429889 235371 194518 137000 110603 184211 162692 26397 86365 55506 51160 21519 24238 80944 81748 68731 14072 11152 13017 76556 65069 26652 52478 57518 33188 16756 31200 30859 27309 16323
internal_count=429889 235371 194518 137000 110603 184211 162692 26397 86365 55506 51160 21519 24238 80944 81748 68731 14072 11152 13017 76556 65069 26652 52478 57518 33188 16756 31200 30859 27309 16323
cat_boundaries=0 3 6 8 10 13 16 19 21 24 26 28 30 32
cat_threshold=344011780 203376729 13 2181070994 1077936640 2 12288 1312840 1611399488 33566882 268436484 67633168 12 66560 134299649 13 33587216 0 2 554188800 2954888322 276824068 524288 5 16793600 805307648 8192 1050624 16793600 268435456 67108864 67174416
is_linear=0
shrinkage=0.05


Tree=17
num_leaves=31
num_cat=13
split_feature=0 0 0 1 1 1 3 0 0 0 0 0 1 0 1 6 1 6 12 5 9 6 0 0 0 1 11 0 1 6
split_gain=53105.5 16322.1 7328.72 5626.23 4761.58 4675.39 2931.41 2887.78 2444.18 2302.96 1767.38 1724.79 1698.84 1497.37 1220.44 1203.85 1066.14 1034.56 1210.52 947.884 975.585 945.857 863.098 851.337 701.957 696.392 671.494 643.872 569.882 569.214
threshold=0 1 2 9.5000000000000018 19.500000000000004 9.5000000000000018 23.500000000000004 3 4 5 6 7 19.500000000000004 8 10.500000000000002 2.5000000000000004 8.5000000000000018 1.1666666666666667 13.750000000000002 90.300000000000026 63.500000000000007 1.1666666666666667 9 10 11 8.5000000000000018 -1274.9999999999998 12 22.500000000000004 1.4166666666666667
decision_type=9 9 9 2 2 2 2 9 9 9 9 9 2 9 2 2 2 2 2 2 2 2 9 9 9 2 2 9 2 2
left_child=2 10 -1 9 6 11 24 17 21 -4 29 -3 15 -6 -10 19 -13 18 -7 20 22 -8 -9 -14 -5 -11 -19 -20 -15 -2
right_child=1 5 3 4 13 7 8 12 14 25 -12 16 23 28 -16 -17 -18 26 27 -21 -22 -23 -24 -25 -26 -27 -28 -29 -30 -31
leaf_value=0.85144310295359027 -0.20906016760958873 -0.20906016760958873 0.069324132053787499 0.33508208911271442 0.22865797513282615 -0.20906016760958873 0.0014129842429660756 0.20272315920620959 -0.00040622851519636074 -0.20955846899850591 -0.20906016760958873 -0.21811971747413175 0.0087368921489740185 -0.042562838805707243 0.48075830080436471 0.48583691218194397 -0.054425744309327319 -0.22673406756844561 0.016794307093291216 -0.077965407705277559 -0.47220600861049244 0.30134985817572474 0.0032430169006858914 -0.21980244019251016 0.704933172540256 -0.22230939246458617 0.0014555207824561657 -0.098521399377881569 -0.16421151311364499 -0.20906016760958873
leaf_weight=49144 21177 10367 8019 10431 9213 34837 21843 24998 3553 4258 23851 4973 7846 12657 32323 2906 6179 2155 3530 8777 922 7772 43977 14619 26115 5524 11940 6185 3666 6132
leaf_count=49144 21177 10367 8019 10431 9213 34837 21843 24998 3553 4258 23851 4973 7846 12657 32323 2906 6179 2155 3530 8777 922 7772 43977 14619 26115 5524 11940 6185 3666 6132
internal_value=0.00200366 -0.013972 0.0213342 0.0156888 0.0193642 -0.00703204 0.0241966 -0.00413542 0.0178658 -0.0106427 -0.0389545 -0.0289349 0.000866369 5.48246e-05 0.0266399 0.00421917 -0.0152392 -0.013007 -0.0167445 0.00305183 0.00499664 0.00722532 0.00567959 -0.0113087 0.0355415 -0.0269097 -0.00120255 -0.00113742 -0.00903998 -0.0302335
internal_weight=429889 235371 194518 145374 127573 184211 102037 162692 65491 17801 51160 21519 104045 25536 35876 81580 11152 58647 44552 78674 69897 29615 68975 22465 36546 9782 14095 9715 16323 27309
internal_count=429889 235371 194518 145374 127573 184211 102037 162692 65491 17801 51160 21519 104045 25536 35876 81580 11152 58647 44552 78674 69897 29615 68975 22465 36546 9782 14095 9715 16323 27309
cat_boundaries=0 3 6 8 10 12 15 18 20 23 25 27 29 31
cat_threshold=344011780 203376729 13 2181070994 1077936640 2 12288 1312832 151011328 2434793728 343932932 67764240 268436484 67633160 12 33587216 0 2 554188800 2954888322 276824068 524296 5 537395264 33554592 1074266368 12290 75497472 67174416 16793600 285212672
is_linear=0
shrinkage=0.05


Tree=18
num_leaves=31
num_cat=12
split_feature=0 0 0 1 1 1 0 0 0 0 0 0 3 12 6 0 1 1 6 1 6 3 0 3 11 1 6 0 5 6
split_gain=48773 15578 7502.85 6738.51 3970.88 3929.31 2884.49 2464.76 2251.53 1767.38 1759.78 1434.77 1414.1 1303.12 1388.16 1052.76 996.077 990.651 977.391 967.401 925.126 806.946 739.103 731.464 619.197 593.001 569.214 533.055 526.499 507.617
threshold=0 1 2 9.5000000000000018 19.500000000000004 9.5000000000000018 3 4 5 6 7 8 23.500000000000004 13.750000000000002 1.1666666666666667 9 8.5000000000000018 8.5000000000000018 1.1666666666666667 10.500000000000002 1.1666666666666667 23.500000000000004 10 21.500000000000004 -1274.9999999999998 8.5000000000000018 1.4166666666666667 11 90.300000000000026 1.4166666666666667
decision_type=9 9 9 2 2 2 9 9 9 9 9 9 2 2 2 9 2 2 2 2 2 2 9 2 2 2 2 9 2 2
left_child=2 9 21 8 6 10 19 18 -4 26 -3 -6 29 14 27 -15 -10 -12 23 -5 28 -1 -23 -7 -16 -24 -2 -9 -14 -8
right_child=1 5 3 4 11 7 12 13 16 -11 17 -13 20 15 24 -17 -18 -19 -20 -21 -22 22 25 -25 -26 -27 -28 -29 -30 -31
leaf_value=1.463747510305911 -0.19860715922910926 -0.19860715922910926 0.12205440988394987 0.18265110787519651 0.2219727589868736 0.1107031838034887 0.30449709537359021 -0.14883502753311903 -0.19908054554858065 -0.19860715922910926 -0.20721373160042519 -0.072273198791451249 0.14047135442966016 0.028467305018564561 -0.21539736419002331 -0.082215352861812099 -0.20988840922910931 -0.025184736857528024 0.14865568488876965 0.56811267833082402 0.31251440110017231 1.7262475103059107 -0.050087439166073014 -0.013180489451474387 0.0013827447433333974 0.47624751030591067 -0.19860715922910926 -0.19860715922910926 -0.029325469437461751 0.70670090292544507
leaf_weight=17533 21177 9347 7074 5011 9378 13884 16441 15112 5328 23851 4775 17415 25577 4795 2742 9011 6878 5918 18744 45229 10335 5148 1322 45096 13183 25141 6132 30410 3705 4197
leaf_count=17533 21177 9347 7074 5011 9378 13884 16441 15112 5328 23851 4775 17415 25577 4795 2742 9011 6878 5918 18744 45229 10335 5148 1322 45096 13183 25141 6132 30410 3705 4197
internal_value=0.0014149 -0.0147178 0.0189955 0.0136437 0.0175318 -0.0075494 0.0217191 -0.00482262 -0.0140353 -0.0389545 -0.0283683 0.000263128 0.0143342 -0.0112718 -0.0143921 0.00260756 -0.0270301 -0.0144679 0.0014228 0.0305672 0.00880809 0.0360398 0.0312755 -0.00173788 -0.00168603 0.0278642 -0.0302335 -0.018837 0.00426883 0.0249491
internal_weight=429889 224177 205712 156568 137288 173017 110495 152977 19280 51160 20040 26793 60255 75253 61447 13806 12206 10693 77724 50240 39617 49144 31611 58980 15925 26463 27309 45522 29282 20638
internal_count=429889 224177 205712 156568 137288 173017 110495 152977 19280 51160 20040 26793 60255 75253 61447 13806 12206 10693 77724 50240 39617 49144 31611 58980 15925 26463 27309 45522 29282 20638
cat_boundaries=0 3 6 8 11 13 16 19 21 24 26 28 30
cat_threshold=344536068 203376761 13 2181070994 1077936640 2 12288 1312832 66560 134234121 13 1611923712 570437762 268436484 67633160 4 33587216 0 2 553664512 2954888322 277348356 524296 5 16793664 268436480 0 1048576 64 16778240
is_linear=0
shrinkage=0.05


Tree=19
num_leaves=31
num_cat=11
split_feature=0 0 0 1 0 3 1 1 11 6 6 3 6 0 0 0 12 0 0 0 1 10 11 1 1 1 1 3 0 1
split_gain=47183.6 15511.9 5368.76 4868.4 4524.43 2720.51 2475.67 2104.79 1947.23 1574.8 1551.52 1506.98 1298.2 1209.78 1122.09 1012.31 942.988 940.98 878.159 862.212 1381.77 840.098 808.396 711.344 646.044 631.997 745.123 607.37 587.694 549.861
threshold=0 1 2 9.5000000000000018 3 23.500000000000004 20.500000000000004 9.5000000000000018 681.50000000000011 1.1666666666666667 1.1666666666666667 23.500000000000004 1.1666666666666667 4 5 6 14.500000000000002 7 8 9 9.5000000000000018 10.500000000000002 -1274.9999999999998 20.500000000000004 20.500000000000004 10.500000000000002 19.500000000000004 23.500000000000004 10 8.5000000000000018
decision_type=9 9 9 2 9 2 2 2 2 2 2 2 2 9 9 9 2 9 9 9 2 2 2 2 2 2 2 2 9 2
left_child=2 4 18 15 -2 13 11 -6 10 16 19 -5 14 -3 -13 -4 -9 24 -1 20 -7 25 -11 -22 -12 -15 -27 -20 -8 -17
right_child=1 5 3 6 7 8 28 9 -10 22 17 12 -14 21 -16 29 -18 -19 27 -21 23 -23 -24 -25 -26 26 -28 -29 -30 -31
leaf_value=0.0021816426417686332 -0.18867680126765382 0.21064625660050407 0.0080267321079707799 0.69368124168671186 -0.18867680126765382 -0.18637359076421145 0.17400075281100735 -0.18867680126765382 -0.19887359076421146 -0.2011768012676538 0.23240705793243921 0.21365096284105523 0.56062325701225102 -0.15183983775913515 0.28543861943082582 -0.19449255849522784 -0.071687809177727685 -0.0065828906171003787 1.3905601347906158 -0.036349037158944775 0.010067696508854774 -0.065459780872364259 0.0013136075061667364 -0.19119312961413409 -0.0096713050415752743 0.22829437014335544 -0.099202742065038055 0.51265221883153311 -0.03682103692584926 -0.17654467758052039
leaf_weight=16643 23149 27070 6754 27968 9084 3349 6113 45506 5154 2291 11575 11181 12996 3481 25987 2556 5514 15853 11675 47702 28148 12321 13656 5384 2189 11840 3649 20968 6878 3255
leaf_count=16643 23149 27070 6754 27968 9084 3349 6113 45506 5154 2291 11575 11181 12996 3481 25987 2556 5514 15853 11675 47702 28148 12321 13656 5384 2189 11840 3649 20968 6878 3255
internal_value=0.0029532 -0.00935867 0.0252392 0.0187766 -0.0251971 -0.00051681 0.0228016 -0.0192996 -0.00484274 -0.0162386 -0.00348599 0.0261621 0.0209772 0.00833005 0.0162209 -0.0103979 -0.0205253 0.0063629 0.0388287 -0.00693461 -0.00119135 0.00163094 -0.00252399 0.00186687 0.0159213 0.00823405 0.0125605 0.0340229 0.00259025 -0.0256743
internal_weight=429889 276915 152974 103688 99200 177715 91123 76051 119354 66967 114200 78132 50164 58361 37168 12565 51020 29617 49286 84583 36881 31291 15947 33532 13764 18970 15489 32643 12991 5811
internal_count=429889 276915 152974 103688 99200 177715 91123 76051 119354 66967 114200 78132 50164 58361 37168 12565 51020 29617 49286 84583 36881 31291 15947 33532 13764 18970 15489 32643 12991 5811
cat_boundaries=0 3 6 8 10 12 14 17 19 21 23 26
cat_threshold=2424386564 135547465 13 184598674 3495952640 2 2147491840 1313344 32898 1077936128 67895360 84541488 276824068 134217728 268440580 8 12 603979776 101392544 2147483648 1049088 1678246144 69794 276828164 0 5
is_linear=0
shrinkage=0.05


Tree=20
num_leaves=31
num_cat=13
split_feature=0 0 0 1 0 1 1 6 1 0 1 0 1 6 3 0 0 0 0 1 12 0 11 11 0 6 0 3 11 1
split_gain=46732.1 15348.7 5403.36 4986.14 4525.84 2858.87 2748.9 2239.62 2105.52 2086.88 1585.03 1795.38 1604.23 1573.77 1250.62 1283.19 1151.09 1080.26 1043.02 1010.55 942.42 917.082 808.396 743.284 724.221 687.416 666.394 592.758 569.006 552.626
threshold=0 1 2 10.500000000000002 3 19.500000000000004 8.5000000000000018 2.5000000000000004 9.5000000000000018 4 19.500000000000004 5 10.500000000000002 1.1666666666666667 23.500000000000004 6 7 8 9 8.5000000000000018 14.500000000000002 10 -1274.9999999999998 -944.99999999999989 11 1.1666666666666667 12 24.500000000000004 701.50000000000011 19.500000000000004
decision_type=9 9 9 2 9 2 2 2 2 9 2 9 2 2 2 9 9 9 9 2 2 9 2 2 9 2 9 2 2 2
left_child=2 4 21 18 -2 14 9 10 -6 -3 11 12 16 20 -5 25 -8 -12 -4 -20 -10 -1 -15 24 -14 -16 -13 -23 -29 -9
right_child=1 6 3 5 8 -7 7 29 13 -11 17 26 23 22 15 -17 -18 -19 19 -21 -22 27 -24 -25 -26 -27 -28 28 -30 -31
leaf_value=0.0020725605096801659 -0.17924296120427111 0.0094973107947085474 0.059353868351502116 0.67596219451616857 -0.17924296120427111 0.06012793839743491 0.16252339503755009 0.44988392427987045 -0.17924296120427111 -0.18926105313244712 0.0045965993955588763 0.0074769174700237253 0.25075234078820563 -0.19111796120427116 0.20296841469900251 0.36146872419199244 -0.18945030922944328 -0.19752606272940573 -0.18476793057046648 -0.084668814027879874 -0.068103418718841277 1.1768025238490385 0.0012479271308584396 0.2394464960969126 -0.0038637808327179005 0.41456754034967713 -0.017674893591693143 0.50942596134903873 -0.045030833529621367 0.0027752275491066849
leaf_weight=16643 23149 2924 10644 23240 9084 18718 3282 5041 45506 6614 12907 37538 1992 2291 11919 25749 8019 19276 2556 6649 5514 14015 13656 36847 12365 4213 29613 17197 1431 1297
leaf_count=16643 23149 2924 10644 23240 9084 18718 3282 5041 45506 6614 12907 37538 1992 2291 11919 25749 8019 19276 2556 6649 5514 14015 13656 36847 12365 4213 29613 17197 1431 1297
internal_value=0.00281363 -0.0094392 0.0249928 0.0185095 -0.025194 0.0238463 -0.000643972 0.000836916 -0.0192957 -0.0267561 -0.000304933 0.00216033 0.00825802 -0.0162341 0.0287964 0.0236348 -0.00879126 -0.0102368 -0.00402287 -0.0163375 -0.0205194 0.0386259 -0.00252399 0.0120225 0.00237167 0.0125511 -0.00351618 0.0337167 0.0278828 0.0299937
internal_weight=429889 276915 152974 103688 99200 83839 177715 168177 76051 9538 161839 129656 62505 66967 65121 41881 11301 32183 19849 9205 51020 49286 15947 51204 14357 16132 67151 32643 18628 6338
internal_count=429889 276915 152974 103688 99200 83839 177715 168177 76051 9538 161839 129656 62505 66967 65121 41881 11301 32183 19849 9205 51020 49286 15947 51204 14357 16132 67151 32643 18628 6338
cat_boundaries=0 3 6 8 10 12 14 17 19 21 24 26 27 29
cat_threshold=2424386564 135547465 13 184598674 3495952640 2 2147491840 1313344 32898 1077936128 1048576 84422656 604504128 100860080 276824068 134217728 8 64 67108880 1074266368 16920594 268440580 8 12 2147483648 1049088 67108864 1074004224 537399296
is_linear=0
shrinkage=0.05


Tree=21
num_leaves=31
num_cat=14
split_feature=0 0 0 1 1 0 1 0 1 3 0 0 0 0 6 12 0 0 3 1 0 1 6 4 2 2 1 0 6 0
split_gain=45149.6 14446.9 5274.22 4454.23 4008.12 3516.5 3004.49 2968.09 2021.14 1785.86 1419.91 1405.61 1354.98 1345.99 1152.72 1141.61 1070.96 1010.98 1065.45 971.202 967.494 861.206 859.49 852.162 831.435 796.76 796.073 1041.69 650.239 629.951
threshold=0 1 2 9.5000000000000018 10.500000000000002 3 20.500000000000004 4 19.500000000000004 23.500000000000004 5 6 7 8 1.1666666666666667 13.750000000000002 9 10 24.500000000000004 8.5000000000000018 11 18.500000000000004 1.1666666666666667 5.5000000000000009 4.5000000000000009 1.0000000180025095e-35 8.5000000000000018 12 1.4166666666666667 13
decision_type=9 9 9 2 2 9 2 9 2 2 9 9 9 9 2 2 9 9 2 2 9 2 2 2 2 2 2 9 2 9
left_child=2 12 17 7 10 14 11 -3 9 16 -4 22 -2 -11 15 -5 -7 -1 -19 -12 -10 -13 23 -6 25 -15 27 -9 -18 -17
right_child=1 3 4 5 6 8 -8 26 20 13 19 21 -14 24 -16 29 28 18 -20 -21 -22 -23 -24 -25 -26 -27 -28 -29 -30 -31
leaf_value=0.0019689324841961841 -0.1702808131440576 -0.1702808131440576 0.10494451101999172 -0.1702808131440576 0.39216408479036002 0.3398556037743008 0.0079940643396925644 0.0065528677276915472 -0.18884114887312223 0.22180429912141275 -0.17552953404194316 0.50271320510947426 -0.1702808131440576 -0.038921764123061656 -0.0066215925430400452 0.021520787882526895 0.0025478415326340102 1.3679623976565864 0.40133122578158659 -0.049005861140453626 -0.012002288863858368 0.25491779097844541 0.31574854468352831 0.17261115328790738 -0.038121022368733208 0.020882632498603206 0.0031191925319910222 -0.18866604054234115 0.24050830613973651 -0.071115023823892995
leaf_weight=16643 27309 11315 12490 34837 5679 16785 14651 2434 13799 13674 2944 49068 15271 8807 14095 2613 15778 10567 14102 7685 16385 11455 5191 10526 16934 34972 8484 4338 3956 7102
leaf_count=16643 27309 11315 12490 34837 5679 16785 14651 2434 13799 13674 2944 49068 15271 8807 14095 2613 15778 10567 14102 7685 16385 11455 5191 10526 16934 34972 8484 4338 3956 7102
internal_value=0.00231606 -0.0102225 0.0232559 -0.00519446 0.0179354 -0.00263622 0.0224138 -0.024427 0.00164139 0.00476349 -0.000763441 0.0261435 -0.0369382 0.000317932 -0.0129251 -0.0168702 0.0138188 0.0386622 0.0321913 -0.0141884 -0.00982971 0.030039 0.0151032 0.00943844 -0.00287453 0.000764065 -0.0100092 -0.0227998 0.00591066 -0.00171384
internal_weight=429889 268888 161001 226308 119689 199737 96570 26571 141090 110906 23119 81919 42580 74387 58647 44552 36519 41312 24669 10629 30184 60523 21396 16205 60713 43779 15256 6772 19734 9715
internal_count=429889 268888 161001 226308 119689 199737 96570 26571 141090 110906 23119 81919 42580 74387 58647 44552 36519 41312 24669 10629 30184 60523 21396 16205 60713 43779 15256 6772 19734 9715
cat_boundaries=0 3 6 8 10 12 15 17 20 22 24 26 28 30 32
cat_threshold=2424386564 136071753 13 33587346 1077936128 2 2147491840 1313280 151011328 2434793728 554188800 2954953858 5124 524360 12 276824068 524288 33587216 0 2 536870912 65696 67895360 570556464 2147483648 1049088 67371072 637600800 1048576 83898368 16793600 268435456
is_linear=0
shrinkage=0.05


Tree=22
num_leaves=31
num_cat=14
split_feature=0 0 0 1 1 0 0 3 1 6 6 0 0 0 3 0 0 6 1 12 0 1 0 1 0 3 2 1 10 0
split_gain=41227.1 14547.7 5976.02 4505.54 4052.34 3625.01 2968.09 1971.3 1841.5 1762.8 1725.27 1406.59 1354.98 1279.53 1225.5 1251.78 1189.65 1158.72 1136.99 1118.69 1080.21 1007.55 854.558 796.073 1041.69 783.898 715.295 711.909 675.047 598.512
threshold=0 1 2 9.5000000000000018 9.5000000000000018 3 4 23.500000000000004 19.500000000000004 1.1666666666666667 2.5000000000000004 5 6 7 23.500000000000004 8 9 1.1666666666666667 19.500000000000004 13.750000000000002 10 20.500000000000004 11 8.5000000000000018 12 23.500000000000004 4.5000000000000009 8.5000000000000018 1.5000000000000002 13
decision_type=9 9 9 2 2 9 9 2 2 2 2 9 9 9 2 9 9 2 2 2 9 2 9 2 9 2 2 2 2 9
left_child=2 12 11 6 13 17 -3 21 10 16 14 -1 -2 -4 20 -16 18 19 -9 -5 -7 -6 -10 24 -8 -13 28 -15 -17 -21
right_child=1 3 4 5 7 8 23 9 22 -11 -12 25 -14 27 15 26 -18 -19 -20 29 -22 -23 -24 -25 -26 -27 -28 -29 -30 -31
leaf_value=0.0018704858599863706 -0.16176677248685475 -0.16176677248685475 0.08735991729831305 -0.16176677248685475 0.54766304793108456 0.30185299232842344 0.0062252243413069676 0.28870140599937388 -0.25026105989719066 0.40872265085274401 0.54158398073773883 1.1937938819758036 -0.16176677248685475 -0.16675305733984605 0.20988967912138251 -0.22182884662363903 0.0075943611227080156 -0.0062905129158880692 -0.11717624774594855 0.02044474848840059 0.0081966447217070026 0.088171043089441889 -0.099827728865630141 0.002963232905391511 -0.17923273851522412 0.41680819858319823 -0.03621497125029656 -0.046555568083430914 0.0060589399715923701 -0.067559272632698342
leaf_weight=16643 27309 11315 6886 34837 30133 15360 2434 15994 3367 16341 4101 11675 15271 2979 13554 2907 26493 14095 4151 2613 18056 4961 26817 8484 4338 20968 16934 3777 39994 7102
leaf_count=16643 27309 11315 6886 34837 30133 15360 2434 15994 3367 16341 4101 11675 15271 2979 13554 2907 26493 14095 4151 2613 18056 4961 26817 8484 4338 20968 16934 3777 39994 7102
internal_value=0.00185199 -0.0101295 0.0218615 -0.005084 0.0154598 -0.00251105 -0.024427 0.0190129 0.00183203 0.0137212 0.00481218 0.036366 -0.0369382 -0.0100718 0.00359019 -2.38455e-05 0.00876967 -0.0129575 0.0179236 -0.0169128 0.0115274 0.0285091 -0.00911741 -0.0100092 -0.0227998 0.030305 -0.00313226 -0.0255099 0.000301858 -0.00190942
internal_weight=429889 268888 161001 226308 111715 199737 26571 98073 141090 62979 110906 49286 42580 13642 106805 73389 46638 58647 20145 44552 33416 35094 30184 15256 6772 32643 59835 6756 42901 9715
internal_count=429889 268888 161001 226308 111715 199737 26571 98073 141090 62979 110906 49286 42580 13642 106805 73389 46638 58647 20145 44552 33416 35094 30184 15256 6772 32643 59835 6756 42901 9715
cat_boundaries=0 3 6 8 10 12 14 17 20 22 25 27 29 31 33
cat_threshold=2424386564 136071753 13 33587346 1077936128 2 2147491840 1313344 151011328 2434793728 554188800 2954953858 2147483648 1049088 33587216 0 2 268440580 524296 4 536870912 65696 66560 16393 4 67895360 570556464 67108864 536936448 1048576 83898368 16793600 268435456
is_linear=0
shrinkage=0.05


Tree=23
num_leaves=31
num_cat=15
split_feature=0 0 0 1 1 0 0 11 1 0 0 0 0 3 3 12 6 1 0 3 6 1 0 0 6 1 11 0 0 0
split_gain=39622.5 13667.9 7470.99 4454.92 3419.88 3318.26 2707.89 2223 1599.64 1560.36 1452.59 1355.61 1354.98 1343.45 1290.37 1115.79 1280.53 907.526 818.717 809.476 807.849 801.566 867.128 786.135 727.929 714.849 676.119 646.695 613.178 601.853
threshold=0 1 2 9.5000000000000018 10.500000000000002 3 4 -1154.9999999999998 19.500000000000004 5 6 7 8 23.500000000000004 23.500000000000004 13.750000000000002 1.1666666666666667 8.5000000000000018 9 23.500000000000004 1.1666666666666667 8.5000000000000018 10 11 1.4166666666666667 19.500000000000004 681.50000000000011 12 13 14
decision_type=9 9 9 2 2 9 9 2 2 9 9 9 9 2 2 2 2 2 9 2 2 2 9 9 2 2 2 9 9 9
left_child=2 12 10 6 11 8 -3 -6 14 25 -1 -4 -2 27 24 16 18 29 -7 -12 -15 22 -8 -16 -5 -9 -21 -11 -17 -13
right_child=1 3 4 5 7 15 21 9 -10 13 19 17 -14 20 23 28 -18 -19 -20 26 -22 -23 -24 -25 -26 -27 -28 -29 -30 -31
leaf_value=0.0017769615669870121 -0.15367843386251201 -0.15367843386251201 0.15467347748185462 0.12221728489884819 0.0043754422485291046 -0.16315277544257578 0.0055339735063013153 0.47719782679786538 -0.13797758794342638 0.15274874126090554 1.1341041878770135 -0.17875457378890394 -0.15367843386251201 0.041396412946542865 0.21238511405575455 0.028380755874649034 -0.0059759872700936969 -0.015975110786886404 -0.15367843386251201 0.43797859309695331 0.24538261889420171 0.018196693190255075 -0.16717760155295594 -0.0025664548844066995 0.37701379405878765 0.1553276491399318 -0.029229468192719568 0.57646449299047087 -0.064181309001063447 -0.16888991146128751
leaf_weight=16643 27309 11315 6154 20130 18819 11074 1950 33411 21041 3995 11675 2229 15271 24541 11038 4847 16191 13981 35683 19121 8554 7040 3675 38030 5086 3610 1847 14785 17625 3219
leaf_count=16643 27309 11315 6154 20130 18819 11074 1950 33411 21041 3995 11675 2229 15271 24541 11038 4847 16191 13981 35683 19121 8554 7040 3675 38030 5086 3610 1847 14785 17625 3219
internal_value=0.00187595 -0.0111669 0.0195417 -0.00580531 0.0133893 -0.00311904 -0.026055 0.0172933 0.00329417 0.0205982 0.0361753 -0.00304304 -0.0369382 0.0149918 0.00674169 -0.0102751 -0.0136907 -0.00951952 -0.0178872 0.0300172 0.00893337 -0.010142 -0.0242222 0.00201761 0.0159343 0.0284424 0.0241511 0.0256763 -0.000711997 -0.0268355
internal_weight=429889 247305 182584 204725 133298 180745 23980 107715 95325 88896 49286 25583 42580 51875 74284 85420 62948 19429 46757 32643 33095 12665 5625 49068 25216 37021 20968 18780 22472 5448
internal_count=429889 247305 182584 204725 133298 180745 23980 107715 95325 88896 49286 25583 42580 51875 74284 85420 62948 19429 46757 32643 33095 12665 5625 49068 25216 37021 20968 18780 22472 5448
cat_boundaries=0 3 6 8 10 12 15 17 20 23 25 27 29 31 33 36
cat_threshold=2424386564 136211049 13 33587346 1077936128 2 2147491840 1313344 1678508352 100733072 554188800 2954953858 5120 134234121 4 2147483648 1049088 5120 524288 8 33587216 0 2 1048576 536871938 1048576 83890176 536870912 65664 0 532480 17842176 285212672 268435460 8200 4
is_linear=0
shrinkage=0.05


Tree=24
num_leaves=31
num_cat=15
split_feature=0 0 0 1 0 1 0 1 3 6 0 0 0 3 0 6 12 1 3 2 9 1 0 6 0 0 0 0 6 0
split_gain=37954.1 14758.7 6363.46 4505.84 3674.98 3258.7 3033.51 2305.55 1660.79 1626.47 1518.76 1354.98 1232.22 1232.11 1227.06 1149.07 1214.27 952.583 905.494 904.679 1032.01 848.212 869.487 814.464 681.771 664.648 647.962 625.083 569.214 564.889
threshold=0 1 2 9.5000000000000018 3 10.500000000000002 4 20.500000000000004 23.500000000000004 1.1666666666666667 5 6 7 21.500000000000004 8 1.1666666666666667 13.750000000000002 8.5000000000000018 24.500000000000004 1.0000000180025095e-35 52.500000000000007 20.500000000000004 9 1.1666666666666667 10 11 12 13 1.4166666666666667 14
decision_type=9 9 9 2 9 2 9 2 2 2 9 9 9 2 9 2 2 2 2 2 2 2 9 2 9 9 9 9 2 9
left_child=2 11 12 6 15 14 -3 8 27 13 -10 28 -1 25 -4 16 -5 -16 -14 -11 24 22 -15 -12 -21 -6 -18 -7 -2 -23
right_child=1 3 5 4 9 7 -8 -9 10 19 23 -13 18 21 17 -17 26 -19 -20 20 -22 29 -24 -25 -26 -27 -28 -29 -30 -31
leaf_value=0.0016881134886376438 -0.14599451216938639 -0.053295854117148704 0.087595615729983756 -0.14599451216938639 0.24666106980262725 0.12882189082560913 -0.14599451216938639 0.0041566701361026581 0.33471820206518998 -0.2166346672686463 0.17386105932154586 -0.14599451216938639 1.244794173781048 0.021774112289448058 -0.14997090889978934 -0.0056771879065889768 0.018003473270248094 -0.051478157234866199 0.33852532490849968 0.27714112576886779 -0.025974450950105778 -0.1709530354345902 -0.013237167712205712 0.26725585396200452 0.1399594434223955 0.0084860756652624051 -0.072352220098185607 0.56003103904749885 -0.14599451216938639 -0.1680862703604997
leaf_weight=16643 21177 12656 12490 34837 11854 1947 13915 14651 28347 1535 17897 15271 10567 32153 2944 14095 3530 7685 14102 13117 5965 2685 36061 6378 13416 14235 6185 27350 6132 10069
leaf_count=16643 21177 12656 12490 34837 11854 1947 13915 14651 28347 1535 17897 15271 10567 32153 2944 14095 3530 7685 14102 13117 5965 2685 36061 6378 13416 14235 6185 27350 6132 10069
internal_value=0.00156029 -0.00993574 0.0207591 -0.00485379 -0.00228075 0.0149162 -0.0241974 0.0189541 0.0222213 0.00209213 0.0169093 -0.0369382 0.0376797 -0.000934549 -0.00194429 -0.012799 -0.0167377 -0.0144233 0.0305462 0.0116137 0.0133854 -0.00397935 -0.0017665 0.00771876 0.0176101 0.00851508 -0.00110654 0.0317626 -0.0302335 -0.0158146
internal_weight=429889 268888 161001 226308 199737 119689 26571 96570 81919 141090 52622 42580 41312 107057 23119 58647 44552 10629 24669 34033 32498 80968 68214 24275 26533 26089 9715 29297 27309 12754
internal_count=429889 268888 161001 226308 199737 119689 26571 96570 81919 141090 52622 42580 41312 107057 23119 58647 44552 10629 24669 34033 32498 80968 68214 24275 26533 26089 9715 29297 27309 12754
cat_boundaries=0 3 6 8 10 12 15 18 20 23 25 27 29 31 33 35
cat_threshold=2424386564 136071753 13 33587346 1077936128 2 2147491840 1313280 151011328 2434793728 1075052608 117584144 70656 16457 4 33587216 0 2 2147483648 1049088 5124 524360 12 1678246144 66722 603980032 100868256 67895360 570556464 16793600 285212672 0 524288 67108864 604046336
is_linear=0
shrinkage=0.05


Tree=25
num_leaves=31
num_cat=14
split_feature=0 0 0 1 3 0 0 1 6 0 0 1 1 1 0 0 6 0 2 9 9 0 1 6 0 12 0 3 6 0
split_gain=36697.1 14496.6 6387.03 4770.1 4067.74 3185.28 2807.1 2381.47 2331.79 1940.74 1673.36 1627.7 1396.11 1373.84 1354.98 1120.65 1096.61 1255.1 1095.98 1077.94 1072.95 1042.72 996.561 932.887 909.153 756.521 677.456 609.202 569.214 556.279
threshold=0 1 2 8.5000000000000018 23.500000000000004 3 4 10.500000000000002 1.1666666666666667 5 6 9.5000000000000018 20.500000000000004 19.500000000000004 7 8 1.1666666666666667 9 1.0000000180025095e-35 52.500000000000007 63.500000000000007 10 9.5000000000000018 1.4166666666666667 11 13.750000000000002 12 23.500000000000004 1.4166666666666667 13
decision_type=9 9 9 2 2 9 9 2 2 9 9 2 2 2 9 9 2 9 2 2 2 9 2 2 9 2 9 2 2 9
left_child=2 5 14 9 6 -2 -5 10 20 -3 -4 29 16 27 28 -15 17 -9 -10 26 22 -14 -6 -8 -24 -19 -20 -13 -1 -7
right_child=1 3 7 4 8 11 23 12 18 -11 -12 13 21 15 -16 -17 -18 25 19 -21 -22 -23 24 -25 -26 -27 -28 -29 -30 -31
leaf_value=-0.13869478656091708 0.0016037078142058015 0.0094103748639359011 0.0069641931314793131 0.39605586258035502 -0.13599636918138819 -0.13378051545675307 0.03259554442233794 0.006373228587615732 -0.18411541346066784 -0.15294687044323371 -0.14154435370613894 0.8889250435123508 -0.050036403411044185 0.82159905866307459 -0.13869478656091708 0.049995909517313211 0.0069641931314793131 -0.13869478656091708 0.13296147125127575 -0.004796144386408319 -0.37124009615289427 -0.13869478656091708 -0.019510851549387101 0.22971020422607627 0.012779313708648399 -0.0042489025592717059 0.30356013642690183 0.39934375333884625 -0.13869478656091708 0.14256002282126268
leaf_weight=21177 16643 3702 3382 32453 6998 979 30401 15424 2190 7983 12461 16234 3926 3451 15271 8929 13892 21962 7640 8477 2227 8349 31763 7796 60023 7183 16918 29049 6132 6874
leaf_count=21177 16643 3702 3382 32453 6998 979 30401 15424 2190 7983 12461 16234 3926 3451 15271 8929 13892 21962 7640 8477 2227 8349 31763 7796 60023 7183 16918 29049 6132 6874
internal_value=0.0012074 0.0107811 -0.0210828 0.00404999 0.00580561 0.0286854 0.0155414 -0.0132817 0.000756775 -0.0270304 -0.0308054 0.0237143 -0.00935874 0.0266263 -0.0369382 0.0118659 -0.00613999 -0.0099632 0.0118339 0.0141047 -0.0031061 -0.0246884 -0.00233236 0.00634831 -0.000945678 -0.0160641 0.0194112 0.0306616 -0.0302335 0.00236215
internal_weight=429889 300730 129159 218571 206886 82159 70650 86579 136236 11685 15843 65516 70736 57663 42580 12380 58461 44569 35225 33035 101011 12275 98784 38197 91786 29145 24558 45283 27309 7853
internal_count=429889 300730 129159 218571 206886 82159 70650 86579 136236 11685 15843 65516 70736 57663 42580 12380 58461 44569 35225 33035 101011 12275 98784 38197 91786 29145 24558 45283 27309 7853
cat_boundaries=0 3 5 8 10 13 16 18 21 23 25 27 29 31 33
cat_threshold=184598674 4049601794 2 2147496960 1329736 33587346 1077936128 2 2147483648 1049088 277413956 134348801 13 269484036 67645440 4 0 16777472 33587216 0 2 0 264192 16777216 536871938 134217728 2166358018 68419648 101318672 1612447808 4112 0 16384
is_linear=0
shrinkage=0.05


Tree=26
num_leaves=31
num_cat=15
split_feature=0 0 0 0 1 1 1 3 0 6 0 0 0 1 6 0 12 1 6 3 11 0 1 0 0 0 1 0 3 0
split_gain=35720 14714.4 6151.54 3853.46 3717.62 2607.95 2400.41 2017.13 1814.88 1790.06 1564.6 1478.09 1354.98 1191.25 1191.78 1165.28 1130.72 1066.5 1026.35 994.025 996.702 957.206 977.138 948.689 772.272 651.139 647.058 622.513 614.132 592.507
threshold=0 1 2 3 10.500000000000002 8.5000000000000018 19.500000000000004 23.500000000000004 4 2.5000000000000004 5 6 7 9.5000000000000018 1.1666666666666667 8 13.750000000000002 22.500000000000004 1.1666666666666667 23.500000000000004 679.50000000000011 9 8.5000000000000018 10 11 12 20.500000000000004 13 23.500000000000004 14
decision_type=9 9 9 9 2 2 2 2 9 2 9 9 9 2 2 9 2 2 2 2 2 9 2 9 9 9 2 9 2 9
left_child=2 12 11 13 21 8 7 -6 -5 17 -9 -1 -2 15 16 -3 -15 19 -12 24 23 22 -4 -21 -7 -8 -11 -19 -13 -18
right_child=1 3 4 5 6 9 25 10 -10 26 18 28 -14 14 -16 -17 29 27 -20 20 -22 -23 -24 -25 -26 -27 -28 -29 -30 -31
leaf_value=0.0015235224234954716 -0.13176004723287124 -0.071009634961418308 -0.13482501993263818 0.013244960451631994 0.51826466306710939 0.21135086592051558 -0.039831374577212669 0.37937656567190392 -0.14080361430093108 0.40649359726816842 0.17240787894468479 1.220713017618493 -0.13176004723287124 -0.13176004723287124 -0.0024399886812382478 -0.13161756887561013 0.016784638177354871 -0.16993796770012884 0.41866516295161915 0.049516815478130562 -0.15064051283105462 0.031011452653103611 -0.076141971812372242 -0.013214275012027876 0.0077261250116347213 0.18074528374106136 -0.026657901908824846 -0.041787989177690221 0.3016318709961322 -0.057142187418137348
leaf_weight=16643 27309 2167 2556 2432 25087 20173 8604 13248 6614 5097 23646 8799 15271 34837 14095 5069 2613 3710 8281 39812 3729 12243 6649 56635 25784 11348 883 3583 15870 7102
leaf_count=16643 27309 2167 2556 2432 25087 20173 8604 13248 6614 5097 23646 8799 15271 34837 14095 5069 2613 3710 8281 39812 3729 12243 6649 56635 25784 11348 883 3583 15870 7102
internal_value=0.000809395 -0.00990286 0.0202002 -0.00498901 0.0140984 -0.000978856 0.0185481 0.0228943 -0.0270948 0.000503118 0.0165811 0.0366851 -0.0369382 -0.0152406 -0.0128813 -0.0343836 -0.0168904 -0.000542933 0.0105755 0.000388345 -0.00240477 -0.00461115 -0.0167824 -0.0014241 0.00647671 0.00324278 0.0273411 -0.0192033 0.0288808 -0.00180648
internal_weight=429889 276915 152974 234335 111662 168452 90214 70262 9046 159406 45175 41312 42580 65883 58647 7236 44552 153426 31927 146133 100176 21448 9205 96447 45957 19952 5980 7293 24669 9715
internal_count=429889 276915 152974 234335 111662 168452 90214 70262 9046 159406 45175 41312 42580 65883 58647 7236 44552 153426 31927 146133 100176 21448 9205 96447 45957 19952 5980 7293 24669 9715
cat_boundaries=0 3 6 8 10 12 14 16 19 21 24 26 28 31 33 35
cat_threshold=2424386564 135547465 13 33587346 1077936128 2 2147491840 1313280 151011328 2434793728 1048576 67645440 65536 16456 2147483648 1049088 33587216 0 2 0 16777472 8454144 134234113 1 1678246144 65698 67895360 100794416 66560 134234113 8 1677721600 637535408 16793600 268435456
is_linear=0
shrinkage=0.05


Tree=27
num_leaves=31
num_cat=14
split_feature=0 0 0 1 0 1 0 1 0 1 6 6 0 3 3 0 1 0 6 0 0 0 11 2 2 0 3 6 0 1
split_gain=33148.7 15005.7 6019.59 4153.61 3794.35 2858.37 2817.96 1979.54 1586.88 1533.62 1841.41 1526.34 1440.6 1430.75 1258.36 1249.79 1376.12 1172.93 1073.81 938.621 815.634 725.09 686.456 564.055 681.907 560.764 557.52 544.857 508.91 626.671
threshold=0 1 2 9.5000000000000018 3 9.5000000000000018 4 20.500000000000004 5 19.500000000000004 2.5000000000000004 1.1666666666666667 6 22.500000000000004 23.500000000000004 7 10.500000000000002 8 1.1666666666666667 9 10 11 -810.49999999999989 4.5000000000000009 1.0000000180025095e-35 12 23.500000000000004 2.5000000000000004 13 8.5000000000000018
decision_type=9 9 9 2 9 2 9 2 9 2 2 2 9 2 2 9 2 9 2 9 9 9 2 2 2 9 2 2 9 2
left_child=2 12 8 4 20 21 14 11 -1 10 15 13 27 -7 -5 16 -8 -15 -16 -11 -3 -4 -17 24 -18 -24 -10 -2 -6 -30
right_child=1 3 5 6 28 7 9 -9 26 19 -12 -13 -14 17 18 22 23 -19 -20 -21 -22 -23 25 -25 -26 -27 -28 -29 29 -31
leaf_value=0.0014473463023207068 -0.12517204487122768 0.14722365921769481 -0.13855827592444012 -0.0053265593711659953 -0.12503669043182963 0.42613603470177569 -0.21496676399146131 -0.011091446479027668 1.1596773667375684 -0.16121362086451141 0.45717230345402649 0.50710654259559218 -0.12517204487122768 0.26028515182494943 -0.12517204487122768 -0.012553561261426439 0.012208372788893307 0.15590864672280189 -0.0056195387337715456 0.0006543754073510933 -0.13563938357236963 0.0017314456299043714 0.12697411143931348 0.040665908383835797 0.24011296821858252 -0.0053353072256339118 0.28655027744632555 0.093803890273324878 -0.13023733458391923 -0.13765242870408306
leaf_weight=16643 26107 4318 4776 20606 8591 20776 5169 13478 8799 15217 4574 18912 15271 15211 28226 27263 7135 23788 9815 16281 8326 7771 13610 13403 25516 25787 15870 1202 3322 4126
leaf_count=16643 26107 4318 4776 20606 8591 20776 5169 13478 8799 15217 4574 18912 15271 15211 28226 27263 7135 23788 9815 16281 8326 7771 13610 13403 25516 25787 15870 1202 3322 4126
internal_value=0.000750775 -0.0092074 0.0201083 -0.00437742 -0.0222379 0.0137287 -0.001968 0.0167781 0.0362712 0.0015851 0.00411614 0.0198108 -0.0365696 0.0158938 -0.0112936 0.00290839 0.00878047 0.0102477 -0.0166859 -0.00825449 -0.00173858 -0.00865944 -0.00160492 0.0115278 0.015073 0.00261568 0.0281879 -0.0296588 -0.0383731 -0.0286806
internal_weight=429889 283865 146024 241285 28683 104712 212602 92165 41312 153955 122457 78687 42580 59775 58647 117883 51223 38999 38041 31498 12644 12547 66660 46054 32651 39397 24669 27309 16039 7448
internal_count=429889 283865 146024 241285 28683 104712 212602 92165 41312 153955 122457 78687 42580 59775 58647 117883 51223 38999 38041 31498 12644 12547 66660 46054 32651 39397 24669 27309 16039 7448
cat_boundaries=0 3 6 8 10 12 14 17 19 21 23 25 28 30 32
cat_threshold=2415997956 135547465 13 33587346 1077936128 2 2147491840 1313280 1075052608 84554000 151011328 2434793728 2147483648 1049088 33587216 0 2 612892736 537067680 65536 16457 604241920 637600928 0 84418560 65536 134234113 1 1073741824 101191680 553664512 2954952706
is_linear=0
shrinkage=0.05


Tree=28
num_leaves=31
num_cat=14
split_feature=0 0 0 1 0 0 1 11 0 1 6 0 0 1 3 6 6 3 0 0 0 2 2 11 3 0 1 6 0 0
split_gain=31851.6 15258.5 5957.35 4486.81 3742.52 2934.09 2120.79 1750.7 1623.34 1575.14 1864.32 1440.6 1289.18 1278.73 1258.36 1216.39 1073.81 945.47 963.874 895.587 718.241 675.498 665.854 664.348 582.876 558.737 743.442 544.857 534.81 531.47
threshold=0 1 2 9.5000000000000018 3 4 9.5000000000000018 -1144.9999999999998 5 19.500000000000004 2.5000000000000004 6 7 10.500000000000002 23.500000000000004 1.1666666666666667 1.1666666666666667 22.500000000000004 8 9 10 4.5000000000000009 1.0000000180025095e-35 -810.49999999999989 23.500000000000004 11 8.5000000000000018 2.5000000000000004 12 13
decision_type=9 9 9 2 9 9 2 2 9 2 2 9 9 2 2 2 2 2 9 9 9 2 2 2 2 9 2 2 9 9
left_child=2 11 8 4 20 14 29 -8 -1 10 12 27 13 -7 -5 17 -16 -9 -19 -11 -3 22 -15 -14 -10 -6 -27 -2 -25 -4
right_child=1 3 6 5 25 9 7 15 24 19 -12 -13 23 21 16 -17 -18 18 -20 -21 -22 -23 -24 28 -26 26 -28 -29 -30 -31
leaf_value=0.001374978987204667 -0.1189134426276663 0.13986247625681011 -0.12115585513978427 -0.0050602314026076739 -0.11878485591023816 -0.17991101260241926 -0.00042523800332281428 0.39378437587385062 1.1016934984006899 -0.15338038827189682 0.47019072460682754 -0.1189134426276663 -0.011925883198355081 0.026518517077503391 -0.1189134426276663 0.48175121546581257 -0.0053385617970829642 0.35978325050361237 0.15599205266131033 -0.0011845797545889881 -0.12885741439375115 0.032840918482074426 0.23897835008986057 0.12062540586734781 0.27222276357400937 -0.12518100504039431 -0.1337373128887534 0.089113695759658648 -0.0050685418643522167 0.0016448733484091705
leaf_weight=16643 26107 4318 3744 20606 8591 5725 13383 20181 8799 15400 4814 15271 27263 7909 28226 17007 9815 5888 28657 17373 8326 14851 28272 13610 15870 3782 4698 1202 25787 7771
leaf_count=16643 26107 4318 3744 20606 8591 5725 13383 20181 8799 15400 4814 15271 27263 7909 28226 17007 9815 5888 28657 17373 8326 14851 28272 13610 15870 3782 4698 1202 25787 7771
internal_value=0.00044465 -0.00891059 0.0202435 -0.00418645 -0.0224213 -0.00171977 0.0134462 0.016172 0.0361357 0.00176817 0.00426847 -0.0365696 0.00307778 0.00861504 -0.0112936 0.0192694 -0.0166859 0.0156397 0.0106166 -0.00801422 -0.001786 0.0111303 0.0148158 -0.00163792 0.027961 -0.0376822 -0.0284688 -0.0296588 0.00251415 -0.00669127
internal_weight=429889 291946 137943 249366 29715 219651 96631 85116 41312 161004 128231 42580 123417 56757 58647 71733 38041 54726 34545 32773 12644 51032 36181 66660 24669 17071 8480 27309 39397 11515
internal_count=429889 291946 137943 249366 29715 219651 96631 85116 41312 161004 128231 42580 123417 56757 58647 71733 38041 54726 34545 32773 12644 51032 36181 66660 24669 17071 8480 27309 39397 11515
cat_boundaries=0 3 6 8 10 12 14 17 19 21 23 25 27 29 32
cat_threshold=2415932420 135547465 13 33587346 1077936128 2 2147491840 1313280 1075052608 84554000 151011328 2434793728 2147483648 1049088 33587216 0 2 612958272 537067680 0 16448 604307456 637600896 0 84418560 553664512 2954952706 1073741824 101191680 0 134234113 1
is_linear=0
shrinkage=0.05


Tree=29
num_leaves=31
num_cat=14
split_feature=0 0 0 1 0 0 1 11 3 0 0 6 3 1 6 0 10 6 0 2 2 0 0 0 1 0 0 1 6 2
split_gain=31504.5 15209.2 5999.09 4541.67 3584.29 2943.29 2430.56 1822.64 1636.95 1609.71 1450.58 1282.53 1160.93 1085.85 1148.75 1057.88 837.43 807.546 739.909 673.645 920.527 663.219 655.278 632.463 597.083 844.207 584.886 781.1 542.677 534.918
threshold=0 1 2 9.5000000000000018 3 4 9.5000000000000018 -1164.9999999999998 23.500000000000004 5 6 1.1666666666666667 23.500000000000004 20.500000000000004 2.5000000000000004 7 10.500000000000002 1.1666666666666667 8 4.5000000000000009 1.0000000180025095e-35 9 10 11 19.500000000000004 12 13 8.5000000000000018 2.5000000000000004 1.0000000180025095e-35
decision_type=9 9 9 2 9 9 2 2 2 9 9 2 2 2 2 9 2 2 9 2 2 9 9 9 2 9 9 2 2 2
left_child=2 10 -1 4 21 13 18 22 16 -9 28 15 -11 14 19 -10 24 -14 -4 20 -5 -3 -8 -22 25 -7 -6 -28 -2 -13
right_child=1 3 6 5 26 8 7 9 11 12 -12 29 17 -15 -16 -17 -18 -19 -20 -21 23 -23 -24 -25 -26 -27 27 -29 -30 -31
leaf_value=0.001306230037844447 -0.112967770496283 0.14895428749609393 0.049138994096190117 -0.012940769894354089 -0.11284561311472624 0.13422335381953995 0.2664569016277229 0.51723113082970973 -0.112967770496283 0.42689962399469511 -0.112967770496283 -0.21895698814662687 0.14819245002824477 -0.13356213519002955 0.52298679070697374 -0.065422300045696075 -0.065145715055717188 0.34828901690096786 -0.11509806238279503 -0.0048151147711346098 0.011046018823054027 -0.043393581324947667 -0.024247635661910572 0.20753229957844221 -0.055564561059664189 -0.00066000852171255175 -0.1189219547883746 -0.12705044724431575 0.08465801097167569 0.0027354896101267736
leaf_weight=16643 26107 2158 7762 13750 8591 10124 4204 36246 24838 20602 15271 1152 25502 15341 3312 28816 15514 8878 6658 25903 15256 10486 11448 33723 5457 8899 3782 4698 1202 17566
leaf_count=16643 26107 2158 7762 13750 8591 10124 4204 36246 24838 20602 15271 1152 25502 15341 3312 28816 15514 8878 6658 25903 15256 10486 11448 33723 5457 8899 3782 4698 1202 17566
internal_value=0.000391147 -0.00891299 0.0200818 -0.00419647 -0.0225425 -0.00171477 0.0162163 0.0188174 -0.0073699 0.0215219 -0.0365274 -0.0118568 0.0161187 0.00420849 0.0062636 -0.0157882 0.000747612 0.0104974 -0.00305132 0.00518323 0.00798435 -0.00234708 0.00305392 0.0111936 0.00650735 0.0106897 -0.0374773 -0.0280565 -0.029593 -0.00058767
internal_weight=429889 291946 137943 249366 29715 219651 121300 106880 112366 91228 42580 72372 54982 107285 91944 53654 39994 34380 14420 88632 62729 12644 15652 48979 24480 19023 17071 8480 27309 18718
internal_count=429889 291946 137943 249366 29715 219651 121300 106880 112366 91228 42580 72372 54982 107285 91944 53654 39994 34380 14420 88632 62729 12644 15652 48979 24480 19023 17071 8480 27309 18718
cat_boundaries=0 3 6 8 10 12 14 17 19 22 24 26 28 30 32
cat_threshold=2415932420 135547465 13 33587346 1077936128 2 2147483648 1049088 1075052608 84554000 1686962496 204978 12288 280640 33587216 0 2 151011328 2432696576 268448772 262152 8 0 67633152 4 2048 262400 8210 16793600 906498048 553664512 2954952706
is_linear=0
shrinkage=0.05


Tree=30
num_leaves=31
num_cat=12
split_feature=0 0 0 1 0 1 3 0 6 0 0 1 1 0 1 6 9 0 2 0 2 0 6 0 10 9 3 10 1 5
split_gain=30614.7 12272.9 6653.98 4381.29 4107.7 3211.79 2916.76 1798.85 1793.79 1792.99 1599.12 1392.37 1365.88 1201.13 1153.36 1082.44 1070.92 1068.58 1001.42 959.311 942.109 939.025 866.621 758.919 747.747 985.54 710.971 686.244 646.449 725.286
threshold=0 1 2 8.5000000000000018 3 10.500000000000002 23.500000000000004 4 1.1666666666666667 5 6 10.500000000000002 20.500000000000004 7 20.500000000000004 2.5000000000000004 63.500000000000007 8 4.5000000000000009 9 1.0000000180025095e-35 10 1.4166666666666667 11 20.500000000000004 34.500000000000007 24.500000000000004 14.500000000000002 18.500000000000004 78.700000000000003
decision_type=9 9 9 2 9 2 2 9 2 9 9 2 2 9 2 2 2 9 2 9 2 9 2 9 2 2 2 2 2 2
left_child=2 4 13 7 -2 10 9 -3 16 -5 -4 -6 15 -1 26 19 18 -14 24 -7 -10 -22 -11 -16 -8 -26 -13 -23 29 -21
right_child=1 3 5 6 11 12 8 -9 20 22 -12 14 17 -15 23 -17 -18 -19 -20 28 21 27 -24 -25 25 -27 -28 -29 -30 -31
leaf_value=-0.10731938197146884 0.0012409185359522291 0.010257259491594528 -0.00030030884325658039 0.31422542238678219 0.059396169033588998 0.0016425566346021548 -0.0118818899795901 -0.11942521413677963 -0.15753599108374594 0.040489898926328843 -0.10925016289302861 0.77074726693916995 -0.052307275306878336 -0.10731938197146884 0.71200515927288033 0.30448232858109958 -0.35750417517942223 -0.10731938197146884 -0.048964407301883922 -0.053732738082456155 0.00054821578780464011 0.083474746752787612 0.21746323935620923 -0.0724513183302367 -0.0029891721038460164 0.20330381157981156 0.30354276073039516 0.34850317526174646 0.0063472772310732674 -0.10731938197146884
leaf_weight=22470 16643 4148 3382 27427 10860 25195 40171 7983 2263 36487 14036 16918 4283 15271 2315 2352 2300 8349 37383 11950 11105 10197 9372 4951 13481 11083 22723 12920 6369 15502
leaf_count=22470 16643 4148 3382 27427 10860 25195 40171 7983 2263 36487 14036 16918 4283 15271 2315 2352 2300 8349 37383 11950 11105 10197 9372 4951 13481 11083 22723 12920 6369 15502
internal_value=-2.05867e-05 0.00872381 -0.0203799 0.00293156 0.0263383 -0.0130846 0.0045873 -0.0263004 0.000379339 0.0126777 -0.0324033 0.0200244 -0.00853919 -0.0380427 0.023763 -0.00545724 -0.00295543 -0.0235117 -0.0021955 -0.00678291 0.00992326 0.0119894 0.0066243 0.00545004 0.00156716 0.00843918 0.0271196 0.017726 -0.0122831 -0.0156163
internal_weight=429889 300730 129159 226320 74410 91418 214189 12131 140903 73286 17418 57767 74000 37741 46907 61368 104418 12632 102118 59016 36485 34222 45859 7266 64735 24564 39641 23117 33821 27452
internal_count=429889 300730 129159 226320 74410 91418 214189 12131 140903 73286 17418 57767 74000 37741 46907 61368 104418 12632 102118 59016 36485 34222 45859 7266 64735 24564 39641 23117 33821 27452
cat_boundaries=0 3 5 8 10 13 16 18 21 23 25 27 29
cat_threshold=184598674 4049601794 2 2147495936 1329736 33587330 1077936128 2 2147483648 1049088 269485060 67645440 4 268960836 134348800 13 0 16777472 33587200 0 2 134217744 2166358018 16777216 2684355586 1075576896 536592 0 264192
is_linear=0
shrinkage=0.05


Tree=31
num_leaves=31
num_cat=11
split_feature=0 0 0 0 1 1 6 3 6 0 6 3 3 11 0 1 0 3 11 10 0 0 5 1 1 0 6 1 1 0
split_gain=29077.3 12750.1 5555.6 5117.01 3210.64 2413.62 2043.6 1891.01 1795.4 1792.45 1233.66 1491.81 1136.74 1134.45 1236.37 1013.89 976.18 834.28 798.034 776.649 776.567 748.979 717.37 689.698 661.816 575.838 550.204 541.555 576.668 513.843
threshold=0 1 2 3 8.5000000000000018 9.5000000000000018 1.1666666666666667 22.500000000000004 2.5000000000000004 4 1.4166666666666667 22.500000000000004 21.500000000000004 681.50000000000011 5 10.500000000000002 6 24.500000000000004 -1274.9999999999998 9.5000000000000018 7 8 71.15000000000002 20.500000000000004 19.500000000000004 9 1.1666666666666667 22.500000000000004 9.5000000000000018 10
decision_type=9 9 9 9 2 2 2 2 2 9 2 2 2 2 9 2 9 2 2 2 9 9 2 2 2 9 2 2 2 9
left_child=3 16 6 -1 9 -5 7 -3 12 -4 11 25 19 14 23 -9 17 -2 -12 -6 24 -13 -16 26 -17 -7 -14 28 -8 -15
right_child=1 2 4 5 8 10 27 15 -10 -11 18 21 13 29 22 20 -18 -19 -20 -21 -22 -23 -24 -25 -26 -27 -28 -29 -30 -31
leaf_value=-0.10195341287289539 1.8148333410922115 0.29774552975882324 0.023159264088131251 -0.10185687382681743 0.20490228029502902 -0.10195341287289539 0.054381034240750206 -0.10083281636199537 0.28925821215204461 -0.1104675674683934 -0.16232131958657661 -0.10195341287289539 0.0053693876257439044 -0.024282459582122939 0.12914243577057646 0.484407962715661 0.0011788726091546131 0.27908360305109275 0.0071641288971665777 0.0067634620378393961 0.10138071419332562 -0.10195341287289539 -0.046099016589994872 -0.13603136098391042 -0.0841338554302304 -0.0010852092266478764 0.15848647708635133 -0.050602780409511099 0.47669070264437763 -0.12769726930260691
leaf_weight=23149 3634 29609 2924 9084 16189 5550 3174 10331 6928 7532 2190 17464 40199 1957 2886 4944 16643 4768 13071 20216 39107 16601 68049 9245 1601 12091 13492 1109 23023 3129
leaf_count=23149 3634 29609 2924 9084 16189 5550 3174 10331 6928 7532 2190 17464 40199 1957 2886 4944 16643 4768 13071 20216 39107 16601 68049 9245 1601 12091 13492 1109 23023 3129
internal_value=-0.000229478 0.00689282 0.00408174 -0.0239704 -0.00107753 -0.0176996 0.0128893 0.0090908 0.000467936 -0.0280222 -0.0144213 -0.0181081 -0.000518356 -0.00257886 -0.00169828 0.00368594 0.0411834 0.0271874 -0.00192976 0.00734652 0.00688688 -0.0242199 -0.00622384 0.00340292 0.0228146 -0.00630633 0.00557542 0.0248004 0.0262492 -0.025757
internal_weight=429889 330689 305644 99200 192746 76051 112898 85592 182290 10456 66967 51706 175362 138957 133871 55983 25045 8402 15261 36405 45652 34065 70935 62936 6545 17641 53691 27306 26197 5086
internal_count=429889 330689 305644 99200 192746 76051 112898 85592 182290 10456 66967 51706 175362 138957 133871 55983 25045 8402 15261 36405 45652 34065 70935 62936 6545 17641 53691 27306 26197 5086
cat_boundaries=0 3 5 8 10 12 14 16 18 20 23 25
cat_threshold=184598674 3495952640 2 2147483648 1311232 268448772 134236233 13 32898 1077936128 1048576 84422656 1619591424 204962 0 262144 0 16448 150994944 2149581056 33554432 2097152 2 327680 16
is_linear=0
shrinkage=0.05


Tree=32
num_leaves=31
num_cat=14
split_feature=0 0 0 1 0 0 1 3 6 6 3 6 1 1 0 0 0 0 0 3 0 0 3 0 10 1 11 0 10 1
split_gain=28100.9 12671.7 5734.23 5108.56 4232.17 2607.82 1995.36 1639.58 1595.35 1374.07 1369.13 1368.95 1053.41 1565.95 1897.04 1613.75 1002.13 1001.46 903.843 801.403 758.358 748.761 710.145 664.252 662.743 660.566 601.89 599.912 588.005 578.697
threshold=0 1 2 8.5000000000000018 3 4 9.5000000000000018 23.500000000000004 1.1666666666666667 1.1666666666666667 21.500000000000004 2.5000000000000004 19.500000000000004 10.500000000000002 5 6 7 8 9 24.500000000000004 10 11 23.500000000000004 12 11.500000000000002 20.500000000000004 -810.49999999999989 13 10.500000000000002 20.500000000000004
decision_type=9 9 9 2 9 9 2 2 2 2 2 2 2 2 9 9 9 9 9 2 9 9 2 9 2 2 2 9 2 2
left_child=2 16 -1 5 8 -3 17 18 10 21 24 12 13 14 -6 22 19 -4 -8 -2 -14 -9 -15 -24 -5 28 -17 -16 -20 -13
right_child=1 3 6 4 11 -7 7 9 -10 -11 -12 29 20 15 27 26 -18 -19 25 -21 -22 -23 23 -25 -26 -27 -28 -29 -30 -31
leaf_value=-0.096855742229250641 1.7240916740376009 0.002357888970980682 -0.0773238146491627 0.57215080967223952 -0.11896217829506442 -0.1060909502688538 -0.21852022140937433 -0.096855742229250641 0.43439048033808558 -0.027349985459903348 0.13028317390761188 0.39435166851188264 -0.1330867685191108 0.26040776252924724 0.16935445246208192 -0.015851995967520693 0.0011199289786969046 -0.096764030135476548 0.02553829531893639 0.26512942289853819 -0.0036665355307479611 -0.096855742229250641 0.75574333789259629 0.099424396867508424 0.20667939298636562 -0.12239196606084116 0.012494483076437746 -0.028414389264894702 -0.096855742229250641 -0.03775864919833323
leaf_weight=23149 3634 6645 2167 10249 10252 9170 2452 12878 23958 12351 55045 5924 15887 17137 5561 27263 16643 8008 12615 4768 17644 23033 3243 35467 9578 3703 32842 9518 8107 998
leaf_count=23149 3634 6645 2167 10249 10252 9170 2452 12878 23958 12351 55045 5924 15887 17137 5561 27263 16643 8008 12615 4768 17644 23033 3243 35467 9578 3703 32842 9518 8107 998
internal_value=-0.000479077 0.00694695 -0.0224844 0.00406035 0.005619 -0.0235884 -0.0164913 -0.0136793 0.0139458 -0.0191911 0.0103537 0.00108998 0.000226526 0.00211738 -0.00914492 0.00457776 0.0410916 -0.0372727 -0.00378204 0.0269139 -0.0077406 -0.0241388 0.0106961 0.00694653 0.0216195 -0.000869654 -0.00110871 0.00214395 0.00260593 0.022898
internal_weight=429889 321426 108463 296381 280566 15815 85314 75139 98830 48262 74872 181736 174814 141283 25331 115952 25045 10175 26877 8402 33531 35911 55847 38710 19827 24425 60105 15079 20722 6922
internal_count=429889 321426 108463 296381 280566 15815 85314 75139 98830 48262 74872 181736 174814 141283 25331 115952 25045 10175 26877 8402 33531 35911 55847 38710 19827 24425 60105 15079 20722 6922
cat_boundaries=0 3 5 7 10 13 15 18 20 22 23 25 28 30 32
cat_threshold=184598674 3512729856 2 2147483648 1311232 32898 1077936128 268448772 134236233 5 269497348 67647560 12 546832384 536941698 612958272 537067680 8 0 262144 0 16777472 33554432 604307456 637600928 16400 268435456 2 0 65536 1073741888 67633168
is_linear=0
shrinkage=0.05


Tree=33
num_leaves=31
num_cat=12
split_feature=0 0 0 1 0 0 1 6 3 6 3 6 3 0 0 1 0 2 11 0 0 10 11 1 0 3 0 1 11 9
split_gain=27677.3 12671.7 5244.77 4812.23 4253.75 2726.98 2480.48 1549.76 1535.57 1464.03 1375.24 1332.47 1298.38 1152.65 872.08 805.032 794.772 765.853 756.19 741.043 737.865 720.99 700.777 837.547 725.376 682.408 590.639 574.792 557.72 556.175
threshold=0 1 2 8.5000000000000018 3 4 9.5000000000000018 1.1666666666666667 21.500000000000004 1.1666666666666667 23.500000000000004 1.1666666666666667 22.500000000000004 5 6 20.500000000000004 7 1.0000000180025095e-35 641.50000000000011 8 9 11.500000000000002 -1134.9999999999998 10.500000000000002 10 24.500000000000004 11 22.500000000000004 -1387.4999999999998 52.500000000000007
decision_type=9 9 9 2 9 9 2 2 2 2 2 2 2 9 9 2 9 2 2 9 9 2 2 2 9 2 9 2 2 2
left_child=2 13 -1 5 7 -3 -4 8 21 12 14 19 26 25 -8 -16 -14 -11 -18 -12 28 -5 -10 -24 -25 -2 -6 29 -19 -9
right_child=1 3 6 4 9 -7 10 27 22 17 11 -13 16 -15 15 -17 18 20 -20 -21 -22 -23 23 24 -26 -27 -28 -29 -30 -31
leaf_value=-0.092012955117788134 1.6378870903357208 0.0022399945224316656 -0.091925828628702716 0.50956121514109365 0.08605171674984069 -0.10078640275541112 -0.2075942103389056 0.47401596307986493 -0.040343204275288348 -0.16228337752205013 -0.092012955117788134 -0.094100664765793249 -0.076943557944703492 0.001063932529762024 0.0033754694288647968 -0.11627236775779909 -0.0035797946199595644 -0.19822594937704352 -0.1062220581390414 -0.092012955117788134 0.0089509198147942112 0.1830229910309015 -0.031693406167292791 0.32584688376417648 0.13164785348687999 0.25187295175361124 -0.0034374553379048936 -0.054817981322575718 0.22069728457199123 0.095517295650488609
leaf_weight=23149 3634 7137 9084 11114 21031 9170 2452 20743 11633 1952 16421 10956 31862 16643 18377 3196 58708 860 3111 15565 20949 10381 8363 8322 31290 4768 23592 1109 20225 4092
leaf_count=23149 3634 7137 9084 11114 21031 9170 2452 20743 11633 1952 16421 10956 31862 16643 18377 3196 58708 860 3111 15565 20949 10381 8363 8322 31290 4768 23592 1109 20225 4092
internal_value=-0.00055305 0.0063957 -0.0237154 0.00359328 0.00508283 -0.0228338 -0.017367 0.0129935 0.00959212 0.000436643 -0.0140435 -0.0194029 -0.00209032 0.0405807 -0.0044641 -0.00124403 -0.00543387 0.00838221 -0.00212603 -0.0245576 0.00980397 0.0210491 0.00546068 0.00813028 0.0111658 0.0253923 0.00492907 0.0236317 0.0164044 0.0252043
internal_weight=429889 330689 99200 305644 289337 16307 76051 107047 81103 182290 66967 42942 138304 25045 24025 21573 93681 43986 61819 31986 42034 21495 59608 47975 39612 8402 44623 25944 21085 24835
internal_count=429889 330689 99200 305644 289337 16307 76051 107047 81103 182290 66967 42942 138304 25045 24025 21573 93681 43986 61819 31986 42034 21495 59608 47975 39612 8402 44623 25944 21085 24835
cat_boundaries=0 3 5 7 10 13 15 16 18 20 22 24 26
cat_threshold=184598674 3495952640 2 2147483648 1311232 32898 1077936128 268448772 134236233 13 269497348 84424776 12 0 262144 33554432 68485120 587206656 150994944 2149581056 1686176000 100860064 0 16449 69009472 50462768
is_linear=0
shrinkage=0.05


Tree=34
num_leaves=31
num_cat=12
split_feature=0 0 0 1 0 0 1 6 3 6 3 3 0 11 0 11 10 1 0 3 0 1 10 0 0 1 11 9 15 0
split_gain=26428.7 12782.3 5365.87 4646.04 3902.27 2726.98 2543.94 1486.5 1415.88 1408.79 1729.27 1316.51 1245.66 1074.1 1001.65 918.123 904.914 762.267 761.279 683.418 679.142 671.634 654.917 643.645 547.352 536.95 534.343 512.786 552.46 509.544
threshold=0 1 2 8.5000000000000018 3 4 9.5000000000000018 1.1666666666666667 23.500000000000004 1.1666666666666667 22.500000000000004 21.500000000000004 5 681.50000000000011 6 -1274.9999999999998 10.500000000000002 19.500000000000004 7 24.500000000000004 8 13.500000000000002 11.500000000000002 9 10 22.500000000000004 -1377.4999999999998 63.500000000000007 0.46666666666666673 11
decision_type=9 9 9 2 9 9 2 2 2 2 2 2 9 2 9 2 2 2 9 2 9 2 2 9 9 2 2 2 2 9
left_child=2 12 -1 5 7 -3 -4 11 16 10 23 22 19 14 21 -11 17 20 -12 -2 -6 -10 -5 -8 -17 -16 -13 28 -28 -19
right_child=1 3 6 4 8 -7 9 -9 13 15 18 26 -14 -15 25 24 -18 29 -20 -21 -22 -23 -24 -25 -26 -27 27 -29 -30 -31
leaf_value=-0.087412307361898742 1.5559927358189345 0.0021279947963100732 -0.087329537197267604 0.51806520843157278 0.26971150519370307 -0.095747082617640533 -0.098301430466640707 0.39280665051501207 0.0049700758744205768 -0.14227203691631579 -0.087412307361898742 -0.19291598657939774 0.0010107359032739184 -0.10792719468286688 0.016956776436511146 -0.11761271880713822 -0.0092264120144584186 -0.15924047023587617 -0.087412307361898742 0.23927930416593066 0.088494572522844095 -0.055572921119061203 0.18719427378550213 -0.0014396008616905931 0.012923790046961337 -0.12295014552755729 0.083215127113934528 -0.44243229443098786 0.19406502431859174 0.058832587139168349
leaf_weight=23149 3634 7137 9084 10249 15227 9170 3758 23958 22441 2291 17121 2130 16643 4639 54076 3338 24725 3048 16258 4768 15722 43405 9578 13883 10318 2594 28745 942 23228 4630
leaf_count=23149 3634 7137 9084 10249 15227 9170 3758 23958 22441 2291 17121 2130 16643 4639 54076 3338 24725 3048 16258 4768 15722 43405 9578 13883 10318 2594 28745 942 23228 4630
internal_value=-0.000842659 0.00594755 -0.0234765 0.00313295 0.00459654 -0.0228338 -0.0170554 0.0126578 0.000413874 -0.0136896 -0.017744 0.00919035 0.0402814 -0.00262868 -0.00173447 -0.000718003 0.00652071 0.0113017 -0.024436 0.0245007 0.0148002 -0.00592809 0.0202376 -0.00508191 0.00419596 0.00313867 0.00521119 0.00619957 0.00686222 -0.00280021
internal_weight=429889 330689 99200 305644 289337 16307 76051 98830 190507 66967 51020 74872 25045 127155 122516 15947 63352 38627 33379 8402 30949 65846 19827 17641 13656 56670 55045 52915 51973 7678
internal_count=429889 330689 99200 305644 289337 16307 76051 98830 190507 66967 51020 74872 25045 127155 122516 15947 63352 38627 33379 8402 30949 65846 19827 17641 13656 56670 55045 52915 51973 7678
cat_boundaries=0 3 5 7 10 13 15 18 20 23 26 28 30
cat_threshold=184598674 3495952640 2 2147483648 1311232 32898 1077936128 268448772 134236233 5 269497348 84424776 12 0 262144 68419648 654840848 8 150994944 2149581056 1141702720 570556432 8 33554432 0 2 167772160 2097152 604307456 570494992
is_linear=0
shrinkage=0.05


Tree=35
num_leaves=31
num_cat=12
split_feature=0 0 0 1 0 0 1 6 3 3 3 6 11 9 2 0 0 1 1 0 0 10 1 5 0 10 0 0 1 2
split_gain=26561 12636.4 5245.78 4822.08 4221.31 2717.1 2481.01 1608.48 1572.06 1450.72 1376.77 1332.47 1007.73 954.842 923.39 897.146 872.595 805.677 805.206 806.559 741.043 666.206 649.429 609.51 547.502 537.388 530.295 528.248 511.136 503.147
threshold=0 1 2 8.5000000000000018 3 4 9.5000000000000018 1.1666666666666667 22.500000000000004 23.500000000000004 23.500000000000004 1.1666666666666667 681.50000000000011 63.500000000000007 4.5000000000000009 5 6 20.500000000000004 20.500000000000004 7 8 10.500000000000002 19.500000000000004 75.800000000000011 9 2.5000000000000004 10 11 19.500000000000004 4.5000000000000009
decision_type=9 9 9 2 9 9 2 2 2 2 2 2 2 2 2 9 9 2 2 9 9 2 2 2 9 2 9 9 2 2
left_child=2 -2 -1 5 7 -3 -4 8 27 15 16 20 13 14 18 22 -8 -18 19 -11 -12 -17 -6 -16 -14 -10 -25 -5 -29 -27
right_child=1 3 6 4 9 -7 10 -9 25 12 11 -13 24 -15 23 21 17 -19 -20 -21 -22 -23 -24 26 -26 29 -28 28 -30 -31
leaf_value=-0.08304169199380379 0.00096019910811024907 -0.0072956628817299144 -0.082963060337404221 0.7281930990279879 0.23087422912768008 -0.09095972848675854 -0.19229942829862826 0.40130598551019186 -0.07586822664337306 0.1056292454558431 -0.08304169199380379 -0.082282029681687796 -0.026923791057355831 -0.31985894981319041 0.084947800043874547 0.074254694997960516 0.0032786760005061311 -0.11038676932682462 -0.096080457484956583 -0.0041357941606579018 -0.08304169199380379 -0.031715038630675707 -0.024134864801168023 0.0038437327397659263 -0.1025308349487235 0.17922963232307262 -0.078246734054892297 0.30595861241778838 -0.0099071859618575786 -0.0015718957761546193
leaf_weight=23149 16643 7617 9084 6308 20408 9170 2452 24156 5931 36506 16421 10956 1773 2103 3731 24889 18377 3196 13049 39794 15565 15994 4602 4911 2866 27548 26987 16096 3639 15968
leaf_count=23149 16643 7617 9084 6308 20408 9170 2452 24156 5931 36506 16421 10956 1773 2103 3731 24889 18377 3196 13049 39794 15565 15994 4602 4911 2866 27548 26987 16096 3639 15968
internal_value=-0.00102294 0.00578426 -0.0237133 0.00353345 0.0050059 -0.0225383 -0.0173644 0.0133961 0.00980395 0.000774454 -0.0140405 -0.0194029 -0.00225554 -0.00141996 -0.000857751 0.00683153 -0.00445578 -0.00123477 0.0018562 0.00381913 -0.0245576 0.00226567 0.0142886 -0.0076637 -0.0251455 0.00456752 -0.00990031 0.0197462 0.0156926 0.00649187
internal_weight=429889 330689 99200 314046 297259 16787 76051 99646 75490 197613 66967 42942 131720 127081 124978 65893 24025 21573 89349 76300 31986 40883 25010 35629 4639 49447 31898 26043 19735 43516
internal_count=429889 330689 99200 314046 297259 16787 76051 99646 75490 197613 66967 42942 131720 127081 124978 65893 24025 21573 89349 76300 31986 40883 25010 35629 4639 49447 31898 26043 19735 43516
cat_boundaries=0 3 5 7 10 13 16 17 19 21 23 25 27
cat_threshold=184598674 3495952640 2 2147483648 1049088 32898 1077936128 268448772 280649 5 269497348 84686920 12 67960896 134348848 8 33554432 1619591168 201524386 150994944 2149581056 327680 16 256 73760 4096 264192
is_linear=0
shrinkage=0.05


Tree=36
num_leaves=31
num_cat=11
split_feature=0 0 0 1 0 1 0 3 11 6 3 6 3 6 0 0 1 2 5 10 1 5 0 0 0 0 9 9 10 2
split_gain=25809.5 12749.6 5515.57 4523.93 3837.81 2849.27 2649.43 1567.25 1422.06 1569.42 1338.6 1249.3 1273.88 1047.57 880.494 850.936 763.376 742.432 709.702 709.7 707.921 707.354 749.651 707.292 637.789 532.704 524.88 496.722 490.023 582.854
threshold=0 1 2 8.5000000000000018 3 10.500000000000002 4 23.500000000000004 -1274.9999999999998 1.1666666666666667 22.500000000000004 1.1666666666666667 21.500000000000004 1.1666666666666667 5 6 21.500000000000004 1.0000000180025095e-35 68.40000000000002 11.500000000000002 22.500000000000004 71.15000000000002 7 8 9 10 63.500000000000007 61.500000000000007 2.5000000000000004 4.5000000000000009
decision_type=9 9 9 2 9 2 9 2 2 2 2 2 2 2 9 9 2 2 2 2 2 2 9 9 9 9 2 2 2 2
left_child=2 -2 -1 6 7 14 -3 16 -7 10 24 12 18 28 -4 -12 19 -13 -6 -5 23 -14 -23 -19 -10 -11 -24 -15 -9 -30
right_child=1 3 5 4 11 8 -8 13 9 25 15 17 21 27 -16 -17 -18 20 -20 -21 -22 22 26 -25 -26 -27 -28 -29 29 -31
leaf_value=-0.078889607394113576 0.00091218915270472331 -0.0069308797376434585 -0.055761758957829248 0.47859926778038048 -0.17094507397403627 -0.078889607394113576 -0.087616668538794337 -0.072472652590237982 -0.093550292743333999 0.017146922276356679 -0.078889607394113576 -0.15021302459352537 0.17907348359100725 0.32101042821288711 -0.078911446366611987 -0.078889607394113576 -0.044626875322600415 0.21366374714586389 0.072656220879564512 0.19049885791297605 -0.14298705806716783 -0.1150025832657192 -0.011225724446316577 0.03516993484587623 0.0028222748967712263 -0.1011809475407377 -0.25251653200381269 -0.1468989812862482 0.16517029174047337 -0.012743439892386733
leaf_weight=23149 16643 7617 1684 23352 1727 8228 8921 6368 3181 7849 14696 1965 3597 16825 13821 13680 2853 20975 34343 11918 2214 17857 82384 19798 11775 5351 1682 1079 28305 16052
leaf_count=23149 16643 7617 1684 23352 1727 8228 8921 6368 3181 7849 14696 1965 3597 16825 13821 13680 2853 20975 34343 11918 2214 17857 82384 19798 11775 5351 1682 1079 28305 16052
internal_value=-0.00128603 0.00560929 -0.0230527 0.00331847 0.00475325 -0.0168465 -0.0221248 0.0123134 -0.012239 -0.00941237 -0.0140104 0.000426155 -0.00187937 0.00779918 -0.0361013 -0.0203905 0.020443 0.0076882 0.00623233 0.0224553 0.00906204 -0.0046522 -0.00542125 0.0105572 -0.00190559 0.00568182 -0.00344331 0.0181971 0.00412913 0.00599116
internal_weight=429889 326475 103414 309832 293294 80265 16538 106752 64760 56532 43332 186542 141590 68629 15505 28376 38123 44952 36070 35270 42987 105520 101923 40773 14956 13200 84066 17904 50725 44357
internal_count=429889 326475 103414 309832 293294 80265 16538 106752 64760 56532 43332 186542 141590 68629 15505 28376 38123 44952 36070 35270 42987 105520 101923 40773 14956 13200 84066 17904 50725 44357
cat_boundaries=0 3 5 7 10 13 15 17 19 22 25 28
cat_threshold=184598674 3495952642 2 2147483648 1049088 32898 1077936128 268448772 134498377 5 269497348 84686920 12 0 256 16777216 2149581058 1048576 587202560 1686176000 100860032 8 33554432 0 2 16793616 2415919104 2
is_linear=0
shrinkage=0.05


Tree=37
num_leaves=31
num_cat=12
split_feature=0 0 0 1 0 1 0 3 11 6 3 3 0 6 11 10 1 11 0 0 1 0 10 0 6 0 9 0 1 11
split_gain=25743.1 12696.1 5721.82 4410.89 3609.28 2768.93 2632.89 1369.08 1330.78 1522.07 1245.73 1040.11 1215.38 1007.43 1002.71 887.814 826.489 825.649 1016.53 721.801 697.173 856.264 683.462 579.656 575.187 553.475 541.895 497.047 496.718 484.005
threshold=0 1 2 8.5000000000000018 3 9.5000000000000018 4 23.500000000000004 -1274.9999999999998 1.1666666666666667 23.500000000000004 22.500000000000004 5 1.1666666666666667 681.50000000000011 10.500000000000002 19.500000000000004 -924.99999999999989 6 7 19.500000000000004 8 11.500000000000002 9 0.83333333333333337 10 5.5000000000000009 11 11.500000000000002 -631.99999999999989
decision_type=9 9 9 2 9 2 9 2 2 2 2 2 9 2 2 2 2 2 9 9 2 9 2 9 2 9 2 9 2 2
left_child=2 -2 -1 6 10 -4 -3 15 -7 11 20 19 -13 -12 17 16 24 23 -19 -10 22 -22 28 -9 -6 -16 -26 -11 -5 -20
right_child=1 3 5 4 7 8 -8 14 9 27 13 12 -14 -15 25 -17 -18 18 29 -21 21 -23 -24 -25 26 -27 -28 -29 -30 -31
leaf_value=-0.074945127024407879 0.00086657969506944712 -0.0065843357507612945 -0.074869335002203427 0.23547954914382549 -0.049552044661190391 -0.074945127024407879 -0.083238447545276539 -0.075044174394055405 0.061514549757489691 -0.025489342023653716 0.10183058238754744 -0.076778276951264782 -0.074945127024407879 0.29271258648331688 -0.02501631528217221 -0.0029612156152744266 -0.020218032120897525 -0.018715683231232738 0.17495582560594461 -0.082753076228757966 0.45732945898929778 -0.18724457221044233 0.18097391501732718 -0.0056875011949188096 -0.0066880120744679424 -0.099162789943581145 0.21812153981072271 0.016289576162538833 0.60045910214362841 0.014302937668329907
leaf_weight=23149 16643 7617 10164 5002 2843 9072 8674 23842 3736 4846 47367 16488 15249 16697 1773 24615 7613 28061 19134 14555 3660 3363 9863 24151 3707 2866 24284 10318 13694 26843
leaf_count=23149 16643 7617 10164 5002 2843 9072 8674 23842 3736 4846 47367 16488 15249 16697 1773 24615 7613 28061 19134 14555 3660 3363 9863 24151 3707 2866 24284 10318 13694 26843
internal_value=-0.00135535 0.00571354 -0.0225329 0.00339719 0.00482241 -0.0164902 -0.021917 0.000775263 -0.0131423 -0.0106455 0.0125271 -0.0148517 -0.0203249 0.00836195 -0.00222152 0.0067949 0.0115419 -0.00135416 0.0019571 -0.00535509 0.0200298 0.00591628 0.0235005 -0.0064624 0.0151845 -0.0250377 0.0173609 0.00323134 0.0291185 0.00653337
internal_weight=429889 322312 107577 305669 289378 84428 16291 189732 74264 65192 99646 50028 31737 64064 126670 63062 38447 122031 74038 18291 35582 7023 28559 47993 30834 4639 27991 15164 18696 45977
internal_count=429889 322312 107577 305669 289378 84428 16291 189732 74264 65192 99646 50028 31737 64064 126670 63062 38447 122031 74038 18291 35582 7023 28559 47993 30834 4639 27991 15164 18696 45977
cat_boundaries=0 3 5 7 10 13 15 17 19 22 24 26 28
cat_threshold=184598674 3495953664 2 2147483648 1049088 32898 1077936128 268448772 280649 5 269497348 84686920 12 16777216 2149582080 68419840 553660432 16777216 268435456 268439556 264192 4 1074790464 117571616 327680 16 167772160 2098176
is_linear=0
shrinkage=0.05


Tree=38
num_leaves=31
num_cat=12
split_feature=0 0 0 1 0 1 0 6 3 3 6 3 0 6 11 0 1 2 9 1 0 10 0 0 9 2 0 2 0 10
split_gain=25343.5 12996 5438.85 4371.66 3611.17 2784.82 2649.43 1408.46 1448.42 1384.13 1143.53 1169.67 934.618 875.827 872.897 777.719 693.111 672.29 717.82 627.468 619.241 614.495 592.912 576.326 549.988 541.142 497.79 527.623 495.982 485.11
threshold=0 1 2 8.5000000000000018 3 9.5000000000000018 4 1.1666666666666667 22.500000000000004 23.500000000000004 1.1666666666666667 21.500000000000004 5 1.1666666666666667 -1274.9999999999998 6 21.500000000000004 1.0000000180025095e-35 52.500000000000007 20.500000000000004 7 9.5000000000000018 8 9 63.500000000000007 4.5000000000000009 10 1.0000000180025095e-35 11 2.5000000000000004
decision_type=9 9 9 2 9 2 9 2 2 2 2 2 9 2 2 9 2 2 2 2 9 2 9 9 2 2 9 2 9 2
left_child=2 -2 -1 6 9 -4 -3 8 22 16 11 21 -10 29 -9 -13 23 -12 19 20 -19 -6 -7 -5 25 -17 -16 -28 -15 -11
right_child=1 3 5 4 10 7 -8 14 12 13 17 15 -14 28 26 24 -18 18 -20 -21 -22 -23 -24 -25 -26 -27 27 -29 -30 -31
leaf_value=-0.071197870673187502 0.00082325071031599253 -0.0062551189632232612 -0.071125868252093258 0.62856575441103146 0.16802600827164352 -0.085101095454147457 -0.079073912734590746 -0.12194735988323271 -0.071197870673187502 -0.073940549080103321 -0.14006627695124188 -0.097368790570824357 -0.071197870673187502 0.15495505122738359 -0.10128446690447737 0.0050359166750460821 -0.05698714054530854 0.29883956456215904 -0.051148518998603981 -0.024228561519306524 0.10823161950223224 0.0034279375397299641 -0.0027814312266828626 0.25045266515488507 -0.2362899812706668 -0.044477472395034391 -0.19513275651450412 0.015475097354411904 0.38027951506804636 0.10541381077661161
leaf_weight=23149 16643 7617 9626 10106 15130 3758 8921 2291 19849 6368 1965 18537 16258 7489 1117 53980 2853 15217 7673 5103 14994 20940 13883 25164 1682 31321 629 12854 10415 44357
leaf_count=23149 16643 7617 9626 10106 15130 3758 8921 2291 19849 6368 1965 18537 16258 7489 1117 53980 2853 15217 7673 5103 14994 20940 13883 25164 1682 31321 629 12854 10415 44357
internal_value=-0.00163333 0.00519947 -0.0232025 0.00288663 0.00429705 -0.0170396 -0.0221248 -0.0136037 -0.0175616 0.0116305 9.97041e-05 -0.00210608 -0.0232988 0.00738828 -0.00100941 -0.00476308 0.0192705 0.00704752 0.00835485 0.0113666 0.0141058 0.00566676 -0.00581883 0.021188 -0.00278011 -0.00222213 0.00349315 0.00615504 0.0168957 0.00403253
internal_weight=429889 326475 103414 309832 293294 80265 16538 70639 53748 106752 186542 141590 36107 68629 16891 105520 38123 44952 42987 35314 30211 36070 17641 35270 86983 85301 14600 13483 17904 50725
internal_count=429889 326475 103414 309832 293294 80265 16538 70639 53748 106752 186542 141590 36107 68629 16891 105520 38123 44952 42987 35314 30211 36070 17641 35270 86983 85301 14600 13483 17904 50725
cat_boundaries=0 3 5 7 10 13 15 17 20 23 25 26 29
cat_threshold=184598674 3495952642 2 2147483648 1049088 32898 1077936128 268448772 134498377 5 269497348 84686920 12 150994944 2149581058 1048576 587202560 1686176000 100860032 8 33554432 0 2 4096 134481920 33554432 268436484 134217729 1
is_linear=0
shrinkage=0.05


Tree=39
num_leaves=31
num_cat=12
split_feature=0 0 0 1 1 0 0 3 6 0 0 9 6 2 2 1 0 3 9 1 0 0 5 0 2 1 0 10 6 10
split_gain=24695.8 12566.1 6736.52 4208.71 2681.64 2649.7 2412.55 1366.88 1461.38 1201.13 1195.44 1022.78 1025.05 1019.2 1392.58 1000.27 840.821 779.886 705.442 658.434 1002.61 981.379 591.007 547.672 507.191 498.326 495.399 479.374 477.176 470.466
threshold=0 1 2 8.5000000000000018 9.5000000000000018 3 4 23.500000000000004 1.1666666666666667 5 6 51.500000000000007 1.1666666666666667 1.0000000180025095e-35 4.5000000000000009 19.500000000000004 7 21.500000000000004 52.500000000000007 10.500000000000002 8 9 77.050000000000011 10 1.0000000180025095e-35 20.500000000000004 11 11.500000000000002 1.4166666666666667 16.500000000000004
decision_type=9 9 9 2 2 9 9 2 2 9 9 2 2 2 2 2 9 2 2 2 9 9 2 9 2 2 9 2 2 2
left_child=2 -2 9 6 10 11 -3 25 16 -1 -4 12 17 23 15 18 -9 27 19 21 28 -15 -16 -7 -14 -6 -26 -5 -21 -22
right_child=1 3 4 5 7 13 -8 8 -10 -11 -12 -13 24 14 22 -17 -18 -19 -20 20 29 -23 -24 -25 26 -27 -28 -29 -30 -31
leaf_value=-0.067637977139528127 0.00078208817480023289 -0.0087933298527413054 -0.058097807251768697 0.47418513004295382 0.005608057774978548 -0.0021788766463497924 -0.075754915409154577 -0.069379469570042179 6.9895023501853615e-05 -0.067637977139528127 -0.067569574839488583 -0.022468487555975261 -0.138734460685356 0.18125134465895254 0.010280499992702375 -0.030594145576800805 -0.067637977139528127 0.11731509730114134 -0.014050436793747956 0.199550438656377 0.15150523724592535 -0.080109212489213641 -0.062302884798590523 -0.090109270389649693 0.67177815609455971 -0.10073181923254992 0.24305122490792572 0.15038697343229401 0.41048521638072161 0.0034102121871645965
leaf_weight=22470 16643 7125 2167 10365 22969 12569 8240 17973 12926 15271 8146 12849 1044 5353 20089 18629 19034 46621 11765 16077 17346 6869 28919 13367 8873 3989 10278 9616 8372 13935
leaf_count=22470 16643 7125 2167 10365 22969 12569 8240 17973 12926 15271 8146 12849 1044 5353 20089 18629 19034 46621 11765 16077 17346 6869 28919 13367 8873 3989 10278 9616 8372 13935
internal_value=-0.0016738 0.0059973 -0.0203949 0.00355779 -0.0127537 0.00499128 -0.0219037 -0.00954403 -0.0144424 -0.0380427 -0.0366964 0.0114875 0.0134377 0.00125505 0.00286385 0.00629512 -0.0194977 0.0104456 0.00873277 0.0106899 0.0129948 0.000180003 -0.00402179 -0.00788479 0.0233053 -0.000471103 0.0251553 0.0187103 0.0205793 0.00705794
internal_weight=429889 304944 124945 288301 87204 272936 15365 76891 49933 37741 10313 99646 86797 173290 147354 98346 37007 66602 79717 67952 55730 12222 49008 25936 20195 26958 19151 19981 24449 31281
internal_count=429889 304944 124945 288301 87204 272936 15365 76891 49933 37741 10313 99646 86797 173290 147354 98346 37007 66602 79717 67952 55730 12222 49008 25936 20195 26958 19151 19981 24449 31281
cat_boundaries=0 3 5 8 11 14 17 19 21 24 27 30 33
cat_threshold=184598674 4049601792 2 2147483648 1049088 33587330 1077936128 2 268448772 280649 5 269497348 67909704 12 33587200 0 2 0 16777472 0 2686452992 545849344 167968896 8 1074069568 67764272 8 852032 134815794 8 12288 280576 4
is_linear=0
shrinkage=0.05


Tree=40
num_leaves=31
num_cat=14
split_feature=0 0 0 1 1 0 0 0 6 0 1 0 1 6 3 0 9 0 6 1 0 0 1 0 5 9 0 11 9 5
split_gain=24734.1 12489.8 6930.57 4028.72 3089.57 2347.52 2342.29 1861.15 1456.48 1201.13 1169.51 1298.83 1119.78 1112.25 1320.82 1195.65 1040.63 903.588 860.134 814.319 1219.86 1164.11 755.856 719.94 580.582 636.042 567.935 552.604 531.622 481.87
threshold=0 1 2 8.5000000000000018 10.500000000000002 3 4 5 2.5000000000000004 6 20.500000000000004 7 22.500000000000004 1.1666666666666667 22.500000000000004 8 51.500000000000007 9 1.1666666666666667 10.500000000000002 10 11 18.500000000000004 12 90.300000000000026 45.500000000000007 13 -1204.9999999999998 63.500000000000007 71.15000000000002
decision_type=9 9 9 2 2 9 9 9 2 9 2 9 2 2 2 9 2 9 2 2 9 9 2 9 2 2 9 2 2 2
left_child=2 -2 9 6 7 18 -3 -4 12 -1 13 -12 16 14 -6 -16 19 -14 27 21 22 -7 24 -24 -21 -26 -23 -5 -18 -22
right_child=1 3 4 5 10 8 -8 -9 -10 -11 11 -13 17 -15 15 -17 28 -19 -20 20 29 26 23 -25 25 -27 -28 -29 -30 -31
leaf_value=-0.06425607828255174 0.00074298376606023457 -0.0083536633601042354 0.0064627248902769281 -0.081186705019374028 0.0053276548862296385 -0.11866933563701654 -0.071967169638696857 -0.066089228209408643 0.34015000661199724 -0.06425607828255174 0.00050749902178317543 -0.06425607828255174 0.0082401931169042274 0.014697847735516235 -0.088787365546034377 -0.06425607828255174 -0.028619802404173545 -0.13360410339948975 0.52532340741998673 0.18941303683982583 0.15555140120691782 0.15061005208502787 0.17214144208660356 -0.078874887747674732 -0.082625639050812091 0.33412775287610907 -0.022740075739866052 0.21612326271873494 -0.30261489701730526 0.001929611105732576
leaf_weight=22470 16643 7125 3382 4471 15401 5404 7991 14036 8768 15271 4283 8349 3961 14621 13821 17525 26001 5502 11427 47365 6689 5738 8656 9885 4100 1254 15434 30985 2273 71058
leaf_count=22470 16643 7125 3382 4471 15401 5404 7991 14036 8768 15271 4283 8349 3961 14621 13821 17525 26001 5502 11427 47365 6689 5738 8656 9885 4100 1254 15434 30985 2273 71058
internal_value=-0.00171707 0.00614285 -0.0200168 0.00367568 -0.0125716 0.00508735 -0.0214409 -0.0315191 0.00294059 -0.0380427 -0.00811351 -0.021968 0.00211982 -0.0052617 -0.00902625 -0.0149174 0.00290032 -0.0146941 0.0152528 0.00433385 0.00577188 -0.00372893 0.0104967 0.0018149 0.013552 -0.00205454 0.00156265 0.0114113 -0.00600198 0.00143974
internal_weight=429889 300730 129159 284087 91418 268971 15116 17418 222088 37741 74000 12632 213320 61368 46747 31346 203857 9463 46883 175583 149007 26576 71260 18541 52719 5354 21172 35456 28274 77747
internal_count=429889 300730 129159 284087 91418 268971 15116 17418 222088 37741 74000 12632 213320 61368 46747 31346 203857 9463 46883 175583 149007 26576 71260 18541 52719 5354 21172 35456 28274 77747
cat_boundaries=0 3 5 8 10 13 15 18 20 22 25 28 30 33 35
cat_threshold=184598674 4049601794 2 2147483648 1049088 33587330 1077936128 2 12288 280640 269497348 67909704 12 0 16777472 33587200 0 2 134217744 2166358018 16777216 538969090 278396992 667680 9 277414916 134414505 5 545783808 33620096 277348356 8 5 1073742912 67633168
is_linear=0
shrinkage=0.05


Tree=41
num_leaves=31
num_cat=15
split_feature=0 0 0 1 0 0 1 1 1 0 6 3 0 3 0 9 0 11 1 0 6 10 5 2 0 0 0 0 2 0
split_gain=24376.1 13284.7 5328.93 4412.44 2897.56 2717.1 2524.58 1770.86 1769.55 1907.54 1508.77 1598.55 1200.69 1317.25 924.047 782.343 763.055 700.643 699.526 842.452 777.737 609.646 601.858 670.257 592.912 560.575 528.72 503.829 540.943 493.532
threshold=0 1 2 8.5000000000000018 3 4 9.5000000000000018 10.500000000000002 18.500000000000004 5 1.1666666666666667 22.500000000000004 6 24.500000000000004 7 63.500000000000007 8 -1297.4999999999998 22.500000000000004 9 2.5000000000000004 10.500000000000002 71.15000000000002 1.5000000000000002 10 11 12 13 1.0000000180025095e-35 14
decision_type=9 9 9 2 9 9 2 2 2 9 2 2 9 2 9 2 9 2 2 9 2 2 2 2 9 9 9 9 2 9
left_child=2 -2 -1 5 7 -3 -4 14 12 -10 11 24 -9 21 -5 18 -13 -12 20 -20 22 -14 23 -6 -8 -24 -11 -19 -29 -16
right_child=1 3 6 4 15 -7 10 8 9 26 17 16 13 -15 29 -17 -18 27 19 -21 -22 -23 25 -25 -26 -27 -28 28 -30 -31
leaf_value=-0.061043274368424161 0.0007058345777572584 -0.0033606088969874827 -0.060886634687043723 -0.18058983384897262 -0.042302057638677587 -0.066529186369094884 -0.074251337910336113 0.65099245351983726 0.53530189952566265 -0.21900221749846172 -0.11286443809972907 -0.061043274368424161 0.43604188838918462 0.10044040241557682 0.31508599878176291 -0.26963268978032506 -0.061043274368424161 -0.089625540788149535 0.0043158365781876817 -0.10504896334592227 0.1904456015769892 0.17150564290172846 0.0097397446892339094 0.18947989070286619 -0.0031891452984091021 -0.035418847562951682 -0.0015238626582371852 -0.18611450582672984 0.013962955348740459 -0.032387494691557529
leaf_weight=23149 16643 7617 9084 3410 2600 9170 3758 13463 6888 4776 2058 17121 15558 43550 2146 1635 16258 1126 3610 3658 5317 15601 65019 6782 13883 58668 28323 568 12195 16255
leaf_count=23149 16643 7617 9084 3410 2600 9170 3758 13463 6888 4776 2058 17121 15558 43550 2146 1635 16258 1126 3610 3658 5317 15601 65019 6782 13883 58668 28323 568 12195 16255
internal_value=-0.00181198 0.00470927 -0.023549 0.00240148 0.00380998 -0.0225383 -0.0171501 0.00870183 0.0109438 0.00221947 -0.0137971 -0.0179929 0.0149004 0.0124179 -0.00446793 -0.00117143 -0.024427 -0.000373111 -0.000785423 -0.0159053 8.6714e-06 0.0202686 -0.000740593 0.0114688 -0.00581883 -0.00166671 -0.00276511 0.00366117 0.00649417 -2.98734e-05
internal_weight=429889 330689 99200 314046 297259 16787 76051 149970 128159 39987 66967 51020 88172 74709 21811 147289 33379 15947 145654 7268 138386 31159 133069 9382 17641 123687 33099 13889 12763 18401
internal_count=429889 330689 99200 314046 297259 16787 76051 149970 128159 39987 66967 51020 88172 74709 21811 147289 33379 15947 145654 7268 138386 31159 133069 9382 17641 123687 33099 13889 12763 18401
cat_boundaries=0 3 5 7 10 13 15 17 19 21 24 27 30 32 33 34
cat_threshold=184598674 3495952640 2 2147483648 1049088 32898 1077936128 269038852 134695017 5 269497348 84686920 12 268959744 264192 0 83968 524288 81920 150994944 2149581056 9437248 17313792 8 33554432 0 2 1686110272 67117200 8 0 134283265 33554432 9216
is_linear=0
shrinkage=0.05


Tree=42
num_leaves=31
num_cat=11
split_feature=0 0 0 1 1 0 0 1 1 0 6 3 0 0 3 2 2 0 1 11 5 9 0 2 8 1 2 0 9 10
split_gain=24239 13169.1 5749.42 4106.6 2784.23 2650.1 2622.14 1766.07 1659.15 1907.26 1361.2 1245.98 1132.55 1069.52 1336.81 903.696 1092 872.361 700.012 680.4 598.925 580.425 569.285 549.144 669.616 494.064 472.772 503.763 470.843 494.692
threshold=0 1 2 8.5000000000000018 9.5000000000000018 3 4 10.500000000000002 18.500000000000004 5 1.4166666666666667 22.500000000000004 6 7 23.500000000000004 1.0000000180025095e-35 4.5000000000000009 8 22.500000000000004 -1274.9999999999998 75.800000000000011 52.500000000000007 9 4.5000000000000009 1.0000000180025095e-35 22.500000000000004 1.0000000180025095e-35 10 5.5000000000000009 30.500000000000004
decision_type=9 9 9 2 2 9 9 2 2 9 2 2 9 9 2 2 2 9 2 2 2 2 9 2 2 2 2 9 2 2
left_child=2 -2 -1 5 -4 -3 7 17 13 -10 11 22 -13 20 -15 -8 18 -5 21 -12 -9 28 -6 24 -16 -11 -21 -28 -17 -30
right_child=1 3 4 6 10 -7 15 8 9 25 19 12 -14 14 23 16 -18 -19 -20 26 -22 -23 -24 -25 -26 -27 27 -29 29 -31
leaf_value=-0.057991110650002932 0.00067054284886935989 -0.0031925784521381396 -0.057842302952691549 -0.17156034215652394 -0.070172799855401244 -0.065042351838307241 -0.05637029720357898 0.2794612218053798 0.50853680454937944 -0.008072910030183067 -0.10770027389454523 -0.059553870962648414 -0.057991110650002932 0.33391422276058552 0.14607451421941242 -0.002438148881249358 -0.035228157720055185 0.0019986548266432537 -0.099796515178626158 -0.17680878053539334 0.88541689999762374 -0.033647905184804115 -0.0030296880334886645 -0.0057183254332697333 -0.12224064689252555 -0.2129526647502015 -0.028593900657385964 0.013264807581303462 0.12416025838308471 -0.0066832969745760813
leaf_weight=23149 16643 7617 10164 3410 5715 8674 23437 2612 6888 23868 2409 21135 16601 24213 29977 16294 44355 15999 4225 642 6322 12236 13883 12670 2785 3523 4428 9451 47213 9351
leaf_count=23149 16643 7617 10164 3410 5715 8674 23437 2612 6888 23868 2409 21135 16601 24213 29977 16294 44355 15999 4225 642 6322 12236 13883 12670 2785 3523 4428 9451 47213 9351
internal_value=-0.00193038 0.00492892 -0.0224799 0.00256985 -0.0164227 -0.0218556 0.00394501 0.00913197 0.0115286 0.00234984 -0.0130655 -0.016744 -0.0220559 0.0155328 0.0134369 -0.000422286 0.00116552 -0.00479932 0.00435014 -0.000608387 0.0318202 0.00533645 -0.00651597 0.00838176 0.0118003 -0.00356739 0.00347428 0.00541466 0.00702874 0.00918605
internal_weight=429889 322312 107577 305669 84428 16291 289378 132267 112858 34279 74264 57334 37736 78579 69645 157111 133674 19409 89319 16930 8934 85094 19598 45432 32762 27391 14521 13879 72858 56564
internal_count=429889 322312 107577 305669 84428 16291 289378 132267 112858 34279 74264 57334 37736 78579 69645 157111 133674 19409 89319 16930 8934 85094 19598 45432 32762 27391 14521 13879 72858 56564
cat_boundaries=0 3 5 7 10 13 15 17 19 21 24 26
cat_threshold=184598674 3495953664 2 2147483648 1049088 32898 1077936128 269497348 84686920 12 269038596 134563945 5 268959744 264192 150994944 2149582080 0 81920 524288 81920 33554432 1024 2 167772160 2098176
is_linear=0
shrinkage=0.05


Tree=43
num_leaves=31
num_cat=14
split_feature=0 0 1 0 0 0 1 1 1 0 11 6 3 0 2 2 0 5 1 0 0 0 6 0 0 9 3 0 3 5
split_gain=24548.5 14062.2 4942.61 3581.54 3510.75 3005.37 1712.77 1661.56 1859.13 1819.59 1221.14 1150.65 1292.03 1141.53 1055.2 1083.08 838.919 818.892 807.99 890.978 638.63 585 584.332 497.113 494.827 466.239 464.739 456.117 756.002 656.313
threshold=0 1 8.5000000000000018 2 3 4 10.500000000000002 10.500000000000002 18.500000000000004 5 -1254.9999999999998 1.1666666666666667 22.500000000000004 6 1.0000000180025095e-35 4.5000000000000009 7 90.300000000000026 22.500000000000004 8 9 10 2.5000000000000004 11 12 44.500000000000007 21.500000000000004 13 24.500000000000004 75.800000000000011
decision_type=9 9 2 9 9 9 2 2 2 9 2 2 2 9 2 2 9 2 2 9 9 9 2 9 9 2 2 9 2 2
left_child=4 -2 5 7 -1 -3 -6 16 13 -10 -8 12 20 27 21 18 -4 22 19 -16 -12 -5 25 -13 -17 -15 -26 29 -29 -9
right_child=1 2 3 14 6 -7 10 8 9 -11 11 23 -14 17 15 24 -18 -19 -20 -21 -22 -23 -24 -25 26 -27 -28 28 -30 -31
leaf_value=-0.055091555117502772 0.00063701570642589196 -0.0030329495295312371 -0.1629823250486977 -0.020322940258208445 -0.055090463168877918 -0.05993040868904323 -0.055091555117502772 0.26548816071511078 0.4831099643219105 -0.033800382872230729 -0.066664159862631189 -0.083714568715872781 -0.057086676380691342 0.16509430265523051 0.10717225209331627 -0.0039559092222177126 -0.0032966799600067987 -0.074944409235555662 -0.094806689419694834 -0.0093851682582639217 0.026119161880999987 -0.072307768762866695 0.64674946368381547 0.017151965527621639 0.0066295116333559001 0.0050085874726601533 -0.06235604119312628 0.45842097900067391 0.11258578951549758 0.84114605499774253
leaf_weight=23149 16643 7617 3410 12113 9826 10495 6126 2612 6888 32921 3179 969 16363 36227 47024 22756 18272 5273 4486 46715 6644 13668 1994 6715 5578 8518 20509 11491 15386 6322
leaf_count=23149 16643 7617 3410 12113 9826 10495 6126 2612 6888 32921 3179 969 16363 36227 47024 22756 18272 5273 4486 46715 6644 13668 1994 6715 5578 8518 20509 11491 15386 6322
internal_value=-0.00203599 0.00336679 0.00117122 0.00260008 -0.0284588 -0.0242436 -0.0209725 0.00827195 0.0104464 0.00148333 -0.0163816 -0.0126661 -0.0176583 0.0145093 -0.00229985 -0.000664319 -0.00452449 0.00977279 0.00236142 0.00335346 -0.00332383 -0.0116307 0.0118819 0.00434669 -0.00674918 0.0107018 -0.0114477 0.0213799 0.0181073 0.0311941
internal_weight=429889 356918 340275 322163 72971 18112 49822 149314 127632 39809 39996 33870 26186 87823 172849 147068 21682 52012 98225 93739 9823 25781 46739 7684 48843 44745 26087 35811 26877 8934
internal_count=429889 356918 340275 322163 72971 18112 49822 149314 127632 39809 39996 33870 26186 87823 172849 147068 21682 52012 98225 93739 9823 25781 46739 7684 48843 44745 26087 35811 26877 8934
cat_boundaries=0 3 5 8 10 13 15 17 19 21 24 26 27 29 31
cat_threshold=184598674 1346371584 2 2147483648 1049088 269038596 134695017 13 32898 1077936128 269497348 84686920 12 268959744 264192 12288 134563841 524288 81920 1686110528 101187728 33554432 0 2 75759936 537407506 33554432 1677721920 100671632 0 81920
is_linear=0
shrinkage=0.05


Tree=44
num_leaves=31
num_cat=15
split_feature=0 0 1 0 0 0 1 1 1 0 11 6 3 0 2 2 6 0 1 0 5 0 9 0 2 3 0 0 0 0
split_gain=24331.9 14145.4 4888.69 3514.35 3462.65 3005.37 1701.95 1594.67 1779.91 1509.63 1220.84 1149.29 1292.03 1047.99 951.961 1013.72 860.904 831.662 787.26 783.978 730.782 638.63 598.727 567.635 501.551 708.247 496.726 462.701 451.188 438.815
threshold=0 1 8.5000000000000018 2 3 4 10.500000000000002 10.500000000000002 18.500000000000004 5 -1254.9999999999998 1.1666666666666667 22.500000000000004 6 1.0000000180025095e-35 4.5000000000000009 2.5000000000000004 7 22.500000000000004 8 90.300000000000026 9 44.500000000000007 10 5.5000000000000009 21.500000000000004 11 12 13 14
decision_type=9 9 2 9 9 9 2 2 2 9 2 2 2 9 2 2 2 9 2 9 2 9 2 9 2 2 9 9 9 9
left_child=3 -2 5 -1 7 -3 -5 17 13 -10 -8 12 21 -9 23 18 20 -4 19 -16 22 -12 -15 -6 -17 -26 -13 -27 -11 -19
right_child=1 2 4 6 14 -7 10 8 9 28 11 26 -14 16 15 24 -18 29 -20 -21 -22 -23 -24 -25 25 27 -28 -29 -30 -31
leaf_value=-0.052336977361627617 0.00060516492110460627 -0.0028813020530546575 -0.15483320879626278 -0.052335940010434005 -0.072191802284674547 -0.056933888254591072 -0.052336977361627617 0.53590878523917529 0.45895446610581492 -0.20503941920894581 -0.063330951869499649 -0.079528840280079116 -0.054232342561656793 0.16243724548504579 0.10181363948865041 -0.064858290548188882 0.65377353540337468 0.29939660009934316 -0.090066354948710098 -0.0089159098453507109 -0.061688497914042455 0.024813203786949956 0.034525239707055809 -0.025243539547734797 0.092572715414615481 -0.05279306589508357 0.016294367251240515 0.00056145010569350615 -0.0085766606503893793 -0.033648313615148952
leaf_weight=23149 16643 7617 3410 9826 12200 10495 6126 18265 6888 4776 3179 969 16363 48464 47024 24487 2725 2146 4486 46715 7081 6644 11288 13581 5079 7586 6715 11691 28145 16126
leaf_count=23149 16643 7617 3410 9826 12200 10495 6126 18265 6888 4776 3179 969 16363 48464 47024 24487 2725 2146 4486 46715 7081 6644 11288 13581 5079 7586 6715 11691 28145 16126
internal_value=-0.00214462 0.00323427 0.00103222 -0.0284506 0.00245326 -0.0242436 -0.0209604 0.00803019 0.0101605 0.00139039 -0.0163841 -0.012669 -0.0176583 0.0141358 -0.00236464 -0.000811189 0.0113314 -0.00450604 0.00211606 0.0030953 0.0102098 -0.00332383 0.0120096 -0.0112273 -0.00669799 -0.00161767 0.00433368 -0.00599419 -0.0030655 -0.000268023
internal_weight=429889 356918 340275 72971 322163 18112 49822 149314 127632 39809 39996 33870 26186 87823 172849 147068 69558 21682 98225 93739 66833 9823 59752 25781 48843 24356 7684 19277 32921 18272
internal_count=429889 356918 340275 72971 322163 18112 49822 149314 127632 39809 39996 33870 26186 87823 172849 147068 69558 21682 98225 93739 66833 9823 59752 25781 48843 24356 7684 19277 32921 18272
cat_boundaries=0 3 5 7 10 13 15 17 19 21 24 26 27 29 31 32
cat_threshold=184598674 1346371584 2 2147483648 1049088 32898 1077936128 269038596 134695017 13 269497348 84686920 12 268959744 264192 0 346112 524288 81920 1686110528 101187728 33554432 0 2 1611661312 2267021696 33554432 9437184 2166886658 0 134283265 9216
is_linear=0
shrinkage=0.05


Tree=45
num_leaves=31
num_cat=15
split_feature=0 0 1 0 0 0 1 1 1 0 11 6 3 6 0 0 1 0 0 2 5 0 9 0 0 3 0 9 2 0
split_gain=24140.4 14215.5 4843.66 3520.35 3269.6 3005.37 1687.06 1605.76 1801.11 1345.26 1220.84 1149.29 1292.03 1039.89 974.981 888.258 977.335 754.331 638.63 566.13 539.788 496.726 466.192 455.441 439.134 437.344 504.297 416.63 415.232 407.136
threshold=0 1 8.5000000000000018 2 3 4 10.500000000000002 10.500000000000002 18.500000000000004 5 -1254.9999999999998 1.1666666666666667 22.500000000000004 2.5000000000000004 6 7 22.500000000000004 8 9 1.0000000180025095e-35 90.300000000000026 10 63.500000000000007 11 12 28.500000000000004 13 44.500000000000007 4.5000000000000009 14
decision_type=9 9 2 9 9 9 2 2 2 9 2 2 2 2 9 9 2 9 9 2 2 9 2 9 9 2 9 2 2 9
left_child=3 -2 5 -1 7 29 -5 17 13 -10 -8 12 18 14 -9 16 19 -4 -12 -6 27 -13 28 -19 -18 26 -11 -16 -17 -3
right_child=1 2 4 6 15 -7 10 8 9 25 11 21 -14 -15 20 22 24 23 -20 -21 -22 -23 -24 -25 -26 -27 -28 -29 -30 -31
leaf_value=-0.049720128493546234 0.00057490667504938035 0.024499028443134209 -0.14709154835644964 -0.049719143009912294 -0.053418630385339588 -0.054087193841861538 -0.049720128493546234 0.288941315709212 0.43600674280052409 -0.29197020017113895 -0.06016440427602468 -0.075552398266075169 -0.051520725433573937 0.71053631294611008 0.14901402895909222 -0.027943874080697387 -0.035768101451564685 0.28442677009437606 0.023572543597602458 0.025812298903932707 -0.059908627110877438 0.015479648888678456 -0.10903208655048885 -0.04111958773048166 -0.089570851194898049 0.053957231007161793 -0.032516014377098834 0.0038887109592936398 -0.055995324606060493 -0.18603427104058118
leaf_weight=23149 16643 2240 3410 9826 12290 10495 6126 34362 6888 3889 3179 969 16363 3634 39584 55288 2138 2146 6644 69964 5751 6715 865 17318 2505 10843 19886 9282 22120 5377
leaf_count=23149 16643 2240 3410 9826 12290 10495 6126 34362 6888 3889 3179 969 16363 3634 39584 55288 2138 2146 6644 69964 5751 6715 865 17318 2505 10843 19886 9282 22120 5377
internal_value=-0.00223465 0.00312304 0.000915556 -0.0284369 0.00233003 -0.0242436 -0.0209404 0.00749635 0.00958514 0.000929986 -0.0163841 -0.012669 -0.0176583 0.0134641 0.0123934 -0.00258082 0.000899237 -0.00474775 -0.00332383 0.00215917 0.00823677 0.00433368 -0.00644393 -0.000939714 -0.0214193 -0.0030871 -0.00688328 0.00994352 -0.00603684 -0.000308116
internal_weight=429889 356918 340275 72971 322163 18112 49822 156993 134119 41506 39996 33870 26186 92613 88979 165170 86897 22874 9823 82254 54617 7684 78273 19464 4643 34618 23775 48866 77408 7617
internal_count=429889 356918 340275 72971 322163 18112 49822 156993 134119 41506 39996 33870 26186 92613 88979 165170 86897 22874 9823 82254 54617 7684 78273 19464 4643 34618 23775 48866 77408 7617
cat_boundaries=0 3 5 7 10 13 15 17 19 21 24 25 26 28 30 33
cat_threshold=184598674 1346371584 2 2147483648 1049088 32898 1077936128 336147460 134695017 13 269497348 84686920 12 268959744 264192 12288 134563841 1619001664 101195920 524288 81920 33554432 0 2 33554432 9216 8388928 532480 0 81921 1056768 532480 8
is_linear=0
shrinkage=0.05


Tree=46
num_leaves=31
num_cat=14
split_feature=0 0 1 0 0 0 1 6 1 1 11 6 3 0 0 0 11 0 0 5 0 3 0 2 9 2 2 2 0 0
split_gain=23971.7 14318.1 4717.22 3497.58 3061.16 2981.18 1673.23 1498.28 1340.19 1264.61 1209.57 1164.51 1248.82 1085.24 1064.41 778.209 957.107 723.082 612.085 577.223 496.726 483.055 511.293 472.976 463.895 435.963 433.056 425.405 418.917 405.892
threshold=0 1 8.5000000000000018 2 3 4 10.500000000000002 2.5000000000000004 10.500000000000002 18.500000000000004 -1254.9999999999998 1.1666666666666667 22.500000000000004 5 6 7 -1364.9999999999998 8 9 90.300000000000026 10 28.500000000000004 11 1.0000000180025095e-35 63.500000000000007 4.5000000000000009 4.5000000000000009 1.5000000000000002 12 13
decision_type=9 9 2 9 9 9 2 2 2 2 2 2 2 9 9 9 2 9 9 2 9 2 9 2 2 2 2 2 9 9
left_child=3 -2 4 -1 28 7 -5 8 17 13 -8 12 18 -10 -11 16 -7 -4 -12 -15 -13 22 -16 -18 25 -17 -25 -24 -3 -19
right_child=1 2 5 6 -6 15 10 -9 9 14 11 20 -14 19 21 24 23 29 -20 -21 -22 -23 27 26 -26 -27 -28 -29 -30 -31
leaf_value=-0.047234122068868928 0.00054616134129688027 0.021785769693885283 -0.13973697093862714 -0.047233185859416695 -0.051382834149768457 -0.085092308635153158 -0.047234122068868928 0.54619649808215021 0.30889898333822929 0.33307847649630173 -0.057156184062223447 -0.071774778352771393 -0.048944689161895254 0.12483903369392771 -0.2883762602932704 -0.026546680376662482 -0.042012514808366146 0.22740181775317564 0.02239391641772235 -0.064608148328636261 0.014705666444244515 0.062282337691385248 -0.1675669251959219 0.089488104045701899 -0.10358048222296441 -0.053195558375757471 -0.011752488886401392 0.0066236050126272875 -0.1767325574885521 -0.039508244237744884
leaf_weight=23149 16643 2732 3260 9826 10495 4968 6126 6394 30156 6608 3179 969 16363 52627 3645 55288 12014 2046 6644 6205 6715 11247 5470 46172 865 22120 22549 13964 4885 16565
leaf_count=23149 16643 2732 3260 9826 10495 4968 6126 6394 30156 6608 3179 969 16363 52627 3645 55288 12014 2046 6644 6205 6715 11247 5470 46172 865 22120 22549 13964 4885 16565
internal_value=-0.0023784 0.00296054 0.000745111 -0.0284889 -0.0240835 0.002141 -0.0210166 0.00703774 0.00603947 0.00796709 -0.0164791 -0.0127812 -0.0178034 0.0113128 0.0006938 -0.00258315 0.000708761 -0.00541128 -0.00371068 0.00735529 0.00433368 -0.00284541 -0.00698687 0.00201957 -0.00618717 -0.00578106 0.00361971 -0.00375437 7.21122e-05 -0.00159766
internal_weight=429889 356918 340275 72971 18112 322163 49822 158187 151793 129922 39996 33870 26186 88988 40934 163976 85703 21871 9823 58832 7684 34326 23079 80735 78273 77408 68721 19434 7617 18611
internal_count=429889 356918 340275 72971 18112 322163 49822 158187 151793 129922 39996 33870 26186 88988 40934 163976 85703 21871 9823 58832 7684 34326 23079 80735 78273 77408 68721 19434 7617 18611
cat_boundaries=0 3 5 7 10 13 15 17 19 21 24 25 27 30 31
cat_threshold=184598674 1346371584 2 2147483648 1049088 32898 1077936128 269497348 84686920 12 269038852 134695017 13 8192 134563841 268959744 264192 1686110272 101195920 524288 81920 33554432 0 2 33554432 0 81921 1056768 17309696 8 9216
is_linear=0
shrinkage=0.05


Tree=47
num_leaves=31
num_cat=15
split_feature=0 0 1 0 0 0 1 9 11 6 3 1 1 0 0 2 2 0 1 0 6 0 0 5 0 9 0 0 2 0
split_gain=23770 14404.7 4619.18 3495.79 3101.87 2829.65 1672.14 1299.94 1208.68 1160.4 1248.82 1146.47 1449.76 1122.54 1121.91 893.12 1151.05 855.613 770.887 612.085 567.326 537.15 495.566 491.605 473.138 431.481 426.65 389.24 383.274 379.505
threshold=0 1 8.5000000000000018 2 3 4 10.500000000000002 51.500000000000007 -1254.9999999999998 1.1666666666666667 22.500000000000004 11.500000000000002 18.500000000000004 5 6 1.0000000180025095e-35 4.5000000000000009 7 22.500000000000004 8 2.5000000000000004 9 10 77.050000000000011 11 38.500000000000007 12 13 1.0000000180025095e-35 14
decision_type=9 9 2 9 9 9 2 2 2 2 2 2 2 9 9 2 2 9 2 9 2 9 9 2 9 2 9 9 2 9
left_child=3 -2 4 -1 26 7 -5 11 -8 10 19 17 13 -13 -14 24 18 -4 21 -10 -15 -17 -11 -18 -7 27 -3 -16 -24 -19
right_child=1 2 5 6 -6 15 8 -9 9 22 -12 12 14 20 25 16 23 29 -20 -21 -22 -23 28 -25 -26 -27 -28 -29 -30 -31
leaf_value=-0.044872415965425461 0.00051885327423200072 0.020696481209191032 -0.13275012239169579 -0.044871526566445843 -0.048813692442280045 -0.062340057647631043 -0.044872415965425461 -0.045300408754875579 -0.054298374859112292 -0.068186039435132836 -0.046497454703800491 0.49807364423949174 0.44554790861636739 0.1280057128742115 -0.21136831352848937 0.090898983312846238 -0.0083556275323294574 0.44308832451483832 -0.076829879209772051 0.021274220596836192 0.524408774309568 -0.0063821448811031802 -0.17114992391421302 -0.050535780456969583 -0.029445499119600527 0.14865861676784303 -0.16994125595528387 -0.011425326456473784 0.01612667478802603 0.018662649904242202
leaf_weight=23149 16643 3216 4439 9826 10495 12200 6126 20901 3179 969 16363 17261 6042 50552 4144 46538 19498 1421 4210 6644 2396 43200 310 27196 12458 4608 4401 21119 6405 23980
leaf_count=23149 16643 3216 4439 9826 10495 12200 6126 20901 3179 969 16363 17261 6042 50552 4144 46538 19498 1421 4210 6644 2396 43200 310 27196 12458 4608 4401 21119 6405 23980
internal_value=-0.00249262 0.00282382 0.000601702 -0.028493 -0.0239675 0.001983 -0.0210226 0.00679307 -0.0164866 -0.0127901 -0.0178034 0.00857813 0.0110128 0.0151925 0.00284159 -0.00258182 -0.00104307 -8.0429e-05 0.00214587 -0.00371068 0.0115752 0.00312688 0.00429464 -0.0074592 -0.0113594 -0.00113617 0.00034745 -0.00370304 0.00912268 0.0034611
internal_weight=429889 356918 340275 72971 18112 322163 49822 156863 39996 33870 26186 135962 106122 70209 35913 165300 140642 29840 93948 9823 52948 89738 7684 46694 24658 29871 7617 25263 6715 25401
internal_count=429889 356918 340275 72971 18112 322163 49822 156863 39996 33870 26186 135962 106122 70209 35913 165300 140642 29840 93948 9823 52948 89738 7684 46694 24658 29871 7617 25263 6715 25401
cat_boundaries=0 3 5 7 10 13 15 17 19 22 24 25 27 30 32 33
cat_threshold=184598674 1346371584 2 2147483648 1049088 32898 1077936128 269497348 84686920 12 269038596 134703209 13 0 134563840 268959744 264192 524288 81920 33554432 0 2 1687159104 67633296 33554432 1611661312 2267021696 1056768 84418560 8 0 81921 8192
is_linear=0
shrinkage=0.05


Tree=48
num_leaves=31
num_cat=14
split_feature=0 0 1 0 0 0 1 6 1 1 11 6 3 0 0 2 2 0 3 1 0 0 0 0 9 10 2 3 0 0
split_gain=23639.3 14537.1 4477.97 3442.77 3158.54 2603.22 1639.97 1252.89 1228.38 1412.75 1182.69 1203.34 1167.48 1046.48 810.97 747.287 873.567 701.986 630.939 595.082 554.917 552.061 513.496 493.086 454.243 423.132 415.999 645.53 412.64 403.522
threshold=0 1 8.5000000000000018 2 3 4 10.500000000000002 2.5000000000000004 11.500000000000002 20.500000000000004 -1264.9999999999998 1.1666666666666667 22.500000000000004 5 6 1.0000000180025095e-35 4.5000000000000009 7 23.500000000000004 22.500000000000004 8 9 10 11 60.500000000000007 11.500000000000002 5.5000000000000009 21.500000000000004 12 13
decision_type=9 9 2 9 9 9 2 2 2 2 2 2 2 9 9 2 2 9 2 2 9 9 9 9 2 2 2 2 9 9
left_child=3 -2 4 -1 29 7 -5 8 14 13 -8 12 21 -10 -4 22 19 -11 25 20 -17 -12 -7 -13 -20 -15 -18 -28 -29 -3
right_child=1 2 5 6 -6 15 10 -9 9 17 11 23 -14 18 -16 16 26 -19 24 -21 -22 -23 -24 -25 -26 -27 27 28 -30 -31
leaf_value=-0.04262879516715419 0.00049291061052043623 0.019661657148731495 -0.12606920753728446 -0.04262795023812354 -0.046373007820166026 -0.062786510313362687 -0.04262879516715419 0.47842723923209685 0.4414700654567959 0.022868206358259171 -0.051583456116156695 -0.064776737463376186 -0.04262879516715419 0.22766280270458808 0.024096415202282451 0.063785374757899402 -0.057813870446482785 -0.15640715895798729 0.068976897491722158 -0.072988385249283458 -0.011525940629216703 0.020210509566994352 -0.021389237418793262 0.01316404938263096 -0.14003060681778409 0.079336564734673945 0.071787396239460663 -0.044133317191343259 -0.0002892768403256696 -0.16144419315751968
leaf_weight=23149 16643 3216 9632 9826 10495 13356 5873 6651 19689 11821 3180 973 16512 17467 24017 45003 22951 7598 49979 4323 42492 6676 10906 6782 3332 10074 4616 7586 10670 4401
leaf_count=23149 16643 3216 9632 9826 10495 13356 5873 6651 19689 11821 3180 973 16512 17467 24017 45003 22951 7598 49979 4323 42492 6676 10906 6782 3332 10074 4616 7586 10670 4401
internal_value=-0.00268616 0.00261565 0.000383355 -0.028615 -0.0238074 0.00174337 -0.0212012 0.00626069 0.00534116 0.00770924 -0.0167092 -0.0131422 -0.0182342 0.0100939 -0.00310113 -0.00272832 -0.0013023 -0.00463721 0.0075734 0.00151169 0.00240642 -0.00461648 -0.0108194 0.0041715 0.00439965 0.0137195 -0.00694084 -0.00216859 -0.00639242 0.000727678
internal_weight=429889 356918 340275 72971 18112 322163 49822 160260 153609 119960 39996 34123 26368 100541 33649 161903 137641 19419 80852 91818 87495 9856 24262 7755 53311 27541 45823 22872 18256 7617
internal_count=429889 356918 340275 72971 18112 322163 49822 160260 153609 119960 39996 34123 26368 100541 33649 161903 137641 19419 80852 91818 87495 9856 24262 7755 53311 27541 45823 22872 18256 7617
cat_boundaries=0 3 5 7 10 13 15 17 20 22 25 27 28 30 33
cat_threshold=184598674 1346371584 2 2147483648 1049088 32898 1077936128 269497348 84686920 12 336147460 134695001 13 0 346112 336068608 134299648 268963844 395272 13 1619001664 101191840 33554432 0 2 1611661312 2267022720 33554432 9437184 2166886658 1056768 84418560 8
is_linear=0
shrinkage=0.05


Tree=49
num_leaves=31
num_cat=14
split_feature=0 0 1 0 0 0 1 6 11 6 3 11 0 1 0 2 2 0 5 9 0 0 0 3 0 1 5 0 0 2
split_gain=23441.6 14620.6 4388.77 3442.77 3195.94 2395.79 1639.97 1339.04 1182.69 1203.34 1167.48 1091.97 1169.6 774.017 817.564 570.088 833.143 552.061 524.474 599.674 503.362 501.19 493.086 482.271 431.812 426.757 416.405 414.86 388.665 385.198
threshold=0 1 8.5000000000000018 2 3 4 10.500000000000002 2.5000000000000004 -1264.9999999999998 1.1666666666666667 22.500000000000004 -1234.9999999999998 5 10.500000000000002 6 1.0000000180025095e-35 4.5000000000000009 7 90.300000000000026 60.500000000000007 8 9 10 21.500000000000004 11 11.500000000000002 73.200000000000017 12 13 1.0000000180025095e-35
decision_type=9 9 2 9 9 9 2 2 2 2 2 2 9 2 9 2 2 9 2 2 9 9 9 2 9 2 2 9 9 2
left_child=3 -2 4 -1 27 15 -5 11 -8 10 17 21 25 14 -14 -4 -17 -10 19 -15 -20 -7 -11 26 -16 28 -18 -3 -13 -24
right_child=1 2 5 6 -6 7 8 -9 9 22 -12 12 13 18 24 16 23 -19 20 -21 -22 -23 29 -25 -26 -27 -28 -29 -30 -31
leaf_value=-0.040497355408796488 0.00046826507999444547 0.018678574291294936 -0.051741958180743633 -0.040496552726217376 -0.044054357429157733 -0.10681732361549 -0.040497355408796488 0.39448052642046499 -0.049004283310348874 -0.061537900590207389 -0.040497355408796488 0.36980339053613565 -0.10229189030044245 0.085386304360478962 0.1047294798510766 0.0016951072701248294 -0.10833416107655713 0.019199984088644675 0.20170494867461849 -0.10213830190547953 -0.076502851545940595 0.00091774903608339293 -0.16325063018763394 -0.046405586807209256 -0.039226149387396707 0.36671217724737099 0.044799137506355537 -0.15908734968862159 -0.063262347369759553 0.014662138579493167
leaf_weight=23149 16643 3597 15170 9826 10495 9897 5873 8702 3180 973 16512 1527 5192 116804 6498 58140 3162 6676 2289 5667 11875 12066 313 22769 14489 20121 2948 4020 4847 6469
leaf_count=23149 16643 3597 15170 9826 10495 9897 5873 8702 3180 973 16512 1527 5192 116804 6498 58140 3162 6676 2289 5667 11875 12066 313 22769 14489 20121 2948 4020 4847 6469
internal_value=-0.00279479 0.00248481 0.000246117 -0.028615 -0.0237025 0.00159252 -0.0212012 0.00453124 -0.0167092 -0.0131422 -0.0182342 0.00373973 0.00496411 0.00337788 -0.00449788 -0.00473341 -0.00317459 -0.00461648 0.00488711 0.00594059 -0.00422197 -0.00681373 0.0041715 -0.0101163 -9.7633e-05 0.0147048 0.00235679 0.000976793 0.00343583 0.00895171
internal_weight=429889 356918 340275 72971 18112 322163 49822 219974 39996 34123 26368 211272 189309 162814 26179 102189 87019 9856 136635 122471 14164 21963 7755 28879 20987 26495 6110 7617 6374 6782
internal_count=429889 356918 340275 72971 18112 322163 49822 219974 39996 34123 26368 211272 189309 162814 26179 102189 87019 9856 136635 122471 14164 21963 7755 28879 20987 26495 6110 7617 6374 6782
cat_boundaries=0 3 5 7 10 12 14 16 19 21 23 24 26 29 30
cat_threshold=184598674 1346371584 2 2147483648 1049088 32898 1077936128 269497348 84686920 12 538181632 2737313026 8192 280576 76021760 65664 33554432 0 2 67108864 65601 1140858944 201343105 33554432 1073747008 67108880 1060864 84418560 8 8192
is_linear=0
shrinkage=0.05


Tree=50
num_leaves=31
num_cat=12
split_feature=0 0 1 0 0 0 1 3 11 6 3 0 6 10 6 0 0 2 9 0 15 1 1 0 0 5 10 1 11 0
split_gain=23064.3 14781.7 4411.57 3442.77 3080.51 2357.07 1639.97 1223.6 1182.69 1203.34 1167.48 923.341 821.594 690.246 684.629 635.29 552.061 543.179 565.687 516.349 514.583 509.757 715.69 527.752 493.086 481.542 515.081 475.343 454.733 594.266
threshold=0 1 8.5000000000000018 2 3 4 10.500000000000002 23.500000000000004 -1264.9999999999998 1.1666666666666667 22.500000000000004 5 1.1666666666666667 11.500000000000002 2.5000000000000004 6 7 1.0000000180025095e-35 61.500000000000007 8 0.46666666666666673 19.500000000000004 11.500000000000002 9 10 90.300000000000026 8.5000000000000018 18.500000000000004 -885.49999999999989 11
decision_type=9 9 2 9 9 9 2 2 2 2 2 9 2 2 2 9 9 2 2 9 2 2 2 9 9 2 2 2 2 9
left_child=3 -2 4 -1 -3 7 -5 11 -8 10 16 -4 20 21 15 -7 -10 -14 19 -19 25 22 -13 -23 -11 26 -9 -22 -17 -30
right_child=1 2 5 6 -6 14 8 12 9 24 -12 13 17 -15 -16 28 -18 18 -20 -21 27 23 -24 -25 -26 -27 -28 -29 29 -31
leaf_value=-0.038472487638356645 0.00044485182599469654 0.00081617677250171998 0.52908438210956543 -0.038471725089906483 -0.041851639557699861 -0.037737972244977061 -0.038472487638356645 -0.078759382094353292 -0.046554069144831449 -0.058461005560697027 -0.038472487638356645 0.046961140028144048 -0.16399519473423363 0.0017389329719531333 0.12236798310502639 -0.032366905064139931 0.018239984884212478 0.079552020443770396 -0.19239183359851478 0.29345522112133243 0.10887179732723845 0.20831916447901053 0.34759014303607039 -0.23427257432470833 0.011772739984524706 -0.14401987298110722 0.034223861718752073 -0.025683284760124183 0.086843944714308563 -0.010011609478184358
leaf_weight=23149 16643 7617 8308 9826 10495 47195 5873 16890 3180 973 16512 6623 1680 15346 6351 41184 6676 10327 1651 13438 18164 3721 18058 2717 6782 6168 24390 11569 18102 50281
leaf_count=23149 16643 7617 8308 9826 10495 47195 5873 16890 3180 973 16512 6623 1680 15346 6351 41184 6676 10327 1651 13438 18164 3721 18058 2717 6782 6168 24390 11569 18102 50281
internal_value=-0.00300345 0.0022335 -1.74853e-05 -0.028615 -0.0240283 0.0013324 -0.0212012 0.00566327 -0.0167092 -0.0131422 -0.0182342 0.0117147 0.00248521 0.00896288 -0.00289076 -0.00354295 -0.00461648 0.00997564 0.0117957 0.0137618 -0.000144466 0.0132443 0.0165127 0.000714508 0.0041715 -0.00337633 -0.00142926 0.00501295 -0.00145332 0.00104631
internal_weight=429889 356918 340275 72971 18112 322163 49822 159050 39996 34123 26368 54773 104277 46465 163113 156762 9856 27096 25416 23765 77181 31119 24681 6438 7755 47448 41280 29733 109567 68383
internal_count=429889 356918 340275 72971 18112 322163 49822 159050 39996 34123 26368 54773 104277 46465 163113 156762 9856 27096 25416 23765 77181 31119 24681 6438 7755 47448 41280 29733 109567 68383
cat_boundaries=0 3 5 7 10 13 15 17 20 23 26 27 29
cat_threshold=184598674 1346371584 2 2147483648 1049088 32898 1077936128 269497348 84686920 12 269038660 134695113 13 0 134481920 0 2703230208 33554432 0 2 268959812 134348809 8 268963908 131072 13 33554432 1073741824 101187616
is_linear=0
shrinkage=0.05


Tree=51
num_leaves=31
num_cat=12
split_feature=0 0 1 0 0 0 1 11 6 3 6 3 10 3 0 0 2 9 6 0 0 14 0 11 1 0 15 0 1 2
split_gain=22911.8 14852.7 4369.13 3439.21 3080.51 2189.55 1637.81 1180.98 1195.05 1167.48 1092.86 1169.16 817.311 691.336 776.25 640.182 599.448 592.044 590.601 552.061 550.824 550.125 499.642 494.138 625.318 490.795 457.483 428.582 419.963 383.941
threshold=0 1 8.5000000000000018 2 3 4 10.500000000000002 -1264.9999999999998 1.1666666666666667 22.500000000000004 1.1666666666666667 21.500000000000004 11.500000000000002 23.500000000000004 5 6 1.0000000180025095e-35 52.500000000000007 1.1666666666666667 7 8 29.500000000000004 9 -1055.4999999999998 10.500000000000002 10 0.17500000000000002 11 18.500000000000004 1.0000000180025095e-35
decision_type=9 9 2 9 9 9 2 2 2 2 2 2 2 2 9 9 2 2 2 9 9 2 9 2 2 9 2 9 2 2
left_child=3 -2 4 -1 -3 10 -5 -8 9 19 11 12 15 22 18 -4 -12 20 -15 -9 -18 23 -7 -13 -25 -10 -23 -14 -28 -27
right_child=1 2 5 6 -6 13 7 8 25 -11 16 21 27 14 -16 -17 17 -19 -20 -21 -22 26 -24 24 -26 29 28 -29 -30 -31
leaf_value=-0.036548863256438802 0.0004226092346949706 0.00077536793387666947 0.48074163503621076 -0.036548138835411151 -0.039759057579814884 0.061565872521671318 -0.036548863256438802 -0.044226365687589864 -0.055537955282662171 -0.036548863256438802 -0.15446142140775906 -0.09209448611588443 0.15975865206791762 -0.041676209998545537 -0.012296722466703436 0.17268447222044225 0.49286647460478328 0.0077212329873891155 -0.0031573605798056906 0.017327985640001844 0.17700787976960408 -0.2786465271509368 -0.021771155540087152 -0.063962055182658697 0.044213234975909191 -0.15567673567747847 0.15803849816657556 -0.020961580882676148 0.0040873708917355421 0.013340394651292354
leaf_weight=23149 16643 7617 7193 9826 10495 28087 5873 3180 973 16512 1703 12584 5966 26908 71864 8057 8873 6540 9576 6676 20648 1654 29727 11477 41480 313 12421 8223 9182 6469
leaf_count=23149 16643 7617 7193 9826 10495 28087 5873 3180 973 16512 1703 12584 5966 26908 71864 8057 8873 6540 9576 6676 20648 1654 29727 11477 41480 313 12421 8223 9182 6469
internal_value=-0.0030965 0.00212312 -0.000133271 -0.0286232 -0.0240283 0.0012101 -0.0212133 -0.0167242 -0.0131597 -0.0182342 0.00546404 0.00309928 0.0117344 -0.00278386 -0.00513992 0.0197705 0.0128694 0.0142384 -0.0110785 -0.00461648 0.0172538 0.000236492 0.00163109 -0.00210784 8.49746e-06 0.00409413 0.0068431 0.00309747 0.0087835 0.00886337
internal_weight=429889 356918 340275 72971 18112 322163 49822 39996 34123 26368 156001 118237 29439 166162 108348 15250 37764 36061 36484 9856 29521 88798 57814 65541 52957 7755 23257 14189 21603 6782
internal_count=429889 356918 340275 72971 18112 322163 49822 39996 34123 26368 156001 118237 29439 166162 108348 15250 37764 36061 36484 9856 29521 88798 57814 65541 52957 7755 23257 14189 21603 6782
cat_boundaries=0 3 5 7 10 13 15 18 21 24 26 27 29
cat_threshold=184598674 1346371584 2 2147483648 1049088 32898 1077936128 269497348 84686920 12 269038660 477417 13 1048576 2837446912 268447812 264192 12 33554432 0 2 12288 280576 4 1150550016 218628112 33554432 598080 264296
is_linear=0
shrinkage=0.05


Tree=52
num_leaves=31
num_cat=12
split_feature=0 0 1 0 0 0 1 11 6 3 6 1 1 0 0 3 5 0 5 6 0 0 9 0 0 14 12 2 1 2
split_gain=22815.7 14896.1 4343.37 3438.03 3080.51 2067.79 1637.09 1180.41 1192.29 1167.48 1009.85 901.931 991.759 925.752 856.887 823.589 716.572 707.139 590.604 589.966 584.072 552.061 535.078 525.49 490.032 443.652 394.691 392.774 386.592 383.522
threshold=0 1 8.5000000000000018 2 3 4 10.500000000000002 -1264.9999999999998 1.1666666666666667 22.500000000000004 2.5000000000000004 10.500000000000002 18.500000000000004 5 6 23.500000000000004 75.800000000000011 7 90.300000000000026 1.1666666666666667 8 9 57.500000000000007 10 11 89.500000000000014 14.500000000000002 1.0000000180025095e-35 12.500000000000002 1.0000000180025095e-35
decision_type=9 9 2 9 9 9 2 2 2 2 2 2 2 9 9 2 2 9 2 2 9 9 2 9 9 2 2 2 2 2
left_child=3 -2 4 -1 -3 10 -5 -8 9 21 11 23 14 -14 16 20 28 19 22 -17 -7 -9 26 -4 -10 -15 -16 -22 -13 -26
right_child=1 2 5 6 -6 15 7 8 24 -11 -12 12 13 25 18 17 -18 -19 -20 -21 27 -23 -24 -25 29 -27 -28 -29 -30 -31
leaf_value=-0.034721420093616874 0.00040147877296021762 0.0007365995371828582 -0.11347003439196435 -0.034720731893640576 -0.037771104700824149 0.075370879652907341 -0.034721420093616874 -0.042015047403210382 -0.052761057518529067 -0.034721420093616874 0.42279094503965209 -0.71440401205191251 0.12204092074459486 -0.073422044665735126 0.10727413570594457 -0.039592399498618258 0.68397334173943569 -0.01599918861114169 -0.043783945472801733 -0.0029994925508153971 -0.096472738503291994 0.016461586358001767 -0.060647741302420149 -0.022185621576599424 -0.14789289889360455 0.17485323450296908 0.32271375755527071 -0.001807390034591805 0.3353697447567216 0.012673374918727732
leaf_weight=23149 16643 7617 1104 9826 10495 27876 5873 3180 973 16512 6047 658 16136 21008 59864 26908 5940 72710 8510 9576 4656 6676 5955 20449 313 2839 4508 25465 1954 6469
leaf_count=23149 16643 7617 1104 9826 10495 27876 5873 3180 973 16512 6047 658 16136 21008 59864 26908 5940 72710 8510 9576 4656 6676 5955 20449 313 2839 4508 25465 1954 6469
internal_value=-0.00315279 0.00205588 -0.0002038 -0.0286259 -0.0240283 0.00113561 -0.0212173 -0.0167292 -0.0131656 -0.0182342 0.0052961 0.00448313 0.00608375 -0.000438937 0.00906807 -0.00272098 0.0240948 -0.00527868 0.00743402 -0.010958 0.00209407 -0.00461648 0.00894038 -0.00497611 0.00406834 -0.00669615 0.0102669 -0.00273307 0.00229709 0.00883392
internal_weight=429889 356918 340275 72971 18112 322163 49822 39996 34123 26368 154972 148925 127372 39983 87389 167191 8552 109194 78837 36484 57997 9856 70327 21553 7755 23847 64372 30121 2612 6782
internal_count=429889 356918 340275 72971 18112 322163 49822 39996 34123 26368 154972 148925 127372 39983 87389 167191 8552 109194 78837 36484 57997 9856 70327 21553 7755 23847 64372 30121 2612 6782
cat_boundaries=0 3 5 7 10 13 16 18 20 22 25 27 28
cat_threshold=184598674 1346371584 2 2147483648 1049088 32898 1077936128 269497348 84686920 12 269038596 485609 13 268959748 272456 1 0 81920 1048576 2837446912 76808256 218628112 33554432 0 2 0 65536 33554432
is_linear=0
shrinkage=0.05


Tree=53
num_leaves=31
num_cat=12
split_feature=0 0 1 0 0 0 1 11 6 3 1 1 0 3 2 2 0 0 0 1 0 0 6 5 10 0 6 5 2 2
split_gain=22838.6 14976.5 4295.93 3377.8 3080.51 2005.2 1600.64 1170.82 1110.83 1110.98 984.399 1237.92 1038.58 799.835 729.032 949.221 661.7 593.587 537.315 523.659 488.919 476.61 471.909 455.841 415.877 406.907 398.55 462.861 455.603 374.677
threshold=0 1 8.5000000000000018 2 3 4 10.500000000000002 -1234.9999999999998 1.1666666666666667 22.500000000000004 19.500000000000004 11.500000000000002 5 23.500000000000004 1.0000000180025095e-35 4.5000000000000009 6 7 8 22.500000000000004 9 10 2.5000000000000004 77.050000000000011 10.500000000000002 11 1.1666666666666667 90.300000000000026 1.0000000180025095e-35 1.0000000180025095e-35
decision_type=9 9 2 9 9 9 2 2 2 2 2 2 9 2 2 2 9 9 9 2 9 9 2 2 2 9 2 2 2 2
left_child=3 -2 4 -1 -3 10 -5 -8 9 18 11 17 -13 24 20 19 -12 -4 -9 22 -7 -10 25 -17 -14 -16 27 -15 -28 -23
right_child=1 2 5 6 -6 14 7 8 21 -11 16 12 13 26 15 23 -18 -19 -20 -21 -22 29 -24 -25 -26 -27 28 -29 -30 -31
leaf_value=-0.032985349088936022 0.00038140483431217123 0.00069976956032373754 0.061337845748789914 -0.032984695298958533 -0.035882549465782933 -0.047594497569337958 -0.032985349088936022 -0.12904845917341259 -0.050123004642602623 -0.032534014627203733 0.21945063540037746 0.53595743120086892 0.29283316782331997 0.047138911086158336 0.033835784761404496 -0.0096373342293555112 -0.059097729997762555 -0.073003411980377117 0.0027292968484596614 -0.066390580543226288 -0.022057300607183451 -0.14049825394892432 0.142331744074459 -0.03813497837974178 0.099768211268375151 -0.021190853113742317 -0.22708691547884963 -0.098088525136191873 0.18511589369567966 0.017370380363594774
leaf_weight=23149 16643 7617 17459 9826 10495 10114 6742 1476 952 15997 5749 13755 15563 33194 44545 20096 24605 16212 8265 4294 14838 303 6289 27092 10194 40060 836 4821 12447 6261
leaf_count=23149 16643 7617 17459 9826 10495 10114 6742 1476 952 15997 5749 13755 15563 33194 44545 20096 24605 16212 8265 4294 14838 303 6289 27092 10194 40060 836 4821 12447 6261
internal_value=-0.0032798 0.00193148 -0.000334279 -0.0287657 -0.0240283 0.000997787 -0.021422 -0.0169842 -0.0131323 -0.0180706 0.00509832 0.00706734 0.0101035 0.00784078 -0.00279673 -0.00141527 -0.0029749 -0.00112114 -0.00475824 0.00145922 -0.0106805 0.00377861 0.00226528 -0.0072137 0.0150309 0.00128302 0.00423213 0.00162699 0.0116879 0.00857925
internal_weight=429889 356918 340275 72971 18112 322163 49822 39996 33254 25738 154835 124481 90810 77055 167328 142376 30354 33671 9741 95188 24952 7516 90894 47188 25757 84605 51298 38015 13283 6564
internal_count=429889 356918 340275 72971 18112 322163 49822 39996 33254 25738 154835 124481 90810 77055 167328 142376 30354 33671 9741 95188 24952 7516 90894 47188 25757 84605 51298 38015 13283 6564
cat_boundaries=0 3 5 7 10 13 15 17 20 21 23 24 26
cat_threshold=184598674 1346371584 2 2147483648 1049088 32898 1077936128 269497348 84686920 12 603140 134695161 13 0 344064 524292 264192 78852 393264 12 33554432 537919488 2267021568 33554432 1955594560 67637248
is_linear=0
shrinkage=0.05


Tree=54
num_leaves=31
num_cat=13
split_feature=0 0 1 0 0 0 1 11 6 3 1 1 0 9 3 6 0 10 0 0 0 11 0 11 12 0 0 3 11 11
split_gain=22772.8 14989.2 4288.47 3388.39 3080.51 1954.71 1607.04 1156.59 1111.78 1146.87 876.938 940.844 1073.67 734.948 704.815 650.147 602.39 547.151 539.703 529.783 516.767 471.48 465.56 445.586 553.928 499.979 484.947 439.62 471.331 425.209
threshold=0 1 8.5000000000000018 2 3 4 10.500000000000002 -1264.9999999999998 1.1666666666666667 22.500000000000004 19.500000000000004 11.500000000000002 5 63.500000000000007 23.500000000000004 2.5000000000000004 6 11.500000000000002 7 8 9 -934.99999999999989 10 -626.99999999999989 12.500000000000002 11 12 22.500000000000004 681.50000000000011 324.50000000000006
decision_type=9 9 2 9 9 9 2 2 2 2 2 2 9 2 2 2 9 2 9 9 9 2 9 2 2 9 9 2 2 2
left_child=3 -2 4 -1 -3 10 -5 -8 9 18 11 20 -13 15 17 19 -12 -14 -9 27 -4 -21 -10 26 -25 -26 -23 -7 -29 -27
right_child=1 2 5 6 -6 13 7 8 22 -11 16 12 14 -15 -16 -17 -18 -19 -20 21 -22 23 -24 24 25 29 -28 28 -30 -31
leaf_value=-0.031336081634489248 0.00036233459259653604 0.00066478108230754178 0.069492428328647993 -0.031335460534010595 -0.034088421992493782 -0.0026733207592812393 -0.031336081634489248 -0.040050759875472866 -0.047616854410472476 -0.031336081634489248 0.036940462646591142 0.50915955964082549 0.26339145194009322 -0.18803345817135986 0.045517683319629049 0.10922794954714982 -0.097394498776966112 0.054407209247421845 0.015502042197678723 -0.035918251808496483 -0.056292024971741843 0.086606483357008116 0.0090148954886177367 -0.078746822147452988 0.101961059842521 0.042590174412572956 -0.00081031621021256941 -0.030391030630546736 -0.057496968866798698 -0.063042578411302813
leaf_weight=23149 16643 7617 16778 9826 10495 11573 5873 3180 973 16512 15981 13755 18165 1779 52405 6265 16740 9266 6676 38213 18033 13318 6782 11345 7324 11381 14880 26457 1198 17307
leaf_count=23149 16643 7617 16778 9826 10495 11573 5873 3180 973 16512 15981 13755 18165 1779 52405 6265 16740 9266 6676 38213 18033 13318 6782 11345 7324 11381 14880 26457 1198 17307
internal_value=-0.0032919 0.00191187 -0.00035485 -0.028741 -0.0240283 0.000976059 -0.0213859 -0.0169392 -0.0134118 -0.0183063 0.00486958 0.00673198 0.00934224 -0.00291959 0.0071162 -0.00256277 -0.00243727 0.0136105 -0.00480925 -0.00320923 -0.000285829 -0.00148095 0.00323017 0.000808021 -0.00215491 0.000880262 0.0057841 -0.00821907 -0.0116453 -0.00209771
internal_weight=429889 356918 340275 72971 18112 322163 49822 39996 34123 26368 161123 128402 93591 161040 79836 159261 32721 27431 9856 152996 34811 113768 7755 75555 47357 36012 28198 39228 27655 28688
internal_count=429889 356918 340275 72971 18112 322163 49822 39996 34123 26368 161123 128402 93591 161040 79836 159261 32721 27431 9856 152996 34811 113768 7755 75555 47357 36012 28198 39228 27655 28688
cat_boundaries=0 3 5 7 10 13 15 18 21 23 26 27 29 31
cat_threshold=184598674 1346371584 2 2147483648 1049088 32898 1077936128 269497348 84686920 12 603460 477401 13 0 344064 524548 264216 13 33554432 0 2 0 2703229184 13632 393232 12 33554432 1073741824 235417632 1610612736 100664352
is_linear=0
shrinkage=0.05


Tree=55
num_leaves=31
num_cat=13
split_feature=0 0 1 0 0 0 1 11 6 3 12 6 1 1 0 2 2 0 0 1 0 0 10 5 3 0 0 0 2 5
split_gain=22786.4 15001.9 4281.02 3376.04 3080.51 1867.22 1599.57 1150.67 1084 1146.87 1040.64 974.245 769.166 897.646 1049.77 654.643 910.708 598.398 539.703 509.031 471.265 457.785 439.259 404.929 389.228 422.244 388.774 372.617 365.739 359.66
threshold=0 1 8.5000000000000018 2 3 4 10.500000000000002 -1264.9999999999998 1.1666666666666667 22.500000000000004 14.500000000000002 2.5000000000000004 19.500000000000004 11.500000000000002 5 1.0000000180025095e-35 4.5000000000000009 6 7 22.500000000000004 8 9 6.5000000000000009 77.050000000000011 28.500000000000004 10 11 12 1.0000000180025095e-35 73.200000000000017
decision_type=9 9 2 9 9 9 2 2 2 2 2 2 2 2 9 2 2 9 9 2 9 9 2 2 2 9 9 9 2 2
left_child=3 -2 4 -1 -3 10 -5 -8 9 18 11 12 13 27 -15 20 19 -14 -9 -17 -7 -10 -22 29 25 -19 -16 -4 -23 -18
right_child=1 2 5 6 -6 15 7 8 21 -11 -12 -13 17 14 26 16 23 24 -20 -21 22 28 -24 -25 -26 -27 -28 -29 -30 -31
leaf_value=-0.029769277552764796 0.00034421786296672256 0.00063154202819220022 0.31677003171101287 -0.029768687507310078 -0.03238400089286908 -0.047210481391556147 -0.029769277552764796 -0.038048221881699235 -0.045236011689948841 -0.029769277552764796 0.26520641240933784 0.36461058233261884 0.26638427990616015 0.39507896759421329 0.0039163509966202879 0.014081478933205639 -0.095259226764362034 -0.16376785962690299 0.014726940087794828 -0.061275138925640162 -0.13212403772032336 -0.13392408602590899 0.0040297401380684052 -0.034708677929227341 0.014705161725536976 -0.039645817274904085 0.099968875797571508 -0.03183768733848602 0.010720442380180729 0.01693207227655762
leaf_weight=23149 16643 7617 1366 9826 10495 11439 5873 3180 973 16512 10114 6398 2338 12703 30780 88316 6573 4911 6676 3913 3132 313 9776 26764 8990 11789 40427 29765 6469 12669
leaf_count=23149 16643 7617 1366 9826 10495 11439 5873 3180 973 16512 10114 6398 2338 12703 30780 88316 6573 4911 6676 3913 3132 313 9776 26764 8990 11789 40427 29765 6469 12669
internal_value=-0.00331306 0.00189226 -0.000375421 -0.0287698 -0.0240283 0.000954331 -0.021428 -0.0169917 -0.0134733 -0.0183063 0.00479632 0.00374631 0.00289266 0.00470224 0.00739244 -0.00281687 -0.00148551 -0.00453475 -0.00480925 0.0013808 -0.010377 0.00295938 -0.00381638 -0.00723167 -0.0067393 -0.0112575 0.00502759 -0.00254891 0.00756773 -0.00169941
internal_weight=429889 356918 340275 72971 18112 322163 49822 39996 34123 26368 159581 149467 143069 115041 83910 162582 138235 28028 9856 92229 24347 7755 12908 46006 25690 16700 71207 31131 6782 19242
internal_count=429889 356918 340275 72971 18112 322163 49822 39996 34123 26368 159581 149467 143069 115041 83910 162582 138235 28028 9856 92229 24347 7755 12908 46006 25690 16700 71207 31131 6782 19242
cat_boundaries=0 3 5 7 10 13 15 17 20 22 23 25 28 29
cat_threshold=184598674 1346371584 2 2147483648 1049088 32898 1077936128 269497348 84686920 12 603204 134703305 13 0 344064 524288 270336 33554432 0 2 1611661312 2267021568 33554432 9216 134299777 4164 134356992 12 8192
is_linear=0
shrinkage=0.05


Tree=56
num_leaves=31
num_cat=14
split_feature=0 0 1 0 0 0 1 11 6 3 1 1 0 3 5 6 0 0 9 0 1 0 5 0 10 0 0 0 9 3
split_gain=22705.9 15039.6 4258.92 3374.28 3080.51 1717.64 1598.51 1149.82 1085.16 1143.63 900.684 1029.82 950.922 1100.82 677.968 651.219 641.479 609.407 546.904 537.764 498.282 704.888 510.856 482.525 479.825 472.051 468.148 457.785 420.95 468.555
threshold=0 1 8.5000000000000018 2 3 4 10.500000000000002 -1264.9999999999998 1.1666666666666667 22.500000000000004 19.500000000000004 11.500000000000002 5 23.500000000000004 75.800000000000011 2.5000000000000004 6 7 63.500000000000007 8 22.500000000000004 9 90.300000000000026 10 11.500000000000002 11 12 13 45.500000000000007 29.500000000000004
decision_type=9 9 2 9 9 9 2 2 2 2 2 2 9 2 2 2 9 9 2 9 2 9 2 9 2 9 9 9 2 2
left_child=3 -2 4 -1 -3 10 -5 -8 9 19 11 26 14 17 -13 18 -12 -14 20 -9 22 -22 23 -7 -19 -15 -4 -10 -24 -30
right_child=1 2 5 6 -6 15 7 8 27 -11 16 12 13 25 -16 -17 -18 24 -20 -21 21 -23 28 -25 -26 -27 -28 -29 29 -31
leaf_value=-0.028280813675126561 0.00032700696981837753 0.00059996492678262572 -0.076820127698079221 -0.028280253131944558 -0.030764800848225617 0.010615663862862057 -0.028280813675126561 -0.036145810787614252 -0.04297421110545141 -0.028280813675126561 0.041490935789643406 0.086225605147968676 0.9329266608766269 0.094970432007692909 0.64316418359191307 0.10511053959490431 -0.096155052214902975 0.20733298962198213 -0.13918109129672393 0.013990593083405046 -0.064628695104889874 0.0056572281978160893 -0.081553137550234578 -0.024164598928229353 0.046310530792010245 -0.0035666865645060941 0.031879956721697057 0.0080281285951778088 -0.10398148523514626 0.12016101730715834
leaf_weight=23149 16643 7617 12864 9826 10495 63888 5873 3180 973 16512 13578 2601 3320 23219 6345 6316 17835 17132 1788 6676 3592 3306 9570 67214 8735 32436 22089 6782 3171 3164
leaf_count=23149 16643 7617 12864 9826 10495 63888 5873 3180 973 16512 13578 2601 3320 23219 6345 6316 17835 17132 1788 6676 3592 3306 9570 67214 8735 32436 22089 6782 3171 3164
internal_value=-0.00336215 0.00183398 -0.000436546 -0.0287739 -0.0240283 0.000889767 -0.021434 -0.0169992 -0.0134821 -0.0183177 0.00456157 0.00641404 0.00914403 0.00750601 0.0246427 -0.00274011 -0.003029 0.0153716 -0.00337876 -0.00483969 -0.00305935 -0.0161931 -0.00244308 -0.00141645 0.0127662 0.00338245 -0.000911224 0.00295938 -0.0109054 -0.000907656
internal_weight=429889 356918 340275 72971 18112 322163 49822 39996 34123 26368 160154 128741 93788 84842 8946 162009 31413 29187 155693 9856 153905 6898 147007 131102 25867 55655 34953 7755 15905 6335
internal_count=429889 356918 340275 72971 18112 322163 49822 39996 34123 26368 160154 128741 93788 84842 8946 162009 31413 29187 155693 9856 153905 6898 147007 131102 25867 55655 34953 7755 15905 6335
cat_boundaries=0 3 5 7 10 13 15 18 20 23 25 27 30 33 34
cat_threshold=184598674 1346371584 2 2147483648 1049088 32898 1077936128 269497348 84686920 12 67712068 485577 13 0 81920 524292 272392 13 0 264192 33554432 0 2 1610875136 704644368 1350566144 234885170 67118080 201 1 67633152 84097 1 33554432
is_linear=0
shrinkage=0.05


Tree=57
num_leaves=31
num_cat=13
split_feature=0 0 1 0 0 1 0 11 6 3 12 6 1 1 0 0 2 2 0 0 1 0 3 0 5 3 9 11 0 0
split_gain=22666.3 15085.4 4232.22 3355.5 3080.51 1587.16 1580.07 1159.14 1065.14 1107.79 919.211 912.684 661.47 826.394 1027.85 652.8 594.075 822.858 536.12 463.262 462.841 456.576 443.313 464.666 427.161 420.614 473.104 468.616 419.531 394.557
threshold=0 1 8.5000000000000018 2 3 10.500000000000002 4 -1234.9999999999998 1.1666666666666667 22.500000000000004 14.500000000000002 2.5000000000000004 18.500000000000004 11.500000000000002 5 6 1.0000000180025095e-35 4.5000000000000009 7 8 20.500000000000004 9 23.500000000000004 10 75.800000000000011 23.500000000000004 5.5000000000000009 275.00000000000006 11 12
decision_type=9 9 2 9 9 2 9 2 2 2 2 2 2 2 9 9 2 2 9 9 2 9 2 9 2 2 2 2 9 9
left_child=3 -2 4 -1 -3 -5 10 -7 9 18 11 12 13 -4 24 -14 28 20 -9 -10 25 -22 23 -16 -15 26 -18 29 -8 -27
right_child=1 2 6 5 -6 7 16 8 19 -11 -12 -13 15 14 22 -17 17 -19 -20 -21 21 -23 -24 -25 -26 27 -28 -29 -30 -31
leaf_value=-0.026866772991370216 0.00031065662132743202 0.00056996668044346783 -0.021422389486314586 -0.026866240475347337 -0.029226560805814341 -0.026866772991370216 -0.043641727375566888 -0.11688379658750266 -0.040825500550178841 -0.026438005252724529 0.24484436348643188 0.33997192395497849 0.076543061018469416 0.12101373895710417 1.2139565765445028 -0.060763800836327514 -0.057437808839414295 -0.028160538760740119 0.0003818532375928108 0.0076267221654188868 -0.077640607807131806 0.020723780794851532 0.028730776498214539 0.12014407030803548 0.63792239194461509 0.079922064561222153 0.092155467413905262 -0.065090112065707292 -0.017465620481534393 -0.0089661796174648426
leaf_weight=23149 16643 7617 31131 9826 10495 6742 11439 1476 952 15997 10114 6398 13795 2074 1380 24650 4054 46006 8265 6564 6835 5674 47786 17256 4997 16103 22743 13179 12908 23641
leaf_count=23149 16643 7617 31131 9826 10495 6742 11439 1476 952 15997 10114 6398 13795 2074 1380 24650 4054 46006 8265 6564 6835 5674 47786 17256 4997 16103 22743 13179 12908 23641
internal_value=-0.00342821 0.00176338 -0.000510601 -0.0288178 -0.0240283 -0.0214982 0.000811546 -0.0170792 -0.0132465 -0.0180822 0.0043458 0.00335894 0.00253269 0.00459359 0.00748575 -0.00307582 -0.00265757 -0.0013893 -0.00478904 0.00331293 0.00133526 -0.00760652 0.00555305 0.0120949 0.0255967 0.00273833 0.0078423 0.000153997 -0.00985953 0.00286333
internal_weight=429889 356918 340275 72971 18112 49822 322163 39996 33254 25738 159581 149467 143069 104624 73493 38445 162582 138235 9741 7516 92229 12509 66422 18636 7071 79720 26797 52923 24347 39744
internal_count=429889 356918 340275 72971 18112 49822 322163 39996 33254 25738 159581 149467 143069 104624 73493 38445 162582 138235 9741 7516 92229 12509 66422 18636 7071 79720 26797 52923 24347 39744
cat_boundaries=0 3 5 7 10 13 15 18 19 20 22 24 26 28
cat_threshold=184598674 1346371584 2 2147483648 1049088 32898 1077936128 269497348 84686920 12 603204 134703305 13 0 81920 524292 272456 1 33554432 33554432 1677983744 637535504 0 262144 1611661312 2267021568 1954545920 2098194
is_linear=0
shrinkage=0.05


Tree=58
num_leaves=31
num_cat=12
split_feature=0 0 1 0 0 1 0 11 6 3 6 3 0 11 0 0 10 1 0 5 10 0 3 0 6 3 0 2 2 11
split_gain=22519.5 15133.9 4204.14 3366.06 3080.51 1593.54 1439.03 1145.89 1066.82 1143.63 940.133 790.356 1101.13 617.755 601.484 537.764 506.947 501.526 1481 461.149 460.918 452.638 391.745 392.34 390.966 453.751 392.726 362.894 362.884 347.932
threshold=0 1 8.5000000000000018 2 3 10.500000000000002 4 -1264.9999999999998 1.1666666666666667 22.500000000000004 2.5000000000000004 21.500000000000004 5 -1234.9999999999998 6 7 10.500000000000002 10.500000000000002 8 71.15000000000002 10.500000000000002 9 29.500000000000004 10 1.1666666666666667 21.500000000000004 11 1.5000000000000002 1.0000000180025095e-35 375.00000000000006
decision_type=9 9 2 9 9 2 9 2 2 2 2 2 9 2 9 9 2 2 9 2 2 9 2 9 2 2 9 2 2 2
left_child=3 -2 4 -1 -3 -5 17 -7 9 15 11 12 16 -13 22 -9 -8 18 -4 -16 -14 -10 27 -24 25 -19 -27 -15 -23 -21
right_child=1 2 6 5 -6 7 10 8 21 -11 -12 13 20 14 19 -17 -18 24 -20 29 -22 28 23 -25 -26 26 -28 -29 -30 -31
leaf_value=-0.025523434341801689 0.00029512379026108704 0.00054146834642132546 0.010854319524532575 -0.025522928451579975 -0.027765232765523607 -0.025523434341801689 0.36109225258383515 -0.034357612910113168 -0.038784225522669892 -0.025523434341801689 0.28791811773368592 -0.044673076991082097 0.10048076853807153 -0.038043369961435848 0.16536923551889871 0.013271970767355158 0.15477268680978826 0.010887724230864926 -0.064388341587786432 0.0012495950487034337 -0.033143205936305618 -0.1280106242626434 0.35112556539164042 0.074763947261087441 0.015506541835429389 -0.0071624729052811812 -0.030356987148317496 0.066061699429398504 0.009401677723141778 -0.066645699195341648
leaf_weight=23149 16643 7617 7169 9826 10495 5873 8830 3180 973 16512 9010 21134 14111 11139 3776 6676 9214 15494 6402 71617 14665 313 4623 12425 19656 14225 31706 27145 6469 19822
leaf_count=23149 16643 7617 7169 9826 10495 5873 8830 3180 973 16512 9010 21134 14111 11139 3776 6676 9214 15494 6402 71617 14665 313 4623 12425 19656 14225 31706 27145 6469 19822
internal_value=-0.0034859 0.00168886 -0.000588771 -0.0287931 -0.0240283 -0.0214621 0.000728979 -0.0170342 -0.0135231 -0.0183177 0.00288435 0.0022318 0.00799018 0.000661401 0.00178516 -0.00483969 0.0176692 -0.00445163 -0.0133483 -0.000624311 0.00191412 0.00277885 0.0059304 0.012236 -0.00296309 -0.00492715 -0.00742309 0.00312402 0.0073616 -0.00133149
internal_weight=429889 356918 340275 72971 18112 49822 322163 39996 34123 26368 227511 218501 46820 171681 150547 9856 18044 94652 13571 95215 28776 7755 55332 17048 81081 61425 45931 38284 6782 91439
internal_count=429889 356918 340275 72971 18112 49822 322163 39996 34123 26368 227511 218501 46820 171681 150547 9856 18044 94652 13571 95215 28776 7755 55332 17048 81081 61425 45931 38284 6782 91439
cat_boundaries=0 3 5 7 10 12 15 18 21 23 24 26 28
cat_threshold=184598674 1346371584 2 2147483648 1049088 32898 1077936128 269497348 84686920 12 538181632 2736788738 268513344 134481944 8 1140860160 82113 1 33554432 0 2 1310720 50336000 33554432 1024 81920 536870912 5122
is_linear=0
shrinkage=0.05


Tree=59
num_leaves=31
num_cat=13
split_feature=0 0 1 0 0 1 0 11 6 3 6 3 0 11 6 0 0 0 9 2 0 9 5 3 2 0 1 11 0 0
split_gain=22624.7 15209.8 4160.4 3286.15 3080.51 1545.33 1367.13 1107.73 1017.02 1063.16 789.531 829.775 637.532 556.934 610.478 601.778 506.193 495.317 480.842 583.617 459.797 456.161 472.541 598.942 616.74 430.547 386.248 385.58 850.271 381.717
threshold=0 1 8.5000000000000018 2 3 10.500000000000002 4 -1264.9999999999998 1.1666666666666667 22.500000000000004 1.1666666666666667 21.500000000000004 5 -1354.9999999999998 2.5000000000000004 6 7 8 52.500000000000007 1.0000000180025095e-35 9 63.500000000000007 90.300000000000026 30.500000000000004 3.5000000000000004 10 19.500000000000004 681.50000000000011 11 12
decision_type=9 9 2 9 9 2 9 2 2 2 2 2 9 2 2 9 9 9 2 2 9 2 2 2 2 9 2 2 9 9
left_child=3 -2 4 -1 -3 -5 10 -7 9 16 11 12 -4 15 17 -8 -9 -15 19 -12 -21 22 23 26 -25 -10 -13 -19 -29 -24
right_child=1 2 6 5 -6 7 13 8 25 -11 18 21 -14 14 -16 -17 -18 27 -20 20 -22 -23 29 24 -26 -27 -28 28 -30 -31
leaf_value=-0.024247262624711621 0.00028036760074803271 0.00051439492910025923 0.26381520073530318 -0.02424678202900097 -0.02637697112724742 -0.024247262624711621 0.011019496080721815 -0.10932172611262191 -0.036845014246536412 -0.024247262624711621 -0.12670491065433592 0.0093706095819135367 0.039544100275088215 0.0017344547062922546 0.11411013292280395 -0.067841768046137577 -0.00030083796265465427 -0.02160278935683593 -0.018112509969886049 0.41736901701128348 0.12332010096371136 -0.31043110055401302 0.3113306457427315 0.26995706414809872 -0.030687972024314416 0.0067753021709908269 -0.053542630676652082 -0.053973962104249568 0.040850617237133062 -0.11086386086247479
leaf_weight=23149 16643 7617 12484 9826 10495 5873 3922 1482 973 16512 1722 52981 17315 76632 6077 5860 8374 67444 6671 9641 20251 1657 906 6969 4333 6782 14285 2225 1797 8991
leaf_count=23149 16643 7617 12484 9826 10495 5873 3922 1482 973 16512 1722 52981 17315 76632 6077 5860 8374 67444 6671 9641 20251 1657 906 6969 4333 6782 14285 2225 1797 8991
internal_value=-0.00361454 0.00157231 -0.000711022 -0.0289808 -0.0240283 -0.021737 0.000599852 -0.0173767 -0.0139246 -0.0186059 0.00391553 0.00192001 0.00915299 -0.00259961 -0.00186574 -0.0141689 -0.0056108 -0.00250307 0.0101672 0.0127412 0.0143717 -0.000471583 1.52603e-05 0.00131224 0.0119625 0.00199226 -0.00047721 -0.00549695 -0.020537 -0.0102809
internal_weight=429889 356918 340275 72971 18112 49822 322163 39996 34123 26368 158206 119921 29799 163957 154175 9782 9856 148098 38285 31614 29892 90122 88465 78568 11302 7755 67266 71466 4022 9897
internal_count=429889 356918 340275 72971 18112 49822 322163 39996 34123 26368 158206 119921 29799 163957 154175 9782 9856 148098 38285 31614 29892 90122 88465 78568 11302 7755 67266 71466 4022 9897
cat_boundaries=0 3 5 7 10 13 15 17 18 20 23 24 26 28
cat_threshold=184598674 1346371584 2 2147483648 1049088 32898 1077936128 269497348 84686920 12 603460 477432 13 77888 264216 1048576 2164797440 33554432 1954545664 235413505 12288 280704 4 33554432 0 2686451714 0 81920
is_linear=0
shrinkage=0.05


Tree=60
num_leaves=31
num_cat=12
split_feature=0 0 1 0 0 1 0 11 6 3 6 3 0 1 0 3 0 0 0 11 9 5 3 2 0 2 0 10 9 2
split_gain=22498.8 15265.3 4128.58 3286.15 3080.51 1545.33 1294.35 1107.73 1017.02 1063.16 767.048 647.785 629.405 590.698 581.1 515.739 644.419 589.482 506.193 471.806 467.17 433.395 683.201 586.231 430.547 419.656 441.193 386.634 370.247 350.575
threshold=0 1 8.5000000000000018 2 3 10.500000000000002 4 -1264.9999999999998 1.1666666666666667 22.500000000000004 1.1666666666666667 21.500000000000004 5 22.500000000000004 6 25.500000000000004 7 8 9 641.50000000000011 61.500000000000007 90.65000000000002 30.500000000000004 3.5000000000000004 10 1.0000000180025095e-35 11 11.500000000000002 63.500000000000007 1.0000000180025095e-35
decision_type=9 9 2 9 9 2 9 2 2 2 2 2 9 2 9 2 9 9 9 2 2 2 2 2 9 2 9 2 2 2
left_child=3 -2 4 -1 -3 -5 10 -7 9 18 11 12 -4 15 -15 17 -17 -8 -9 -18 25 22 28 -24 -10 -12 -27 -14 -13 -26
right_child=1 2 6 5 -6 7 13 8 24 -11 20 21 27 14 -16 16 19 -19 -20 -21 -22 -23 23 -25 29 26 -28 -29 -30 -31
leaf_value=-0.02303489949347606 0.00026634922071062662 0.00048867518264525953 0.66885506923657057 -0.023034442927550903 -0.025058122570885067 -0.02303489949347606 0.053754180652618812 -0.10385563980699081 -0.035002763534209613 -0.02303489949347606 -0.12000205025909097 -0.0039122021851700772 0.16721647065970019 -0.062386238077039469 -0.011110066383011132 -0.02953140100698768 0.0032113399848117119 -0.016118684095179161 -0.00028579606452190377 -0.083175066283234775 -0.16520331410772587 -0.080349265981297269 0.27050625690530089 -0.021955964507141081 -0.12194885815806078 0.30904958456576215 0.10183679874048615 -0.0081900564312000768 -0.26872971525854478 0.008592828728435099
leaf_weight=23149 16643 7617 3284 9826 10495 5873 33780 1482 973 16512 1695 67945 13638 4204 4174 43140 37262 42830 8374 653 1626 8079 6859 4274 313 13000 21421 12668 1631 6469
leaf_count=23149 16643 7617 3284 9826 10495 5873 33780 1482 973 16512 1695 67945 13638 4204 4174 43140 37262 42830 8374 653 1626 8079 6859 4274 313 13000 21421 12668 1631 6469
internal_value=-0.00368525 0.00148713 -0.000800359 -0.0289808 -0.0240283 -0.021737 0.000505489 -0.0173767 -0.0139246 -0.0186059 0.00377378 0.0017951 0.0082021 -0.00256755 -0.0155049 -0.00188025 -0.00466042 0.00106122 -0.0056108 9.62426e-05 0.00998092 -0.000340136 0.000765094 0.0122653 0.00199226 0.0111613 0.0123573 0.00561636 -0.00107508 0.00646349
internal_weight=429889 356918 340275 72971 18112 49822 322163 39996 34123 26368 156120 118378 29590 166043 8378 157665 81055 76610 9856 37915 37742 88788 80709 11133 7755 36116 34421 26306 69576 6782
internal_count=429889 356918 340275 72971 18112 49822 322163 39996 34123 26368 156120 118378 29590 166043 8378 157665 81055 76610 9856 37915 37742 88788 80709 11133 7755 36116 34421 26306 69576 6782
cat_boundaries=0 3 5 7 10 13 15 17 19 21 22 23 26
cat_threshold=184598674 1346371584 2 2147483648 1049088 32898 1077936128 269497348 84686920 12 8992004 477432 13 0 264192 1677983744 704644353 269746240 2904555776 1410596928 201850882 33554432 33554432 12288 280704 5
is_linear=0
shrinkage=0.05


Tree=61
num_leaves=31
num_cat=12
split_feature=0 0 1 0 0 1 0 11 6 3 6 9 2 8 0 1 0 9 1 1 0 0 11 0 0 2 2 11 0 6
split_gain=22282.5 15343.4 4084.19 3297.75 3080.51 1552.32 1202.1 1113.26 1009.54 1084.05 785.84 610.67 666.371 823.444 513.882 502.241 498.229 465.11 455.944 450.125 430.547 424.498 381.334 828.914 357.147 350.575 347.084 342.344 326.161 423.787
threshold=0 1 8.5000000000000018 2 3 10.500000000000002 4 -1264.9999999999998 1.1666666666666667 22.500000000000004 2.5000000000000004 61.500000000000007 4.5000000000000009 1.0000000180025095e-35 5 22.500000000000004 6 16.500000000000004 20.500000000000004 10.500000000000002 7 8 688.00000000000011 9 10 1.0000000180025095e-35 5.5000000000000009 -504.99999999999994 11 2.5000000000000004
decision_type=9 9 2 9 9 2 9 2 2 2 2 2 2 2 9 2 9 2 2 2 9 9 2 9 9 2 2 2 9 2
left_child=3 -2 4 28 27 -5 10 -7 9 14 11 12 13 18 -9 21 -17 -14 19 24 -10 -8 -23 -24 -4 -22 -19 -3 29 -1
right_child=1 2 6 5 -6 7 15 8 20 -11 -12 -13 17 -15 -16 16 -18 26 -20 -21 25 22 23 -25 -26 -27 -28 -29 -30 -31
leaf_value=-0.021883154518802253 0.00025303175967508198 0.039284953731753273 -0.12239662517294883 -0.02188272078117337 -0.023805216442340793 -0.021883154518802253 0.002764450635534388 -0.098662857816641261 -0.033252625357499135 -0.021883154518802253 0.33342546498136799 -0.13883559394141828 0.03972449146935713 -0.09808163899404497 -0.00027150626129577308 -0.057607526027996327 -0.010554563063860557 -0.11349266533043229 -0.019828380056932816 0.1279515704199195 -0.11585141525015774 -0.018761072063586105 -0.047793932528492136 0.040472184516974923 0.039954614087242213 0.0081631872920133308 -0.0011692145865275451 -0.14372422502304191 -0.021883154518802253 0.43438540273120596
leaf_weight=7550 16643 2738 3111 9826 10495 5873 82602 1482 973 16512 6100 4934 23197 8273 8374 4200 4174 11423 11815 67154 313 70905 2299 1834 10433 6469 9709 4879 15271 328
leaf_count=7550 16643 2738 3111 9826 10495 5873 82602 1482 973 16512 6100 4934 23197 8273 8374 4200 4174 11423 11815 67154 313 70905 2299 1834 10433 6469 9709 4879 15271 328
internal_value=-0.0037797 0.00136778 -0.000925548 -0.0289534 -0.0240283 -0.0216969 0.000373258 -0.0173267 -0.013866 -0.01853 0.00352237 0.00280742 0.00339558 0.00564265 -0.00540787 -0.00258878 -0.0145211 -0.00171333 0.00699415 0.00833726 0.00199226 -0.00195509 -0.00467701 -0.0194411 2.215e-05 0.00646349 -0.00707931 0.000203225 -0.044555 -0.0360801
internal_weight=429889 356918 340275 72971 18112 49822 322163 39996 34123 26368 156149 150049 145115 100786 9856 166014 8374 44329 92513 80698 7755 157640 75038 4133 13544 6782 21132 7617 23149 7878
internal_count=429889 356918 340275 72971 18112 49822 322163 39996 34123 26368 156149 150049 145115 100786 9856 166014 8374 44329 92513 80698 7755 157640 75038 4133 13544 6782 21132 7617 23149 7878
cat_boundaries=0 3 5 7 10 13 14 16 17 19 21 23 24
cat_threshold=184598674 1346371584 2 2147483648 1049088 32898 1077936128 269497348 84686920 12 1082733572 477432 13 33554432 604242176 704644353 33554432 872415552 235413505 0 2686451714 8388608 84096 32768
is_linear=0
shrinkage=0.05


Tree=62
num_leaves=31
num_cat=12
split_feature=0 0 1 0 0 1 0 11 6 3 6 3 0 0 0 0 5 8 2 10 11 2 9 2 0 9 0 6 0 1
split_gain=22358.4 15359 4011.27 3265.88 3144.82 1533.14 1160.8 1129.88 1047.5 918.072 756.817 565.947 622.267 564.62 530.388 507.316 481.859 475.588 445.461 375.205 360.925 360.858 359.063 366.556 414.462 328.27 326.161 423.787 322.834 306.499
threshold=0 1 8.5000000000000018 2 3 10.500000000000002 4 -1134.9999999999998 1.1666666666666667 22.500000000000004 1.1666666666666667 25.500000000000004 5 6 7 8 90.300000000000026 1.0000000180025095e-35 4.5000000000000009 1.5000000000000002 681.50000000000011 1.0000000180025095e-35 61.500000000000007 1.0000000180025095e-35 9 58.500000000000007 10 2.5000000000000004 11 19.500000000000004
decision_type=9 9 2 9 9 2 9 2 2 2 2 2 9 9 9 9 2 2 2 2 2 2 2 2 9 2 9 2 9 2
left_child=3 -2 4 26 28 -5 10 -7 9 14 16 13 20 -8 -9 -10 17 18 29 -14 -13 -17 23 -12 -25 -20 27 -1 -3 -4
right_child=1 2 6 5 -6 7 11 8 15 -11 22 12 19 -15 -16 21 -18 -19 25 -21 -22 -23 -24 24 -26 -27 -28 -29 -30 -31
leaf_value=-0.020788996792862148 0.00024038017169134563 0.01542846254115382 0.094942064057899067 -0.020788584742114716 -0.022614955620223753 -0.020788996792862148 0.045235433902273137 -0.093729714925809227 -0.031589994089624172 -0.020381667441148776 -0.1010908873618913 -0.031692053853764522 -0.10130482071982017 -0.016099329886605274 -0.00025793094823098886 -0.11005884448764985 -0.06780440452462351 -0.047331560272499212 0.00013463941989328988 -0.0057984346069925863 -0.040189729154426916 0.074411567105777454 -0.13189381424434732 0.31981109576261951 0.10537855435990587 -0.20899879871873825 -0.020788996792862148 0.41266613259464568 -0.14773379905078904 -0.0099948256903800835
leaf_weight=7550 16643 3985 48543 9826 10495 10581 34980 1363 769 13773 1618 27893 4172 48596 7804 264 9335 18474 24155 56150 954 5442 1560 11337 21541 1572 15271 328 3632 11283
leaf_count=7550 16643 3985 48543 9826 10495 10581 34980 1363 769 13773 1618 27893 4172 48596 7804 264 9335 18474 24155 56150 954 5442 1560 11337 21541 1572 15271 328 3632 11283
internal_value=-0.00381226 0.00134397 -0.000950527 -0.0290288 -0.0238461 -0.0218073 0.000336631 -0.0174642 -0.0124239 -0.0174368 0.00356359 -0.00245463 -0.00522547 0.00050134 -0.00517618 0.00533591 0.00155696 0.00253348 0.00410447 -0.00233541 -0.0112642 0.0104794 0.00987353 0.0109346 0.012078 -0.00139736 -0.044555 -0.0360801 0.000635899 0.00647043
internal_weight=429889 356918 340275 72971 18112 49822 322163 39996 29415 22940 149418 172745 89169 83576 9167 6475 113362 104027 85553 60322 28847 5706 36056 34496 32878 25727 23149 7878 7617 59826
internal_count=429889 356918 340275 72971 18112 49822 322163 39996 29415 22940 149418 172745 89169 83576 9167 6475 113362 104027 85553 60322 28847 5706 36056 34496 32878 25727 23149 7878 7617 59826
cat_boundaries=0 3 5 7 10 13 15 17 18 19 22 23 26
cat_threshold=184598674 1346371584 2 2147483648 1049088 32898 1077936128 269497348 84686920 12 1082733824 477416 13 1048640 2820669696 269746244 201850898 33554432 33554432 12288 280704 4 32768 269496320 84418560 8
is_linear=0
shrinkage=0.05


Tree=63
num_leaves=31
num_cat=15
split_feature=0 0 1 0 0 1 3 1 6 15 0 0 14 0 1 6 11 14 5 0 0 0 0 0 5 0 0 11 0 6
split_gain=22866.3 15375.7 4019.31 3127.21 3112.23 1441.01 1216.16 1139.64 1163.88 1095.81 999.476 952.459 708.406 698.123 619.443 500.62 487.337 457.764 450.467 445.198 430.776 427.377 412.708 385.858 373.38 334.884 330.709 500.537 326.161 423.787
threshold=0 1 8.5000000000000018 2 3 10.500000000000002 23.500000000000004 22.500000000000004 2.5000000000000004 0.46666666666666673 4 5 60.500000000000007 6 20.500000000000004 1.1666666666666667 641.50000000000011 13.000000000000002 90.300000000000026 7 8 9 10 11 71.800000000000026 12 13 -1154.9999999999998 14 2.5000000000000004
decision_type=9 9 2 9 9 2 2 2 2 2 9 9 2 9 2 2 2 2 2 9 9 9 9 9 2 9 9 2 9 2
left_child=4 -2 3 -3 28 -6 13 8 9 11 -9 16 21 -7 -15 -8 -4 18 22 -18 -20 -11 24 -10 -13 -14 -17 -28 29 -1
right_child=1 2 7 -5 5 6 15 10 23 12 -12 17 25 14 -16 26 19 -19 20 -21 -22 -23 -24 -25 -26 -27 27 -29 -30 -31
leaf_value=-0.019749546953219045 0.0002283611631067828 0.0042626273585815609 -0.024837491576376537 -0.021484207839212566 -0.019749155505008976 -0.089043229179518776 -0.019749546953219045 0.0078951861436864067 0.33122130490496604 0.083995286884061576 -0.076804494150604447 0.27557666675268494 -0.01764351083224831 0.015343507985273242 -0.05361333557139214 -0.023084756797008901 -0.0099046732853588018 -0.14706579314767473 -0.11148837953011999 -0.050872963069409721 0.0021928038755376633 -0.00023214100067154854 -0.0016448993000473422 0.076377952258956938 0.038038528289790111 0.2361136467995337 -0.08824891991488247 0.015966404323744233 -0.019749546953219045 0.3920328259649134
leaf_weight=7550 16643 7617 32606 10495 9826 2247 19056 6296 5880 27437 7364 3727 2323 10227 2103 2089 1374 7225 8011 2834 8840 48340 105161 6207 34317 14221 1172 3102 15271 328
leaf_count=7550 16643 7617 32606 10495 9826 2247 19056 6296 5880 27437 7364 3727 2323 10227 2103 2089 1374 7225 8011 2834 8840 48340 105161 6207 34317 14221 1172 3102 15271 328
internal_value=-0.00389601 0.00131847 -0.000977269 -0.0238958 -0.0293974 -0.0223471 -0.0181368 0.000311178 0.000936944 0.000316785 -0.0138214 -0.00172787 0.00483693 -0.00662345 -0.00193679 -0.0247394 -0.00900771 -0.000125231 0.000430474 -0.0250238 -0.00730224 0.00279042 0.00134039 0.0161454 0.00580228 0.0142106 -0.0125963 -0.00457516 -0.044555 -0.0360801
internal_weight=429889 356918 340275 18112 72971 49822 39996 322163 308503 296416 13660 204095 92321 14577 12330 25419 36814 167281 160056 4208 16851 75777 143205 12087 38044 16544 6363 4274 23149 7878
internal_count=429889 356918 340275 18112 72971 49822 39996 322163 308503 296416 13660 204095 92321 14577 12330 25419 36814 167281 160056 4208 16851 75777 143205 12087 38044 16544 6363 4274 23149 7878
cat_boundaries=0 3 5 8 10 13 15 16 18 21 24 26 29 31 33 34
cat_threshold=184598674 1346371584 2 2147483648 1049088 269497348 84686920 12 32898 1077936128 278405184 2232301600 9 269484032 2686452002 33554432 269484032 288 9183300 251662480 13 75571520 19286218 1 1074275328 262361 1351431172 621037824 5 77070400 2216690963 33554432 268435456 32768
is_linear=0
shrinkage=0.05


Tree=64
num_leaves=31
num_cat=11
split_feature=0 0 1 0 0 1 3 0 9 6 1 0 12 11 0 0 2 3 0 1 1 6 1 0 0 6 10 5 10 5
split_gain=22781.5 15400.5 4005.41 3127.21 3120.14 1445.73 1223.27 1017.1 749.698 786.452 739.509 1142.51 719.099 1272.94 857.539 701.877 647.627 622.526 580.273 577.631 553.834 504.514 376.719 376.687 372.934 370.559 366.243 718.237 521.948 459.139
threshold=0 1 8.5000000000000018 2 3 10.500000000000002 23.500000000000004 4 51.500000000000007 1.1666666666666667 10.500000000000002 5 12.500000000000002 -554.99999999999989 6 7 1.0000000180025095e-35 24.500000000000004 8 21.500000000000004 20.500000000000004 1.1666666666666667 11.500000000000002 9 10 1.1666666666666667 20.500000000000004 89.850000000000009 32.500000000000007 71.15000000000002
decision_type=9 9 2 9 9 2 2 9 2 2 2 9 2 2 9 9 2 2 9 2 2 2 2 9 9 2 2 2 2 2
left_child=4 -2 3 -3 -1 -6 15 10 9 12 11 -4 13 26 17 -7 -11 -14 -18 25 -17 -8 -16 -13 -10 -12 29 28 -28 -9
right_child=1 2 7 -5 5 6 21 8 24 16 19 23 14 -15 22 20 18 -19 -20 -21 -22 -23 -24 -25 -26 -27 27 -29 -30 -31
leaf_value=-0.01876206960555811 0.00021694310495146141 0.0040494959906524743 0.033055735872593493 -0.02040999744725194 -0.018761697729758532 -0.084591067720542812 -0.01876206960555811 0.10526304422951949 -0.085326921750794066 -0.12507168538684663 -0.017254146047531862 -0.064281931664278522 0.23663180970955935 -0.15891709565952106 -0.056488783665819976 0.014576332586009589 0.3534669800843972 -0.055072366777366356 0.079735576955897794 -0.038005688984971413 -0.050932668792822523 -0.015855440658020248 0.048489875986998859 -0.046374606541677292 -0.0017460655340850286 0.0275687912323626 0.18420294292053266 -0.036459111342283544 -0.019284761029416054 -0.014527138936896923
leaf_weight=23149 16643 7617 3588 10495 9826 2247 19056 3084 14983 2586 45765 4732 12505 7887 13155 10227 9641 2712 36773 6521 2103 6363 43234 2868 17630 14547 13182 9556 4131 53083
leaf_count=23149 16643 7617 3588 10495 9826 2247 19056 3084 14983 2586 45765 4732 12505 7887 13155 10227 9641 2712 36773 6521 2103 6363 43234 2868 17630 14547 13182 9556 4131 53083
internal_value=-0.00392415 0.00128065 -0.00101694 -0.0238958 -0.0293782 -0.022319 -0.0181018 0.000269274 0.00185745 0.00294546 -0.00470006 -0.0165981 0.00127147 -0.00167999 0.00501913 -0.00655485 0.00849796 0.015548 0.00985479 -0.00270899 -0.00185575 -0.0247236 0.00217468 -0.0275558 -0.00519885 -0.00118053 0.000143311 0.00494436 0.0110177 -0.0021534
internal_weight=429889 356918 340275 18112 72971 49822 39996 322163 244142 211529 78021 11188 162529 90923 71606 14577 49000 15217 46414 66833 12330 25419 56389 7600 32613 60312 83036 26869 17313 56167
internal_count=429889 356918 340275 18112 72971 49822 39996 322163 244142 211529 78021 11188 162529 90923 71606 14577 49000 15217 46414 66833 12330 25419 56389 7600 32613 60312 83036 26869 17313 56167
cat_boundaries=0 3 5 8 10 12 14 17 18 21 23 26
cat_threshold=184598674 1346371584 2 2147483648 1049088 269497348 84686920 12 32898 1077936128 538181632 2720007426 1310720 256 12356 135018496 12 33554432 12288 280704 4 536870912 35652608 277352452 219025424 5
is_linear=0
shrinkage=0.05


Tree=65
num_leaves=31
num_cat=13
split_feature=0 0 1 0 0 1 3 0 0 1 1 0 3 1 1 0 6 5 6 0 11 0 0 3 3 9 6 0 5 0
split_gain=22706.2 15433.8 3986.81 3127.21 3120.14 1445.73 1223.27 1030.15 701.877 592.367 762.676 589.019 680.16 553.834 541.47 524.019 504.514 490.234 481.851 479.011 513.459 477.647 429.976 420.196 376.059 374.638 363.832 353.551 334.076 333.281
threshold=0 1 8.5000000000000018 2 3 10.500000000000002 23.500000000000004 4 5 19.500000000000004 11.500000000000002 6 23.500000000000004 20.500000000000004 22.500000000000004 7 1.1666666666666667 75.800000000000011 2.5000000000000004 8 641.50000000000011 9 10 28.500000000000004 22.500000000000004 63.500000000000007 1.1666666666666667 11 90.300000000000026 12
decision_type=9 9 2 9 9 2 2 9 9 2 2 9 2 2 2 9 2 2 2 9 2 9 9 2 2 2 2 9 2 9
left_child=4 -2 3 -3 -1 -6 8 9 -7 10 27 17 22 -10 18 -11 -8 -12 19 20 24 -16 -13 -17 -9 28 -14 -4 -21 -18
right_child=1 2 7 -5 5 6 16 14 13 15 11 12 26 -15 21 23 29 -19 -20 25 -22 -23 -24 -25 -26 -27 -28 -29 -30 -31
leaf_value=-0.017823966125280189 0.00020609594970384394 0.0038470211911198152 0.28729884673524925 -0.01938949757488935 -0.017823612843270588 -0.080361514334515688 -0.017823966125280189 0.015167151002024148 0.013847515956709078 0.10312158287739184 0.066075884658215858 0.79808106602510165 -0.00023817552158718059 -0.048386035353181402 -0.010207240413166119 -0.13155796927532074 -0.02113774692425743 0.57717727481550296 0.086784039866151644 0.0024059253632858105 -0.03797944065159662 -0.05674111399415134 0.14734084384261195 0.050271220762463868 -0.020491133205040812 -0.21667192485097841 0.13431777745046744 -0.03350716959123843 -0.057911536647513723 -0.015062668625119225
leaf_weight=23149 16643 7617 1604 10495 9826 2247 19056 9827 10227 5744 2601 3320 30197 2103 4523 12385 2089 6345 7452 129140 3055 5297 17878 5710 24473 1679 10550 24760 15623 4274
leaf_count=23149 16643 7617 1604 10495 9826 2247 19056 9827 10227 5744 2601 3320 30197 2103 4523 12385 2089 6345 7452 129140 3055 5297 17878 5710 24473 1679 10550 24760 15623 4274
internal_value=-0.00396626 0.00122994 -0.00107013 -0.0238958 -0.0293782 -0.022319 -0.0181018 0.000213091 -0.00655485 0.00385619 0.00558789 0.00828808 0.00655234 -0.00185575 -0.00198106 -0.00320693 -0.0247236 0.0202769 -0.00139321 -0.00189856 -0.00695169 -0.0134318 0.0138173 -0.00738194 -0.00520408 -0.000609073 0.00277444 -0.00167274 -0.000336757 -0.0125334
internal_weight=429889 356918 340275 18112 72971 49822 39996 322163 14577 121094 97255 70891 61945 12330 201069 23839 25419 8946 191249 183797 37355 9820 21198 18095 34300 146442 40747 26364 144763 6363
internal_count=429889 356918 340275 18112 72971 49822 39996 322163 14577 121094 97255 70891 61945 12330 201069 23839 25419 8946 191249 183797 37355 9820 21198 18095 34300 146442 40747 26364 144763 6363
cat_boundaries=0 3 5 8 10 13 14 16 19 21 23 25 26 28
cat_threshold=184598674 1346371584 2 2147483648 1049088 269497348 84686920 12 32898 1077936128 603136 477384 13 33554432 0 81920 524288 264192 8 1048576 2686451968 277872704 2231906336 0 264192 8192 33554432 268435456
is_linear=0
shrinkage=0.05


Tree=66
num_leaves=31
num_cat=13
split_feature=0 0 1 0 0 1 3 0 6 1 6 0 1 11 3 11 0 0 0 3 0 10 5 14 9 2 0 0 6 0
split_gain=22042.6 15445.4 3968.79 3301.24 3118.73 1554.43 1061.6 936.961 859.742 738.747 708.48 701.877 553.834 472 455.267 568.299 553.758 512.06 442.712 421.214 598.695 387.438 386.886 385.946 341.366 390.81 379.435 326.161 423.787 315.807
threshold=0 1 8.5000000000000018 2 3 10.500000000000002 23.500000000000004 4 1.1666666666666667 22.500000000000004 1.1666666666666667 5 20.500000000000004 -1154.9999999999998 25.500000000000004 679.50000000000011 6 7 8 21.500000000000004 9 1.5000000000000002 71.15000000000002 63.500000000000007 52.500000000000007 1.0000000180025095e-35 10 11 2.5000000000000004 12
decision_type=9 9 2 9 9 2 2 9 2 2 2 9 2 2 2 2 9 9 9 2 9 2 2 2 2 2 9 9 2 9
left_child=3 -2 4 27 29 -5 11 9 -8 10 19 -7 -13 -10 17 16 -16 -9 -11 20 -4 -18 -21 -24 25 -12 -27 28 -1 -3
right_child=1 2 7 5 -6 6 8 14 13 18 24 12 -14 -15 15 -17 21 -19 -20 22 -22 -23 23 -25 -26 26 -28 -29 -30 -31
leaf_value=-0.016932767819016183 0.00019579115221866062 0.014049082187078366 0.25104620727417243 -0.016932432201107073 -0.018420022696144889 -0.076343438617789916 -0.016932767819016183 0.050364776932921629 -0.061487898778055078 0.024704249371400436 -0.1079216865353569 0.013155140158873646 -0.045966733585522328 0.00033165679971105535 -0.026796571416063134 -0.050718350250640754 -0.074816665120193762 -0.014691933205598097 -0.11279600479999137 0.22357486746901056 0.017713959946684101 -0.0015086307415153044 -0.013506043090916187 0.16399842256090091 -0.012070526938033411 0.35140214354188193 0.11717211433587771 -0.016932767819016183 0.37426048645320964 -0.14095506632526736
leaf_weight=7550 16643 3985 10679 9826 10495 2247 19056 30787 1980 2036 1647 10227 2103 4383 24546 3101 3970 48558 3688 2925 18672 53272 76331 6941 6375 9202 19433 15271 328 3632
leaf_count=7550 16643 3985 10679 9826 10495 2247 19056 30787 1980 2036 1647 10227 2103 4383 24546 3101 3970 48558 3688 2925 18672 53272 76331 6941 6375 9202 19433 15271 328 3632
internal_value=-0.0039074 0.00121229 -0.00108865 -0.0289452 -0.0238626 -0.0216849 -0.0173117 0.000191673 -0.0234805 0.00294133 0.00360468 -0.00655485 -0.00185575 -0.00756719 -0.00245245 -0.0049977 -0.00420111 0.000270338 -0.0146925 0.00168328 0.00685667 -0.00150562 -7.8309e-05 -0.00070612 0.00966118 0.011875 0.0132373 -0.044555 -0.0360801 0.000517897
internal_weight=429889 356918 340275 72971 18112 49822 39996 322163 25419 157929 152205 14577 12330 6363 164234 84889 81788 79345 5724 115548 29351 57242 86197 83272 36657 30282 28635 23149 7878 7617
internal_count=429889 356918 340275 72971 18112 49822 39996 322163 25419 157929 152205 14577 12330 6363 164234 84889 81788 79345 5724 115548 29351 57242 86197 83272 36657 30282 28635 23149 7878 7617
cat_boundaries=0 3 5 7 10 13 14 16 18 21 23 26 27 30
cat_threshold=184598674 1346371584 2 2147483648 1049088 32898 1077936128 269497348 84686920 12 1141454080 477432 13 33554432 1310784 2281701632 278134852 201326594 532480 395296 9 77824 264216 12288 280704 4 32768 269496320 84418560 8
is_linear=0
shrinkage=0.05


Tree=67
num_leaves=31
num_cat=13
split_feature=0 0 1 0 0 1 6 3 0 1 6 3 11 11 0 0 0 0 9 2 0 0 6 0 6 7 14 12 0 3
split_gain=21660.9 15485.4 3942.75 3387.22 3115.91 1606.33 1039.05 1199.96 919.875 563.506 600.765 522.385 504.08 482.742 504.03 459.259 452.805 431.476 361.809 359.088 357.9 333.668 330.971 326.161 423.787 324.952 355.686 322.302 315.807 314.899
threshold=0 1 8.5000000000000018 2 3 10.500000000000002 1.1666666666666667 22.500000000000004 4 22.500000000000004 1.1666666666666667 23.500000000000004 679.50000000000011 -1134.9999999999998 5 6 7 8 63.500000000000007 1.0000000180025095e-35 9 10 1.1666666666666667 11 2.5000000000000004 1.0000000180025095e-35 63.500000000000007 13.750000000000002 12 22.500000000000004
decision_type=9 9 2 9 9 2 2 2 9 2 2 2 2 2 9 9 9 9 2 2 9 9 2 9 2 2 2 2 9 2
left_child=3 -2 4 23 28 -5 7 15 9 10 18 21 20 -8 -15 -7 -14 -11 25 -16 22 27 -13 24 -1 26 29 -10 -3 -4
right_child=1 2 8 5 -6 6 13 -9 11 17 -12 12 16 14 19 -17 -18 -19 -20 -21 -22 -23 -24 -25 -26 -27 -28 -29 -30 -31
leaf_value=-0.016086129428065376 0.00018600159460770984 0.013346628077724444 0.081581965990542932 -0.016085810591051696 -0.017499021561337626 -0.035430053537115661 -0.057028313370388301 -0.016086129428065376 0.010127391702160527 0.023268819616358585 0.11321232426693051 -0.027157821328012546 -0.018056493623393878 -0.027023180006164174 -0.10156858788428856 -0.0030911592351626997 -0.050643827309783562 -0.13530329772831307 -0.23798889551412011 0.067844863916145304 -0.0064446430357641311 -0.011264159299459032 0.00037905630910017862 -0.016086129428065376 0.35554746213054916 -0.10569848593656631 0.18841996308322173 0.13346484582274484 -0.13390731300900402 -0.001243106888985679
leaf_weight=7550 16643 3985 33189 9826 10495 3450 2912 19907 17666 2548 36399 33439 1862 769 264 7252 2517 3584 1577 5442 57804 29732 11879 15271 328 5360 8492 9815 3632 66300
leaf_count=7550 16643 3985 33189 9826 10495 3450 2912 19907 17666 2548 36399 33439 1862 769 264 7252 2517 3584 1577 5442 57804 29732 11879 15271 328 5360 8492 9815 3632 66300
internal_value=-0.00392369 0.00115149 -0.00115242 -0.0287438 -0.0238516 -0.0213899 -0.0169442 -0.0214071 0.000123695 0.0028563 0.00345863 -0.0024884 -0.00454275 -0.00239161 0.00521236 -0.00790506 -0.0211578 -0.0120026 0.00168555 0.0103394 -0.0038372 0.00137119 -0.00716334 -0.044555 -0.0360801 0.00201648 0.00261296 0.00534175 0.000517897 0.00177457
internal_weight=429889 356918 340275 72971 18112 49822 39996 30609 322163 157449 151317 164714 107501 9387 6475 10702 4379 6132 114918 5706 103122 57213 45318 23149 7878 113341 107981 27481 7617 99489
internal_count=429889 356918 340275 72971 18112 49822 39996 30609 322163 157449 151317 164714 107501 9387 6475 10702 4379 6132 114918 5706 103122 57213 45318 23149 7878 113341 107981 27481 7617 99489
cat_boundaries=0 3 5 7 10 13 14 17 19 22 24 26 27 30
cat_threshold=184598674 1346371584 2 2147483648 1049088 32898 1077936128 269497348 84686920 12 1074345216 485609 13 33554432 33554432 0 2 268697600 16 532480 403488 9 1310784 2854224128 278134852 738197520 32768 269496320 84418560 8
is_linear=0
shrinkage=0.05


Tree=68
num_leaves=31
num_cat=12
split_feature=0 0 1 0 0 1 3 0 0 6 11 1 1 0 6 14 0 5 1 6 0 7 3 0 10 0 0 6 2 12
split_gain=22546.9 15512.7 3841.98 3204.25 3115.05 1442.69 1128.21 859.039 675.806 565.755 539.486 556.937 527.251 509.025 505.584 492.117 418.801 389.006 429.369 454.771 429.767 367.167 347.31 670.261 492.111 328.313 326.161 423.787 312.3 341.293
threshold=0 1 8.5000000000000018 2 3 10.500000000000002 23.500000000000004 4 5 1.1666666666666667 -1387.4999999999998 10.500000000000002 20.500000000000004 6 1.1666666666666667 98.000000000000014 7 90.300000000000026 20.500000000000004 2.5000000000000004 8 1.0000000180025095e-35 22.500000000000004 9 11.500000000000002 10 11 2.5000000000000004 5.5000000000000009 12.500000000000002
decision_type=9 9 2 9 9 2 2 9 9 2 2 2 2 9 2 2 9 2 2 2 9 2 2 9 2 9 9 2 2 2
left_child=4 -2 3 -3 26 -6 8 10 -7 -8 -4 13 -10 -12 21 17 -16 18 19 25 -20 22 23 -13 -25 -9 27 -1 29 -26
right_child=1 2 7 -5 5 6 9 15 12 -11 11 14 -14 -15 16 -17 -18 -19 20 -21 -22 -23 -24 24 28 -27 -28 -29 -30 -31
leaf_value=-0.015281822956662118 0.0001767015148772977 0.0022848846183236128 -0.072566969621832469 -0.016624070483270748 -0.015281520061499122 -0.070754764010044643 -0.015281822956662118 0.0054956985177349264 0.012651941112688104 -0.0092476886396343893 -0.11822951027246985 1.2571569610011424 -0.043513838944488105 0.00405522123804154 0.30736927731513686 0.15086341792508293 0.073432495145080878 -0.042845566719915643 -0.061725613470471834 0.09763205079834486 -0.010446193718783282 -0.10440035532961121 0.0069849708309115861 0.16098427070090474 -0.13532969358268088 -0.015875814960601621 -0.015281822956662118 0.33777008902402167 0.17906734833233565 0.012510071767780673
leaf_weight=7550 16643 7617 4246 10495 9826 2247 19056 56660 10227 6363 6417 1674 2103 17104 10339 4360 21604 16170 7942 5292 11889 4866 64132 17955 3692 59261 15271 328 2426 6134
leaf_count=7550 16643 7617 4246 10495 9826 2247 19056 56660 10227 6363 6417 1674 2103 17104 10339 4360 21604 16170 7942 5292 11889 4866 64132 17955 3692 59261 15271 328 2426 6134
internal_value=-0.00406791 0.00111003 -0.00119591 -0.0236031 -0.0293905 -0.0223371 -0.0181243 6.37876e-05 -0.00703506 -0.0244837 0.0026535 0.00313126 -0.00242301 -0.00396029 0.00438707 -0.00251015 0.00986914 -0.00296984 -0.0021277 -0.00101186 -0.00894811 0.0026512 0.00333028 0.00759543 0.00587914 -0.00166622 -0.044555 -0.0360801 -0.0018446 -0.00581111
internal_weight=429889 356918 340275 18112 72971 49822 39996 322163 14577 25419 160589 156343 12330 23521 132822 161574 31943 157214 141044 121213 19831 100879 96013 31881 30207 115921 23149 7878 12252 9826
internal_count=429889 356918 340275 18112 72971 49822 39996 322163 14577 25419 160589 156343 12330 23521 132822 161574 31943 157214 141044 121213 19831 100879 96013 31881 30207 115921 23149 7878 12252 9826
cat_boundaries=0 3 5 8 10 13 14 16 19 21 23 25 26
cat_threshold=184598674 1346371584 2 2147483648 1049088 269497348 84686920 12 32898 1077936128 1149842688 485576 13 33554432 75497472 84096 4096 346240 4 536870912 771752977 0 262144 64 235410483 32768
is_linear=0
shrinkage=0.05


Tree=69
num_leaves=31
num_cat=14
split_feature=0 0 1 0 0 1 3 0 0 6 1 1 0 14 6 0 0 5 1 6 0 0 6 9 6 0 1 0 1 0
split_gain=22194.2 15519.7 3673.43 3210.05 3079.5 1499.59 1281.23 814.524 738.81 565.755 491.887 621.879 582.168 467.58 464.691 464.113 418.752 355.992 417.831 443.583 422.058 326.161 423.787 322.926 358.149 359.435 452.807 322.545 316.344 316.229
threshold=0 1 8.5000000000000018 2 3 10.500000000000002 23.500000000000004 4 5 1.1666666666666667 20.500000000000004 10.500000000000002 6 98.000000000000014 2.5000000000000004 7 8 90.300000000000026 20.500000000000004 2.5000000000000004 9 10 2.5000000000000004 60.500000000000007 0.83333333333333337 11 18.500000000000004 12 18.500000000000004 13
decision_type=9 9 2 9 9 2 2 9 9 2 2 2 9 2 2 9 9 2 2 2 9 9 2 2 2 9 2 9 2 9
left_child=3 -2 4 21 -3 -5 8 10 -7 -8 11 15 27 17 16 -4 -13 18 19 23 -20 22 -1 24 -9 26 -26 -12 -10 -28
right_child=1 2 7 5 -6 6 9 13 28 -11 12 14 -14 -15 -16 -17 -18 -19 20 -21 -22 -23 -24 -25 25 -27 29 -29 -30 -31
leaf_value=-0.014517731808829027 0.00016786643913340173 0.002170640387407463 -0.11231803475884634 -0.014517444058424145 -0.015792866959107199 -0.067217025809542405 -0.014517731808829027 -0.082041323995922441 0.054219624768797207 -0.0087853042076526666 1.102544667105082 0.11710004430744761 -0.095025576948508758 0.14332024702882881 0.34288339428488546 0.0038524601761395164 0.014684184159438908 -0.040703288383919879 -0.069591726366297693 0.092750448258427556 -0.02234685365851994 -0.014517731808829027 0.32088158457282062 -0.087354990250130105 -0.015975066159554931 0.0090642073062731764 0.23469890019883566 0.00042574522286242811 -0.031102072647128276 -0.00096536633124841851
leaf_weight=7550 16643 7617 6417 9826 10495 2247 19056 6500 8476 6363 1042 47230 8928 4360 4494 17104 64123 16170 3557 5292 16274 15271 328 5587 26253 72628 1820 11251 3854 3133
leaf_count=7550 16643 7617 6417 9826 10495 2247 19056 6500 8476 6363 1042 47230 8928 4360 4494 17104 64123 16170 3557 5292 16274 15271 328 5587 26253 72628 1820 11251 3854 3133
internal_value=-0.0040379 0.00109938 -0.00120708 -0.0291617 -0.0231173 -0.0220019 -0.0177068 2.46769e-05 -0.00588941 -0.0244837 0.0025464 0.00362637 -0.00454503 -0.00248168 0.00513134 -0.00378598 0.00449516 -0.00292976 -0.00212416 -0.00102341 -0.0088523 -0.044555 -0.0360801 -0.00166967 -0.00107582 -0.00036308 -0.00485008 0.00251565 -0.00106969 0.00901474
internal_weight=429889 356918 340275 72971 18112 49822 39996 322163 14577 25419 160589 139368 21221 161574 115847 23521 111353 157214 141044 121213 19831 23149 7878 115921 110334 103834 31206 12293 12330 4953
internal_count=429889 356918 340275 72971 18112 49822 39996 322163 14577 25419 160589 139368 21221 161574 115847 23521 111353 157214 141044 121213 19831 23149 7878 115921 110334 103834 31206 12293 12330 4953
cat_boundaries=0 3 5 7 10 13 14 17 19 21 23 24 26 28 30
cat_threshold=184598674 1346371584 2 2147483648 1049088 32898 1077936128 269497348 84686920 12 1149842688 485576 13 33554432 8917248 403456 13 75497472 84096 67182592 344264 0 671089681 32768 269484032 2166358272 8912896 262144 0 2097408
is_linear=0
shrinkage=0.05


Tree=70
num_leaves=31
num_cat=11
split_feature=0 0 1 0 0 1 3 9 6 2 3 0 0 6 0 0 9 5 0 1 10 12 1 2 0 5 5 2 0 10
split_gain=21817 15564.3 3633.03 3290.21 3066.88 1547.78 1188.28 768.425 830.643 744.086 735.968 870.154 733.806 733.616 662.147 626.091 559.841 500.341 475.806 450.625 437.733 510.988 376.043 356.677 343.764 337.406 515.406 419.4 410.887 329.894
threshold=0 1 8.5000000000000018 2 3 10.500000000000002 23.500000000000004 51.500000000000007 1.1666666666666667 1.0000000180025095e-35 21.500000000000004 4 5 1.1666666666666667 6 7 20.500000000000004 71.15000000000002 8 22.500000000000004 9.5000000000000018 12.500000000000002 20.500000000000004 5.5000000000000009 9 79.200000000000017 80.450000000000017 1.5000000000000002 10 3.5000000000000004
decision_type=9 9 2 9 9 2 2 2 2 2 2 9 9 2 9 9 2 2 9 2 2 2 2 2 9 2 2 2 9 2
left_child=3 -2 4 -1 -3 -5 12 8 10 -10 11 20 -7 -8 17 19 -13 -12 -9 -11 -4 23 -17 -22 -15 27 -27 -16 -28 -29
right_child=1 2 7 5 -6 6 13 18 9 15 14 16 -14 24 25 22 -18 -19 -20 -21 21 -23 -24 -25 -26 26 28 29 -30 -31
leaf_value=-0.013791845218387567 0.00015947311717674496 0.0020621083680371298 0.2165693292200972 -0.013791571855502928 -0.015003223611151828 -0.063856174519065292 -0.013791845218387567 -0.10857706039633364 -0.11442902834864449 0.15143600619547248 0.080077301230103093 0.0033372356521979897 -0.0055474967521009335 -0.013793449193096175 -0.073298131708602957 0.040942686315621125 -0.1869553454307501 -0.023215065982276607 -0.015803565838186939 -0.11010460013719321 -0.13353484439565477 0.10819644889438713 -0.070729657454570646 0.099112703627134743 -0.0083460389972700444 0.17655473455318216 0.12309380870233416 0.097595099517502615 -0.0057499935005230988 -0.01451930292208168
leaf_weight=23149 16643 7617 12265 9826 10495 2247 19056 10129 3410 27222 2819 29678 12330 2089 13678 28583 3076 61554 33045 1533 3686 12109 3989 1586 4274 3942 10745 5334 35453 18327
leaf_count=23149 16643 7617 12265 9826 10495 2247 19056 10129 3410 27222 2819 29678 12330 2089 13678 28583 3076 61554 33045 1533 3686 12109 3989 1586 4274 3942 10745 5334 35453 18327
internal_value=-0.00406186 0.00103158 -0.00127819 -0.0289712 -0.0230676 -0.021723 -0.0173592 -5.32339e-05 0.000907383 0.00587068 -0.000592293 0.00397917 -0.0059786 -0.0238857 -0.00247083 0.0071347 -0.00163899 -0.00631921 -0.00626071 0.01251 0.0101834 0.00508314 0.00238475 -0.00790971 -0.00918592 0.00036176 0.00304148 -0.00323656 0.00156067 0.000792443
internal_weight=429889 356918 340275 72971 18112 49822 39996 322163 278989 64737 214252 62400 14577 25419 151852 61327 32754 64373 43174 28755 29646 17381 32572 5272 6363 87479 50140 37339 46198 23661
internal_count=429889 356918 340275 72971 18112 49822 39996 322163 278989 64737 214252 62400 14577 25419 151852 61327 32754 64373 43174 28755 29646 17381 32572 5272 6363 87479 50140 37339 46198 23661
cat_boundaries=0 3 5 7 10 13 14 16 19 21 23 25
cat_threshold=184598674 1346371584 2 2147483648 1049088 32898 1077936128 269497348 84686920 12 277688388 721692728 8 33554432 336859204 2938113280 1140929796 117852289 12 268701696 740687874 33554432 268435456 1024 81993
is_linear=0
shrinkage=0.05


Tree=71
num_leaves=31
num_cat=12
split_feature=0 0 0 1 0 1 3 0 0 6 0 1 0 15 6 0 1 14 3 0 10 8 0 2 8 8 0 6 5 2
split_gain=22102.2 15422.2 3298.91 2230.87 3505.09 1553.02 1201.98 786.822 739.582 733.616 643.198 499.383 497.798 469.442 450.78 448.985 601.675 423.488 409.838 622.187 356.866 343.927 343.764 333.554 635.566 330.861 326.161 423.787 315.777 364.947
threshold=0 1 2 8.5000000000000018 3 10.500000000000002 23.500000000000004 4 5 1.1666666666666667 6 20.500000000000004 7 0.65833333333333344 2.5000000000000004 8 12.500000000000002 63.500000000000007 21.500000000000004 9 10.500000000000002 1.0000000180025095e-35 10 4.5000000000000009 1.0000000180025095e-35 1.0000000180025095e-35 11 2.5000000000000004 78.700000000000003 1.5000000000000002
decision_type=9 9 9 2 9 2 2 9 9 2 9 2 9 2 2 9 2 2 2 9 2 2 9 2 2 2 9 2 2 2
left_child=2 -2 26 4 10 -4 8 14 -7 -8 -3 13 -13 15 17 16 -9 18 19 -5 -21 -19 -11 24 -20 -25 27 -1 29 -17
right_child=1 3 5 7 -6 6 9 11 -10 22 -12 12 -14 -15 -16 28 -18 21 23 20 -22 -23 -24 25 -26 -27 -28 -29 -30 -31
leaf_value=-0.013102252957468209 0.00015149946131787217 0.0007110331204414511 -0.013101993262727785 1.0218975777529877 -0.015480802110071457 -0.060663365793112024 -0.013102252957468209 -0.033246551692874431 -0.0052701219144958957 -0.013103776733441387 -0.0058016895805019786 -0.058409208980985922 -0.0068176700376861637 0.022749051494724615 0.22387550429399392 -0.023572787936103092 -0.013892327547657769 0.19982159753833317 0.025294873787859107 0.11862997458105369 -0.0096397119218988095 -0.085025798389671448 -0.0079287370474065543 -0.050246327087503762 -0.098721805813181976 0.053223829816518367 -0.013102252957468209 0.305527097605099 -0.01692250624030436 0.029850223766971419
leaf_weight=7550 16643 1225 9826 1715 9293 2247 19056 5557 12330 2089 7594 11792 12353 34732 6334 12588 8882 11483 68366 14067 14934 1801 4274 26050 7861 5952 15271 328 48372 29324
leaf_count=7550 16643 1225 9826 1715 9293 2247 19056 5557 12330 2089 7594 11792 12353 34732 6334 12588 8882 11483 68366 14067 14934 1801 4274 26050 7861 5952 15271 328 48372 29324
internal_value=-0.00387902 0.00124759 -0.0289507 -0.00105162 -0.0181261 -0.0216929 -0.0173217 -9.17238e-05 -0.00587569 -0.0238857 0.00446823 -0.0025243 -0.00916339 -0.001375 0.00241813 -0.00304565 -0.0112292 0.00187448 0.00105905 0.0061564 0.00441729 0.0104035 -0.00918592 -0.000387604 0.00141092 -0.00467158 -0.044555 -0.0360801 -0.00173544 0.00144111
internal_weight=429889 356918 72971 340275 18112 49822 39996 322163 14577 25419 8819 163600 24145 139455 158563 104723 14439 152229 138945 30716 29001 13284 6363 108229 76227 32002 23149 7878 90284 41912
internal_count=429889 356918 72971 340275 18112 49822 39996 322163 14577 25419 8819 163600 24145 139455 158563 104723 14439 152229 138945 30716 29001 13284 6363 108229 76227 32002 23149 7878 90284 41912
cat_boundaries=0 3 5 7 10 13 14 16 18 20 22 24 25
cat_threshold=184598674 1346371584 2 2147483648 1049088 32898 1077936128 344994820 84687048 12 277427456 1009864 13 33554432 8388608 524416 1677721600 771752977 0 2149580834 0 262144 33554432 268435456 32768
is_linear=0
shrinkage=0.05


Tree=72
num_leaves=31
num_cat=13
split_feature=0 0 0 1 0 1 3 0 0 6 0 15 6 1 9 0 0 0 1 0 2 2 3 1 0 6 1 1 0 10
split_gain=22148.6 15401.4 3298.91 1931.48 3386.55 1553.02 1201.98 750.507 739.582 733.616 579.422 425.385 400.492 369.957 348.965 346.926 343.764 342.731 847.575 336.334 328.731 723.282 516.22 399.298 326.161 423.787 314.446 302.592 453.689 290.849
threshold=0 1 2 8.5000000000000018 3 10.500000000000002 23.500000000000004 4 5 1.1666666666666667 6 0.46666666666666673 3.5000000000000004 20.500000000000004 51.500000000000007 7 8 9 11.500000000000002 10 1.5000000000000002 4.5000000000000009 29.500000000000004 18.500000000000004 11 2.5000000000000004 18.500000000000004 13.500000000000002 12 10.500000000000002
decision_type=9 9 9 2 9 2 2 9 9 2 9 2 2 2 2 9 9 9 2 9 2 2 2 2 9 2 2 2 9 2
left_child=2 -2 24 4 10 -4 8 12 -7 -8 -3 17 14 -13 20 -6 -11 18 -9 -15 22 -22 23 -5 25 -1 29 28 -19 -10
right_child=1 3 5 7 15 6 9 11 26 16 -12 13 -14 19 -16 -17 -18 27 -20 -21 21 -23 -24 -25 -26 -27 -28 -29 -30 -31
leaf_value=-0.012447140309594797 0.00014392448825200079 0.00067548146441938079 -0.012446893599591391 -0.01004279899995968 -0.055033021665037651 -0.057630197503456417 -0.012447140309594797 -0.036934035770936367 0.083572257934794891 -0.012448587896769326 0.00060141647815035179 0.022795026644369276 0.53587146247651418 -0.066312413834472311 -0.030393765559302999 -0.01347902232509064 -0.0075323001950362125 0.03262705934823007 -0.015235485057102462 -0.00060366510462763758 0.094681035229030652 -0.0040835059487787538 0.092837248801037484 -0.14979589451723782 -0.012447140309594797 0.29025074272484402 -0.02900608808144205 -0.02095756260899604 -0.02123445514116469 -0.030341546343594983
leaf_weight=7550 16643 1225 9826 22135 3559 2247 19056 5653 5094 2089 7200 37418 1549 3868 21374 6128 4274 18699 15658 6614 56028 40486 11721 7154 15271 328 3854 53358 20448 3382
leaf_count=7550 16643 1225 9826 22135 3559 2247 19056 5653 5094 2089 7200 37418 1549 3868 21374 6128 4274 18699 15658 6614 56028 40486 11721 7154 15271 328 3854 53358 20448 3382
internal_value=-0.00385274 0.00127925 -0.0289507 -0.00101841 -0.0169059 -0.0216929 -0.0173217 -0.000125247 -0.00587569 -0.0238857 0.00628927 -0.00252897 0.0022975 0.0014238 0.002051 -0.0370475 -0.00918592 -0.00419273 -0.00990807 -0.00687846 0.00297475 0.00456825 -0.000775421 -0.00432415 -0.044555 -0.0360801 -0.00105348 -0.00287467 0.000463637 0.00432987
internal_weight=429889 356918 72971 340275 18112 49822 39996 322163 14577 25419 8425 161716 160447 47900 158898 9687 6363 113816 21311 10482 137524 96514 41010 29289 23149 7878 12330 92505 39147 8476
internal_count=429889 356918 72971 340275 18112 49822 39996 322163 14577 25419 8425 161716 160447 47900 158898 9687 6363 113816 21311 10482 137524 96514 41010 29289 23149 7878 12330 92505 39147 8476
cat_boundaries=0 3 5 7 10 13 14 16 19 21 23 25 26 28
cat_threshold=184598674 1346371584 2 2147483648 1049088 32898 1077936128 881865732 84686984 8 1082733824 1009864 13 33554432 8388608 524416 1074004288 131152 4 33554432 268435456 0 2686451746 67108864 738198545 32768 1310784 100667648
is_linear=0
shrinkage=0.05


Tree=73
num_leaves=31
num_cat=15
split_feature=0 0 0 1 1 0 3 6 0 15 1 0 0 0 0 11 0 1 0 3 11 3 0 0 11 0 0 6 14 2
split_gain=22016.6 15336.6 3379.57 1601.71 1491.13 3383.99 1143.22 893.16 743.058 700.249 719.005 695.307 641.781 641.599 605.108 379.65 447.68 517.016 412.545 356.915 432.811 349.266 337.354 334.319 331.969 328.16 326.161 423.787 303.701 282.394
threshold=0 1 2 10.500000000000002 8.5000000000000018 3 23.500000000000004 1.1666666666666667 4 0.46666666666666673 20.500000000000004 5 6 7 8 -915.49999999999989 9 11.500000000000002 10 24.500000000000004 111.50000000000001 23.500000000000004 11 12 641.50000000000011 13 14 2.5000000000000004 28.500000000000004 1.0000000180025095e-35
decision_type=9 9 9 2 2 9 2 2 9 2 2 9 9 9 9 2 9 2 9 2 2 2 9 9 2 9 9 2 2 2
left_child=2 -2 26 -4 5 -3 8 -8 -5 11 14 15 -7 -12 -11 25 19 18 -18 22 -21 -13 -17 24 -23 -6 27 -1 -16 -10
right_child=1 4 3 6 9 12 7 -9 29 10 13 21 -14 -15 28 16 17 -19 -20 20 -22 23 -24 -25 -26 -27 -28 -29 -30 -31
leaf_value=-0.01182478329411505 0.00013672826383936965 -0.014664896766184788 -0.011824548919611821 -0.054748687628283582 0.012406238001142622 0.00064170739119839837 -0.01182478329411505 -0.0071556851852844 -0.040230895755182954 0.15769246147562926 -0.070291724193574906 -0.003896568523970423 -0.0011553419960109947 0.014858397735618213 -0.002609448225736566 0.96154993752187901 -0.12347345146330931 0.058627998739341436 -0.0078526180116316631 0.15017874849059051 -0.11379737077997128 -0.031069928429238971 0.11194341030924893 -0.016392467859423034 -0.03682305871791143 -0.054485500341796292 -0.01182478329411505 0.27573820558860185 0.056922180417045359 0.004055016027647085
leaf_weight=7550 16643 7894 9826 2247 10870 1225 19056 6363 1894 19376 9781 38565 8993 11867 31484 3239 5713 36912 17144 5514 3938 16913 5382 55256 2116 17218 15271 328 30875 10436
leaf_count=7550 16643 7894 9826 2247 10870 1225 19056 6363 1894 19376 9781 38565 8993 11867 31484 3239 5713 36912 17144 5514 3938 16913 5382 55256 2116 17218 15271 328 30875 10436
internal_value=-0.00373852 0.00137815 -0.0287616 -0.021416 -0.000914674 -0.0148741 -0.0169767 -0.0233782 -0.00581395 -0.000129903 0.00326117 -0.00173233 0.00413571 -0.00484109 0.00540711 0.00117708 0.00297526 0.000889108 -0.00502034 0.00986838 0.00316335 -0.00446305 0.0172312 -0.00646766 -0.0121829 -0.0038059 -0.044555 -0.0360801 0.0030071 -0.000980551
internal_weight=429889 356918 72971 49822 340275 18112 39996 25419 14577 322163 103383 218780 10218 21648 81735 105930 77842 59769 22857 18073 9452 112850 8621 74285 19029 28088 23149 7878 62359 12330
internal_count=429889 356918 72971 49822 340275 18112 39996 25419 14577 322163 103383 218780 10218 21648 81735 105930 77842 59769 22857 18073 9452 112850 8621 74285 19029 28088 23149 7878 62359 12330
cat_boundaries=0 3 5 7 10 11 14 16 18 20 22 24 26 28 30 31
cat_threshold=184598674 1346371584 2 2147483648 1049088 32898 1077936128 1074069568 2854438195 1 33554432 1149773056 68118729 8 8388608 524416 1141187648 2885764305 67182592 539377888 1073750016 67371008 75497472 81920 0 262144 1048576 2820669442 67109120 26624 32768
is_linear=0
shrinkage=0.05


Tree=74
num_leaves=31
num_cat=15
split_feature=0 0 0 1 1 0 6 3 6 15 0 0 0 1 0 0 1 0 0 6 11 0 1 0 0 12 5 5 0 11
split_gain=21497.3 15278.3 3573.95 1719.69 1222.47 3334.76 1086.02 1400.22 631.877 587.674 579.573 561.335 527.645 506.396 553.434 522.575 429.587 342.332 326.161 423.787 316.601 488.039 447.317 353.374 333.459 302.724 405.331 286.91 283.055 552.442
threshold=0 1 2 10.500000000000002 8.5000000000000018 3 1.1666666666666667 22.500000000000004 2.5000000000000004 0.46666666666666673 4 5 6 20.500000000000004 7 8 20.500000000000004 9 10 2.5000000000000004 -810.49999999999989 11 11.500000000000002 12 13 13.250000000000002 71.15000000000002 89.850000000000009 14 -1234.9999999999998
decision_type=9 9 9 2 2 9 2 2 2 2 9 9 9 2 9 9 2 9 9 2 2 9 2 9 9 2 2 2 9 2
left_child=2 -2 18 -4 5 -3 7 12 9 10 20 -7 -5 14 -11 -15 17 -10 19 -1 23 25 24 -6 -23 -22 -27 -12 -8 -30
right_child=1 4 3 6 8 11 28 -9 16 13 27 -13 -14 15 -16 -17 -18 -19 -20 -21 21 22 -24 -25 -26 26 -28 -29 29 -31
leaf_value=-0.011233544129409313 0.00012989185064737896 -0.017255827602704034 -0.011233321473631231 -0.052011253246869421 -0.038064354983017169 0.00060962202163850066 -0.022445296413062057 -0.011233544129409313 0.30851839373357981 0.15199359123411327 -0.017172310872004548 0.00040521270358149234 -0.0076925067792493534 -0.056430986927202609 0.014660539864224376 0.019444220307661287 -0.10525704937547076 0.048328415522168468 -0.011233544129409313 0.26195129530917172 0.19083409058180154 -0.11640615803702198 0.051525901144173325 0.0023945860093824937 -0.0093378418530071002 0.35469006343057607 -0.019723834027766077 -0.054528459257012864 -0.052335363577839016 0.0085608872347318517
leaf_weight=7550 16643 8366 9826 1620 14848 1225 1723 19907 5526 16971 87027 8521 9082 9204 61677 11602 1864 5346 15271 328 9641 5464 31178 22463 16682 969 7740 13961 1569 6095
leaf_count=7550 16643 8366 9826 1620 14848 1225 1723 19907 5526 16971 87027 8521 9082 9204 61677 11602 1864 5346 15271 328 9641 5464 31178 22463 16682 969 7740 13961 1569 6095
internal_value=-0.00358872 0.00146724 -0.0283149 -0.0207618 -0.000821223 -0.0134607 -0.0161616 -0.0207243 -0.000110658 -0.000559906 -0.00205955 0.00642681 -0.00613904 0.00260623 0.00444131 -0.00433048 0.010804 0.0146063 -0.044555 -0.0360801 0.000469288 0.00241371 -7.49991e-06 -0.00326579 -0.00544116 0.00944444 0.00269262 -0.00478821 -0.00128369 0.00284076
internal_weight=429889 356918 72971 49822 340275 18112 39996 30609 322163 309427 209973 9746 10702 99454 78648 20806 12736 10872 23149 7878 108985 71674 53324 37311 22146 18350 8709 100988 9387 7664
internal_count=429889 356918 72971 49822 340275 18112 39996 30609 322163 309427 209973 9746 10702 99454 78648 20806 12736 10872 23149 7878 108985 71674 53324 37311 22146 18350 8709 100988 9387 7664
cat_boundaries=0 3 5 7 10 13 15 16 18 20 23 24 26 28 30 31
cat_threshold=184598674 1346371584 2 2147483648 1049088 32898 1077936128 1074069568 2854372723 5 1149773056 84895945 8 8388608 524416 33554432 67182592 539115712 1141187840 2885764561 1350906944 604326153 5 32768 1073750016 67895296 1073750016 84410368 75497472 81920 167772160
is_linear=0
shrinkage=0.05


Tree=75
num_leaves=31
num_cat=14
split_feature=0 0 0 1 1 0 3 6 0 9 6 2 0 3 5 0 9 1 0 0 0 0 10 5 10 2 0 0 11 0
split_gain=22198.3 15264.4 3420.09 1607.04 1226.79 3334.76 1135.55 912.73 743.058 626.246 661.092 637.621 561.335 555.387 788.807 716.871 576.184 548.119 566.801 473.915 449.473 449.237 414.704 344.49 437.092 692.769 434.343 403.01 350.49 449.455
threshold=0 1 2 10.500000000000002 8.5000000000000018 3 23.500000000000004 1.1666666666666667 4 51.500000000000007 1.1666666666666667 1.0000000180025095e-35 5 21.500000000000004 68.40000000000002 6 4.5000000000000009 22.500000000000004 7 8 9 10 30.500000000000004 71.15000000000002 20.500000000000004 3.5000000000000004 11 12 -626.99999999999989 13
decision_type=9 9 9 2 2 9 2 2 9 2 2 2 9 2 2 9 2 2 9 9 9 9 2 2 2 2 9 9 2 9
left_child=2 -2 -1 -4 5 -3 8 -8 -5 10 13 -12 -7 14 20 16 -16 18 -13 -15 -6 -11 -18 -21 27 28 -27 -25 -26 -30
right_child=1 4 3 6 9 12 7 -9 -10 21 11 17 -14 19 15 -17 22 -19 -20 23 -22 -23 -24 24 25 26 -28 -29 29 -31
leaf_value=-0.010671866922938866 0.00012339725811498782 -0.016393036222568824 -0.010671655399949654 -0.049410690584525963 0.0050077884557452991 0.00057914092055657564 -0.010671866922938866 -0.0072259452877567742 -0.0028450355873770763 -0.099417087712214969 -0.11066684354339201 0.14760002482709461 0.00038495206840241105 -0.025708253813280013 -0.023409155284636898 -0.003764289995633874 0.20071169047184176 -0.085356010824130565 0.027710931857534506 0.074290322184409605 -0.23950244050602745 -0.01238686501475126 0.031744527198573638 -0.030894276280416657 0.14029287020724573 -0.089372518850012392 0.0090603229957323169 -0.00055765460920023104 -0.081412112743370998 0.042302514796454638
leaf_weight=23149 16643 8366 9826 2247 1154 1225 19056 6363 12330 10129 3410 25644 8521 18973 6298 30744 16058 2838 32845 5532 1822 33045 6324 43150 13464 11178 10478 37681 3112 8284
leaf_count=23149 16643 8366 9826 2247 1154 1225 19056 6363 12330 10129 3410 25644 8521 18973 6298 30744 16058 2838 32845 5532 1822 33045 6324 43150 13464 11178 10478 37681 3112 8284
internal_value=-0.0036492 0.00148854 -0.0287753 -0.0213859 -0.000798889 -0.0134607 -0.0169392 -0.0233192 -0.00581395 -8.70677e-05 0.000780138 0.005208 0.00642681 -0.000557754 0.00341346 0.00467151 0.0103555 0.0063781 0.00741934 -0.00218963 -0.021707 -0.00569093 0.0141185 -0.00113365 -0.00166435 0.00219709 -0.0043406 -0.0038865 0.0078922 0.0014391
internal_weight=429889 356918 72971 49822 340275 18112 39996 25419 14577 322163 278989 64737 9746 214252 62400 59424 28680 61327 58489 151852 2976 43174 22382 132879 127347 46516 21656 80831 24860 11396
internal_count=429889 356918 72971 49822 340275 18112 39996 25419 14577 322163 278989 64737 9746 214252 62400 59424 28680 61327 58489 151852 2976 43174 22382 132879 127347 46516 21656 80831 24860 11396
cat_boundaries=0 3 5 7 10 11 13 16 19 21 23 25 28 31 34
cat_threshold=184598674 1346371584 2 2147483648 1049088 32898 1077936128 1074069568 2854372723 5 33554432 8388608 524416 277950532 789325864 8 1140929796 101075073 12 1048576 2720006144 277685248 2720401488 268701696 740687874 75771972 201726114 13 1946489860 83959057 4 603980100 135151009 12
is_linear=0
shrinkage=0.05


Tree=76
num_leaves=31
num_cat=13
split_feature=0 0 0 1 1 0 6 3 6 0 0 0 2 2 2 3 1 0 0 0 0 0 5 9 0 6 11 3 9 1
split_gain=21489.1 15299.9 3609.53 1721.53 1204.08 3314.43 1091.98 1400.22 613.53 577.626 561.335 527.645 438.361 532.091 615.165 805.954 541.364 515.674 467.218 449.94 421.853 408.399 403.191 355.639 309.382 319.815 302.859 286.29 337.931 284.106
threshold=0 1 2 10.500000000000002 8.5000000000000018 3 1.1666666666666667 22.500000000000004 3.5000000000000004 4 5 6 1.0000000180025095e-35 4.5000000000000009 5.5000000000000009 21.500000000000004 20.500000000000004 7 8 9 10 11 75.250000000000014 2.5000000000000004 12 2.5000000000000004 155.00000000000003 29.500000000000004 34.500000000000007 17.500000000000004
decision_type=9 9 9 2 2 9 2 2 2 9 9 9 2 2 2 2 2 9 9 9 9 9 2 2 9 2 2 2 2 2
left_child=2 -2 24 -4 5 -3 7 11 9 -6 -7 -5 17 16 21 -16 19 -11 -18 27 -17 -15 26 -23 25 -1 -19 29 -29 -14
right_child=1 4 3 6 8 10 -8 -9 -10 12 -12 -13 13 14 15 20 18 22 -20 -21 -22 23 -24 -25 -26 -27 -28 28 -30 -31
leaf_value=-0.010138273576791913 0.00011722739520925174 -0.015573384411440384 -0.010138072629952167 -0.046940156055299644 0.06213128729345261 0.0005501838745287646 -0.0052019737792111448 -0.010138273576791913 0.2809234462133901 -0.061467570591892874 0.00036570446498229714 -0.0071656296609180275 0.050480975294767208 -0.007081932634705624 0.12585025983551398 -0.048216373451795573 -0.057584046134937866 -0.010508580212647846 0.0046920279486827535 -0.0035827987515933304 0.0053104675069827858 0.024999469829803545 -0.023946928602783048 -0.12647164991179349 -0.010138273576791913 0.24938732388986004 0.13458031528436668 0.012066991860504573 0.18070509041701729 -0.037679525516906412
leaf_weight=7550 16643 8366 9826 1620 51470 1225 9387 19907 3081 14778 8521 9082 40069 19790 8199 12909 9005 2751 11357 61863 16895 2559 18997 15984 15271 328 3896 5396 10676 12488
leaf_count=7550 16643 8366 9826 1620 51470 1225 9387 19907 3081 14778 8521 9082 40069 19790 8199 12909 9005 2751 11357 61863 16895 2559 18997 15984 15271 328 3896 5396 10676 12488
internal_value=-0.00362082 0.00143418 -0.0283423 -0.0207517 -0.0008559 -0.0134 -0.0161491 -0.0207243 -0.0001507 -0.00036511 0.00642681 -0.00613904 -0.0012981 -0.000444562 -0.00384615 0.00066179 0.00127673 -0.00609569 -0.00630586 0.00245992 -0.00315729 -0.00831529 -0.00180479 -0.0136447 -0.044663 -0.0363971 0.00879344 0.00524702 0.0110876 0.00346196
internal_weight=429889 356918 72971 49822 340275 18112 39996 30609 322163 319082 9746 10702 267612 227190 76336 38003 150854 40422 20362 130492 29804 38333 25644 18543 23149 7878 6647 68629 16072 52557
internal_count=429889 356918 72971 49822 340275 18112 39996 30609 322163 319082 9746 10702 267612 227190 76336 38003 150854 40422 20362 130492 29804 38333 25644 18543 23149 7878 6647 68629 16072 52557
cat_boundaries=0 3 5 7 10 12 14 15 18 21 24 27 30 31
cat_threshold=184598674 1346371584 2 2147483648 1049088 32898 1077936128 1074069568 2854372723 5 8192 280776 8388608 524416 33554432 1611665668 2248212481 4 1678050304 771818769 1 1955664964 100859905 5 344985668 2183271426 4 603984132 2232099107 12 32768
is_linear=0
shrinkage=0.05


Tree=77
num_leaves=31
num_cat=14
split_feature=0 0 0 1 1 0 6 3 15 0 0 1 0 0 0 14 9 0 6 0 11 6 5 11 0 1 0 0 12 3
split_gain=21455.2 15315.3 3609.53 1721.53 1199.34 3314.43 1091.98 1400.22 573.705 561.335 547.081 528.1 527.645 526.699 503.418 374.261 314.189 309.382 319.815 279.348 548.216 351.289 279.08 278.476 571.635 445.757 336.888 321.165 299.277 376.753
threshold=0 1 2 10.500000000000002 8.5000000000000018 3 1.1666666666666667 22.500000000000004 0.46666666666666673 4 5 20.500000000000004 6 7 8 125.00000000000001 60.500000000000007 9 2.5000000000000004 10 -1234.9999999999998 2.5000000000000004 89.850000000000009 -810.49999999999989 11 11.500000000000002 12 13 13.250000000000002 24.500000000000004
decision_type=9 9 9 2 2 9 2 2 2 9 9 2 9 9 9 2 2 9 2 9 2 2 2 2 9 2 9 9 2 2
left_child=2 -2 17 -4 5 -3 7 12 10 -7 23 13 -5 15 -13 16 -10 18 -1 -8 -21 -22 -12 27 28 26 -26 -6 -25 -30
right_child=1 4 3 6 8 9 19 -9 11 -11 22 14 -14 -15 -16 -17 -18 -19 -20 20 21 -23 -24 24 25 -27 -28 -29 29 -31
leaf_value=-0.0096313598979523192 0.00011136602544876696 -0.01479471519086837 -0.0096311689984545541 -0.044593148252534666 -0.052484255553479381 0.00052267468080233746 -0.020701635639060537 -0.0096313598979523192 0.098535927847666474 0.00034741924173316009 -0.014319973847214396 0.02418685928874087 -0.0068073481778721419 0.0075220521075227255 -0.060736758558001737 0.5341065261605753 -0.13700003292110893 -0.0096313598979523192 0.23691795769536705 -0.049097199445598649 0.0003429069483240177 0.43050131608515962 -0.048941772363910285 0.18605571089208689 -0.11246114821841205 0.049380009175448693 -0.0097811961535538405 0.0012338322068363716 0.14644666456710151 -0.08341037033166146
leaf_weight=7550 16643 8366 9826 1620 11764 1225 1723 19907 32718 8521 91438 9241 9082 45564 12407 1867 1586 15271 328 1569 5073 1022 13961 10128 5713 32308 17336 27244 4521 4367
leaf_count=7550 16643 8366 9826 1620 11764 1225 1723 19907 32718 8521 91438 9241 9082 45564 12407 1867 1586 15271 328 1569 5073 1022 13961 10128 5713 32308 17336 27244 4521 4367
internal_value=-0.00364036 0.00141065 -0.0283423 -0.0207517 -0.000880585 -0.0134 -0.0161491 -0.0207243 -0.000176774 0.00642681 -0.00162721 0.00289264 -0.00613904 0.00473176 -0.00405118 0.00923551 0.00805154 -0.044663 -0.0363971 -0.00123043 0.00286682 0.00965546 -0.00422023 0.000783572 0.00257822 8.12759e-06 -0.00530392 -0.00263792 0.0100547 0.00336409
internal_weight=429889 356918 72971 49822 340275 18112 39996 30609 322163 9746 218780 103383 10702 81735 21648 36171 34304 23149 7878 9387 7664 6095 105399 113381 74373 55357 23049 39008 19016 8888
internal_count=429889 356918 72971 49822 340275 18112 39996 30609 322163 9746 218780 103383 10702 81735 21648 36171 34304 23149 7878 9387 7664 6095 105399 113381 74373 55357 23049 39008 19016 8888
cat_boundaries=0 3 5 7 10 12 15 16 19 22 23 24 26 28 30
cat_threshold=184598674 1346371584 2 2147483648 1049088 32898 1077936128 1074069568 2854372723 5 8388608 524416 1149773056 84895945 8 33554432 872489024 673597666 1 814219268 17709354 12 32768 167772160 1073750016 67895296 75497472 81920 1073750016 67633152
is_linear=0
shrinkage=0.05


Tree=78
num_leaves=31
num_cat=16
split_feature=0 0 0 1 1 0 6 3 0 14 0 1 0 6 0 15 0 5 0 0 8 0 6 2 11 0 0 6 0 0
split_gain=21447.7 15281.1 3635.1 1737.05 1209.9 3314.43 1125.2 1413.08 561.335 546.606 531.797 499.046 990.09 681.611 511.927 480.036 416.753 319.228 315.986 310.636 428.545 309.382 319.815 271.742 280.88 573.695 317.785 291.132 267.591 265.862
threshold=0 1 2 10.500000000000002 8.5000000000000018 3 1.1666666666666667 22.500000000000004 4 61.500000000000007 5 20.500000000000004 6 2.5000000000000004 7 0.17500000000000002 8 71.15000000000002 9 10 1.0000000180025095e-35 11 2.5000000000000004 1.0000000180025095e-35 -1234.9999999999998 12 13 2.5000000000000004 14 15
decision_type=9 9 9 2 2 9 2 2 9 2 9 2 9 2 9 2 9 2 9 9 2 9 2 2 2 9 9 2 9 9
left_child=2 -2 21 -4 5 29 7 10 -7 11 -5 13 28 14 -6 -11 -14 -16 -15 20 -17 22 -1 -8 26 -26 -25 -27 -13 -3
right_child=1 4 3 6 9 8 23 -9 -10 15 -12 12 16 18 17 19 -18 -19 -20 -21 -22 -23 -24 24 25 27 -28 -29 -30 -31
leaf_value=-0.0091497919030547169 0.00010579772417633748 -0.051152336255887755 -0.0091496105485318058 -0.042363490839907939 0.01332488901220792 0.00049654094676223617 -0.090242899266493606 -0.0091497919030547169 0.00033004827964648879 -0.23987117534410088 -0.0064669807689785143 1.0266197004193647 -0.10061230150959687 0.27171093555822878 0.037750081538849047 0.26347957127595478 -0.056571394229292297 -0.013949683783936885 0.031036635992731834 0.0039809183039705154 -0.080737597160676355 -0.0091497919030547169 0.22507205981059875 0.0035212980277206985 -0.019666553857107517 0.001842911076116849 -0.052983709145742179 0.40897625028090162 0.0073122510305799974 -0.01009871787862502
leaf_weight=7550 16643 3074 9826 1620 127057 1225 403 19907 8521 1574 9082 1042 979 5191 9007 10984 22189 115554 5207 6244 1916 15271 328 488 1368 4806 1300 1022 15219 5292
leaf_count=7550 16643 3074 9826 1620 127057 1225 403 19907 8521 1574 9082 1042 979 5191 9007 10984 22189 115554 5207 6244 1916 15271 328 488 1368 4806 1300 1022 15219 5292
internal_value=-0.00358709 0.00146304 -0.0282848 -0.0206674 -0.000825631 -0.0134 -0.0160441 -0.0206884 0.00642681 -0.000118729 -0.00603625 -0.000658661 -0.00590302 0.000130526 -0.00038789 0.00773723 -0.0125378 -0.00266555 0.0126755 0.00991956 0.0143455 -0.044663 -0.0363971 -0.000900181 0.000901603 0.0053085 -0.0168345 0.0121446 0.00355541 -0.0364613
internal_weight=429889 356918 72971 49822 340275 18112 39996 30609 9746 322163 10702 301445 39429 262016 251618 20718 23168 124561 10398 19144 12900 23149 7878 9387 8984 7196 1788 5828 16261 8366
internal_count=429889 356918 72971 49822 340275 18112 39996 30609 9746 322163 10702 301445 39429 262016 251618 20718 23168 124561 10398 19144 12900 23149 7878 9387 8984 7196 1788 5828 16261 8366
cat_boundaries=0 3 5 7 10 12 13 16 19 21 24 27 28 29 32 34 37
cat_threshold=184598674 1346371584 2 2147483648 1049088 32898 1077936128 1074069568 2854372723 5 8388608 524416 33554432 277348612 2165192962 8 1141450048 201810137 1 0 536936448 1350902848 740575497 5 805384196 537479328 5 32768 167772160 33554432 0 2 8912896 262144 1074004032 131152 4
is_linear=0
shrinkage=0.05


Tree=79
num_leaves=31
num_cat=13
split_feature=0 0 0 1 6 3 1 0 0 0 14 9 6 2 1 5 5 0 0 3 2 10 0 0 0 9 0 3 2 0
split_gain=21461.1 15274.1 3635.71 1737.42 1126.42 1413.08 1118.23 3150.47 561.335 531.797 526.593 546.558 517.463 540.431 524.659 491.242 774.229 681.397 457.003 454.707 590.843 525.215 500.885 430.88 418.098 407.426 384.129 373.128 331.446 326.134
threshold=0 1 2 10.500000000000002 1.1666666666666667 22.500000000000004 8.5000000000000018 3 4 5 90.500000000000014 51.500000000000007 1.1666666666666667 1.0000000180025095e-35 22.500000000000004 68.40000000000002 71.15000000000002 6 7 21.500000000000004 5.5000000000000009 10.500000000000002 8 9 10 63.500000000000007 11 23.500000000000004 1.5000000000000002 12
decision_type=9 9 9 2 2 2 2 9 9 9 2 2 2 2 2 2 2 9 9 2 2 2 9 9 9 2 9 2 2 9
left_child=2 -2 -1 -4 5 9 7 -3 -9 -5 11 12 15 -14 18 26 17 -17 -15 20 21 23 -21 -18 25 28 -8 -24 -13 -12
right_child=1 6 3 4 -6 -7 10 8 -10 -11 29 24 13 14 -16 16 19 -19 -20 22 -22 -23 27 -25 -26 -27 -28 -29 -30 -31
leaf_value=-0.0086923023079019668 0.00010050783796753394 -0.013550043537393686 -0.0086921300211052262 -0.040245316297912531 -0.002445716147348698 -0.0086923023079019668 -6.7370910583619548e-05 0.000471713899424131 0.00031354586566414435 -0.0061436317305295866 0.24915957026698107 0.020717430818047246 -0.10113781741765815 0.1341816832871075 -0.077684861631125646 0.19970753841281275 0.15908007342252867 0.00011394584978647871 0.019735058175108657 -0.024447374844820537 0.13753568092266538 -0.045377690397371856 -0.073052035963341672 -0.0057722206275494514 -0.002725635727271314 -0.24042146386384672 -0.24225070907970014 0.0021802936110859152 -0.099368922052346431 0.0024983754525415239
leaf_weight=23149 16643 8366 9826 1620 9387 19907 1295 1225 8521 9082 5577 4722 3410 24562 2722 7191 9341 7891 32083 52150 9049 20960 10903 9877 21419 1683 1681 77681 14023 3943
leaf_count=23149 16643 8366 9826 1620 9387 19907 1295 1225 8521 9082 5577 4722 3410 24562 2722 7191 9341 7891 32083 52150 9049 20960 10903 9877 21419 1683 1681 77681 14023 3943
internal_value=-0.00357802 0.00147369 -0.0282834 -0.0206654 -0.0160416 -0.0206884 -0.000814464 -0.012903 0.00642681 -0.00603625 -0.00013487 -0.000487617 0.0003342 0.00431289 0.00542473 -0.000866507 -0.000573782 0.0103302 0.00645512 -0.00143951 0.00269669 9.7068e-05 -0.0028863 0.00606723 -0.00580567 -0.0109208 -0.0210349 -0.000597106 -0.00881035 0.0114496
internal_weight=429889 356918 72971 49822 39996 30609 340275 18112 9746 10702 322163 312643 270796 62777 59367 208019 205043 15082 56645 189961 49227 40178 140734 19218 41847 20428 2976 88584 18745 9520
internal_count=429889 356918 72971 49822 39996 30609 340275 18112 9746 10702 322163 312643 270796 62777 59367 208019 205043 15082 56645 189961 49227 40178 140734 19218 41847 20428 2976 88584 18745 9520
cat_boundaries=0 3 5 7 10 12 13 16 19 22 25 28 31 33
cat_threshold=184598674 1346371584 2 2147483648 1049088 32898 1077936128 1074069568 2854372723 5 8388608 524416 33554432 1150300228 251934992 4 1149317380 235292800 12 336859204 2803894272 4 268513348 2921687112 4 269825028 774248498 4 277685248 2720401496 1 805384196 2818588832
is_linear=0
shrinkage=0.05


Tree=80
num_leaves=31
num_cat=15
split_feature=0 0 0 1 6 3 1 0 0 1 0 1 0 0 1 0 1 3 1 0 0 0 11 0 6 0 0 5 3 3
split_gain=21489.2 15248.9 3644.25 1742.6 1121.22 1429.54 1004.42 2268.29 733.165 711.507 701.986 680.756 594.517 537.104 347.682 362.26 625.84 409.233 325.88 857.924 450.036 377.951 365.696 309.382 319.815 303.313 296.124 292.932 285.099 268.956
threshold=0 1 2 10.500000000000002 1.1666666666666667 22.500000000000004 10.500000000000002 3 4 8.5000000000000018 5 19.500000000000004 6 7 13.500000000000002 8 17.500000000000004 23.500000000000004 12.500000000000002 9 10 11 -1397.4999999999998 12 2.5000000000000004 13 14 82.90000000000002 28.500000000000004 21.500000000000004
decision_type=9 9 9 2 2 2 2 9 9 2 9 2 9 9 2 9 2 2 2 9 9 9 2 9 2 9 9 2 2 2
left_child=2 -2 23 -4 5 13 7 9 11 26 -9 14 -13 -5 -8 16 -16 -17 19 -10 22 -21 -20 24 -1 -11 -3 -18 -14 -22
right_child=1 6 3 4 -6 -7 8 10 18 25 -12 12 28 -15 15 17 27 -19 20 21 29 -23 -24 -25 -26 -27 -28 -29 -30 -31
leaf_value=-0.0082576871925068573 9.5482446069183888e-05 -0.0036338461457705142 -0.0082575235200499815 -0.038233050483016888 -0.0023234303399812363 -0.0082576871925068573 0.021077100980625832 0.12402137973634507 -0.059852100696713456 -0.051258130819333239 -0.015072540771834841 0.20267168088650075 -0.13544051672955906 -0.0058364501440030915 0.60164196709078976 0.21780213941025012 -0.40255219794003988 0.030958815099608829 -0.036773449743756313 0.21694526911331363 0.0050421843299169218 0.027116483757221845 0.0064989470627708108 -0.0082576871925068573 0.21425307193546389 -0.055554141600255846 -0.0089162798078240794 0.3974145291327677 0.019929367450577651 -0.024759636151537114
leaf_weight=7550 16643 961 9826 1620 9387 19907 20816 6463 4594 4050 40750 4225 7945 9082 4484 11018 1302 24085 3816 4110 16174 24417 80282 15271 328 8493 3930 944 3721 63695
leaf_count=7550 16643 961 9826 1620 9387 19907 20816 6463 4594 4050 40750 4225 7945 9082 4484 11018 1302 24085 3816 4110 16174 24417 80282 15271 328 8493 3930 944 3721 63695
internal_value=-0.00354266 0.00151235 -0.0282642 -0.0206373 -0.0160066 -0.0206426 -0.00077391 -0.00638313 0.000541672 -0.0217897 -0.000689283 0.00462635 -0.00461582 -0.00590544 0.00697138 0.00959888 0.0202226 0.00755418 -0.00108626 0.0034374 -0.0020001 0.00666678 0.000552861 -0.044663 -0.0363971 -0.0154947 -0.0379779 -0.00129118 -0.0104317 -0.00468772
internal_weight=429889 356918 72971 49822 39996 30609 340275 64647 275628 17434 47213 78540 15891 10702 62649 41833 6730 35103 197088 33121 163967 28527 84098 23149 7878 12543 4891 2246 11666 79869
internal_count=429889 356918 72971 49822 39996 30609 340275 64647 275628 17434 47213 78540 15891 10702 62649 41833 6730 35103 197088 33121 163967 28527 84098 23149 7878 12543 4891 2246 11666 79869
cat_boundaries=0 3 5 7 10 13 15 17 18 20 22 25 27 28 30 32
cat_threshold=184598674 1346371584 2 2147483648 1049088 32898 1077936128 536936448 2720023587 1 75571200 346314 1 8192 84410368 8388608 264194 33554432 0 81920 268959744 2149580800 805836036 2281841665 12 1073741824 100663328 32768 536870912 2684354562 536870912 1024
is_linear=0
shrinkage=0.05


Tree=81
num_leaves=31
num_cat=13
split_feature=0 0 0 1 6 3 1 0 0 0 9 2 8 1 10 0 2 3 9 2 0 0 0 1 0 3 0 9 0 1
split_gain=21488.6 15246.5 3646.08 1743.72 1120.1 1433.08 971.244 3064.46 565.372 538.245 481.277 492.012 764.754 649.379 793.674 694.481 642.501 704.829 638.703 823.183 607.532 582.87 532.981 523.633 462.898 452.456 396.942 383.1 376.585 345.807
threshold=0 1 2 10.500000000000002 1.1666666666666667 22.500000000000004 8.5000000000000018 3 4 5 60.500000000000007 4.5000000000000009 1.0000000180025095e-35 20.500000000000004 9.5000000000000018 6 5.5000000000000009 21.500000000000004 5.5000000000000009 1.5000000000000002 7 8 9 10.500000000000002 10 29.500000000000004 11 2.5000000000000004 12 18.500000000000004
decision_type=9 9 9 2 2 2 2 9 9 9 2 2 2 2 2 9 2 2 2 2 9 9 9 2 9 2 9 2 9 2
left_child=2 -2 -1 -4 5 9 7 -3 -9 -5 11 12 13 14 18 -15 20 -18 19 -8 -13 23 -20 -16 -19 -25 -12 -22 -27 -23
right_child=1 6 3 4 -6 -7 10 8 -10 -11 26 16 -14 15 21 -17 17 24 22 -21 27 29 -24 25 -26 28 -28 -29 -30 -31
leaf_value=-0.0078448028328815152 9.070832376574246e-05 -0.012426727370132796 -0.0078446473440474847 -0.03632139795886604 -0.0022072588229821834 -0.0078448028328815152 -0.18955700215367166 0.0012017552430446444 0.00070346093013133886 -0.0055446276368029236 -0.15282763226717755 -0.0033754371999751513 -0.050201875010913666 -0.056501884944304637 -0.045347744549053284 0.014996066032723611 0.13246707247761691 -0.059697576917351829 0.16954113381681746 0.10226615857571 0.03026288490209943 -0.018539672099009374 0.029613254550306681 0.023711506137804685 0.0082179435322022442 0.29998137272842129 -0.0085363411128633881 -0.11795700329138158 0.082001735094735656 0.042164461076668047
leaf_weight=23149 16643 7981 9826 1620 9387 19907 2885 1225 8906 9082 6632 22551 17470 11513 9634 15303 9675 13688 25674 2874 3219 47747 29051 27730 21923 6747 6694 20031 13244 7878
leaf_count=23149 16643 7981 9826 1620 9387 19907 2885 1225 8906 9082 6632 22551 17470 11513 9634 15303 9675 13688 25674 2874 3219 47747 29051 27730 21923 6747 6694 20031 13244 7878
internal_value=-0.00353894 0.00151599 -0.0282601 -0.0206313 -0.0159991 -0.0206328 -0.00077009 -0.0120362 0.0062272 -0.00587741 -0.000136732 0.000264703 0.00155545 0.0024306 0.00355002 -0.00481056 -0.00282093 0.0014022 0.00817241 -0.00766626 -0.00699657 0.00107541 0.0098392 0.0046117 -0.00184915 0.00675908 -0.00944019 -0.0126655 0.0124931 -0.00257122
internal_weight=429889 356918 72971 49822 39996 30609 340275 18112 10131 10702 322163 308837 217750 200280 173464 26816 91087 45286 60484 5759 45801 112980 54725 57355 35611 47721 13326 23250 19991 55625
internal_count=429889 356918 72971 49822 39996 30609 340275 18112 10131 10702 322163 308837 217750 200280 173464 26816 91087 45286 60484 5759 45801 112980 54725 57355 35611 47721 13326 23250 19991 55625
cat_boundaries=0 3 5 7 10 12 13 15 18 21 24 27 30 32
cat_threshold=184598674 1346371584 2 2147483648 1049088 32898 1077936128 1074069568 2720154995 5 8388608 524416 33554432 1678844928 771834321 603992324 2165268899 12 545600512 570903768 9 1417687108 203819434 5 344993860 36050946 4 1342518276 791021571 5 536936448 570507272
is_linear=0
shrinkage=0.05


Tree=82
num_leaves=31
num_cat=15
split_feature=0 0 0 1 6 3 1 0 0 0 0 2 0 2 2 3 0 1 0 0 0 9 5 0 6 9 0 2 11 0
split_gain=21269.2 15295.9 3680.35 1764.55 1099.44 1499.95 957.612 3064.46 565.372 559.758 470.353 344.405 463.453 418.441 413.705 465.905 444.091 393.045 404.698 386.769 346.142 318.101 311.709 309.382 319.815 298.123 289.804 268.538 280.88 573.695
threshold=0 1 2 10.500000000000002 1.1666666666666667 22.500000000000004 8.5000000000000018 3 4 5 6 1.0000000180025095e-35 7 4.5000000000000009 5.5000000000000009 21.500000000000004 8 20.500000000000004 9 10 11 2.5000000000000004 75.250000000000014 12 2.5000000000000004 1.5000000000000002 13 1.0000000180025095e-35 -1234.9999999999998 14
decision_type=9 9 9 2 2 2 2 9 9 9 9 2 9 2 2 2 9 2 9 9 9 2 2 9 2 2 9 2 2 9
left_child=2 -2 23 -4 5 9 7 26 -9 -5 -8 12 -12 17 16 -16 21 18 25 -19 -17 -15 -14 24 -1 -13 -3 -6 -29 -30
right_child=1 6 3 4 27 -7 10 8 -10 -11 11 13 22 14 15 20 -18 19 -20 -21 -22 -23 -24 -25 -26 -27 -28 28 29 -31
leaf_value=-0.0074525626912374417 8.6172907577442007e-05 -0.04373719517533501 -0.0074524149768451231 -0.034505328060922748 -0.085381934037653373 -0.0074525626912374417 0.066907344337008831 0.0011416674808923943 0.00066828788362478526 -0.005267396254962798 -0.056599406890963794 -0.11594057073591131 0.055511538141231047 0.046436409030410887 0.10298336396493141 -0.056712698071484227 -0.0087778558937231296 -0.058097012867734214 -0.00063102096725806698 0.00058658853218869218 0.0033383475849033672 -0.12793152436487804 -0.015370546907896543 -0.0074525626912374417 0.20393265848033482 0.063815661405972085 -0.0084812153267976864 -0.043644333750516046 -0.018334405898736562 0.01561780771527701
leaf_weight=7550 16643 3570 9826 1620 403 19907 46725 1225 8906 9082 17992 1946 6010 1954 8199 9160 24945 8580 77834 12738 21387 12201 17181 15271 328 55311 4411 1788 1368 5828
leaf_count=7550 16643 3570 9826 1620 403 19907 46725 1225 8906 9082 17992 1946 6010 1954 8199 9160 24945 8580 77834 12738 21387 12201 17181 15271 328 55311 4411 1788 1368 5828
internal_value=-0.00358872 0.00144035 -0.0281834 -0.0205189 -0.0158591 -0.0204499 -0.000849435 -0.0120362 0.0062272 -0.00535414 -0.000220541 -0.00100745 -0.00522424 -0.000266163 -0.00326157 0.000400041 -0.00689003 0.00122467 0.00222036 -0.0050849 -0.0024405 -0.0139605 -0.000549545 -0.044663 -0.0363971 0.00541062 -0.0351833 -0.000889528 0.000901603 0.0053085
internal_weight=429889 356918 72971 49822 39996 30609 340275 18112 10131 10702 322163 275438 41183 234255 77846 38746 39100 156409 135091 21318 30547 14155 23191 23149 7878 57257 7981 9387 8984 7196
internal_count=429889 356918 72971 49822 39996 30609 340275 18112 10131 10702 322163 275438 41183 234255 77846 38746 39100 156409 135091 21318 30547 14155 23191 23149 7878 57257 7981 9387 8984 7196
cat_boundaries=0 3 5 7 10 12 13 15 18 21 24 27 30 31 34 35
cat_threshold=184598674 1346371584 2 2147483648 1049088 32898 1077936128 1074069568 2720154995 5 8388608 524416 33554432 8192 280648 1611665668 2248347777 4 270337088 570430480 1 1687228480 100860032 5 1678050368 738263313 1 344985604 2232322 4 32768 1074004032 132176 4 167772160
is_linear=0
shrinkage=0.05


Tree=83
num_leaves=31
num_cat=15
split_feature=0 0 0 1 3 6 1 0 0 0 0 1 0 1 0 3 11 0 14 1 0 0 11 0 1 3 6 0 0 6
split_gain=21851.5 15255.6 3529.18 1672.86 1207.09 1001.36 842.04 1872.88 788.979 592.04 589.863 545.529 583.722 431.376 764.863 719.149 376.712 368.978 347.397 364.315 1107.94 448.514 343.836 335.545 431.302 329.248 316.775 312.237 309.382 319.815
threshold=0 1 2 10.500000000000002 23.500000000000004 1.1666666666666667 10.500000000000002 3 4 5 6 19.500000000000004 7 8.5000000000000018 8 23.500000000000004 482.50000000000006 9 90.500000000000014 14.500000000000002 10 11 155.00000000000003 12 17.500000000000004 23.500000000000004 1.1666666666666667 13 14 2.5000000000000004
decision_type=9 9 9 2 2 2 2 9 9 9 9 2 9 2 9 2 2 9 2 2 9 9 2 9 2 2 2 9 9 2
left_child=2 -2 28 -4 8 -6 7 13 -5 -9 11 16 -13 14 15 -3 23 -15 19 20 -12 22 -21 24 -8 27 -17 -25 29 -1
right_child=1 6 3 4 5 -7 10 9 -10 -11 18 12 -14 17 -16 26 -18 -19 -20 21 -22 -23 -24 25 -26 -27 -28 -29 -30 -31
leaf_value=-0.0070799345566755715 8.1864262198561027e-05 -0.0054108170051488276 -0.0070797942280028895 -0.032780061657876614 -0.0070799345566755715 -0.0028777862675968715 0.44206305368471721 0.13750293034742553 -0.00054118058930487936 -0.0088182645330807229 0.08233622537830243 0.070436158915912733 -0.11243414598650721 -0.037014158864463534 -0.0080571545604577917 0.0006348734894435549 -0.016947959809845602 -0.066519954317317428 0.13188066779720248 -0.058550754002461326 -0.013295960428661859 -0.0035705827725987407 0.020671639682852218 1.0720731190583181 -0.048336400291783127 0.029126981904069107 -0.007425068682586345 0.14863177944159461 -0.0070799345566755715 0.19373602555631805
leaf_weight=7550 16643 451 9826 2247 19056 6363 5914 4765 12330 39240 30412 7053 7741 7428 4460 616 13404 7471 6498 27287 34621 91945 7281 1420 2246 28410 216 11396 15271 328
leaf_count=7550 16643 451 9826 2247 19056 6363 5914 4765 12330 39240 30412 7053 7741 7428 4460 616 13404 7471 6498 27287 34621 91945 7281 1420 2246 28410 216 11396 15271 328
internal_value=-0.00359546 0.00150198 -0.0285245 -0.0210186 -0.0164816 -0.0230595 -0.000784783 -0.00592062 -0.00501132 -8.97421e-05 0.000419769 0.00411501 -0.0045221 -0.018342 -0.029993 0.00413766 0.00615066 -0.0138633 -0.001028 -0.00141376 0.00162764 -0.00297716 -0.00783157 0.00816831 0.0174296 0.00632942 0.0317308 0.0129838 -0.044663 -0.0363971
internal_weight=429889 356918 72971 49822 39996 25419 340275 64647 14577 44005 275628 77584 14794 20642 5743 1283 62790 14899 198044 191546 65033 126513 34568 49386 8160 41226 832 12816 23149 7878
internal_count=429889 356918 72971 49822 39996 25419 340275 64647 14577 44005 275628 77584 14794 20642 5743 1283 62790 14899 198044 191546 65033 126513 34568 49386 8160 41226 832 12816 23149 7878
cat_boundaries=0 3 5 7 10 11 13 15 17 19 22 25 28 30 32 33
cat_threshold=184598674 1346371584 2 2147483648 1049088 32898 1077936128 536936448 2720220195 1 33554432 8192 67633152 76095488 346314 8912896 264330 536870912 81920 65536 35782689 1 1611661376 771884065 12 1075052544 637534240 4 0 81920 0 262144 32768
is_linear=0
shrinkage=0.05


Tree=84
num_leaves=31
num_cat=14
split_feature=0 0 0 1 3 6 1 0 0 0 6 9 0 14 15 0 2 2 3 0 1 0 0 0 9 9 0 0 6 14
split_gain=21848.3 15257.1 3529.18 1672.86 1207.09 1001.36 798.718 2884.03 788.979 574.81 453.293 429.772 431.829 401.938 420.073 350.803 323.588 481.834 515.978 481.235 480.404 608.478 442.62 374.486 367.288 320.708 312.262 309.382 319.815 307.303
threshold=0 1 2 10.500000000000002 23.500000000000004 1.1666666666666667 8.5000000000000018 3 4 5 3.5000000000000004 63.500000000000007 6 61.500000000000007 0.17500000000000002 7 4.5000000000000009 5.5000000000000009 21.500000000000004 8 20.500000000000004 9 10 11 2.5000000000000004 5.5000000000000009 12 13 2.5000000000000004 59.500000000000007
decision_type=9 9 9 2 2 2 2 9 9 9 2 2 9 2 2 9 2 2 2 9 2 9 9 9 2 2 9 9 2 2
left_child=2 -2 27 -4 8 -6 7 -3 -5 -9 11 13 -13 16 -15 -16 20 19 -19 24 23 -22 -20 -8 -18 -25 -23 28 -1 -7
right_child=1 6 3 4 5 29 10 9 -10 -11 -12 12 -14 14 15 -17 17 18 22 -21 21 26 -24 25 -26 -27 -28 -29 -30 -31
leaf_value=-0.0067259378288417881 7.7771049088593011e-05 -0.011107859877946869 -0.0067258045166027625 -0.031141058574982772 -0.0067259378288417881 -0.016343033857599654 0.047854651008042738 0.0015254973335018019 -0.00051412155983960879 0.00030388017307876326 0.24784281593656346 0.026831121954061524 -0.20138478297699455 -0.22521903022021769 0.18902461042055929 -0.010343710119672967 0.051606339133645741 0.11603328742435295 -0.058025914839711756 -0.0089685865923431873 -0.081675408932779539 0.06600833404254712 0.0056532090851336043 -0.024603672854532424 -0.12700651646751862 0.0041005328589548643 -0.019906167718924686 -0.0067259378288417881 0.18404922427850218 0.10028669147339536
leaf_weight=7550 16643 7550 9826 2247 19056 5543 65365 1225 12330 9337 3081 759 2650 1534 12644 5932 2409 9188 10862 25349 5375 4827 22349 23845 15029 94424 16541 15271 328 820
leaf_count=7550 16643 7550 9826 2247 19056 5543 65365 1225 12330 9337 3081 759 2650 1534 12644 5932 2409 9188 10862 25349 5375 4827 22349 23845 15029 94424 16541 15271 328 820
internal_value=-0.00359732 0.00149974 -0.0285245 -0.0210186 -0.0164816 -0.0230595 -0.000787134 -0.0110038 -0.00501132 0.00587401 -0.00021278 -0.000397077 -0.0180551 -0.000206384 0.00663352 0.00871016 -0.000671769 -0.00327166 0.000505908 -0.00701498 0.000380983 -0.00588004 -0.00239529 0.00129279 -0.0134055 -0.000385952 -0.00209093 -0.044663 -0.0363971 -0.00588559
internal_weight=429889 356918 72971 49822 39996 25419 340275 18112 14577 10562 322163 319082 3409 315673 20110 18576 295563 85186 42399 42787 210377 26743 33211 183634 17438 118269 21368 23149 7878 6363
internal_count=429889 356918 72971 49822 39996 25419 340275 18112 14577 10562 322163 319082 3409 315673 20110 18576 295563 85186 42399 42787 210377 26743 33211 183634 17438 118269 21368 23149 7878 6363
cat_boundaries=0 3 5 7 10 11 13 15 18 21 23 26 28 30 31
cat_threshold=184598674 1346371584 2 2147483648 1049088 32898 1077936128 1074069568 2720138611 5 33554432 8388608 524416 76022016 2148008280 805384196 571033760 5 270345280 671095928 1 604053504 671170641 344993796 35788802 4 1149837376 134629576 277348352 17577984 32768
is_linear=0
shrinkage=0.05


Tree=85
num_leaves=31
num_cat=16
split_feature=0 0 0 1 6 3 1 0 0 0 1 0 0 0 0 5 3 0 0 6 1 0 0 0 1 0 5 3 5 14
split_gain=21261.4 15269.9 3700.62 1776.88 1139.32 1499.95 748.51 1682.48 559.758 522.851 508.135 576.89 485.192 438.311 353.736 625.525 320.42 314.183 309.382 319.815 296.777 636.073 387.351 354.34 387.106 451.03 400.562 291.117 279.696 251.2
threshold=0 1 2 10.500000000000002 1.1666666666666667 22.500000000000004 10.500000000000002 3 4 5 19.500000000000004 6 7 8 9 75.800000000000011 23.500000000000004 10 11 2.5000000000000004 12.500000000000002 12 13 14 18.500000000000004 15 83.300000000000011 28.500000000000004 83.050000000000011 125.00000000000001
decision_type=9 9 9 2 2 2 2 9 9 9 2 9 9 9 9 2 2 9 9 2 2 9 9 9 2 9 2 2 2 2
left_child=2 -2 18 -4 5 8 7 13 -5 10 14 -12 -9 -3 15 -8 17 -16 19 -1 21 -11 -23 24 26 -26 -22 -27 -13 -25
right_child=1 6 3 4 -6 -7 9 12 -10 20 11 28 -14 -15 16 -17 -18 -19 -20 -21 23 22 -24 29 25 27 -28 -29 -30 -31
leaf_value=-0.0063896409373997102 7.3882496634158923e-05 -0.0076451393100902994 -0.0063895142907726132 -0.029584005646233626 -0.0019167452613370274 -0.0063896409373997102 -0.13672450809157938 0.13042275718710636 -0.0049512613347574511 -0.05220389769138585 0.18961327506584791 -0.15148021229304601 -0.0057256649719054755 -0.01771142588221384 0.89587887659329268 0.40636492176415762 0.011681548881911752 0.10145718534449984 -0.0063896409373997102 0.17484676306457711 -0.01504901404118697 0.23155690971242571 0.025100628831327933 -0.0025017472549347278 0.030889544111587154 -0.058478004352962291 -0.056860408050352002 0.03504984392134345 -0.013706903956340333 0.18596870065736193
leaf_weight=7550 16643 3934 9826 1620 9387 19907 2927 4765 9082 3405 4390 5774 32787 23161 1928 7116 36015 14804 15271 328 19577 2915 26702 108080 6190 9894 13995 4845 4630 2441
leaf_count=7550 16643 3934 9826 1620 9387 19907 2927 4765 9082 3405 4390 5774 32787 23161 1928 7116 36015 14804 15271 328 19577 2915 26702 108080 6190 9894 13995 4845 4630 2441
internal_value=-0.00354801 0.00148013 -0.0281381 -0.0204527 -0.0157766 -0.0204499 -0.000807705 -0.00564991 -0.00535414 0.000327978 0.003807 -0.00452886 0.00120334 -0.015143 0.00577162 0.0143688 0.00413121 0.00984939 -0.044663 -0.0363971 -0.00103507 0.00329174 0.00564519 -0.00190096 -0.00519987 0.000136175 -0.00852794 -0.00462065 -0.0109372 -0.000273679
internal_weight=429889 356918 72971 49822 39996 30609 340275 64647 10702 275628 77584 14794 37552 27095 62790 10043 52747 16732 23149 7878 198044 33022 29617 165022 54501 20929 33572 14739 10404 110521
internal_count=429889 356918 72971 49822 39996 30609 340275 64647 10702 275628 77584 14794 37552 27095 62790 10043 52747 16732 23149 7878 198044 33022 29617 165022 54501 20929 33572 14739 10404 110521
cat_boundaries=0 3 5 7 10 11 13 15 17 19 21 23 24 26 28 30 32
cat_threshold=184598674 1346371584 2 2147483648 1049088 32898 1077936128 604045312 2720222315 1 33554432 76095488 346314 8912896 264194 8192 67633152 0 2684354562 0 81920 0 262144 32768 268435456 2149580800 1073741824 67108896 1075052544 69734704 0 2621696
is_linear=0
shrinkage=0.05


Tree=86
num_leaves=31
num_cat=13
split_feature=0 0 0 1 6 3 0 0 1 0 11 9 0 6 15 14 1 0 5 0 11 1 0 12 0 3 0 0 12 11
split_gain=21510.3 15157.2 3700.62 1776.88 1139.32 1499.95 559.758 528.765 1055.49 1525.29 368.88 320.423 309.382 319.815 296.778 312.849 273.352 452.424 367.312 313.982 327.363 305.286 279.83 260.289 273.803 254.452 630.404 391.041 253.481 251.088
threshold=0 1 2 10.500000000000002 1.1666666666666667 22.500000000000004 3 4 8.5000000000000018 5 525.00000000000011 60.500000000000007 6 2.5000000000000004 0.46666666666666673 13.000000000000002 19.500000000000004 7 84.250000000000014 8 -764.99999999999989 8.5000000000000018 9 13.750000000000002 10 23.500000000000004 11 12 12.500000000000002 -1224.9999999999998
decision_type=9 9 9 2 2 2 9 9 2 9 2 2 9 2 2 2 2 9 2 9 2 2 9 2 9 2 9 9 2 2
left_child=2 -2 12 -4 5 6 -5 10 9 -9 16 14 13 -1 15 -10 19 18 -18 20 -3 -21 -19 -16 -25 27 -27 -11 -22 -6
right_child=1 7 3 4 29 -7 -8 8 11 25 -12 -13 -14 -15 23 -17 17 22 -20 21 28 -23 -24 24 -26 26 -28 -29 -30 -31
leaf_value=-0.0060701588905297315 7.0188371802437646e-05 0.47156234428979221 -0.0060700385762340048 -0.028104805363921948 -0.040405238793663624 -0.0060701588905297315 -0.0047036982680195745 -0.01682585458810313 -0.0067240516247628395 0.0029625778086892042 -0.018624044180405842 -0.062510969181557741 -0.0060701588905297315 0.16610442491134825 -0.00095298598401587502 -0.14583419626077268 -0.23909842642149678 0.68713864291732618 0.055883368325692122 0.0017355057154219812 -0.018452375322775837 0.012917207122477948 0.0025656502510793991 0.15397653823306584 0.020188926409658504 -0.0021068037358348947 0.0014489936966081364 -0.0014870442242800764 0.18431715470725046 0.00085842419618042953
leaf_weight=7550 16643 3235 9826 1620 1975 19907 9082 5351 142142 679 20161 9289 15271 328 45009 6303 3336 1645 2035 1985 2245 44694 10222 6199 16656 1198 3485 1928 12478 7412
leaf_count=7550 16643 3235 9826 1620 1975 19907 9082 5351 142142 679 20161 9289 15271 328 45009 6303 3336 1645 2035 1985 2245 44694 10222 6199 16656 1198 3485 1928 12478 7412
internal_value=-0.00340448 0.00165299 -0.0281381 -0.0204527 -0.0157766 -0.0204499 -0.00535414 -0.000626387 -0.00191627 -0.0159758 0.0023852 -0.00112856 -0.044663 -0.0363971 -0.000738065 -0.0019903 0.00387725 -0.00171714 -0.0137428 0.00536922 0.0109862 0.00320525 0.00373411 0.00200106 0.00634653 -0.00106849 -0.00803972 0.0114499 0.00782789 -0.000537978
internal_weight=429889 356918 72971 49822 39996 30609 10702 340275 238239 12641 102036 225598 23149 7878 216309 148445 81875 17238 5371 64637 17958 46679 11867 67864 22855 7290 4683 2607 14723 9387
internal_count=429889 356918 72971 49822 39996 30609 10702 340275 238239 12641 102036 225598 23149 7878 216309 148445 81875 17238 5371 64637 17958 46679 11867 67864 22855 7290 4683 2607 14723 9387
cat_boundaries=0 3 5 7 8 11 14 15 17 19 21 24 27 29
cat_threshold=184598674 1346371584 2 2147483648 1049088 32898 1077936128 33554432 8921088 2148354248 8 1074069568 570556723 1 32768 8192 81984 0 344128 8912896 262144 69700 169877504 4 256 2098176 4 256 69207040
is_linear=0
shrinkage=0.05


Tree=87
num_leaves=31
num_cat=16
split_feature=0 0 0 1 6 3 0 0 1 0 1 0 1 0 9 0 6 0 3 0 0 1 0 5 0 0 3 1 0 6
split_gain=21564 15128.6 3703.7 1778.76 1145.42 1499.95 559.758 506.608 1066.55 1525.29 361.398 833.174 535.945 595.348 316.98 309.382 319.815 299.406 254.452 630.404 391.041 254.385 497.034 461.151 433.022 337.438 295.971 287.352 249.723 346.181
threshold=0 1 2 10.500000000000002 1.1666666666666667 22.500000000000004 3 4 8.5000000000000018 5 8.5000000000000018 6 11.500000000000002 7 63.500000000000007 8 2.5000000000000004 9 23.500000000000004 10 11 19.500000000000004 12 75.800000000000011 13 14 25.500000000000004 17.500000000000004 15 1.1666666666666667
decision_type=9 9 9 2 2 2 9 9 2 9 2 9 2 9 2 9 2 9 2 9 9 2 9 2 9 9 2 2 9 2
left_child=2 -2 15 -4 5 6 -5 10 9 -9 11 -3 13 -12 -10 16 -1 -16 20 -20 -11 22 23 -14 -23 -26 -24 -25 29 -21
right_child=1 7 3 4 -6 -7 -8 8 14 18 12 -13 21 -15 17 -17 -18 -19 19 28 -22 24 26 27 25 -27 -28 -29 -30 -31
leaf_value=-0.00576665094600326 6.6678953212306885e-05 0.0024281918919074833 -0.0057665366474223051 -0.026699565095725842 -0.0018638292080792596 -0.00576665094600326 -0.0044685133546185979 -0.015984561858697965 -0.0038790915566229603 0.0028144489182547086 0.078115965529290857 0.0020968762246742936 -0.022972152487302468 -0.062501768315637918 0.023580266364788029 -0.00576665094600326 0.15779920366578085 -0.17786478417314724 -0.0020014635490431588 0.0014010574155977286 -0.0014126920130660638 -0.19540188554691504 0.082194953410053548 0.50669815730579837 0.65278171077145997 -0.010424118411995753 -0.0017606638846581646 0.10355052330167221 -0.14392292043575577 -0.018379091716574571
leaf_weight=7550 16643 1995 9826 1620 9387 19907 9082 5351 223183 679 6764 3476 2601 14841 168 15271 328 2247 1198 871 1928 1020 23229 4743 1645 14573 25547 1602 2316 298
leaf_count=7550 16643 1995 9826 1620 9387 19907 9082 5351 223183 679 6764 3476 2601 14841 168 15271 328 2247 1198 871 1928 1020 23229 4743 1645 14573 25547 1602 2316 298
internal_value=-0.0033668 0.00169698 -0.0281313 -0.0204427 -0.0157641 -0.0204499 -0.00535414 -0.000580249 -0.00184282 -0.0159758 0.00236756 0.0148693 0.0016595 -0.00527887 -0.00105098 -0.044663 -0.0363971 -0.0190683 -0.00106849 -0.00803972 0.0114499 0.00365928 0.00525103 0.0160786 -0.00167073 0.000326596 0.00326118 0.0233649 0.00276109 0.0215013
internal_weight=429889 356918 72971 49822 39996 30609 10702 340275 238239 12641 102036 5471 96565 21605 225598 23149 7878 2415 7290 4683 2607 74960 57722 8946 17238 16218 48776 6345 3485 1169
internal_count=429889 356918 72971 49822 39996 30609 10702 340275 238239 12641 102036 5471 96565 21605 225598 23149 7878 2415 7290 4683 2607 74960 57722 8946 17238 16218 48776 6345 3485 1169
cat_boundaries=0 3 5 7 8 11 14 16 19 20 22 25 27 29 31 33 35
cat_threshold=184598674 1346371584 2 2147483648 1049088 32898 1077936128 33554432 8921088 2148354248 8 1074069568 570556723 1 8388608 2148073600 8192 786432 8 32768 0 2097408 256 2098176 4 256 69207040 0 81920 0 65536 8912896 262144 605028352 134217728
is_linear=0
shrinkage=0.05


Tree=88
num_leaves=31
num_cat=13
split_feature=0 0 0 1 6 3 0 0 1 0 1 0 1 0 0 11 0 6 11 11 9 1 2 2 5 0 0 9 0 2
split_gain=21576.1 15116 3708.63 1781.75 1142.42 1509.63 562.865 476.508 1197.53 1369.29 362.524 848.906 379.773 442.579 433.931 548.755 309.382 319.815 287.552 285.934 284.4 281.643 400.508 467.368 385.934 350.631 337.584 334.221 333.658 302.036
threshold=0 1 2 10.500000000000002 1.1666666666666667 22.500000000000004 3 4 8.5000000000000018 5 8.5000000000000018 6 13.500000000000002 7 8 255.00000000000003 9 2.5000000000000004 -1154.9999999999998 -1074.9999999999998 60.500000000000007 20.500000000000004 4.5000000000000009 5.5000000000000009 75.800000000000011 10 11 2.5000000000000004 12 1.5000000000000002
decision_type=9 9 9 2 2 2 9 9 2 9 2 9 2 9 9 2 9 2 2 2 2 2 2 2 2 9 9 2 9 2
left_child=2 -2 16 -4 5 6 -5 10 9 -9 11 -3 13 -12 18 19 17 -1 -14 -16 21 22 29 26 -25 -26 27 -24 -23 -10
right_child=1 7 3 4 -6 -7 -8 8 20 -11 12 -13 14 -15 15 -17 -18 -19 -20 -21 -22 28 23 24 25 -27 -28 -29 -30 -31
leaf_value=-0.0054783183987030977 6.3345005551695982e-05 0.0023067822973120932 -0.0054782098150512049 -0.025364586840939563 -0.0017706377476752523 -0.0054783183987030977 -0.0042450876868876724 -5.0259516604844739e-05 -0.0062350852374441603 -0.015185333765763077 0.028772336507504728 0.001992032413440592 -0.010081881128226744 -0.036220028342325072 0.007706325704319195 0.21856574754480607 -0.0054783183987030977 0.14990924348249185 0.11918547677655572 -0.043410960730551021 -0.06047384430071201 -0.048696542405603171 0.066177424250495512 0.08752605355009245 -0.06392261312686634 0.0087404490535316626 -0.021160419797862852 -0.13100422505468004 -0.00562903501446348 0.026673939917848347
leaf_weight=7550 16643 1995 9826 1620 9387 19907 9082 6314 49993 5351 15979 4452 6461 25997 13360 4064 15271 328 31513 15511 8630 10361 1446 7018 6584 11511 14594 8901 18447 71793
leaf_count=7550 16643 1995 9826 1620 9387 19907 9082 6314 49993 5351 15979 4452 6461 25997 13360 4064 15271 328 31513 15511 8630 10361 1446 7018 6584 11511 14594 8901 18447 71793
internal_value=-0.00334889 0.00171631 -0.0281203 -0.0204266 -0.0157441 -0.0204237 -0.00527939 -0.000559972 -0.00193503 -0.0175268 0.00198589 0.0135179 0.00132746 -0.00244187 0.00355879 -0.000641979 -0.044663 -0.0363971 0.0072004 -0.00306363 -0.00106605 -0.000683785 8.32169e-05 -0.00368202 0.00113288 -0.00272727 -0.00853013 -0.015434 -0.00525896 0.00163073
internal_weight=429889 356918 72971 49822 39996 30609 10702 340275 220943 11665 119332 6447 112885 41976 70909 32935 23149 7878 37974 28871 209278 200648 171840 50054 25113 18095 24941 10347 28808 121786
internal_count=429889 356918 72971 49822 39996 30609 10702 340275 220943 11665 119332 6447 112885 41976 70909 32935 23149 7878 37974 28871 209278 200648 171840 50054 25113 18095 24941 10347 28808 121786
cat_boundaries=0 3 5 7 8 11 14 16 19 21 22 25 28 30
cat_threshold=184598674 1346371584 2 2147483648 1049088 32898 1077936128 33554432 8921088 2165139656 8 873469188 203428864 4 8388608 2148073600 8192 17309824 8 8912896 2147764296 32768 269488196 2232322 4 269812736 570430480 1 1678049280 738197523
is_linear=0
shrinkage=0.05


Tree=89
num_leaves=31
num_cat=15
split_feature=0 0 0 1 6 3 0 1 0 0 0 1 0 0 0 0 1 0 6 3 3 5 11 0 0 6 0 14 5 9
split_gain=21355.8 15215.4 3708.63 1781.75 1142.42 1509.63 562.865 530.75 1418.9 448.647 429.679 973.066 846.578 471.888 433.258 362.852 314.308 309.382 319.815 303.069 294.734 261.523 247.459 542.051 359.975 340.596 233.044 228.464 226.34 228.962
threshold=0 1 2 10.500000000000002 1.1666666666666667 22.500000000000004 3 10.500000000000002 4 5 6 18.500000000000004 7 8 9 10 11.500000000000002 11 2.5000000000000004 24.500000000000004 28.500000000000004 90.300000000000026 -1234.9999999999998 12 13 2.5000000000000004 14 115.00000000000001 76.550000000000011 56.500000000000007
decision_type=9 9 9 2 2 2 9 2 9 9 9 2 9 9 9 9 2 9 2 2 2 2 2 9 9 2 9 2 2 2
left_child=2 -2 17 -4 5 6 -5 8 15 -10 11 13 -13 16 19 -3 -9 18 -1 -14 -16 -15 24 -24 -6 -25 -7 -12 -18 -30
right_child=1 7 3 4 22 26 -8 10 9 -11 27 12 14 21 20 -17 28 -19 -20 -21 -22 -23 23 25 -26 -27 -28 -29 29 -31
leaf_value=-0.0052044024787679449 6.0177755274093419e-05 -0.015014184941074227 -0.0052042993242986668 -0.024096357498892565 0.0091351336361735758 -0.0052044024787679449 -0.0040328333025432704 -0.12666717038425901 0.10448485025704289 -0.0038524106890339919 -0.0062301215372228217 -0.16121690854643378 1.6555085009191843 0.052559131011751692 -0.044713566835838763 -0.014451013995488449 0.078845140822297932 -0.0052044024787679449 0.14241378130836724 0.034001972080512387 0.029611897610784157 -0.036124580787981489 -0.016222005196494395 0.00099722633415915145 -0.044544623178616141 0.38838277215511108 -0.0048174395946402274 0.14310756142006548 0.38779022537385566 -0.021463503312396527
leaf_weight=7550 16643 2421 9826 1620 511 11369 9082 1675 6463 34261 157907 3402 1200 58776 19492 21502 3596 15271 328 1266 9319 6877 1421 5073 1360 1022 8538 3737 7402 979
leaf_count=7550 16643 2421 9826 1620 511 11369 9082 1675 6463 34261 157907 3402 1200 58776 19492 21502 3596 15271 328 1266 9319 6877 1421 5073 1360 1022 8538 3737 7402 979
internal_value=-0.00347566 0.00156362 -0.0281203 -0.0204266 -0.0157441 -0.0204237 -0.00527939 -0.000720132 -0.00479759 0.000881328 0.000236188 0.00258698 -0.00439892 0.00564214 -0.00181705 -0.0144591 0.0140975 -0.044663 -0.0363971 0.0182553 -0.00354082 0.00388118 -0.000484713 0.00356573 -0.0167557 0.0100491 -0.0285653 -0.00142155 0.016945 0.0214473
internal_weight=429889 356918 72971 49822 39996 30609 10702 340275 64647 40724 275628 113984 34679 79305 31277 23923 13652 23149 7878 2466 28811 65653 9387 7516 1871 6095 19907 161644 11977 8381
internal_count=429889 356918 72971 49822 39996 30609 10702 340275 64647 40724 275628 113984 34679 79305 31277 23923 13652 23149 7878 2466 28811 65653 9387 7516 1871 6095 19907 161644 11977 8381
cat_boundaries=0 3 5 7 8 11 13 16 18 20 22 24 25 26 29 30
cat_threshold=184598674 1346371584 2 2147483648 1049088 32898 1077936128 33554432 604045312 2718059627 1 8192 84410368 612442112 671567050 8 0 536936448 0 536952832 8388608 262144 0 536870914 32768 167772160 33554432 0 2 184565760
is_linear=0
shrinkage=0.05


Tree=90
num_leaves=31
num_cat=14
split_feature=0 0 0 1 6 3 0 0 1 0 1 0 1 0 0 6 9 0 11 0 11 12 11 0 0 12 15 14 1 0
split_gain=21734.6 15129.5 3650.35 1746.31 1029.4 1509.63 562.865 428.252 1127 1446.11 499.5 938.273 345.335 598.344 309.382 319.815 292.295 300.74 255.331 248.009 332.034 496.813 254.109 460.839 339.769 257.576 245.109 329.519 260.743 473.746
threshold=0 1 2 10.500000000000002 1.1666666666666667 22.500000000000004 3 4 8.5000000000000018 5 8.5000000000000018 6 11.500000000000002 7 8 2.5000000000000004 63.500000000000007 9 -1397.4999999999998 10 -1264.9999999999998 13.250000000000002 155.00000000000003 11 12 12.500000000000002 0.46666666666666673 13.000000000000002 14.500000000000002 13
decision_type=9 9 9 2 2 2 9 9 2 9 2 9 2 9 9 2 2 9 2 9 2 2 2 9 9 2 2 2 2 9
left_child=2 -2 14 -4 5 6 -5 10 9 -9 11 -3 13 -12 15 -1 18 -18 -10 20 -14 -22 23 -21 -24 -26 27 28 29 -20
right_child=1 7 3 4 -6 -7 -8 8 16 -11 12 -13 19 -15 -16 -17 17 -19 26 22 21 -23 24 -25 25 -27 -28 -29 -30 -31
leaf_value=-0.0049441823548295634 5.7168867510348779e-05 0.0023840637168981885 -0.0049440843580837342 -0.022891539623947924 -0.0034809094243223094 -0.0049441823548295634 -0.0038311916374161206 -0.0017062568613090525 -0.045590023515062229 -0.013703516377700488 0.072609866013327015 0.00159664699479114 -0.1218616150721922 -0.05248599217706023 -0.0049441823548295634 0.13529309224294891 0.025736451338445356 -0.18333110465743793 0.033806625466126672 -0.23445872445329377 0.36667202775929797 0.02763951451118505 0.22713028919821882 0.00042558453098742179 -0.17800161602048306 0.025604729489789691 0.013884456172002669 -0.16122257049089389 -0.018945396729270314 -0.020415153837177871
leaf_weight=7550 16643 2491 9826 1620 9387 19907 9082 6302 5578 5351 8566 3968 1224 16615 15271 328 168 2069 35590 1449 7299 8594 6404 47117 568 15381 63883 6085 63143 32430
leaf_count=7550 16643 2491 9826 1620 9387 19907 9082 6302 5578 5351 8566 3968 1224 16615 15271 328 168 2069 35590 1449 7299 8594 6404 47117 568 15381 63883 6085 63143 32430
internal_value=-0.0033882 0.00169558 -0.0282505 -0.0206173 -0.0159816 -0.0204237 -0.00527939 -0.000581718 -0.00188818 -0.0170214 0.00182645 0.0153507 0.00105505 -0.00410826 -0.044663 -0.0363971 -0.00104429 -0.019021 -0.000849745 0.00253192 0.00793192 0.00986912 0.00122728 -0.000803031 0.00563906 0.0017263 -0.0005571 -0.00174793 -0.00122024 0.000927668
internal_weight=429889 356918 72971 49822 39996 30609 10702 340275 220599 11653 119676 6459 113217 25181 23149 7878 208946 2237 206709 88036 17117 15893 70919 48566 22353 15949 201131 137248 131163 68020
internal_count=429889 356918 72971 49822 39996 30609 10702 340275 220599 11653 119676 6459 113217 25181 23149 7878 208946 2237 206709 88036 17117 15893 70919 48566 22353 15949 201131 137248 131163 68020
cat_boundaries=0 3 5 7 8 11 14 16 19 20 22 24 26 28 31
cat_threshold=184598674 1346371584 2 2147483648 1049088 32898 1077936128 33554432 8921088 2165132488 8 873469188 203436032 4 8388608 2148074624 8192 17563648 8 32768 0 2097408 8388608 278528 0 65536 8192 2147551232 1075053632 100798769 4
is_linear=0
shrinkage=0.05


Tree=91
num_leaves=31
num_cat=14
split_feature=0 0 0 1 6 3 0 0 1 0 1 0 11 0 6 9 0 0 11 14 5 0 3 3 11 0 0 11 12 0
split_gain=21787.6 15104 3651.58 1747.06 1031.71 1509.63 562.865 406.543 980.683 1392.14 533.862 897.284 380.046 309.382 319.815 276.048 291.331 233.044 228.327 245.348 222.674 325.035 253.686 261.05 221.631 520.28 218.499 209.554 1184.11 510.339
threshold=0 1 2 10.500000000000002 1.1666666666666667 22.500000000000004 3 4 8.5000000000000018 5 8.5000000000000018 6 555.00000000000011 7 2.5000000000000004 63.500000000000007 8 9 -1404.9999999999998 125.00000000000001 90.300000000000026 10 30.500000000000004 29.500000000000004 -1044.9999999999998 11 12 -560.49999999999989 12.500000000000002 13
decision_type=9 9 9 2 2 2 9 9 2 9 2 9 2 9 2 2 9 9 2 2 2 9 2 2 2 9 9 2 2 9
left_child=2 -2 13 -4 5 6 -5 10 9 -9 11 -3 -12 14 -1 18 -17 -7 -10 20 27 22 23 -22 -6 -26 -21 -20 -29 -30
right_child=1 7 3 4 24 17 -8 8 15 -11 12 -13 -14 -15 -16 16 -18 -19 19 26 21 -23 -24 -25 25 -27 -28 28 29 -31
leaf_value=-0.0046969732370880646 5.4310424134840218e-05 0.0022648605310532587 -0.0046968801401795273 -0.021746962642750535 -0.027752746460819912 -0.0046969732370880646 -0.0036396320555453169 -0.02077903308895275 -0.054624575845568214 -0.0016209440182436198 0.014787055519897986 0.0025351491428034392 -0.047834134047669258 -0.0046969732370880646 0.12852843763080149 0.024449628771523103 -0.16452964409104354 -0.0043293584971667359 0.0055107115592754503 0.35895181681752303 -0.093875906182309704 0.0018392916364383895 -0.12664820420461567 0.11650791999918636 -0.015236859465453546 0.10084453615959665 0.0067298207671793626 -0.12280731095186788 0.092687967863643028 -0.010205538038798069
leaf_weight=7550 16643 2491 9826 1620 3781 11369 9082 4859 4433 7286 89077 3476 15369 15271 328 168 2158 8538 103341 1356 3153 10912 5416 1931 1130 4476 1394 9440 9913 64102
leaf_count=7550 16643 2491 9826 1620 3781 11369 9082 4859 4433 7286 89077 3476 15369 15271 328 168 2158 8538 103341 1356 3153 10912 5416 1931 1130 4476 1394 9440 9913 64102
internal_value=-0.00335517 0.0017348 -0.0282478 -0.0206133 -0.0159766 -0.0204237 -0.00527939 -0.000540576 -0.00173836 -0.0155661 0.00195294 0.0164991 0.00112211 -0.044663 -0.0363971 -0.000967081 -0.0180997 -0.0285653 -0.000782066 -0.00054608 -0.000742046 -0.00557164 -0.0118459 -0.00383556 -0.00147544 0.00483411 0.0142909 -0.000188441 -0.002052 7.49848e-05
internal_weight=429889 356918 72971 49822 39996 30609 10702 340275 229862 12145 110413 5967 104446 23149 7878 217717 2326 19907 215391 210958 208208 21412 10500 5084 9387 5606 2750 186796 83455 74015
internal_count=429889 356918 72971 49822 39996 30609 10702 340275 229862 12145 110413 5967 104446 23149 7878 217717 2326 19907 215391 210958 208208 21412 10500 5084 9387 5606 2750 186796 83455 74015
cat_boundaries=0 3 5 7 8 11 14 16 17 19 20 23 24 26 29
cat_threshold=184598674 1346371584 2 2147483648 1049088 32898 1077936128 33554432 8921088 2148355272 8 1074069568 537002291 1 8388608 2148074624 32768 0 2097408 184565760 269746244 235016226 5 167772160 268440576 671088672 1052740 184561696 4
is_linear=0
shrinkage=0.05


Tree=92
num_leaves=31
num_cat=15
split_feature=0 0 0 1 3 6 0 6 14 0 0 1 0 1 0 11 0 9 0 0 6 14 12 11 0 0 0 1 0 1
split_gain=22835.5 15022.2 3394.7 1591.77 1191.78 826.961 752.367 373.282 342.676 392.299 325.257 831.131 909.353 481.922 1230.9 387.295 332.512 318.508 311.972 309.382 319.815 287.026 267.855 702.814 407.684 274.263 265.291 242.391 252.056 220.837
threshold=0 1 2 10.500000000000002 23.500000000000004 1.1666666666666667 3 2.5000000000000004 125.00000000000001 4 5 8.5000000000000018 6 8.5000000000000018 7 555.00000000000011 8 60.500000000000007 9 10 2.5000000000000004 59.500000000000007 12.500000000000002 -560.49999999999989 11 12 13 18.500000000000004 14 14.500000000000002
decision_type=9 9 9 2 2 2 9 2 2 9 9 2 9 2 9 2 9 2 9 9 2 2 2 2 9 9 9 2 9 2
left_child=2 -2 19 -4 6 26 -5 8 10 -10 13 12 -12 14 -3 22 -17 29 -9 20 -1 -7 23 -15 -25 -24 -6 28 -8 -13
right_child=1 7 3 4 5 21 27 18 9 -11 11 17 -14 15 -16 16 -18 -19 -20 -21 -22 -23 25 24 -26 -27 -28 -29 -30 -31
leaf_value=-0.0044621245752336502 5.159490292809821e-05 0.0014240070677169481 -0.0044620361331705553 -0.020659614510613003 -0.0044621245752336502 -0.013779421286124905 -0.024792363501316264 0.24494998368025561 0.43815786059764084 -0.013979022980840573 -0.01991382660132417 0.0072523962485881556 -0.0015398968173314211 0.0022053235013626883 -0.0048724748048067481 -0.091775689103917646 -0.017345399176433896 -0.083938593070984349 0.0066782660174553145 -0.0044621245752336502 0.12210201574926138 0.090588953647299603 0.39705007173274431 0.0070040153992589008 -0.10573326488860389 0.038844129508247255 -0.0041128905723084143 -0.025642008459237475 0.083425750563154211 -0.015596930479175253
leaf_weight=7550 16643 3540 9826 2247 10869 5543 2978 5027 2372 2328 3621 64688 5115 84964 5152 5952 12383 6551 8393 15271 328 820 1387 1835 4608 39478 8187 3854 5498 82881
leaf_count=7550 16643 3540 9826 2247 10869 5543 2978 5027 2372 2328 3621 64688 5115 84964 5152 5952 12383 6551 8393 15271 328 820 1387 1835 4608 39478 8187 3854 5498 82881
internal_value=-0.00335005 0.00186088 -0.0288342 -0.0214721 -0.0170467 -0.0235828 -0.00564931 -0.000408334 -0.000743908 0.0126596 -0.000939455 -0.00251065 -0.0175137 0.000666943 0.0121146 6.30781e-06 -0.00680393 -0.00166039 0.00776453 -0.044663 -0.0363971 -0.0079758 0.000950315 -0.000554115 -0.0164752 0.00431543 -0.0287941 -0.000786062 0.00394054 -0.00118148
internal_weight=429889 356918 72971 49822 39996 25419 14577 340275 326855 4700 322155 162856 8736 159299 8692 150607 18335 154120 13420 23149 7878 6363 132272 91407 6443 40865 19056 12330 8476 147569
internal_count=429889 356918 72971 49822 39996 25419 14577 340275 326855 4700 322155 162856 8736 159299 8692 150607 18335 154120 13420 23149 7878 6363 132272 91407 6443 40865 19056 12330 8476 147569
cat_boundaries=0 3 5 7 8 10 13 16 18 20 23 24 26 28 29 32
cat_threshold=184598674 1346371584 2 2147483648 1049088 32898 1077936128 33554432 268448768 671105184 612901184 2165140682 8 1074069504 131377 1 545783808 2148074626 545259520 2147549314 277099524 604325888 5 32768 8192 2164785152 64 2048 184565760 134217728 0 2
is_linear=0
shrinkage=0.05


Tree=93
num_leaves=31
num_cat=14
split_feature=0 0 0 1 3 0 6 0 1 1 0 0 3 0 6 3 1 0 0 0 0 2 6 0 5 11 6 5 0 10
split_gain=23010.6 15073.1 3310.95 1541.49 1180.5 729.202 726.577 359.108 789.276 786.763 1272.2 569.805 316.053 309.382 319.815 299.246 287.698 470.723 282.386 277.558 265.291 241.159 236.941 373.734 226.491 228.994 225.47 209.701 211.456 220
threshold=0 1 2 10.500000000000002 23.500000000000004 3 1.1666666666666667 4 8.5000000000000018 8.5000000000000018 5 6 23.500000000000004 7 2.5000000000000004 23.500000000000004 11.500000000000002 8 9 10 11 1.0000000180025095e-35 1.1666666666666667 12 68.40000000000002 -1204.9999999999998 3.5000000000000004 69.750000000000014 13 10.500000000000002
decision_type=9 9 9 2 2 9 2 9 2 2 9 9 2 9 2 2 2 9 9 9 9 2 2 9 2 2 2 2 9 2
left_child=2 -2 13 -4 5 -5 20 8 11 10 -9 -3 -13 14 -1 19 17 -10 -14 -12 -6 -7 -18 -24 -23 -26 -11 -27 -29 -30
right_child=1 7 3 4 6 21 -8 9 16 26 15 12 18 -15 -16 -17 22 -19 -20 -21 -22 24 23 -25 25 27 -28 28 29 -31
leaf_value=-0.0042390183464719568 4.9015157781706622e-05 0.002080417151114755 -0.0042389343265120342 -0.019626633785082337 -0.0042390183464719568 -0.032744876465876697 -0.0059111774494568616 0.00051819406044759651 0.12607061965927499 -0.0046469290282463048 0.00089240046816594374 -0.016966033912526247 -0.20389388707469838 -0.0042390183464719568 0.11599691496179831 -0.018744390104438891 0.0051898242599891734 -0.038863913104487828 0.0026520154259035869 -0.018918135271257963 -0.0039072460436929916 -0.091704166587742192 0.18979975443621308 0.0046407583090513072 -0.030581864522293944 0.21463186258242073 0.21453356892086717 -0.0079233799314374128 0.1099241646824341 -0.036966260796957508
leaf_weight=7550 16643 2491 9826 2247 10869 1894 6363 6825 3359 230917 162 935 567 15271 328 4209 52417 16488 1057 1866 8187 657 7709 9042 1366 550 2231 2495 3484 1884
leaf_count=7550 16643 2491 9826 2247 10869 1894 6363 6825 3359 230917 162 935 567 15271 328 4209 52417 16488 1057 1866 8187 657 7709 9042 1366 550 2231 2495 3484 1884
internal_value=-0.00344845 0.00178243 -0.0290302 -0.0217591 -0.0174042 -0.00606092 -0.0239093 -0.000490618 0.00213712 -0.0014946 -0.0134359 0.0213663 0.00469054 -0.044663 -0.0363971 -0.0297343 0.00104645 -0.00426009 0.0180419 -0.0140039 -0.0287941 -0.00127229 0.00256911 0.00774581 0.00170563 0.00361489 -0.000825656 0.00669797 0.0046102 0.0101897
internal_weight=429889 356918 72971 49822 39996 14577 25419 340275 94065 246210 13062 5050 2559 23149 7878 6237 89015 19847 1624 2028 19056 12330 69168 16751 10436 9779 233148 8413 7863 5368
internal_count=429889 356918 72971 49822 39996 14577 25419 340275 94065 246210 13062 5050 2559 23149 7878 6237 89015 19847 1624 2028 19056 12330 69168 16751 10436 9779 233148 8413 7863 5368
cat_boundaries=0 3 5 7 8 11 13 15 16 18 20 22 23 25 28
cat_threshold=184598674 1346371584 2 2147483648 1049088 32898 1077936128 33554432 8921088 2148355200 8 873469188 754987016 8388608 2148074624 32768 8192 524288 0 264192 0 2097152 184565760 0 2147829760 134217728 0 2
is_linear=0
shrinkage=0.05


Tree=94
num_leaves=31
num_cat=15
split_feature=0 0 0 1 3 6 0 0 1 0 1 0 3 0 6 3 0 0 0 14 1 0 6 0 2 0 3 3 0 9
split_gain=23257.2 14920.3 3341.29 1559.68 1095.07 840.752 713.2 378.36 1022.11 650.68 415.719 1152.12 316.053 309.382 319.815 308.638 282.386 277.648 265.291 254.014 237.572 391.927 238.153 361.798 231.254 227.358 216.533 213.37 361.49 235.431
threshold=0 1 2 10.500000000000002 23.500000000000004 1.1666666666666667 3 4 8.5000000000000018 5 8.5000000000000018 6 23.500000000000004 7 2.5000000000000004 23.500000000000004 8 9 10 59.500000000000007 11.500000000000002 11 1.1666666666666667 12 1.0000000180025095e-35 13 23.500000000000004 21.500000000000004 14 3.5000000000000004
decision_type=9 9 9 2 2 2 9 9 2 9 2 9 2 9 2 2 9 9 9 2 2 9 2 9 2 9 2 2 9 2
left_child=2 -2 13 -4 6 18 -5 8 9 -3 11 15 -11 14 -1 17 -14 -9 -6 -7 21 -10 27 -24 -8 26 -13 28 29 -22
right_child=1 7 3 4 5 19 24 10 20 12 -12 25 16 -15 -16 -17 -18 -19 -20 -21 22 -23 23 -25 -26 -27 -28 -29 -30 -31
leaf_value=-0.0040270674291483571 4.6564399892634614e-05 0.001196934831302432 -0.0040269876101864275 -0.018645302095828244 -0.0040270674291483571 -0.012794891349345772 -0.031107632642582851 0.00084778044475766203 0.11976708867631132 -0.016117732216899938 -0.0038930155313408933 -0.0018594032928285654 -0.19369919272096345 -0.0040270674291483571 0.11019706921370842 -0.018072537397536115 0.0025194146546084098 -0.029690609491041367 -0.0037118837415083487 0.086355064837407458 -0.22432603239354876 -0.036395512184207314 0.1803097667144023 0.0074022340410174088 0.003279805524619395 -0.0046547607675887729 0.00088382206716630662 -0.0043802715571427345 0.018227253457711968 0.65105066264703315
leaf_weight=7550 16643 2951 9826 2247 10869 5543 1894 337 3359 935 225527 495 567 15271 328 3660 1057 1531 8187 820 400 18208 7709 10477 10436 5441 1138 42620 11708 2155
leaf_count=7550 16643 2951 9826 2247 10869 5543 1894 337 3359 935 225527 495 567 15271 328 3660 1057 1531 8187 820 400 18208 7709 10477 10436 5441 1138 42620 11708 2155
internal_value=-0.00324049 0.00201833 -0.0289589 -0.0216548 -0.0172742 -0.0235395 -0.00634904 -0.000243179 0.00230236 0.0232486 -0.00133514 -0.010173 0.00469054 -0.044663 -0.0363971 -0.0272481 0.0180419 -0.0107602 -0.0287941 -0.00780292 0.00110828 -0.00351695 0.00243709 0.00741779 -0.00161264 0.0032044 0.019507 0.000844716 0.00613826 0.0231384
internal_weight=429889 356918 72971 49822 39996 25419 14577 340275 102146 5510 238129 12602 2559 23149 7878 5528 1624 1868 19056 6363 96636 21567 75069 18186 12330 7074 1633 56883 14263 2555
internal_count=429889 356918 72971 49822 39996 25419 14577 340275 102146 5510 238129 12602 2559 23149 7878 5528 1624 1868 19056 6363 96636 21567 75069 18186 12330 7074 1633 56883 14263 2555
cat_boundaries=0 3 5 7 8 11 13 16 17 19 21 22 24 26 28 30
cat_threshold=184598674 1346371584 2 2147483648 1049088 32898 1077936128 33554432 8986624 2148355200 8 8454144 2148074624 1074004032 35783025 5 32768 0 264192 0 35651584 184565760 8192 524288 0 2147829760 537919488 536870914 0 264192
is_linear=0
shrinkage=0.05


Tree=95
num_leaves=31
num_cat=14
split_feature=0 0 0 1 3 6 0 0 1 0 3 0 6 0 0 1 0 0 11 1 0 0 9 11 1 5 9 9 0 9
split_gain=23506.3 14858.7 3311.54 1541.84 1126.36 772.937 714.716 349.158 1022.11 650.68 316.053 309.382 319.815 282.386 265.291 235.233 1433.57 578.008 225.862 213.659 283.158 274.974 212.613 194.43 193.163 191.608 194.058 243.801 220.027 209.864
threshold=0 1 2 10.500000000000002 23.500000000000004 1.1666666666666667 3 4 8.5000000000000018 5 23.500000000000004 6 2.5000000000000004 7 8 8.5000000000000018 9 10 555.00000000000011 20.500000000000004 11 12 52.500000000000007 332.00000000000006 9.5000000000000018 93.100000000000009 60.500000000000007 59.500000000000007 13 58.500000000000007
decision_type=9 9 9 2 2 2 9 9 2 9 2 9 2 9 9 2 9 9 2 2 9 9 2 2 2 2 2 2 9 2
left_child=2 -2 11 24 6 14 -5 8 9 -3 -11 12 23 -12 -6 16 -9 -18 -10 20 -8 -21 -7 -1 -4 26 27 29 -28 -17
right_child=1 7 3 4 5 22 19 15 18 10 13 -13 -14 -15 -16 25 17 -19 -20 21 -22 -23 -24 -25 -26 -27 28 -29 -30 -31
leaf_value=-0.0038257140576909432 4.4236179897971799e-05 0.0011370880897373149 -0.0036853628658561899 -0.017713036991036813 -0.0038257140576909432 -0.0022965418150660889 0.073594264524643821 -0.020541288699202777 0.0099645213655206177 -0.015311845606054942 -0.18401423308491527 -0.0038257140576909432 0.10468721575302303 0.0023934439218779692 -0.0035262895544329268 -0.0012978672930689329 0.00080539142251976345 0.00044809325406691691 -0.038970499276946319 0.01073432492559161 -0.018145824281685964 -0.031112549129560785 -0.054369671604864368 -0.0038257140576909432 -0.0066752053748989851 -0.066112949547200373 -0.11338955691412728 0.10298326204922503 0.00036766462005424219 -0.10271220569101205
leaf_weight=3037 16643 2951 6044 2247 10869 5188 4100 5067 83430 935 567 15271 328 1057 8187 207112 710 6825 13206 553 6127 1550 1175 4513 3782 4594 4684 2249 4549 2339
leaf_count=3037 16643 2951 6044 2247 10869 5188 4100 5067 83430 935 567 15271 328 1057 8187 207112 710 6825 13206 553 6127 1550 1175 4513 3782 4594 4684 2249 4549 2339
internal_value=-0.00317303 0.00211387 -0.0290288 -0.0217571 -0.0174017 -0.0237559 -0.0063216 -0.000142968 0.00230236 0.0232486 0.00469054 -0.044663 -0.0363971 0.0180419 -0.0287941 -0.00119195 -0.00784003 0.00599735 0.00110828 -0.00158023 0.00140315 -0.0160961 -0.0086673 -0.038543 -0.0395074 -0.000820523 -0.000610366 -0.000300897 -0.00770605 -0.000476722
internal_weight=429889 356918 72971 49822 39996 25419 14577 340275 102146 5510 2559 23149 7878 1624 19056 238129 12602 7535 96636 12330 10227 2103 6363 7550 9826 225527 220933 211700 9233 209451
internal_count=429889 356918 72971 49822 39996 25419 14577 340275 102146 5510 2559 23149 7878 1624 19056 238129 12602 7535 96636 12330 10227 2103 6363 7550 9826 225527 220933 211700 9233 209451
cat_boundaries=0 3 5 7 8 11 13 14 16 17 20 22 24 27 30
cat_threshold=184598674 1346371584 2 2147483648 1049088 32898 1077936128 33554432 8986624 2148355200 8 8454144 2148074624 32768 0 264192 184565760 1074004032 33685873 5 0 2097154 16777216 268435456 16 0 2 269751300 771883011 5
is_linear=0
shrinkage=0.05


Tree=96
num_leaves=31
num_cat=13
split_feature=0 0 0 1 3 6 0 0 1 0 3 0 6 0 0 1 0 0 2 8 14 11 11 10 1 0 2 0 3 1
split_gain=23326.1 14862.5 3360.02 1570.93 1041.21 917.984 702.629 322.113 1032.17 650.68 316.053 309.382 319.815 282.386 265.291 237.736 1433.57 578.008 224.766 218.104 243.77 203.281 194.43 193.994 193.163 189.783 188.513 204.841 486.246 315.784
threshold=0 1 2 10.500000000000002 23.500000000000004 1.1666666666666667 3 4 8.5000000000000018 5 23.500000000000004 6 2.5000000000000004 7 8 8.5000000000000018 9 10 1.0000000180025095e-35 1.0000000180025095e-35 67.500000000000014 -1224.9999999999998 332.00000000000006 10.500000000000002 9.5000000000000018 11 4.5000000000000009 12 24.500000000000004 13.500000000000002
decision_type=9 9 9 2 2 2 9 9 2 9 2 9 2 9 9 2 9 9 2 2 2 2 2 2 2 9 2 9 2 2
left_child=2 -2 11 24 6 14 -5 8 9 -3 -11 12 22 -12 -6 16 -9 -18 -8 20 26 -20 -1 25 -4 -23 27 28 29 -10
right_child=1 7 3 4 5 -7 18 15 19 10 13 -13 -14 -15 -16 -17 17 -19 21 -21 -22 23 -24 -25 -26 -27 -28 -29 -30 -31
leaf_value=-0.0036344283548063851 4.2024370903082088e-05 0.0010802336852504535 -0.0035010947225633695 -0.016827385141484987 -0.0036344283548063851 -0.0048610469187633683 -0.028644959796369385 -0.019514224264242631 0.073399450020635013 -0.014546253325752191 -0.17481352143066947 -0.0036344283548063851 0.099452854965371887 0.0022737717257840908 -0.0033499750767112869 -0.003472804008277475 0.00076512185139376854 0.00042568859136355998 -0.027661134115932209 -0.028431654932602336 0.1563901592332364 -0.00248008755574487 -0.0036344283548063851 -0.022413275391825273 -0.0063414451061540424 0.097396634437417445 -0.01085375219806366 0.0045254200726095204 -0.0056462207612938192 0.58336121960635123
leaf_weight=3037 16643 2951 6044 2247 10869 6363 1894 5067 2350 935 567 15271 328 1057 8187 225527 710 6825 1314 13013 6813 1867 4513 3364 3782 3891 20039 43146 7799 3476
leaf_count=3037 16643 2951 6044 2247 10869 6363 1894 5067 2350 935 567 15271 328 1057 8187 225527 710 6825 1314 13013 6813 1867 4513 3364 3782 3891 20039 43146 7799 3476
internal_value=-0.00315861 0.00210799 -0.0289151 -0.0215905 -0.0171942 -0.0233034 -0.00654113 -0.00014914 0.00219958 0.0232486 0.00469054 -0.044663 -0.0363971 0.0180419 -0.0287941 -0.00115668 -0.00784003 0.00599735 -0.00183955 0.000999627 0.00193667 0.00103488 -0.038543 0.0036834 -0.0395074 0.00925669 0.00113267 0.00260432 0.00794646 0.0188809
internal_weight=429889 356918 72971 49822 39996 25419 14577 340275 102146 5510 2559 23149 7878 1624 19056 238129 12602 7535 12330 96636 83623 10436 7550 9122 9826 5758 76810 56771 13625 5826
internal_count=429889 356918 72971 49822 39996 25419 14577 340275 102146 5510 2559 23149 7878 1624 19056 238129 12602 7535 12330 96636 83623 10436 7550 9122 9826 5758 76810 56771 13625 5826
cat_boundaries=0 3 5 7 8 11 13 14 16 17 20 22 25 27
cat_threshold=184598674 1346371584 2 2147483648 1049088 32898 1077936128 33554432 8986624 2148355200 8 8454144 2148074624 32768 0 264192 184565760 1074004032 33685873 5 0 2097154 134217728 0 2 8388608 264192
is_linear=0
shrinkage=0.05


Tree=97
num_leaves=31
num_cat=13
split_feature=0 0 0 1 3 6 0 6 0 6 14 0 0 1 0 0 9 11 0 0 2 11 6 1 1 0 0 11 10 6
split_gain=23541.2 14838.5 3315.03 1543.94 976.619 917.984 673.963 315.234 309.382 319.815 298.168 365.414 294.048 391.548 1655.47 291.365 289.657 278.477 265.291 255.221 207.399 194.43 193.532 193.163 188.737 447.538 220.004 260.39 201.816 203.392
threshold=0 1 2 10.500000000000002 23.500000000000004 1.1666666666666667 3 3.5000000000000004 4 2.5000000000000004 125.00000000000001 5 6 8.5000000000000018 7 8 63.500000000000007 555.00000000000011 9 10 1.0000000180025095e-35 332.00000000000006 0.83333333333333337 9.5000000000000018 20.500000000000004 11 12 -764.99999999999989 26.500000000000004 1.1666666666666667
decision_type=9 9 9 2 2 2 9 2 9 2 2 9 9 2 9 9 2 2 9 9 2 2 2 2 2 9 9 2 2 2
left_child=2 -2 8 23 6 18 -5 10 9 21 12 -12 13 14 -3 -16 -14 24 -6 -19 -8 -1 -21 -4 26 -26 27 -15 29 -28
right_child=1 7 3 4 5 -7 20 -9 -10 -11 11 -13 16 17 15 -17 -18 19 -20 22 -22 -23 -24 -25 25 -27 28 -29 -30 -31
leaf_value=-0.0034527069370660526 3.9923152357967954e-05 0.00076110530011233026 -0.0033260399864352141 -0.015986015884410731 -0.0034527069370660526 -0.0046179945728251686 -0.027212711806550917 0.22792148003794602 -0.0034527069370660526 0.09448021221710326 0.428119520967287 -0.012677503758256848 -0.0069765558380301407 0.28798144308097451 -0.0150745132479869 -0.0015349564562900488 -0.1473194420359743 -0.084100468427883268 -0.0031824763228757384 -0.2650455752048308 0.002481156512327365 -0.0034527069370660526 0.0034303746312080111 -0.0060243728508463604 -0.096106763369931167 0.0018033017832719267 0.0011246509187822884 0.045079171079804241 -0.021899076128019602 0.038587765725339819
leaf_weight=3037 16643 3185 6044 2247 10869 6363 1894 3229 15271 328 2426 2332 165984 3403 476 5331 1843 6477 8187 701 10436 4513 13216 3782 4516 16168 51227 28332 15151 16278
leaf_count=3037 16643 3185 6044 2247 10869 6363 1894 3229 15271 328 2426 2332 165984 3403 476 5331 1843 6477 8187 701 10436 4513 13216 3782 4516 16168 51227 28332 15151 16278
internal_value=-0.00314558 0.00214525 -0.0290206 -0.0217451 -0.0173867 -0.0233034 -0.00706936 -0.000110055 -0.044663 -0.0363971 -0.000259015 0.012169 -0.00043697 0.00106554 0.01121 -0.00470174 -0.00190929 0.000478874 -0.0287941 -0.00496715 -0.00246353 -0.038543 -0.00114526 -0.0395074 0.00130113 -0.00309418 0.00209588 0.00563396 0.000736699 0.00190727
internal_weight=429889 356918 72971 49822 39996 25419 14577 340275 23149 7878 337046 4758 332288 164461 8992 5807 167827 155469 19056 20394 12330 7550 13917 9826 135075 20684 114391 31735 82656 67505
internal_count=429889 356918 72971 49822 39996 25419 14577 340275 23149 7878 337046 4758 332288 164461 8992 5807 167827 155469 19056 20394 12330 7550 13917 9826 135075 20684 114391 31735 82656 67505
cat_boundaries=0 3 5 7 8 9 11 14 16 18 19 21 23 25
cat_threshold=184598674 1346371584 2 2147483648 1049088 32898 1077936128 33554432 32768 268448768 671105184 76095744 2215595466 8 8454144 2148074626 0 256 184565760 8388864 2147565698 67182592 81984 8388608 344138
is_linear=0
shrinkage=0.05


Tree=98
num_leaves=31
num_cat=14
split_feature=0 0 0 1 3 6 0 0 6 9 0 9 0 0 5 1 0 0 2 10 9 2 1 1 3 0 0 0 0 11
split_gain=23442.4 14822.4 3353.58 1567.06 1031.85 917.984 698.498 309.382 319.815 289.351 437.328 356.409 427.427 412.204 577.887 275.362 269.371 265.291 250.347 575.361 550.419 382.835 396.138 360.973 319.056 286.547 284.272 251.158 238.835 224.069
threshold=0 1 2 10.500000000000002 23.500000000000004 1.1666666666666667 3 4 2.5000000000000004 51.500000000000007 5 38.500000000000007 6 7 90.65000000000002 17.500000000000004 8 9 1.5000000000000002 29.500000000000004 34.500000000000007 3.5000000000000004 20.500000000000004 17.500000000000004 26.500000000000004 10 11 12 13 -1084.9999999999998
decision_type=9 9 9 2 2 2 9 9 2 2 9 2 9 9 2 2 9 9 2 2 2 2 2 2 2 9 9 9 9 2
left_child=2 -2 7 -4 6 17 -5 8 -1 11 -11 13 -13 14 29 -14 -17 -6 19 23 -21 22 28 24 25 -15 -24 -25 -20 -3
right_child=1 9 3 4 5 -7 -8 -9 -10 10 -12 12 15 18 -16 16 -18 -19 21 20 -22 -23 26 27 -26 -27 -28 -29 -30 -31
leaf_value=-0.0032800715902127301 3.7926994740100643e-05 -0.023636369333831821 -0.0031597379871134649 -0.015186715090190185 -0.0032800715902127301 -0.0043870948441838923 -0.0042153479916104079 -0.0032800715902127301 0.089756201606248087 -0.071783273205161535 0.00013806748742446474 0.11078757958399416 -0.0043889639986663736 0.012240189862133112 -0.12497115199976339 -0.011341922131351368 0.093637202421889762 -0.0030233525067319359 0.079348122261995793 -0.0029324895301217958 0.27801654475769882 -0.0088622488231152371 -0.089231934725288301 -0.12252435327964264 -0.088797992783533897 -0.020177954928223853 0.0085325973076882285 -0.0411816918738106 0.0010756935507255428 0.040179123279958345
leaf_weight=7550 16643 8442 9826 2247 10869 6363 12330 15271 328 19584 26083 11742 22497 13049 4476 3772 7072 8187 24381 5964 2638 81363 3085 6579 3744 15084 3671 8962 21887 46200
leaf_count=7550 16643 8442 9826 2247 10869 6363 12330 15271 328 19584 26083 11742 22497 13049 4476 3772 7072 8187 24381 5964 2638 81363 3085 6579 3744 15084 3671 8962 21887 46200
internal_value=-0.00310952 0.00217019 -0.0289301 -0.0216126 -0.0172217 -0.0233034 -0.00661659 -0.044663 -0.0363971 -8.39003e-05 -0.0037872 0.000490143 0.00458155 -0.000249073 0.00339771 0.0016896 0.00823497 -0.0287941 -0.00138144 -0.00418958 0.00770751 -0.000210958 0.00309482 -0.0063478 -0.00330175 -0.00147691 -0.00821492 -0.0125957 0.00474626 0.00481315
internal_weight=429889 356918 72971 49822 39996 25419 14577 23149 7878 340275 45667 294608 45083 249525 59118 33341 10844 19056 190407 56020 8602 134387 53024 47418 31877 28133 6756 15541 46268 54642
internal_count=429889 356918 72971 49822 39996 25419 14577 23149 7878 340275 45667 294608 45083 249525 59118 33341 10844 19056 190407 56020 8602 134387 53024 47418 31877 28133 6756 15541 46268 54642
cat_boundaries=0 3 5 7 8 9 12 14 16 19 20 23 26 29 32
cat_threshold=184598674 1346371584 2 2147483648 1049088 32898 1077936128 33554432 32768 268701700 755374257 5 536948736 571031688 8986624 201721986 68157504 2348810273 12 184565760 1052740 573076576 8 1311808 570507641 9 1611927556 2717990912 4 1880363012 587218968 13
is_linear=0
shrinkage=0.05


Tree=99
num_leaves=31
num_cat=15
split_feature=0 0 0 1 3 6 0 0 6 15 14 15 0 0 9 0 1 0 1 0 0 0 11 11 1 0 0 0 11 11
split_gain=22616.1 15074.5 3423.64 1609.18 1023.37 1029.02 712.442 309.382 319.815 308.228 370.175 362.858 381.565 303.066 290.04 269.286 348.208 555.004 292.165 562.319 265.291 255.791 228.485 226.14 212.229 274.974 265.018 211.491 361.695 206.16
threshold=0 1 2 10.500000000000002 23.500000000000004 1.1666666666666667 3 4 2.5000000000000004 0.46666666666666673 13.000000000000002 8.1916666666666682 5 6 63.500000000000007 7 10.500000000000002 8 15.500000000000002 9 10 11 165.00000000000003 -1254.9999999999998 20.500000000000004 12 13 14 725.00000000000011 -626.99999999999989
decision_type=9 9 9 2 2 2 9 9 2 2 2 2 9 9 2 9 2 9 2 9 9 9 2 2 2 9 9 9 2 2
left_child=2 -2 7 -4 6 20 -5 8 -1 10 15 12 14 -13 -11 -3 17 27 19 -18 -6 22 23 -20 26 -26 -8 28 -17 -19
right_child=1 9 3 4 5 -7 24 -9 -10 11 -12 13 -14 -15 -16 16 18 29 21 -21 -22 -23 -24 -25 25 -27 -28 -29 -30 -31
leaf_value=-0.0031160680107020777 3.6030645003126693e-05 0.00040763163231378742 -0.003001751087757798 -0.014427379335680657 -0.0031160680107020777 -0.0041677401019747156 0.065131429150504877 -0.0031160680107020777 0.085268391525935711 0.090517461331553417 -0.10073510507018116 -0.088876790055152366 0.0016334779758551577 0.013388141539605236 -0.34357737821624568 -0.015842616866157091 0.082017386284511329 0.053723552586149692 -0.00026954952759412621 -0.024075396753947986 -0.0028721848813953346 0.0020845763355441973 0.013798549953811091 -0.084085994689009527 0.011667374959072774 -0.028087155393322006 -0.014234882087875135 -0.03009614541953809 0.0010913589679955038 -0.014016134103786416
leaf_weight=7550 16643 124561 9826 2247 10869 6363 4100 15271 328 32714 9297 7714 55582 7108 373 690 15230 968 3853 22611 8187 16577 4844 12955 553 1550 6127 13667 861 10670
leaf_count=7550 16643 124561 9826 2247 10869 6363 4100 15271 328 32714 9297 7714 55582 7108 373 690 15230 968 3853 22611 8187 16577 4844 12955 553 1550 6127 13667 861 10670
internal_value=-0.00340565 0.00178019 -0.0287671 -0.0213738 -0.0169242 -0.0229808 -0.00636276 -0.044663 -0.0363971 -0.000492969 -0.00148785 0.00178325 0.00299372 -0.0054581 0.00724386 -0.00108819 -0.00298049 -0.00787534 -0.00125279 0.00186174 -0.0287941 -0.00433571 -0.00791247 -0.0106735 -0.00162885 -0.0160961 0.00134448 -0.00158261 0.0158552 -0.0160886
internal_weight=429889 356918 72971 49822 39996 25419 14577 23149 7878 340275 236784 103491 88669 14822 33087 227487 102926 26856 76070 37841 19056 38229 21652 16808 12330 2103 10227 15218 1551 11638
internal_count=429889 356918 72971 49822 39996 25419 14577 23149 7878 340275 236784 103491 88669 14822 33087 227487 102926 26856 76070 37841 19056 38229 21652 16808 12330 2103 10227 15218 1551 11638
cat_boundaries=0 3 5 7 8 9 12 15 18 21 24 25 28 31 33 35
cat_threshold=184598674 1346371584 2 2147483648 1049088 32898 1077936128 33554432 32768 67182916 673597608 4 1141125188 738284777 4 1149777152 2366579976 8 269746244 2103376 4 536936448 570441889 4 184565760 1376320 570429616 4 16 0 2 16777216 268435456 0 2097152
is_linear=0
shrinkage=0.05


Tree=100
num_leaves=31
num_cat=10
split_feature=0 0 0 1 3 6 0 0 6 14 0 6 0 1 10 0 1 0 9 2 8 2 0 3 10 1 3 1 2 5
split_gain=22802.7 15065.8 3375.28 1580.09 955.257 1029.02 681.722 309.382 319.815 291.019 295.224 289.373 265.291 216.346 245.807 210.247 225.88 560.592 292.53 246.289 373.092 270.705 295.519 262.96 254.953 239.535 238.636 230.24 227.709 254.469
threshold=0 1 2 10.500000000000002 23.500000000000004 1.1666666666666667 3 4 2.5000000000000004 98.000000000000014 5 3.5000000000000004 6 18.500000000000004 10.500000000000002 7 10.500000000000002 8 60.500000000000007 4.5000000000000009 1.0000000180025095e-35 5.5000000000000009 9 21.500000000000004 5.5000000000000009 19.500000000000004 29.500000000000004 16.500000000000004 1.0000000180025095e-35 89.40000000000002
decision_type=9 9 9 2 2 2 9 9 2 2 9 2 9 2 2 9 2 9 2 2 2 2 9 2 2 2 2 2 2 2
left_child=2 -2 7 -4 6 12 -5 8 -1 11 -11 15 -6 14 -8 -3 17 -17 19 20 24 -21 23 -23 25 -18 -26 -22 29 -28
right_child=1 9 3 4 5 -7 13 -9 -10 10 -12 -13 -14 -15 -16 16 18 -19 -20 21 27 22 -24 -25 26 -27 28 -29 -30 -31
leaf_value=-0.0029602646101669627 3.4229112752992565e-05 0.00046550803063714067 -0.0028516635333699194 -0.013706010368896626 -0.0029602646101669627 -0.0039593530968759618 0.061874857692979651 -0.0029602646101669627 0.081004971949638904 -0.10671471287724046 0.15148041039470536 0.21378597072632355 -0.0027285756373255591 -0.020628037129206734 -0.020494157943876126 -0.010261969923818937 0.11396530324062581 -0.001654164574728112 -0.095912682801658211 -0.061460976143958623 -0.011280225210218832 0.11596611166380032 0.038340429313287322 -0.055768762486426482 -0.010660400624388444 -0.025961227464003846 0.1701859588692691 -0.12927169635135627 0.069868300407069137 -0.079336988559074145
leaf_weight=7550 16643 170029 9826 2247 10869 6363 5094 15271 328 1415 7986 3139 8187 3854 3382 11838 9889 19167 5410 18229 3717 1456 10662 5828 43407 2899 1356 3244 17159 3445
leaf_count=7550 16643 170029 9826 2247 10869 6363 5094 15271 328 1415 7986 3139 8187 3854 3382 11838 9889 19167 5410 18229 3717 1456 10662 5828 43407 2899 1356 3244 17159 3445
internal_value=-0.00341356 0.00179364 -0.0288794 -0.0215384 -0.0171292 -0.0229808 -0.00692529 -0.044663 -0.0363971 -0.000478863 0.00819594 -0.000725352 -0.0287941 -0.00229335 0.00217084 -0.000870063 -0.00218494 -0.00601032 -0.001249 -0.000741605 0.000727243 -0.00419765 0.000161596 -0.00759528 0.00171518 0.00817172 0.000452063 -0.0103649 0.00469945 -0.00492606
internal_weight=429889 356918 72971 49822 39996 25419 14577 23149 7878 340275 9401 330874 19056 12330 8476 327735 157706 31005 126701 121291 85116 36175 17946 7284 78155 12788 65367 6961 21960 4801
internal_count=429889 356918 72971 49822 39996 25419 14577 23149 7878 340275 9401 330874 19056 12330 8476 327735 157706 31005 126701 121291 85116 36175 17946 7284 78155 12788 65367 6961 21960 4801
cat_boundaries=0 3 5 7 8 9 12 13 16 19 22
cat_threshold=184598674 1346371584 2 2147483648 1049088 32898 1077936128 33554432 32768 9961536 2098241 1 184565760 67641664 2232380872 8 545325056 570425347 1 277876740 2101250 4
is_linear=0
shrinkage=0.05


Tree=101
num_leaves=31
num_cat=12
split_feature=0 0 0 1 3 6 0 0 6 6 0 14 0 0 0 11 1 9 2 2 3 0 0 9 0 11 1 1 5 1
split_gain=22952.8 15003.1 3373.52 1579.04 948.965 1033.2 679.501 309.382 319.815 277.077 265.291 259.672 273.642 224.596 205.839 194.43 193.163 190.105 191.376 247.682 296.808 294.92 235.857 301.629 183.185 193.547 181.767 171.32 296.19 243.045
threshold=0 1 2 10.500000000000002 23.500000000000004 1.1666666666666667 3 4 2.5000000000000004 3.5000000000000004 5 98.000000000000014 6 7 8 332.00000000000006 9.5000000000000018 63.500000000000007 4.5000000000000009 5.5000000000000009 21.500000000000004 9 10 2.5000000000000004 11 -1064.9999999999998 20.500000000000004 19.500000000000004 79.200000000000017 10.500000000000002
decision_type=9 9 9 2 2 2 9 9 2 2 9 2 9 9 9 2 2 2 2 2 2 9 9 2 9 2 2 2 2 2
left_child=2 -2 7 16 6 10 -5 8 15 11 26 13 -13 -3 -11 -1 -4 18 27 22 -21 -22 23 -20 25 -7 -6 29 -29 -15
right_child=1 9 3 4 5 24 -8 -9 -10 14 -12 12 -14 17 -16 -17 -18 -19 19 20 21 -23 -24 -25 -26 -27 -28 28 -30 -31
leaf_value=-0.002812251379658637 3.2517657115338495e-05 0.00044223262910527696 -0.0027090803567014102 -0.013020709850451784 -0.0044204097587194902 -0.053155183037379899 -0.0046053202672114322 -0.002812251379658637 0.076954723352156945 0.42656234666810777 -0.0025921468554592764 0.17942390277435116 -0.02485389684108448 -0.004334988618502145 0.033702001103280213 -0.002812251379658637 -0.0052724965778919945 -0.13715078445887938 0.10150911182654819 0.11132445507569884 -0.095199792449586818 0.00027751530951971584 -0.024086723982966209 -0.12304108741097917 -0.0090325969309601028 0.10226320375125658 -0.0027341133640263141 -0.080036543516153635 0.0017760229785809935 0.01102723665809382
leaf_weight=3037 16643 171385 6044 2247 8629 960 12330 15271 328 1576 8187 5608 3703 21397 1653 4513 3782 1820 1006 4531 5142 12396 14746 6711 3578 1825 2240 8743 10983 68875
leaf_count=3037 16643 171385 6044 2247 8629 960 12330 15271 328 1576 8187 5608 3703 21397 1653 4513 3782 1820 1006 4531 5142 12396 14746 6711 3578 1825 2240 8743 10983 68875
internal_value=-0.003334 0.0018903 -0.0288835 -0.0215444 -0.0171367 -0.022969 -0.00696645 -0.044663 -0.0363971 -0.000377478 -0.0287941 -0.00051714 0.00771668 -0.000751064 0.0141994 -0.038543 -0.0395074 -0.00212139 -0.00193231 -0.00469775 -0.000935702 -0.003883 -0.0083938 -0.0154717 -0.00552412 0.0040966 -0.0235821 -0.000812742 -0.00503397 0.000109669
internal_weight=429889 356918 72971 49822 39996 25419 14577 23149 7878 340275 19056 337046 9311 327735 3229 7550 9826 156350 154530 44532 22069 17538 22463 7717 6363 2785 10869 109998 19726 90272
internal_count=429889 356918 72971 49822 39996 25419 14577 23149 7878 340275 19056 337046 9311 327735 3229 7550 9826 156350 154530 44532 22069 17538 22463 7717 6363 2785 10869 109998 19726 90272
cat_boundaries=0 3 5 7 8 9 10 13 16 19 22 25 28
cat_threshold=184598674 1346371584 2 2147483648 1049088 32898 1077936128 33554432 32768 184565760 805384196 704659616 8 76030272 2232380744 8 814560260 604260440 5 269488132 4096 4 328704 536875024 1 16400 0 2
is_linear=0
shrinkage=0.05


Tree=102
num_leaves=31
num_cat=15
split_feature=0 0 0 1 3 6 0 0 6 0 14 0 6 9 0 9 0 1 0 1 0 12 11 0 3 0 1 0 0 3
split_gain=23293.8 14970.1 3298.16 1533.83 1010.11 861.016 679.501 309.382 319.815 265.291 252.331 318.144 249.689 219.031 376.609 252.818 317.694 417.011 311.183 313.652 498.318 304.825 702.491 351.117 652.248 292.844 273.891 711.046 478.819 234.931
threshold=0 1 2 10.500000000000002 23.500000000000004 1.1666666666666667 3 4 2.5000000000000004 5 125.00000000000001 6 3.5000000000000004 51.500000000000007 7 38.500000000000007 8 10.500000000000002 9 18.500000000000004 10 12.500000000000002 -496.49999999999994 11 24.500000000000004 12 11.500000000000002 13 14 25.500000000000004
decision_type=9 9 9 2 2 2 9 9 2 9 2 9 2 2 9 2 9 2 9 2 9 2 2 9 2 9 2 9 9 2
left_child=2 -2 7 -4 6 9 -5 8 -1 -6 12 -12 13 15 -15 18 -17 25 21 26 -21 22 29 24 -23 -18 28 -28 -20 -3
right_child=1 10 3 4 5 -7 -8 -9 -10 -11 11 -13 -14 14 -16 16 17 -19 19 20 -22 23 -24 -25 -26 -27 27 -29 -30 -31
leaf_value=-0.002671638810675692 3.0891774259611536e-05 0.022512493236303222 -0.0025736263388663528 -0.012369674357929218 -0.0026755457114573389 -0.004678063959935308 -0.0043750542538508524 -0.002671638810675692 0.073106987184549069 -0.0024625395126863128 0.37823135254578699 -0.029002019464600438 0.19507718391678025 -0.079315375803670124 -1.4303348633504243e-05 -0.0066658829324948606 0.0040185019585313063 0.088713734273222628 0.0007085737688806049 -0.11219290431539904 -0.014378375406534217 0.30991348524230955 -0.10346294575176201 0.00022927731736102077 -0.12253429366099021 -0.012901837457027644 0.09643365623522078 -0.011530863228140564 -0.023267598523028666 -0.0082316365257947052
leaf_weight=7550 16643 32577 9826 2247 10869 6363 12330 15271 328 8187 2533 2242 3212 18562 26371 17857 2223 21398 18109 8056 27723 8411 4471 25933 2624 2906 20744 48287 18819 27217
leaf_count=7550 16643 32577 9826 2247 10869 6363 12330 15271 328 8187 2533 2242 3212 18562 26371 17857 2223 21398 18109 8056 27723 8411 4471 25933 2624 2906 20744 48287 18819 27217
internal_value=-0.00332167 0.00194129 -0.0290603 -0.0218033 -0.0174592 -0.0234765 -0.00696645 -0.044663 -0.0363971 -0.0287941 -0.000323993 0.011089 -0.000486438 -0.000620546 -0.00386687 -0.000112927 0.00335707 0.00682632 -0.000746797 -0.00225894 -0.00630677 0.00137047 -0.00071034 0.0049881 0.0124536 -0.00597582 -0.000892326 0.000966957 -0.00436796 0.000719136
internal_weight=429889 356918 72971 49822 39996 25419 14577 23149 7878 19056 340275 4775 335500 332288 44933 287355 44384 26527 242971 141738 35779 101233 64265 36968 11035 5129 105959 69031 36928 59794
internal_count=429889 356918 72971 49822 39996 25419 14577 23149 7878 19056 340275 4775 335500 332288 44933 287355 44384 26527 242971 141738 35779 101233 64265 36968 11035 5129 105959 69031 36928 59794
cat_boundaries=0 3 5 7 8 9 10 12 15 18 21 23 25 28 30 32
cat_threshold=184598674 1346371584 2 2147483648 1049088 32898 1077936128 33554432 32768 184565760 268448768 671105200 268710916 738597009 5 1344012352 220471602 4 8925248 219032002 8 327680 536952833 12352 134481920 75510788 2148012040 8 604045312 570507264 1075053828 2149585968
is_linear=0
shrinkage=0.05


Tree=103
num_leaves=31
num_cat=13
split_feature=0 0 0 1 3 6 0 0 6 0 14 0 6 11 0 1 0 5 5 0 0 1 14 1 0 6 10 1 5 0
split_gain=23347.8 14946 3298.74 1534.18 1009.63 862.29 679.501 309.382 319.815 265.291 238.752 289.692 234.901 194.43 194.292 193.163 186.242 185.393 187.968 327.724 185.282 181.767 169.652 169.101 216.895 186.887 167.284 164.684 140.837 134.04
threshold=0 1 2 10.500000000000002 23.500000000000004 1.1666666666666667 3 4 2.5000000000000004 5 125.00000000000001 6 3.5000000000000004 332.00000000000006 7 9.5000000000000018 8 68.40000000000002 71.15000000000002 9 10 20.500000000000004 89.500000000000014 18.500000000000004 11 2.5000000000000004 19.500000000000004 11.500000000000002 93.100000000000009 12
decision_type=9 9 9 2 2 2 9 9 2 9 2 9 2 2 9 2 9 2 2 9 9 2 2 2 9 2 2 2 2 9
left_child=2 -2 7 15 6 9 -5 8 13 21 12 -12 14 -1 17 -4 -14 20 19 -19 -3 26 -7 24 25 -8 29 -10 -16 -6
right_child=1 10 3 4 5 22 23 -9 27 -11 11 -13 16 -15 28 -17 -18 18 -20 -21 -22 -23 -24 -25 -26 -27 -28 -29 -30 -31
leaf_value=-0.0025380568701419029 2.9347185546590993e-05 0.00095104153207632442 -0.0024449450219230506 -0.011751190640032761 -0.0067449441796612946 -0.0077469004555722259 0.059230133534383805 -0.0025380568701419029 -0.4305483621746784 -0.0023394125370519883 0.35931978491849748 -0.027551918491370488 0.39521257335529114 -0.0025380568701419029 -0.0056522030463552753 -0.0048801904320540769 0.022263041852277256 -0.019864819894196018 0.00072041633567523358 0.14908274801683083 -0.13418543144449943 -0.0024636304102521492 0.27907729102825679 -0.01914761654669328 -0.014831391987813981 0.34851081025705266 -0.0020704907220220558 0.069451637825321641 -0.060720597154853451 -0.0047498229164726798
leaf_weight=3037 16643 1625 6044 2247 2450 5933 4534 15271 97 8187 2533 2242 1559 4513 157815 3782 1653 2083 159251 6490 1656 2240 430 3854 3518 424 3158 231 3368 3021
leaf_count=3037 16643 1625 6044 2247 2450 5933 4534 15271 97 8187 2533 2242 1559 4513 157815 3782 1653 2083 159251 6490 1656 2240 430 3854 3518 424 3158 231 3368 3021
internal_value=-0.0032905 0.00197855 -0.0290589 -0.0218013 -0.0174567 -0.0234726 -0.00696645 -0.044663 -0.0363971 -0.0287941 -0.000284908 0.0108168 -0.000442921 -0.038543 -0.000572997 -0.0395074 0.0130137 0.000600473 0.000830632 0.00804269 -0.0111704 -0.0235821 -0.00753575 -0.00234198 0.00160453 0.00833333 -0.0203094 0.0118902 -0.00181863 -0.0255986
internal_weight=429889 356918 72971 49822 39996 25419 14577 23149 7878 19056 340275 4775 335500 7550 332288 9826 3212 171105 167824 8573 3281 10869 6363 12330 8476 4958 8629 328 161183 5471
internal_count=429889 356918 72971 49822 39996 25419 14577 23149 7878 19056 340275 4775 335500 7550 332288 9826 3212 171105 167824 8573 3281 10869 6363 12330 8476 4958 8629 328 161183 5471
cat_boundaries=0 3 5 7 8 9 10 12 15 18 20 22 24 25
cat_threshold=184598674 1346371584 2 2147483648 1049088 32898 1077936128 33554432 32768 184565760 268448768 671105200 75571456 118451656 8 814560260 604260440 5 0 83264 8462336 33957960 16793600 268435456 150994944
is_linear=0
shrinkage=0.05


Tree=104
num_leaves=31
num_cat=10
split_feature=0 0 0 1 3 6 0 0 6 0 6 14 0 11 1 0 1 9 0 2 3 5 1 3 2 3 10 12 9 0
split_gain=23483.7 14894.8 3294.1 1531.4 1013.48 852.121 679.501 309.382 319.815 265.291 229.113 203.606 241.345 194.43 193.163 189.876 181.767 181.194 368.02 240.356 525.408 435.022 428.479 441.85 394.592 342.578 332.074 322.239 357.078 345.488
threshold=0 1 2 10.500000000000002 23.500000000000004 1.1666666666666667 3 4 2.5000000000000004 5 3.5000000000000004 125.00000000000001 6 332.00000000000006 9.5000000000000018 7 20.500000000000004 51.500000000000007 8 1.5000000000000002 29.500000000000004 89.40000000000002 18.500000000000004 26.500000000000004 2.5000000000000004 30.500000000000004 3.5000000000000004 13.750000000000002 3.5000000000000004 9
decision_type=9 9 9 2 2 2 9 9 2 9 2 2 9 2 2 9 2 2 9 2 2 2 2 2 2 2 2 2 2 9
left_child=2 -2 7 14 6 9 -5 8 13 16 11 17 -13 -1 -4 -12 -6 19 -19 20 22 -22 23 -3 27 -23 -26 28 -21 -30
right_child=1 10 3 4 5 -7 -8 -9 -10 -11 15 12 -14 -15 -16 -17 -18 18 -20 24 21 25 -24 -25 26 -27 -28 -29 29 -31
leaf_value=-0.0024111540266348098 2.7879826269305853e-05 -0.0021845503231893828 -0.0023226977708269204 -0.011163631108031114 -0.0039620874491095746 -0.0040568157391598801 -0.0049518176874187251 -0.0024111540266348098 0.065979055934055536 -0.0022224419101994019 0.38274702311746051 0.34888446537136542 -0.016262783493990352 -0.0024111540266348098 -0.0046361809104513707 0.025026233243677254 -0.0023404488897395214 -0.086334811502560532 -0.00015200198738813954 -0.13018744837506357 0.11687804018658632 0.063430552358710562 -0.077388356202422959 -0.080541700047026599 0.022346198189897051 -0.036040396565897879 -0.0035581387933124376 0.11933559756210617 0.098365486620037149 -0.0065030958687652077
leaf_weight=3037 16643 41466 6044 2247 8629 6363 12330 15271 328 8187 1412 2426 2332 4513 3782 1817 2240 14859 30074 2009 10221 4511 14287 5277 23665 10465 138776 16036 10635 10007
leaf_count=3037 16643 41466 6044 2247 8629 6363 12330 15271 328 8187 1412 2426 2332 4513 3782 1817 2240 14859 30074 2009 10221 4511 14287 5277 23665 10465 138776 16036 10635 10007
internal_value=-0.00322653 0.00205784 -0.0290699 -0.0218173 -0.0174767 -0.0235041 -0.00696645 -0.044663 -0.0363971 -0.0287941 -0.000201743 -0.000328739 0.00994115 -0.038543 -0.0395074 0.0130536 -0.0235821 -0.000475792 -0.00342844 -1.40941e-05 -0.00222262 0.00385165 -0.00473046 -0.00241427 0.000932739 -0.00157585 -0.000148054 0.00547083 0.00163127 0.00358977
internal_weight=429889 356918 72971 49822 39996 25419 14577 23149 7878 19056 340275 337046 4758 7550 9826 3229 10869 332288 44933 287355 86227 25197 61030 46743 201128 14976 162441 38687 22651 20642
internal_count=429889 356918 72971 49822 39996 25419 14577 23149 7878 19056 340275 337046 4758 7550 9826 3229 10869 332288 44933 287355 86227 25197 61030 46743 201128 14976 162441 38687 22651 20642
cat_boundaries=0 3 5 7 8 9 10 12 15 18 21
cat_threshold=184598674 1346371584 2 2147483648 1049088 32898 1077936128 33554432 32768 184565760 268448768 671105184 814552064 604260440 5 268709892 738592896 5 1678778372 101079192 12
is_linear=0
shrinkage=0.05


Tree=105
num_leaves=31
num_cat=11
split_feature=0 0 0 1 3 6 0 0 6 0 6 11 1 14 0 0 0 1 2 11 0 0 9 5 12 9 10 1 2 11
split_gain=22942.5 14957.1 3407.09 1599.22 922.556 1114.28 679.501 309.382 319.815 265.291 215.681 194.43 193.163 185.613 221.218 194.273 182.468 181.767 175.924 186.576 246.779 216.695 208.189 167.941 190.716 231.226 167.284 164.684 161.752 183.047
threshold=0 1 2 10.500000000000002 23.500000000000004 1.1666666666666667 3 4 2.5000000000000004 5 3.5000000000000004 332.00000000000006 9.5000000000000018 98.000000000000014 6 7 8 20.500000000000004 1.0000000180025095e-35 -1264.9999999999998 9 10 52.500000000000007 71.800000000000026 13.750000000000002 21.500000000000004 19.500000000000004 11.500000000000002 1.0000000180025095e-35 -1224.9999999999998
decision_type=9 9 9 2 2 2 9 9 2 9 2 2 2 2 9 9 9 2 2 2 9 9 2 2 2 2 2 2 2 2
left_child=2 -2 7 12 6 9 -5 8 11 17 13 -1 -4 15 -15 -3 -12 26 -7 20 -20 -21 -23 24 25 -17 -6 -10 -8 -30
right_child=1 10 3 4 5 18 28 -9 27 -11 16 -13 -14 14 -16 23 -18 -19 19 21 -22 22 -24 -25 -26 -27 -28 -29 29 -31
leaf_value=-0.002290596325303085 2.6485834955813915e-05 0.0008014810736813871 -0.0022065628822855567 -0.010605449552629542 -0.0043142273981935375 -0.074055686298139592 -0.024122080089854725 -0.002290596325303085 -0.41231989686264731 -0.0021113198146894166 0.39500455624079794 -0.002290596325303085 -0.0044043718649287916 -0.090962259543918844 0.13244999678070074 -0.053735854688431672 0.021582152500950968 -0.0022234264452525299 0.024502037035499937 -0.0097347402164003061 -0.049673334877777503 0.015521247216812651 -0.14674287874463232 -0.012291187084285138 0.10033195694298024 0.039657927940292485 -0.0017688618134654721 0.062680103137352727 -0.022101617772286322 0.044205012378738841
leaf_weight=3037 16643 167886 6044 2247 5471 403 1894 15271 97 8187 1404 4513 3782 1543 7768 4255 1825 2240 314 542 805 3432 867 145711 5697 4186 3158 231 1314 9122
leaf_count=3037 16643 167886 6044 2247 5471 403 1894 15271 97 8187 1404 4513 3782 1543 7768 4255 1825 2240 314 542 805 3432 867 145711 5697 4186 3158 231 1314 9122
internal_value=-0.00326166 0.00196146 -0.0288054 -0.02143 -0.0169942 -0.0227448 -0.00696645 -0.044663 -0.0363971 -0.0287941 -0.000302834 -0.038543 -0.0395074 -0.000426055 0.00653528 -0.000623827 0.0125581 -0.0235821 -0.00462832 -0.00246644 -0.0208668 0.00178682 0.00555813 -0.00187134 0.00333145 -0.0014394 -0.0203094 0.0118902 -0.00234198 9.58222e-05
internal_weight=429889 356918 72971 49822 39996 25419 14577 23149 7878 19056 340275 7550 9826 337046 9311 327735 3229 10869 6363 5960 1119 4841 4299 159849 14138 8441 8629 328 12330 10436
internal_count=429889 356918 72971 49822 39996 25419 14577 23149 7878 19056 340275 7550 9826 337046 9311 327735 3229 10869 6363 5960 1119 4841 4299 159849 14138 8441 8629 328 12330 10436
cat_boundaries=0 3 5 7 8 9 10 13 16 19 22 23
cat_threshold=184598674 1346371584 2 2147483648 1049088 32898 1077936128 33554432 32768 184565760 9961536 2098257 1 8986880 2232380872 8 814560256 537151576 5 33554432 0 2 33554432
is_linear=0
shrinkage=0.05


Tree=106
num_leaves=31
num_cat=12
split_feature=0 0 0 1 3 6 0 0 6 0 6 11 1 15 14 15 0 0 0 1 9 0 10 1 1 10 0 2 1 0
split_gain=23268.6 14939.3 3325.52 1550.23 966.825 943.148 673.594 309.382 319.815 265.291 202.46 194.43 193.163 183.932 326.786 277.316 333.914 272.061 214.446 181.767 180.594 172.565 167.284 164.684 155.248 219.92 187.143 159.844 151.997 175.337
threshold=0 1 2 10.500000000000002 23.500000000000004 1.1666666666666667 3 4 2.5000000000000004 5 3.5000000000000004 332.00000000000006 9.5000000000000018 0.46666666666666673 24.000000000000004 8.1916666666666682 6 7 8 20.500000000000004 63.500000000000007 9 19.500000000000004 11.500000000000002 18.500000000000004 10.500000000000002 10 5.5000000000000009 17.500000000000004 11
decision_type=9 9 9 2 2 2 9 9 2 9 2 2 2 2 2 2 9 9 9 2 2 9 2 2 2 2 9 2 2 9
left_child=2 -2 7 12 6 9 -5 8 11 19 13 -1 -4 14 18 16 20 -17 -3 22 28 -12 -6 -10 25 26 -8 -27 29 -15
right_child=1 10 3 4 5 -7 24 -9 23 -11 21 -13 -14 15 -16 17 -18 -19 -20 -21 -22 -23 -24 -25 -26 27 -28 -29 -30 -31
leaf_value=-0.0021760665090379216 2.5161543207996574e-05 0.00045980949158801469 -0.0020962347381712656 -0.010075177074998054 -0.0040985160282838605 -0.0046300373130424791 0.097983730977632008 -0.0021760665090379216 -0.39170390201951499 -0.0020057538239549367 0.39945380034828909 -0.0021760665090379216 -0.0041841532716823341 0.21716940412506461 -0.13952505303312401 -0.11196068598515296 -0.0021735389181163356 0.00032008309875712908 -0.011400579204176964 -0.0021122551229899146 -0.17643004204909662 0.026920900234362624 -0.0016804187227922097 0.059546097980485074 -0.016796274207952645 -0.021260573600747845 -0.0071586507814073389 0.093543280205464541 0.016472748844966835 0.059696880721958667
leaf_weight=3037 16643 126586 6044 2247 5471 6363 2975 15271 97 8187 1249 4513 3782 6687 6466 5209 43580 9435 101773 2240 502 1980 3158 231 3854 2639 2119 743 17822 18986
leaf_count=3037 16643 126586 6044 2247 5471 6363 2975 15271 97 8187 1249 4513 3782 6687 6466 5209 43580 9435 101773 2240 502 1980 3158 231 3854 2639 2119 743 17822 18986
internal_value=-0.00327119 0.00198892 -0.0289959 -0.0217089 -0.0173417 -0.0232287 -0.00707622 -0.044663 -0.0363971 -0.0287941 -0.000274035 -0.038543 -0.0395074 -0.000393418 -0.00116406 0.00137692 0.00244185 -0.00499181 -0.000850196 -0.0235821 0.0055139 0.0121864 -0.0203094 0.0118902 -0.00247164 0.00130958 0.00787201 -0.00857481 0.00585929 0.00832197
internal_weight=429889 356918 72971 49822 39996 25419 14577 23149 7878 19056 340275 7550 9826 337046 234825 102221 87577 14644 228359 10869 43997 3229 8629 328 12330 8476 5094 3382 43495 25673
internal_count=429889 356918 72971 49822 39996 25419 14577 23149 7878 19056 340275 7550 9826 337046 234825 102221 87577 14644 228359 10869 43997 3229 8629 328 12330 8476 5094 3382 43495 25673
cat_boundaries=0 3 5 7 8 9 10 13 16 19 22 24 26
cat_threshold=184598674 1346371584 2 2147483648 1049088 32898 1077936128 33554432 32768 184565760 67182916 673598696 13 1141125188 201408576 4 545858816 2400133512 8 814552064 280664 5 16793600 268435456 8192 537018400
is_linear=0
shrinkage=0.05


Tree=107
num_leaves=31
num_cat=12
split_feature=0 0 0 1 3 6 0 0 6 0 11 1 6 1 0 0 1 14 0 10 1 1 10 0 2 0 3 5 0 11
split_gain=23262.1 14929.7 3333.69 1555.13 978.357 943.148 678.761 309.382 319.815 265.291 194.43 193.163 192.037 282.383 274.987 227.94 181.767 170.576 212.571 167.284 164.684 155.612 212.084 187.143 155.263 152.939 219.871 279.367 151.614 148.739
threshold=0 1 2 10.500000000000002 23.500000000000004 1.1666666666666667 3 4 2.5000000000000004 5 332.00000000000006 9.5000000000000018 2.5000000000000004 19.500000000000004 6 7 20.500000000000004 125.00000000000001 8 19.500000000000004 11.500000000000002 18.500000000000004 10.500000000000002 9 5.5000000000000009 10 21.500000000000004 68.40000000000002 11 295.00000000000006
decision_type=9 9 9 2 2 2 9 9 2 9 2 2 2 2 9 9 2 2 9 2 2 2 2 9 2 9 2 2 9 2
left_child=2 -2 7 11 6 9 -5 8 10 16 -1 -4 17 15 -15 -14 19 25 -19 -6 -10 22 23 -8 -24 26 27 -3 -29 -28
right_child=1 12 3 4 5 -7 21 -9 20 -11 -12 -13 13 14 -16 -17 -18 18 -20 -21 -22 -23 24 -25 -26 -27 29 28 -30 -31
leaf_value=-0.0020672631835860324 2.3903466047592304e-05 -0.14340296688317553 -0.0019914230012627156 -0.0095714182212481638 -0.0038935902268696591 -0.0043985354473903724 0.093084544428750429 -0.0020672631835860324 -0.37211870691853921 -0.0019054661327571943 -0.0020672631835860324 -0.0039749456080982347 0.21925125816706023 0.23369767778177924 -0.13651487447106572 0.0067530350335609059 -0.0020066423668404277 0.29255100273666346 -0.025502614042777341 -0.0015963977866526148 0.056568793081460816 -0.015956460497555013 -0.020197544920710443 -0.0068007182423369455 0.088866116195191316 0.00022795562260520265 -0.01302264053574085 0.083916699798005742 -0.0033815861380263714 -0.029213967996054715
leaf_weight=3037 16643 1040 6044 2247 5471 6363 2975 15271 97 8187 4513 3782 5435 590 2016 5379 2240 2462 2238 3158 231 3854 2639 2119 743 217645 57183 11024 10029 25234
leaf_count=3037 16643 1040 6044 2247 5471 6363 2975 15271 97 8187 4513 3782 5435 590 2016 5379 2240 2462 2238 3158 231 3854 2639 2119 743 217645 57183 11024 10029 25234
internal_value=-0.00325561 0.00200377 -0.0289767 -0.0216808 -0.0173067 -0.0232287 -0.00698017 -0.044663 -0.0363971 -0.0287941 -0.038543 -0.0395074 -0.00025846 0.00560358 -0.00917114 0.00916405 -0.0235821 -0.000499151 0.00895745 -0.0203094 0.0118902 -0.00235818 0.00142756 0.00787201 -0.00827912 -0.000637116 -0.00220915 0.00222016 0.00346981 -0.00339675
internal_weight=429889 356918 72971 49822 39996 25419 14577 23149 7878 19056 7550 9826 340275 13420 2606 10814 10869 326855 4700 8629 328 12330 8476 5094 3382 322155 104510 22093 21053 82417
internal_count=429889 356918 72971 49822 39996 25419 14577 23149 7878 19056 7550 9826 340275 13420 2606 10814 10869 326855 4700 8629 328 12330 8476 5094 3382 322155 104510 22093 21053 82417
cat_boundaries=0 3 5 7 8 9 10 13 16 18 20 23 26
cat_threshold=184598674 1346371584 2 2147483648 1049088 32898 1077936128 33554432 32768 184565760 277348612 17041408 4 276902980 2753906952 5 268448768 671105200 16793600 268435456 1342443588 538972179 5 268439620 536870928 4
is_linear=0
shrinkage=0.05


Tree=108
num_leaves=31
num_cat=12
split_feature=0 0 0 1 3 6 0 0 6 0 11 1 1 7 0 9 0 2 2 0 3 0 0 5 0 9 9 2 5 3
split_gain=23204.9 14929.6 3350.06 1564.95 985.904 959.217 684.69 309.382 319.815 265.291 194.43 193.163 181.767 177.174 382.454 253.667 399.848 307.737 405.288 693.162 353.08 455.573 340.033 287.962 274.297 367.874 248.175 231.049 213.702 295.886
threshold=0 1 2 10.500000000000002 23.500000000000004 1.1666666666666667 3 4 2.5000000000000004 5 332.00000000000006 9.5000000000000018 20.500000000000004 1.0000000180025095e-35 6 2.5000000000000004 7 4.5000000000000009 5.5000000000000009 8 21.500000000000004 9 10 74.65000000000002 11 60.500000000000007 36.500000000000007 1.5000000000000002 86.250000000000014 23.500000000000004
decision_type=9 9 9 2 2 2 9 9 2 9 2 2 2 2 9 2 9 2 2 9 2 9 9 2 9 2 2 2 2 2
left_child=2 -2 7 11 6 9 -5 8 10 12 -1 -4 -6 15 -15 16 -3 24 19 -19 22 -22 -20 -18 25 27 -23 28 29 -17
right_child=1 13 3 4 5 -7 -8 -9 -10 -11 -12 -13 -14 14 -16 17 23 18 20 -21 21 26 -24 -25 -26 -27 -28 -29 -30 -31
leaf_value=-0.0019639000244067173 2.2708292745221571e-05 0.083219908980787516 -0.0018918518511995776 -0.0090928473101857584 -0.0035116991605085969 -0.0041786086750208893 -0.0029650019525087282 -0.0019639000244067173 0.053740353427387789 -0.0018101928261193391 -0.0019639000244067173 -0.0037761983276933366 -0.0019063102484984107 0.0044004415792946892 -0.10786327293438128 0.015557649695811283 -0.03976798091577969 -0.12631334796404606 0.22220689490579684 -0.012368944870605959 -0.058774013848910303 -0.0064781435131194172 0.00028523726498113077 0.024649296241284181 -0.0021758802232145769 -0.084995617472584328 0.02586106402284969 0.05800397658177197 0.04230643037431854 -0.084859949048832831
leaf_weight=3037 16643 8511 6044 2247 8629 6363 12330 15271 328 8187 4513 3782 2240 7746 7554 9168 6217 8810 3393 32696 11490 10409 3591 8498 146069 4798 8871 43374 11494 7586
leaf_count=3037 16643 8511 6044 2247 8629 6363 12330 15271 328 8187 4513 3782 2240 7746 7554 9168 6217 8810 3393 32696 11490 10409 3591 8498 146069 4798 8871 43374 11494 7586
internal_value=-0.00324886 0.00200405 -0.0289384 -0.0216247 -0.0172367 -0.0231815 -0.00687041 -0.044663 -0.0363971 -0.0287941 -0.038543 -0.0395074 -0.0235821 -0.000258166 -0.00551634 -1.06162e-05 0.00502454 -0.000398179 -0.00307343 -0.0064834 0.000675425 -0.00162821 0.0108247 3.05603e-05 0.000554859 0.00298181 0.00306895 0.00388009 0.000361088 -0.00324102
internal_weight=429889 356918 72971 49822 39996 25419 14577 23149 7878 19056 7550 9826 10869 340275 15300 324975 23226 301749 79260 41506 37754 30770 6984 14715 222489 76420 19280 71622 28248 16754
internal_count=429889 356918 72971 49822 39996 25419 14577 23149 7878 19056 7550 9826 10869 340275 15300 324975 23226 301749 79260 41506 37754 30770 6984 14715 222489 76420 19280 71622 28248 16754
cat_boundaries=0 3 5 7 8 9 10 13 15 18 21 24 27
cat_threshold=184598674 1346371584 2 2147483648 1049088 32898 1077936128 33554432 32768 184565760 1677721920 2869569009 8 344785920 664826 787456 536875096 1 336605508 33953920 4 336146500 671889496 9 9515008 101140488 4
is_linear=0
shrinkage=0.05


Tree=109
num_leaves=31
num_cat=12
split_feature=0 0 0 1 6 4 0 11 0 0 6 0 2 0 11 14 15 15 0 1 0 0 11 0 3 6 5 6 3 5
split_gain=22635.4 14988.8 3475.31 1640.33 974.226 1228.52 445.69 327.637 380.551 309.382 319.815 237.802 222.338 220.651 194.43 193.726 646.957 245.389 277.297 193.163 191.424 186.058 194.706 412.481 323.477 297.367 207.082 181.996 174.704 167.401
threshold=0 1 2 10.500000000000002 1.1666666666666667 5.5000000000000009 3 -1264.9999999999998 4 5 2.5000000000000004 6 5.5000000000000009 7 332.00000000000006 28.500000000000004 0.17500000000000002 3.6583333333333337 8 9.5000000000000018 9 10 359.50000000000006 11 24.500000000000004 0.83333333333333337 85.700000000000003 2.5000000000000004 22.500000000000004 71.15000000000002
decision_type=9 9 9 2 2 2 9 2 9 9 2 9 2 9 2 2 2 2 9 2 9 9 2 9 2 2 2 2 2 2
left_child=2 -2 9 19 5 6 -5 13 28 10 14 -7 29 -6 -1 21 -17 18 -18 -4 -19 22 23 24 -3 -24 -27 -10 -9 -8
right_child=1 15 3 4 7 11 12 8 27 -11 -12 -13 -14 -15 -16 16 17 20 -20 -21 -22 -23 25 -25 -26 26 -28 -29 -30 -31
leaf_value=-0.0018657050231863704 2.1572878107978257e-05 0.48258332911523283 -0.0017972592586395831 -0.0086382049446764864 0.023937294255497621 -0.0018891327517057911 0.039665418555405646 0.00482710040764971 7.7962317631818942e-05 -0.0018657050231863704 0.051053335756018385 -0.00171968318481337 0.084571060483057181 -0.027155831811330966 -0.0018657050231863704 -0.1971088517977222 0.17307080585718071 0.036394585134354784 0.022497927250746487 -0.0035873884113086785 -0.023549328746242895 -0.00957700746568837 -0.22401071216865384 0.00064590581760806123 0.035333877983378059 0.00090368450851143758 -0.0470362025470362 0.31110647126170898 -0.0092134384835759423 -0.019430040587942
leaf_weight=3037 16643 3622 6044 1652 190 11263 1995 203 5255 15271 328 8437 1352 1442 4513 4429 10667 10929 19187 3782 14481 128315 1708 108452 4295 23656 10534 1058 1239 5910
leaf_count=3037 16643 3622 6044 1652 190 11263 1995 203 5255 15271 328 8437 1352 1442 4513 4429 10667 10929 19187 3782 14481 128315 1708 108452 4295 23656 10534 1058 1239 5910
internal_value=-0.00327561 0.00191243 -0.0286479 -0.0211992 -0.0167067 -0.0210281 -0.00756715 -0.00261532 0.00166989 -0.044663 -0.0363971 -0.0284822 -0.00327506 -0.0229779 -0.038543 -0.000354262 0.00223226 0.00370585 0.00677966 -0.0395074 9.4451e-05 -0.000904548 0.000277455 0.00127053 0.0122808 -0.00294167 -0.00192454 0.00696663 -0.0214187 -0.00648324
internal_weight=429889 356918 72971 49822 39996 30609 10909 9387 7755 23149 7878 19700 9257 1632 7550 340275 59693 55264 29854 9826 25410 280582 152267 116369 7917 35898 34190 6313 1442 7905
internal_count=429889 356918 72971 49822 39996 30609 10909 9387 7755 23149 7878 19700 9257 1632 7550 340275 59693 55264 29854 9826 25410 280582 152267 116369 7917 35898 34190 6313 1442 7905
cat_boundaries=0 3 5 7 8 9 10 11 14 17 20 22 24
cat_threshold=184598674 1346371584 2 2147483648 1049088 32898 1077936128 33554432 167772160 32768 184565760 0 0 2 12548 52773096 4 1619591424 2720475274 9 613950720 2366514632 8912896 262144
is_linear=0
shrinkage=0.05


Tree=110
num_leaves=31
num_cat=13
split_feature=0 0 0 1 3 6 0 0 6 0 11 1 1 6 11 0 0 5 0 5 0 0 11 0 10 1 2 10 3 0
split_gain=22481.6 14975.4 3529.78 1673.23 1016.9 1199.93 735.344 309.382 319.815 265.291 194.43 193.163 181.767 177.034 172.525 281.223 178.781 171.377 369.028 278.6 575.548 187.078 179.972 168.033 167.284 164.684 160.861 156.197 253.628 256.804
threshold=0 1 2 10.500000000000002 23.500000000000004 1.1666666666666667 3 4 2.5000000000000004 5 332.00000000000006 9.5000000000000018 20.500000000000004 3.5000000000000004 -1254.9999999999998 6 7 68.40000000000002 8 71.15000000000002 9 10 555.00000000000011 11 19.500000000000004 11.500000000000002 2.5000000000000004 1.5000000000000002 25.500000000000004 12
decision_type=9 9 9 2 2 2 9 9 2 9 2 2 2 2 2 9 9 2 9 2 9 9 2 9 2 2 2 2 2 9
left_child=2 -2 7 11 6 9 -5 8 10 12 -1 -4 24 17 15 -7 -16 18 26 20 -19 22 -21 -22 -6 -10 -3 28 -23 -30
right_child=1 13 3 4 5 14 -8 -9 25 -11 -12 -13 -14 -15 16 -17 -18 19 -20 21 23 27 -24 -25 -26 -27 -28 -29 29 -31
leaf_value=-0.0017724197720270674 2.0494234202583783e-05 -0.16322286500025873 -0.0017073962957076195 -0.0082062946974426516 -0.0034288691199154454 0.017751246974688419 -0.0053409302031975697 -0.0017724197720270674 -0.35875245603178263 -0.0016336990255727104 -0.0017724197720270674 -0.0034080189907432336 -0.0017165380984881741 0.16387664970993507 -0.0081269722096288365 -0.044773990287380452 7.4064201750267955e-05 0.169277050778045 0.016551107560745137 0.0027433558024576145 -0.19721583682729626 -0.0053880230570278803 -0.012660943719203033 0.0035517755371497375 -0.0012465363017092558 0.048500668968217475 -0.073096893756738265 -0.0060529498240185836 -0.19053625780915884 -0.024110284327546472
leaf_weight=3037 16643 1618 6044 2247 5471 338 12330 15271 97 8187 4513 3782 2240 3229 778 906 4341 6823 3085 141521 1249 8516 16993 8613 3158 231 1684 141044 3072 2828
leaf_count=3037 16643 1618 6044 2247 5471 338 12330 15271 97 8187 4513 3782 2240 3229 778 906 4341 6823 3085 141521 1249 8516 16993 8613 3158 231 1684 141044 3072 2828
internal_value=-0.00323723 0.00193316 -0.0285232 -0.0210166 -0.0164791 -0.0225166 -0.00595116 -0.044663 -0.0363971 -0.0287941 -0.038543 -0.0395074 -0.0235821 -0.000332515 -0.0037168 -0.020418 0.000341864 -0.000444153 -0.00855644 -0.000287456 0.00600839 -0.000622026 0.000586662 -0.00172204 -0.0203094 0.0118902 -0.0201389 -0.00185438 -0.00681188 -0.0147797
internal_weight=429889 356918 72971 49822 39996 25419 14577 23149 7878 19056 7550 9826 10869 340275 6363 1244 5119 337046 6387 330659 16685 313974 158514 9862 8629 328 3302 155460 14416 5900
internal_count=429889 356918 72971 49822 39996 25419 14577 23149 7878 19056 7550 9826 10869 340275 6363 1244 5119 337046 6387 330659 16685 313974 158514 9862 8629 328 3302 155460 14416 5900
cat_boundaries=0 3 5 7 8 9 10 13 14 17 20 23 25 28
cat_threshold=184598674 1346371584 2 2147483648 1049088 32898 1077936128 33554432 32768 184565760 33554432 0 2 167772160 1954558272 84497665 12 1141911620 251926544 4 545267968 2232380904 8 0 2147565568 269816836 536870914 5
is_linear=0
shrinkage=0.05


Tree=111
num_leaves=31
num_cat=10
split_feature=0 0 0 1 3 6 0 0 6 0 11 1 1 11 0 0 14 15 15 0 10 1 0 5 10 5 5 9 2 2
split_gain=22507.7 14948 3540.6 1679.77 1029.45 1202.94 741.512 309.382 319.815 265.291 194.43 193.163 181.767 173.175 281.223 175.292 172.631 482.929 237.006 257.338 167.284 164.684 145.962 180.121 148.312 160.83 144.387 178.633 155.358 143.111
threshold=0 1 2 10.500000000000002 23.500000000000004 1.1666666666666667 3 4 2.5000000000000004 5 332.00000000000006 9.5000000000000018 20.500000000000004 -1254.9999999999998 6 7 41.500000000000007 0.17500000000000002 3.4916666666666671 8 19.500000000000004 11.500000000000002 9 89.050000000000026 1.5000000000000002 75.250000000000014 68.40000000000002 5.5000000000000009 5.5000000000000009 1.0000000180025095e-35
decision_type=9 9 9 2 2 2 9 9 2 9 2 2 2 2 9 9 2 2 2 9 2 2 9 2 2 2 2 2 2 2
left_child=2 -2 7 11 6 9 -5 8 10 12 -1 -4 20 14 -7 -15 22 -18 19 -19 -6 -10 23 24 25 -3 -8 28 -28 -17
right_child=1 16 3 4 5 13 26 -9 21 -11 -12 -13 -14 15 -16 29 17 18 -20 -21 -22 -23 -24 -25 -26 -27 27 -29 -30 -31
leaf_value=-0.0016837987834257273 1.946952249243239e-05 0.00027005463342968385 -0.001622026480922223 -0.00779597996257051 -0.0032574256639196887 0.016863684625954001 -0.08275920095885346 -0.0016837987834257273 -0.34081483323019351 -0.0015520140742940837 -0.0016837987834257273 -0.0032376180412060588 -0.0016307111935637498 -0.0077206235991473804 -0.042535290773011436 -0.079209503981805263 -0.23204966329677523 -0.051624327439542129 0.0010210258465008337 0.13081246991345594 -0.0011842094866238108 0.046075635519806646 -0.0004525594910107511 -0.072275618950518969 -0.0033024611501701884 -0.13709611841615885 -0.028188243621316913 0.011653056827778042 0.080609553969064246 0.0065002251226836455
leaf_weight=3037 16643 2096 6044 2247 5471 338 657 15271 97 8187 4513 3782 2240 778 906 274 2610 1296 15092 15644 3158 231 258750 8800 33511 2476 2026 9327 320 4067
leaf_count=3037 16643 2096 6044 2247 5471 338 657 15271 97 8187 4513 3782 2240 778 906 274 2610 1296 15092 15644 3158 231 258750 8800 33511 2476 2026 9327 320 4067
internal_value=-0.00319792 0.00197547 -0.0284985 -0.0209805 -0.0164341 -0.0225088 -0.00584139 -0.044663 -0.0363971 -0.0287941 -0.038543 -0.0395074 -0.0235821 -0.00368537 -0.020418 0.000380934 -0.000288141 0.00305698 0.00474213 0.00880165 -0.0203094 0.0118902 -0.000667304 -0.00323396 -0.00174487 -0.0101925 -0.00101297 0.000269854 -0.0120631 0.00430935
internal_weight=429889 356918 72971 49822 39996 25419 14577 23149 7878 19056 7550 9826 10869 6363 1244 5119 340275 34642 32032 16940 8629 328 305633 46883 38083 4572 12330 11673 2346 4341
internal_count=429889 356918 72971 49822 39996 25419 14577 23149 7878 19056 7550 9826 10869 6363 1244 5119 340275 34642 32032 16940 8629 328 305633 46883 38083 4572 12330 11673 2346 4341
cat_boundaries=0 3 5 7 8 9 10 13 14 16 19
cat_threshold=184598674 1346371584 2 2147483648 1049088 32898 1077936128 33554432 32768 184565760 33554432 0 2 167772160 613941248 2217214210 268701700 4096 5
is_linear=0
shrinkage=0.05


Tree=112
num_leaves=31
num_cat=11
split_feature=0 0 0 1 3 6 0 0 0 6 1 11 2 5 6 11 2 0 0 2 9 1 0 1 5 0 5 3 0 1
split_gain=22528.3 14940.8 3539.4 1593.28 1011.34 848.534 728.144 393.626 309.382 319.815 212.113 194.43 174.106 174.046 198.009 184.965 165.567 552.016 247.11 291.06 254.471 268.527 303.933 282.971 226.75 240.741 219.491 216.156 455.206 245.004
threshold=0 1 2 9.5000000000000018 23.500000000000004 1.1666666666666667 3 4 5 2.5000000000000004 20.500000000000004 332.00000000000006 1.0000000180025095e-35 68.40000000000002 0.83333333333333337 -1204.9999999999998 1.0000000180025095e-35 6 7 4.5000000000000009 1.5000000000000002 10.500000000000002 8 19.500000000000004 82.90000000000002 9 68.40000000000002 23.500000000000004 10 12.500000000000002
decision_type=9 9 9 2 2 2 9 9 9 2 2 2 2 2 2 2 2 9 9 2 2 2 9 2 2 9 2 2 9 2
left_child=2 -2 8 -4 6 7 -5 10 9 11 -6 -1 -8 -14 -15 -16 17 -3 19 20 -18 22 -22 26 25 -25 -23 29 -29 -28
right_child=1 16 3 4 5 -7 12 -9 -10 -11 -12 -13 13 14 15 -17 18 -19 -20 -21 21 23 -24 24 -26 -27 27 28 -30 -31
leaf_value=-0.00159960884425443 1.8496046367832975e-05 0.0088758868759249761 -0.001540925156876094 -0.011053216871089379 -0.0030757371391457512 -0.0058262565747425835 -0.028725496362257897 -0.0014744133705793861 -0.00159960884425443 0.043771853743816362 -0.0015491756338855468 -0.00159960884425443 -0.078621240910910745 -0.026778831440251061 -0.017834413139563712 0.048168273223688024 -0.11964381176562977 -0.035907481798645689 -0.0023470915227798541 -0.0052808050094911964 0.11395744731059763 -0.12231937435113878 -0.010085975322125141 -0.18525647895177288 0.054285494402824069 -0.0011244350536914638 0.010993170284042187 0.17510690236962587 0.0049553591734881053 0.25746182203539886
leaf_weight=3037 16643 21650 6044 2452 9610 6959 2097 8985 15271 328 2240 4513 715 1606 1126 7988 1999 29160 198704 30459 3428 1255 7362 1852 5504 4372 2343 10904 13112 8171
leaf_count=3037 16643 21650 6044 2452 9610 6959 2097 8985 15271 328 2240 4513 715 1606 1126 7988 1999 29160 198704 30459 3428 1255 7362 1852 5504 4372 2343 10904 13112 8171
internal_value=-0.00318908 0.00198668 -0.0285013 -0.0209845 -0.0176664 -0.0234295 -0.00764515 -0.0284785 -0.044663 -0.0363971 -0.0224199 -0.038543 -0.00308669 -0.000660254 0.000932836 0.00378539 -0.000276386 -0.00290888 0.000185687 0.00234712 0.00435972 0.00496115 -0.00215941 0.0065782 -0.000162005 -0.00669987 0.0087872 0.00953374 0.00691622 0.0155126
internal_weight=429889 356918 72971 49822 43778 27794 15984 20835 23149 7878 11850 7550 13532 11435 10720 9114 340275 50810 289465 90761 60302 58303 10790 47513 11728 6224 35785 34530 24016 10514
internal_count=429889 356918 72971 49822 43778 27794 15984 20835 23149 7878 11850 7550 13532 11435 10720 9114 340275 50810 289465 90761 60302 58303 10790 47513 11728 6224 35785 34530 24016 10514
cat_boundaries=0 3 5 7 8 9 10 13 16 18 20 23
cat_threshold=184598674 1346371584 2 2147483648 1049088 32898 1077936128 33554432 184565760 32768 9241600 673981818 8 545271808 2215069824 4 12288 67371008 8192 67190784 536870912 213120 4
is_linear=0
shrinkage=0.05


Tree=113
num_leaves=31
num_cat=10
split_feature=0 0 0 1 6 4 11 0 0 0 6 11 0 0 6 11 1 1 10 10 1 2 9 10 14 15 0 8 0 15
split_gain=21547.2 14944.2 3837.81 1725.07 840.175 1054.61 599.336 480.812 326.363 309.382 319.815 278.195 367.685 220.651 206.469 194.43 183.117 174.026 174.155 172.873 164.684 164.67 165.129 163.141 160.525 244.931 221.576 243.199 175.971 158.716
threshold=0 1 2 9.5000000000000018 1.1666666666666667 5.5000000000000009 664.50000000000011 3 4 5 2.5000000000000004 -1264.9999999999998 6 7 2.5000000000000004 332.00000000000006 17.500000000000004 20.500000000000004 19.500000000000004 6.5000000000000009 11.500000000000002 5.5000000000000009 5.5000000000000009 2.5000000000000004 60.500000000000007 0.17500000000000002 8 1.0000000180025095e-35 9 4.1750000000000016
decision_type=9 9 9 2 2 2 2 9 9 9 2 2 9 9 2 2 2 2 2 2 2 2 2 2 2 2 9 2 9 2
left_child=2 -2 9 -4 5 7 8 16 17 10 15 13 19 -6 -14 -1 -5 18 -7 -13 -12 22 -9 -24 -3 -26 27 29 -29 -27
right_child=1 24 3 4 11 6 -8 21 -10 -11 20 12 14 -15 -16 -17 -18 -19 -20 -21 -22 -23 23 -25 25 26 -28 28 -30 -31
leaf_value=-0.0015196284020416952 1.7571244049463532e-05 -0.0015434379577064839 -0.0014638788990323005 -0.0068535201208875136 0.02130099579142777 -0.002940767523766397 3.5747217025994264e-05 -0.02634664939646543 -0.0014006927020504103 -0.0015196284020416952 -0.32596268425587466 0.0018617253948538526 3.6662564265643741e-05 -0.021141263339007656 0.29282712770621 -0.0015196284020416952 -0.0068535201208875136 -0.0014717168521912517 -0.00097121215533531042 -0.02967243777088795 0.041583261056625534 0.074170662609426688 0.18479380064010531 -0.016382259039758828 -0.20643642816434921 0.21563737339866834 -0.018982002810543009 0.15915246212449158 -0.16644741139745278 0.039672348154444939
leaf_weight=3037 16643 319482 6044 1730 190 6459 265 2008 9006 15271 97 444 5809 1442 1197 4513 943 2288 3542 1189 231 1366 1040 4860 1576 7573 4925 565 1609 4545
leaf_count=3037 16643 319482 6044 1730 190 6459 265 2008 9006 15271 97 444 5809 1442 1197 4513 943 2288 3542 1189 231 1366 1040 4860 1576 7573 4925 565 1609 4545
internal_value=-0.00308045 0.00198135 -0.0278353 -0.0200092 -0.0165563 -0.0203913 -0.0269944 -0.00847493 -0.0279244 -0.044663 -0.0363971 -0.00404537 -0.000468804 -0.0229779 0.00451824 -0.038543 -0.0271152 -0.0225506 -0.019723 -0.021759 0.0118902 -0.0030698 -0.00584219 -0.00162712 -0.00028197 0.0039749 0.00552896 0.00867711 -0.00671573 0.0114458
internal_weight=429889 356918 72971 49822 43778 33507 21560 11947 21295 23149 7878 10271 8639 1632 7006 7550 2673 12289 10001 1633 328 9274 7908 5900 340275 20793 19217 14292 2174 12118
internal_count=429889 356918 72971 49822 43778 33507 21560 11947 21295 23149 7878 10271 8639 1632 7006 7550 2673 12289 10001 1633 328 9274 7908 5900 340275 20793 19217 14292 2174 12118
cat_boundaries=0 3 5 7 8 9 10 11 14 17 19
cat_threshold=184598674 1346371584 2 2147483648 1049088 32898 1077936128 33554448 184565760 32768 167772160 0 0 2 805384196 671697312 5 0 671091104
is_linear=0
shrinkage=0.05


Tree=114
num_leaves=31
num_cat=11
split_feature=0 0 0 1 6 4 11 0 0 0 6 11 0 0 11 1 6 0 1 10 3 1 2 11 0 14 15 0 8 2
split_gain=21517.6 14941.5 3849.1 1730.06 839.883 1068 599.336 486.885 326.363 309.382 319.815 254.649 341.071 213.355 194.43 183.117 175.924 205.094 174.026 174.155 164.941 164.684 161.583 156.729 222.866 163.944 236.982 213.342 219.539 213.257
threshold=0 1 2 9.5000000000000018 1.1666666666666667 5.5000000000000009 664.50000000000011 3 4 5 2.5000000000000004 -1264.9999999999998 6 7 332.00000000000006 17.500000000000004 2.5000000000000004 8 20.500000000000004 19.500000000000004 22.500000000000004 11.500000000000002 5.5000000000000009 -1404.9999999999998 9 60.500000000000007 0.17500000000000002 10 1.0000000180025095e-35 1.0000000180025095e-35
decision_type=9 9 9 2 2 2 2 9 9 9 2 2 9 9 2 2 2 9 2 2 2 2 2 2 9 2 2 9 2 2
left_child=2 -2 9 -4 5 7 8 15 18 10 14 13 20 -6 -1 -5 -14 -18 19 -7 -13 -12 -9 24 -3 -25 -27 28 -28 -30
right_child=1 23 3 4 11 6 -8 22 -10 -11 21 12 16 -15 -16 -17 17 -19 -20 -21 -22 -23 -24 25 -26 26 27 -29 29 -31
leaf_value=-0.0014436469819396171 1.6692681847008117e-05 0.005704713918189031 -0.001390684954080701 -0.0065108441148431506 0.020235946001856367 -0.0027937291475780947 3.3959856174714531e-05 -0.015770366060694842 -0.0013306580669478763 -0.0014436469819396171 -0.30966455004308097 0.009927596087182345 3.4829436052330469e-05 -0.020084200172057278 -0.0014436469819396171 -0.0065108441148431506 -0.035371883495614223 0.3056578673641287 -0.0013981310095816824 -0.00092265154756856484 -0.0071363658601955931 0.039504098003794223 0.070462129478955318 -0.0011621521997107643 -0.065065489131420892 -0.20192242985943346 0.14325159831059048 -0.02111351874425367 -0.34091602251763364 0.058319769577273563
leaf_weight=3037 16643 2728 6044 1730 190 6459 265 7908 9006 15271 97 218 5809 1442 4513 943 262 935 2288 3542 1415 231 1366 314072 3362 1542 12555 3912 645 1459
leaf_count=3037 16643 2728 6044 1730 190 6459 265 7908 9006 15271 97 218 5809 1442 4513 943 262 935 2288 3542 1415 231 1366 314072 3362 1542 12555 3912 645 1459
internal_value=-0.00307277 0.00198555 -0.0278107 -0.0199731 -0.0165151 -0.0203495 -0.0269944 -0.00835775 -0.0279244 -0.044663 -0.0363971 -0.00400643 -0.000584558 -0.0221201 -0.038543 -0.0271152 0.00421893 0.0216792 -0.0225506 -0.019723 -0.0210895 0.0118902 -0.002919 -0.000277561 -0.0082266 -0.000132711 0.00424352 0.00580744 0.0085725 -0.00636882
internal_weight=429889 356918 72971 49822 43778 33507 21560 11947 21295 23149 7878 10271 8639 1632 7550 2673 7006 1197 12289 10001 1633 328 9274 340275 6090 334185 20113 18571 14659 2104
internal_count=429889 356918 72971 49822 43778 33507 21560 11947 21295 23149 7878 10271 8639 1632 7550 2673 7006 1197 12289 10001 1633 328 9274 340275 6090 334185 20113 18571 14659 2104
cat_boundaries=0 3 5 7 8 9 10 11 14 17 20 23
cat_threshold=184598674 1346371584 2 2147483648 1049088 32898 1077936128 33554448 184565760 32768 167772160 0 0 2 0 0 2 64 50871712 8 805384196 671697056 13
is_linear=0
shrinkage=0.05


Tree=115
num_leaves=31
num_cat=12
split_feature=0 0 0 1 3 6 0 11 0 6 0 11 1 0 0 6 11 9 6 11 2 1 2 0 12 0 11 0 11 0
split_gain=20982.7 15085.7 3419.88 1329.65 738.674 931.282 744.186 649.25 309.382 319.815 270.224 485.771 567.435 294.826 268.601 253.214 222.596 260.776 214.885 194.43 170.638 164.684 156.879 460.65 199.332 377.375 252.986 810.193 439.36 553.424
threshold=0 1 2 9.5000000000000018 23.500000000000004 1.1666666666666667 3 664.50000000000011 4 2.5000000000000004 5 -1134.9999999999998 9.5000000000000018 6 7 0.83333333333333337 -484.99999999999994 44.500000000000007 1.7500000000000002 332.00000000000006 1.0000000180025095e-35 11.500000000000002 1.0000000180025095e-35 8 14.500000000000002 9 -574.99999999999989 10 -810.49999999999989 11
decision_type=9 9 9 2 2 2 9 2 9 2 9 2 2 9 9 2 2 2 2 2 2 2 2 9 2 9 2 9 2 9
left_child=2 -2 3 -1 6 7 -5 14 9 19 11 -3 13 -13 -6 -14 17 20 -19 -4 -17 -11 23 -12 26 -26 28 -28 -24 -30
right_child=1 10 8 4 5 -7 -8 -9 -10 21 22 12 15 -15 -16 16 -18 18 -20 -21 -22 -23 24 -25 25 -27 27 -29 29 -31
leaf_value=-0.0013211507063766615 1.5858047754679917e-05 -0.0014063624747349124 -0.0013714646328426561 -0.0098323378157483717 -0.0028242776409704187 -0.0055385183460213488 -0.0058708971683904656 3.2261863365956603e-05 -0.0013714646328426561 -0.29418132254092688 0.0086333111027496311 -0.015656244127644572 -0.17578562884304283 -0.0012051011938977842 -0.0012641251636004826 -0.0026540426901991766 -0.0065598519303172072 2.5289504251446718e-05 0.0067023101929102324 -0.0013714646328426561 2.5289504251446718e-05 0.037528893103604501 -0.0013642912632439775 -0.033970038090181731 0.15191438508159189 -0.0015222827583265541 -0.025045459761179802 -0.0008249735604783482 0.21434942779453198 0.019023638028766145
leaf_weight=5016 16643 2367 3037 2452 7957 5578 10812 259 15271 97 20393 1065 695 1028 8726 417 8096 678 366 4513 2718 231 104591 29160 7269 10023 13360 103983 5790 37298
leaf_count=5016 16643 2367 3037 2452 7957 5578 10812 259 15271 97 20393 1065 695 1028 8726 417 8096 678 366 4513 2718 231 104591 29160 7269 10023 13360 103983 5790 37298
internal_value=-0.00288319 0.00173494 -0.0293055 -0.0205832 -0.0172088 -0.022722 -0.00784831 -0.0285563 -0.044663 -0.0363971 -0.000481668 -0.00654817 -0.00324305 -0.0274009 -0.0297758 0.000655359 0.00231772 0.0116894 0.0333333 -0.038543 0.00448166 0.0118902 -0.000162862 -0.00275765 0.000292582 0.00549387 -4.67886e-05 -0.00177982 0.00133025 0.00557928
internal_weight=429889 365940 63949 40800 35784 22520 13264 16942 23149 7878 349297 17430 15063 2093 16683 12970 12275 4179 1044 7550 3135 328 331867 49553 282314 17292 265022 117343 147679 43088
internal_count=429889 365940 63949 40800 35784 22520 13264 16942 23149 7878 349297 17430 15063 2093 16683 12970 12275 4179 1044 7550 3135 328 331867 49553 282314 17292 265022 117343 147679 43088
cat_boundaries=0 3 5 8 9 10 11 12 13 16 19 22 24
cat_threshold=184582290 1346371584 2 2147483648 1049088 184549392 268435456 2 33554432 32768 278528 262144 184549376 8979456 673981818 8 1060932 2315274240 4 1677721860 149889 12 1073750016 67108896
is_linear=0
shrinkage=0.05


Tree=116
num_leaves=31
num_cat=11
split_feature=0 0 0 1 6 4 11 0 0 6 0 11 1 0 11 5 3 11 0 11 1 11 1 2 0 0 11 0 1 10
split_gain=20442.2 15053.6 3624.61 1408.93 716.615 883.747 601.68 516.58 309.382 319.815 242.393 503.13 576.52 302.39 214.745 317.464 325.479 204.478 241.909 194.43 183.117 169.378 164.684 160.974 159.293 154.838 183.687 213.177 162.133 166.549
threshold=0 1 2 9.5000000000000018 1.1666666666666667 5.5000000000000009 664.50000000000011 3 4 2.5000000000000004 5 -1134.9999999999998 9.5000000000000018 6 -484.99999999999994 75.250000000000014 30.500000000000004 -1194.9999999999998 7 332.00000000000006 17.500000000000004 -655.49999999999989 11.500000000000002 5.5000000000000009 8 9 -1264.9999999999998 10 18.500000000000004 6.5000000000000009
decision_type=9 9 9 2 2 2 2 9 9 2 9 2 2 9 2 2 2 2 9 2 2 2 2 2 9 9 2 9 2 2
left_child=2 -2 3 -1 5 7 17 20 9 19 11 -3 13 -13 15 -14 -17 24 21 -4 -5 -19 -11 -9 -7 28 27 -27 29 -6
right_child=1 10 8 4 25 6 -8 23 -10 22 -12 12 14 -15 -16 16 -18 18 -20 -21 -22 -23 -24 -25 -26 26 -28 -29 -30 -31
leaf_value=-0.0012550931710578084 1.5065145366932598e-05 -0.0013360443509981669 -0.0013028914012005012 -0.0056936850183135768 0.0015658041791716038 -0.0035645057657778256 3.0648770197672094e-05 -0.012540827036420189 -0.0013028914012005012 -0.27947225641388052 -0.00038298820585591642 -0.014873431921262359 -0.0026553071654117581 -0.0011448461342029148 -0.015812241196324805 2.4025029038865497e-05 -0.00087778344540270228 -0.022960325435216911 -0.0016952599079038677 -0.0013028914012005012 -0.0056936850183135768 -0.011065421081789095 0.035652448448424238 0.067232567863427128 -0.0015878817895481846 0.019501074619064654 0.001455095973997267 -0.018803064246153325 3.8953004199226983e-05 -0.039362441318849584
leaf_weight=5016 16643 2367 3037 1730 387 788 265 6203 15271 97 331867 1065 999 1028 8578 2564 829 2464 10764 4513 943 430 231 1057 2841 190 5417 778 502 1025
leaf_count=5016 16643 2367 3037 1730 387 788 265 6203 15271 97 331867 1065 999 1028 8578 2564 829 2464 10764 4513 943 430 231 1057 2841 190 5417 778 502 1025
internal_value=-0.00277386 0.0017844 -0.0288536 -0.019875 -0.0164012 -0.0202892 -0.027034 -0.00837109 -0.044663 -0.0363971 -0.000429851 -0.00617546 -0.00281152 -0.027162 0.00111796 0.0101093 0.0174035 -0.0281801 -0.0253771 -0.038543 -0.0271152 -0.0123967 0.0118902 -0.00143054 -0.0387297 -0.00352452 0.00022674 -0.0198347 -0.0159563 -0.0247167
internal_weight=429889 365940 63949 40800 35784 27485 17552 9933 23149 7878 349297 17430 15063 2093 12970 4392 3393 17287 13658 7550 2673 2894 328 7260 3629 8299 6385 968 1914 1412
internal_count=429889 365940 63949 40800 35784 27485 17552 9933 23149 7878 349297 17430 15063 2093 12970 4392 3393 17287 13658 7550 2673 2894 328 7260 3629 8299 6385 968 1914 1412
cat_boundaries=0 3 5 8 9 10 11 12 13 14 15 18
cat_threshold=184582290 1346371584 2 2147483648 1049088 184549392 268435456 2 33554448 32768 278528 262144 16777216 167772160 167772160 0 0 2
is_linear=0
shrinkage=0.05


Tree=117
num_leaves=31
num_cat=11
split_feature=0 0 0 1 6 4 11 0 0 6 0 11 1 0 11 0 11 0 9 6 1 11 1 6 0 10 5 9 0 11
split_gain=20445.7 15034.7 3636.83 1413.67 695.392 911.614 601.68 532.806 309.382 319.815 206.724 525.463 602.586 302.39 204.478 241.909 194.43 192.601 310.698 214.885 183.117 169.378 164.684 163.846 159.293 155.164 181.299 196.5 151.258 199.488
threshold=0 1 2 9.5000000000000018 1.1666666666666667 5.5000000000000009 664.50000000000011 3 4 2.5000000000000004 5 -1134.9999999999998 9.5000000000000018 6 -1194.9999999999998 7 332.00000000000006 8 44.500000000000007 1.7500000000000002 17.500000000000004 -655.49999999999989 11.500000000000002 2.5000000000000004 9 3.5000000000000004 76.550000000000011 10.500000000000002 10 -1264.9999999999998
decision_type=9 9 9 2 2 2 2 9 9 2 9 2 2 9 2 9 2 9 2 2 2 2 2 2 9 2 2 2 9 2
left_child=2 -2 3 -1 5 7 14 20 9 16 11 -3 13 -13 24 21 -4 18 23 -20 -5 -16 -11 25 -7 -14 -27 -28 -6 -30
right_child=1 10 8 4 28 6 -8 -9 -10 22 -12 12 17 -15 15 -17 -18 -19 19 -21 -22 -23 -24 -25 -26 26 27 -29 29 -31
leaf_value=-0.0011923385125049092 1.4311888098550442e-05 -0.0012692421334482785 -0.0012377468311404627 -0.0054090007673979201 -0.0035835857754234813 -0.0033862804774889457 2.9116331687806253e-05 -0.0015917391038419383 -0.0012377468311404627 -0.26549864359318648 -0.0003638387955630762 -0.01412976032519926 0.071959872020070925 -0.001087603827492778 -0.02181230916345607 -0.0016104969125086744 -0.0012377468311404627 -0.03248294981551849 2.2823777586911122e-05 0.0063659934318128115 -0.0054090007673979201 -0.01051215002769963 0.033869826026003039 0.79680237240027862 -0.0015084877000707932 -0.0026565084168637121 2.2823777586911122e-05 -0.00083389427313256275 -0.015259254544355727 0.0013823411752974303
leaf_weight=5016 16643 2367 3037 1730 1914 788 265 7260 15271 97 331867 1065 851 1028 2464 10764 4513 7343 678 366 943 430 231 218 2841 1263 937 1314 968 5417
leaf_count=5016 16643 2367 3037 1730 1914 788 265 7260 15271 97 331867 1065 851 1028 2464 10764 4513 7343 678 366 943 430 231 218 2841 1263 937 1314 968 5417
internal_value=-0.00274501 0.00181364 -0.0288271 -0.0198334 -0.0163537 -0.0201837 -0.027034 -0.00807913 -0.044663 -0.0363971 -0.000399219 -0.00570528 -0.00226714 -0.027162 -0.0281801 -0.0253771 -0.038543 0.00175019 0.00870144 0.0333333 -0.0271152 -0.0123967 0.0118902 0.00310932 -0.0387297 0.000996564 -0.00364257 0.0048645 -0.00366912 3.9093e-05
internal_weight=429889 365940 63949 40800 35784 27485 17552 9933 23149 7878 349297 17430 15063 2093 17287 13658 7550 12970 5627 1044 2673 2894 328 4583 3629 4365 3514 2251 8299 6385
internal_count=429889 365940 63949 40800 35784 27485 17552 9933 23149 7878 349297 17430 15063 2093 17287 13658 7550 12970 5627 1044 2673 2894 328 4583 3629 4365 3514 2251 8299 6385
cat_boundaries=0 3 5 8 9 10 11 12 13 14 15 16
cat_threshold=184582290 1346371584 2 2147483648 1049088 184549392 268435456 2 33554448 32768 278528 262144 16777216 16384 167772160 167772160
is_linear=0
shrinkage=0.05


Tree=118
num_leaves=31
num_cat=12
split_feature=0 0 0 1 6 4 11 0 0 6 0 11 1 0 11 0 11 1 6 1 0 9 6 0 0 11 0 1 10 15
split_gain=20338.6 15040.2 3670.02 1426.52 694.51 894.994 598.566 529.765 309.382 319.815 231.769 510.158 584.722 302.39 212.173 278.469 194.43 186.181 184.435 164.684 162.758 303.242 214.885 159.293 154.239 183.113 213.177 162.133 166.549 150.353
threshold=0 1 2 9.5000000000000018 1.1666666666666667 5.5000000000000009 664.50000000000011 3 4 2.5000000000000004 5 -1134.9999999999998 9.5000000000000018 6 -1194.9999999999998 7 332.00000000000006 18.500000000000004 0.58333333333333337 11.500000000000002 8 44.500000000000007 1.7500000000000002 9 10 -1264.9999999999998 11 18.500000000000004 6.5000000000000009 9.3750000000000018
decision_type=9 9 9 2 2 2 2 9 9 2 9 2 2 9 2 9 2 2 2 2 9 2 2 9 9 2 9 2 2 2
left_child=2 -2 3 -1 5 7 14 17 9 16 11 -3 13 -13 23 -16 -4 -5 -14 -11 21 -20 -23 -7 27 26 -26 28 -6 -12
right_child=1 10 8 4 24 6 -8 -9 -10 19 29 12 18 -15 15 -17 -18 -19 20 -21 -22 22 -24 -25 25 -27 -28 -29 -30 -31
leaf_value=-0.0011327215868796702 1.3596293693662887e-05 -0.0012057800267758713 -0.0011758594895834307 -0.0051385507290280241 0.0016666932589841643 -0.0032169664536144896 2.76605151034115e-05 -0.001512152148649859 -0.0011758594895834307 -0.25222371141352717 0.00021467719330425794 -0.013423272308939317 -0.20195049346779659 -0.0010332236361181302 -0.0207013272376976 -0.0015299720668832341 -0.0011758594895834307 -0.0087855866356754131 2.1682588707561124e-05 0.032176334724702917 -0.021568496706695139 2.1682588707561124e-05 0.0060476937602222062 -0.0014330633150672512 0.019288983615329203 0.0013132241165325631 -0.017099948306627866 0.00021618464276045303 -0.037215139964135883 -0.02537143902265733
leaf_weight=5016 16643 2367 3037 1909 387 788 265 7260 15271 97 321935 1065 570 1028 2894 10764 4513 764 4347 231 7009 678 366 2841 190 5417 778 502 1025 9932
leaf_count=5016 16643 2367 3037 1909 387 788 265 7260 15271 97 321935 1065 570 1028 2894 10764 4513 764 4347 231 7009 678 366 2841 190 5417 778 502 1025 9932
internal_value=-0.00274152 0.00180516 -0.0287551 -0.0197207 -0.0162251 -0.0200528 -0.0268402 -0.008059 -0.044663 -0.0363971 -0.000408094 -0.00602638 -0.00263892 -0.027162 -0.0279835 -0.0251281 -0.038543 -0.0270406 0.00131843 0.0118902 0.00259677 0.00911868 0.0333333 -0.0387297 -0.00354862 0.000195465 -0.0198347 -0.0159563 -0.0247167 -0.000112843
internal_weight=429889 365940 63949 40800 35784 27485 17552 9933 23149 7878 349297 17430 15063 2093 17287 13658 7550 2673 12970 328 12400 5391 1044 3629 8299 6385 968 1914 1412 331867
internal_count=429889 365940 63949 40800 35784 27485 17552 9933 23149 7878 349297 17430 15063 2093 17287 13658 7550 2673 12970 328 12400 5391 1044 3629 8299 6385 968 1914 1412 331867
cat_boundaries=0 3 5 8 9 10 11 12 13 14 15 16 19
cat_threshold=184582290 1346371584 2 2147483648 1049088 184549392 268435456 2 33554448 32768 278528 262144 16777216 16384 167772160 167772160 0 0 2
is_linear=0
shrinkage=0.05


Tree=119
num_leaves=31
num_cat=13
split_feature=0 0 0 1 6 4 11 0 0 6 0 11 1 0 11 0 11 1 6 1 0 0 9 6 5 0 5 0 2 0
split_gain=20194.2 15036.6 3723 1447.03 770.513 894.994 598.566 529.765 309.382 319.815 225.193 514.235 589.481 302.39 212.173 278.469 194.43 186.181 172.217 164.684 159.293 159.16 303.242 214.885 146.195 293.686 245.057 429.528 172.445 167.555
threshold=0 1 2 9.5000000000000018 1.1666666666666667 5.5000000000000009 664.50000000000011 3 4 2.5000000000000004 5 -1134.9999999999998 9.5000000000000018 6 -1194.9999999999998 7 332.00000000000006 18.500000000000004 0.58333333333333337 11.500000000000002 8 9 44.500000000000007 1.7500000000000002 68.40000000000002 10 71.15000000000002 11 2.5000000000000004 12
decision_type=9 9 9 2 2 2 2 9 9 2 9 2 2 9 2 9 2 2 2 2 9 9 2 2 2 9 2 9 2 9
left_child=2 -2 3 -1 5 7 14 17 9 16 11 -3 13 -13 20 -16 -4 -5 -14 -11 -7 22 -20 -24 25 28 27 -26 -12 -28
right_child=1 10 8 4 -6 6 -8 -9 -10 19 24 12 18 -15 15 -17 -18 -19 21 -21 -22 -23 23 -25 26 -27 29 -29 -30 -31
leaf_value=-0.0010760855075357069 1.2916479008939775e-05 -0.0011454910254370622 -0.0011170665151042593 -0.0048816231925766125 -0.0015436494884454978 -0.0030561181309337829 2.6277489348247585e-05 -0.0014365445412173551 -0.0011170665151042593 -0.23961252584285075 -0.15530728297455954 -0.012752108693492348 -0.19185296879440675 -0.00098156245431222375 -0.019666260875812736 -0.0014534734635390568 -0.0011170665151042593 -0.0083463073038916313 2.0598459272180848e-05 0.030567517988467775 -0.0013614101493138798 -0.020490071871360361 2.0598459272180848e-05 0.005745309072211136 0.16206708662090144 0.013043317809308253 0.0018528294162429406 -0.0032896337573391499 -0.067932602596108005 -0.0060765859664799748
leaf_weight=5016 16643 2367 3037 1909 8299 788 265 7260 15271 97 1535 1065 570 1028 2894 10764 4513 764 4347 231 2841 7009 678 366 6453 3076 146651 9778 1616 162758
leaf_count=5016 16643 2367 3037 1909 8299 788 265 7260 15271 97 1535 1065 570 1028 2894 10764 4513 764 4347 231 2841 7009 678 366 6453 3076 146651 9778 1616 162758
internal_value=-0.00271989 0.00181063 -0.028641 -0.0195418 -0.0160211 -0.0200528 -0.0268402 -0.008059 -0.044663 -0.0363971 -0.000402368 -0.00594037 -0.00253933 -0.027162 -0.0279835 -0.0251281 -0.038543 -0.0270406 0.00143408 0.0118902 -0.0387297 0.00266935 0.00911868 0.0333333 -0.000111336 -0.00770034 3.37796e-05 0.00602243 -0.0183961 -0.000280373
internal_weight=429889 365940 63949 40800 35784 27485 17552 9933 23149 7878 349297 17430 15063 2093 17287 13658 7550 2673 12970 328 3629 12400 5391 1044 331867 6227 325640 16231 3151 309409
internal_count=429889 365940 63949 40800 35784 27485 17552 9933 23149 7878 349297 17430 15063 2093 17287 13658 7550 2673 12970 328 3629 12400 5391 1044 331867 6227 325640 16231 3151 309409
cat_boundaries=0 3 5 8 9 10 11 12 13 14 15 18 21 24
cat_threshold=184582290 1346371584 2 2147483648 1049088 184549392 268435456 2 33554448 32768 278528 262144 16777216 167772160 16384 1879060800 84497665 13 1141911620 251926528 4 545267968 2165263817 8
is_linear=0
shrinkage=0.05


Tree=120
num_leaves=31
num_cat=11
split_feature=0 0 0 1 6 4 11 0 0 6 0 11 1 0 11 0 11 1 6 1 0 0 9 6 10 10 10 0 1 1
split_gain=20205.1 15027.2 3725.91 1448.16 769.224 898.837 598.566 532.016 309.382 319.815 222.703 516.417 580.619 310.044 212.173 278.469 194.43 186.181 172.513 164.684 159.293 157.969 303.242 214.885 143.813 693.986 481.707 365.152 328.824 321.773
threshold=0 1 2 9.5000000000000018 1.1666666666666667 5.5000000000000009 664.50000000000011 3 4 2.5000000000000004 5 -1134.9999999999998 9.5000000000000018 6 -1194.9999999999998 7 332.00000000000006 18.500000000000004 0.58333333333333337 11.500000000000002 8 9 44.500000000000007 1.7500000000000002 30.500000000000004 29.500000000000004 28.500000000000004 10 9.5000000000000018 9.5000000000000018
decision_type=9 9 9 2 2 2 2 9 9 2 9 2 2 9 2 9 2 2 2 2 9 9 2 2 2 2 2 9 2 2
left_child=2 -2 3 -1 5 7 14 17 9 16 11 -3 13 -13 20 -16 -4 -5 -14 -11 -7 22 -20 -24 25 26 -12 -26 -28 -27
right_child=1 10 8 4 -6 6 -8 -9 -10 19 24 12 18 -15 15 -17 -18 -19 21 -21 -22 -23 23 -25 27 29 28 -29 -30 -31
leaf_value=-0.001022281232158928 1.2270655058532754e-05 -0.0010882164741651934 -0.0010612131893490417 -0.0046375420329477727 -0.0014664670140232428 -0.0029033122243871112 2.496361488084631e-05 -0.0013647173141564828 -0.0010612131893490417 -0.2276318995507082 0.00057009795478037974 -0.012114503258817733 -0.18226032035468639 -0.00093248433159662811 -0.018682947832022113 -0.0013807997903620972 -0.0010612131893490417 -0.0079289919386970279 1.9568536308556263e-05 0.02903914208904439 -0.0012933396418481902 -0.019465568277792313 1.9568536308556263e-05 0.0054580436186006057 0.0055332950282278139 -0.012113871447333713 0.036235191162954018 -0.037149760408865265 -0.11406220314901017 0.24654517379108631
leaf_weight=5016 16643 2367 3037 1909 8299 788 265 7260 15271 97 280274 1065 570 1028 2894 10764 4513 764 4347 231 2841 7009 678 366 17719 813 769 20906 5782 5604
leaf_count=5016 16643 2367 3037 1909 8299 788 265 7260 15271 97 280274 1065 570 1028 2894 10764 4513 764 4347 231 2841 7009 678 366 17719 813 769 20906 5782 5604
internal_value=-0.00270663 0.00182511 -0.0286348 -0.019532 -0.0160099 -0.0200382 -0.0268402 -0.00801873 -0.044663 -0.0363971 -0.000387195 -0.0058945 -0.00248622 -0.0269231 -0.0279835 -0.0251281 -0.038543 -0.0270406 0.00145721 0.0118902 -0.0387297 0.00269355 0.00911868 0.0333333 -9.77772e-05 0.000279974 -8.3849e-05 -0.0029657 -0.0134865 0.016542
internal_weight=429889 365940 63949 40800 35784 27485 17552 9933 23149 7878 349297 17430 15063 2093 17287 13658 7550 2673 12970 328 3629 12400 5391 1044 331867 293242 286825 38625 6551 6417
internal_count=429889 365940 63949 40800 35784 27485 17552 9933 23149 7878 349297 17430 15063 2093 17287 13658 7550 2673 12970 328 3629 12400 5391 1044 331867 293242 286825 38625 6551 6417
cat_boundaries=0 3 5 8 9 10 11 12 13 14 15 17
cat_threshold=184582290 1346371584 2 2147483648 1049088 184549392 268435456 2 33554448 32768 278528 262144 16777216 167772160 16384 276890624 2835705178
is_linear=0
shrinkage=0.05


Tree=121
num_leaves=31
num_cat=13
split_feature=0 0 0 1 6 4 11 0 0 6 0 11 1 0 11 0 11 1 6 1 0 0 9 6 11 0 6 0 1 0
split_gain=20232.7 15013.8 3725.91 1448.16 769.224 898.837 598.566 532.016 309.382 319.815 220.296 518.876 583.462 310.044 212.173 278.469 194.43 186.181 173.404 164.684 159.293 154.424 303.242 214.885 142.984 209.319 152.152 256.474 157.655 198.534
threshold=0 1 2 9.5000000000000018 1.1666666666666667 5.5000000000000009 664.50000000000011 3 4 2.5000000000000004 5 -1134.9999999999998 9.5000000000000018 6 -1194.9999999999998 7 332.00000000000006 18.500000000000004 0.58333333333333337 11.500000000000002 8 9 44.500000000000007 1.7500000000000002 -1404.9999999999998 10 2.5000000000000004 11 19.500000000000004 12
decision_type=9 9 9 2 2 2 2 9 9 2 9 2 2 9 2 9 2 2 2 2 9 9 2 2 2 9 2 9 2 9
left_child=2 -2 3 -1 5 7 14 17 9 16 11 -3 13 -13 20 -16 -4 -5 -14 -11 -7 22 -20 -24 25 -12 -26 -28 -29 -30
right_child=1 10 8 4 -6 6 -8 -9 -10 19 24 12 18 -15 15 -17 -18 -19 21 -21 -22 -23 23 -25 26 -27 27 28 29 -31
leaf_value=-0.00097116717055096842 1.1657122305575031e-05 -0.0010338056504569427 -0.0010081525298816008 -0.0044056649313003685 -0.0013931436633220608 -0.0027581466131677782 2.3715434136795113e-05 -0.001296481448448672 -0.0010081525298816008 -0.21625030457317279 -0.11821448351568914 -0.011508778095876826 -0.17314730433695208 -0.00088586011501678996 -0.017748800440421021 -0.0013117598008439925 -0.0010081525298816008 -0.0075325423417621721 1.8590109493121787e-05 0.027587184984592207 -0.0012286726597557696 -0.018492289863902656 1.8590109493121787e-05 0.005185141437670549 -0.00048179299146373645 0.00074674148287456887 1.2510245768275632 0.07330913175604685 0.044858788157811351 -0.18378245475710511
leaf_weight=5016 16643 2367 3037 1909 8299 788 265 7260 15271 97 2611 1065 570 1028 2894 10764 4513 764 4347 231 2841 7009 678 366 312983 3479 637 10009 1077 1071
leaf_count=5016 16643 2367 3037 1909 8299 788 265 7260 15271 97 2611 1065 570 1028 2894 10764 4513 764 4347 231 2841 7009 678 366 312983 3479 637 10009 1077 1071
internal_value=-0.00268895 0.00184588 -0.0286348 -0.019532 -0.0160099 -0.0200382 -0.0268402 -0.00801873 -0.044663 -0.0363971 -0.000365438 -0.00584289 -0.00242648 -0.0269231 -0.0279835 -0.0251281 -0.038543 -0.0270406 0.0015266 0.0118902 -0.0387297 0.00276613 0.00911868 0.0333333 -7.7589e-05 -0.00766831 6.43078e-05 0.00540879 0.00376839 -0.00851955
internal_weight=429889 365940 63949 40800 35784 27485 17552 9933 23149 7878 349297 17430 15063 2093 17287 13658 7550 2673 12970 328 3629 12400 5391 1044 331867 6090 325777 12794 12157 2148
internal_count=429889 365940 63949 40800 35784 27485 17552 9933 23149 7878 349297 17430 15063 2093 17287 13658 7550 2673 12970 328 3629 12400 5391 1044 331867 6090 325777 12794 12157 2148
cat_boundaries=0 3 5 8 9 10 11 12 13 14 15 18 20 23
cat_threshold=184582290 1346371584 2 2147483648 1049088 184549392 268435456 2 33554448 32768 278528 262144 16777216 167772160 16384 1140855044 201474049 4 0 264192 1889014020 83903744 12
is_linear=0
shrinkage=0.05


Tree=122
num_leaves=31
num_cat=11
split_feature=0 0 0 1 6 4 11 0 0 6 0 1 11 9 6 11 0 11 1 1 0 6 9 0 9 0 1 9 0 2
split_gain=20155.3 15010.1 3755.84 1459.75 813.604 898.837 598.566 532.016 309.382 319.815 218.041 696.986 811.107 348.097 214.885 212.173 278.469 194.43 186.181 164.684 159.293 156.305 141.896 336.102 218.295 310.443 352.888 237.815 395.865 245.452
threshold=0 1 2 9.5000000000000018 1.1666666666666667 5.5000000000000009 664.50000000000011 3 4 2.5000000000000004 5 9.5000000000000018 -1134.9999999999998 44.500000000000007 1.7500000000000002 -1194.9999999999998 6 332.00000000000006 18.500000000000004 11.500000000000002 7 2.5000000000000004 51.500000000000007 8 38.500000000000007 9 10.500000000000002 37.500000000000007 10 1.5000000000000002
decision_type=9 9 9 2 2 2 2 9 9 2 9 2 2 2 2 2 9 2 2 2 9 2 2 9 2 9 2 2 9 2
left_child=2 -2 3 -1 5 7 15 18 9 17 11 -3 -13 21 -15 20 -17 -4 -5 -11 -7 -14 24 -24 27 -26 -27 29 -29 -12
right_child=1 10 8 4 -6 6 -8 -9 -10 19 22 12 13 14 -16 16 -18 -19 -20 -21 -22 -23 23 -25 25 26 -28 28 -30 -31
leaf_value=-0.0009226088120234178 1.1074266190291837e-05 -0.00084156710926595055 -0.00095774490338751406 -0.0041853816847353459 -0.0013234864801559443 -0.0026202392825093847 2.25296624299709e-05 -0.0012316573760262186 -0.00095774490338751406 -0.20543778934451418 -0.011844636477797366 -0.00098211536793408878 -0.00066225493444243004 1.7660604018487903e-05 0.0049258843657869816 -0.016861360418399984 -0.0012461718108017995 -0.00095774490338751406 -0.0071559152246740698 0.026207825735362622 -0.0011672390267679857 0.75695823179557553 -0.08577674780342015 -6.5058741046453154e-06 -0.0042719630808848667 -0.0053528963171233018 0.091636610239307276 0.017803881819974166 -0.13672268869789442 0.0026602952835830251
leaf_weight=5016 16643 1028 3037 1909 8299 788 265 7260 15271 97 73376 2367 4365 678 366 2894 10764 4513 764 231 2841 218 13108 32559 18482 5069 21532 680 2886 172583
leaf_count=5016 16643 1028 3037 1909 8299 788 265 7260 15271 97 73376 2367 4365 678 366 2894 10764 4513 764 231 2841 218 13108 32559 18482 5069 21532 680 2886 172583
internal_value=-0.00267453 0.00185162 -0.0285706 -0.0194315 -0.0158954 -0.0200382 -0.0268402 -0.00801873 -0.044663 -0.0363971 -0.000359426 -0.00802702 -0.00305229 0.00727741 0.0333333 -0.0279835 -0.0251281 -0.038543 -0.0270406 0.0118902 -0.0387297 0.00134192 -0.000155899 -0.00274925 0.00024609 0.00344808 0.00690504 -0.000332432 -0.013152 -0.000146569
internal_weight=429889 365940 63949 40800 35784 27485 17552 9933 23149 7878 349297 9022 7994 5627 1044 17287 13658 7550 2673 328 3629 4583 340275 45667 294608 45083 26601 249525 3566 245959
internal_count=429889 365940 63949 40800 35784 27485 17552 9933 23149 7878 349297 9022 7994 5627 1044 17287 13658 7550 2673 328 3629 4583 340275 45667 294608 45083 26601 249525 3566 245959
cat_boundaries=0 3 5 8 9 10 11 12 13 16 18 20
cat_threshold=184582290 1346371584 2 2147483648 1049088 184549392 268435456 2 33554448 32768 16384 16777216 167772160 268701700 738592768 5 1344012352 2367955250 536870916 2164343041
is_linear=0
shrinkage=0.05


Tree=123
num_leaves=31
num_cat=10
split_feature=0 0 0 1 6 4 11 0 0 6 0 1 11 9 6 11 0 11 1 1 0 10 2 6 7 0 1 9 0 9
split_gain=20150.3 15011.5 3756.57 1460.04 814.702 898.837 598.566 532.016 309.382 319.815 221.704 694.596 806.157 350.952 214.885 212.173 278.469 194.43 186.181 164.684 159.293 138.851 136.943 131.725 131.109 339.019 218.69 212.704 319.211 310.586
threshold=0 1 2 9.5000000000000018 1.1666666666666667 5.5000000000000009 664.50000000000011 3 4 2.5000000000000004 5 9.5000000000000018 -1134.9999999999998 44.500000000000007 1.7500000000000002 -1194.9999999999998 6 332.00000000000006 18.500000000000004 11.500000000000002 7 3.5000000000000004 5.5000000000000009 0.58333333333333337 1.0000000180025095e-35 8 15.500000000000002 2.5000000000000004 9 3.5000000000000004
decision_type=9 9 9 2 2 2 2 9 9 2 9 2 2 2 2 2 9 2 2 2 9 2 2 2 2 9 2 2 9 2
left_child=2 -2 3 -1 5 7 15 18 9 17 11 -3 -13 23 -15 20 -17 -4 -5 -11 21 -7 -9 -14 27 -26 -27 28 -12 -29
right_child=1 10 8 4 -6 6 -8 22 -10 19 24 12 13 14 -16 16 -18 -19 -20 -21 -22 -23 -24 -25 25 26 -28 29 -30 -31
leaf_value=-0.00087647837142226239 1.0520552880777247e-05 -0.00079948875380266851 -0.00090985765821813844 -0.003976112600498594 -0.0012573121561481493 0.49696056270948574 2.1403179308476797e-05 -0.011492121087982143 -0.00090985765821813844 -0.19516589987728841 -0.0070600340570223354 -0.00093300959953737108 -0.32405732857818459 1.6777573817572389e-05 0.0046795901474975922 -0.016018292397480007 -0.0011838632202616939 -0.00090985765821813844 -0.0067981194634403781 0.024897434448594515 -0.001108877075429593 -0.0030394372905143022 0.064292604066872802 5.0773350740618288e-05 0.0057236979025356407 -0.023867360651838566 -0.15540478016949655 -0.046833200911941653 0.065240245903127825 -5.7840664581254586e-06
leaf_weight=5016 16643 1028 3037 1909 8299 151 265 6203 15271 97 9398 2367 236 678 366 2894 10764 4513 764 231 2841 637 1057 4347 7637 4057 3606 10027 13828 291722
leaf_count=5016 16643 1028 3037 1909 8299 151 265 6203 15271 97 9398 2367 236 678 366 2894 10764 4513 764 231 2841 637 1057 4347 7637 4057 3606 10027 13828 291722
internal_value=-0.00267616 0.00184943 -0.0285691 -0.0194291 -0.0158926 -0.0200382 -0.0268402 -0.00801873 -0.044663 -0.0363971 -0.000361716 -0.00809345 -0.00312735 0.00717078 0.0333333 -0.0279835 -0.0251281 -0.038543 -0.0270406 0.0118902 -0.0387297 -0.0180451 -0.000976616 0.001211 -0.000156486 -0.00467974 -0.0121009 5.64659e-05 0.00466718 -0.000298427
internal_weight=429889 365940 63949 40800 35784 27485 17552 9933 23149 7878 349297 9022 7994 5627 1044 17287 13658 7550 2673 328 3629 788 7260 4583 340275 15300 7663 324975 23226 301749
internal_count=429889 365940 63949 40800 35784 27485 17552 9933 23149 7878 349297 9022 7994 5627 1044 17287 13658 7550 2673 328 3629 788 7260 4583 340275 15300 7663 324975 23226 301749
cat_boundaries=0 3 5 8 9 10 11 12 13 16 18
cat_threshold=184582290 1346371584 2 2147483648 1049088 184549392 268435456 2 33554448 32768 16384 16777216 167772160 603980096 2869585393 8 1611669760 2334480640
is_linear=0
shrinkage=0.05


Tree=124
num_leaves=31
num_cat=12
split_feature=0 0 0 1 6 4 11 0 0 6 0 1 11 9 6 11 0 11 1 1 0 10 8 0 2 0 3 2 0 0
split_gain=20071.5 15016.6 3780.76 1469.4 818.061 921.088 598.566 545.051 309.382 319.815 216.81 697.385 803.579 349.047 214.885 212.173 278.469 194.43 186.181 164.684 159.293 138.851 137.723 373.358 251.03 310.88 462.002 241.917 268.578 234.588
threshold=0 1 2 9.5000000000000018 1.1666666666666667 5.5000000000000009 664.50000000000011 3 4 2.5000000000000004 5 9.5000000000000018 -1134.9999999999998 44.500000000000007 1.7500000000000002 -1194.9999999999998 6 332.00000000000006 18.500000000000004 11.500000000000002 7 3.5000000000000004 1.0000000180025095e-35 8 4.5000000000000009 9 21.500000000000004 5.5000000000000009 10 11
decision_type=9 9 9 2 2 2 2 9 9 2 9 2 2 2 2 2 9 2 2 2 9 2 2 9 2 9 2 2 9 9
left_child=2 -2 3 -1 5 7 15 18 9 17 11 -3 -13 -14 -15 20 -17 -4 -5 -11 21 -7 24 -24 29 26 27 28 -26 -12
right_child=1 10 8 4 -6 6 -8 -9 -10 19 22 12 13 14 -16 16 -18 -19 -20 -21 -22 -23 23 -25 25 -27 -28 -29 -30 -31
leaf_value=-0.00083265445285114488 9.9945252367561466e-06 -0.00075951431611254172 -0.00086436477530722484 -0.0037773069704736708 -0.0011944465483407552 0.47211253457401148 2.0333020343032973e-05 -0.0015486774408121297 -0.00086436477530722484 -0.185407604883424 0.036753081094291852 -0.00088635911956052031 4.8234683203585149e-05 1.5938695126704874e-05 0.0044456106401226771 -0.015217377777605991 -0.0011246700592486114 -0.00086436477530722484 -0.0064582134902683389 0.023652562726164828 -0.0010534332216581177 -0.0028874654259885891 -0.10628398523813019 -0.00033843365994741249 -0.16973346473952519 0.0012074199695012223 -0.065329157819775316 0.17599795899761261 0.081066731743842005 0.00064013430002178855
leaf_weight=5016 16643 1028 3037 1909 8299 151 265 7260 15271 97 47323 2367 4583 678 366 2894 10764 4513 764 231 2841 637 10786 34997 1445 41011 28540 3148 1738 171287
leaf_count=5016 16643 1028 3037 1909 8299 151 265 7260 15271 97 47323 2367 4583 678 366 2894 10764 4513 764 231 2841 637 10786 34997 1445 41011 28540 3148 1738 171287
internal_value=-0.00267523 0.00184151 -0.0285175 -0.0193482 -0.0158004 -0.0199545 -0.0268402 -0.00778717 -0.044663 -0.0363971 -0.000370018 -0.00801594 -0.00303978 0.00724187 0.0333333 -0.0279835 -0.0251281 -0.038543 -0.0270406 0.0118902 -0.0387297 -0.0180451 -0.000167066 -0.00271826 0.000229548 -0.00224823 -0.00571801 0.00649976 -0.00322023 0.00108961
internal_weight=429889 365940 63949 40800 35784 27485 17552 9933 23149 7878 349297 9022 7994 5627 1044 17287 13658 7550 2673 328 3629 788 340275 45783 294492 75882 34871 6331 3183 218610
internal_count=429889 365940 63949 40800 35784 27485 17552 9933 23149 7878 349297 9022 7994 5627 1044 17287 13658 7550 2673 328 3629 788 340275 45783 294492 75882 34871 6331 3183 218610
cat_boundaries=0 3 5 8 9 10 11 12 13 16 19 21 23
cat_threshold=184582290 1346371584 2 2147483648 1049088 184549392 268435456 2 33554448 32768 16384 16777216 167772160 277094404 329728 5 270275652 637671640 4 787456 603979864 9449472 477184
is_linear=0
shrinkage=0.05


Tree=125
num_leaves=31
num_cat=12
split_feature=0 0 0 1 6 4 11 0 0 6 0 1 11 9 6 11 0 11 1 1 0 10 15 0 15 0 9 14 0 0
split_gain=20075.9 15014.5 3780.76 1469.4 818.061 921.088 598.566 545.051 309.382 319.815 217.634 696.986 802.756 346.963 217.362 212.173 278.469 194.43 186.181 164.684 159.293 138.851 129.959 284.978 179.884 245.145 244.361 241.249 157.952 148.102
threshold=0 1 2 9.5000000000000018 1.1666666666666667 5.5000000000000009 664.50000000000011 3 4 2.5000000000000004 5 9.5000000000000018 -1134.9999999999998 44.500000000000007 1.7500000000000002 -1194.9999999999998 6 332.00000000000006 18.500000000000004 11.500000000000002 7 3.5000000000000004 9.3750000000000018 8 0.46666666666666673 9 63.500000000000007 13.000000000000002 10 11
decision_type=9 9 9 2 2 2 2 9 9 2 9 2 2 2 2 2 9 2 2 2 9 2 2 9 2 9 2 2 9 9
left_child=2 -2 3 -1 5 7 15 18 9 17 11 -3 -13 -14 -15 20 -17 -4 -5 -11 21 -7 24 -24 27 26 -26 29 -29 -12
right_child=1 10 8 4 -6 6 -8 -9 -10 19 22 12 13 14 -16 16 -18 -19 -20 -21 -22 -23 23 -25 25 -27 -28 28 -30 -31
leaf_value=-0.00079102173020859654 9.4947989749627495e-06 -0.00072153860030690355 -0.00082114653654188354 -0.0035884416219500006 -0.001134724220923733 0.44850690784531083 1.9316369325883545e-05 -0.0014712435687715077 -0.00082114653654188354 -0.17613722463925274 0.0015848370742125085 -0.00084204116358250764 4.5822949043383691e-05 1.5141760370385172e-05 0.0042233301081165747 -0.014456508888725673 -0.0010684365562861676 -0.00082114653654188354 -0.0061353028157549172 0.022469934589856601 -0.001000761560575203 -0.0027430921546891529 -0.12995086622545898 -0.0012181965174212551 0.061269852342053358 -0.0010548363917689096 -0.27479441869560439 -0.1770525170602659 -0.021403144682329824 -0.0071016487203777959
leaf_weight=5016 16643 1028 3037 1909 8299 151 265 7260 15271 97 120829 2367 4583 678 366 2894 10764 4513 764 231 2841 637 2941 7063 38247 54788 452 4436 4861 106658
leaf_count=5016 16643 1028 3037 1909 8299 151 265 7260 15271 97 120829 2367 4583 678 366 2894 10764 4513 764 231 2841 637 2941 7063 38247 54788 452 4436 4861 106658
internal_value=-0.00267243 0.00184479 -0.0285175 -0.0193482 -0.0158004 -0.0199545 -0.0268402 -0.00778717 -0.044663 -0.0363971 -0.000366583 -0.00802702 -0.00305229 0.0072241 0.0332375 -0.0279835 -0.0251281 -0.038543 -0.0270406 0.0118902 -0.0387297 -0.0180451 -0.000163246 -0.00577769 6.81259e-06 0.0018639 0.00490971 -0.0007264 -0.00862106 -0.000403759
internal_weight=429889 365940 63949 40800 35784 27485 17552 9933 23149 7878 349297 9022 7994 5627 1044 17287 13658 7550 2673 328 3629 788 340275 10004 330271 93487 38699 236784 9297 227487
internal_count=429889 365940 63949 40800 35784 27485 17552 9933 23149 7878 349297 9022 7994 5627 1044 17287 13658 7550 2673 328 3629 788 340275 10004 330271 93487 38699 236784 9297 227487
cat_boundaries=0 3 5 8 9 10 11 12 13 16 19 22 25
cat_threshold=184582290 1346371584 2 2147483648 1049088 184549392 268435456 2 33554448 32768 16384 16777216 167772160 67114052 134303816 4 67182916 673597608 5 1687756804 671221787 9 613942528 2349818249 8
is_linear=0
shrinkage=0.05


Tree=126
num_leaves=31
num_cat=12
split_feature=0 0 0 1 6 4 11 0 0 6 0 1 11 9 6 11 0 11 1 1 0 10 11 0 6 0 0 1 0 5
split_gain=20024.2 15007.4 3804.28 1478.51 807.461 952.5 598.566 563.447 309.382 319.815 218.285 696.986 802.756 346.963 217.362 212.173 278.469 194.43 186.181 164.684 159.293 138.851 134.692 172.616 143.185 245.555 173.63 134.989 174.693 129.716
threshold=0 1 2 9.5000000000000018 1.1666666666666667 5.5000000000000009 664.50000000000011 3 4 2.5000000000000004 5 9.5000000000000018 -1134.9999999999998 44.500000000000007 1.7500000000000002 -1194.9999999999998 6 332.00000000000006 18.500000000000004 11.500000000000002 7 3.5000000000000004 -1404.9999999999998 8 2.5000000000000004 9 10 19.500000000000004 11 93.100000000000009
decision_type=9 9 9 2 2 2 2 9 9 2 9 2 2 2 2 2 9 2 2 2 9 2 2 9 2 9 9 2 9 2
left_child=2 -2 3 -1 5 7 15 18 9 17 11 -3 -13 -14 -15 20 -17 -4 -5 -11 21 -7 23 -12 29 -26 -27 -28 -29 -24
right_child=1 10 8 4 -6 6 -8 -9 -10 19 22 12 13 14 -16 16 -18 -19 -20 -21 -22 -23 24 -25 25 26 27 28 -30 -31
leaf_value=-0.00075147064369818217 9.0200590261879664e-06 -0.00068546167029155398 -0.00078008920971477384 -0.003409019540852487 -0.0010779880098775508 0.42608156245304535 1.8350550859569384e-05 -0.0013976813903329166 -0.00078008920971477384 -0.16733036340729016 -0.086533425520031501 -0.00079993910540339115 4.3531801591223385e-05 1.4384672351885897e-05 0.0040121636027107502 -0.01373368344428938 -0.0010150147284718526 -0.00078008920971477384 -0.0058285376749671602 0.021346437860363745 -0.00095072348254645613 -0.0026059375469547064 -0.00027604044006990236 0.0015967749113674047 2.8062020649795349 -0.018308955505153792 0.13197338890048346 0.10476727114236334 -0.18028934278314887 -0.033180011710540747
leaf_weight=5016 16643 1028 3037 1909 8299 151 265 7260 15271 97 2857 2367 4583 678 366 2894 10764 4513 764 231 2841 637 314299 3233 342 3386 7712 803 899 6744
leaf_count=5016 16643 1028 3037 1909 8299 151 265 7260 15271 97 2857 2367 4583 678 366 2894 10764 4513 764 231 2841 637 314299 3233 342 3386 7712 803 899 6744
internal_value=-0.00265569 0.00185572 -0.0284675 -0.0192698 -0.0157109 -0.0198381 -0.0268402 -0.00746502 -0.044663 -0.0363971 -0.000355132 -0.00802702 -0.00305229 0.0072241 0.0332375 -0.0279835 -0.0251281 -0.038543 -0.0270406 0.0118902 -0.0387297 -0.0180451 -0.000151491 -0.00752053 -1.7206e-05 0.00509816 0.00395785 0.00744907 -0.0052879 -0.000226605
internal_weight=429889 365940 63949 40800 35784 27485 17552 9933 23149 7878 349297 9022 7994 5627 1044 17287 13658 7550 2673 328 3629 788 340275 6090 334185 13142 12800 9414 1702 321043
internal_count=429889 365940 63949 40800 35784 27485 17552 9933 23149 7878 349297 9022 7994 5627 1044 17287 13658 7550 2673 328 3629 788 340275 6090 334185 13142 12800 9414 1702 321043
cat_boundaries=0 3 5 8 9 10 11 12 13 16 18 21 24
cat_threshold=184582290 1346371584 2 2147483648 1049088 184549392 268435456 2 33554448 32768 16384 16777216 167772160 1141903620 201474049 4 0 262144 605028352 2181575680 8 1351090436 83904768 4
is_linear=0
shrinkage=0.05


Tree=127
num_leaves=31
num_cat=12
split_feature=0 0 0 1 6 4 11 0 0 6 0 1 11 0 11 0 11 1 1 0 0 10 11 0 14 15 0 9 15 6
split_gain=20024.2 15007.4 3804.28 1478.51 807.461 952.5 598.566 563.447 309.382 319.815 219.14 250.882 284.837 265.095 212.173 278.469 194.43 186.181 164.684 159.293 153.54 138.851 137.358 166.26 132.601 487.57 212.515 188.449 167.373 125.381
threshold=0 1 2 9.5000000000000018 1.1666666666666667 5.5000000000000009 664.50000000000011 3 4 2.5000000000000004 5 8.5000000000000018 -1084.9999999999998 6 -1194.9999999999998 7 332.00000000000006 18.500000000000004 11.500000000000002 8 9 3.5000000000000004 -1397.4999999999998 10 28.500000000000004 0.17500000000000002 11 61.500000000000007 5.3250000000000002 1.1666666666666667
decision_type=9 9 9 2 2 2 2 9 9 2 9 2 2 9 2 9 2 2 2 9 9 2 2 9 2 2 9 2 2 2
left_child=2 -2 3 -1 5 7 14 17 9 16 11 20 13 -13 19 -16 -4 -5 -11 21 -3 -7 23 -12 -24 -26 -27 28 -28 -25
right_child=1 10 8 4 -6 6 -8 -9 -10 18 22 12 -14 -15 15 -17 -18 -19 -20 -21 -22 -23 24 29 25 26 27 -29 -30 -31
leaf_value=-0.00071389711151326196 8.5690560748474805e-06 -0.021424374497624223 -0.00074108474922902629 -0.0032385685638098849 -0.0010240886093836556 0.40477748433039307 1.7433023316604236e-05 -0.0013277973208162487 -0.00074108474922902629 -0.15896384523692567 -0.10237221742537593 -0.0025027099354579365 -0.00065118858677699627 -0.00075994215013324156 -0.013046999272074889 -0.00096426399204827548 -0.00074108474922902629 -0.005537110791218814 0.02027911596734553 -0.00090318730841914001 -0.00065118858677699627 -0.0024756406696069713 -0.0010276361908486465 0.0091566973480673216 -0.18409451730069601 -0.00053038343097444596 0.1026541066166029 -0.21781832809022569 0.0075943513188112327 -0.03994881680835656
leaf_weight=5016 16643 957 3037 1909 8299 151 265 7260 15271 97 2816 2060 19534 2773 2894 10764 4513 764 231 2841 455 637 259096 3616 4284 21379 21351 800 8820 1356
leaf_count=5016 16643 957 3037 1909 8299 151 265 7260 15271 97 2816 2060 19534 2773 2894 10764 4513 764 231 2841 455 637 259096 3616 4284 21379 21351 800 8820 1356
internal_value=-0.00265569 0.00185572 -0.0284675 -0.0192698 -0.0157109 -0.0198381 -0.0268402 -0.00746502 -0.044663 -0.0363971 -0.000355132 -0.0047908 -0.00360529 -0.0144734 -0.0279835 -0.0251281 -0.038543 -0.0270406 0.0118902 -0.0387297 -0.0252833 -0.0180451 -1.54546e-06 -0.00656138 0.000160264 0.00235194 0.00367908 0.00632484 0.00696198 -0.00104376
internal_weight=429889 365940 63949 40800 35784 27485 17552 9933 23149 7878 349297 25779 24367 4833 17287 13658 7550 2673 328 3629 1412 788 323518 7788 315730 56634 52350 30971 30171 4972
internal_count=429889 365940 63949 40800 35784 27485 17552 9933 23149 7878 349297 25779 24367 4833 17287 13658 7550 2673 328 3629 1412 788 323518 7788 315730 56634 52350 30971 30171 4972
cat_boundaries=0 3 5 8 9 10 12 14 15 16 18 21 23
cat_threshold=184582290 1346371584 2 2147483648 1049088 184549392 268435456 2 33554448 32768 278528 4096 0 4096 16777216 167772160 262144 4096 1140855044 134234113 4 1687749632 2886213969
is_linear=0
shrinkage=0.05


Tree=128
num_leaves=31
num_cat=10
split_feature=0 0 0 1 6 4 11 0 0 6 0 1 11 9 6 11 0 11 1 1 0 10 6 2 6 0 0 11 11 12
split_gain=20036.8 15001.2 3804.28 1478.51 807.461 952.5 598.566 563.447 309.382 319.815 218.856 696.986 802.756 346.963 217.362 212.173 278.469 194.43 186.181 164.684 159.293 138.851 126.928 124.755 118.687 158.154 120.897 162.834 161.106 231.309
threshold=0 1 2 9.5000000000000018 1.1666666666666667 5.5000000000000009 664.50000000000011 3 4 2.5000000000000004 5 9.5000000000000018 -1134.9999999999998 44.500000000000007 1.7500000000000002 -1194.9999999999998 6 332.00000000000006 18.500000000000004 11.500000000000002 7 3.5000000000000004 2.5000000000000004 5.5000000000000009 3.5000000000000004 8 9 -995.49999999999989 -631.99999999999989 13.750000000000002
decision_type=9 9 9 2 2 2 2 9 9 2 9 2 2 2 2 2 9 2 2 2 9 2 2 2 2 9 9 2 2 2
left_child=2 -2 3 -1 5 7 15 18 9 17 11 -3 -13 22 -15 20 -17 -4 -5 -11 21 -7 -14 -9 26 -26 -12 -28 -29 -30
right_child=1 10 8 4 -6 6 -8 23 -10 19 24 12 13 14 -16 16 -18 -19 -20 -21 -22 -23 -24 -25 25 -27 27 28 29 -31
leaf_value=-0.00067820225593759895 8.1406032711228707e-06 -0.00061862915743815527 -0.0007040305117675949 -0.003076640135619391 -0.00097288417891445717 0.38453861011387341 1.6561372150780684e-05 -0.010630245047546394 -0.0007040305117675949 -0.15101565297507938 0.0015056839776708131 -0.00072194504262657055 -0.00060600089761040374 4.6224868073130315e-05 0.0038441148519140714 -0.01239464930847114 -0.00091605079244585499 -0.0007040305117675949 -0.0052602552516578527 0.019265160168978213 -0.00085802794299816298 -0.0023518586361266358 0.71913346149590662 0.061365243849565765 0.40603512532374497 -0.0032544461403833935 -0.027338138420296688 0.014801700404335172 -0.024736552049985018 0.0015689919792071906
leaf_weight=5016 16643 1028 3037 1909 8299 151 265 6203 15271 97 169961 2367 4365 678 366 2894 10764 4513 764 231 2841 637 218 1057 1407 1822 33370 31831 35700 66184
leaf_count=5016 16643 1028 3037 1909 8299 151 265 6203 15271 97 169961 2367 4365 678 366 2894 10764 4513 764 231 2841 637 218 1057 1407 1822 33370 31831 35700 66184
internal_value=-0.00264754 0.00186528 -0.0284675 -0.0192698 -0.0157109 -0.0198381 -0.0268402 -0.00746502 -0.044663 -0.0363971 -0.000345112 -0.00802702 -0.00305229 0.0072241 0.0332375 -0.0279835 -0.0251281 -0.038543 -0.0270406 0.0118902 -0.0387297 -0.0180451 0.00129828 -0.000220083 -0.000141205 0.00939919 -0.000232609 -0.00118765 -0.000407957 -0.00137804
internal_weight=429889 365940 63949 40800 35784 27485 17552 9933 23149 7878 349297 9022 7994 5627 1044 17287 13658 7550 2673 328 3629 788 4583 7260 340275 3229 337046 167085 133715 101884
internal_count=429889 365940 63949 40800 35784 27485 17552 9933 23149 7878 349297 9022 7994 5627 1044 17287 13658 7550 2673 328 3629 788 4583 7260 340275 3229 337046 167085 133715 101884
cat_boundaries=0 3 5 8 9 10 11 12 13 16 19
cat_threshold=184582290 1346371584 2 2147483648 1049088 184549392 268435456 2 33554448 32768 16384 16777216 167772160 277165060 537217112 5 612376832 2232372712 8
is_linear=0
shrinkage=0.05


Tree=129
num_leaves=31
num_cat=11
split_feature=0 0 0 1 6 4 11 0 0 6 0 1 11 9 6 11 0 11 1 1 0 10 6 8 0 2 0 3 2 0
split_gain=20102.6 14994.3 3785.89 1471.39 815.737 927.915 598.566 549.05 309.382 319.815 219.492 696.986 802.756 346.963 217.362 212.173 278.469 194.43 186.181 164.684 159.293 138.851 126.928 118.426 337.172 220.37 289.201 397.877 204.072 230.743
threshold=0 1 2 9.5000000000000018 1.1666666666666667 5.5000000000000009 664.50000000000011 3 4 2.5000000000000004 5 9.5000000000000018 -1134.9999999999998 44.500000000000007 1.7500000000000002 -1194.9999999999998 6 332.00000000000006 18.500000000000004 11.500000000000002 7 3.5000000000000004 2.5000000000000004 1.0000000180025095e-35 8 4.5000000000000009 9 21.500000000000004 5.5000000000000009 10
decision_type=9 9 9 2 2 2 2 9 9 2 9 2 2 2 2 2 9 2 2 2 9 2 2 2 9 2 9 2 2 9
left_child=2 -2 3 -1 5 7 15 18 9 17 11 -3 -13 22 -15 20 -17 -4 -5 -11 21 -7 -14 25 -25 -12 27 28 29 -27
right_child=1 10 8 4 -6 6 -8 -9 -10 19 23 12 13 14 -16 16 -18 -19 -20 -21 -22 -23 -24 24 -26 26 -28 -29 -30 -31
leaf_value=-0.0006442921431407012 7.7335731075933719e-06 -0.00058769769956623641 -0.000668828986179193 -0.002922808128838428 -0.00092423996996875428 0.36531167960817973 1.5733303543230549e-05 -0.0028657534238895723 -0.000668828986179193 -0.14346487032632541 0.0035226325304194006 -0.00068584779049523097 -0.00057570085272988796 4.3913624669489337e-05 0.0036519091093183856 -0.011774916843047567 -0.00087024825282355778 -0.000668828986179193 -0.00499724248907496 0.018301902160529338 -0.00081512654584825484 -0.0022342657043203039 0.68317678842111129 -0.097223680558047851 2.3139497329127678e-05 -0.20661849298251234 0.0016018558710140685 -0.06022103933955978 0.16060582232089457 0.031054802762350064
leaf_weight=5016 16643 1028 3037 1909 8299 151 265 7260 15271 97 218610 2367 4365 678 366 2894 10764 4513 764 231 2841 637 218 11796 33987 1073 39177 30025 3316 2291
leaf_count=5016 16643 1028 3037 1909 8299 151 265 7260 15271 97 218610 2367 4365 678 366 2894 10764 4513 764 231 2841 637 218 11796 33987 1073 39177 30025 3316 2291
internal_value=-0.00264429 0.00187594 -0.0285065 -0.019331 -0.0157808 -0.0199291 -0.0268402 -0.0077167 -0.044663 -0.0363971 -0.000333947 -0.00802702 -0.00305229 0.0072241 0.0332375 -0.0279835 -0.0251281 -0.038543 -0.0270406 0.0118902 -0.0387297 -0.0180451 0.00129828 -0.000129744 -0.00249547 0.000238037 -0.0020835 -0.00527169 0.00576347 -0.0029132
internal_weight=429889 365940 63949 40800 35784 27485 17552 9933 23149 7878 349297 9022 7994 5627 1044 17287 13658 7550 2673 328 3629 788 4583 340275 45783 294492 75882 36705 6680 3364
internal_count=429889 365940 63949 40800 35784 27485 17552 9933 23149 7878 349297 9022 7994 5627 1044 17287 13658 7550 2673 328 3629 788 4583 340275 45783 294492 75882 36705 6680 3364
cat_boundaries=0 3 5 8 9 10 11 12 13 16 19 21
cat_threshold=184582290 1346371584 2 2147483648 1049088 184549392 268435456 2 33554448 32768 16384 16777216 167772160 277095428 329728 5 270341188 637671640 4 787456 536870992
is_linear=0
shrinkage=0.05


Tree=130
num_leaves=31
num_cat=11
split_feature=0 0 0 1 6 4 11 0 0 6 0 1 11 9 6 11 0 11 1 1 0 10 6 14 0 7 9 0 11 0
split_gain=20110.4 14984.4 3790.3 1473.1 813.747 933.786 598.566 552.488 309.382 319.815 220.408 696.986 802.756 346.963 217.362 212.173 278.469 194.43 186.181 164.684 159.293 138.851 126.928 117.027 178.858 152.92 116.268 346.353 194.536 288.964
threshold=0 1 2 9.5000000000000018 1.1666666666666667 5.5000000000000009 664.50000000000011 3 4 2.5000000000000004 5 9.5000000000000018 -1134.9999999999998 44.500000000000007 1.7500000000000002 -1194.9999999999998 6 332.00000000000006 18.500000000000004 11.500000000000002 7 3.5000000000000004 2.5000000000000004 98.000000000000014 8 1.0000000180025095e-35 51.500000000000007 9 725.00000000000011 10
decision_type=9 9 9 2 2 2 2 9 9 2 9 2 2 2 2 2 9 2 2 2 9 2 2 2 9 2 2 9 2 9
left_child=2 -2 3 -1 5 7 15 18 9 17 11 -3 -13 22 -15 20 -17 -4 -5 -11 21 -7 -14 26 -25 -26 -12 -28 -29 -30
right_child=1 10 8 4 -6 6 -8 -9 -10 19 23 12 13 14 -16 16 -18 -19 -20 -21 -22 -23 -24 24 25 -27 27 28 29 -31
leaf_value=-0.00061207753598364618 7.3468944521870584e-06 -0.00055831281458793567 -0.00063538753687022444 -0.002776667722396509 -0.00087802797147031877 0.34704609562777072 1.4946638366053478e-05 -0.0027224657526951027 -0.00063538753687022444 -0.13629162681000914 0.00035233260919800282 -0.00065155540097046056 -0.00054691581009338466 4.1717943436037078e-05 0.0034693136538524352 -0.011186171000895185 -0.00082673584018237993 -0.00063538753687022444 -0.0047473803646211898 0.017386807052502905 -0.00077437021855581995 -0.0021225524191042845 0.64901794900005572 -0.077831633097781613 0.12810868503451039 -0.15887897416003494 -0.11437176840771812 -0.0034642531643543696 0.022939085551486074 -0.0030218337498656212
leaf_weight=5016 16643 1028 3037 1909 8299 151 265 7260 15271 97 286534 2367 4365 678 366 2894 10764 4513 764 231 2841 637 218 1545 7250 606 9044 33772 640 884
leaf_count=5016 16643 1028 3037 1909 8299 151 265 7260 15271 97 286534 2367 4365 678 366 2894 10764 4513 764 231 2841 637 218 1545 7250 606 9044 33772 640 884
internal_value=-0.00262986 0.00189124 -0.0284972 -0.0193163 -0.015764 -0.0199072 -0.0268402 -0.0076563 -0.044663 -0.0363971 -0.000317915 -0.00802702 -0.00305229 0.0072241 0.0332375 -0.0279835 -0.0251281 -0.038543 -0.0270406 0.0118902 -0.0387297 -0.0180451 0.00129828 -0.000113287 0.00538772 0.00844139 -0.000269589 -0.00265223 -0.000413527 0.0170604
internal_weight=429889 365940 63949 40800 35784 27485 17552 9933 23149 7878 349297 9022 7994 5627 1044 17287 13658 7550 2673 328 3629 788 4583 340275 9401 7856 330874 44340 35296 1524
internal_count=429889 365940 63949 40800 35784 27485 17552 9933 23149 7878 349297 9022 7994 5627 1044 17287 13658 7550 2673 328 3629 788 4583 340275 9401 7856 330874 44340 35296 1524
cat_boundaries=0 3 5 8 9 10 11 12 13 16 18 20
cat_threshold=184582290 1346371584 2 2147483648 1049088 184549392 268435456 2 33554448 32768 16384 16777216 167772160 9961536 2098257 1 268709892 134612992 524288 539033602
is_linear=0
shrinkage=0.05


Tree=131
num_leaves=31
num_cat=9
split_feature=0 0 0 0 1 11 1 6 3 11 0 6 0 1 11 5 1 5 0 4 3 16 6 1 1 0 14 0 6 5
split_gain=19822.2 15269.4 2881.91 1015.34 1175.57 1240.37 971.519 808.39 809.977 578.468 309.382 319.815 248.001 233.354 194.43 193.339 175.479 179.397 173.07 422.006 236.063 177.689 168.283 164.684 145.785 396.976 144.545 116.539 184.335 216.756
threshold=0 1 2 3 9.5000000000000018 -1244.9999999999998 9.5000000000000018 1.1666666666666667 25.500000000000004 664.50000000000011 4 2.5000000000000004 5 17.500000000000004 332.00000000000006 90.65000000000002 12.500000000000002 73.700000000000017 6 5.5000000000000009 24.500000000000004 11.583333333333334 0.58333333333333337 11.500000000000002 10.500000000000002 7 59.500000000000007 8 1.7500000000000002 87.15000000000002
decision_type=9 9 9 9 2 2 2 2 2 2 9 2 9 2 2 2 2 2 9 2 2 2 2 2 2 9 2 9 2 2
left_child=2 -2 6 4 -3 -6 -1 8 18 24 11 14 13 15 -4 22 -14 -18 19 -8 21 -20 -7 -13 25 -10 27 28 -9 -30
right_child=1 3 10 -5 5 12 7 26 9 -11 -12 23 16 -15 -16 -17 17 -19 20 -21 -22 -23 -24 -25 -26 -27 -28 -29 29 -31
leaf_value=-0.00076625008660333735 6.9795497295466193e-06 -0.00053039717385852116 -0.00060361816002671995 -0.00021695688724649999 -0.00061897763092195752 -0.24475632199417677 0.0021518596574910732 0.0022592680635943108 -0.00078539904817325206 1.4199306447748583e-05 -0.00060361816002671995 -0.12947704546950867 -0.0018205654915996129 -0.004850292144477031 -0.00060361816002671995 -0.00065353662931131326 0.087049408562771824 -0.00081900095399864989 -0.00263783433627669 -0.0002910580456898515 0.24402560899418307 -0.00263783433627669 0.0003796074274272865 0.016517466699877748 -0.00073565170762801557 0.0009571853309656487 0.070923190496236285 -0.0018673284606424369 -0.057654894208614277 0.0017695299165931379
leaf_weight=4024 16643 2020 3037 340275 3061 358 4183 189 430 205 15271 97 1195 3640 4513 828 431 1413 2241 1806 578 1040 8067 231 8261 189 748 4022 694 199
leaf_count=4024 16643 2020 3037 340275 3061 358 4183 189 430 205 15271 97 1195 3640 4513 828 431 1413 2241 1806 578 1040 8067 231 8261 189 748 4022 694 199
internal_value=-0.00256403 0.00141728 -0.0315175 -0.000740386 -0.0114042 -0.00755278 -0.0209428 -0.0172504 -0.0222706 -0.033038 -0.044663 -0.0363971 -0.00195205 0.00108114 -0.038543 0.00530098 -0.0147753 -0.00515184 -0.0123375 -0.00697616 -0.0205867 -0.0258305 0.00756677 0.0118902 -0.034955 -0.0115509 -0.0010082 -0.00401646 -0.0184982 -0.0281635
internal_weight=429889 377931 51958 361288 21013 18993 28809 24785 18933 9085 23149 7878 15932 12893 7550 9253 3039 1844 9848 5989 3859 3281 8425 328 8880 619 5852 5104 1082 893
internal_count=429889 377931 51958 361288 21013 18993 28809 24785 18933 9085 23149 7878 15932 12893 7550 9253 3039 1844 9848 5989 3859 3281 8425 328 8880 619 5852 5104 1082 893
cat_boundaries=0 3 5 8 9 10 11 14 16 17
cat_threshold=33587346 1346371584 2 2147483648 1049088 33554448 268435456 2 151011328 32768 16793600 0 268435456 2 33554432 268435456 33554432
is_linear=0
shrinkage=0.05


Tree=132
num_leaves=31
num_cat=10
split_feature=0 0 0 1 6 0 1 11 4 0 11 0 6 1 11 5 1 6 1 1 0 5 0 1 5 0 2 0 11 11
split_gain=19734.7 15190.3 3194.95 1017.26 892.727 797.652 1231.37 1452.12 792.372 519.785 431.963 309.382 319.815 213.995 194.43 193.339 186.181 168.283 164.684 130.611 464.837 116.027 300.332 210.687 161.342 382.531 160.777 143.403 137.519 285.246
threshold=0 1 2 9.5000000000000018 1.1666666666666667 3 9.5000000000000018 -1234.9999999999998 5.5000000000000009 4 664.50000000000011 5 2.5000000000000004 17.500000000000004 332.00000000000006 90.65000000000002 18.500000000000004 0.58333333333333337 11.500000000000002 10.500000000000002 6 68.40000000000002 7 9.5000000000000018 71.15000000000002 8 2.5000000000000004 9 324.50000000000006 -934.99999999999989
decision_type=9 9 9 2 2 9 2 2 2 9 2 9 2 2 2 2 2 2 2 2 9 2 9 2 2 9 2 9 2 2
left_child=2 -2 3 -1 8 6 -3 -8 9 -5 19 12 14 15 -4 17 -11 -9 -14 20 -10 22 23 -7 25 -23 -25 -26 29 -29
right_child=1 5 11 4 -6 21 7 13 10 16 -12 -13 18 -15 -16 -17 -18 -19 -20 -21 -22 24 -24 26 27 -27 -28 28 -30 -31
leaf_value=-0.00072793758227316383 6.630572243082611e-06 -0.00050387731516559069 -0.00057343725202536617 3.747553749220423e-05 -0.00029680871895809702 0.026671284111373119 -0.0005880287493758463 -0.23251850589446799 -0.00074612909576456945 -0.0025059426194628644 1.3489341125350053e-05 -0.00057343725202536617 -0.12300319319603324 -0.0046077775372531885 -0.00057343725202536617 -0.00062085979784574094 -0.0043781196295762824 0.00036062705605592886 0.015691593364883884 -0.00069886912224661482 0.00090932606441738182 0.14074725583380179 0.019667672804197702 -0.22241708628460177 0.0017103671293917434 -0.0063695771011014653 -0.090184380880448778 -0.023113082844033794 -0.016104351063337543 0.0079290168598485696
leaf_weight=4024 16643 2020 3037 5241 6372 393 3194 358 743 1909 265 15271 97 3488 4513 828 764 8067 231 12276 273 6785 3067 1435 162470 9900 1492 40216 44631 69886
leaf_count=4024 16643 2020 3037 5241 6372 393 3194 358 743 1909 265 15271 97 3488 4513 828 764 8067 231 12276 273 6785 3067 1435 162470 9900 1492 40216 44631 69886
internal_value=-0.00255682 0.00154755 -0.0305183 -0.0202325 -0.0168427 -0.000622488 -0.0108906 -0.0062347 -0.02172 -0.00914834 -0.0290588 -0.044663 -0.0363971 0.0013225 -0.038543 0.00530098 -0.0270406 0.00756677 0.0118902 -0.030319 -0.0130906 -8.03738e-05 -0.00675591 -0.0171471 4.73213e-05 0.00483968 -0.0218141 -0.000204758 -0.00129408 -0.000345135
internal_weight=429889 374873 55016 31867 27843 358230 17955 15935 21471 7914 13557 23149 7878 12741 7550 9253 2673 8425 328 13292 1016 340275 6387 3320 333888 16685 2927 317203 154733 110102
internal_count=429889 374873 55016 31867 27843 358230 17955 15935 21471 7914 13557 23149 7878 12741 7550 9253 2673 8425 328 13292 1016 340275 6387 3320 333888 16685 2927 317203 154733 110102
cat_boundaries=0 3 5 8 9 12 13 15 18 21 24
cat_threshold=167805074 1346371584 2 2147483648 1049088 167772176 268435456 2 16793600 134217728 268435456 2 32768 167772160 268435456 1946169664 84497665 13 1141911556 251934736 4 545333504 2769243585 8
is_linear=0
shrinkage=0.05


Tree=133
num_leaves=31
num_cat=11
split_feature=0 0 0 1 6 4 0 1 0 0 6 0 0 1 11 9 6 11 1 11 1 0 11 0 10 11 6 0 1 10
split_gain=19765.2 14949.6 3940.18 1531.14 873.624 871.627 552.488 471.461 635.166 309.382 319.815 264.741 221.101 698.582 806.048 345.07 217.362 194.43 186.181 174.645 164.684 148.785 132.808 177.71 132.58 127.341 126.334 125.629 123.836 123.329
threshold=0 1 2 9.5000000000000018 1.1666666666666667 5.5000000000000009 3 10.500000000000002 4 5 2.5000000000000004 6 7 9.5000000000000018 -1134.9999999999998 44.500000000000007 1.7500000000000002 332.00000000000006 18.500000000000004 -1264.9999999999998 11.500000000000002 8 -1214.9999999999998 9 16.500000000000004 -857.49999999999989 2.5000000000000004 10 10.500000000000002 4.5000000000000009
decision_type=9 9 9 2 2 2 9 2 9 9 2 9 9 2 2 2 2 2 2 2 2 9 2 9 2 2 2 9 2 2
left_child=2 -2 3 -1 5 6 18 8 -7 10 17 22 13 -3 -15 26 -17 -4 -5 21 -12 -6 27 -24 -25 -13 -16 29 -21 -9
right_child=1 12 9 4 19 7 -8 11 -10 -11 20 25 -14 14 15 16 -18 -19 -20 28 -22 -23 23 24 -26 -27 -28 -29 -30 -31
leaf_value=-0.00050676427574063436 6.2990436309640076e-06 -0.00047868344940731338 -0.00054476538942411785 -0.0023806454884897302 0.019142264209091486 5.0910536358372842e-05 -0.0026958092248094978 0.24805530124334468 -0.00070882264097633658 -0.00054476538942411785 -0.11685303353623158 -0.00066392566613426851 -0.00020054331897103597 -0.00055862731190705619 -0.00017519546705697665 2.6203220901077629e-06 0.0032588362469856413 -0.00054476538942411785 -0.0041592136480974595 -0.05434395644654369 0.014907013696639649 -0.012823564627277807 -0.010583509097078192 -0.0017014768576975481 -0.0016945937609072815 -0.00021933200419610444 0.61653003982587884 -0.00027443017611901156 0.0016958938567114058 -0.0019446987566553277
leaf_weight=5016 16643 1028 3037 1909 190 829 7260 162 743 15271 97 4718 340275 2367 4365 678 366 4513 764 742 231 1059 2695 1934 1202 3719 218 1009 6308 541
leaf_count=5016 16643 1028 3037 1909 190 829 7260 162 743 15271 97 4718 340275 2367 4365 678 366 4513 764 742 231 1059 2695 1934 1202 3719 218 1009 6308 541
internal_value=-0.00253705 0.00194507 -0.0281813 -0.0188214 -0.0151995 -0.0194925 -0.0076563 -0.0261907 -6.36132e-05 -0.044663 -0.0363971 -0.028761 -0.000261518 -0.00798273 -0.00300225 0.00729518 0.0332375 -0.038543 -0.0270406 -0.000982046 0.0118902 -0.0182146 -0.021839 -0.018273 -0.0263509 -0.0348822 0.00138556 -0.0341121 0.00207092 -0.0170407
internal_weight=429889 365940 63949 40800 35784 27485 9933 17552 1572 23149 7878 15980 349297 9022 7994 5627 1044 7550 2673 8299 328 1249 7543 5831 3136 8437 4583 1712 7050 703
internal_count=429889 365940 63949 40800 35784 27485 9933 17552 1572 23149 7878 15980 349297 9022 7994 5627 1044 7550 2673 8299 328 1249 7543 5831 3136 8437 4583 1712 7050 703
cat_boundaries=0 3 5 8 9 12 13 14 15 18 19 20
cat_threshold=184582290 1346371584 2 2147483648 1049088 184549392 268435456 2 33554448 16777232 0 2 32768 184549376 16384 0 0 2 16777216 167772160
is_linear=0
shrinkage=0.05


Tree=134
num_leaves=31
num_cat=11
split_feature=0 0 0 1 6 4 0 1 0 0 6 0 0 1 11 9 6 11 1 1 11 0 11 0 10 11 6 0 1 10
split_gain=19743.1 14948.4 3949.18 1534.62 887.326 871.627 552.488 471.461 635.166 309.382 319.815 264.741 221.216 698.582 806.048 345.07 217.362 194.43 186.181 164.684 158.494 141.967 132.808 177.71 132.58 127.341 126.334 125.629 123.836 123.329
threshold=0 1 2 9.5000000000000018 1.1666666666666667 5.5000000000000009 3 10.500000000000002 4 5 2.5000000000000004 6 7 9.5000000000000018 -1134.9999999999998 44.500000000000007 1.7500000000000002 332.00000000000006 18.500000000000004 11.500000000000002 -1264.9999999999998 8 -1214.9999999999998 9 16.500000000000004 -857.49999999999989 2.5000000000000004 10 10.500000000000002 4.5000000000000009
decision_type=9 9 9 2 2 2 9 2 9 9 2 9 9 2 2 2 2 2 2 2 2 9 2 9 2 2 2 9 2 2
left_child=2 -2 3 -1 5 6 18 8 -7 10 17 22 13 -3 -15 26 -17 -4 -5 -12 21 -6 27 -24 -25 -13 -16 29 -22 -9
right_child=1 12 9 4 20 7 -8 11 -10 -11 19 25 -14 14 15 16 -18 -19 -20 -21 28 -23 23 24 -26 -27 -28 -29 -30 -31
leaf_value=-0.00048142606195358264 5.9840914493847213e-06 -0.00045474927693693883 -0.00051752711995289857 -0.0022616132140652391 0.018185150998636913 4.836500954046308e-05 -0.0025610187635690452 0.23565253618117743 -0.00067338150892752861 -0.00051752711995289857 -0.11101038185942001 -0.00063072938282755515 -0.0001905161530224575 -0.0005306959463116989 -0.00016643569370411448 2.4893059856090362e-06 0.0030958944346363816 -0.00051752711995289857 -0.0039512529656925647 0.01416166301180768 -0.051626758624216507 -0.012182386395913937 -0.0100543336422243 -0.0016164030148126509 -0.0016098640728618996 -0.00020836540398629924 0.58570353783458484 -0.00026070866731306989 0.001611099163875851 -0.0018474638188225702
leaf_weight=5016 16643 1028 3037 1909 190 829 7260 162 743 15271 97 4718 340275 2367 4365 678 366 4513 764 231 742 1059 2695 1934 1202 3719 218 1009 6308 541
leaf_count=5016 16643 1028 3037 1909 190 829 7260 162 743 15271 97 4718 340275 2367 4365 678 366 4513 764 231 742 1059 2695 1934 1202 3719 218 1009 6308 541
internal_value=-0.00253263 0.00194699 -0.0281626 -0.018792 -0.015166 -0.0194925 -0.0076563 -0.0261907 -6.36132e-05 -0.044663 -0.0363971 -0.028761 -0.000259514 -0.00798273 -0.00300225 0.00729518 0.0332375 -0.038543 -0.0270406 0.0118902 -0.00083745 -0.0172538 -0.021839 -0.018273 -0.0263509 -0.0348822 0.00138556 -0.0341121 0.00207092 -0.0170407
internal_weight=429889 365940 63949 40800 35784 27485 9933 17552 1572 23149 7878 15980 349297 9022 7994 5627 1044 7550 2673 328 8299 1249 7543 5831 3136 8437 4583 1712 7050 703
internal_count=429889 365940 63949 40800 35784 27485 9933 17552 1572 23149 7878 15980 349297 9022 7994 5627 1044 7550 2673 328 8299 1249 7543 5831 3136 8437 4583 1712 7050 703
cat_boundaries=0 3 5 8 9 12 13 14 15 18 19 20
cat_threshold=184582290 1346371584 2 2147483648 1049088 184549392 268435456 2 33554448 16777232 0 2 32768 184549376 16384 0 0 2 16777216 167772160
is_linear=0
shrinkage=0.05


Tree=135
num_leaves=31
num_cat=10
split_feature=0 0 0 1 6 4 0 1 11 0 11 0 6 1 11 5 1 6 1 1 0 5 0 1 11 5 0 11 0 1
split_gain=19743 15171.7 3204.84 1020.53 908.574 792.372 786.763 1238.09 1420.95 519.785 431.963 309.382 319.815 210.631 194.43 193.339 186.181 168.283 164.684 130.611 464.837 112.607 289.434 190.923 156.451 151.002 352.671 130.863 548.996 451.509
threshold=0 1 2 9.5000000000000018 1.1666666666666667 5.5000000000000009 3 9.5000000000000018 -1234.9999999999998 4 664.50000000000011 5 2.5000000000000004 17.500000000000004 332.00000000000006 90.65000000000002 18.500000000000004 0.58333333333333337 11.500000000000002 10.500000000000002 6 68.40000000000002 7 9.5000000000000018 -604.99999999999989 71.15000000000002 8 332.00000000000006 9 11.500000000000002
decision_type=9 9 9 2 2 2 9 2 2 9 2 9 2 2 2 2 2 2 2 2 9 2 9 2 2 2 9 2 9 2
left_child=2 -2 3 -1 5 9 7 -3 -9 -5 19 12 14 15 -4 17 -11 -10 -14 20 -7 22 23 -8 -25 26 -23 -27 29 -29
right_child=1 6 11 4 -6 10 21 8 13 16 -12 -13 18 -15 -16 -17 -18 -19 -20 -21 -22 25 -24 24 -26 27 -28 28 -30 -31
leaf_value=-0.00064213118627476362 5.6848868768888398e-06 -0.00043201181309009411 -0.00049165076395523148 0.00029844316003653227 -0.00044731793403953726 -0.00063971243348115436 0.025357272879404126 -0.00050416114899611844 -0.22087549904170656 -0.0021485325533619815 7.8510967741696188e-06 -0.00049165076395523148 -0.10545986276644902 -0.0043229224974795869 -0.00049165076395523148 -0.00057273524991536824 -0.003753690317407932 0.00035967726129122469 0.013453579861217336 -0.00059919291368619736 0.00085889598390158643 0.17070818937676435 0.01580158485165999 -0.063411407707827078 -0.21528936026661258 0.0011574295407360546 -0.00080872979943684702 -0.0038875812018195344 -0.020380630102041275 0.14602471251478449
leaf_weight=4024 16643 2020 3037 5241 6372 743 371 3194 358 1909 265 15271 97 3488 4513 828 764 8067 231 12276 273 5137 3222 1267 1527 238302 11548 8998 59080 10823
leaf_count=4024 16643 2020 3037 5241 6372 743 371 3194 358 1909 265 15271 97 3488 4513 828 764 8067 231 12276 273 5137 3222 1267 1527 238302 11548 8998 59080 10823
internal_value=-0.00252914 0.00157609 -0.0304965 -0.0201948 -0.0167996 -0.02172 -0.000592619 -0.0107904 -0.00612174 -0.00914834 -0.0290588 -0.044663 -0.0363971 0.0013539 -0.038543 0.00530098 -0.0270406 0.00756677 0.0118902 -0.030319 -0.0130906 -5.42193e-05 -0.00663066 -0.0173386 -0.0218683 7.15809e-05 0.00470782 -0.000172287 -0.00193724 0.00526196
internal_weight=429889 374873 55016 31867 27843 21471 358230 17955 15935 7914 13557 23149 7878 12741 7550 9253 2673 8425 328 13292 1016 340275 6387 3165 2794 333888 16685 317203 78901 19821
internal_count=429889 374873 55016 31867 27843 21471 358230 17955 15935 7914 13557 23149 7878 12741 7550 9253 2673 8425 328 13292 1016 340275 6387 3165 2794 333888 16685 317203 78901 19821
cat_boundaries=0 3 5 8 9 12 13 15 18 21 24
cat_threshold=167805074 1346371584 2 2147483648 1049088 167772176 268435456 2 16793600 134217728 268435456 2 32768 167772160 268435456 1946169664 84497665 12 1141911556 235145216 4 77888 771971104 8
is_linear=0
shrinkage=0.05


Tree=136
num_leaves=31
num_cat=10
split_feature=0 0 0 0 1 11 1 6 4 0 11 0 6 1 6 11 1 1 0 1 2 2 0 10 0 0 10 10 5 11
split_gain=19607 15217.7 3223.01 1044.36 1131.3 1251.68 1026.52 899.935 814.653 488.771 431.963 309.382 319.815 224.703 211.392 194.43 164.684 130.611 464.837 127.829 140.353 113.506 418.615 189.829 201.768 187.989 233.982 445.848 217.921 225.717
threshold=0 1 2 3 9.5000000000000018 -1234.9999999999998 9.5000000000000018 1.1666666666666667 5.5000000000000009 4 664.50000000000011 5 2.5000000000000004 18.500000000000004 2.5000000000000004 332.00000000000006 11.500000000000002 10.500000000000002 6 18.500000000000004 4.5000000000000009 1.0000000180025095e-35 7 5.5000000000000009 8 9 30.500000000000004 29.500000000000004 68.850000000000009 -1224.9999999999998
decision_type=9 9 9 9 2 2 2 2 2 9 2 9 2 2 2 2 2 2 9 2 2 2 9 2 9 9 2 2 2 2
left_child=2 -2 6 4 -3 -6 -1 8 9 -8 17 12 15 -11 19 -4 -14 18 -10 20 -7 22 23 24 -5 26 27 28 -23 -30
right_child=1 3 11 21 5 14 7 -9 10 13 -12 -13 16 -15 -16 -17 -18 -19 -20 -21 -22 25 -24 -25 -26 -27 -28 -29 29 -31
leaf_value=-0.00061002462696100332 5.4006425330044296e-06 -0.0004104112224355916 -0.00046706822575748319 -0.02132039647643005 -0.00047895309154633026 0.00034169339822667235 0.00028352100203470342 -0.00042495203733756705 -0.00060772681180711887 -0.0020411059256938645 7.4585419354455952e-06 -0.00046706822575748319 -0.10018686962812656 -0.0035660058015375196 0.30714985995415811 -0.00046706822575748319 0.012780900868156487 -0.00056923326800188971 0.00081595118470652046 -0.0050085848470471823 -0.00054409848741960871 -0.074994954485276821 0.0068874829994985294 -0.020424205585479305 -0.19622177246200367 -0.0038879912850004143 -0.014092236496885846 0.26533635462994065 -0.014870258993956798 0.011022054464266696
leaf_weight=4024 16643 2020 3037 2220 3194 7054 5241 6372 743 1909 265 15271 97 764 499 4513 231 12276 273 2256 2932 3320 24164 22063 2363 139635 18129 3343 18435 106603
leaf_count=4024 16643 2020 3037 2220 3194 7054 5241 6372 743 1909 265 15271 97 764 499 4513 231 12276 273 2256 2932 3320 24164 22063 2363 139635 18129 3343 18435 106603
internal_value=-0.00258567 0.0015054 -0.0304565 -0.000666592 -0.0124158 -0.00795419 -0.0201258 -0.0167205 -0.0216175 -0.00887036 -0.0290588 -0.044663 -0.0363971 -0.0262206 -0.000937917 -0.038543 0.0118902 -0.030319 -0.0130906 -0.0022382 0.000190266 -4.62847e-05 -0.00222594 -0.00654637 -0.0158084 0.00033631 0.00156634 0.00229953 0.00183004 0.00216574
internal_weight=429889 374873 55016 358230 17955 15935 31867 27843 21471 7914 13557 23149 7878 2673 12741 7550 328 13292 1016 12242 9986 340275 50810 26646 4583 289465 149830 131701 128358 125038
internal_count=429889 374873 55016 358230 17955 15935 31867 27843 21471 7914 13557 23149 7878 2673 12741 7550 328 13292 1016 12242 9986 340275 50810 26646 4583 289465 149830 131701 128358 125038
cat_boundaries=0 3 5 8 9 12 13 15 18 21 24
cat_threshold=167805074 1346371584 2 2147483648 1049088 167772176 268435456 2 16793600 134217728 268435456 2 32768 167772160 268435456 1947217988 2265143297 5 1677721664 2231500801 1 1687171328 2265925761 4
is_linear=0
shrinkage=0.05


Tree=137
num_leaves=31
num_cat=11
split_feature=0 0 0 1 6 4 0 1 0 0 1 11 0 6 0 1 11 1 5 10 2 11 0 11 0 10 11 0 10 1
split_gain=19648.8 14970.7 3967.2 1541.6 855.432 882.849 518.899 509.835 678.972 325.615 639.229 685.694 309.382 319.815 264.741 224.703 194.43 164.684 159.198 138.714 134.238 134.142 134.209 132.808 177.71 132.58 127.341 125.629 123.329 118.442
threshold=0 1 2 9.5000000000000018 1.1666666666666667 5.5000000000000009 3 10.500000000000002 4 5 9.5000000000000018 -1134.9999999999998 6 2.5000000000000004 7 18.500000000000004 332.00000000000006 11.500000000000002 75.250000000000014 3.5000000000000004 1.0000000180025095e-35 -1264.9999999999998 8 -1214.9999999999998 9 16.500000000000004 -857.49999999999989 10 4.5000000000000009 10.500000000000002
decision_type=9 9 9 2 2 2 9 2 9 9 2 2 9 2 9 2 2 2 2 2 2 2 9 2 9 2 2 9 2 2
left_child=2 -2 3 -1 5 6 15 8 -7 10 -3 -12 13 16 23 -5 -4 -15 19 -13 -20 22 -6 27 -25 -26 -16 28 -9 -23
right_child=1 9 12 4 21 7 -8 14 -10 -11 11 18 -14 17 26 -17 -18 -19 20 -21 -22 29 -24 24 25 -27 -28 -29 -30 -31
leaf_value=-0.00039474696819410406 5.1306104063897354e-06 -0.00038989066131382981 -0.00044371481446958683 -0.001939050629409156 0.017319506947273935 1.0878226087562837e-05 -0.0024620660334941482 0.22392833068120296 -0.00057734047121678074 -0.00014179331820884933 -0.00045500543696901379 0.20971440314674467 -0.00044371481446958683 -0.095177526146720218 -0.00054077160460179745 -0.0033877055114606594 -0.00044371481446958683 0.012141855824748672 -3.2703692289537405e-05 -0.0042131985136263598 0.00032460872831534542 -0.049001807194436836 -0.011529653577549405 -0.009540064867528654 -0.001477161554987605 -0.0014709495601344269 -0.00013952582470260212 -0.00019851752192030504 -0.0016966693187970617 0.0010653456996179145
leaf_weight=5016 16643 1028 3037 1909 190 829 7260 162 743 340275 2367 458 15271 97 4718 764 4513 231 591 1209 3369 742 1059 2695 1934 1202 3719 1009 541 6308
leaf_count=5016 16643 1028 3037 1909 190 829 7260 162 743 340275 2367 458 15271 97 4718 764 4513 231 591 1209 3369 742 1059 2695 1934 1202 3719 1009 541 6308
internal_value=-0.00255636 0.00191256 -0.028125 -0.0187332 -0.0150989 -0.0193469 -0.00743481 -0.0260882 0.00108142 -0.000295585 -0.00966563 -0.00490368 -0.044663 -0.0363971 -0.028761 -0.0262206 -0.038543 0.0118902 0.00459392 -0.00836833 0.0100505 -0.00103024 -0.0161329 -0.021839 -0.018273 -0.0263509 -0.0348822 -0.0341121 -0.0170407 0.00164539
internal_weight=429889 365940 63949 40800 35784 27485 9933 17552 1572 349297 9022 7994 23149 7878 15980 2673 7550 328 5627 1667 3960 8299 1249 7543 5831 3136 8437 1712 703 7050
internal_count=429889 365940 63949 40800 35784 27485 9933 17552 1572 349297 9022 7994 23149 7878 15980 2673 7550 328 5627 1667 3960 8299 1249 7543 5831 3136 8437 1712 703 7050
cat_boundaries=0 3 5 8 9 12 13 14 15 18 19 20
cat_threshold=184582290 1346371584 2 2147483648 1049088 184549392 268435456 2 33554448 16777232 0 2 16384 32768 184549376 0 0 2 16777216 167772160
is_linear=0
shrinkage=0.05


Tree=138
num_leaves=31
num_cat=11
split_feature=0 0 0 0 1 11 1 6 4 0 11 0 6 1 11 1 1 2 3 1 0 5 5 0 2 0 10 0 0 6
split_gain=19604.5 15217.9 3223.83 1056.21 1127.01 1244.95 1026.79 901.255 814.653 488.771 431.963 309.382 319.815 224.703 194.43 164.684 143.066 158.866 131.474 130.611 464.837 114.346 109.787 262.859 113.561 396.565 200.682 184.038 177.184 215.541
threshold=0 1 2 3 9.5000000000000018 -1234.9999999999998 9.5000000000000018 1.1666666666666667 5.5000000000000009 4 664.50000000000011 5 2.5000000000000004 18.500000000000004 332.00000000000006 11.500000000000002 18.500000000000004 4.5000000000000009 26.500000000000004 10.500000000000002 6 68.40000000000002 93.100000000000009 7 1.0000000180025095e-35 8 5.5000000000000009 9 10 1.1666666666666667
decision_type=9 9 9 9 2 2 2 2 2 9 2 9 2 2 2 2 2 2 2 2 9 2 2 9 2 9 2 9 9 2
left_child=2 -2 6 4 -3 -6 -1 8 9 -8 19 12 14 -11 -4 -14 17 18 21 20 -10 -7 24 -24 25 26 27 -5 29 -26
right_child=1 3 11 22 5 16 7 -9 10 13 -12 -13 15 -15 -16 -17 -18 -19 -20 -21 -22 -23 23 -25 28 -27 -28 -29 -30 -31
leaf_value=-0.00055978604720325904 4.8740798860968944e-06 -0.00037039612824814051 -0.0004215290737461075 -0.27783589407781178 -0.00043225516512057638 -0.29049560811459646 0.00039244825360764681 -0.00045697172045158221 -0.00054847344765596162 -0.0018420980979386937 6.5417035342907329e-06 -0.0004215290737461075 -0.090418649839384191 -0.0032183202358876174 -0.0004215290737461075 0.011534763033511197 -0.004735405332846377 -0.00053312399946441329 -3.1068507675069411e-05 -0.00051373302437172084 0.00077460971416680739 0.12719253110684756 -0.098059877522476538 0.0086539843699805271 0.0032310546781249005 0.0060075315549531277 -0.023504072622317376 -0.041800938540177149 -0.0013994569221547071 0.065194212908190607
leaf_weight=4024 16643 2020 3037 1889 3194 212 5241 6372 743 1909 265 15271 97 764 4513 231 2330 2932 3309 12276 273 3958 3308 3585 71380 24457 21757 2707 185570 25622
leaf_count=4024 16643 2020 3037 1889 3194 212 5241 6372 743 1909 265 15271 97 764 4513 231 2330 2932 3309 12276 273 3958 3308 3585 71380 24457 21757 2707 185570 25622
internal_value=-0.00258567 0.00150514 -0.0304547 -0.000666871 -0.0124826 -0.00802949 -0.0201227 -0.0167169 -0.0216175 -0.00887036 -0.0290588 -0.044663 -0.0363971 -0.0262206 -0.038543 0.0118902 -0.0010321 0.0014744 0.00534162 -0.030319 -0.0130906 0.011247 -4.30521e-05 -0.00628899 8.60874e-05 -0.00209014 -0.00634412 -0.0158399 0.0004774 0.00220901
internal_weight=429889 374873 55016 358230 17955 15935 31867 27843 21471 7914 13557 23149 7878 2673 7550 328 12741 10411 7479 13292 1016 4170 340275 6893 333382 50810 26353 4596 282572 97002
internal_count=429889 374873 55016 358230 17955 15935 31867 27843 21471 7914 13557 23149 7878 2673 7550 328 12741 10411 7479 13292 1016 4170 340275 6893 333382 50810 26353 4596 282572 97002
cat_boundaries=0 3 5 8 9 12 13 15 18 21 24 27
cat_threshold=167805074 1346371584 2 2147483648 1049088 167772176 268435456 2 16793600 134217728 268435456 2 32768 167772160 268435456 872427780 2383153330 12 1947218244 117659777 4 268447748 88064 4 612380928 101075072 4
is_linear=0
shrinkage=0.05


Tree=139
num_leaves=31
num_cat=11
split_feature=0 0 0 1 6 4 0 0 1 11 1 0 0 6 0 2 1 11 1 6 11 0 11 0 10 0 11 10 1 6
split_gain=19620.5 15015 3944.68 1532.88 865.658 899.102 518.899 518.374 555.139 523.4 442.254 602.09 309.382 319.815 265.85 230.08 224.703 194.43 164.684 145.241 132.724 133.663 130.856 177.71 132.58 128.374 127.341 121.503 118.264 111.927
threshold=0 1 2 9.5000000000000018 1.1666666666666667 5.5000000000000009 3 4 9.5000000000000018 -1134.9999999999998 10.500000000000002 5 6 2.5000000000000004 7 1.0000000180025095e-35 18.500000000000004 332.00000000000006 11.500000000000002 0.83333333333333337 -1264.9999999999998 8 -1214.9999999999998 9 16.500000000000004 10 -857.49999999999989 4.5000000000000009 10.500000000000002 2.5000000000000004
decision_type=9 9 9 2 2 2 9 9 2 2 2 9 9 2 9 2 2 2 2 2 2 9 2 9 2 9 2 2 2 2
left_child=2 -2 3 -1 5 6 16 8 -3 -10 11 -7 13 17 22 -11 -5 -4 -15 -17 21 29 25 -24 -25 27 -16 -12 -22 -6
right_child=1 7 12 4 20 10 -8 -9 9 15 14 -13 -14 18 26 19 -18 -19 -20 -21 28 -23 23 24 -26 -27 -28 -29 -30 -31
leaf_value=-0.00034702031742424034 4.630375891778727e-06 -0.00035187632183575346 -0.00040045262005881103 -0.0017499931930417658 0.016476380185932806 1.1887740166915961e-05 -0.0023585851444998251 -0.00014266593137275408 -0.00041064240686452538 -0.0037382832401777755 0.21275760079836137 -0.00052104977527314136 -0.00040045262005881103 -0.085897717347415012 -0.00048804637315313926 -0.27255323235902573 -0.0030574042240932189 -0.00040045262005881103 0.010958024881835638 0.00016006217760002885 -0.046528868248692401 -0.010930322312649343 -0.0089432824901546585 -0.0013776168260196454 -0.0013717154309091041 -0.00016697888756826986 -0.00010686288224888153 -0.0015861492016386427 0.00089991545201080221 -0.012285284876709435
leaf_weight=5016 16643 1028 3037 1909 149 829 7260 340275 2367 838 162 743 15271 97 4718 236 764 4513 231 4553 742 1059 2695 1934 1202 1009 3719 541 6308 41
leaf_count=5016 16643 1028 3037 1909 149 829 7260 340275 2367 838 162 743 15271 97 4718 236 764 4513 231 4553 742 1059 2695 1934 1202 1009 3719 541 6308 41
internal_value=-0.00262172 0.00184397 -0.028172 -0.0188067 -0.0151828 -0.0194561 -0.00743481 -0.000367442 -0.01219 -0.00775582 -0.0262591 -0.000954198 -0.044663 -0.0363971 -0.0287484 0.00054203 -0.0262206 -0.038543 0.0118902 0.00477135 -0.00103024 -0.0160528 -0.0218125 -0.018273 -0.0263509 -0.0339953 -0.0348822 -0.0167602 0.00163121 0.022
internal_weight=429889 365940 63949 40800 35784 27485 9933 349297 9022 7994 17552 1572 23149 7878 15980 5627 2673 7550 328 4789 8299 1249 7543 5831 3136 1712 8437 703 7050 190
internal_count=429889 365940 63949 40800 35784 27485 9933 349297 9022 7994 17552 1572 23149 7878 15980 5627 2673 7550 328 4789 8299 1249 7543 5831 3136 1712 8437 703 7050 190
cat_boundaries=0 3 5 8 9 10 13 14 15 18 19 20
cat_threshold=184582290 1346371584 2 2147483648 1049088 184549392 268435456 2 33554448 16384 16777232 0 2 32768 184549376 0 0 2 16777216 167772160
is_linear=0
shrinkage=0.05


Tree=140
num_leaves=31
num_cat=11
split_feature=0 0 0 1 6 4 0 0 1 11 1 0 0 6 11 0 1 9 11 0 2 1 10 11 0 6 1 6 1 0
split_gain=19299 14991.7 4081.51 1585.87 804.886 803.292 518.899 418.306 595.706 600.389 406.944 602.09 309.382 319.815 225.132 335.979 224.703 204.662 194.43 169.362 167.941 164.684 133.99 132.724 133.663 127.369 118.264 111.927 108.818 146.209
threshold=0 1 2 9.5000000000000018 1.1666666666666667 5.5000000000000009 3 4 9.5000000000000018 -1134.9999999999998 10.500000000000002 5 6 2.5000000000000004 -1194.9999999999998 7 18.500000000000004 40.500000000000007 332.00000000000006 8 1.0000000180025095e-35 11.500000000000002 3.5000000000000004 -1264.9999999999998 9 2.5000000000000004 10.500000000000002 2.5000000000000004 18.500000000000004 10
decision_type=9 9 9 2 2 2 9 9 2 2 2 9 9 2 2 9 2 2 2 9 2 2 2 2 9 2 2 2 2 9
left_child=2 -2 3 -1 5 6 16 8 -3 -10 11 -7 13 18 19 -16 -5 20 -4 22 -11 -15 -12 24 27 -22 -25 -6 -17 -30
right_child=1 7 12 4 23 10 -8 -9 9 17 14 -13 -14 21 15 28 -18 -19 -20 -21 25 -23 -24 26 -26 -27 -28 -29 29 -31
leaf_value=-0.00032966930155304831 4.3988570971542634e-06 -0.00033428250574396579 -0.00038042998905587491 -0.0016624935333896752 0.015652561176636184 1.1293353158592368e-05 -0.0022406558872748229 -0.00013553263480412526 -0.00039011028652131686 -0.0081341380131749307 0.27159187336788398 -0.00049499728650950205 -0.00038042998905587491 -0.081602831480044241 -0.0084961183656469437 -0.00030028835032744897 -0.002904534012888549 0.00015739907971754619 -0.00038042998905587491 -0.00046364405449548233 -0.00051447090837117846 0.010410123637743851 -0.0015068417415567304 -0.044202424836257762 -0.010383806197016865 0.53465902398144505 0.00085491967941027098 -0.011671020632873974 1.3160750283347513e-06 -0.0057848526982635208
leaf_weight=5016 16643 1028 3037 1909 149 829 7260 340275 2367 632 151 743 15271 97 2603 8393 764 1259 4513 2841 3518 231 637 742 1059 218 6308 41 270 1085
leaf_count=5016 16643 1028 3037 1909 149 829 7260 340275 2367 632 151 743 15271 97 2603 8393 764 1259 4513 2841 3518 231 637 742 1059 218 6308 41 270 1085
internal_value=-0.00254891 0.00188004 -0.027889 -0.0183631 -0.014677 -0.0187975 -0.00743481 -0.000329653 -0.01095 -0.00635477 -0.0252279 -0.000954198 -0.044663 -0.0363971 -0.0276158 -0.0243988 -0.0262206 0.00253243 -0.038543 -0.0385643 -0.002587 0.0118902 -0.0172932 -0.00103024 -0.0160528 0.0014454 0.00163121 0.022 -0.0286534 -0.0155351
internal_weight=429889 365940 63949 40800 35784 27485 9933 349297 9022 7994 17552 1572 23149 7878 15980 12351 2673 5627 7550 3629 4368 328 788 8299 1249 3736 7050 190 9748 1355
internal_count=429889 365940 63949 40800 35784 27485 9933 349297 9022 7994 17552 1572 23149 7878 15980 12351 2673 5627 7550 3629 4368 328 788 8299 1249 3736 7050 190 9748 1355
cat_boundaries=0 3 5 8 9 10 13 14 15 16 19 22
cat_threshold=184582290 1346371584 2 2147483648 1049088 184549392 268435456 2 33554448 16384 16777232 0 2 32768 16777216 167772160 0 0 2 0 0 2
is_linear=0
shrinkage=0.05


Tree=141
num_leaves=31
num_cat=9
split_feature=0 0 0 1 6 3 11 0 1 11 0 6 0 11 1 0 3 5 11 1 11 1 10 0 10 9 5 14 0 9
split_gain=18808.6 14983 4275.89 1661.15 804.256 717.965 487.813 395.315 606.071 620.461 309.382 319.815 308.162 363.124 239.257 205.012 241.583 198.875 194.43 164.684 162.026 126.18 118.476 116.701 110.657 121.89 134.083 100.825 181.226 105.411
threshold=0 1 2 9.5000000000000018 1.1666666666666667 25.500000000000004 664.50000000000011 3 9.5000000000000018 -1134.9999999999998 4 2.5000000000000004 5 -1244.9999999999998 10.500000000000002 6 23.500000000000004 76.550000000000011 332.00000000000006 11.500000000000002 -1175.4999999999998 10.500000000000002 3.5000000000000004 7 5.5000000000000009 48.500000000000007 93.500000000000014 125.00000000000001 8 51.500000000000007
decision_type=9 9 9 2 2 2 2 9 2 2 9 2 9 2 2 9 2 2 2 2 2 2 2 9 2 2 2 2 9 2
left_child=2 -2 3 -1 5 15 12 8 -3 -10 11 18 13 -7 23 -5 21 22 -4 -13 -18 -17 -11 -15 -19 -26 -27 29 -29 -9
right_child=1 7 10 4 -6 6 -8 27 9 17 -12 19 -14 14 -16 16 20 24 -20 -21 -22 -23 -24 -25 25 26 -28 28 -30 -31
leaf_value=-0.0003131858364754159 4.1789142422921092e-06 -0.00031756838045677861 -0.0003614084896030878 -0.001579368856720187 -0.0010507921377345575 -0.00013544774046505558 5.0555636912807957e-06 0.00062424301713548402 -0.00037060477219523773 0.057751235628046162 -0.0003614084896030878 -0.077522689906042039 -0.0012937215672022885 0.00073472017379221381 -3.3132500057364569e-05 -0.075618976493319112 -0.00046269153486759866 -6.3253766187454383e-05 -0.0003614084896030878 0.0098896174558566596 -0.00010873500371695323 0.0016309024642562786 -0.0083520030495352945 -3.2119976966349388e-05 0.00017778261413856634 0.00014952912573167333 -0.24697716672287681 0.30397839866215187 -0.011734146217999309 -0.010336526631295541
leaf_weight=5016 16643 1028 3037 4117 8299 1046 205 290567 2367 511 15271 97 6579 402 4809 671 547 757 4513 231 2183 6812 1263 114 2517 525 54 2163 2612 44933
leaf_count=5016 16643 1028 3037 4117 8299 1046 205 290567 2367 511 15271 97 6579 402 4809 671 547 757 4513 231 2183 6812 1263 114 2517 525 54 2163 2612 44933
internal_value=-0.0024789 0.00189343 -0.027495 -0.0177457 -0.0139727 -0.0180917 -0.026526 -0.000315625 -0.0106399 -0.0060045 -0.044663 -0.0363971 -0.0277375 -0.0197853 -0.0145258 -0.0103489 -0.00652939 0.00303003 -0.038543 0.0118902 -0.0192674 -0.00189095 -0.010823 0.0178295 0.00940825 0.0135982 0.0342832 -4.15828e-05 0.00717277 -0.000144262
internal_weight=429889 365940 63949 40800 35784 27485 13155 349297 9022 7994 23149 7878 12950 6371 5325 14330 10213 5627 7550 328 2730 7483 1774 516 3853 3096 579 340275 4775 335500
internal_count=429889 365940 63949 40800 35784 27485 13155 349297 9022 7994 23149 7878 12950 6371 5325 14330 10213 5627 7550 328 2730 7483 1774 516 3853 3096 579 340275 4775 335500
cat_boundaries=0 3 5 8 9 10 13 14 17 19
cat_threshold=184582290 1346371584 2 2147483648 1049088 184549392 268435456 2 16384 32768 150994944 0 2 167772160 16777216 0 2 268448768 536887296
is_linear=0
shrinkage=0.05


Tree=142
num_leaves=31
num_cat=9
split_feature=0 0 0 1 11 6 0 3 11 0 6 0 0 6 0 11 1 1 1 5 1 3 2 1 3 11 7 5 0 6
split_gain=18755.8 14790 4928.59 2206.25 779.48 693.722 403.589 497.942 497.761 309.382 319.815 272.536 225.399 204.545 197.219 194.43 194.051 235.263 194.367 172.37 164.684 156.53 155.406 148.933 145.401 144.832 141.078 134.208 125.413 219.241
threshold=0 1 2 9.5000000000000018 -1254.9999999999998 1.1666666666666667 3 25.500000000000004 664.50000000000011 4 2.5000000000000004 5 6 1.7500000000000002 7 332.00000000000006 10.500000000000002 18.500000000000004 19.500000000000004 79.550000000000011 11.500000000000002 23.500000000000004 1.0000000180025095e-35 10.500000000000002 23.500000000000004 -1134.9999999999998 1.0000000180025095e-35 93.500000000000014 8 2.5000000000000004
decision_type=9 9 9 2 2 2 9 2 2 9 2 9 9 2 9 2 2 2 2 2 2 2 2 2 2 2 2 2 9 2
left_child=2 -2 9 -4 11 6 25 12 14 10 15 13 19 -5 16 -1 -9 -18 -19 26 -12 -15 -7 -24 -13 -6 -8 28 -25 -30
right_child=1 -3 3 4 5 22 7 8 -10 -11 20 24 -14 21 -16 -17 17 18 -20 -21 -22 -23 23 27 -26 -27 -28 -29 29 -31
leaf_value=-0.00034333806512294452 3.9699685301819445e-06 -9.3977400564071453e-05 -0.00030168996143395969 -0.00043368946474742209 -0.0044400671929250013 -0.067831660795537638 0.051894496283044503 0.00069798416510260532 4.8027855067189765e-06 -0.00034333806512294452 -0.073646555410739944 -0.011780374980195241 -0.0015004004138841954 -0.039900104124443919 -0.0012290354888421897 -0.00034333806512294452 -2.3793500380620005e-06 2.90689627977514e-06 -3.147587505449856e-05 -0.0020940881867728581 0.0093951365830638352 0.014922472724691094 -0.050958436987626636 0.015800373465457439 -0.00035207453358547807 -6.0091077878077215e-05 -0.028647350514700867 -0.23462830838673299 0.0018761015723786746 -0.03931676888330049
leaf_weight=3037 16643 340275 6044 1314 1373 366 1834 297 205 15271 97 1038 7783 115 5459 4513 2309 189 164 718 231 317 846 4642 3342 8587 166 218 1904 592
leaf_count=3037 16643 340275 6044 1314 1373 366 1834 297 205 15271 97 1038 7783 115 5459 4513 2309 189 164 718 231 317 846 4642 3342 8587 166 218 1904 592
internal_value=-0.00250192 0.00222062 -0.0255978 -0.0167322 -0.0128261 -0.0101349 -0.0138186 -0.0180673 -0.0269802 -0.044663 -0.0363971 -0.0293666 -0.0107656 -0.0124146 -0.0288548 -0.038543 -0.0182385 -0.022577 0.0154391 0.00164956 0.0118902 0.0173611 0.00236928 0.00379176 -0.0360137 -0.00563691 0.0092 0.00607667 0.00725693 -0.00179569
internal_weight=429889 356918 72971 49822 43778 37652 29084 19124 8623 23149 7878 6126 10501 1746 8418 7550 2959 2662 353 2718 328 432 8568 8202 4380 9960 2000 7356 7138 2496
internal_count=429889 356918 72971 49822 43778 37652 29084 19124 8623 23149 7878 6126 10501 1746 8418 7550 2959 2662 353 2718 328 432 8568 8202 4380 9960 2000 7356 7138 2496
cat_boundaries=0 3 5 7 8 9 12 14 17 19
cat_threshold=184598674 1346371584 2 2147483648 1049088 32898 1077936128 16793600 32768 167772160 0 2 0 268435456 134217728 0 2 16793616 268435456
is_linear=0
shrinkage=0.05


Tree=143
num_leaves=31
num_cat=10
split_feature=0 0 0 0 1 11 3 6 1 0 6 11 3 1 0 1 6 11 0 0 1 0 3 1 0 1 5 5 3 12
split_gain=18703.6 15492.9 2058.44 1718.14 1569.97 970.147 511.838 384.023 312.26 309.382 319.815 194.43 170.523 164.684 138.078 153.712 135.33 119.217 495.479 303.889 267.545 335.531 280.627 264.984 236.04 458.121 236.404 226.677 208.279 201.295
threshold=0 1 2 3 9.5000000000000018 -1244.9999999999998 25.500000000000004 1.7500000000000002 9.5000000000000018 4 2.5000000000000004 332.00000000000006 23.500000000000004 11.500000000000002 5 18.500000000000004 0.83333333333333337 555.00000000000011 6 7 19.500000000000004 8 28.500000000000004 12.500000000000002 9 17.500000000000004 78.450000000000017 82.90000000000002 24.500000000000004 13.250000000000002
decision_type=9 9 9 9 2 2 2 2 2 9 2 2 2 2 9 2 2 2 9 9 2 9 2 2 9 2 2 2 2 2
left_child=2 -2 6 4 -3 12 8 -8 -1 10 11 -4 -6 -12 15 16 -7 19 -19 20 23 28 -23 -5 25 26 -25 -27 -22 -20
right_child=1 3 9 17 5 14 7 -9 -10 -11 13 -13 -14 -15 -16 -17 -18 18 29 -21 21 22 -24 24 -26 27 -28 -29 -30 -31
leaf_value=-0.00046721847399879837 3.7714701036861698e-06 -0.00028660546336225503 -0.0003261711618668173 -0.018602481398652903 -0.0079891260293623034 -0.10596269227936156 -0.0011675837144000667 -0.00016639253410106748 -0.001425380393189979 -0.0003261711618668173 -0.069964227640202964 -0.0003261711618668173 -0.00033447080690618414 0.0089253797539106117 -2.8278232836909112e-05 -0.0042180638332787622 7.9626502512164529e-05 0.0081377485530869549 -0.050114167427226831 -0.0011946061796134445 1.7742829831308342 -0.13890785335526382 0.075607292843240526 0.1995981724240643 0.046717162752507951 -0.24662866750672593 0.34557777291487463 0.16450759032337212 -0.040343994374683591 -0.0063320050309126691
leaf_weight=1030 16643 2976 3037 3642 925 510 5971 1904 7452 15271 97 4513 2882 231 8950 2482 9901 20048 5901 254761 787 4660 2194 2663 18522 1533 3770 1315 693 24625
leaf_count=1030 16643 2976 3037 3642 925 510 5971 1904 7452 15271 97 4513 2882 231 8950 2482 9901 20048 5901 254761 787 4660 2194 2663 18522 1533 3770 1315 693 24625
internal_value=-0.00227675 0.00104139 -0.0350567 -0.00106114 -0.01283 -0.008846 -0.0214425 -0.0306349 -0.0129333 -0.044663 -0.0363971 -0.038543 -0.0321382 0.0118902 -0.00478643 -0.00146865 0.00119585 -8.46073e-05 -0.00232728 0.000300469 0.00436427 -0.00359971 -0.00826049 0.00647639 0.00813761 0.0146432 0.0220504 -0.00203652 0.0179195 -0.00633678
internal_weight=429889 390383 39506 373740 28626 25650 16357 7875 8482 23149 7878 7550 3807 328 21843 12893 10411 345114 50574 294540 39779 8334 6854 31445 27803 9281 6433 2848 1480 30526
internal_count=429889 390383 39506 373740 28626 25650 16357 7875 8482 23149 7878 7550 3807 328 21843 12893 10411 345114 50574 294540 39779 8334 6854 31445 27803 9281 6433 2848 1480 30526
cat_boundaries=0 2 4 6 9 10 11 14 16 18 20
cat_threshold=33587330 1346371584 2147483648 1049088 33554432 268435456 151011328 0 2 32768 16793600 1389888 120208688 8 8388624 344138 8388608 262144 16 81920
is_linear=0
shrinkage=0.05


Tree=144
num_leaves=31
num_cat=12
split_feature=0 0 0 0 1 11 3 6 1 0 6 0 3 11 9 11 0 11 11 6 0 0 0 1 3 1 0 6 0 1
split_gain=18737.7 15423.2 2090.16 1888.14 1528.45 896.244 531.801 384.023 320.59 309.382 319.815 253.675 575.988 194.43 191.256 176.761 946.492 345.654 342.184 331.405 362.586 325.242 198.927 164.684 163.405 159.909 159.624 154.002 153.322 257.304
threshold=0 1 2 3 9.5000000000000018 -1244.9999999999998 25.500000000000004 1.7500000000000002 9.5000000000000018 4 2.5000000000000004 5 23.500000000000004 332.00000000000006 8.5000000000000018 725.00000000000011 6 693.00000000000011 751.00000000000011 1.1666666666666667 7 8 9 11.500000000000002 23.500000000000004 21.500000000000004 10 1.1666666666666667 11 19.500000000000004
decision_type=9 9 9 9 2 2 2 2 2 9 2 9 2 2 2 2 9 2 2 2 9 9 9 2 2 2 9 2 9 2
left_child=2 -2 6 4 -3 24 8 -8 -1 10 13 14 -13 -4 -10 17 19 28 -18 20 -17 -19 -21 -12 -6 -16 -20 -7 29 -5
right_child=1 3 9 15 5 27 7 -9 11 -11 23 12 -14 -15 25 16 18 21 26 22 -22 -23 -24 -25 -26 -27 -28 -29 -30 -31
leaf_value=-0.00044385755029887621 3.5828965985196248e-06 -0.00027227519019414894 -0.00030986260377345869 0.0072991494087895964 -0.0075896697278941888 -2.8488169659901531e-05 -0.0011092045286800634 -0.00015807290739600077 -0.0019181147577747026 -0.00030986260377345869 -0.066466016258192803 -0.0025340498290544302 0.0018535655134192643 -0.00030986260377345869 0.03027631745377737 0.0058901407346804826 0.091754922025839403 -0.24268962806451705 -0.070874966271494796 -0.012465841795034384 0.008933746301720169 -0.011798457898269766 0.0052521201834857759 0.0084791107662150374 -0.00031774726656088605 -0.012326860023430442 -0.0059853836475888492 0.002101189996619901 -0.006093869940756314 -0.011660915147063845
leaf_weight=1030 16643 2976 3037 134642 925 16990 5971 1904 1648 15271 97 2452 957 4513 2100 2307 2867 2077 3128 413 4022 3506 1309 231 2882 295 4337 4853 152012 34494
leaf_count=1030 16643 2976 3037 134642 925 16990 5971 1904 1648 15271 97 2452 957 4513 2100 2307 2867 2077 3128 413 4022 3506 1309 231 2882 295 4337 4853 152012 34494
internal_value=-0.00217347 0.00114769 -0.0349833 -0.0009501 -0.0132875 -0.00935673 -0.0212654 -0.0306349 -0.0125914 -0.044663 -0.0363971 -0.00897746 -0.0189968 -0.038543 -0.000481125 7.35967e-05 0.00484415 -0.000194809 -0.00517308 0.0176839 0.0229973 -0.0125291 -0.00174216 0.0118902 -0.0317442 0.00853862 -0.0108171 -0.00545484 1.96171e-05 0.0010553
internal_weight=429889 390383 39506 373740 28626 25650 16357 7875 8482 23149 7878 7452 3409 7550 4043 345114 18383 326731 10332 8051 6329 5583 1722 328 3807 2395 7465 21843 321148 169136
internal_count=429889 390383 39506 373740 28626 25650 16357 7875 8482 23149 7878 7452 3409 7550 4043 345114 18383 326731 10332 8051 6329 5583 1722 328 3807 2395 7465 21843 321148 169136
cat_boundaries=0 2 4 6 9 10 12 14 16 19 21 24 27
cat_threshold=33587330 1346371584 2147483648 1049088 33554432 268435456 151011328 0 2 32768 0 268435456 277360660 623453218 16 2162690 612892676 2684420106 1 16 65536 1610612736 167788632 1 613490944 2718386633 9
is_linear=0
shrinkage=0.05


Tree=145
num_leaves=31
num_cat=9
split_feature=0 0 0 0 1 11 3 6 1 0 6 0 3 11 5 1 1 16 6 2 14 0 1 0 7 5 5 2 0 2
split_gain=18836.7 15388.9 2071.54 1318.4 1070.65 973.785 520.052 384.023 315.694 309.382 319.815 242.25 575.988 194.43 180.151 192.624 164.684 148.593 139.785 153.341 139.36 153.285 205.123 206.502 176.05 133.017 179.568 129.52 129.411 111.436
threshold=0 1 2 3 9.5000000000000018 -1274.9999999999998 25.500000000000004 1.7500000000000002 9.5000000000000018 4 2.5000000000000004 5 23.500000000000004 332.00000000000006 79.550000000000011 20.500000000000004 11.500000000000002 9.3750000000000018 1.1666666666666667 1.0000000180025095e-35 238.50000000000003 6 8.5000000000000018 7 1.0000000180025095e-35 68.40000000000002 71.15000000000002 1.0000000180025095e-35 8 4.5000000000000009
decision_type=9 9 9 9 2 2 2 2 2 9 2 9 2 2 2 2 2 2 2 2 2 9 2 9 2 2 2 2 9 2
left_child=2 -2 6 4 -3 -6 8 -8 -1 10 13 14 17 -4 15 -10 -12 -13 25 -20 21 22 23 -5 29 -7 -27 -14 -9 -24
right_child=1 3 9 20 5 18 7 28 11 -11 16 12 27 -15 -16 -17 -18 -19 19 -21 -22 -23 24 -25 -26 26 -28 -29 -30 -31
leaf_value=-0.00042166467278392794 3.4037517686158483e-06 -0.00025866143068444816 -0.00029436947358476575 -0.00043927444132099149 -0.00030185990323285952 -0.133812032799593 -0.0010537443022460736 0.0017985197658346053 0.025860908546506245 -0.00029436947358476575 -0.063142715445283146 -0.0024073473376017064 -0.0019691184741278621 -0.00029436947358476575 -0.0018222090198859676 -0.0099865936143261006 0.0080551552279042767 -0.010166738159722044 -0.096566824045760141 0.010198792188504592 0.23959686983724016 0.00052990490322337715 5.7793758867497047e-07 -0.00026034883176833111 -0.061825803832920204 0.19431015359354636 -0.00044586781785715957 0.00494955153951735 -0.00015016926202617855 -0.00043927444132099149
leaf_weight=1030 16643 2020 3037 432 2597 194 5971 672 2534 15271 97 1618 144 4513 892 617 231 834 175 3519 1128 307314 28559 2209 1946 883 11625 813 1232 11139
leaf_count=1030 16643 2020 3037 432 2597 194 5971 672 2534 15271 97 1618 144 4513 892 617 231 834 175 3519 1128 307314 28559 2209 1946 883 11625 813 1232 11139
internal_value=-0.00212997 0.00119994 -0.0350263 -0.000895518 -0.0130595 -0.00938504 -0.0213692 -0.0306349 -0.0127918 -0.044663 -0.0363971 -0.00920558 -0.0189968 -0.038543 -0.000900567 0.00471279 0.0118902 -0.0318923 -0.00487924 0.00368165 -0.000170524 -0.000226821 -0.00297663 -0.01649 -0.00212035 -0.00736892 -0.00673169 0.0138454 -0.0110819 -0.00140057
internal_weight=429889 390383 39506 373740 21013 18993 16357 7875 8482 23149 7878 7452 3409 7550 4043 3151 328 2452 16396 3694 352727 351599 44285 2641 41644 12702 12508 957 1904 39698
internal_count=429889 390383 39506 373740 21013 18993 16357 7875 8482 23149 7878 7452 3409 7550 4043 3151 328 2452 16396 3694 352727 351599 44285 2641 41644 12702 12508 957 1904 39698
cat_boundaries=0 2 4 6 7 8 10 13 16 17
cat_threshold=33587330 1346371584 2147483648 1049088 33554432 268435456 151011328 32768 0 268435456 268697616 4096 6 0 0 2 33554432
is_linear=0
shrinkage=0.05


Tree=146
num_leaves=31
num_cat=9
split_feature=0 0 0 0 11 1 0 12 1 6 0 3 6 3 12 11 6 11 16 16 11 6 11 11 0 11 0 0 12 11
split_gain=18350.7 15610 2003.71 1057.79 955.352 915.137 397.31 511.751 395.449 382.713 347.542 648.745 298.617 293.82 491.151 218.74 183.62 176.094 135.471 132.155 218.737 125.979 117.72 106.535 673.744 347.051 533.539 461.332 285.377 296.021
threshold=0 1 2 3 -1274.9999999999998 9.5000000000000018 4 13.250000000000002 17.500000000000004 2.5000000000000004 5 22.500000000000004 1.1666666666666667 25.500000000000004 12.500000000000002 -685.99999999999989 1.4166666666666667 563.50000000000011 11.250000000000002 20.416666666666668 -1194.9999999999998 1.1666666666666667 -1134.9999999999998 -626.99999999999989 6 -804.99999999999989 7 8 13.750000000000002 -560.49999999999989
decision_type=9 9 9 9 2 2 9 2 2 2 9 2 2 2 2 2 2 2 2 2 2 2 2 2 9 2 9 9 2 2
left_child=3 -2 4 8 -3 6 7 12 16 10 22 15 13 14 -6 -12 -1 18 -18 20 -10 -13 -7 25 28 27 -27 -4 29 -25
right_child=1 2 23 -5 5 9 -8 -9 19 -11 11 21 -14 -15 -16 -17 17 -19 -20 -21 -22 -23 -24 24 -26 26 -28 -29 -30 -31
leaf_value=-0.00027965099990554524 3.2335641801495288e-06 -0.00028676690807123429 0.002055248086780548 -0.00027965099990554524 -0.012030756671888243 -0.0038711938607579378 -0.00024572835915024352 -0.00026037772864775379 0.0023487526463048971 0.24026347932973185 0.055231971380923998 -0.0017846307737932499 -0.00014266079892486517 1.3409316523826931e-07 0.0025279309249397921 -0.031003415826966398 -0.00027965099990554524 -0.00027965099990554524 0.24972034900009446 -0.00042475876814567219 -0.00027965099990554524 -0.0014086014836229843 -0.0001952979434668656 -0.00043930333820041412 0.0007899553787741099 0.10722679000434177 -2.5468809591489006e-05 -0.016431877218700743 -0.0074430800854814461 -0.013650109929984522
leaf_weight=8072 16643 3922 59041 15271 292 2107 2020 876 658 1114 1226 4857 286 420 217 1991 1533 616 172 1138 2668 1492 14410 4565 157134 17654 21593 69118 9858 8925
leaf_count=8072 16643 3922 59041 15271 292 2107 2020 876 658 1114 1226 4857 286 420 217 1991 1533 616 172 1138 2668 1492 14410 4565 157134 17654 21593 69118 9858 8925
internal_value=-0.00199784 0.000838605 -0.00122126 -0.0396211 -0.0125823 -0.00967165 -0.031659 -0.0161114 -0.0300565 -0.00634813 -0.0075739 -0.0151525 0.00481481 0.0185684 -0.00697446 0.00312403 -0.0354229 -0.0230289 -0.0147507 -0.0176299 -0.0125977 -0.0244369 -0.00317359 -7.04229e-05 -0.00091311 0.000838082 0.00495197 -0.000421742 -0.00883637 -0.0135656
internal_weight=429889 399761 383118 30128 35230 31308 4111 2091 14857 27197 26083 9566 1215 929 509 3217 10393 2321 1705 4464 3326 6349 16517 347888 180482 167406 39247 128159 23348 13490
internal_count=429889 399761 383118 30128 35230 31308 4111 2091 14857 27197 26083 9566 1215 929 509 3217 10393 2321 1705 4464 3326 6349 16517 347888 180482 167406 39247 128159 23348 13490
cat_boundaries=0 2 4 6 7 9 10 13 16 19
cat_threshold=33587330 1077936128 2147483648 1049088 151011344 268435456 33587200 16 268435456 16793616 1677721856 16769 6 1611669760 100795552 12 603980032 2281852289 2
is_linear=0
shrinkage=0.05


Tree=147
num_leaves=31
num_cat=9
split_feature=0 0 0 0 11 11 1 3 11 0 6 1 0 0 11 1 0 6 0 3 6 11 11 11 6 5 5 5 16 11
split_gain=18433.9 15615.3 1841.2 1034.93 928.446 529.682 405.495 217.551 258.546 362.519 393.085 239.472 241.13 176.692 524.695 327.106 953.616 536.799 398.635 176.437 156.906 158.039 135.24 344.749 249.193 227.787 134.102 147.381 131.351 214.625
threshold=0 1 2 3 -1274.9999999999998 773.50000000000011 17.500000000000004 23.500000000000004 -895.49999999999989 4 1.1666666666666667 11.500000000000002 5 6 -560.49999999999989 9.5000000000000018 7 1.1666666666666667 8 23.500000000000004 1.4166666666666667 563.50000000000011 125.00000000000001 548.50000000000011 1.1666666666666667 78.850000000000009 68.40000000000002 69.350000000000009 20.416666666666668 -1194.9999999999998
decision_type=9 9 9 9 2 2 2 2 2 9 2 2 9 9 2 2 9 2 9 2 2 2 2 2 2 2 2 2 2 2
left_child=3 -2 4 6 19 7 20 11 9 -9 -11 12 -6 14 -10 16 17 -15 22 -3 -1 -22 -17 -24 25 -25 -13 -28 29 -8
right_child=1 2 -4 -5 5 -7 28 8 13 10 -12 26 -14 15 -16 18 -18 -19 -20 -21 21 -23 23 24 -26 -27 27 -29 -30 -31
leaf_value=-0.00026566844991027239 3.0718859711065252e-06 -0.0071807549009343056 1.6481875654505985e-06 -0.00026566844991027239 -0.00024735884221538385 -0.00023431250374752468 0.0022313150139896543 -0.00069116666256094925 -5.865424544482245e-05 -0.00010241388077534275 -0.0054016594822120295 -0.080264578419501131 -0.012733441941192726 1.2738850698745808e-07 0.00026519477724429308 0.00019320991966811365 -0.00023344194119272467 -0.00013552775897860415 -0.0010698417554897866 -0.000177307074061428 -0.00026566844991027239 -0.00026566844991027239 -0.014257395501595705 -0.0020086699133910371 -0.047779485389367875 0.00069265490000507417 0.19275426140022228 0.0026108346551767525 -0.00040352082973837966 -0.00026566844991027239
leaf_weight=8072 16643 1139 340275 15271 2031 964 658 5124 1665 3121 1087 541 1622 516 562 4194 1600 186 3140 3519 1705 616 1349 176 282 600 514 8911 1138 2668
leaf_count=8072 16643 1139 340275 15271 2031 964 658 5124 1665 3121 1087 541 1622 516 562 4194 1600 186 3140 3519 1705 616 1349 176 282 600 514 8911 1138 2668
internal_value=-0.00201226 0.000830601 -0.00122962 -0.0397206 -0.0109969 -0.0084287 -0.0302583 -0.00748099 -0.0103847 -0.016856 -0.0277146 -0.00244878 -0.0133999 -0.00615277 0.00677246 -0.00854144 -0.0254996 0.0230337 -0.00454265 -0.0320739 -0.0356923 -0.0242352 0.0024429 -0.00700042 0.0143667 0.0289948 0.00156532 0.00295491 -0.0176747 -0.0126578
internal_weight=429889 399761 383118 30128 42843 38185 14857 37221 23602 9332 4208 13619 3653 14270 2227 12043 2302 702 9741 4658 10393 2321 6601 2407 1058 776 9966 9425 4464 3326
internal_count=429889 399761 383118 30128 42843 38185 14857 37221 23602 9332 4208 13619 3653 14270 2227 12043 2302 702 9741 4658 10393 2321 6601 2407 1058 776 9966 9425 4464 3326
cat_boundaries=0 2 4 7 8 9 12 15 17 18
cat_threshold=33587330 1077936128 2147483648 1049088 151011344 268435456 2 33587200 151011328 16 268435456 2 0 0 2 0 268435456 16793616
is_linear=0
shrinkage=0.05


Tree=148
num_leaves=31
num_cat=9
split_feature=0 0 0 11 0 11 1 3 3 11 0 1 0 11 1 0 6 9 5 1 0 1 6 11 4 1 6 11 11 0
split_gain=18562.1 15522.6 1427.56 1058.99 1034.93 614.348 405.495 297.459 214.551 194.825 189.043 194.502 695.127 367.827 320.9 279.78 271.178 260.356 189.823 187.553 533.731 184.109 176.826 219.986 175.058 162.115 156.906 158.039 155.507 146.134
threshold=0 1 2 -1134.9999999999998 3 773.50000000000011 17.500000000000004 23.500000000000004 23.500000000000004 -1274.9999999999998 4 9.5000000000000018 5 -560.49999999999989 12.500000000000002 6 1.7500000000000002 3.5000000000000004 77.90000000000002 9.5000000000000018 7 11.500000000000002 1.1666666666666667 -655.49999999999989 6.5000000000000009 18.500000000000004 1.4166666666666667 563.50000000000011 -685.99999999999989 8
decision_type=9 9 9 2 9 2 2 2 2 2 9 2 9 2 2 9 2 2 2 2 9 2 2 2 2 2 2 2 2 9
left_child=4 -2 3 8 6 7 26 19 -3 -10 11 12 13 -9 22 18 17 -17 -16 20 -5 29 23 -13 -25 -19 -1 -28 -24 -21
right_child=1 2 -4 5 -6 -7 -8 10 9 -11 -12 14 -14 -15 15 16 -18 25 -20 21 -22 -23 28 24 -26 -27 27 -29 -30 -31
leaf_value=-0.00025238502741475877 2.9182916725822851e-06 -0.0068217171558875751 1.5657781871958322e-06 -0.011416850896183073 -0.00025238502741475877 -0.00022259687856016619 -0.00025238502741475877 -0.00041440545901814122 -0.00016844172035836993 -0.0028535163416314457 -0.00018465498435098484 7.2996210578324403e-07 -0.00022176984413309065 0.00025193503838210062 -0.0015914539567194908 0.00062869672677772219 0.067981324441980642 -9.7092669591036804e-05 0.00016612078989277637 0.0044958992701424009 0.00047049129130214421 0.0043106525828982001 0.12083246924898226 0.00067010053284466409 0.00065802215500481158 -0.008823075232416322 -0.00025238502741475877 -0.00025238502741475877 -0.045105281722023799 -0.13933795352923548
leaf_weight=8072 16643 2147 340275 253 15271 964 4464 154 3519 3180 9855 988 971 421 449 583 843 1729 1867 843 1016 8958 268 549 780 426 1705 616 539 1541
leaf_count=8072 16643 2147 340275 253 15271 964 4464 154 3519 3180 9855 988 971 421 449 583 843 1729 1867 843 1016 8958 268 549 780 426 1705 616 539 1541
internal_value=-0.0018813 0.000971431 -0.00108267 -0.0096831 -0.0397206 -0.0056755 -0.0302583 -0.00452729 -0.0250961 -0.0295044 -0.0082558 -0.00359743 -0.0199871 0.0235043 -0.000792595 -0.00765644 -0.0163882 -0.0240687 0.00588994 0.00151059 0.01974 -0.000529007 0.0121639 0.0191843 0.032468 -0.0320882 -0.0356923 -0.0242352 -0.00799257 -0.0128775
internal_weight=429889 399761 383118 42843 30128 33997 14857 33033 8846 6699 20422 10567 1546 575 9021 5897 3581 2738 2316 12611 1269 11342 3124 2317 1329 2155 10393 2321 807 2384
internal_count=429889 399761 383118 42843 30128 33997 14857 33033 8846 6699 20422 10567 1546 575 9021 5897 3581 2738 2316 12611 1269 11342 3124 2317 1329 2155 10393 2321 807 2384
cat_boundaries=0 2 4 7 8 11 14 15 17 20
cat_threshold=33587330 1077936128 2147483648 1049088 151011344 268435456 2 33587200 16400 0 2 0 0 2 16384 0 268435456 0 268435456 2
is_linear=0
shrinkage=0.05


Tree=149
num_leaves=31
num_cat=9
split_feature=0 0 0 11 0 11 1 3 1 1 0 6 0 6 1 11 6 11 1 0 1 2 0 0 1 16 11 10 10 2
split_gain=18687.6 15432.5 1214.48 1171.06 1034.93 531.227 405.495 316.034 309.186 237.652 953.616 536.799 450.678 236.476 229.726 201.966 156.906 158.039 142.369 558.482 171.992 156.97 134.875 134.252 161.619 131.351 214.625 120.98 131.663 115.338
threshold=0 1 2 -1274.9999999999998 3 773.50000000000011 17.500000000000004 23.500000000000004 20.500000000000004 9.5000000000000018 4 1.1666666666666667 5 1.1666666666666667 13.500000000000002 245.00000000000003 1.4166666666666667 563.50000000000011 9.5000000000000018 6 11.500000000000002 1.5000000000000002 7 8 10.500000000000002 20.416666666666668 -1194.9999999999998 10.500000000000002 12.500000000000002 5.5000000000000009
decision_type=9 9 9 2 9 2 2 2 2 2 9 2 9 2 2 2 2 2 2 9 2 2 9 9 2 2 2 2 2 2
left_child=4 -2 3 -3 6 7 16 18 9 10 11 -9 14 23 -11 -16 -1 -18 19 -5 22 -22 -20 24 -14 26 -8 -23 -29 -30
right_child=1 2 -4 5 -6 -7 25 8 -10 12 -12 -13 13 -15 15 -17 17 -19 20 -21 21 27 -24 -25 -26 -27 -28 28 29 -31
leaf_value=-0.00023976577604400973 2.7723770889664936e-06 -0.00025514112294668936 -2.2311245865491713e-05 -0.010846008351373905 -0.00023976577604400973 -0.00021146703463217344 0.0021323685146608985 9.3537682992028699e-06 0.00040628400739404217 0.00018343287327109438 -0.0002106813519264339 -0.00011951862181209806 0.00011167490032621964 -0.0012754465724498232 -0.0015118812588835074 -0.016185109588724968 -0.00023976577604400973 -0.00023976577604400973 0.056569715150875943 0.00044696672673705251 -0.036608907066642972 0.065513617110690522 -0.13237105585277373 -0.001681045791847291 -0.00015648848048699371 -0.00037072553688068945 -0.00023976577604400973 -0.088035835154715567 -0.024150582461193351 0.095063467529549334
leaf_weight=8072 16643 3922 347888 253 15271 826 658 516 636 4264 1600 186 164 1370 5959 527 1705 616 423 762 2359 3351 1541 3129 1217 1138 2668 865 923 437
leaf_count=8072 16643 3922 347888 253 15271 826 658 516 636 4264 1600 186 164 1370 5959 527 1705 616 423 762 2359 3351 1541 3129 1217 1138 2668 865 923 437
internal_value=-0.00175359 0.00110876 -0.000939373 -0.00978434 -0.0397206 -0.00656062 -0.0302583 -0.00548849 -0.00929068 -0.0104426 -0.0254996 0.0230337 -0.00835839 -0.0194737 -0.00225836 -0.00818686 -0.0356923 -0.0242352 0.00132857 0.0191626 -0.000500051 0.00277883 -0.0137475 -0.0250333 -0.0117541 -0.0176747 -0.0126578 0.00735294 -0.00168539 0.00801471
internal_weight=429889 399761 383118 35230 30128 31308 14857 30482 19568 18932 2302 702 16630 5880 10750 6486 10393 2321 10914 1015 9899 7935 1964 4510 1381 4464 3326 5576 2225 1360
internal_count=429889 399761 383118 35230 30128 31308 14857 30482 19568 18932 2302 702 16630 5880 10750 6486 10393 2321 10914 1015 9899 7935 1964 4510 1381 4464 3326 5576 2225 1360
cat_boundaries=0 2 4 6 7 9 10 12 14 15
cat_threshold=33587330 1077936128 2147483648 1049088 151011344 268435456 33587200 0 268435456 16793616 0 268435456 0 268435456 134217728
is_linear=0
shrinkage=0.05


Tree=150
num_leaves=31
num_cat=8
split_feature=0 0 0 11 0 11 1 3 1 0 6 0 1 6 6 11 6 11 1 0 1 2 1 1 11 2 2 10 10 0
split_gain=18912.2 15394.1 1053.89 1232.51 992.908 551.575 350.996 233.754 320.032 953.616 536.799 288.981 407.069 279.26 229.324 216.01 156.906 158.039 145.31 558.482 162.903 134.639 123.235 156.516 219.983 114.266 113.999 108.765 643.489 360.85
threshold=0 1 2 -1274.9999999999998 3 773.50000000000011 17.500000000000004 23.500000000000004 9.5000000000000018 4 1.1666666666666667 5 10.500000000000002 1.1666666666666667 1.1666666666666667 -1254.9999999999998 1.4166666666666667 563.50000000000011 9.5000000000000018 6 11.500000000000002 1.5000000000000002 20.500000000000004 13.500000000000002 245.00000000000003 2.5000000000000004 1.0000000180025095e-35 30.500000000000004 29.500000000000004 7
decision_type=9 9 9 2 9 2 2 2 2 9 2 9 2 2 2 2 2 2 2 9 2 2 2 2 2 2 2 2 2 9
left_child=4 -2 3 -3 6 7 16 18 9 10 -9 22 14 15 -13 -14 -1 -18 19 -5 -20 -22 23 -10 -25 -8 -15 28 -4 -29
right_child=1 2 27 5 -6 -7 25 8 11 -11 -12 12 13 26 -16 -17 17 -19 20 -21 21 -23 -24 24 -26 -27 -28 29 -30 -31
leaf_value=-0.00022777748724180926 2.6337582345270506e-06 -0.00024238406679937265 -3.4670978539796947e-05 -0.010303707933805218 -0.00022777748724180926 -0.00020089368290054921 -0.00022777748724180926 8.8860798842294034e-06 0.00017426122960753079 -0.00020014728433013219 -0.00011354269072150203 5.8425723158528343e-05 2.5068429975272368e-05 -0.068689407571719888 -0.14982226686485567 -0.0015969935022549287 -0.00022777748724180926 -0.00022777748724180926 -0.096905821308133966 0.00042461839040019989 -0.034778461713310803 0.040180825402053255 0.00038596980702432226 -0.0014362871959393343 -0.015375854109288723 -0.00022777748724180926 0.00016349389338392585 0.0079401407598362894 0.19889967305974318 -0.023106705433261432
leaf_weight=8072 16643 3922 300552 253 15271 826 1922 516 4264 1600 186 448 94 98 132 4096 1705 616 1964 762 2359 5576 474 5959 527 2542 1174 15083 6746 25507
leaf_count=8072 16643 3922 300552 253 15271 826 1922 516 4264 1600 186 448 94 98 132 4096 1705 616 1964 762 2359 5576 474 5959 527 2542 1174 15083 6746 25507
internal_value=-0.00171195 0.00116754 -0.000878036 -0.00911748 -0.0399064 -0.00581002 -0.030635 -0.00471754 -0.00798753 -0.0254996 0.0230337 -0.00565273 -0.014458 -0.0187111 0.0253448 -0.0249403 -0.0356923 -0.0242352 0.00114532 0.0191626 -0.000702091 0.00248897 -0.000899056 -0.002 -0.00689177 -0.0189292 0.00180818 -4.34035e-05 0.000277906 -0.00247598
internal_weight=429889 399761 383118 35230 30128 31308 14857 30482 19568 2302 702 17266 6042 5462 580 4190 10393 2321 10914 1015 9899 7935 11224 10750 6486 4464 1272 347888 307298 40590
internal_count=429889 399761 383118 35230 30128 31308 14857 30482 19568 2302 702 17266 6042 5462 580 4190 10393 2321 10914 1015 9899 7935 11224 10750 6486 4464 1272 347888 307298 40590
cat_boundaries=0 2 4 6 7 9 10 12 14
cat_threshold=33587330 1077936128 2147483648 1049088 151011344 268435456 33587200 0 268435456 16793616 0 268435456 268764160 2701485386
is_linear=0
shrinkage=0.05


Tree=151
num_leaves=31
num_cat=9
split_feature=0 0 0 0 11 11 1 3 1 0 6 0 1 6 1 0 3 5 1 6 11 2 6 11 1 0 10 2 0 6
split_gain=18936.5 15322.6 1011.56 986.894 986.696 552.449 374.84 238.468 320.032 953.616 536.799 267.711 230.649 308.267 386.678 220.582 218.965 169.58 183.179 345.603 338.244 163.374 156.906 158.039 143.836 558.482 149.551 183.869 181.686 128.639
threshold=0 1 2 3 -1274.9999999999998 773.50000000000011 17.500000000000004 23.500000000000004 9.5000000000000018 4 1.1666666666666667 5 10.500000000000002 1.1666666666666667 20.500000000000004 6 25.500000000000004 77.90000000000002 12.500000000000002 1.7500000000000002 205.00000000000003 1.0000000180025095e-35 1.4166666666666667 563.50000000000011 9.5000000000000018 7 10.500000000000002 1.0000000180025095e-35 8 1.1666666666666667
decision_type=9 9 9 9 2 2 2 2 2 9 2 9 2 2 2 9 2 2 2 2 2 2 2 2 2 9 2 2 9 2
left_child=2 -2 6 4 16 7 22 24 9 10 -9 17 29 14 15 -14 -3 -10 19 -19 -20 -15 -1 -24 25 -6 27 -26 -28 -13
right_child=1 3 -4 -5 5 -7 -8 8 11 -11 -12 12 13 21 -16 -17 -18 18 20 -21 -22 -23 23 -25 26 -27 28 -29 -30 -31
leaf_value=-0.00021638861287973655 2.5020703228406661e-06 -0.002957647468966762 -0.00021638861287973655 2.4452651652762115e-05 -0.0097885225371149524 -0.00019084899875552175 -0.00021638861287973655 8.4417758900112713e-06 -0.0016535939890801377 -0.00019013992011363001 -0.00010786555618542694 5.5504437000619694e-05 -0.0010716556903861197 -0.067214812533223742 0.00036667131667309508 -0.0015171438271421867 -0.00013514337485314167 0.00058524372316517417 0.00020482878808971707 -0.042867902341066522 -0.014629054022769773 0.0003719100850508639 -0.00021638861287973655 -0.00021638861287973655 -0.085168914882746583 0.00040338747088020099 0.005834128732270738 0.038171784131950576 -0.11481589315041099 -0.14233115352161288
leaf_weight=8072 16643 1488 15271 347888 253 826 4464 516 1194 1600 186 727 3967 158 247 2845 2434 1239 3223 545 778 2113 1705 616 789 762 1948 5246 1916 230
leaf_count=8072 16643 1488 15271 347888 253 826 4464 516 1194 1600 186 727 3967 158 247 2845 2434 1239 3223 545 778 2113 1705 616 789 762 1948 5246 1916 230
internal_value=-0.00160448 0.00127686 -0.0398235 -0.000763974 -0.00873723 -0.00577808 -0.0304668 -0.00468473 -0.00798753 -0.0254996 0.0230337 -0.00565273 -0.010775 -0.0131833 -0.0183383 -0.0205666 -0.0323814 0.00191014 0.00545376 0.018778 -0.000487378 0.00284016 -0.0356923 -0.0242352 0.00123694 0.0191626 -0.000601071 0.00431649 -0.00828157 0.0125914
internal_weight=429889 399761 30128 383118 35230 31308 14857 30482 19568 2302 702 17266 10287 9330 7059 6812 3922 6979 5785 1784 4001 2271 10393 2321 10914 1015 9899 6035 3864 957
internal_count=429889 399761 30128 383118 35230 31308 14857 30482 19568 2302 702 17266 10287 9330 7059 6812 3922 6979 5785 1784 4001 2271 10393 2321 10914 1015 9899 6035 3864 957
cat_boundaries=0 2 4 5 7 9 10 11 13 15
cat_threshold=33587330 1077936128 2147483648 1049088 33587200 151011344 268435456 0 268435456 16400 150994944 0 268435456 16777216 268435456
is_linear=0
shrinkage=0.05


Tree=152
num_leaves=31
num_cat=8
split_feature=0 0 0 0 11 11 1 3 3 1 0 6 1 1 6 0 2 5 11 6 11 1 0 5 2 6 11 9 0 9
split_gain=18963.8 15299 1013.06 896.572 855.469 558.149 376.782 326.346 212.451 334.767 953.616 536.799 285.604 316.889 373.167 444.127 211.81 201.642 162.908 156.906 158.039 145.754 558.482 165.419 168.335 137.092 290.595 186.846 147.165 134.066
threshold=0 1 2 3 -1274.9999999999998 773.50000000000011 17.500000000000004 25.500000000000004 23.500000000000004 9.5000000000000018 4 1.1666666666666667 12.500000000000002 20.500000000000004 1.1666666666666667 5 1.0000000180025095e-35 78.700000000000003 1.0000000180025095e-35 1.4166666666666667 563.50000000000011 9.5000000000000018 6 68.40000000000002 1.0000000180025095e-35 1.1666666666666667 -655.49999999999989 5.5000000000000009 7 54.500000000000007
decision_type=9 9 9 9 2 2 2 2 2 2 9 2 2 2 2 9 2 2 2 2 2 2 9 2 2 2 2 2 9 2
left_child=2 -2 6 4 7 8 19 17 21 10 11 -10 25 14 15 18 -16 -3 -14 -1 -21 22 -6 -23 -25 26 -11 -28 -29 -18
right_child=1 3 -4 -5 5 -7 -8 -9 9 12 -12 -13 13 -15 16 -17 29 -19 -20 20 -22 23 -24 24 -26 -27 27 28 -30 -31
leaf_value=-0.00020556918223575417 2.3769668066719876e-06 -0.011006802923482439 -0.00020556918223575417 2.3230019070119567e-05 -0.0092990964102591892 -0.000181306548817739 -0.00020556918223575417 -0.00012838620611046458 8.0196870955173694e-06 -0.00052197445373294296 -0.00018063292410794852 -0.00010247227837614226 -0.00030171129137204213 0.00034833775083944476 -0.063854071906562559 -0.0014753845876284812 0.015327953657703031 4.0716395157769375e-05 -0.0054487266144706229 -0.00020556918223575417 -0.00020556918223575417 -0.085991204508158336 0.00038321809733616875 -0.060867347731959148 0.017449277730074632 -0.023598133428856017 4.7281291101741735e-05 -1.458907163125467e-05 0.00055598153700691104 -0.2085397750539075
leaf_weight=8072 16643 1163 15271 347888 253 826 4464 2434 516 1959 1600 186 5038 636 200 3358 2224 325 215 1705 616 516 762 1604 7779 1273 591 201 1067 504
leaf_count=8072 16643 1163 15271 347888 253 826 4464 2434 516 1959 1600 186 5038 636 200 3358 2224 325 215 1705 616 516 762 1604 7779 1273 591 201 1067 504
internal_value=-0.00157029 0.00131313 -0.0398168 -0.000726128 -0.00832577 -0.00557046 -0.0304534 -0.0303417 -0.00447149 -0.00758892 -0.0254996 0.0230337 -0.00520097 -0.00935934 -0.0112531 -0.0164963 0.00416667 -0.0118952 -0.00736272 -0.0356923 -0.0242352 0.00111783 0.0191626 -0.000732397 0.000783332 0.00474367 0.0094814 0.0236417 0.0344637 0.00780792
internal_weight=429889 399761 30128 383118 35230 31308 14857 3922 30482 19568 2302 702 17266 12175 11539 8611 2928 1488 5253 10393 2321 10914 1015 9899 9383 5091 3818 1859 1268 2728
internal_count=429889 399761 30128 383118 35230 31308 14857 3922 30482 19568 2302 702 17266 12175 11539 8611 2928 1488 5253 10393 2321 10914 1015 9899 9383 5091 3818 1859 1268 2728
cat_boundaries=0 2 4 5 7 9 10 12 13
cat_threshold=33587330 1077936128 2147483648 1049088 33587200 151011344 268435456 0 268435456 151011328 0 268435456 16777216
is_linear=0
shrinkage=0.05


Tree=153
num_leaves=31
num_cat=8
split_feature=0 0 0 0 11 11 1 3 6 11 11 2 10 9 16 11 6 0 9 0 9 2 0 6 1 3 12 11 0 7
split_gain=19097.6 15204.7 1013.06 602.617 403.052 429.576 376.782 199.333 156.906 158.039 143.974 137.579 125.497 159.672 119.969 181.571 119.212 118.418 115.292 341.386 167.069 282.499 166.431 187.107 157.336 141.476 141.293 560.369 631.358 357.339
threshold=0 1 2 3 773.50000000000011 -1134.9999999999998 17.500000000000004 25.500000000000004 1.4166666666666667 563.50000000000011 -1274.9999999999998 1.0000000180025095e-35 9.5000000000000018 8.5000000000000018 20.416666666666668 -1214.9999999999998 1.7500000000000002 4 51.500000000000007 5 63.500000000000007 1.5000000000000002 6 1.1666666666666667 13.500000000000002 30.500000000000004 13.750000000000002 -504.99999999999994 7 1.0000000180025095e-35
decision_type=9 9 9 9 2 2 2 2 2 2 2 2 2 2 2 2 2 9 2 9 2 2 9 2 2 2 2 2 9 2
left_child=2 -2 6 4 5 7 8 17 -1 -10 -9 16 13 -13 15 -8 -7 -3 22 20 21 -20 23 -5 -23 -25 27 -24 -29 -28
right_child=1 3 -4 18 -6 11 14 10 9 -11 -12 12 -14 -15 -16 -17 -18 -19 19 -21 -22 24 26 25 -26 -27 29 28 -30 -31
leaf_value=-0.00019529072312396423 2.2581184663472698e-06 3.8680575399885347e-05 -0.00019529072312396423 0.00023980326414707598 -0.00017224122137684541 -0.0010029873412982226 0.021353467779625837 -0.0002170883844111682 -0.00019529072312396423 -0.00019529072312396423 -0.002558587976644633 -0.001310926401231205 -0.00018551817892520361 0.00037463436758438111 -0.00031970249591881664 -0.00019529072312396423 -0.056741036050599596 -0.011340570758364166 0.032929158266389334 0.00064812944845318301 -0.18169619532280556 -0.0081719663525824156 7.0717177106160989e-05 0.12402684655260798 -0.1067246589056742 -0.0054536117356160929 0.009055865714104527 -0.085892263531984231 -0.017790999644508788 -0.083911398902486667
leaf_weight=8072 16643 961 15271 41960 684 3053 510 1630 1705 616 1433 1980 10290 5168 1138 2816 230 868 3314 32608 1177 3843 135348 9270 6084 3305 79789 6320 28772 5031
leaf_count=8072 16643 961 15271 41960 684 3053 510 1630 1705 616 1433 1980 10290 5168 1138 2816 230 868 3314 32608 1177 3843 135348 9270 6084 3305 79789 6320 28772 5031
internal_value=-0.0014356 0.00145796 -0.0398168 -0.000575004 -0.00787813 -0.00686956 -0.0304534 -0.0201962 -0.0356923 -0.0242352 -0.0279954 -0.00372328 -0.0019555 0.00313374 -0.0183244 -0.0135298 -0.013113 -0.00713505 -3.65719e-05 -0.00234338 -0.00874688 -0.00714825 0.000313594 0.00282061 -0.011368 0.00817097 -0.000222118 -0.00105198 -0.00668243 0.00144541
internal_weight=429889 399761 30128 383118 26297 25613 14857 4892 10393 2321 3063 20721 17438 7148 4464 3326 3283 1829 356821 47026 14418 13241 309795 54535 9927 12575 255260 170440 35092 84820
internal_count=429889 399761 30128 383118 26297 25613 14857 4892 10393 2321 3063 20721 17438 7148 4464 3326 3283 1829 356821 47026 14418 13241 309795 54535 9927 12575 255260 170440 35092 84820
cat_boundaries=0 2 4 5 7 9 12 15 18
cat_threshold=33587330 1077936128 2147483648 1049088 33587200 134234128 268435456 0 268435456 285487108 671484032 6 8396800 411776 2 1091572036 83898625 4
is_linear=0
shrinkage=0.05


Tree=154
num_leaves=31
num_cat=7
split_feature=0 0 0 0 11 1 11 3 6 6 11 5 11 3 1 0 1 0 6 11 3 9 6 11 4 6 9 5 0 2
split_gain=19336.3 15119.6 984.754 551.123 404.014 340.752 323.417 418.621 158.849 156.906 158.039 140.921 133.505 141.852 205.333 405.369 319.206 437.503 300.492 263.059 222.748 165.334 137.48 295.755 278.352 133.44 123.641 116.645 249.173 115.219
threshold=0 1 2 3 773.50000000000011 17.500000000000004 -1274.9999999999998 25.500000000000004 2.5000000000000004 1.4166666666666667 563.50000000000011 78.700000000000003 -1254.9999999999998 22.500000000000004 12.500000000000002 4 9.5000000000000018 5 1.7500000000000002 225.00000000000003 23.500000000000004 44.500000000000007 1.1666666666666667 -655.49999999999989 6.5000000000000009 1.1666666666666667 57.500000000000007 93.500000000000014 6 2.5000000000000004
decision_type=9 9 9 9 2 2 2 2 2 2 2 2 2 2 2 9 2 9 2 2 2 2 2 2 2 2 2 2 9 2
left_child=2 -2 5 4 6 9 7 11 12 -1 -11 -3 -8 -14 16 19 17 18 26 21 -19 -16 23 -18 -25 -17 -15 -5 -29 -7
right_child=1 3 -4 27 -6 29 8 -9 -10 10 -12 -13 13 14 15 25 22 20 -20 -21 -22 -23 -24 24 -26 -27 -28 28 -30 -31
leaf_value=-0.00018552618696778824 2.1452125430698744e-06 -0.010458396806078296 -0.00018552618696778824 5.8605702160985377e-06 -0.00016362916030798758 -0.00018552618696778824 0.00015188571207236379 -0.00020623396519061645 0.24055272189822641 -0.00018552618696778824 -0.00018552618696778824 0.00048261022814926062 0.00027806433865498195 1.6894611686968375e-05 -0.0004940943578213286 -0.0013582414974574243 -0.0004865998221000645 0.00034694542409909881 -8.8072755511081627e-05 -0.013792563564358141 -0.00016232536895630645 0.00029690862442066646 -0.03953532464362413 8.5250885120835565e-05 0.00053745836910286122 -0.00062039807947664736 -1.1113015638475332e-05 0.016218638520292573 -0.14800589095704814 -0.00018552618696778824
leaf_weight=8072 16643 781 15271 356286 684 1922 302 1614 793 1705 616 213 5469 479 2842 2415 1117 69 186 830 956 1215 922 603 821 861 67 1805 1788 2542
leaf_count=8072 16643 781 15271 356286 684 1922 302 1614 793 1705 616 213 5469 479 2842 2415 1117 69 186 830 956 1215 922 603 821 861 67 1805 1788 2542
internal_value=-0.00132255 0.00158903 -0.0399429 -0.000438235 -0.00789926 -0.030709 -0.0067546 -0.0233129 -0.00458966 -0.0356923 -0.0242352 0.00221328 -0.00549755 -0.00602589 -0.00879848 -0.0137511 -0.00105364 -0.0184121 0.011186 -0.00458444 -0.0392754 0.000653192 0.00775339 0.0137544 0.0288624 -0.0273281 0.0300366 4.37635e-05 -0.00892012 -0.0191756
internal_weight=429889 399761 30128 383118 23239 14857 22555 2608 19947 10393 2321 994 19154 18852 13383 8163 5220 1757 732 4887 1025 4057 3463 2541 1424 3276 546 359879 3593 4464
internal_count=429889 399761 30128 383118 23239 14857 22555 2608 19947 10393 2321 994 19154 18852 13383 8163 5220 1757 732 4887 1025 4057 3463 2541 1424 3276 546 359879 3593 4464
cat_boundaries=0 2 4 5 7 8 10 13
cat_threshold=33587330 1077936128 2147483648 1049088 33587200 16400 268435456 16400 0 268435456 76886080 539449689 1
is_linear=0
shrinkage=0.05


Tree=155
num_leaves=31
num_cat=6
split_feature=0 0 0 0 11 1 11 3 6 11 3 6 3 1 1 1 0 0 6 6 9 9 1 6 2 6 11 4 11 14
split_gain=19341.7 15115.8 984.754 552.01 404.014 340.752 305.693 443.485 156.906 158.039 151.695 206.675 140.329 172.907 216.112 405.578 576.467 400.099 304.048 267.906 173.032 135.796 124.391 116.552 115.219 111.752 256.424 186.316 159.978 106.146
threshold=0 1 2 3 773.50000000000011 17.500000000000004 -1274.9999999999998 25.500000000000004 1.4166666666666667 563.50000000000011 22.500000000000004 1.1666666666666667 23.500000000000004 20.500000000000004 12.500000000000002 9.5000000000000018 4 5 1.7500000000000002 1.1666666666666667 44.500000000000007 57.500000000000007 18.500000000000004 1.7500000000000002 2.5000000000000004 1.1666666666666667 -655.49999999999989 6.5000000000000009 -674.99999999999989 125.00000000000001
decision_type=9 9 9 9 2 2 2 2 2 2 2 2 2 2 2 2 9 9 2 2 2 2 2 2 2 2 2 2 2 2
left_child=2 -2 5 4 6 8 7 10 -1 -10 -3 -12 -8 14 15 16 18 20 21 -19 -16 -14 23 -22 -7 26 -17 -28 -27 -5
right_child=1 3 -4 29 -6 24 12 -9 9 -11 11 -13 13 -15 17 25 -18 19 -20 -21 22 -23 -24 -25 -26 28 27 -29 -30 -31
leaf_value=-0.00017624987761939438 2.0379519159341443e-06 -0.012539120503958268 -0.00017624987761939438 -2.5612135921670998e-05 -0.000155447702292566 -0.00017624987761939438 0.00028872469477545518 -0.00019592226693108117 -0.00017624987761939438 -0.00017624987761939438 0.0015202615825878675 -0.01009304967295821 1.604988110264216e-05 0.0001442914264687456 -0.0004693896399302844 -0.00046226983099506569 -0.00015420910050849558 -0.00132442737442795 -8.3669117735540868e-05 -0.00037278728916669837 0.00028206319319963314 -1.0557364856556006e-05 -0.0024455040090334279 0.00081600368196159683 -0.00017624987761939438 0.0085486813188121683 8.6213914105792711e-05 0.00051058545064770484 -0.12412330602673159 0.10176359527280621
leaf_weight=8072 16643 395 15271 355036 684 1922 6887 1614 1705 616 309 290 460 481 2082 1072 971 3358 175 1216 446 67 233 245 2542 337 549 821 547 4843
leaf_count=8072 16643 395 15271 355036 684 1922 6887 1614 1705 616 309 290 460 481 2082 1072 971 3358 175 1216 446 67 233 245 2542 337 549 821 547 4843
internal_value=-0.0013172 0.00159479 -0.0399429 -0.000432232 -0.00789926 -0.030709 -0.0067546 -0.0228528 -0.0356923 -0.0242352 0.00342052 0.0192821 -0.00464982 -0.00769525 -0.00882026 -0.00075015 -0.0208308 -0.0141425 0.013764 -0.0234293 6.6313e-05 0.0329222 0.0180736 0.0287265 -0.0191756 0.00935057 0.0148649 0.0291971 -0.00588235 5.01544e-05
internal_weight=429889 399761 30128 383118 23239 14857 22555 2608 10393 2321 994 599 19947 13060 12579 4999 1673 7580 702 4574 3006 527 924 691 4464 3326 2442 1370 884 359879
internal_count=429889 399761 30128 383118 23239 14857 22555 2608 10393 2321 994 599 19947 13060 12579 4999 1673 7580 702 4574 3006 527 924 691 4464 3326 2442 1370 884 359879
cat_boundaries=0 2 4 5 7 9 10
cat_threshold=33587330 1077936128 2147483648 1049088 33587200 16400 268435456 0 268435456 16384
is_linear=0
shrinkage=0.05


Tree=156
num_leaves=31
num_cat=6
split_feature=0 0 0 0 11 11 1 3 3 0 1 1 1 11 6 11 6 5 1 6 9 1 9 16 14 2 13 10 5 0
split_gain=19207.8 15146.8 1006.32 655.96 388.731 400.267 368.085 291.275 162.588 190.874 798.181 325.061 185.683 325.302 156.906 158.039 156.786 258.902 146.652 154.62 143.594 187.458 123.106 116.542 184.955 103.271 101.777 105.976 100.58 213.746
threshold=0 1 2 3 773.50000000000011 -1274.9999999999998 17.500000000000004 25.500000000000004 23.500000000000004 4 9.5000000000000018 12.500000000000002 12.500000000000002 225.00000000000003 1.4166666666666667 563.50000000000011 1.1666666666666667 79.200000000000017 20.500000000000004 1.1666666666666667 8.5000000000000018 10.500000000000002 44.500000000000007 20.416666666666668 89.500000000000014 4.5000000000000009 1.0000000180025095e-35 1.5000000000000002 93.500000000000014 5
decision_type=9 9 9 9 2 2 2 2 2 9 2 2 2 2 2 2 2 2 2 2 2 2 2 2 2 2 2 2 2 9
left_child=2 -2 6 4 5 7 14 -3 -7 10 -10 20 16 22 26 -16 17 -12 19 -13 21 -11 -14 24 25 -8 -1 -28 -5 -30
right_child=1 3 -4 28 -6 8 23 -9 9 11 12 18 13 -15 15 -17 -18 -19 -20 -21 -22 -23 -24 -25 -26 -27 27 -29 29 -31
leaf_value=-0.00016743738373841134 1.9360543201507599e-06 -6.339704390696532e-05 -0.00016743738373841134 3.762515162497593e-06 -0.00014767531717794214 0.00027428846003667572 -0.00016743738373841134 -0.00018612615358453157 -0.00014649864548306192 7.6677645159506369e-05 -0.0017232903671708932 -0.0012241080538631711 -0.00027339444708109897 -0.013036714017418839 -0.00016743738373841134 -0.00016743738373841134 -0.03135239311010634 0.0005070487970607829 0.00010118509700607348 -0.0005707388110445244 -1.819614374101164e-05 -0.001339034268439221 0.00019000023131909849 -0.00028562856789351445 0.46671814404343231 -0.00016743738373841134 -0.00016743738373841134 -0.00016743738373841134 0.018384791284986334 -0.13958889320647058
leaf_weight=6278 16643 994 15271 356286 684 6887 2249 1614 971 337 395 2285 2735 813 1705 616 580 1203 160 815 1274 239 1253 1138 234 843 288 1506 1630 1963
leaf_count=6278 16643 994 15271 356286 684 6887 2249 1614 971 337 395 2285 2735 813 1705 616 580 1203 160 815 1274 239 1253 1138 234 843 288 1506 1630 1963
internal_value=-0.00135488 0.00154701 -0.0398467 -0.000482084 -0.00862188 -0.00749945 -0.0305139 -0.0259202 -0.00509099 -0.00836907 -0.00350503 -0.0158984 0.00240006 -0.00309311 -0.0356923 -0.0242352 0.0145087 0.0225907 -0.0254294 -0.0278387 0.000810811 0.0215278 0.00278335 -0.018526 -0.0138004 -0.017044 -0.0389866 -0.0284838 4.37635e-05 -0.00827999
internal_weight=429889 399761 30128 383118 23239 22555 14857 2608 19947 13060 7950 5110 6979 4801 10393 2321 2178 1598 3260 3100 1850 576 3988 4464 3326 3092 8072 1794 359879 3593
internal_count=429889 399761 30128 383118 23239 22555 14857 2608 19947 13060 7950 5110 6979 4801 10393 2321 2178 1598 3260 3100 1850 576 3988 4464 3326 3092 8072 1794 359879 3593
cat_boundaries=0 2 4 5 7 8 11
cat_threshold=33587330 1077936128 2147483648 1049088 33587200 16400 268435456 16400 9777216 539447641 1
is_linear=0
shrinkage=0.05


Tree=157
num_leaves=31
num_cat=6
split_feature=0 0 0 0 11 11 1 3 3 0 1 1 1 11 6 11 6 5 1 6 9 1 9 16 14 6 13 10 6 0
split_gain=19244.9 15142.4 998.859 655.71 388.911 400.652 358.541 291.275 162.064 191.653 799.127 325.061 186.213 323.021 156.906 158.039 155.009 258.902 146.652 154.62 143.594 187.458 122.802 112.792 159.082 134.476 101.777 105.976 100.515 388.194
threshold=0 1 2 3 773.50000000000011 -1274.9999999999998 17.500000000000004 25.500000000000004 23.500000000000004 4 9.5000000000000018 12.500000000000002 12.500000000000002 235.00000000000003 1.4166666666666667 563.50000000000011 1.1666666666666667 79.200000000000017 20.500000000000004 1.1666666666666667 8.5000000000000018 10.500000000000002 44.500000000000007 20.416666666666668 19.000000000000004 1.4166666666666667 1.0000000180025095e-35 1.5000000000000002 0.83333333333333337 5
decision_type=9 9 9 9 2 2 2 2 2 9 2 2 2 2 2 2 2 2 2 2 2 2 2 2 2 2 2 2 2 9
left_child=2 -2 6 4 5 7 14 -3 -7 10 -10 20 16 22 26 -16 17 -12 19 -13 21 -11 -14 24 -8 -26 -1 -28 29 -5
right_child=1 3 -4 28 -6 8 23 -9 9 11 12 18 13 -15 15 -17 -18 -19 -20 -21 -22 -23 -24 -25 25 -27 27 -29 -30 -31
leaf_value=-0.000159065514551493 1.8392516041743081e-06 -6.0227191711614836e-05 -0.000159065514551493 0.021764331252529169 -0.00014029155131902726 0.00026057403703485529 -0.000159065514551493 -0.0001768198459052961 -0.0001391737132089066 7.2843762901531059e-05 -0.0016371258488123708 -0.0011629026511700059 -0.00025972472472703958 -0.012384878316547887 -0.000159065514551493 -0.000159065514551493 -0.029784773454601024 0.00048169635720776152 9.6125842155769808e-05 -0.00054220187049232045 -1.7286336553956616e-05 -0.001272082555017251 0.00018050021975315469 -0.00027134713949883427 -0.000159065514551493 0.24984093448544853 -0.000159065514551493 -0.000159065514551493 5.0802787330050947e-05 -0.051570851098143682
leaf_weight=6278 16643 994 15271 6681 684 6887 2226 1614 971 337 395 2285 2757 779 1705 616 580 1203 160 815 1274 239 1265 1138 823 277 288 1506 342021 11177
leaf_count=6278 16643 994 15271 6681 684 6887 2226 1614 971 337 395 2285 2757 779 1705 616 580 1203 160 815 1274 239 1265 1138 823 277 288 1506 342021 11177
internal_value=-0.00135093 0.00155376 -0.0398799 -0.000475037 -0.00861327 -0.00749058 -0.0305812 -0.0259202 -0.00508096 -0.00835375 -0.0034799 -0.0158984 0.00242871 -0.00307228 -0.0356923 -0.0242352 0.0145546 0.0225907 -0.0254294 -0.0278387 0.000810811 0.0215278 0.0026355 -0.01875 -0.014101 0.00145455 -0.0389866 -0.0284838 5.07101e-05 -0.00360623
internal_weight=429889 399761 30128 383118 23239 22555 14857 2608 19947 13060 7950 5110 6979 4801 10393 2321 2178 1598 3260 3100 1850 576 4022 4464 3326 1100 8072 1794 359879 17858
internal_count=429889 399761 30128 383118 23239 22555 14857 2608 19947 13060 7950 5110 6979 4801 10393 2321 2178 1598 3260 3100 1850 576 4022 4464 3326 1100 8072 1794 359879 17858
cat_boundaries=0 2 4 5 7 8 11
cat_threshold=33587330 1077936128 2147483648 1049088 33587200 16400 268435456 16400 1410339140 2164656258 6
is_linear=0
shrinkage=0.05


Tree=158
num_leaves=31
num_cat=5
split_feature=0 0 0 0 11 11 11 3 6 9 3 0 1 1 5 1 11 6 12 6 1 1 6 11 9 1 9 11 3 11
split_gain=19250.9 15138.2 998.859 683.429 385.495 393.361 313.013 291.275 241.719 175.288 172.166 193.73 789.224 302.693 172.183 198.406 338.244 228.725 151.232 154.134 150.186 146.652 154.62 132.525 116.801 156.212 116.42 116.707 108.215 106.941
threshold=0 1 2 3 773.50000000000011 -1274.9999999999998 332.00000000000006 25.500000000000004 1.1666666666666667 22.500000000000004 23.500000000000004 4 9.5000000000000018 12.500000000000002 77.90000000000002 12.500000000000002 205.00000000000003 1.7500000000000002 12.500000000000002 2.5000000000000004 11.500000000000002 20.500000000000004 1.1666666666666667 -655.49999999999989 8.5000000000000018 10.500000000000002 10.500000000000002 -655.49999999999989 25.500000000000004 -1134.9999999999998
decision_type=9 9 9 9 2 2 2 2 2 2 2 9 2 2 2 2 2 2 2 2 2 2 2 2 2 2 2 2 2 2
left_child=2 -2 6 4 5 7 8 -3 28 26 -7 12 -12 24 -14 17 29 -16 -8 -20 -21 22 -15 -11 25 -13 27 -10 -1 -17
right_child=1 3 -4 -5 -6 10 18 -9 9 23 11 13 14 21 15 16 -18 -19 19 20 -22 -23 -24 -25 -26 -27 -28 -29 -30 -31
leaf_value=-0.00015111223882393612 1.7472890239567109e-06 -5.7215832126011895e-05 -0.00015111223882393612 1.0342500378790475e-06 -0.00013327697375307146 0.00024754533518311916 0.48557877054345494 -0.00016797885361001798 0.0016419484218541227 0.0027941277429286873 -0.0001322150275484546 6.9201574756450065e-05 -0.0013921134616920574 -0.0011047575186115212 0.00045761153934735792 -0.0023417538311353513 -0.011765634400720516 -0.028295534781870968 -0.00015111223882393612 -0.059857040911937311 0.0077809362275906404 9.1319550047996867e-05 -0.00051509177696766888 -0.00015111223882393612 -1.6422019726247684e-05 -0.0012084784272663907 -0.011779108704170893 -0.00015111223882393612 -0.00087251832605210748 0.00035573918993145884
leaf_weight=3559 16643 994 15271 359879 684 6887 138 1614 202 486 971 337 1194 2285 1239 685 778 545 5150 97 102 160 815 557 1274 239 911 155 3500 2538
leaf_count=3559 16643 994 15271 359879 684 6887 138 1614 202 486 971 337 1194 2285 1239 685 778 545 5150 97 102 160 815 557 1274 239 911 155 3500 2538
internal_value=-0.00134488 0.00156027 -0.0398799 -0.000468251 -0.00877672 -0.00765906 -0.0305812 -0.0259202 -0.025048 -0.0110125 -0.00527147 -0.00864472 -0.00374372 -0.0162305 0.00212781 0.00569576 -0.000487378 0.0195628 -0.0400857 -0.041419 0.00175879 -0.0254294 -0.0278387 0.00417066 -0.000108108 0.0185764 -0.0235016 0.00070028 -0.029643 0.00665529
internal_weight=429889 399761 30128 383118 23239 22555 14857 2608 9370 2311 19947 13060 7950 5110 6979 5785 4001 1784 5487 5349 199 3260 3100 1043 1850 576 1268 357 7059 3223
internal_count=429889 399761 30128 383118 23239 22555 14857 2608 9370 2311 19947 13060 7950 5110 6979 5785 4001 1784 5487 5349 199 3260 3100 1043 1850 576 1268 357 7059 3223
cat_boundaries=0 2 4 5 7 8
cat_threshold=33587330 1077936128 2147483648 1049088 33587200 16400 268435456 16400
is_linear=0
shrinkage=0.05


Tree=159
num_leaves=31
num_cat=6
split_feature=0 0 0 0 6 11 11 11 3 1 3 0 1 1 5 1 11 6 1 6 12 11 10 13 10 9 14 15 15 0
split_gain=18860.5 15141 1094.89 694.775 409.488 383.971 390.12 305.652 291.275 243.806 176.784 186.141 780.785 303.986 167.084 178.94 338.244 211.946 146.652 154.62 113.506 106.941 110.047 101.777 105.976 101.149 97.8854 332.349 166.24 224.815
threshold=0 1 2 3 1.4166666666666667 773.50000000000011 -1274.9999999999998 511.50000000000006 25.500000000000004 17.500000000000004 23.500000000000004 4 9.5000000000000018 12.500000000000002 77.90000000000002 12.500000000000002 205.00000000000003 1.7500000000000002 20.500000000000004 1.1666666666666667 12.500000000000002 -1134.9999999999998 19.500000000000004 1.0000000180025095e-35 1.5000000000000002 51.500000000000007 41.500000000000007 0.17500000000000002 3.4916666666666671 5
decision_type=9 9 9 9 2 2 2 2 2 2 2 9 2 2 2 2 2 2 2 2 2 2 2 2 2 2 2 2 2 9
left_child=2 -2 4 5 9 6 8 -6 -3 23 -8 12 -12 25 -14 17 21 20 19 -15 -16 -17 -23 -1 -25 -13 -5 -28 29 -29
right_child=1 3 -4 26 7 -7 10 -9 -10 -11 11 13 14 18 15 16 -18 -19 -20 -21 -22 22 -24 24 -26 -27 27 28 -30 -31
leaf_value=-0.00014355662688272374 1.6599245727277891e-06 -5.4355040519693534e-05 -0.00014355662688272374 -8.3563002030428993e-05 -0.00014355662688272374 -0.00012661312506541124 0.00023516806842396323 -0.00014355662688272374 -0.00015957991092951929 -0.00010748632252131075 -0.00012560427617103187 1.7842612048601938e-05 -0.0013225077886074744 -0.0010495196426809628 0.00024713843184600572 -0.0022246661395785685 -0.011177352680684472 -0.026880758042777411 8.6753572545594798e-05 -0.00048933718811925429 0.00045361180155318871 0.00037683098934357954 -0.00022030661887577631 -0.00014355662688272374 -0.00014355662688272374 -4.3608546065376788e-05 -0.18804634971588838 -0.042114177646767816 9.8253753599841787e-07 0.10040755764569678
leaf_weight=6278 16643 994 15271 323971 2628 684 6887 739 1614 3418 971 1471 1194 2285 641 685 778 545 160 815 598 1519 1019 288 1506 379 2695 1357 15614 16242
leaf_count=6278 16643 994 15271 323971 2628 684 6887 739 1614 3418 971 1471 1194 2285 641 685 778 545 160 815 598 1519 1019 288 1506 379 2695 1357 15614 16242
internal_value=-0.00131953 0.00155602 -0.0394618 -0.000472688 -0.0297336 -0.00884984 -0.00773443 -0.0144194 -0.0259202 -0.0342472 -0.0053567 -0.00877489 -0.00396985 -0.0162109 0.0018699 0.00538462 -0.000487378 0.0185538 -0.0254294 -0.0278387 0.0299839 0.00665529 0.0113869 -0.0389866 -0.0284838 -5.40541e-05 6.84933e-05 0.00254539 0.00391564 0.00724757
internal_weight=429889 399761 30128 383118 14857 23239 22555 3367 2608 11490 19947 13060 7950 5110 6979 5785 4001 1784 3260 3100 1239 3223 2538 8072 1794 1850 359879 35908 33213 17599
internal_count=429889 399761 30128 383118 14857 23239 22555 3367 2608 11490 19947 13060 7950 5110 6979 5785 4001 1784 3260 3100 1239 3223 2538 8072 1794 1850 359879 35908 33213 17599
cat_boundaries=0 2 4 5 7 8 10
cat_threshold=33587330 1077936128 2147483648 1049088 33587200 16400 268435456 16400 747110400 2183921922
is_linear=0
shrinkage=0.05


Tree=160
num_leaves=31
num_cat=6
split_feature=0 0 0 0 6 11 11 11 3 1 3 0 1 1 5 1 11 6 1 6 12 11 10 13 10 9 1 0 5 9
split_gain=18840.5 15155.1 1094.89 690.302 409.488 384.06 390.311 305.652 291.275 243.806 176.511 198.474 786.875 288.644 170.759 172.886 308.171 211.946 146.652 154.62 113.506 106.941 110.047 101.777 105.976 100.938 137.511 97.0021 184.223 186.838
threshold=0 1 2 3 1.4166666666666667 773.50000000000011 -1274.9999999999998 511.50000000000006 25.500000000000004 17.500000000000004 23.500000000000004 4 9.5000000000000018 12.500000000000002 77.90000000000002 12.500000000000002 205.00000000000003 1.7500000000000002 20.500000000000004 1.1666666666666667 12.500000000000002 -1134.9999999999998 19.500000000000004 1.0000000180025095e-35 1.5000000000000002 8.5000000000000018 10.500000000000002 5 90.300000000000026 45.500000000000007
decision_type=9 9 9 9 2 2 2 2 2 2 2 9 2 2 2 2 2 2 2 2 2 2 2 2 2 2 2 9 2 2
left_child=2 -2 4 5 9 6 8 -6 -3 23 -8 12 -12 25 -14 17 21 20 19 -15 -16 -17 -23 -1 -25 26 -13 -5 -29 -30
right_child=1 3 -4 27 7 -7 10 -9 -10 -11 11 13 14 18 15 16 -18 -19 -20 -21 -22 22 -24 24 -26 -27 -28 28 29 -31
leaf_value=-0.00013637879553858313 1.5769283440825177e-06 -5.1637288493688872e-05 -0.00013637879553858313 0.00066630511530867413 -0.00013637879553858313 -0.00012028246881214955 0.00022340966500276061 -0.00013637879553858313 -0.00015160091538302112 -0.00010211200639522745 -0.00011932406236248028 6.4849365416197466e-05 -0.0012563823991770919 -0.00099704366054691467 0.00023478151025368987 -0.0021134328325996599 -0.01061848504665024 -0.025536720140638548 8.2415893918330596e-05 -0.00046487032871329604 0.00043093121147554927 0.00035798943987641607 -0.00020929128793198971 -0.00013637879553858313 -0.00013637879553858313 -1.3420491436644256e-05 -0.0011489466365054658 -0.00013764900569492866 -0.040323173225345559 0.0039929399335539182
leaf_weight=6278 16643 994 15271 188867 2628 684 6887 739 1614 3418 971 337 1194 2285 641 685 778 545 160 815 598 1519 1019 288 1506 1274 239 153389 10862 6761
leaf_count=6278 16643 994 15271 188867 2628 684 6887 739 1614 3418 971 337 1194 2285 641 685 778 545 160 815 598 1519 1019 288 1506 1274 239 153389 10862 6761
internal_value=-0.00133976 0.00153425 -0.0394618 -0.000495396 -0.0297336 -0.00884554 -0.00772999 -0.0144194 -0.0259202 -0.0342472 -0.00535168 -0.00876723 -0.00380653 -0.0164453 0.00205617 0.00560933 -0.000162459 0.0185538 -0.0254294 -0.0278387 0.0299839 0.00665529 0.0113869 -0.0389866 -0.0284838 -0.000702703 0.0166667 4.40414e-05 -0.000818608 -0.00566022
internal_weight=429889 399761 30128 383118 14857 23239 22555 3367 2608 11490 19947 13060 7950 5110 6979 5785 4001 1784 3260 3100 1239 3223 2538 8072 1794 1850 576 359879 171012 17623
internal_count=429889 399761 30128 383118 14857 23239 22555 3367 2608 11490 19947 13060 7950 5110 6979 5785 4001 1784 3260 3100 1239 3223 2538 8072 1794 1850 576 359879 171012 17623
cat_boundaries=0 2 4 5 7 8 11
cat_threshold=33587330 1077936128 2147483648 1049088 33587200 16400 268435456 16400 612901120 2232380865 10
is_linear=0
shrinkage=0.05


Tree=161
num_leaves=31
num_cat=5
split_feature=0 0 0 0 6 11 11 11 3 1 3 0 1 1 5 1 11 6 1 6 12 11 13 10 10 9 1 11 10 3
split_gain=18850.2 15148.3 1094.89 690.692 409.488 384.24 390.691 305.652 291.275 243.806 175.965 199.269 787.814 288.644 171.328 193.505 298.892 183.842 146.652 154.62 113.506 102.076 101.777 105.976 101.357 100.938 137.511 95.2306 95.0447 93.015
threshold=0 1 2 3 1.4166666666666667 773.50000000000011 -1274.9999999999998 511.50000000000006 25.500000000000004 17.500000000000004 23.500000000000004 4 9.5000000000000018 12.500000000000002 77.90000000000002 12.500000000000002 205.00000000000003 1.7500000000000002 20.500000000000004 1.1666666666666667 12.500000000000002 -1134.9999999999998 1.0000000180025095e-35 1.5000000000000002 19.500000000000004 8.5000000000000018 10.500000000000002 -674.99999999999989 3.5000000000000004 20.500000000000004
decision_type=9 9 9 9 2 2 2 2 2 2 2 9 2 2 2 2 2 2 2 2 2 2 2 2 2 2 2 2 2 2
left_child=2 -2 4 5 9 6 8 -6 -3 22 -8 12 -12 25 -14 17 21 20 19 -15 -16 -17 -1 -24 -23 26 -13 -19 -11 -30
right_child=1 3 -4 -5 7 -7 10 -9 -10 28 11 13 14 18 15 16 -18 27 -20 -21 -22 24 23 -25 -26 -27 -28 -29 29 -31
leaf_value=-0.00012955985576166285 1.4980819268650692e-06 -4.9055424068988886e-05 -0.00012955985576166285 1.2043137922290726e-05 -0.00012955985576166285 -0.00011426834537155984 0.00021223918175263814 -0.00012955985576166285 -0.00014402086961387006 -9.7006406075461626e-05 -0.00011335785924435627 6.1606897145383149e-05 -0.0011935632792182461 -0.00094719147751956003 0.00022304243474100539 -0.0020077611909696813 -0.010087560794317741 0.25065360130803932 7.8295099222414066e-05 -0.00044162681227764015 0.00040938465090176738 0.0003400899678825731 -0.00012955985576166285 -0.00012955985576166285 -0.00019882672353537247 -1.2749466864825366e-05 -0.0010914993046801768 -0.024573121158807745 -9.4636485896693046e-05 -0.00013307671043687465
leaf_weight=6278 16643 994 15271 359879 2628 684 6887 739 1614 662 971 337 1194 2285 641 685 778 158 160 815 598 1519 288 1506 1019 1274 239 387 395 2361
leaf_count=6278 16643 994 15271 359879 2628 684 6887 739 1614 662 971 337 1194 2285 641 685 778 158 160 815 598 1519 288 1506 1019 1274 239 387 395 2361
internal_value=-0.00132999 0.00154476 -0.0394618 -0.000484433 -0.0297336 -0.00883694 -0.00772113 -0.0144194 -0.0259202 -0.0342472 -0.00534166 -0.00875191 -0.00378141 -0.0164453 0.00208483 0.00564391 -0.000462384 0.0193386 -0.0254294 -0.0278387 0.0299839 0.00625194 -0.0389866 -0.0284838 0.0108747 -0.000702703 0.0166667 -0.00486239 -0.0230544 -0.0271408
internal_weight=429889 399761 30128 383118 14857 23239 22555 3367 2608 11490 19947 13060 7950 5110 6979 5785 4001 1784 3260 3100 1239 3223 8072 1794 2538 1850 576 545 3418 2756
internal_count=429889 399761 30128 383118 14857 23239 22555 3367 2608 11490 19947 13060 7950 5110 6979 5785 4001 1784 3260 3100 1239 3223 8072 1794 2538 1850 576 545 3418 2756
cat_boundaries=0 2 4 5 7 8
cat_threshold=33587330 1077936128 2147483648 1049088 33587200 16400 268435456 16400
is_linear=0
shrinkage=0.05


Tree=162
num_leaves=31
num_cat=6
split_feature=0 0 0 0 6 11 11 11 3 1 3 0 1 1 1 6 5 1 11 6 12 13 10 11 10 10 5 3 0 5
split_gain=18844.7 15152.2 1094.89 706.822 409.488 382.093 386.136 305.652 291.275 243.806 182.573 211.173 786.406 262.751 146.652 154.62 134.431 167.539 295.601 235.43 113.506 101.777 105.976 101.338 100.052 95.0447 95.0169 93.015 91.3259 162.83
threshold=0 1 2 3 1.4166666666666667 773.50000000000011 -1274.9999999999998 511.50000000000006 25.500000000000004 17.500000000000004 23.500000000000004 4 9.5000000000000018 12.500000000000002 20.500000000000004 1.1666666666666667 77.90000000000002 12.500000000000002 205.00000000000003 1.7500000000000002 12.500000000000002 1.0000000180025095e-35 1.5000000000000002 -1134.9999999999998 19.500000000000004 3.5000000000000004 83.050000000000011 20.500000000000004 5 68.40000000000002
decision_type=9 9 9 9 2 2 2 2 2 2 2 9 2 2 2 2 2 2 2 2 2 2 2 2 2 2 2 2 9 2
left_child=2 -2 4 5 9 6 8 -6 -3 21 -8 12 -12 -13 15 -15 -14 19 23 20 -18 -1 -23 -19 -25 -11 -20 -27 29 -5
right_child=1 3 -4 28 7 -7 10 -9 -10 25 11 13 16 14 -16 -17 17 18 26 -21 -22 22 -24 24 -26 27 -28 -29 -30 -31
leaf_value=-0.00012308186297356195 1.423177830517375e-06 -4.6602652865557208e-05 -0.00012308186297356195 -0.06561346190448232 -0.00012308186297356195 -0.00010855492810297741 0.00020162722266499068 -0.00012308186297356195 -0.00013681982613316103 -9.2156085771666343e-05 -0.0001076899662821429 -3.9453463943406323e-06 -0.0011338851152573159 -0.00089983190364359986 7.4380344261282272e-05 -0.00041954547166378475 0.00021189031300394845 -0.0019073731314211972 0.011566408224437219 -0.023031228075666245 0.00038891541835668343 -0.00012308186297356195 -0.00012308186297356195 0.00032308546948844885 -0.00018888538735861715 -8.9904661601858393e-05 -0.0095831827546018385 -0.00012642287491502203 -0.00013529488353598574 0.0019579836129046237
leaf_weight=6278 16643 994 15271 3546 2628 684 6887 739 1614 662 971 1850 1194 2285 160 815 641 685 92 545 598 288 1506 1519 1019 395 686 2361 174045 182288
leaf_count=6278 16643 994 15271 3546 2628 684 6887 739 1614 662 971 1850 1194 2285 160 815 641 685 92 545 598 288 1506 1519 1019 395 686 2361 174045 182288
internal_value=-0.00133558 0.00153876 -0.0394618 -0.000490698 -0.0297336 -0.00894017 -0.00782753 -0.0144194 -0.0259202 -0.0342472 -0.00546197 -0.00893568 -0.0038191 -0.0168555 -0.0254294 -0.0278387 0.00204184 0.00519447 -0.000487378 0.0179372 0.0299839 -0.0389866 -0.0284838 0.00618989 0.0107959 -0.0230544 -0.0281491 -0.0271408 5.51559e-05 0.000825962
internal_weight=429889 399761 30128 383118 14857 23239 22555 3367 2608 11490 19947 13060 7950 5110 3260 3100 6979 5785 4001 1784 1239 8072 1794 3223 2538 3418 778 2756 359879 185834
internal_count=429889 399761 30128 383118 14857 23239 22555 3367 2608 11490 19947 13060 7950 5110 3260 3100 6979 5785 4001 1784 1239 8072 1794 3223 2538 3418 778 2756 359879 185834
cat_boundaries=0 2 4 5 7 8 11
cat_threshold=33587330 1077936128 2147483648 1049088 33587200 16400 268435456 16400 748167424 118451648 8
is_linear=0
shrinkage=0.05


Tree=163
num_leaves=31
num_cat=7
split_feature=0 0 0 0 6 11 11 11 3 1 3 0 1 1 1 2 1 11 4 6 11 6 2 2 0 0 11 9 1 10
split_gain=18767.5 15206.8 1094.89 737.46 409.488 386.633 369.989 305.652 277.704 243.806 133.711 213.408 682.062 226.605 158.51 141.039 129.142 268.728 137.249 262.647 149.336 120.539 103.475 358.226 451.173 291.167 285.471 258.596 294.259 238.533
threshold=0 1 2 3 1.4166666666666667 773.50000000000011 -1274.9999999999998 511.50000000000006 25.500000000000004 17.500000000000004 24.500000000000004 4 9.5000000000000018 12.500000000000002 20.500000000000004 1.5000000000000002 12.500000000000002 235.00000000000003 6.5000000000000009 1.7500000000000002 -655.49999999999989 1.1666666666666667 4.5000000000000009 5.5000000000000009 5 6 725.00000000000011 2.5000000000000004 19.500000000000004 1.5000000000000002
decision_type=9 9 9 9 2 2 2 2 2 2 2 9 2 2 2 2 2 2 2 2 2 2 2 2 9 9 2 2 2 2
left_child=2 -2 4 5 9 6 8 -6 -3 -1 15 13 -13 -12 21 -8 18 -18 -14 20 -20 -15 29 24 27 -25 -26 -24 -29 -5
right_child=1 3 -4 22 7 -7 10 -9 -10 -11 11 12 16 14 -16 -17 17 -19 19 -21 -22 -23 23 25 26 -27 -28 28 -30 -31
leaf_value=-0.00011692776982488163 1.3520189390270332e-06 -4.4272520222277127e-05 -0.00011692776982488163 -0.016774816637675504 -0.00011692776982488163 -0.00010312718169784852 -0.016013376824669214 -0.00011692776982488163 -0.00012997883482648298 -8.7548281483096349e-05 -3.7480790746169393e-06 -0.00010230546796803354 -0.0008696403128247266 -0.00085484030846143537 7.0661327048204822e-05 0.00019154586153176113 1.4733569155112037e-05 -0.0091040236168717491 3.7258536301365555e-05 -0.022164896069758602 0.00035058880826568386 -0.00039856819808061774 0.031355607586552738 0.012432934783116779 -0.00054443725097392821 -0.0016991637636674106 0.012951254251157574 -0.10295017822821002 1.820572520294661e-05 0.0015115963914122067
leaf_weight=8072 16643 994 15271 23104 2628 684 2971 739 1630 3418 1648 851 772 2093 146 7012 4338 778 550 430 729 671 2722 23274 30507 26919 442 13646 3430 232777
leaf_count=8072 16643 994 15271 23104 2628 684 2971 739 1630 3418 1648 851 772 2093 146 7012 4338 778 550 430 729 671 2722 23274 30507 26919 442 13646 3430 232777
internal_value=-0.00141374 0.00145471 -0.0394618 -0.000578397 -0.0297336 -0.00865739 -0.00766993 -0.0144194 -0.0254573 -0.0342472 -0.00563965 -0.00898047 -0.00425633 -0.0176883 -0.0261168 -0.00128719 0.000493616 -0.00404613 0.0098549 0.0177589 0.0291243 -0.0287988 1.7235e-05 -0.00133842 -0.00430075 0.00165661 -0.000528118 -0.0101929 -0.0124795 0.000552014
internal_weight=429889 399761 30128 383118 14857 26297 25613 3367 2624 11490 22989 13006 8448 4558 2910 9983 7597 5116 2481 1709 1279 2764 356821 100940 50747 50193 30949 19798 17076 255881
internal_count=429889 399761 30128 383118 14857 26297 25613 3367 2624 11490 22989 13006 8448 4558 2910 9983 7597 5116 2481 1709 1279 2764 356821 100940 50747 50193 30949 19798 17076 255881
cat_boundaries=0 2 4 5 7 9 12 15
cat_threshold=33587330 1077936128 2147483648 1049088 33587200 134234128 268435456 0 268435456 1359807552 671357016 1 1158218752 754984441 9
is_linear=0
shrinkage=0.05


Tree=164
num_leaves=31
num_cat=12
split_feature=0 0 0 0 6 11 3 11 11 0 1 1 1 11 6 1 1 11 0 6 1 0 0 0 6 0 11 9 0 0
split_gain=18729.2 15233.9 1094.89 677.256 409.488 383.076 410.561 462.071 305.652 272.601 646.132 243.806 188.452 241.462 189.956 184.815 179.108 160.934 127.664 117.675 112.792 1259.03 298.11 292.832 147.876 170.806 119.918 118.15 154.532 109.856
threshold=0 1 2 3 1.4166666666666667 773.50000000000011 25.500000000000004 -1274.9999999999998 511.50000000000006 4 9.5000000000000018 17.500000000000004 12.500000000000002 255.00000000000003 1.7500000000000002 12.500000000000002 20.500000000000004 -655.49999999999989 5 1.7500000000000002 8.5000000000000018 6 7 8 1.1666666666666667 9 -504.99999999999994 49.500000000000007 10 11
decision_type=9 9 9 9 2 2 2 2 2 9 2 2 2 2 2 2 2 2 9 2 2 9 9 9 2 9 2 2 9 9
left_child=2 -2 4 5 11 6 -3 -8 -6 10 -9 -1 14 -14 17 -11 19 -12 -5 -17 21 23 24 -20 -23 -26 -25 -24 -29 -22
right_child=1 3 -4 18 8 -7 7 9 -10 15 12 -13 13 -15 -16 16 -18 -19 20 -21 29 22 27 26 25 -27 -28 28 -30 -31
leaf_value=-0.0001110813813336442 1.2844179920534772e-06 -4.2058894211161046e-05 -0.0001110813813336442 -0.00069789509434716737 -0.0001110813813336442 -9.7970822612936115e-05 -0.00012347989308514329 -9.7190194569618537e-05 -0.0001110813813336442 -9.3639766907571708e-06 1.5078706844429136e-05 -8.3170867408943749e-05 5.504415015615827e-05 -0.0086705689255893951 -0.020799429495720424 -0.00084010592036380953 6.7128260695792371e-05 0.00033305936785241744 -0.024915285667696276 -0.00037863978817656021 0.0048076461210690979 0.0061853858933806904 0.0018951242116693745 0.0052856703251335183 -0.0063235353331068563 0.0087220365190793011 -0.018027188345730871 -0.0034604899482524767 0.0065933756154851865 -0.00032118705299399863
leaf_weight=8072 16643 10652 15271 44477 2628 684 1614 746 739 1447 441 3418 3229 626 449 1817 102 809 1763 623 149445 2319 5811 1398 325 383 3652 267 864 149175
leaf_count=8072 16643 10652 15271 44477 2628 684 1614 746 739 1447 441 3418 3229 626 449 1817 102 809 1763 623 149445 2319 5811 1398 325 383 3652 267 864 149175
internal_value=-0.00145258 0.00141293 -0.0394618 -0.000621985 -0.0297336 -0.00889286 -0.00777876 -0.0141603 -0.0144194 -0.0102585 -0.00375594 -0.0342472 0.00210659 -0.00400778 0.01598 -0.0204676 -0.0286389 0.026 -8.76659e-05 -0.0313525 0.000266001 0.00425456 0.0155677 -0.012304 0.0286632 0.00875706 -0.00614625 0.00982451 0.0246242 4.18592e-05
internal_weight=429889 399761 30128 383118 14857 23239 22555 11903 3367 10289 6300 11490 5554 3855 1699 3989 2542 1250 359879 2440 315402 16782 9969 6813 3027 708 5050 6942 1131 298620
internal_count=429889 399761 30128 383118 14857 23239 22555 11903 3367 10289 6300 11490 5554 3855 1699 3989 2542 1250 359879 2440 315402 16782 9969 6813 3027 708 5050 6942 1131 298620
cat_boundaries=0 2 4 5 7 8 11 14 17 19 22 24 27
cat_threshold=33587330 1077936128 2147483648 1049088 33587200 16400 268435456 16400 419692544 4096 4 1140851780 84167000 1 536870912 539493378 2 1073741888 272 536870912 1024 2 1052928 8192 1082139968 84306392 1
is_linear=0
shrinkage=0.05


Tree=165
num_leaves=31
num_cat=10
split_feature=0 0 0 0 6 11 3 11 11 0 1 1 1 11 6 1 1 11 6 0 1 0 1 0 11 0 11 3 0 2
split_gain=18680.2 15268.8 1094.89 668.139 409.488 383.076 410.561 462.071 305.652 272.601 646.132 243.806 188.452 241.462 189.956 184.815 179.108 160.934 117.675 106.599 194.04 375.206 311.737 631.204 226.906 209.373 192.151 184.3 443.579 354.347
threshold=0 1 2 3 1.4166666666666667 773.50000000000011 25.500000000000004 -1274.9999999999998 511.50000000000006 4 9.5000000000000018 17.500000000000004 12.500000000000002 255.00000000000003 1.7500000000000002 12.500000000000002 20.500000000000004 -655.49999999999989 1.7500000000000002 5 8.5000000000000018 6 10.500000000000002 7 -626.99999999999989 8 725.00000000000011 29.500000000000004 9 2.5000000000000004
decision_type=9 9 9 9 2 2 2 2 2 9 2 2 2 2 2 2 2 2 2 9 2 9 2 9 2 9 2 2 9 2
left_child=2 -2 4 5 11 6 -3 -8 -6 10 -9 -1 14 -14 17 -11 18 -12 -17 20 21 -5 23 24 -22 -25 -26 -24 -29 -30
right_child=1 3 -4 19 8 -7 7 9 -10 15 12 -13 13 -15 -16 16 -18 -19 -20 -21 22 -23 27 25 26 -27 -28 28 29 -31
leaf_value=-0.0001055273122669398 1.2201970924330397e-06 -3.9955949500614099e-05 -0.0001055273122669398 -0.0051357495275422774 -0.0001055273122669398 -9.3072281482298183e-05 -0.00011730589843086393 -9.2330684841135385e-05 -0.0001055273122669398 -8.8957778562104298e-06 1.4324771502227664e-05 -7.9012324038485465e-05 5.2291942648352575e-05 -0.0082370404793099105 -0.019759458020934418 -0.00079810062434559903 6.3771847660998302e-05 0.00031640639945980099 -0.00035970779876777216 -0.0001818029310244107 0.034759215658578715 0.0044425618993825028 0.0010990507781376557 0.10221682799495363 -0.10100141352206995 -0.014322330520006156 -0.010299031422418127 0.21741888390180295 0.0619568926939877 -0.01583829637399501
leaf_weight=8072 16643 10652 15271 4154 2628 684 1614 746 739 1447 441 3418 3229 626 449 1817 102 809 623 169874 1628 6183 118142 4639 7377 10561 2110 4650 14985 15576
leaf_count=8072 16643 10652 15271 4154 2628 684 1614 746 739 1447 441 3418 3229 626 449 1817 102 809 623 169874 1628 6183 118142 4639 7377 10561 2110 4650 14985 15576
internal_value=-0.00150236 0.0013594 -0.0394618 -0.000677841 -0.0297336 -0.00889286 -0.00777876 -0.0141603 -0.0144194 -0.0102585 -0.00375594 -0.0342472 0.00210659 -0.00400778 0.01598 -0.0204676 -0.0286389 0.026 -0.0313525 -0.000147129 0.000666526 0.00732804 0.0002833 -0.00474444 -0.0137933 0.00188034 -0.016765 0.00114605 0.00432109 0.00212783
internal_weight=429889 399761 30128 383118 14857 23239 22555 11903 3367 10289 6300 11490 5554 3855 1699 3989 2542 1250 2440 359879 190005 10337 179668 26315 11115 15200 9487 153353 35211 30561
internal_count=429889 399761 30128 383118 14857 23239 22555 11903 3367 10289 6300 11490 5554 3855 1699 3989 2542 1250 2440 359879 190005 10337 179668 26315 11115 15200 9487 153353 35211 30561
cat_boundaries=0 2 4 5 7 8 11 13 15 17 19
cat_threshold=33587330 1077936128 2147483648 1049088 33587200 16400 268435456 16400 613949696 655322312 8 67108864 84297800 612368384 570510464 8192 84410368 536870912 81920
is_linear=0
shrinkage=0.05


Tree=166
num_leaves=31
num_cat=10
split_feature=0 0 0 0 6 11 3 11 11 0 1 1 1 11 6 1 1 11 6 0 2 0 2 0 11 9 9 0 9 0
split_gain=18701 15254 1094.89 670.606 409.488 383.255 409.541 462.696 305.652 273.642 647.071 243.806 190.678 241.462 185.519 184.815 179.108 160.934 117.675 103.467 126.379 278.242 227.805 328.37 251.86 236.073 145.748 361.953 218.425 449.769
threshold=0 1 2 3 1.4166666666666667 773.50000000000011 25.500000000000004 -1274.9999999999998 511.50000000000006 4 9.5000000000000018 17.500000000000004 12.500000000000002 255.00000000000003 1.7500000000000002 12.500000000000002 20.500000000000004 -655.49999999999989 1.7500000000000002 5 5.5000000000000009 6 4.5000000000000009 7 725.00000000000011 2.5000000000000004 1.5000000000000002 8 2.5000000000000004 9
decision_type=9 9 9 9 2 2 2 2 2 9 2 2 2 2 2 2 2 2 2 9 2 9 2 9 2 2 2 9 2 9
left_child=2 -2 4 5 11 6 -3 -8 -6 10 -9 -1 14 -14 17 -11 18 -12 -17 -5 22 -22 26 25 -25 -24 27 -21 29 -28
right_child=1 3 -4 19 8 -7 7 9 -10 15 12 -13 13 -15 -16 16 -18 -19 -20 20 21 -23 23 24 -26 -27 28 -29 -30 -31
leaf_value=-0.00010025094665357948 1.159187237842474e-06 -3.7958152025563408e-05 -0.00010025094665357948 -0.0017688179287522312 -0.00010025094665357948 -8.8418667408163287e-05 -0.0001114406035093385 -8.7714150599094157e-05 -0.00010025094665357948 -8.4509889633821448e-06 1.360853292711184e-05 -7.5061707836576738e-05 4.9677345515952714e-05 -0.0078251884553444118 -0.018771485119887688 -0.000758195593128308 6.0583255277935068e-05 0.00030058607948681983 -0.00034172240882934801 0.0032268118948997507 0.013134562682775554 -0.0021541571332738931 0.093331778137693361 -0.0015764663431334647 0.011823550773152959 -0.12839928437990153 0.18596960743181726 -0.079188406833586106 0.00067539647230567827 -0.0010396078522251883
leaf_weight=8072 16643 10652 15271 41419 2628 684 1614 746 739 1447 441 3418 3229 626 449 1817 102 809 623 6840 20017 24822 1393 34479 551 8955 3360 7097 207935 3011
leaf_count=8072 16643 10652 15271 41419 2628 684 1614 746 739 1447 441 3418 3229 626 449 1817 102 809 623 6840 20017 24822 1393 34479 551 8955 3360 7097 207935 3011
internal_value=-0.0014812 0.00138217 -0.0394618 -0.000654089 -0.0297336 -0.00888425 -0.0077699 -0.0141435 -0.0144194 -0.0102391 -0.00372425 -0.0342472 0.0021426 -0.00400778 0.0160977 -0.0204676 -0.0286389 0.026 -0.0313525 -0.000122399 0.000183377 0.0026439 -0.00021983 -0.00345542 -0.00114155 -0.0112763 0.000423452 -0.0045311 0.000745663 0.00986501
internal_weight=429889 399761 30128 383118 14857 23239 22555 11903 3367 10289 6300 11490 5554 3855 1699 3989 2542 1250 2440 359879 318460 44839 273621 45378 35030 10348 228243 13937 214306 6371
internal_count=429889 399761 30128 383118 14857 23239 22555 11903 3367 10289 6300 11490 5554 3855 1699 3989 2542 1250 2440 359879 318460 44839 273621 45378 35030 10348 228243 13937 214306 6371
cat_boundaries=0 2 4 5 7 8 11 14 16 19 22
cat_threshold=33587330 1077936128 2147483648 1049088 33587200 16400 268435456 16400 285474816 4096 4 1208550400 738206201 11 590912 537133144 76088384 2819368027 3 1678782532 2248811907 8
is_linear=0
shrinkage=0.05


Tree=167
num_leaves=31
num_cat=8
split_feature=0 0 0 0 6 11 3 11 11 0 1 1 1 11 1 1 6 11 6 13 10 5 14 0 10 15 0 15 0 14
split_gain=18717 15242.6 1094.89 667.279 409.488 384.06 404.965 465.511 305.652 278.353 651.306 243.806 200.858 241.462 184.815 179.108 166.201 160.934 117.675 101.777 105.976 101.518 96.5568 173.761 95.0447 95.0201 203.132 115.865 208.191 200.8
threshold=0 1 2 3 1.4166666666666667 773.50000000000011 25.500000000000004 -1274.9999999999998 511.50000000000006 4 9.5000000000000018 17.500000000000004 12.500000000000002 255.00000000000003 12.500000000000002 20.500000000000004 1.7500000000000002 -655.49999999999989 1.7500000000000002 1.0000000180025095e-35 1.5000000000000002 78.850000000000009 125.00000000000001 5 3.5000000000000004 8.5250000000000021 6 0.46666666666666673 7 13.000000000000002
decision_type=9 9 9 9 2 2 2 2 2 9 2 2 2 2 2 2 2 2 2 2 2 2 2 9 2 2 9 2 9 2
left_child=2 -2 4 5 11 6 -3 -8 -6 10 -9 19 16 -14 -11 18 17 -12 -16 -1 -21 -19 25 -24 -13 27 -27 29 -29 -5
right_child=1 3 -4 22 8 -7 7 9 -10 14 12 24 13 -15 15 -17 -18 21 -20 20 -22 -23 23 -25 -26 26 -28 28 -30 -31
leaf_value=-9.5238399320907163e-05 1.1012278759103823e-06 -3.6060244424263033e-05 -9.5238399320907163e-05 -0.00015627878806578899 -9.5238399320907163e-05 -8.3997734037755128e-05 -0.00010586857333385603 -8.3328443069152777e-05 -9.5238399320907163e-05 -8.0284395151952737e-06 1.2928106280751807e-05 -7.1308622444732356e-05 4.7193478240137311e-05 -0.0074339290325772028 -0.00072028581347187708 5.7554092514022774e-05 -0.017832910863893315 0.0011403408109853963 -0.00032463628838783624 -9.5238399320907163e-05 -9.5238399320907163e-05 0.00028555677551249657 0.26805896010402963 -0.016802734039872379 -0.00010386207213088917 -0.10782430863165758 -0.0010814288694032115 0.04016486055332065 -0.00058539019656689284 -0.066426619572941811
leaf_weight=6278 16643 10652 15271 240448 2628 684 1614 746 739 1447 441 662 3229 626 1817 102 449 139 623 288 1506 670 2231 2612 2756 3835 9869 41301 50364 9219
leaf_count=6278 16643 10652 15271 240448 2628 684 1614 746 739 1447 441 662 3229 626 1817 102 449 139 623 288 1506 670 2231 2612 2756 3835 9869 41301 50364 9219
internal_value=-0.00146491 0.00139968 -0.0394618 -0.000635819 -0.0297336 -0.00884554 -0.00772999 -0.0140679 -0.0144194 -0.0101516 -0.00358162 -0.0342472 0.00230465 -0.00400778 -0.0204676 -0.0286389 0.0166274 0.026 -0.0313525 -0.0389866 -0.0284838 0.039246 -0.000105449 0.00690688 -0.0230544 -0.000201106 -0.00428342 -3.72072e-05 0.00148312 -0.000595393
internal_weight=429889 399761 30128 383118 14857 23239 22555 11903 3367 10289 6300 11490 5554 3855 3989 2542 1699 1250 2440 8072 1794 809 359879 4843 3418 355036 13704 341332 91665 249667
internal_count=429889 399761 30128 383118 14857 23239 22555 11903 3367 10289 6300 11490 5554 3855 3989 2542 1699 1250 2440 8072 1794 809 359879 4843 3418 355036 13704 341332 91665 249667
cat_boundaries=0 2 4 5 7 8 10 13 16
cat_threshold=33587330 1077936128 2147483648 1049088 33587200 16400 268435456 16400 285225984 536887296 12356 134299720 6 1811947844 673664232 5
is_linear=0
shrinkage=0.05


Tree=168
num_leaves=31
num_cat=7
split_feature=0 0 0 0 6 11 3 11 11 0 1 1 1 11 1 1 6 11 6 13 10 5 10 3 16 10 14 0 14 0
split_gain=18718.6 15241.4 1094.89 667.576 409.488 384.06 404.965 465.511 305.652 278.353 651.306 243.806 200.858 241.462 184.815 179.108 166.201 160.934 117.675 101.777 105.976 101.518 95.0447 93.015 90.8027 89.494 86.5419 137.882 97.2076 87.6453
threshold=0 1 2 3 1.4166666666666667 773.50000000000011 25.500000000000004 -1274.9999999999998 511.50000000000006 4 9.5000000000000018 17.500000000000004 12.500000000000002 255.00000000000003 12.500000000000002 20.500000000000004 1.7500000000000002 -655.49999999999989 1.7500000000000002 1.0000000180025095e-35 1.5000000000000002 78.850000000000009 3.5000000000000004 20.500000000000004 12.750000000000002 36.500000000000007 125.00000000000001 5 135.00000000000003 6
decision_type=9 9 9 9 2 2 2 2 2 9 2 2 2 2 2 2 2 2 2 2 2 2 2 2 2 2 2 9 2 9
left_child=2 -2 4 5 11 6 -3 25 -6 10 -9 19 16 -14 -11 18 17 -12 24 -1 -21 -19 -13 -24 -16 -8 29 -28 -29 -5
right_child=1 3 -4 26 8 -7 7 9 -10 14 12 22 13 -15 15 -17 -18 21 -20 20 -22 -23 23 -25 -26 -27 27 28 -30 -31
leaf_value=-9.0476479354872913e-05 1.0461664821548311e-06 -3.425723220304988e-05 -9.0476479354872913e-05 0.0010444625754925331 -9.0476479354872913e-05 -7.9797847335871819e-05 -0.00010057514466716989 -7.91620209156907e-05 -9.0476479354872913e-05 -7.6270175394466127e-06 1.2281700966720878e-05 -6.7743191322477966e-05 4.483380432813711e-05 -0.0070622325809483579 -0.00068427152279828542 5.4676387888319415e-05 -0.016941265320698663 0.0010833237704361398 -0.00030840447396842665 -9.0476479354872913e-05 -9.0476479354872913e-05 0.0002712789367368629 -6.3976665876852584e-05 -9.8668968524329162e-05 -0.00061539043735416856 0.23781179445549028 0.24637697924950361 0.1209910398182914 -0.05492698336271129 -0.0004211710497548982
leaf_weight=6278 16643 10652 15271 181986 2628 684 1582 746 739 1447 441 662 3229 626 1617 102 449 139 623 288 1506 670 395 2361 200 32 2321 419 2103 173050
leaf_count=6278 16643 10652 15271 181986 2628 684 1582 746 739 1447 441 662 3229 626 1617 102 449 139 623 288 1506 670 395 2361 200 32 2321 419 2103 173050
internal_value=-0.00146328 0.00140143 -0.0394618 -0.000633992 -0.0297336 -0.00884554 -0.00772999 -0.0140679 -0.0144194 -0.0101516 -0.00358162 -0.0342472 0.00230465 -0.00400778 -0.0204676 -0.0286389 0.0166274 0.026 -0.0313525 -0.0389866 -0.0284838 0.039246 -0.0230544 -0.0271408 -0.0377821 -0.0390335 -0.000103504 0.00653521 -0.00157978 -0.000194065
internal_weight=429889 399761 30128 383118 14857 23239 22555 11903 3367 10289 6300 11490 5554 3855 3989 2542 1699 1250 2440 8072 1794 809 3418 2756 1817 1614 359879 4843 2522 355036
internal_count=429889 399761 30128 383118 14857 23239 22555 11903 3367 10289 6300 11490 5554 3855 3989 2542 1699 1250 2440 8072 1794 809 3418 2756 1817 1614 359879 4843 2522 355036
cat_boundaries=0 2 4 5 7 8 10 13
cat_threshold=33587330 1077936128 2147483648 1049088 33587200 16400 268435456 16400 285225984 536887312 211288320 120548553 8
is_linear=0
shrinkage=0.05


Tree=169
num_leaves=31
num_cat=6
split_feature=0 0 0 0 6 11 11 11 3 1 3 0 1 11 11 6 1 1 6 5 10 13 10 10 3 10 16 6 0 3
split_gain=18673.3 15273.7 1094.89 686.852 409.488 390.288 377.498 305.652 277.704 243.806 145.981 298.398 641.746 189.168 254.754 222.223 184.815 179.108 117.675 110.435 108.772 101.777 105.976 95.0447 93.015 92.844 90.8027 90.5289 159.297 95.7332
threshold=0 1 2 3 1.4166666666666667 773.50000000000011 -1274.9999999999998 511.50000000000006 25.500000000000004 17.500000000000004 25.500000000000004 4 9.5000000000000018 548.50000000000011 245.00000000000003 1.7500000000000002 12.500000000000002 20.500000000000004 1.7500000000000002 78.850000000000009 10.500000000000002 1.0000000180025095e-35 1.5000000000000002 3.5000000000000004 20.500000000000004 1.5000000000000002 12.750000000000002 3.5000000000000004 5 21.500000000000004
decision_type=9 9 9 9 2 2 2 2 2 2 2 9 2 2 2 2 2 2 2 2 2 2 2 2 2 2 2 2 9 2
left_child=2 -2 4 5 9 6 8 -6 -3 21 20 16 -13 14 25 19 -12 18 26 -15 -8 -1 -23 -11 -25 -14 -18 29 -29 -5
right_child=1 3 -4 27 7 -7 10 -9 -10 23 11 12 13 15 -16 -17 17 -19 -20 -21 -22 22 -24 24 -26 -27 -28 28 -30 -31
leaf_value=-8.5952655387133703e-05 9.9385815808261681e-07 -3.2544370592901831e-05 -8.5952655387133703e-05 0.004759819627420914 -8.5952655387133703e-05 -7.58079549690649e-05 0.0015914374886527582 -8.5952655387133703e-05 -9.5546387433831378e-05 -6.4356031756362952e-05 -7.2456666624809431e-06 -7.5203919869926139e-05 -0.00070065570404249662 -0.0014545978272814343 -0.0066982477071203085 -0.016351423825213953 -0.00065005794665835565 5.1942568493901224e-05 -0.00029298425027004529 0.00025771498990003752 -0.0008354688248616072 -8.5952655387133703e-05 -8.5952655387133703e-05 -6.0777832583003291e-05 -9.3735520098103822e-05 0.00010842197898810469 -0.00058462091548645574 0.37434671606059455 -0.010976135260347153 -0.00039292076926611408
leaf_weight=6278 16643 994 15271 73515 2628 684 5662 739 1630 662 1447 746 413 98 652 222 1617 102 623 488 5974 288 1506 395 2361 4745 200 1418 1987 279901
leaf_count=6278 16643 994 15271 73515 2628 684 5662 739 1630 662 1447 746 413 98 652 222 1617 102 623 488 5974 288 1506 395 2361 4745 200 1418 1987 279901
internal_value=-0.00150934 0.0013519 -0.0394618 -0.000685672 -0.0297336 -0.00848253 -0.00749034 -0.0144194 -0.0254573 -0.0342472 -0.00543956 -0.00947327 -0.00348522 0.0014657 -0.00168675 0.0241337 -0.0204676 -0.0286389 -0.0313525 0.040273 -0.00150395 -0.0389866 -0.0284838 -0.0230544 -0.0271408 0.00203567 -0.0377821 -0.000110837 0.00800294 -0.000189012
internal_weight=429889 399761 30128 383118 14857 26297 25613 3367 2624 11490 22989 11353 7364 6618 5810 808 3989 2542 2440 586 11636 8072 1794 3418 2756 5158 1817 356821 3405 353416
internal_count=429889 399761 30128 383118 14857 26297 25613 3367 2624 11490 22989 11353 7364 6618 5810 808 3989 2542 2440 586 11636 8072 1794 3418 2756 5158 1817 356821 3405 353416
cat_boundaries=0 2 4 5 7 9 12
cat_threshold=33587330 1077936128 2147483648 1049088 33587200 134234128 268435456 0 268435456 293942272 537217112 5
is_linear=0
shrinkage=0.05


Tree=170
num_leaves=31
num_cat=8
split_feature=0 0 0 6 0 11 11 1 3 1 0 1 1 0 0 6 11 6 11 0 4 6 11 6 3 10 9 13 10 2
split_gain=18834.1 15159.6 1094.89 409.488 370.897 438.855 305.652 243.806 113.31 160.509 417.743 225.944 203.624 500.21 374.367 335.598 219.589 203.23 192.337 122.036 125.156 230.323 144.625 120.539 119.476 115.874 104.638 101.777 105.976 95.5497
threshold=0 1 2 1.4166666666666667 3 773.50000000000011 511.50000000000006 17.500000000000004 24.500000000000004 9.5000000000000018 4 12.500000000000002 20.500000000000004 5 6 1.1666666666666667 -1274.9999999999998 1.1666666666666667 255.00000000000003 7 6.5000000000000009 1.7500000000000002 -655.49999999999989 1.1666666666666667 25.500000000000004 12.500000000000002 4.5000000000000009 1.0000000180025095e-35 1.5000000000000002 4.5000000000000009
decision_type=9 9 9 2 9 2 2 2 2 2 9 2 2 9 9 2 2 2 2 9 2 2 2 2 2 2 2 2 2 2
left_child=2 -2 3 7 5 8 -5 27 26 10 17 19 14 15 23 -14 24 25 -16 -11 -21 22 -22 -13 -15 -10 -3 -1 -29 -6
right_child=1 4 -4 6 29 -7 -8 -9 9 11 -12 12 13 16 18 -17 -18 -19 -20 20 21 -23 -24 -25 -26 -27 -28 28 -30 -31
leaf_value=-8.1655022617788125e-05 9.4416525016072232e-07 -0.032211550559477997 -8.1655022617788125e-05 -8.1655022617788125e-05 0.00047635109283916677 -7.2017557220593884e-05 -8.1655022617788125e-05 -6.113823016855591e-05 -3.8441189031956929e-08 -3.7254356212201858e-05 -7.1443723876418727e-05 -0.00061755504932543565 4.3524205441070057e-06 0.0015143728470995211 -2.1582209113413242e-05 -0.010876571223159727 0.00067487235656940039 -7.360880490021594e-05 -0.0063524620769836561 -0.00043161684178381069 5.2103128475478044e-05 -0.015533852633953238 0.0002448292404050534 -0.00027833503775651639 -9.0769068062135366e-05 2.1124243996073491e-05 8.7347644587509876e-05 -8.1655022617788125e-05 -8.1655022617788125e-05 -0.0014847815513211683
leaf_weight=6278 16643 1390 15271 2628 255881 684 739 3418 240 1022 851 2093 804 69 4135 252 258 154 721 772 550 430 729 671 802 232 9438 288 1506 100940
leaf_count=6278 16643 1390 15271 2628 255881 684 739 3418 240 1022 851 2093 804 69 4135 252 258 154 721 772 550 430 729 671 802 232 9438 288 1506 100940
internal_value=-0.00134628 0.00152725 -0.0394618 -0.0297336 -0.000502704 -0.00623218 -0.0144194 -0.0342472 -0.00517901 -0.00802503 -0.0236628 -0.00628945 -0.0101836 0.00327231 -0.014042 0.0278612 -0.0197981 0.00754717 -0.00563091 0.00461033 0.0105781 0.0181685 0.0288116 -0.028695 -0.0319747 0.0239407 -0.00129294 -0.0389866 -0.0284838 -8.02901e-05
internal_weight=429889 399761 30128 14857 383118 26297 3367 11490 25613 14785 1477 13308 9805 2185 7620 1056 1129 626 4856 3503 2481 1709 1279 2764 871 472 10828 8072 1794 356821
internal_count=429889 399761 30128 14857 383118 26297 3367 11490 25613 14785 1477 13308 9805 2185 7620 1056 1129 626 4856 3503 2481 1709 1279 2764 871 472 10828 8072 1794 356821
cat_boundaries=0 2 4 5 7 9 11 13 15
cat_threshold=33587330 1077936128 2147483648 1049088 33587200 134234128 268435456 0 268435456 134217728 268435456 0 268435456 0 268435456
is_linear=0
shrinkage=0.05


Tree=171
num_leaves=31
num_cat=7
split_feature=0 0 0 6 0 11 11 1 3 1 11 0 6 6 11 14 3 1 0 0 6 6 11 5 13 10 11 10 3 10
split_gain=18802.8 15181.7 1094.89 409.488 355.634 440.714 305.652 243.806 115.129 171.244 325.537 325.384 222.223 159.996 140.561 154.478 131.967 127.627 643.384 451.114 337.367 143.417 142.321 110.435 101.777 105.976 96.2938 95.0447 93.015 92.7375
threshold=0 1 2 1.4166666666666667 3 773.50000000000011 511.50000000000006 17.500000000000004 25.500000000000004 9.5000000000000018 548.50000000000011 4 1.7500000000000002 1.7500000000000002 255.00000000000003 19.000000000000004 28.500000000000004 20.500000000000004 5 6 1.7500000000000002 1.7500000000000002 -1274.9999999999998 78.850000000000009 1.0000000180025095e-35 1.5000000000000002 -794.99999999999989 3.5000000000000004 20.500000000000004 34.500000000000007
decision_type=9 9 9 2 9 2 2 2 2 2 2 9 2 2 2 2 2 2 9 9 2 2 2 2 2 2 2 2 2 2
left_child=2 -2 3 7 5 8 -5 24 -3 11 14 13 23 16 15 17 -10 19 22 21 -20 26 -19 -12 -1 -26 -11 -9 -29 -21
right_child=1 4 -4 6 -6 -7 -8 27 9 10 12 -13 -14 -15 -16 -17 -18 18 20 29 -22 -23 -24 -25 25 -27 -28 28 -30 -31
leaf_value=-7.7572271486880959e-05 8.9695698761715909e-07 -7.4687601524647826e-05 -7.7572271486880959e-05 -7.7572271486880959e-05 -9.3454164238693246e-05 -6.8416679359550877e-05 -7.7572271486880959e-05 -5.8081318660141434e-05 -3.6519129587020417e-08 -0.00058667729685915051 -0.0013602870938281609 -6.7871537682595578e-05 -0.014757160002255576 -6.992836465520291e-05 -0.0060348389731344826 0.00025052173410951007 2.0068031796283137e-05 -8.6230614659044141e-05 4.1347995169083168e-06 -2.2221710601622036e-05 -0.0090309144172567631 -0.00026441828586865057 0.00059594775759692637 0.00023258777838481849 -7.7572271486880959e-05 -7.7572271486880959e-05 -0.00055189416325842624 -5.4682029445451979e-05 -8.5991832584797489e-05 0.00098421319134471834
leaf_weight=6278 16643 12630 15271 2628 356821 684 739 662 209 1600 98 746 222 143 632 1584 199 593 645 3621 234 855 76 488 288 1506 711 395 2361 327
leaf_count=6278 16643 12630 15271 2628 356821 684 739 662 209 1600 98 746 222 143 632 1584 199 593 645 3621 234 855 76 488 288 1506 711 395 2361 327
internal_value=-0.00137791 0.00149323 -0.0394618 -0.0297336 -0.000538201 -0.00614855 -0.0144194 -0.0342472 -0.00509312 -0.00839945 -0.00648639 -0.0256361 0.0241337 0.00383244 -0.0087608 -0.00734921 0.0198529 -0.0099746 0.00303618 -0.0128057 0.0309899 -0.0268262 -0.0336524 0.040273 -0.0389866 -0.0284838 -0.0333838 -0.0230544 -0.0271408 -0.00149065
internal_weight=429889 399761 30128 14857 383118 26297 3367 11490 25613 12983 11686 1297 808 551 10878 10246 408 8662 1548 7114 879 3166 669 586 8072 1794 2311 3418 2756 3948
internal_count=429889 399761 30128 14857 383118 26297 3367 11490 25613 12983 11686 1297 808 551 10878 10246 408 8662 1548 7114 879 3166 669 586 8072 1794 2311 3418 2756 3948
cat_boundaries=0 2 4 5 7 9 10 12
cat_threshold=33587330 1077936128 2147483648 1049088 33587200 134234128 268435456 0 268435456 16384 0 268435456
is_linear=0
shrinkage=0.05


Tree=172
num_leaves=31
num_cat=7
split_feature=0 0 0 6 0 11 11 1 3 1 0 1 6 1 0 0 11 11 6 6 14 3 10 1 13 10 10 9 10 3
split_gain=18814.1 15173.8 1094.89 409.488 336.79 444.361 305.652 243.806 104.092 168.237 417.743 331.293 203.23 161.149 374.86 250.213 207.773 173.124 292.804 160.88 130.856 119.476 115.874 105.86 101.777 105.976 95.0447 94.6429 95.4542 93.015
threshold=0 1 2 1.4166666666666667 3 773.50000000000011 511.50000000000006 17.500000000000004 24.500000000000004 9.5000000000000018 4 12.500000000000002 1.1666666666666667 19.500000000000004 5 6 -1274.9999999999998 -1254.9999999999998 1.1666666666666667 1.1666666666666667 19.000000000000004 25.500000000000004 12.500000000000002 18.500000000000004 1.0000000180025095e-35 1.5000000000000002 3.5000000000000004 4.5000000000000009 12.500000000000002 20.500000000000004
decision_type=9 9 9 2 9 2 2 2 2 2 9 2 2 2 9 9 2 2 2 2 2 2 2 2 2 2 2 2 2 2
left_child=2 -2 3 7 5 8 -5 24 27 10 12 -11 22 14 23 16 21 18 20 -16 -17 -15 -10 -13 -1 -26 -9 28 -3 -28
right_child=1 4 -4 6 -6 -7 -8 26 9 11 -12 13 -14 15 19 17 -18 -19 -20 -21 -22 -23 -24 -25 25 -27 29 -29 -30 -31
leaf_value=-7.3693657912521365e-05 8.521091382718283e-07 -0.11627430655632792 -7.3693657912521365e-05 -7.3693657912521365e-05 -8.8781456026776348e-05 -6.4995845391591092e-05 -7.3693657912521365e-05 -5.5177252727123263e-05 -3.4693173089905828e-08 7.9386204828990617e-05 -6.4477960798470243e-05 3.5624212226670336e-05 -6.6431946422440555e-05 0.0014423885848207974 -0.00057119575623918448 3.9280595410584599e-06 0.00061133135086111068 -0.0059456636220652564 -0.0098811969411388926 -0.00025119737157517367 -8.391287188569407e-06 -8.1919083926074165e-05 1.906463020646676e-05 -0.0019239504115926565 -7.3693657912521365e-05 -7.3693657912521365e-05 -5.1947927973161613e-05 8.6714642434371214e-05 0.0027021320880676217 -8.1692240955577597e-05
leaf_weight=6278 16643 906 15271 2628 356821 684 739 662 240 3503 851 2822 154 69 2638 716 460 752 252 892 54 802 232 348 288 1506 395 9438 484 2361
leaf_count=6278 16643 906 15271 2628 356821 684 739 662 240 3503 851 2822 154 69 2638 716 460 752 252 892 54 802 232 348 288 1506 395 9438 484 2361
internal_value=-0.00136652 0.00150549 -0.0394618 -0.0297336 -0.000525412 -0.0059851 -0.0144194 -0.0342472 -0.00492523 -0.00765303 -0.0236628 -0.00587616 0.00754717 -0.0105915 -0.0149552 -0.00117552 -0.017487 0.0110987 0.0245597 -0.0261299 0.0398701 -0.0319747 0.0239407 -0.00242138 -0.0389866 -0.0284838 -0.0230544 -0.00120059 -0.0133813 -0.0271408
internal_weight=429889 399761 30128 14857 383118 26297 3367 11490 25613 14785 1477 13308 626 9805 6700 3105 1331 1774 1022 3530 770 871 472 3170 8072 1794 3418 10828 1390 2756
internal_count=429889 399761 30128 14857 383118 26297 3367 11490 25613 14785 1477 13308 626 9805 6700 3105 1331 1774 1022 3530 770 871 472 3170 8072 1794 3418 10828 1390 2756
cat_boundaries=0 2 4 5 7 9 10 11
cat_threshold=33587330 1077936128 2147483648 1049088 33587200 134234128 268435456 0 268435456 134234112 16384
is_linear=0
shrinkage=0.05


Tree=173
num_leaves=31
num_cat=7
split_feature=0 0 0 6 0 11 11 1 3 1 0 1 6 1 0 0 11 11 6 6 14 3 10 1 13 10 10 9 10 3
split_gain=18822.6 15167.8 1094.89 409.488 333.301 445.211 305.652 243.806 101.921 155.673 399.934 331.293 203.23 161.149 374.86 250.213 207.773 173.124 292.804 160.88 130.856 119.476 115.874 105.86 101.777 105.976 95.0447 94.6429 95.4542 93.015
threshold=0 1 2 1.4166666666666667 3 773.50000000000011 511.50000000000006 17.500000000000004 24.500000000000004 9.5000000000000018 4 12.500000000000002 1.1666666666666667 19.500000000000004 5 6 -1274.9999999999998 -1254.9999999999998 1.1666666666666667 1.1666666666666667 19.000000000000004 25.500000000000004 12.500000000000002 18.500000000000004 1.0000000180025095e-35 1.5000000000000002 3.5000000000000004 4.5000000000000009 12.500000000000002 20.500000000000004
decision_type=9 9 9 2 9 2 2 2 2 2 9 2 2 2 9 9 2 2 2 2 2 2 2 2 2 2 2 2 2 2
left_child=2 -2 3 7 5 8 -5 24 27 10 12 -11 22 14 23 16 21 18 20 -16 -17 -15 -10 -13 -1 -26 -9 28 -3 -28
right_child=1 4 -4 6 -6 -7 -8 26 9 11 -12 13 -14 15 19 17 -18 -19 -20 -21 -22 -23 -24 -25 25 -27 29 -29 -30 -31
leaf_value=-7.0008975016877536e-05 8.0950368133159154e-07 -0.11046059122851154 -7.0008975016877536e-05 -7.0008975016877536e-05 -8.434238322543309e-05 -6.1746053121991548e-05 -7.0008975016877536e-05 -5.2418390090780423e-05 -3.2958514450953659e-08 7.541689458752111e-05 -6.1254062758564492e-05 3.3843001615352364e-05 -6.3110349101336283e-05 0.0013702691555797398 -0.00054263596842720754 3.7316565640210799e-06 0.00058076478331807739 -0.0056483804409619871 -0.0093871370940819439 -0.0002386375029963972 -7.9717228291364968e-06 -7.7823129729770468e-05 1.8111398696163405e-05 -0.0018277528910130238 -7.0008975016877536e-05 -7.0008975016877536e-05 -4.9350531574487993e-05 8.2378910312641554e-05 0.0025670254836642316 -7.7607628907783169e-05
leaf_weight=6278 16643 906 15271 2628 356821 684 739 662 240 3503 851 2822 154 69 2638 716 460 752 252 892 54 802 232 348 288 1506 395 9438 484 2361
leaf_count=6278 16643 906 15271 2628 356821 684 739 662 240 3503 851 2822 154 69 2638 716 460 752 252 892 54 802 232 348 288 1506 395 9438 484 2361
internal_value=-0.00135791 0.00151474 -0.0394618 -0.0297336 -0.000515755 -0.00594709 -0.0144194 -0.0342472 -0.00488619 -0.00758539 -0.0229858 -0.00587616 0.00754717 -0.0105915 -0.0149552 -0.00117552 -0.017487 0.0110987 0.0245597 -0.0261299 0.0398701 -0.0319747 0.0239407 -0.00242138 -0.0389866 -0.0284838 -0.0230544 -0.00120059 -0.0133813 -0.0271408
internal_weight=429889 399761 30128 14857 383118 26297 3367 11490 25613 14785 1477 13308 626 9805 6700 3105 1331 1774 1022 3530 770 871 472 3170 8072 1794 3418 10828 1390 2756
internal_count=429889 399761 30128 14857 383118 26297 3367 11490 25613 14785 1477 13308 626 9805 6700 3105 1331 1774 1022 3530 770 871 472 3170 8072 1794 3418 10828 1390 2756
cat_boundaries=0 2 4 5 7 9 10 11
cat_threshold=33587330 1077936128 2147483648 1049088 33587200 134234128 268435456 0 268435456 134234112 16384
is_linear=0
shrinkage=0.05


Tree=174
num_leaves=31
num_cat=7
split_feature=0 0 0 1 0 11 6 11 6 3 1 0 1 6 1 0 0 11 11 6 6 14 3 10 1 13 10 11 6 3
split_gain=18642.3 15138.2 1152.5 483.33 329.345 446.999 210.304 194.285 171.207 120.095 152.679 399.934 308.471 203.23 161.149 374.86 250.213 207.773 173.124 292.804 160.88 130.856 119.476 115.874 105.86 101.777 105.976 93.1696 329.136 220.113
threshold=0 1 2 17.500000000000004 3 773.50000000000011 1.4166666666666667 543.50000000000011 1.4166666666666667 24.500000000000004 9.5000000000000018 4 12.500000000000002 1.1666666666666667 19.500000000000004 5 6 -1274.9999999999998 -1254.9999999999998 1.1666666666666667 1.1666666666666667 19.000000000000004 25.500000000000004 12.500000000000002 18.500000000000004 1.0000000180025095e-35 1.5000000000000002 -655.49999999999989 1.1666666666666667 25.500000000000004
decision_type=9 9 9 2 9 2 2 2 2 2 2 9 2 2 2 9 9 2 2 2 2 2 2 2 2 2 2 2 2 2
left_child=2 -2 3 6 5 9 25 -8 -5 -3 11 13 27 23 15 24 17 22 19 21 -17 -18 -16 -11 -14 -1 -27 -12 29 -29
right_child=1 4 -4 8 -6 -7 7 -9 -10 10 12 -13 14 -15 16 20 18 -19 -20 -21 -22 -23 -24 -25 -26 26 -28 28 -30 -31
leaf_value=-6.6508526266018117e-05 7.6902849723836661e-07 -6.9682475973786848e-05 -6.6508526266018117e-05 -4.9797470586243622e-05 -8.0125264064179197e-05 -5.8658750465889756e-05 -6.6508526266018117e-05 -6.6508526266018117e-05 0.00051489129700130751 -3.13105887439491e-08 -2.8200924517207684e-05 -5.81913596206185e-05 3.215085153458475e-05 -5.9954831646269471e-05 0.0013017556978007329 -0.00051550417000583164 3.545073735811144e-06 0.00055172654415218685 -0.0053659614189138782 -0.0089177802393778371 -0.00022670562784661287 -7.5731366876663491e-06 -7.3931973243279717e-05 1.7205828761346353e-05 -0.001736365246462368 -6.6508526266018117e-05 -6.6508526266018117e-05 -0.0049031685942338317 -0.10449703015371609 0.00019122561554931752
leaf_weight=6278 16643 10828 15271 3418 356821 684 1656 665 1046 240 1668 851 2822 154 69 2638 716 460 752 252 892 54 802 232 348 288 1506 271 417 1147
leaf_count=6278 16643 10828 15271 3418 356821 684 1656 665 1046 240 1668 851 2822 154 69 2638 716 460 752 252 892 54 802 232 348 288 1506 271 417 1147
internal_value=-0.00129859 0.00156027 -0.0392196 -0.0292426 -0.000468251 -0.00586726 -0.0351727 -0.0219087 -0.0155018 -0.0048042 -0.00773419 -0.0229858 -0.00604148 0.00754717 -0.0105915 -0.0149552 -0.00117552 -0.017487 0.0110987 0.0245597 -0.0261299 0.0398701 -0.0319747 0.0239407 -0.00242138 -0.0389866 -0.0284838 0.00669426 0.0144687 0.025952
internal_weight=429889 399761 30128 14857 383118 26297 10393 2321 4464 25613 14785 1477 13308 626 9805 6700 3105 1331 1774 1022 3530 770 871 472 3170 8072 1794 3503 1835 1418
internal_count=429889 399761 30128 14857 383118 26297 10393 2321 4464 25613 14785 1477 13308 626 9805 6700 3105 1331 1774 1022 3530 770 871 472 3170 8072 1794 3503 1835 1418
cat_boundaries=0 2 4 5 7 9 10 11
cat_threshold=33587330 1077936128 2147483648 1049088 33587200 134234128 268435456 0 268435456 134234112 16384
is_linear=0
shrinkage=0.05


Tree=175
num_leaves=31
num_cat=9
split_feature=0 0 0 1 0 11 6 11 6 3 11 11 6 4 11 13 10 11 0 0 11 3 0 0 1 6 11 11 0 2
split_gain=18539.7 15127.2 1183.88 465.065 302.405 452.469 224.957 213.646 171.207 110.824 113.264 214.61 165.733 214.206 136.763 102.604 120.366 90.6545 444.173 404.917 265.035 341.099 446.567 239.727 201.307 192.028 191.862 198.873 181.228 179.246
threshold=0 1 2 17.500000000000004 3 773.50000000000011 1.1666666666666667 543.50000000000011 1.4166666666666667 24.500000000000004 725.00000000000011 548.50000000000011 1.1666666666666667 6.5000000000000009 255.00000000000003 1.0000000180025095e-35 1.5000000000000002 -934.99999999999989 4 5 -626.99999999999989 24.500000000000004 6 7 14.500000000000002 0.83333333333333337 264.50000000000006 764.00000000000011 8 1.0000000180025095e-35
decision_type=9 9 9 2 9 2 2 2 2 2 2 2 2 2 2 2 2 2 9 9 2 2 9 9 2 2 2 2 9 2
left_child=2 -2 3 6 5 9 15 -8 -5 -3 11 14 13 -13 -11 -1 -17 18 -6 20 29 22 24 -23 -22 28 -24 -28 -21 -19
right_child=1 4 -4 8 17 -7 7 -9 -10 10 -12 12 -14 -15 -16 16 -18 19 -20 25 21 23 26 -25 -26 -27 27 -29 -30 -31
leaf_value=-6.3183099952723867e-05 7.3057707234980289e-07 -6.6198352175117497e-05 -6.3183099952723867e-05 -4.7307597056933664e-05 0.0083837838500783416 -5.5725812942597488e-05 -6.3183099952723867e-05 -6.3183099952723867e-05 0.00048914673215123556 -5.6957090063969321e-05 -6.9198692662197914e-05 -2.9399494279314101e-05 -0.0088161944630905428 0.00020365695371729056 -0.0056516302297441095 0.24993681690004729 -6.3183099952723867e-05 -0.00017178813513734072 -0.0083269682529234501 0.012705898085648926 0.15791830264582174 0.00021018589076167161 -0.0057136527037700002 -0.044197720311889982 1.1254833565605524 -0.00088929558710595382 0.096514108195188797 -0.00070022692337499146 -0.092624330734926735 0.085399181158952606
leaf_weight=6181 16643 10828 15271 3418 40025 684 1741 694 1046 12687 257 294 240 476 831 271 1506 4094 63598 2730 1747 3787 7759 11218 1887 180515 7303 1494 7084 23580
leaf_count=6181 16643 10828 15271 3418 40025 684 1741 694 1046 12687 257 294 240 476 831 271 1506 4094 63598 2730 1747 3787 7759 11218 1887 180515 7303 1494 7084 23580
internal_value=-0.0012737 0.00157728 -0.0390902 -0.0289803 -0.000450502 -0.00562398 -0.0347975 -0.021499 -0.0155018 -0.00455433 -0.00736896 -0.00678689 0.0154455 0.0267532 -0.008448 -0.0388665 -0.028278 -6.90803e-05 -0.00131486 0.000440762 0.00391943 0.00104134 0.00528479 -0.00466844 0.0211306 -0.000708473 0.00179283 0.00684893 -0.00751987 0.00758112
internal_weight=429889 399761 30128 14857 383118 26297 10393 2435 4464 25613 14785 14528 1010 770 13518 7958 1777 356821 103623 253198 62869 35195 20190 15005 3634 190329 16556 8797 9814 27674
internal_count=429889 399761 30128 14857 383118 26297 10393 2435 4464 25613 14785 14528 1010 770 13518 7958 1777 356821 103623 253198 62869 35195 20190 15005 3634 190329 16556 8797 9814 27674
cat_boundaries=0 2 4 5 7 9 12 14 17 20
cat_threshold=33587330 1077936128 2147483648 1049088 33587200 134234128 268435456 603980032 2164812033 1091575872 101056672 10 0 262144 16785408 32 10 335548676 16796674 4
is_linear=0
shrinkage=0.05


Tree=176
num_leaves=31
num_cat=11
split_feature=0 0 0 1 0 11 6 11 6 11 0 3 11 11 1 0 0 6 6 11 15 10 10 10 0 1 0 0 3 0
split_gain=18594 15088.6 1183.88 465.065 246.491 337.313 224.957 213.646 171.207 150.376 150.245 116.788 192.421 125.366 158.909 587.055 356.896 231.653 194.069 176.487 114.053 103.624 537.195 390.891 372.973 366.928 288.272 282.226 141.069 494.66
threshold=0 1 2 17.500000000000004 3 773.50000000000011 1.1666666666666667 543.50000000000011 1.4166666666666667 548.50000000000011 4 25.500000000000004 285.00000000000006 -804.99999999999989 20.500000000000004 5 6 1.7500000000000002 1.7500000000000002 -1274.9999999999998 3.6583333333333337 30.500000000000004 29.500000000000004 28.500000000000004 7 9.5000000000000018 8 9 20.500000000000004 10
decision_type=9 9 9 2 9 2 2 2 2 2 9 2 2 2 2 9 9 2 2 2 2 2 2 2 9 2 9 9 2 9
left_child=2 -2 3 6 5 9 -1 -8 -5 11 -7 -3 13 14 16 19 17 -13 20 -16 -17 22 23 28 -23 -24 -25 -27 29 -6
right_child=1 4 -4 8 21 10 7 -9 -10 -11 -12 12 -14 -15 15 18 -18 -19 -20 -21 -22 24 25 26 -26 27 -28 -29 -30 -31
leaf_value=-6.002394495507879e-05 6.9404821871899009e-07 -0.00027349209996745393 -6.002394495507879e-05 -4.4942217204102521e-05 0.10407121874012244 -0.013927107824401874 -6.002394495507879e-05 -6.002394495507879e-05 0.00046468939554369373 0.00019347410603143267 -5.293952229545873e-05 -0.00047302878277935003 -0.039982027340816996 -7.9048609451515262e-06 -6.7387520077932811e-05 6.2156745522123915e-06 -0.00015011811666374442 -0.00021252249195100604 -0.0071672151281607643 0.00049907839147804727 6.2156745522123915e-06 0.0018888237152703269 -0.026531109900592088 -0.10546863722083244 -0.026623755970123921 0.31207992072888113 -0.012319531449073563 0.13895260161451475 -5.9281332983829321e-06 -0.0095962625072814056
leaf_weight=7958 16643 17167 15271 3418 13622 567 1741 694 1046 5717 684 1709 1893 7458 802 752 4939 584 355 98 329 18714 835 2760 20974 2947 3964 2802 259980 13466
leaf_count=7958 16643 17167 15271 3418 13622 567 1741 694 1046 5717 684 1709 1893 7458 802 752 4939 584 355 98 329 18714 835 2760 20974 2947 3964 2802 259980 13466
internal_value=-0.00121834 0.00163681 -0.0390902 -0.0289803 -0.000388382 -0.00395226 -0.0347975 -0.021499 -0.0155018 -0.00318757 -0.0295364 -0.0043812 -0.00709076 -0.00540937 -0.00919732 0.00214041 -0.0128595 -0.0291142 0.0219225 -0.0293407 0.0326087 6.29275e-05 0.00038019 6.36505e-05 -0.00233824 0.0145049 -0.0118531 0.0190033 0.000342776 0.00377658
internal_weight=429889 399761 30128 14857 383118 43054 10393 2435 4464 41803 1251 36086 18919 17026 9568 2336 7232 2293 1436 900 1081 340064 300376 293792 39688 6584 6724 5749 287068 27088
internal_count=429889 399761 30128 14857 383118 43054 10393 2435 4464 41803 1251 36086 18919 17026 9568 2336 7232 2293 1436 900 1081 340064 300376 293792 39688 6584 6724 5749 287068 27088
cat_boundaries=0 2 4 5 7 9 10 12 15 18 21 24
cat_threshold=33587330 1077936128 2147483648 1049088 33587200 134496272 268439552 262144 4096 16384 0 268435456 276890624 2835705178 2 553660740 220201377 12 1628451076 252054688 14 353382468 722217048 8
is_linear=0
shrinkage=0.05


Tree=177
num_leaves=31
num_cat=8
split_feature=0 0 0 1 0 11 6 11 6 3 5 1 0 1 6 0 5 9 2 11 14 10 0 10 7 13 10 5 0 1
split_gain=18606.8 15079.5 1183.88 465.065 239.909 228.973 224.957 213.646 171.207 148.979 135.631 115.857 275.812 191.595 253.479 362.113 280.772 163.461 145.381 114 112.117 111.626 110.117 109.71 106.904 102.604 120.366 89.646 186.008 114.909
threshold=0 1 2 17.500000000000004 3 809.50000000000011 1.1666666666666667 543.50000000000011 1.4166666666666667 21.500000000000004 68.40000000000002 20.500000000000004 4 13.500000000000002 1.1666666666666667 5 72.600000000000009 61.500000000000007 1.0000000180025095e-35 -1364.9999999999998 215.00000000000003 1.5000000000000002 6 3.5000000000000004 1.0000000180025095e-35 1.0000000180025095e-35 1.5000000000000002 93.500000000000014 7 9.5000000000000018
decision_type=9 9 9 2 9 2 2 2 2 2 2 2 9 2 2 9 2 2 2 2 2 2 9 2 2 2 2 2 9 2
left_child=2 -2 3 6 5 9 25 -8 -5 10 -3 13 19 -11 15 16 -15 18 -16 -13 -18 -17 -7 -23 -12 -1 -27 -6 29 -29
right_child=1 4 -4 8 27 22 7 -9 -10 11 24 12 -14 14 17 21 20 -19 -20 -21 -22 23 -24 -25 -26 26 -28 28 -30 -31
leaf_value=-5.7022747707335958e-05 6.5934580781856769e-07 -0.077573400097057293 -5.7022747707335958e-05 -4.2695106343915157e-05 0.00024595067505699396 -0.01923293496291674 -5.7022747707335958e-05 -5.7022747707335958e-05 0.00044145492576652678 -3.4539005212019803e-05 0.007945930670926327 -8.0855761512488305e-05 5.9048908246150947e-06 0.054138423843656996 -0.057189223910245307 -0.058104296791395532 -0.00074821646515981226 -0.2281030638852003 0.0064445586500036182 -6.4018144074040603e-05 0.0086444285768083173 0.096673814003211511 -5.0292546180674695e-05 -0.0017577254700900991 -0.13831984110910486 0.23744297725229269 -5.7022747707335958e-05 0.023403559934190854 0.010132102441992787 -0.16158301456280821
leaf_weight=6181 16643 551 15271 3418 321056 559 1741 694 1046 18358 11258 1028 3555 166 288 1539 2965 251 5441 1600 167 660 399 9645 353 271 1506 179 1722 1378
leaf_count=6181 16643 551 15271 3418 321056 559 1741 694 1046 18358 11258 1028 3555 166 288 1539 2965 251 5441 1600 167 660 399 9645 353 271 1506 179 1722 1378
internal_value=-0.00120531 0.00165082 -0.0390902 -0.0289803 -0.000373765 -0.00331247 -0.0347975 -0.021499 -0.0155018 -0.00291137 0.00200625 -0.00422114 0.00214297 -0.00521783 -0.00846511 -0.0119073 -0.0265417 0.000250836 0.00198115 -0.0101213 -0.0299808 -0.00780327 -0.0275574 -0.00593401 0.00315649 -0.0388665 -0.028278 0.000158936 -0.00806648 -0.0205169
internal_weight=429889 399761 30128 14857 383118 58783 10393 2435 4464 57825 12162 45663 6183 39480 21122 15142 3298 5980 5729 2628 3132 11844 958 10305 11611 7958 1777 324335 3279 1557
internal_count=429889 399761 30128 14857 383118 58783 10393 2435 4464 57825 12162 45663 6183 39480 21122 15142 3298 5980 5729 2628 3132 11844 958 10305 11611 7958 1777 324335 3279 1557
cat_boundaries=0 2 4 5 8 11 13 16 19
cat_threshold=33587330 1077936128 2147483648 1049088 33587200 402931728 268439552 4 16384 0 4 16 268435456 268697600 4096 4 1627915524 2399674530 8
is_linear=0
shrinkage=0.05


Tree=178
num_leaves=31
num_cat=7
split_feature=0 0 0 1 6 0 11 11 6 5 0 3 5 13 10 6 11 11 11 16 5 0 1 16 10 10 10 0 1 1
split_gain=18640.4 15055.7 1183.88 465.065 224.957 215.156 223.316 213.646 171.207 171.099 115.017 109.561 106.606 102.604 120.366 89.3297 87.7356 195.198 110.938 94.3933 83.6402 170.896 104.388 96.7146 88.5147 439.94 323.927 317.364 288.538 286.43
threshold=0 1 2 17.500000000000004 1.1666666666666667 3 809.50000000000011 543.50000000000011 1.4166666666666667 90.65000000000002 4 21.500000000000004 68.40000000000002 1.0000000180025095e-35 1.5000000000000002 3.5000000000000004 245.00000000000003 534.00000000000011 -885.49999999999989 19.416666666666668 93.500000000000014 5 9.5000000000000018 17.083333333333339 30.500000000000004 29.500000000000004 28.500000000000004 6 9.5000000000000018 9.5000000000000018
decision_type=9 9 9 2 2 9 2 2 2 2 9 2 2 2 2 2 2 2 2 2 2 9 2 2 2 2 2 9 2 2
left_child=2 -2 3 4 13 6 9 -6 -5 11 -8 12 -3 -1 -15 16 18 -18 19 -13 24 22 -22 -24 25 26 -7 -26 -27 -28
right_child=1 5 -4 8 7 20 10 -9 -10 -11 -12 15 -14 14 -16 -17 17 -19 -20 -21 21 -23 23 -25 27 28 29 -29 -30 -31
leaf_value=-5.4171610321951391e-05 6.263785174098758e-07 -0.10038696449385359 -5.4171610321951391e-05 -4.0560351026730501e-05 -5.4171610321951391e-05 0.00037649625890807671 -0.01827128821477091 -5.4171610321951391e-05 0.00041938217947818935 -0.0013585922513525972 -4.7777918871627638e-05 -0.00034308543493826176 0.0058394353704137817 0.22557082838967801 -5.4171610321951391e-05 0.22600013964330784 -0.058227233944033334 -3.5876274606305712e-05 5.9586672868316986e-06 0.048269641308320212 0.021052504007848506 0.0050809142279382158 -0.16613487252080736 0.13108567390905121 0.00363358471669919 -0.025216851939315357 0.026088013437154878 -0.01757541338594857 0.20786275876357685 -0.080291240705874414
leaf_weight=6181 16643 509 15271 3418 1741 273185 559 694 1046 4885 399 12934 10775 271 1506 542 4583 5094 14814 631 171 1881 1104 123 10500 798 752 27607 5532 5740
leaf_count=6181 16643 509 15271 3418 1741 273185 559 694 1046 4885 399 12934 10775 271 1506 542 4583 5094 14814 631 171 1881 1104 123 10500 798 752 27607 5532 5740
internal_value=-0.00117112 0.00168759 -0.0390902 -0.0289803 -0.0347975 -0.000335397 -0.00320714 -0.021499 -0.0155018 -0.00278909 -0.0271399 -0.00191452 0.00241935 -0.0388665 -0.028278 -0.00318151 -0.00346857 -0.00757983 -0.00206667 -0.00533358 0.000153481 -0.00779201 -0.0209517 -0.0262021 0.000233868 0.000535476 0.000240456 -0.00202981 0.0135703 -0.0107979
internal_weight=429889 399761 30128 14857 10393 383118 55725 2435 4464 54767 958 49882 11284 7958 1777 38598 38056 9677 28379 13565 327393 3279 1398 1227 324114 286007 279677 38107 6330 6492
internal_count=429889 399761 30128 14857 10393 383118 55725 2435 4464 54767 958 49882 11284 7958 1777 38598 38056 9677 28379 13565 327393 3279 1398 1227 324114 286007 279677 38107 6330 6492
cat_boundaries=0 2 4 5 8 11 14 17
cat_threshold=33587330 1077936128 2147483648 1049088 33587200 268714000 268439552 4 268697600 4096 4 1627915524 2399150210 8 134284288 2701205578 2
is_linear=0
shrinkage=0.05


Tree=179
num_leaves=31
num_cat=9
split_feature=0 0 0 1 6 11 6 0 11 0 3 2 12 1 11 5 0 11 0 1 11 3 0 6 2 13 10 6 3 0
split_gain=18716.7 15001.9 1183.88 465.065 224.957 213.646 171.207 158.512 325.004 128.188 112.304 119.792 123.661 106.033 255.586 187.979 144.997 217.339 134.973 686.947 221.101 147.657 246.983 117.675 105.896 102.604 120.366 102.311 235.568 108.088
threshold=0 1 2 17.500000000000004 1.1666666666666667 543.50000000000011 1.4166666666666667 3 803.50000000000011 4 21.500000000000004 5.5000000000000009 12.500000000000002 12.500000000000002 295.00000000000006 84.250000000000014 5 751.00000000000011 6 20.500000000000004 -1134.9999999999998 25.500000000000004 7 1.7500000000000002 3.5000000000000004 1.0000000180025095e-35 1.5000000000000002 1.1666666666666667 24.500000000000004 8
decision_type=9 9 9 2 2 2 2 9 2 9 2 2 2 2 2 2 9 2 9 2 2 2 9 2 2 2 2 2 2 9
left_child=2 -2 3 4 25 -6 -5 8 10 -10 11 12 -3 16 18 -16 17 -12 19 21 -20 -15 -23 -24 -14 -1 -27 28 -21 -30
right_child=1 7 -4 6 5 -7 -8 -9 9 -11 13 -13 24 14 15 -17 -18 -19 20 27 -22 22 23 -25 -26 26 -28 -29 29 -31
leaf_value=-5.1463029805853822e-05 5.9505959155714554e-07 -0.023263815348783724 -5.1463029805853822e-05 -3.8532333475416182e-05 -5.1463029805853822e-05 -5.1463029805853822e-05 0.00039841307050427768 0.00021482832835872934 -0.017357723804032377 -0.011627589896442414 9.6099930863902117e-05 0.079753525163497235 0.017142202855956159 -0.00074520152710952922 -0.03055481703381524 -0.13542289161884077 -7.4865350443475978e-05 -8.0432492309667769e-05 -6.0500582561884292e-05 -2.6771582422480124e-06 0.00039686925616804207 -0.057248909306910178 -0.00039481224863546771 -0.00029037914177054702 -0.037138103578130986 0.21429228697019412 -5.1463029805853822e-05 0.00068263293384629442 2.2763918030310749e-05 0.1064674034312923
leaf_weight=6181 16643 2208 15271 3418 1741 694 1046 316628 567 561 6946 2012 6830 2528 3287 2838 8972 1018 4273 337 14749 2290 1817 623 2775 271 1506 634 786 439
leaf_count=6181 16643 2208 15271 3418 1741 694 1046 316628 567 561 6946 2012 6830 2528 3287 2838 8972 1018 4273 337 14749 2290 1817 623 2775 271 1506 634 786 439
internal_value=-0.00109365 0.00177089 -0.0390902 -0.0289803 -0.0347975 -0.021499 -0.0155018 -0.000248481 -0.00246767 -0.029078 -0.00200881 0.00199277 7.19546e-05 -0.00308225 -0.00466894 -0.0139347 0.000159424 0.00506647 -0.00267594 -0.00755495 -0.000246953 -0.0149766 -0.0201903 -0.0312245 0.00252473 -0.0388665 -0.028278 0.0169399 0.0238156 0.034
internal_weight=429889 399761 30128 14857 10393 2435 4464 383118 66490 1128 65362 13825 11813 51537 34601 6125 16936 7964 28476 9454 19022 7258 4730 2440 9605 7958 1777 2196 1562 1225
internal_count=429889 399761 30128 14857 10393 2435 4464 383118 66490 1128 65362 13825 11813 51537 34601 6125 16936 7964 28476 9454 19022 7258 4730 2440 9605 7958 1777 2196 1562 1225
cat_boundaries=0 2 4 5 8 11 13 15 17 19
cat_threshold=33587330 1077936128 2147483648 1049088 33587200 402931728 268439568 4 268697600 4096 4 262160 268435472 0 268439552 0 4096 0 268435456
is_linear=0
shrinkage=0.05


Tree=180
num_leaves=31
num_cat=11
split_feature=0 0 0 1 6 11 6 0 13 10 12 11 0 1 2 0 11 11 0 0 0 11 0 2 9 4 0 9 10 9
split_gain=18791.1 14921.7 1194.43 479.209 224.957 213.646 165.62 147.889 102.604 120.366 95.6222 323.918 515.459 252.104 342.807 388.572 311.868 329.66 316.26 251.749 234.321 232.636 256.982 220.095 205.968 187.366 235.444 175.164 675.864 225.195
threshold=0 1 2 17.500000000000004 1.1666666666666667 543.50000000000011 1.4166666666666667 3 1.0000000180025095e-35 1.5000000000000002 13.750000000000002 -504.99999999999994 4 9.5000000000000018 4.5000000000000009 5 35.000000000000007 516.50000000000011 6 7 8 315.00000000000006 9 1.5000000000000002 11.500000000000002 6.5000000000000009 10 4.5000000000000009 22.500000000000004 8.5000000000000018
decision_type=9 9 9 2 2 2 2 9 2 2 2 2 9 2 2 9 2 2 9 9 9 2 9 2 2 2 9 2 2 2
left_child=2 -2 3 4 8 -6 -5 -3 -1 -10 11 27 -13 20 15 -15 18 24 -17 -12 -14 22 -16 25 -18 26 -21 28 -9 -29
right_child=1 7 -4 6 5 -7 -8 10 9 -11 19 12 13 14 21 16 17 -19 -20 23 -22 -23 -24 -25 -26 -27 -28 29 -30 -31
leaf_value=-4.8889878315572235e-05 5.6530661201037453e-07 0.00043419403296653949 -4.8889878315572235e-05 -3.6605716801663136e-05 -4.8889878315572235e-05 -4.8889878315572235e-05 0.00037849241697904826 0.00021410497040315058 0.20357767262168444 -4.8889878315572235e-05 0.036896737638963374 -0.073780508959763666 0.0054750903883864057 -0.14020714981896543 0.26527376098392852 0.3146418617065635 0.18093116215880195 -0.10250678435333072 -0.18495460952562581 -0.0063661071466952993 -0.0001157591350699594 -0.32280138199142938 -0.17128720722587776 0.0042443329370933647 0.010137439177428221 0.0023413883687228411 -0.13110831851339402 -0.003703055580912773 0.27850707946207331 -3.9796055123408892e-05
leaf_weight=6181 16643 75260 15271 3418 1741 694 1046 26626 271 1506 24237 5421 2099 2578 752 583 4572 3994 1931 5992 3322 1955 1792 51755 8249 9364 7150 16682 2033 126771
leaf_count=6181 16643 75260 15271 3418 1741 694 1046 26626 271 1506 24237 5421 2099 2578 752 583 4572 3994 1931 5992 3322 1955 1792 51755 8249 9364 7150 16682 2033 126771
internal_value=-0.000975019 0.00189521 -0.0390471 -0.0288928 -0.0347975 -0.021499 -0.0152106 -0.000118759 -0.0388665 -0.028278 -0.00060448 -0.00120892 -0.00543653 -0.00300437 -0.00502159 -0.00243986 -2.58545e-06 0.00245317 -0.016428 0.000680217 0.00681609 -0.0175928 -0.00762579 -0.000764094 0.00636066 -0.00489203 -0.00874296 -0.000293995 0.00327471 -0.00100695
internal_weight=429889 399761 30128 14857 10393 2435 4464 383118 7958 1777 307858 209360 37248 31827 26406 21907 19329 16815 2514 98498 5421 4499 2544 74261 12821 22506 13142 172112 28659 143453
internal_count=429889 399761 30128 14857 10393 2435 4464 383118 7958 1777 307858 209360 37248 31827 26406 21907 19329 16815 2514 98498 5421 4499 2544 74261 12821 22506 13142 172112 28659 143453
cat_boundaries=0 2 4 5 8 11 14 17 20 23 26 28
cat_threshold=33587330 1077936128 2147483648 1049088 33587200 8397072 804992 2 1209028676 83890432 4 620756992 167904257 8 268959744 2147483648 1 17847364 184557632 12 822083584 2317354034 8 268959744 65536 1 67698688 337646898
is_linear=0
shrinkage=0.05


Tree=181
num_leaves=31
num_cat=14
split_feature=0 0 0 1 6 11 6 0 11 0 11 0 11 0 11 0 12 0 11 0 2 11 9 11 0 0 3 1 0 0
split_gain=18848.3 14881.6 1194.43 479.209 224.957 213.646 165.62 130.002 116.46 631.96 191.623 441.83 292.354 242.168 164.934 156.271 108.021 357.826 284.184 455.428 251.635 279.299 216.187 197.735 307.388 231.017 224.579 413.549 483.569 316.403
threshold=0 1 2 17.500000000000004 1.1666666666666667 543.50000000000011 1.4166666666666667 3 813.00000000000011 4 725.00000000000011 5 693.00000000000011 6 743.50000000000011 7 13.750000000000002 8 -496.49999999999994 9 4.5000000000000009 35.000000000000007 11.500000000000002 -810.49999999999989 10 11 25.500000000000004 20.500000000000004 12 13
decision_type=9 9 9 2 2 2 2 9 2 9 2 9 2 9 2 9 2 9 2 9 2 2 2 2 9 9 2 2 9 9
left_child=2 -2 3 4 -1 -6 -5 -3 10 -10 12 14 16 -14 -12 -13 18 -18 23 20 22 -22 -20 25 -25 -9 -27 28 -28 -29
right_child=1 7 -4 6 5 -7 -8 8 9 -11 11 15 13 -15 -16 -17 17 -19 19 -21 21 -23 -24 24 -26 26 27 29 -30 -31
leaf_value=-4.6445384399795842e-05 5.37041281400974e-07 0.00034667589832144686 -4.6445384399795842e-05 -3.477543096157554e-05 -4.6445384399795842e-05 -4.6445384399795842e-05 0.00035956779613011136 0.00063324730367604338 0.0053684179206254347 -0.021180637300978945 0.10425063266299227 0.011225436378159115 -0.25271710069359149 -0.037988655672084273 -0.020756377619795475 0.013977245716826925 0.034310695809004609 -0.013580658406265479 0.034635540808902479 -0.089132533760176005 0.029635093805657056 -0.1747387601024169 -0.011533762480290477 0.075652359697569879 1.9011636720644987e-05 0.00018943543734515345 -0.00037308183344753054 5.5913493133763484e-05 -0.033317503181829536 -3.8648133239194139e-05
leaf_weight=7958 16643 78318 15271 3418 1741 694 1046 54904 1548 2000 1119 872 1104 3496 3484 6342 39790 40667 5613 13486 783 2792 10201 9251 50971 20971 2244 2323 23490 7349
leaf_count=7958 16643 78318 15271 3418 1741 694 1046 54904 1548 2000 1119 872 1104 3496 3484 6342 39790 40667 5613 13486 783 2792 10201 9251 50971 20971 2244 2323 23490 7349
internal_value=-0.000917097 0.0019575 -0.0390471 -0.0288928 -0.0347975 -0.021499 -0.0152106 -5.37679e-05 -0.000520652 -0.00952649 -0.000414603 0.00582635 -0.000669408 -0.0131739 -0.00627574 0.0135382 -0.000467464 0.00108443 -0.00107839 -0.00533688 -0.00042528 -0.0124056 0.00228279 -0.000262095 0.00204576 -0.00151104 -0.00375885 -0.00618822 -0.00950105 0.00262614
internal_weight=429889 399761 30128 14857 10393 2435 4464 383118 304800 3548 301252 11817 289435 4600 4603 7214 284835 80457 204378 32875 19389 3575 15814 171503 60222 111281 56377 35406 25734 9672
internal_count=429889 399761 30128 14857 10393 2435 4464 383118 304800 3548 301252 11817 289435 4600 4603 7214 284835 80457 204378 32875 19389 3575 15814 171503 60222 111281 56377 35406 25734 9672
cat_boundaries=0 2 4 5 8 11 14 16 18 21 24 26 28 30 32
cat_threshold=33587330 1077936128 2147483648 1049088 33587200 142614800 804992 2 537464836 2770412546 1 1627471872 2449481816 1 524292 2684420098 64 2097184 1091654724 436211800 13 269303808 2954953002 1 1074790400 67108896 620756996 2298619137 0 268435456 0 301993984
is_linear=0
shrinkage=0.05


Tree=182
num_leaves=31
num_cat=10
split_feature=0 0 0 1 6 11 6 0 11 10 1 0 0 9 0 8 3 0 1 0 10 10 1 0 2 1 10 3 2 3
split_gain=18935.4 14820.8 1194.43 479.209 224.957 213.646 165.62 156.918 130.054 181.304 293.865 378.655 318.908 225.57 195.32 242.577 276.003 192.295 190.744 177.908 138.831 294.77 170.455 133.015 131.369 128.409 123.361 122.948 113.027 108.623
threshold=0 1 2 17.500000000000004 1.1666666666666667 543.50000000000011 1.4166666666666667 3 -1214.9999999999998 26.500000000000004 11.500000000000002 4 5 51.500000000000007 6 1.0000000180025095e-35 23.500000000000004 7 17.500000000000004 8 29.500000000000004 30.500000000000004 9.5000000000000018 9 1.0000000180025095e-35 9.5000000000000018 33.500000000000007 29.500000000000004 1.5000000000000002 29.500000000000004
decision_type=9 9 9 2 2 2 2 9 2 2 2 9 9 2 9 2 2 9 2 9 2 2 2 9 2 2 2 2 2 2
left_child=2 -2 3 4 -1 -6 -5 8 19 10 11 -10 18 14 15 16 17 -14 27 29 22 25 -11 -24 -20 -22 -23 -12 -15 -3
right_child=1 7 -4 6 5 -7 -8 -9 9 20 12 -13 13 28 -16 -17 -18 -19 24 -21 21 26 23 -25 -26 -27 -28 -29 -30 -31
leaf_value=-4.4123115179806052e-05 5.1018921736201157e-07 -0.025815011558113013 -4.4123115179806052e-05 -3.3036659413498984e-05 -4.4123115179806052e-05 -4.4123115179806052e-05 0.00034158940632362801 -0.00035442774177516515 0.024459725731397253 0.007818505252628772 0.010804912110263487 -0.00025556661655214976 0.82621947608467394 0.0097684049902891264 0.00018649898580140879 -0.013927037064076275 0.077396223358510069 0.17933520309000495 -0.011887269917677079 0.00031922801023180907 -0.007596357320190439 -0.015834529757688509 -0.14824297525916749 -0.013929322434790947 0.0029540658784895425 0.27609196329675711 0.000550815655178516 0.24132673616750042 -0.048672019312810288 1.4901495115449138e-05
leaf_weight=7958 16643 4304 15271 3418 1741 694 1046 273669 8105 719 5594 15611 2639 1993 17033 3263 10154 3553 552 8332 295 5330 1227 3070 3019 1622 5992 969 4418 1655
leaf_count=7958 16643 4304 15271 3418 1741 694 1046 273669 8105 719 5594 15611 2639 1993 17033 3263 10154 3553 552 8332 295 5330 1227 3070 3019 1622 5992 969 4418 1655
internal_value=-0.000829168 0.00205205 -0.0390471 -0.0288928 -0.0347975 -0.021499 -0.0152106 4.48936e-05 0.00164491 0.002313 0.00337633 -0.00125232 0.00544024 0.00355874 0.00507341 0.00847393 0.0109629 0.0192829 0.0134168 -0.00280246 -0.00216653 0.000517411 -0.0092504 -0.0130207 0.0041305 0.0186489 -0.00255255 0.01849 -0.00509281 -0.00939018
internal_weight=429889 399761 30128 14857 10393 2435 4464 383118 109449 95158 76903 23716 53187 43053 36642 19609 16346 6192 10134 14291 18255 13239 5016 4297 3571 1917 11322 6563 6411 5959
internal_count=429889 399761 30128 14857 10393 2435 4464 383118 109449 95158 76903 23716 53187 43053 36642 19609 16346 6192 10134 14291 18255 13239 5016 4297 3571 1917 11322 6563 6411 5959
cat_boundaries=0 2 4 5 8 10 12 14 16 18 20
cat_threshold=33587330 1077936128 2147483648 1049088 33587200 25714960 936064 2 8448 655488 16400 16384 25165824 395392 0 264192 24576 147456 16777472 131200
is_linear=0
shrinkage=0.05


Tree=183
num_leaves=31
num_cat=9
split_feature=0 0 0 1 6 11 6 0 1 0 11 3 6 0 14 6 0 0 12 3 12 5 1 0 1 11 9 9 5 11
split_gain=18947.8 14812.2 1194.43 479.209 224.957 213.646 165.62 145.814 152.366 199.814 145.509 248.251 158.505 208.994 135.128 119.611 240.248 115.066 126.012 213.351 178.417 181.002 127.018 111.239 110.199 107.631 103.498 111.753 136.114 105.117
threshold=0 1 2 17.500000000000004 1.1666666666666667 543.50000000000011 1.4166666666666667 3 11.500000000000002 4 -1154.9999999999998 24.500000000000004 2.5000000000000004 5 67.500000000000014 1.7500000000000002 6 7 13.250000000000002 23.500000000000004 12.500000000000002 76.550000000000011 14.500000000000002 8 18.500000000000004 835.00000000000011 57.500000000000007 5.5000000000000009 77.750000000000014 315.00000000000006
decision_type=9 9 9 2 2 2 2 9 2 9 2 2 2 9 2 2 9 9 2 2 2 2 2 9 2 2 2 2 2 2
left_child=2 -2 3 4 -1 -6 -5 8 9 -3 11 -10 14 -14 17 16 -13 -12 20 24 21 -19 -22 -17 -20 -11 27 -21 -29 -30
right_child=1 7 -4 6 5 -7 -8 -9 10 25 12 15 13 -15 -16 23 -18 18 19 26 22 -23 -24 -25 -26 -27 -28 28 29 -31
leaf_value=-4.1916959420795763e-05 4.8467975650723365e-07 0.18532008263083313 -4.1916959420795763e-05 -3.1384826442826252e-05 -4.1916959420795763e-05 -4.1916959420795763e-05 0.00032450993600745552 -0.00025792338654024861 -0.013611684812082681 -0.00015899837851880428 -0.076761714563894051 0.00049249243975113544 -0.037414973221651153 0.71656885184386587 0.23718026028730244 -0.033442523620597568 -0.020255685670632052 -0.001665764164460093 0.21311974666143271 -0.31837394507361289 0.097126530246081089 0.0014470607201142239 1.2439196962128705 0.0088024828077432286 -0.0088055870982963746 -0.0007165541971804857 -0.57266400935661399 0.69117734377843942 0.09154835306015735 -0.16167977012975535
leaf_weight=7958 16643 1962 15271 3418 1741 694 1046 327826 3105 11765 3071 3040 175 922 2694 703 2907 4232 2393 834 450 10746 1148 1020 1098 248 356 180 1160 1083
leaf_count=7958 16643 1962 15271 3418 1741 694 1046 327826 3105 11765 3071 3040 175 922 2694 703 2907 4232 2393 834 450 10746 1148 1020 1098 248 356 180 1160 1083
internal_value=-0.000816606 0.00206556 -0.0390471 -0.0288928 -0.0347975 -0.021499 -0.0152106 5.89881e-05 0.00243391 -0.00207871 0.00396084 -0.0010348 0.00572327 0.0243847 0.00502802 0.003794 0.00715487 0.00395312 0.00513297 -0.000436374 0.00752292 0.00582855 0.0234043 -0.00780615 0.00837869 -0.00449555 -0.00895378 -0.00615597 -0.000722245 -0.00407936
internal_weight=429889 399761 30128 14857 10393 2435 4464 383118 55292 13975 41317 10775 30542 1097 29445 7670 5947 26751 23680 7104 16576 14978 1598 1723 3491 12013 3613 3257 2423 2243
internal_count=429889 399761 30128 14857 10393 2435 4464 383118 55292 13975 41317 10775 30542 1097 29445 7670 5947 26751 23680 7104 16576 14978 1598 1723 3491 12013 3613 3257 2423 2243
cat_boundaries=0 2 4 5 8 9 12 15 16 17
cat_threshold=33587330 1077936128 2147483648 1049088 33587200 16801792 278656 2 8192 0 0 2 16793600 0 2 8192 16793600
is_linear=0
shrinkage=0.05


Tree=184
num_leaves=31
num_cat=11
split_feature=0 0 0 1 6 11 6 0 11 0 3 3 6 0 0 1 0 11 0 15 5 3 0 11 16 11 2 0 11 11
split_gain=18938.8 14818.4 1194.43 479.209 224.957 213.646 165.62 129.952 219.474 239.906 297.294 223.716 173.312 206.287 201.627 137.057 140.512 128.158 123.583 122.725 128.028 122.648 113.114 112.288 115.229 135.624 112.74 115.423 252.364 169.236
threshold=0 1 2 17.500000000000004 1.1666666666666667 543.50000000000011 1.4166666666666667 3 340.50000000000006 4 23.500000000000004 24.500000000000004 1.7500000000000002 5 6 18.500000000000004 7 -1244.9999999999998 8 0.46666666666666673 78.450000000000017 30.500000000000004 9 65.000000000000014 8.2750000000000021 -534.99999999999989 4.5000000000000009 10 -934.99999999999989 -1334.9999999999998
decision_type=9 9 9 2 2 2 2 9 2 9 2 2 2 9 9 2 9 2 9 2 2 2 9 2 2 2 2 9 2 2
left_child=2 -2 3 4 -1 -6 -5 8 9 11 15 18 14 19 -12 -11 -17 -15 -3 -14 -21 -19 -10 24 25 26 27 28 29 -16
right_child=1 7 -4 6 5 -7 -8 -9 22 10 12 -13 13 17 23 16 -18 21 -20 20 -22 -23 -24 -25 -26 -27 -28 -29 -30 -31
leaf_value=-3.9821111449755976e-05 4.6044576871295819e-07 1.0906875750527156 -3.9821111449755976e-05 -2.9815585120696044e-05 -3.9821111449755976e-05 -3.9821111449755976e-05 0.00030828443920709607 -0.00029580255803396405 0.083099882465005326 -0.00062352192157697503 0.00074875157959559686 0.041876849184476407 -0.0016280559858696366 -0.031998382456955188 -0.00024820252034549742 0.0020235195625554424 -0.039367718227870531 0.0045726734633703362 0.17222797033122675 -0.022732408712300423 0.26706408377028767 -0.02006964645982854 -0.0090857418679145315 -0.075467104118750516 0.0037351273529405483 0.0044672429889760943 -0.0019969334197132761 0.00045362688694003953 -0.00016875233158000216 0.00024127332893515431
leaf_weight=7958 16643 1692 15271 3418 1741 694 1046 302852 1602 9614 5790 4282 1865 982 143 1384 3174 3121 2289 290 1320 1484 17957 322 8005 1226 5082 7186 870 586
leaf_count=7958 16643 1692 15271 3418 1741 694 1046 302852 1602 9614 5790 4282 1865 982 143 1384 3174 3121 2289 290 1320 1484 17957 322 8005 1226 5082 7186 870 586
internal_value=-0.000825678 0.0020558 -0.0390471 -0.0288928 -0.0347975 -0.021499 -0.0152106 4.88088e-05 0.00183741 0.00332169 0.00207229 0.0112353 0.0043635 -0.00167733 0.00623759 -0.00411375 -0.0112549 -0.00762015 0.0197815 0.00787661 0.0180124 -0.00413681 -0.00276855 0.0041656 0.00457615 0.00200424 0.000594938 0.0040239 0.016128 0.0379287
internal_weight=429889 399761 30128 14857 10393 2435 4464 383118 80266 60707 52444 8263 38272 9062 29210 14172 4558 5587 3981 3475 1610 4605 19559 23420 23098 15093 13867 8785 1599 729
internal_count=429889 399761 30128 14857 10393 2435 4464 383118 80266 60707 52444 8263 38272 9062 29210 14172 4558 5587 3981 3475 1610 4605 19559 23420 23098 15093 13867 8785 1599 729
cat_boundaries=0 2 4 5 8 10 13 14 17 19 22 25
cat_threshold=33587330 1077936128 2147483648 1049088 33587200 159932416 802944 2 8912896 262144 8192 16384 2 134234112 0 524288 2 0 262144 8192 0 2 0 0 2
is_linear=0
shrinkage=0.05


Tree=185
num_leaves=31
num_cat=9
split_feature=0 0 0 1 6 11 6 0 11 0 4 3 0 1 14 0 13 10 9 11 1 9 0 6 12 5 2 10 0 9
split_gain=18878.2 14860.7 1194.43 479.209 224.957 213.646 165.62 113.321 162.957 238.554 236.253 215.459 171.475 140.31 119.033 118.543 102.604 120.366 98.3468 108.421 92.0324 150.881 122.005 110.476 115.398 95.8398 94.2454 88.9731 87.0459 83.2968
threshold=0 1 2 17.500000000000004 1.1666666666666667 543.50000000000011 1.4166666666666667 3 340.50000000000006 4 5.5000000000000009 24.500000000000004 5 18.500000000000004 89.500000000000014 6 1.0000000180025095e-35 1.5000000000000002 4.5000000000000009 65.000000000000014 9.5000000000000018 27.500000000000004 7 0.83333333333333337 12.500000000000002 79.550000000000011 4.5000000000000009 3.5000000000000004 8 61.500000000000007
decision_type=9 9 9 2 2 2 2 9 2 9 2 2 9 2 2 9 2 2 2 2 2 2 9 2 2 2 2 2 9 2
left_child=2 -2 3 4 16 -6 27 8 9 11 13 15 -10 -11 18 -3 -1 -18 19 -12 22 23 25 -22 -25 -14 -27 -5 -21 -13
right_child=1 7 -4 6 5 -7 -8 -9 12 10 14 29 20 -15 -16 -17 17 -19 -20 28 21 -23 -24 24 -26 26 -28 -29 -30 -31
leaf_value=-3.7830055877252636e-05 4.374234802817512e-07 1.0361531963000801 -3.7830055877252636e-05 -2.8324805864654581e-05 -3.7830055877252636e-05 -3.7830055877252636e-05 0.00029287021724675458 -0.00023023708931155796 0.10648561754281793 -0.0030286727813075842 0.0040636278784914829 0.070367640015026822 0.00036769651902894833 -0.039666208410187268 0.24915087730980123 0.16361657181466535 0.19340740431912273 -3.7830055877252636e-05 0.00028111145011657792 0.00020620614470590048 -0.25223208318634854 -0.10109699419682841 -0.0086742511145371914 -0.14976064794660077 0.007763214683404485 0.0037508187486755776 0.019184522633000925 -5.2254582740784987e-05 -0.30263091730915337 -0.28471789117232932
leaf_weight=6181 16643 1692 15271 662 1741 694 1046 313523 1556 5152 4946 4060 1112 3089 1627 2289 271 1506 28124 109 602 4065 1438 348 7822 832 297 2756 213 222
leaf_count=6181 16643 1692 15271 662 1741 694 1046 313523 1556 5152 4946 4060 1112 3089 1627 2289 271 1506 28124 109 602 4065 1438 348 7822 832 297 2756 213 222
internal_value=-0.000886857 0.00199001 -0.0390471 -0.0288928 -0.0347975 -0.021499 -0.0152106 -1.98367e-05 0.00180519 0.00323836 0.00174948 0.0110178 -0.00227977 -0.00586701 0.00354236 0.0194047 -0.0388665 -0.028278 0.0028989 0.00916856 -0.00377587 -0.00577627 0.0031938 -0.00208618 -0.000563035 0.010462 0.0207706 -0.0205383 -0.0189441 0.00324615
internal_weight=429889 399761 30128 14857 10393 2435 4464 383118 69595 51523 43260 8263 18072 8241 35019 3981 7958 1777 33392 5268 16516 12837 3679 8772 8170 2241 1129 3418 322 4282
internal_count=429889 399761 30128 14857 10393 2435 4464 383118 69595 51523 43260 8263 18072 8241 35019 3981 7958 1777 33392 5268 16516 12837 3679 8772 8170 2241 1129 3418 322 4282
cat_boundaries=0 2 4 5 7 9 10 12 14 15
cat_threshold=33587330 1077936128 2147483648 1049088 33587200 25714688 802944 8912896 262144 24576 0 262144 8912896 524288 16793600
is_linear=0
shrinkage=0.05


Tree=186
num_leaves=31
num_cat=11
split_feature=0 0 0 1 0 5 6 1 6 5 9 5 0 14 15 0 1 5 0 0 1 0 0 11 1 11 11 0 6 3
split_gain=17955.1 14873.9 1450.71 666.999 180.433 160.624 158.752 151.558 140.36 121.624 131.273 107.803 212.723 105.252 344.189 190.829 217.539 141.085 166.371 124.998 202.932 291.101 288.483 331.435 273.01 269.595 178.637 269.65 215.113 204.715
threshold=0 1 2 15.500000000000002 3 86.850000000000009 2.5000000000000004 11.500000000000002 1.1666666666666667 68.000000000000014 1.5000000000000002 93.500000000000014 4 28.500000000000004 0.17500000000000002 5 19.500000000000004 85.700000000000003 6 7 15.500000000000002 8 9 225.00000000000003 10.500000000000002 -1254.9999999999998 340.50000000000006 10 0.83333333333333337 24.500000000000004
decision_type=9 9 9 2 9 2 2 2 2 2 2 2 9 2 2 9 2 2 9 9 2 9 9 2 2 2 2 9 2 2
left_child=2 -2 3 4 5 9 -6 -8 -5 -1 -11 13 -13 19 -15 16 -16 18 -18 26 21 24 23 25 -21 -22 27 29 -28 -3
right_child=1 11 -4 8 6 -7 7 -9 -10 10 -12 12 -14 14 15 -17 17 -19 -20 20 22 -23 -24 -25 -26 -27 28 -29 -30 -31
leaf_value=0.4225203481252221 4.1555230625434095e-07 0.36732342376007204 -3.5938553083392223e-05 -3.5938553083392223e-05 -3.5938553083392223e-05 -0.00088858349802278802 -0.056756570792541129 0.0074995074900105155 -3.5938553083392223e-05 -0.00015686899232254526 -0.00086332906837545138 -0.14767422253914883 0.0026226382107308321 -0.10137876782090155 0.15770328048133778 0.0040320067416582898 -0.17775463462259619 0.092468056747311775 0.0066305024829779848 -0.0027275404960755978 -0.0029732053102947023 -0.0012344363177192897 -0.00022862711754800813 0.093080151378409692 0.055445892548495038 -0.10697992976031685 -0.16615631776066275 0.00024072151695397892 -0.0013975298665776848 0.018950824184502581
leaf_weight=46 16643 3669 15271 4913 4376 720 97 96 1543 355 2711 1392 2432 5050 8576 47788 1314 1570 1170 15337 6545 46408 34038 2947 24627 17529 2001 117826 38618 4281
leaf_count=46 16643 3669 15271 4913 4376 720 97 96 1543 355 2711 1392 2432 5050 8576 47788 1314 1570 1170 15337 6545 46408 34038 2947 24627 17529 2001 117826 38618 4281
internal_value=-0.000836146 0.0019695 -0.0380516 -0.026875 -0.0361802 -0.0278761 -0.0429897 0.00129534 -0.0148079 -0.0328728 -0.0340835 -4.12395e-05 -0.00839435 4.29746e-05 0.00186656 0.00291469 0.00837816 -0.00115935 -0.00857488 -0.000337448 -0.00139751 0.00016209 -0.00360389 -0.00745995 0.00328964 -0.00940018 0.000601845 0.00153288 -0.00228095 0.0104397
internal_weight=429889 399761 30128 14857 8401 3832 4569 193 6456 3112 3066 383118 3824 379294 65468 60418 12630 4054 2484 313826 147431 86372 61059 27021 39964 24074 166395 125776 40619 7950
internal_count=429889 399761 30128 14857 8401 3832 4569 193 6456 3112 3066 383118 3824 379294 65468 60418 12630 4054 2484 313826 147431 86372 61059 27021 39964 24074 166395 125776 40619 7950
cat_boundaries=0 2 4 5 6 9 11 13 16 19 22 24
cat_threshold=33587330 1077936128 2147483648 1049088 33587200 33554432 1896367364 2533367808 8 134242560 321339562 8192 81920 630736144 2366513609 2 1073819712 570491936 8 1073754176 570490912 12 8912912 262144
is_linear=0
shrinkage=0.05


Tree=187
num_leaves=31
num_cat=11
split_feature=0 0 0 1 0 5 6 1 6 5 9 5 3 11 3 11 0 1 0 6 1 0 0 1 0 0 5 0 12 10
split_gain=18008.8 14835.5 1450.71 666.999 180.433 160.624 158.752 151.558 140.36 121.624 131.273 101.306 148.157 98.9138 282.857 283.286 94.7684 140.967 220.78 162.733 156.673 339.26 182.232 349.371 357.507 281.49 332.29 244.543 196.827 182.643
threshold=0 1 2 15.500000000000002 3 86.850000000000009 2.5000000000000004 11.500000000000002 1.1666666666666667 68.000000000000014 1.5000000000000002 74.450000000000017 26.500000000000004 245.00000000000003 25.500000000000004 332.00000000000006 4 8.5000000000000018 5 1.1666666666666667 11.500000000000002 6 7 18.500000000000004 8 9 76.550000000000011 10 13.250000000000002 19.500000000000004
decision_type=9 9 9 2 9 2 2 2 2 2 2 2 2 2 2 2 9 2 9 2 2 9 9 2 9 9 2 9 2 2
left_child=2 -2 3 4 5 9 -6 -8 13 -1 11 -11 -13 -5 -15 -16 17 18 -3 -20 21 -19 23 25 -25 26 -22 28 -26 -24
right_child=1 16 -4 8 6 -7 7 -9 -10 10 -12 12 -14 14 15 -17 -18 20 19 -21 22 -23 29 24 27 -27 -28 -29 -30 -31
leaf_value=0.40139433071896091 3.9477469098159191e-07 0.0020577852314477506 -3.4141625429207072e-05 -4.7844925949558359e-05 -3.4141625429207072e-05 -0.00084415432312163758 -0.05391874225291407 0.0071245321155100072 -3.4141625429207072e-05 -0.00085548561875934412 -0.00082016261495669878 0.42072377908162067 -0.0028626327911546404 -3.4141625429207072e-05 1.9286789322059405e-06 -3.4141625429207072e-05 -0.00025806921978928089 0.0005154851593888399 0.002106970259975327 -0.0064121808192843192 -0.0043304027064976934 -0.0089529044958226219 0.0055582782164485872 -0.21795971907982969 1.4638031672453957 0.0020016354188018503 0.34286995839019846 -0.00058108353380852411 0.073656374082595386 -0.018202183029740662
leaf_weight=46 16643 937 15271 3965 4376 720 97 96 1543 94 2711 179 82 503 334 111 261850 13073 4247 1270 2353 12769 30206 1588 877 22688 5484 10688 1619 13469
leaf_count=46 16643 937 15271 3965 4376 720 97 96 1543 94 2711 179 82 503 334 111 261850 13073 4247 1270 2353 12769 30206 1588 877 22688 5484 10688 1619 13469
internal_value=-0.00078055 0.00202929 -0.0380516 -0.026875 -0.0361802 -0.0278761 -0.0429897 0.00129534 -0.0148079 -0.0328728 -0.0340835 -0.00549296 0.0105364 -0.0189395 -0.00443038 0.0246067 2.11418e-05 0.00117664 0.0083669 0.0045142 0.000772554 -0.00265459 0.00176797 0.00398945 -0.00232196 0.00704505 0.0152096 0.000386539 0.0144453 -0.000536798
internal_weight=429889 399761 30128 14857 8401 3832 4569 193 6456 3112 3066 355 261 4913 948 445 383118 121268 6454 5517 114814 25842 88972 45297 14772 30525 7837 13184 2496 43675
internal_count=429889 399761 30128 14857 8401 3832 4569 193 6456 3112 3066 355 261 4913 948 445 383118 121268 6454 5517 114814 25842 88972 45297 14772 30525 7837 13184 2496 43675
cat_boundaries=0 2 4 5 6 9 11 14 16 18 20 22
cat_threshold=33587330 1077936128 2147483648 1049088 33587200 33554432 159932688 1001600 8 16 524288 8464 917632 8 159399936 346112 0 65536 0 81920 142606336 262144
is_linear=0
shrinkage=0.05


Tree=188
num_leaves=31
num_cat=10
split_feature=0 0 0 1 0 5 6 1 6 5 10 9 0 10 9 2 9 1 11 5 0 0 0 11 0 0 11 11 1 6
split_gain=18122.7 14818.1 1423.98 689.475 161.012 172.659 158.752 151.558 140.36 124.547 112.775 111.765 105.127 147.879 167.825 185.515 203.368 157.61 167.014 154.833 172.166 161.561 150.823 134.213 129.733 119.054 110.767 107.352 129.999 106.915
threshold=0 1 2 15.500000000000002 3 86.850000000000009 2.5000000000000004 11.500000000000002 1.1666666666666667 68.000000000000014 15.500000000000002 15.500000000000002 4 11.500000000000002 18.500000000000004 1.5000000000000002 5.5000000000000009 11.500000000000002 -1094.9999999999998 76.550000000000011 5 6 7 -626.99999999999989 8 9 -1274.9999999999998 235.00000000000003 9.5000000000000018 2.5000000000000004
decision_type=9 9 9 2 9 2 2 2 2 2 2 2 9 2 2 2 2 2 2 2 9 9 9 2 9 9 2 2 2 2
left_child=2 -2 3 4 5 9 -6 -8 -5 -1 -11 -12 13 14 15 16 24 22 -19 21 23 -15 -17 26 -3 -20 -21 -22 -29 -27
right_child=1 12 -4 8 6 -7 7 -9 -10 10 11 -13 -14 19 -16 17 -18 18 25 20 27 -23 -24 -25 -26 29 -28 28 -30 -31
leaf_value=0.38132461418301289 3.7503595642363055e-07 0.00043143033901298371 -3.24345441577556e-05 -3.24345441577556e-05 -3.24345441577556e-05 -0.00080194660696557567 -0.051222805140268383 0.0067683055097345068 -3.24345441577556e-05 -0.00077915448420884381 0.0017516436587273088 -0.00077915448420884381 -0.000229280648097685 -0.13915579304081113 -0.00026474951548569606 0.020959900855687955 0.011198466782179995 0.00058388211237656582 0.092375467095539857 -0.066882125217206267 0.00052701684698606142 -0.0079024014209160501 -0.0045528100073888743 -0.0097160588627400301 -0.13104732234513139 0.21446051548195033 0.2847794832750456 0.00051591068960807893 -0.019318578784586649 0.67277228398023847
leaf_weight=46 16643 1135 15271 4913 4376 720 97 96 1543 2274 390 402 272642 2629 19136 2675 6378 5007 5142 522 32460 7737 3952 637 2705 7751 2168 1931 7850 661
leaf_count=46 16643 1135 15271 4913 4376 720 97 96 1543 2274 390 402 272642 2629 19136 2675 6378 5007 5142 522 32460 7737 3952 637 2705 7751 2168 1931 7850 661
internal_value=-0.000762406 0.0020563 -0.0381512 -0.0270767 -0.0365373 -0.0286569 -0.0429897 0.00129534 -0.0148079 -0.0338368 -0.035062 -0.0188131 4.93308e-05 0.0013504 0.00320304 0.00524205 -0.000440399 0.00754724 0.00991057 -0.000455894 0.000798806 -0.00597145 0.000928022 0.0117321 -0.00953125 0.0127933 0.0166543 -6.50872e-05 -0.00465699 0.0164569
internal_weight=429889 399761 30128 14857 8401 3832 4569 193 6456 3112 3066 792 383118 110476 54542 35406 10218 25188 18561 55934 45568 10366 6627 3327 3840 13554 2690 42241 9781 8412
internal_count=429889 399761 30128 14857 8401 3832 4569 193 6456 3112 3066 792 383118 110476 54542 35406 10218 25188 18561 55934 45568 10366 6627 3327 3840 13554 2690 42241 9781 8412
cat_boundaries=0 2 4 5 6 9 11 13 15 17 20
cat_threshold=33587330 1077936128 2147483648 1049088 33587200 33554432 25714960 936064 8 0 16384 16640 16512 8208 917632 16793616 131072 17301760 524288 8
is_linear=0
shrinkage=0.05


Tree=189
num_leaves=31
num_cat=12
split_feature=0 0 0 1 0 5 6 1 6 5 10 9 11 3 11 0 11 11 12 0 1 0 1 3 0 0 0 0 0 11
split_gain=18048.4 14871.1 1423.98 689.475 161.012 172.659 158.752 151.558 140.36 124.547 112.775 111.765 98.9138 282.857 283.286 91.5465 134.264 247.226 351.498 271.275 335.271 244.99 229.147 361.055 417.477 310.589 266.515 225.944 194.842 153.532
threshold=0 1 2 15.500000000000002 3 86.850000000000009 2.5000000000000004 11.500000000000002 1.1666666666666667 68.000000000000014 15.500000000000002 15.500000000000002 245.00000000000003 25.500000000000004 332.00000000000006 4 -885.49999999999989 -510.49999999999994 12.500000000000002 5 8.5000000000000018 6 20.500000000000004 25.500000000000004 7 8 9 10 11 451.50000000000006
decision_type=9 9 9 2 9 2 2 2 2 2 2 2 2 2 2 9 2 2 2 9 2 9 2 2 9 9 9 9 9 2
left_child=2 -2 3 4 5 9 -6 -8 12 -1 -11 -12 -5 -14 -15 -3 22 21 19 29 -21 -18 23 28 -25 -26 -24 -20 -17 -19
right_child=1 15 -4 8 6 -7 7 -9 -10 10 11 -13 13 14 -16 16 17 18 27 20 -22 -23 26 24 25 -27 -28 -29 -30 -31
leaf_value=0.36225838347386219 3.5628415862021257e-07 0.00034679337066529926 -3.0812816949854495e-05 -4.3830952444157138e-05 -3.0812816949854495e-05 -0.00076184927661731021 -0.048661664883254963 0.0064298902342478041 -3.0812816949854495e-05 -0.00074019675999839054 0.0016640614757909235 -0.00074019675999839054 -3.0812816949854495e-05 3.453972193501187e-06 -3.0812816949854495e-05 0.043788515372794073 0.12661288541233803 -0.10829900744038379 0.088831958345781822 0.0021853534449981283 -0.064798876052088478 0.00028394929591351036 0.00011353823828303967 -0.00024639677767122062 0.0074150996626467071 -0.065111586745221925 0.00084991389556257071 -0.0028733360717220439 -0.011535848721749531 0.0064623538588542313
leaf_weight=46 16643 195191 15271 3965 4376 720 97 96 1543 2274 390 402 503 334 111 6538 6120 3660 7431 1600 2130 39146 1491 1893 5895 19488 16837 65039 9889 770
leaf_count=46 16643 195191 15271 3965 4376 720 97 96 1543 2274 390 402 503 334 111 6538 6120 3660 7431 1600 2130 39146 1491 1893 5895 19488 16837 65039 9889 770
internal_value=-0.00083917 0.00197375 -0.0381512 -0.0270767 -0.0365373 -0.0286569 -0.0429897 0.00129534 -0.0148079 -0.0338368 -0.035062 -0.0188131 -0.0189395 -0.00443038 0.0246067 -3.68023e-05 -0.000824478 0.000113586 -0.00154657 -0.0113848 -0.00141711 0.00307074 -0.00272847 -0.00469647 -0.00822335 -0.00652345 0.00196421 -0.000438802 0.00115968 -0.0197297
internal_weight=429889 399761 30128 14857 8401 3832 4569 193 6456 3112 3066 792 4913 948 445 383118 187927 125896 80630 8160 3730 45266 62031 43703 27276 25383 18328 72470 16427 4430
internal_count=429889 399761 30128 14857 8401 3832 4569 193 6456 3112 3066 792 4913 948 445 383118 187927 125896 80630 8160 3730 45266 62031 43703 27276 25383 18328 72470 16427 4430
cat_boundaries=0 2 4 5 6 9 12 14 16 18 20 23 25
cat_threshold=33587330 1077936128 2147483648 1049088 33587200 33554432 92823808 2687461833 10 1073745988 83890176 4 1073741824 67108864 0 268435456 671088640 16778240 0 268435456 4164 184549376 4 1052740 402653184
is_linear=0
shrinkage=0.05


Tree=190
num_leaves=31
num_cat=10
split_feature=0 0 0 11 0 1 6 11 3 6 1 9 3 1 11 1 16 6 11 1 0 11 0 0 1 0 3 0 6 0
split_gain=17429.2 14846.1 1626.65 554.184 315.111 232.095 228.325 242.353 454.763 167.58 150.186 146.942 114.613 137.644 147.403 134.332 106.74 103.426 105.196 99.9675 1092.99 265.786 420.976 256.317 258.865 715.579 323.634 251.303 252.718 459.912
threshold=0 1 2 332.00000000000006 3 9.5000000000000018 1.4166666666666667 245.00000000000003 25.500000000000004 2.5000000000000004 11.500000000000002 3.5000000000000004 25.500000000000004 20.500000000000004 1.0000000180025095e-35 9.5000000000000018 17.250000000000004 2.5000000000000004 -184.99999999999997 9.5000000000000018 4 698.00000000000011 5 6 18.500000000000004 7 24.500000000000004 8 1.1666666666666667 9
decision_type=9 9 9 2 9 2 2 2 2 2 2 2 2 2 2 2 2 2 2 2 9 2 9 9 2 9 2 9 2 9
left_child=2 -2 3 6 5 -5 7 12 -9 -6 -11 -7 15 -14 16 -1 -15 -8 -19 20 27 23 -23 24 -21 -26 -27 -3 -29 -30
right_child=1 19 -4 4 9 11 17 8 -10 10 -12 -13 13 14 -16 -17 -18 18 -20 21 -22 22 -24 -25 25 26 -28 28 29 -31
leaf_value=3.2731540544173046e-06 3.3846995073361086e-07 0.018617862513871365 -2.9272176102379532e-05 3.2731540544173046e-06 -2.9272176102379532e-05 0.4402083193288906 0.00028489308336543395 -2.9272176102379532e-05 3.281273583821687e-06 -0.046228581639092207 0.0061083957225354091 -0.012109613650766217 -0.00056113218957318798 0.26931167080138202 3.2871124079658641e-05 -5.4976421151042842e-05 -0.00086608035162996091 -0.095827387407902226 0.0076355417265124188 0.00414094668013103 -0.0046130438125004947 -0.19089638419049618 0.0016181874834079847 -0.0025710363021066666 0.015237743024918605 -0.048642149223458109 -0.0012161377117611229 0.001609544047610978 -0.010696216300759211 0.0075506633798571258
leaf_weight=235 16643 2113 15271 169 4513 74 1724 483 337 97 102 532 2620 109 103 2958 331 341 129 117687 26311 3098 3297 162207 16500 13470 20762 13505 1391 2777
leaf_count=235 16643 2113 15271 169 4513 74 1724 483 337 97 102 532 2620 109 103 2958 331 341 129 117687 26311 3098 3297 162207 16500 13470 20762 13505 1391 2777
internal_value=-0.000751473 0.00201278 -0.0374179 -0.0255902 -0.0382267 -0.00821656 -0.0182177 -0.0225334 0.00304878 -0.0430538 0.00175879 -0.0227723 -0.0258339 -0.0325798 -0.00966851 -0.0191513 -0.0222727 -0.0041021 -0.0248936 3.91514e-06 0.00218778 -0.000294789 -0.0103909 -9.95082e-05 0.00126671 -0.00171884 -0.00584078 0.0110628 0.00910196 -0.00165547
internal_weight=429889 399761 30128 14857 5487 775 9370 7176 820 4712 199 606 6356 3163 543 3193 440 2194 470 383118 46097 337021 6395 330626 168419 50732 34232 19786 17673 4168
internal_count=429889 399761 30128 14857 5487 775 9370 7176 820 4712 199 606 6356 3163 543 3193 440 2194 470 383118 46097 337021 6395 330626 168419 50732 34232 19786 17673 4168
cat_boundaries=0 2 4 5 6 9 12 15 18 20 22
cat_threshold=33587330 1077936128 2147483648 1049088 33587200 33554432 295198736 3039375362 8 965214468 2787205194 1 1837187328 570902985 11 8388864 264456 3 0 2621440 25182224 2147549184
is_linear=0
shrinkage=0.05


Tree=191
num_leaves=31
num_cat=7
split_feature=0 0 0 1 12 3 6 0 11 11 6 10 1 5 0 9 10 8 6 3 11 10 10 2 0 0 5 10 10 11
split_gain=16624.8 14001.8 2206.43 1170.08 460.517 559.641 263.941 235.747 262.89 242.196 167.58 156.665 150.186 138.869 136.804 199.339 159.697 152.109 120.596 108.695 106.308 105.156 102.78 101.605 372.145 171.356 182.526 193.794 375.736 186.992
threshold=0 1 2 16.500000000000004 13.750000000000002 25.500000000000004 1.7500000000000002 3 785.00000000000011 332.00000000000006 2.5000000000000004 14.500000000000002 11.500000000000002 68.850000000000009 4 51.500000000000007 28.500000000000004 1.0000000180025095e-35 1.1666666666666667 25.500000000000004 -594.99999999999989 4.5000000000000009 1.5000000000000002 1.0000000180025095e-35 5 6 68.40000000000002 30.500000000000004 29.500000000000004 -1214.9999999999998
decision_type=9 9 9 2 2 2 2 9 2 2 2 2 2 2 9 2 2 2 2 2 2 2 2 2 9 9 2 2 2 2
left_child=-1 2 3 7 18 -6 -7 8 11 19 -11 13 -12 -2 15 16 17 22 21 -9 -15 -5 -3 24 -16 26 -25 28 29 -28
right_child=1 14 -4 4 5 6 -8 9 -10 10 12 -13 -14 20 23 -17 -18 -19 -20 -21 -22 -23 -24 25 -26 -27 27 -29 -30 -31
leaf_value=3.2154645319693036e-07 0.35624325010489488 0.17934292388030826 -2.7808567297249455e-05 -1.3787375553331316e-05 -3.8890583764406018e-05 2.2487509018143116e-05 -4.351683027064013e-05 -2.7808567297249455e-05 3.1094963516942189e-06 -2.7808567297249455e-05 -0.043917152557137573 -0.00070043810094091443 0.0058029759364086608 -0.000685215277689677 -0.019863766338110447 0.0090144315999370669 0.00053842100268821638 0.00078507868456068053 0.00016398088549722802 3.1172099046461454e-06 -0.0026822774849151187 -0.000685215277689677 -0.00054676907952790901 -0.060685127432739974 0.00097422036185941259 -0.00054761562438554456 -0.0045423474403982088 -0.0060134404744758736 0.20948299854871166 0.0033760940302994592
leaf_weight=16643 52 88 15271 589 939 960 304 301 118 4513 97 1438 102 1793 22040 178 1326 996 807 154 835 1855 5025 3710 34193 150059 21878 20488 3759 119378
leaf_count=16643 52 88 15271 589 939 960 304 301 118 4513 97 1438 102 1793 22040 178 1326 996 807 154 835 1855 5025 3710 34193 150059 21878 20488 3759 119378
internal_value=-0.000751938 -0.00272567 -0.0355399 -0.0217831 -0.00337367 0.014276 0.0359968 -0.0324843 -0.023528 -0.0397045 -0.0431452 -0.0256921 0.00175879 -0.0328358 -0.000144338 -0.00677555 -0.00803631 -0.0114503 -0.0153337 -0.00494505 -0.0344368 -0.0208674 -0.0149325 -9.71998e-06 -0.00196948 0.000335451 0.00142622 0.00167218 0.00231528 0.0019001
internal_weight=429889 413246 30128 14857 5454 2203 1264 9403 4236 5167 4712 4118 199 2680 383118 7613 7435 6109 3251 455 2628 2444 5113 375505 56233 319272 169213 165503 145015 141256
internal_count=429889 413246 30128 14857 5454 2203 1264 9403 4236 5167 4712 4118 199 2680 383118 7613 7435 6109 3251 455 2628 2444 5113 375505 56233 319272 169213 165503 145015 141256
cat_boundaries=0 2 4 5 6 9 12 15
cat_threshold=2147483648 1049088 33587330 1077936128 33587200 33554432 0 0 2 1611690052 385898497 4 1703964944 2265925761 4
is_linear=0
shrinkage=0.05


Tree=192
num_leaves=31
num_cat=10
split_feature=0 0 0 1 11 3 6 11 12 1 12 6 1 11 5 6 5 0 11 3 0 1 0 11 9 0 0 0 1 0
split_gain=16558.5 13592.4 2319.12 1478.85 570.325 362.861 321.692 181.227 194.064 190.051 158.199 164.146 150.186 148.461 215.065 183.94 141.516 127.465 122.956 102.992 458.306 373.111 377.139 212.729 312.883 250.051 237.625 202.739 346.629 409.952
threshold=0 1 2 16.500000000000004 -184.99999999999997 25.500000000000004 1.7500000000000002 332.00000000000006 14.500000000000002 9.5000000000000018 12.500000000000002 2.5000000000000004 11.500000000000002 -594.99999999999989 82.200000000000003 1.7500000000000002 68.850000000000009 3 1.0000000180025095e-35 29.500000000000004 4 18.500000000000004 5 -825.49999999999989 48.500000000000007 6 7 8 17.500000000000004 9
decision_type=9 9 9 2 2 2 2 2 2 2 2 2 2 2 2 2 2 9 2 2 9 2 9 2 2 9 9 9 2 9
left_child=-1 -2 3 7 -5 18 -7 13 10 -10 -9 -12 -13 14 16 -16 -3 -4 -6 27 -21 23 -23 24 25 -22 -25 -19 -29 -30
right_child=1 2 17 4 5 6 -8 8 9 -11 11 12 -14 -15 15 -17 -18 19 -20 20 21 22 -24 26 -26 -27 -28 28 29 -31
leaf_value=3.0546913052376114e-07 -2.6418138932404745e-05 0.32631905714075615 -0.00051390021255275369 -0.00078851557016399463 3.3810404660261642e-05 2.1363133567220417e-05 -4.1340988757099241e-05 0.41823292526749312 2.9540215340961852e-06 -0.011370019093982144 -2.6418138932404745e-05 -0.041721294929280721 0.0055128271395882503 -2.6418138932404745e-05 -0.00049881481621003585 0.0016949127024204814 -0.00066617733705642834 0.0011667543500490484 -4.6298198799199497e-06 0.023683586610148934 -0.059134751243951733 -0.0050361267586702231 0.071106543636129879 0.014416697876672657 0.23030847160857493 -0.0050797306384957391 -0.0078410389747030958 0.00012016691570977401 0.00025109887141718803 -0.065006350559786652
leaf_weight=16643 15271 41 56465 2351 208 982 330 138 108 409 4611 97 102 1321 673 272 1631 127034 1583 19153 6444 7102 7685 7018 764 6518 19945 84298 17162 23530
leaf_count=16643 15271 41 56465 2351 208 982 330 138 108 409 4611 97 102 1321 673 272 1631 127034 1583 19153 6444 7102 7685 7018 764 6518 19945 84298 17162 23530
internal_value=-0.000654239 -0.00262404 -0.000847142 -0.0202226 0.000476714 0.0145504 0.0345274 -0.0322503 -0.0381427 -0.0089942 -0.0411884 -0.0427027 0.00175879 -0.0240731 -0.0309706 -0.0119048 -0.0417464 -9.52684e-05 -8.37521e-05 0.000283932 0.00191548 -0.000387485 0.00641442 -0.0028595 -0.00792656 -0.0097593 -0.000280013 -0.000199187 -0.0016288 -0.00541876
internal_weight=429889 413246 397975 14857 5454 3103 1312 9403 5465 517 4948 4810 199 3938 2617 945 1672 383118 1791 326653 74629 55476 14787 40689 13726 12962 26963 252024 124990 40692
internal_count=429889 413246 397975 14857 5454 3103 1312 9403 5465 517 4948 4810 199 3938 2617 945 1672 383118 1791 326653 74629 55476 14787 40689 13726 12962 26963 252024 124990 40692
cat_boundaries=0 2 4 5 8 10 13 16 19 22 25
cat_threshold=2147483648 1049088 130 1077936128 33587200 402915344 4130 6 537936896 587284481 83963968 2282095744 8 1073750336 336077056 8 1073819648 336069632 8 92823872 2351835520 8 4 285213784 1
is_linear=0
shrinkage=0.05


Tree=193
num_leaves=31
num_cat=5
split_feature=0 0 0 1 11 3 6 11 12 1 12 6 1 11 5 6 5 0 12 3 6 3 3 2 11 16 16 9 0 9
split_gain=16634.2 13524.3 2307.97 1460.68 552.852 378.241 321.692 181.227 194.064 190.051 158.199 164.146 150.186 148.461 215.065 183.94 141.516 121.143 106.191 94.1422 88.6795 127.694 87.0356 123.868 111.803 101.035 121.422 86.0042 85.8838 101.906
threshold=0 1 2 16.500000000000004 -184.99999999999997 25.500000000000004 1.7500000000000002 332.00000000000006 14.500000000000002 9.5000000000000018 12.500000000000002 2.5000000000000004 11.500000000000002 -594.99999999999989 82.200000000000003 1.7500000000000002 68.850000000000009 3 13.750000000000002 24.500000000000004 1.1666666666666667 23.500000000000004 21.500000000000004 4.5000000000000009 809.50000000000011 12.583333333333334 14.750000000000002 1.5000000000000002 4 12.500000000000002
decision_type=9 9 9 2 2 2 2 2 2 2 2 2 2 2 2 2 2 9 2 2 2 2 2 2 2 2 2 2 9 2
left_child=-1 -2 3 7 20 18 -7 13 10 -10 19 -12 -13 14 16 -16 -3 22 -6 -9 -5 -22 24 25 -4 -24 -27 -20 29 -25
right_child=1 2 17 4 5 6 -8 8 9 -11 11 12 -14 -15 15 -17 -18 -19 27 -21 21 -23 23 28 -26 26 -28 -29 -30 -31
leaf_value=2.9019567397980951e-07 -2.5097231985782289e-05 0.31000310428371836 0.0022763954109433992 -0.00074908979165577705 3.2119884427261884e-05 2.029497688886828e-05 -3.9273939319262043e-05 -0.045160009001089962 2.8063204573935964e-06 -0.010801518139283052 -2.5097231985782289e-05 -0.039635230182816672 0.0052371857826088337 -2.5097231985782289e-05 -0.00047387407539951633 0.0016101670672994395 -0.00063286847020362915 0.00020281520446667757 -3.6714563582229687e-05 0.43063115094612042 -0.05793363027636303 0.0020702022868654968 -0.00031140772885711603 0.049834252662556637 -0.0086767191670416473 0.054296180829366936 -0.0002294456330649286 -2.5632547115073123e-05 -0.001902768053107673 -0.0013622154032387091
leaf_weight=16643 15271 41 12283 1720 852 982 330 64 108 409 4611 97 102 1321 673 272 1631 317275 157 74 200 431 32116 1160 448 1974 3480 782 12117 2265
leaf_count=16643 15271 41 12283 1720 852 982 330 64 108 409 4611 97 102 1321 673 272 1631 317275 157 74 200 431 32116 1160 448 1974 3480 782 12117 2265
internal_value=-0.000765895 -0.00274019 -0.00096775 -0.0202966 0.000275028 0.0141315 0.0345274 -0.0322503 -0.0381427 -0.0089942 -0.0411884 -0.0427027 0.00175879 -0.0240731 -0.0309706 -0.0119048 -0.0417464 -0.000217682 -0.000809604 0.0115942 -0.0180136 -0.00198098 -0.00216923 -0.00305957 0.00154348 -0.00150652 0.00478548 -0.0124068 -0.00681379 0.000189229
internal_weight=429889 413246 397975 14857 5454 3103 1312 9403 5465 517 4948 4810 199 3938 2617 945 1672 383118 1791 138 2351 631 65843 53112 12731 37570 5454 939 15542 3425
internal_count=429889 413246 397975 14857 5454 3103 1312 9403 5465 517 4948 4810 199 3938 2617 945 1672 383118 1791 138 2351 631 65843 53112 12731 37570 5454 939 15542 3425
cat_boundaries=0 2 4 5 8 10
cat_threshold=2147483648 1049088 130 1077936128 33587200 402915344 268439586 6 134217728 34
is_linear=0
shrinkage=0.05


Tree=194
num_leaves=31
num_cat=5
split_feature=0 0 0 1 11 3 11 0 1 6 11 5 6 6 5 1 9 0 7 15 16 14 16 11 5 3 11 11 10 10
split_gain=16662.5 13881.9 2234.05 1221.54 401.657 324.22 233.833 329.673 225.211 220.109 186.35 225.424 193.369 167.58 160.484 150.186 142.567 116.198 113.952 110.483 99.4631 95.0214 94.6234 122.577 94.4142 86.9766 188.325 122.069 86.1491 392.161
threshold=0 1 2 17.500000000000004 -184.99999999999997 25.500000000000004 332.00000000000006 3 9.5000000000000018 1.7500000000000002 -594.99999999999989 82.200000000000003 1.7500000000000002 2.5000000000000004 68.850000000000009 11.500000000000002 3.5000000000000004 4 1.0000000180025095e-35 0.15833333333333335 18.583333333333339 89.500000000000014 20.416666666666668 -1264.9999999999998 82.700000000000003 23.500000000000004 245.00000000000003 301.50000000000006 30.500000000000004 29.500000000000004
decision_type=9 9 9 2 2 2 2 9 2 2 2 2 2 2 2 2 2 9 2 2 2 2 2 2 2 2 2 2 2 2
left_child=-1 2 3 6 22 20 10 8 -8 -7 11 14 24 -9 -2 -15 -10 18 21 -20 -6 -3 23 -5 -13 26 -12 -27 29 -19
right_child=1 17 -4 4 5 9 7 13 16 -11 25 12 -14 15 -16 -17 -18 28 19 -21 -22 -23 -24 -25 -26 27 -28 -29 -30 -31
leaf_value=2.7568589029414169e-07 0.30661497952842648 -0.00044789583871041039 -2.3842370386484293e-05 0.25592365689818158 -6.0043231072448581e-06 1.9280228044404881e-05 2.6660044345039327e-06 -2.3842370386484293e-05 0.38017108322742277 -0.00026610458161262506 0.00013979913914337062 0.49892871936828576 0.0015876074172635592 -0.037653468673675854 -0.00060122504669344332 0.0049753264934784269 -0.010261442232318885 8.2747126546989236e-05 -0.0033147844790710314 -0.12495383875217536 3.051389020591877e-05 0.050442059233703422 -0.00071163530207298822 -0.00059661464497655641 -0.00060232006922471553 -3.7310242353294504e-05 -2.3842370386484293e-05 5.5371179553453945e-06 -0.0034028866225559009 0.15772154070388691
leaf_weight=16643 47 46290 15271 282 1066 755 169 4513 74 252 355 46 290 97 1861 102 532 286194 1783 730 350 3407 690 1069 683 1041 387 196 38331 6383
leaf_count=16643 47 46290 15271 282 1066 755 169 4513 74 252 355 46 290 97 1861 102 532 286194 1783 730 350 3407 690 1069 683 1041 387 196 38331 6383
internal_value=-0.000807534 -0.0027835 -0.0354569 -0.021615 0.000246416 0.0140116 -0.0310257 -0.0381174 -0.00745223 0.0357001 -0.0230942 -0.0311069 -0.0121197 -0.0430538 -0.0412474 0.00175879 -0.0217822 -0.000213245 -0.00240521 -0.0127935 -0.00141243 -0.0018804 -0.0160951 -0.00840118 -0.0258573 -0.0112431 0.00229111 -0.0193614 0.000132661 0.000424675
internal_weight=429889 413246 30128 14857 4464 2423 10393 5487 775 1007 4906 2927 1019 4712 1908 199 606 383118 52210 2513 1416 49697 2041 1351 729 1979 742 1237 330908 292577
internal_count=429889 413246 30128 14857 4464 2423 10393 5487 775 1007 4906 2927 1019 4712 1908 199 606 383118 52210 2513 1416 49697 2041 1351 729 1979 742 1237 330908 292577
cat_boundaries=0 2 4 5 6 9
cat_threshold=2147483648 1049088 33587330 1077936128 33587200 33554432 402915344 4098 6
is_linear=0
shrinkage=0.05


Tree=195
num_leaves=31
num_cat=11
split_feature=0 0 0 1 11 3 6 11 3 11 11 5 6 5 12 12 0 1 0 1 0 1 0 0 0 6 5 0 5 0
split_gain=16603.4 13551.9 2260.48 1372.08 584.004 378.241 321.692 154.917 192.654 151.387 148.461 215.065 183.94 141.516 106.191 101.251 100.206 304.767 331.164 313.795 487.661 228.416 691.19 610.138 317.149 259.608 236.266 223.777 221.78 198.713
threshold=0 1 2 16.500000000000004 -184.99999999999997 25.500000000000004 1.7500000000000002 332.00000000000006 25.500000000000004 835.00000000000011 -594.99999999999989 82.200000000000003 1.7500000000000002 68.850000000000009 13.750000000000002 12.500000000000002 3 8.5000000000000018 4 11.500000000000002 5 18.500000000000004 6 7 8 1.7500000000000002 85.700000000000003 9 79.800000000000011 10
decision_type=9 9 9 2 2 2 2 2 2 2 2 2 2 2 2 2 9 2 9 2 9 2 9 9 9 2 2 9 2 9
left_child=-1 -2 3 7 -5 14 -7 10 9 15 11 13 -13 -3 -6 -9 17 18 -4 20 28 22 25 26 -24 -21 29 -25 -19 -23
right_child=1 2 16 4 5 6 -8 8 -10 -11 -12 12 -14 -15 -16 -17 -18 19 -20 21 -22 23 24 27 -26 -27 -28 -29 -30 -31
leaf_value=2.6190159578831641e-07 -2.2650251867162297e-05 0.27917220009311111 0.0076515870479437753 -0.00067605353696933437 2.8988195695633934e-05 1.8316216642189077e-05 -3.5444730235623111e-05 0.35678116729544129 -2.2650251867162297e-05 2.5327042127987198e-06 -2.2650251867162297e-05 -0.00042006436816830476 0.0014502783430712541 -0.00057116379435875333 -3.4578619247760403e-05 -2.2650251867162297e-05 -0.00041101366088680535 -0.10815894068000116 0.0014836966134913255 0.056124861390106598 0.0016878991754774475 -0.17185477106109481 -0.030916539736742445 0.11356602819020077 0.0043599136115786584 0.22333631610917865 -0.0039458947409297456 0.00042834685133428255 -0.021025968595678891 -0.044820583808767814
leaf_weight=16643 15271 41 1908 2351 852 982 330 138 2447 60 1321 673 272 1631 939 2820 186710 9509 8604 25511 21924 3767 8258 6370 55620 6848 7071 22657 9449 8912
leaf_count=16643 15271 41 1908 2351 852 982 330 138 2447 60 1321 673 272 1631 939 2820 186710 9509 8604 25511 21924 3767 8258 6370 55620 6848 7071 22657 9449 8912
internal_value=-0.000720535 -0.002693 -0.000918753 -0.0200478 -0.000110011 0.0141315 0.0345274 -0.0316335 -0.0370814 -0.0286282 -0.0240731 -0.0309706 -0.0119048 -0.0417464 -0.000809604 -0.0302231 -0.000176442 0.00061196 0.0088946 0.000143629 -0.00372536 0.00123436 0.00264711 -0.00155299 -0.000369396 0.00859928 -0.00832996 0.00305989 -0.00959511 -0.0124182
internal_weight=429889 413246 397975 14857 5454 3103 1312 9403 5465 3018 3938 2617 945 1672 1791 2958 383118 196408 10512 185896 40882 145014 96237 48777 63878 32359 19750 29027 18958 12679
internal_count=429889 413246 397975 14857 5454 3103 1312 9403 5465 3018 3938 2617 945 1672 1791 2958 383118 196408 10512 185896 40882 145014 96237 48777 63878 32359 19750 29027 18958 12679
cat_boundaries=0 2 4 5 8 10 12 14 16 18 20 22
cat_threshold=2147483648 1049088 130 1077936128 33587200 630726912 2721016009 8 536870912 36175872 612368384 2717992969 620756992 570507265 537927680 570638337 0 2621440 8912896 2883584 0 536952832
is_linear=0
shrinkage=0.05


Tree=196
num_leaves=31
num_cat=5
split_feature=0 0 0 1 11 3 6 11 3 11 11 5 6 5 16 6 12 6 1 3 9 3 0 9 5 0 1 3 2 6
split_gain=16623.8 13533.6 2336.11 1290.34 518.761 446.838 321.692 154.917 192.654 151.387 148.461 215.065 183.94 141.516 114.851 118.358 101.251 99.1689 150.186 103.911 95.3521 94.1422 92.2145 90.2331 88.5201 172.141 92.2867 87.6347 114.97 85.7193
threshold=0 1 2 16.500000000000004 -184.99999999999997 25.500000000000004 1.7500000000000002 332.00000000000006 25.500000000000004 835.00000000000011 -594.99999999999989 82.200000000000003 1.7500000000000002 68.850000000000009 14.958333333333334 1.4166666666666667 12.500000000000002 2.5000000000000004 11.500000000000002 19.500000000000004 17.500000000000004 24.500000000000004 3 1.5000000000000002 93.500000000000014 4 9.5000000000000018 21.500000000000004 4.5000000000000009 3.5000000000000004
decision_type=9 9 9 2 2 2 2 2 2 2 2 2 2 2 2 2 2 2 2 2 2 2 9 2 2 9 2 2 2 2
left_child=-1 -2 3 7 -5 14 -7 10 9 16 11 13 -13 -3 15 -6 21 19 -19 -18 -17 -9 27 -16 29 26 -26 -4 -29 -24
right_child=1 2 22 4 5 6 -8 8 -10 -11 -12 12 -14 -15 23 20 17 18 -20 -21 -22 -23 24 -25 25 -27 -28 28 -30 -31
leaf_value=2.4880651601222324e-07 -2.1517739273813066e-05 0.26521359008845558 0.0022055211153761078 -0.00064225086012088546 -1.874949881024435e-05 1.7400405810086286e-05 -3.3672493723857498e-05 -0.060328810540003455 -2.1517739273813066e-05 2.4060690021698861e-06 -2.1517739273813066e-05 -0.00039906114975987175 0.0013777644259176825 -0.00054260560464083343 -3.2849688285363501e-05 0.00054493508361468383 -2.1517739273813066e-05 -0.035769662727398725 0.0047276926813978552 -2.1517739273813066e-05 -0.12109824343757035 0.3912604017338206 4.089273030221108e-05 2.7538785910863341e-05 0.015121267660021155 0.0042749529404252588 -0.16082412753028397 -0.00026843219746774949 -0.0038091488754111503 0.14520915573288154
leaf_weight=16643 15271 41 9727 2351 983 982 330 64 2447 60 1321 673 272 1631 65 193 543 97 102 2078 46 74 329084 504 177 2048 1209 26538 11106 3229
leaf_count=16643 15271 41 9727 2351 983 982 330 64 2447 60 1321 673 272 1631 65 193 543 97 102 2078 46 74 329084 504 177 2048 1209 26538 11106 3229
internal_value=-0.000750543 -0.00272422 -0.000951167 -0.0203975 -0.00106344 0.012359 0.0345274 -0.0316335 -0.0370814 -0.0286282 -0.0240731 -0.0309706 -0.0119048 -0.0417464 -0.00388051 -0.0125205 -0.0302231 -0.0322695 0.00175879 -0.0348531 0.0190377 0.0115942 -0.00019654 0.0146749 9.48603e-05 -0.00789167 -0.0214183 -0.00226146 -0.00335512 0.000177393
internal_weight=429889 413246 397975 14857 5454 3103 1312 9403 5465 3018 3938 2617 945 1672 1791 1222 2958 2820 199 2621 239 138 383118 569 335747 3434 1386 47371 37644 332313
internal_count=429889 413246 397975 14857 5454 3103 1312 9403 5465 3018 3938 2617 945 1672 1791 1222 2958 2820 199 2621 239 138 383118 569 335747 3434 1386 47371 37644 332313
cat_boundaries=0 2 4 5 8 11
cat_threshold=2147483648 1049088 130 1077936128 33587200 402915328 4098 6 1678271748 2533367808 8
is_linear=0
shrinkage=0.05


Tree=197
num_leaves=31
num_cat=8
split_feature=0 0 0 1 11 3 6 0 11 11 10 6 5 1 11 11 5 16 6 16 14 11 0 14 15 0 1 0 5 0
split_gain=16620.7 13756.2 2305.54 1186.2 436.803 303.583 220.109 217.521 383.863 252.845 233.461 167.58 153.969 150.186 140.999 120.656 99.0947 89.4044 90.509 87.3814 101.215 85.8498 106.855 90.4363 296.479 175.914 205.381 160.813 120.759 199.844
threshold=0 1 2 17.500000000000004 -184.99999999999997 25.500000000000004 1.7500000000000002 3 332.00000000000006 785.00000000000011 14.500000000000002 2.5000000000000004 68.850000000000009 11.500000000000002 -594.99999999999989 245.00000000000003 87.15000000000002 18.583333333333339 1.4166666666666667 20.416666666666668 89.500000000000014 -1414.9999999999998 4 28.500000000000004 0.46666666666666673 5 17.500000000000004 6 84.250000000000014 7
decision_type=9 9 9 2 2 2 2 9 2 2 2 2 2 2 2 2 2 2 2 2 2 2 9 2 2 9 2 9 2 9
left_child=-1 2 3 7 19 17 -7 9 15 10 12 -10 -2 -13 16 -9 -14 18 -6 20 -5 22 -3 -23 -25 26 27 -26 29 -28
right_child=1 21 -4 4 5 6 -8 8 11 -11 -12 13 14 -15 -16 -17 -18 -19 -20 -21 -22 23 -24 24 25 -27 28 -29 -30 -31
leaf_value=2.3636619017608496e-07 0.26406494104292683 -0.10620698545044399 -2.044185231011575e-05 -0.0005008686928732242 -1.781202386972325e-05 1.6530385519564205e-05 -0.00024934349133403088 1.9708561169728969e-07 -2.044185231011575e-05 4.7411037698452675e-06 -0.00054097157432257963 -0.033981179591028803 -0.00051547532440880954 0.0044913080473279804 -0.0025415139304487246 -1.0390074045574238e-08 0.0012362858056608418 2.6161846615302409e-05 0.00024888846967212607 -0.00061013831711482786 0.42955769260270121 -0.00022511743231437011 -0.00086620500619503113 -0.05697579117494616 0.17638456465821728 -0.00022780381894591529 -0.14203376086415892 0.061066959059130357 0.050213299336059072 0.0089829233609621372
leaf_weight=16643 58 1416 15271 1173 873 755 252 154 4513 118 1555 97 1929 102 881 896 90 350 193 690 178 313663 3278 7406 6499 26921 1636 8147 6327 7825
leaf_count=16643 58 1416 15271 1173 873 755 252 154 4513 118 1555 97 1929 102 881 896 90 350 193 690 178 313663 3278 7406 6499 26921 1636 8147 6327 7825
internal_value=-0.00074589 -0.00271938 -0.0352445 -0.0211845 0.000358423 0.0147132 0.0357001 -0.030458 -0.0369889 -0.0222043 -0.0241414 -0.0431452 -0.0323867 0.00175879 -0.034 -0.00971429 -0.0412828 -0.000211864 -0.00741088 -0.016683 -0.00928942 -0.000160782 -0.00688112 -7.74264e-05 0.00162366 0.00283933 0.00544278 0.00970914 0.00148847 -0.00208752
internal_weight=429889 413246 30128 14857 4464 2423 1007 10393 5762 4631 4513 4712 2958 199 2900 1050 2019 1416 1066 2041 1351 383118 4694 378424 64761 57355 30434 14646 15788 9461
internal_count=429889 413246 30128 14857 4464 2423 1007 10393 5762 4631 4513 4712 2958 199 2900 1050 2019 1416 1066 2041 1351 383118 4694 378424 64761 57355 30434 14646 15788 9461
cat_boundaries=0 2 4 5 6 9 12 15 17
cat_threshold=2147483648 1049088 33587330 1077936128 33587200 33554432 1073762308 201342977 4 12612 858213546 15 8192 839074856 10 0 536952864
is_linear=0
shrinkage=0.05


Tree=198
num_leaves=31
num_cat=6
split_feature=0 0 0 1 11 3 6 0 11 11 10 6 5 1 11 11 5 16 6 16 14 10 3 1 5 11 0 11 0 11
split_gain=16594.9 13789.6 2305.54 1186.2 436.803 303.583 220.109 217.521 383.863 252.845 233.461 167.58 153.969 150.186 140.999 120.656 99.0947 89.4044 90.509 87.3814 101.215 83.9951 82.6628 86.0742 153.839 76.1355 697.862 100.18 500.952 254.22
threshold=0 1 2 17.500000000000004 -184.99999999999997 25.500000000000004 1.7500000000000002 3 332.00000000000006 785.00000000000011 14.500000000000002 2.5000000000000004 68.850000000000009 11.500000000000002 -594.99999999999989 245.00000000000003 87.15000000000002 18.583333333333339 1.4166666666666667 20.416666666666668 89.500000000000014 32.500000000000007 26.500000000000004 9.5000000000000018 77.450000000000017 813.00000000000011 4 725.00000000000011 5 693.00000000000011
decision_type=9 9 9 2 2 2 2 9 2 2 2 2 2 2 2 2 2 2 2 2 2 2 2 2 2 2 9 2 9 2
left_child=-1 2 3 7 19 17 -7 9 15 10 12 -10 -2 -13 16 -9 -14 18 -6 20 -5 -12 23 24 -16 27 -27 29 -29 -3
right_child=1 25 -4 4 5 6 -8 8 11 -11 21 13 14 -15 22 -17 -18 -19 -20 -21 -22 -23 -24 -25 -26 26 -28 28 -30 -31
leaf_value=2.2454788064507625e-07 0.25086169399078051 -2.0697268258684789e-05 -1.9419759694594421e-05 -0.00047582525822957859 -1.6921422676219321e-05 1.5703866243566012e-05 -0.00023687631676732048 1.8723133110576384e-07 -1.9419759694594421e-05 4.5040485813441227e-06 -0.00051392299560646391 -0.032282120611477352 -0.0004897015581883491 0.0042667426449615855 0.00026209327826567377 -9.8705703610590945e-09 0.0011744715153778175 2.485375428453729e-05 0.00023644404618852202 -0.00057963140125907311 0.40807980797256616 -0.00061841171565530934 -0.0024144382339263085 -0.0096190860246234688 -0.0024144382339263085 -0.018495498730935412 0.0039406743515714385 -0.0053514324791005931 0.010734783898089441 -0.070039318353481941
leaf_weight=16643 58 358067 15271 1173 873 755 252 154 4513 118 1323 97 1929 102 188 896 90 350 193 690 178 232 205 395 93 2162 2300 6503 8290 5796
leaf_count=16643 58 358067 15271 1173 873 755 252 154 4513 118 1323 97 1929 102 188 896 90 350 193 690 178 232 205 395 93 2162 2300 6503 8290 5796
internal_value=-0.000707973 -0.00267994 -0.0352445 -0.0211845 0.000358423 0.0147132 0.0357001 -0.030458 -0.0369889 -0.0222043 -0.0241414 -0.0431452 -0.0323867 0.00175879 -0.034 -0.00971429 -0.0412828 -0.000211864 -0.00741088 -0.016683 -0.00928942 -0.00845659 -0.0173099 -0.00887574 0.0122776 -0.000118237 -0.00661139 -4.17265e-05 0.00399175 -0.000205709
internal_weight=429889 413246 30128 14857 4464 2423 1007 10393 5762 4631 4513 4712 2958 199 2900 1050 2019 1416 1066 2041 1351 1555 881 676 281 383118 4462 378656 14793 363863
internal_count=429889 413246 30128 14857 4464 2423 1007 10393 5762 4631 4513 4712 2958 199 2900 1050 2019 1416 1066 2041 1351 1555 881 676 281 383118 4462 378656 14793 363863
cat_boundaries=0 2 4 5 6 9 12
cat_threshold=2147483648 1049088 33587330 1077936128 33587200 33554432 1427391552 436359513 14 1761689872 2449754200 3
is_linear=0
shrinkage=0.05


Tree=199
num_leaves=31
num_cat=6
split_feature=0 0 0 1 11 3 6 0 11 11 10 6 5 1 11 11 5 11 16 14 6 10 3 1 5 5 0 1 1 0
split_gain=16585.9 13851.9 2285.32 1155.36 416.377 325.456 220.109 217.521 383.863 252.845 233.461 167.58 153.969 150.186 140.999 120.656 99.0947 95.4886 87.3814 101.215 85.9853 83.9951 82.6628 86.0742 153.839 78.8762 168.415 86.3544 95.2872 96.8851
threshold=0 1 2 17.500000000000004 -184.99999999999997 25.500000000000004 1.7500000000000002 3 332.00000000000006 785.00000000000011 14.500000000000002 2.5000000000000004 68.850000000000009 11.500000000000002 -594.99999999999989 245.00000000000003 87.15000000000002 1.0000000180025095e-35 20.416666666666668 89.500000000000014 1.4166666666666667 32.500000000000007 26.500000000000004 9.5000000000000018 77.450000000000017 93.500000000000014 4 19.500000000000004 9.5000000000000018 5
decision_type=9 9 9 2 2 2 2 9 2 2 2 2 2 2 2 2 2 2 2 2 2 2 2 2 2 2 9 2 2 9
left_child=-1 2 3 7 18 17 -7 9 15 10 12 -10 -2 -13 16 -9 -14 -6 19 -5 -19 -12 23 24 -16 -3 -27 28 -28 -30
right_child=1 25 -4 4 5 6 -8 8 11 -11 21 13 14 -15 22 -17 -18 20 -20 -21 -22 -23 -24 -25 -26 26 27 -29 29 -31
leaf_value=2.1332048660838154e-07 0.23831860929124149 -1.4422426053339878e-05 -1.8448771709866918e-05 -0.00045203399531810188 2.3611066570294881e-05 1.491867293137439e-05 -0.00022503250092893446 1.778697645615779e-07 -1.8448771709866918e-05 4.2788461522835775e-06 -0.00048822684582612298 -0.030668014580903472 -0.00046521648027892938 0.0040534055127134927 0.00024898861435240782 -9.3770418541083707e-09 0.0011157479396089354 -4.4793694688127777e-06 -0.00055064983119610387 0.38767581757393788 0.00022462184387910257 -0.00058749112987253058 -0.0022937163222299882 -0.0091381317233922843 -0.0022937163222299882 0.024767756349471173 0.0072058213276903205 0.01575083061998055 -0.11335965550567942 -0.18445754520974936
leaf_weight=16643 58 379294 15271 1173 208 755 252 154 4513 118 1323 97 1929 102 188 896 90 1001 690 178 207 232 205 395 93 1327 306 485 843 863
leaf_count=16643 58 379294 15271 1173 208 755 252 154 4513 118 1323 97 1929 102 188 896 90 1001 690 178 207 232 205 395 93 1327 306 485 843 863
internal_value=-0.000694714 -0.00266614 -0.0353043 -0.0213056 -4.48029e-05 0.0139703 0.0357001 -0.030458 -0.0369889 -0.0222043 -0.0241414 -0.0431452 -0.0323867 0.00175879 -0.034 -0.00971429 -0.0412828 -0.00148305 -0.016683 -0.00928942 -0.00687086 -0.00845659 -0.0173099 -0.00887574 0.0122776 -9.86615e-05 -0.00724372 -0.0148584 -0.0194831 -0.0240914
internal_weight=429889 413246 30128 14857 4464 2423 1007 10393 5762 4631 4513 4712 2958 199 2900 1050 2019 1416 2041 1351 1208 1555 881 676 281 383118 3824 2497 2012 1706
internal_count=429889 413246 30128 14857 4464 2423 1007 10393 5762 4631 4513 4712 2958 199 2900 1050 2019 1416 2041 1351 1208 1555 881 676 281 383118 3824 2497 2012 1706
cat_boundaries=0 2 4 5 6 9 12
cat_threshold=2147483648 1049088 33587330 1077936128 33587200 33554432 1380416 539316553 1 75506704 134876336 12
is_linear=0
shrinkage=0.05


Tree=200
num_leaves=31
num_cat=7
split_feature=0 0 0 1 11 3 6 0 11 11 10 6 5 1 11 11 5 11 16 14 6 10 3 1 5 0 1 0 0 1
split_gain=16583.7 13854.8 2285.32 1155.36 416.377 325.456 220.109 217.521 383.863 252.845 233.461 167.58 153.969 150.186 140.999 120.656 99.0947 95.4886 87.3814 101.215 85.9853 83.9951 82.6628 86.0742 153.839 73.1429 182.605 431.426 157.86 148.78
threshold=0 1 2 17.500000000000004 -184.99999999999997 25.500000000000004 1.7500000000000002 3 332.00000000000006 785.00000000000011 14.500000000000002 2.5000000000000004 68.850000000000009 11.500000000000002 -594.99999999999989 245.00000000000003 87.15000000000002 1.0000000180025095e-35 20.416666666666668 89.500000000000014 1.4166666666666667 32.500000000000007 26.500000000000004 9.5000000000000018 77.450000000000017 4 8.5000000000000018 5 6 11.500000000000002
decision_type=9 9 9 2 2 2 2 9 2 2 2 2 2 2 2 2 2 2 2 2 2 2 2 2 2 9 2 9 9 2
left_child=-1 2 3 7 18 17 -7 9 15 10 12 -10 -2 -13 16 -9 -14 -6 19 -5 -19 -12 23 24 -16 26 27 -3 -29 -28
right_child=1 25 -4 4 5 6 -8 8 11 -11 21 13 14 -15 22 -17 -18 20 -20 -21 -22 -23 -24 -25 -26 -27 29 28 -30 -31
leaf_value=2.0265446227796248e-07 0.22640267882667944 -0.00058491712260431148 -1.7526333124351368e-05 -0.00042943229555221231 2.2430513241777918e-05 1.4172739284790126e-05 -0.00021378087588250772 1.6897627634904212e-07 -1.7526333124351368e-05 4.064903844680501e-06 -0.0004638155035348035 -0.029134613851858317 -0.00044195565626496962 0.0038507352370777959 0.00023653918363479855 -8.908189741418937e-09 0.0010599605426284686 -4.2554009953565952e-06 -0.00052311733963628093 0.36829202669524097 0.00021339075168516077 -0.00055811657337891953 -0.0021790305061184958 -0.0086812251372226697 -0.0021790305061184958 -0.00082120840177464245 -0.0021696741392116525 0.010718700522514358 0.0031615024215739143 0.00070289018875868692
leaf_weight=16643 58 4495 15271 1173 208 755 252 154 4513 118 1323 97 1929 102 188 896 90 1001 690 178 207 232 205 395 93 185913 40934 951 5162 145663
leaf_count=16643 58 4495 15271 1173 208 755 252 154 4513 118 1323 97 1929 102 188 896 90 1001 690 178 207 232 205 395 93 185913 40934 951 5162 145663
internal_value=-0.000691458 -0.00266276 -0.0353043 -0.0213056 -4.48029e-05 0.0139703 0.0357001 -0.030458 -0.0369889 -0.0222043 -0.0241414 -0.0431452 -0.0323867 0.00175879 -0.034 -0.00971429 -0.0412828 -0.00148305 -0.016683 -0.00928942 -0.00687086 -0.00845659 -0.0173099 -0.00887574 0.0122776 -9.50074e-05 0.000575768 0.00695701 0.0155888 0.000213026
internal_weight=429889 413246 30128 14857 4464 2423 1007 10393 5762 4631 4513 4712 2958 199 2900 1050 2019 1416 2041 1351 1208 1555 881 676 281 383118 197205 10608 6113 186597
internal_count=429889 413246 30128 14857 4464 2423 1007 10393 5762 4631 4513 4712 2958 199 2900 1050 2019 1416 2041 1351 1208 1555 881 676 281 383118 197205 10608 6113 186597
cat_boundaries=0 2 4 5 6 9 11 13
cat_threshold=2147483648 1049088 33587330 1077936128 33587200 33554432 555245840 2989451464 8 16793856 268781640 0 2621440
is_linear=0
shrinkage=0.05


Tree=201
num_leaves=31
num_cat=6
split_feature=0 0 0 1 11 3 6 0 11 11 10 6 5 1 11 11 5 11 16 14 6 10 3 1 5 11 0 11 0 11
split_gain=16577.4 13863 2285.32 1155.36 416.377 325.456 220.109 217.521 383.863 252.845 233.461 167.58 153.969 150.186 140.999 120.656 99.0947 95.4886 87.3814 101.215 85.9853 83.9951 82.6628 86.0742 153.839 75.3505 631.463 115.528 447.16 222.665
threshold=0 1 2 17.500000000000004 -184.99999999999997 25.500000000000004 1.7500000000000002 3 332.00000000000006 785.00000000000011 14.500000000000002 2.5000000000000004 68.850000000000009 11.500000000000002 -594.99999999999989 245.00000000000003 87.15000000000002 1.0000000180025095e-35 20.416666666666668 89.500000000000014 1.4166666666666667 32.500000000000007 26.500000000000004 9.5000000000000018 77.450000000000017 813.00000000000011 4 725.00000000000011 5 709.00000000000011
decision_type=9 9 9 2 2 2 2 9 2 2 2 2 2 2 2 2 2 2 2 2 2 2 2 2 2 2 9 2 9 2
left_child=-1 2 3 7 18 17 -7 9 15 10 12 -10 -2 -13 16 -9 -14 -6 19 -5 -19 -12 23 24 -16 27 -27 29 -29 -3
right_child=1 25 -4 4 5 6 -8 8 11 -11 21 13 14 -15 22 -17 -18 20 -20 -21 -22 -23 -24 -25 -26 26 -28 28 -30 -31
leaf_value=1.9252173917294614e-07 0.21508254488534551 -4.1368380751061201e-05 -1.6650016468133801e-05 -0.0004079606807746217 2.1308987579704565e-05 1.3464102320570604e-05 -0.00020309183208837568 1.6052746252270824e-07 -1.6650016468133801e-05 3.8616586524486964e-06 -0.00044062472835806334 -0.027677883159265407 -0.00041985787345173443 0.0036581984752238842 0.00022471222445306083 -8.4627802543479902e-09 0.0010069625154970564 -4.0426309455998679e-06 -0.00049696147265447803 0.34987742536047889 0.00020272121410092048 -0.00053021074470995801 -0.002070078980812573 -0.0082471638803615303 -0.002070078980812573 -0.017540756816955751 0.003452733827353205 -0.0072500076666848663 0.006664702573503334 -0.087452678775001944
leaf_weight=16643 58 360096 15271 1173 208 755 252 154 4513 118 1323 97 1929 102 188 896 90 1001 690 178 207 232 205 395 93 2162 2300 6642 8151 3767
leaf_count=16643 58 360096 15271 1173 208 755 252 154 4513 118 1323 97 1929 102 188 896 90 1001 690 178 207 232 205 395 93 2162 2300 6642 8151 3767
internal_value=-0.000682153 -0.00265308 -0.0353043 -0.0213056 -4.48029e-05 0.0139703 0.0357001 -0.030458 -0.0369889 -0.0222043 -0.0241414 -0.0431452 -0.0323867 0.00175879 -0.034 -0.00971429 -0.0412828 -0.00148305 -0.016683 -0.00928942 -0.00687086 -0.00845659 -0.0173099 -0.00887574 0.0122776 -8.4567e-05 -0.00654415 -8.45094e-06 0.00432299 -0.000184547
internal_weight=429889 413246 30128 14857 4464 2423 1007 10393 5762 4631 4513 4712 2958 199 2900 1050 2019 1416 2041 1351 1208 1555 881 676 281 383118 4462 378656 14793 363863
internal_count=429889 413246 30128 14857 4464 2423 1007 10393 5762 4631 4513 4712 2958 199 2900 1050 2019 1416 2041 1351 1208 1555 881 676 281 383118 4462 378656 14793 363863
cat_boundaries=0 2 4 5 6 9 12
cat_threshold=2147483648 1049088 33587330 1077936128 33587200 33554432 1427391552 436359513 14 1770078464 2449762392 3
is_linear=0
shrinkage=0.05


Tree=202
num_leaves=31
num_cat=9
split_feature=0 0 0 1 11 0 11 11 10 3 6 6 5 1 11 11 5 6 16 16 14 11 0 0 10 1 0 0 0 11
split_gain=16602.8 14064.5 2193.23 1018.41 328.516 217.521 383.863 252.845 233.461 201.667 195.846 167.58 153.969 150.186 140.999 120.656 99.0947 88.5042 119.908 87.3814 101.215 87.3438 588.883 104.039 83.9951 83.983 769.824 188.417 183.298 245.789
threshold=0 1 2 17.500000000000004 -184.99999999999997 3 332.00000000000006 785.00000000000011 14.500000000000002 26.500000000000004 1.7500000000000002 2.5000000000000004 68.850000000000009 11.500000000000002 -594.99999999999989 245.00000000000003 87.15000000000002 1.4166666666666667 14.958333333333334 20.416666666666668 89.500000000000014 813.00000000000011 4 5 32.500000000000007 9.5000000000000018 6 7 8 615.00000000000011
decision_type=9 9 9 2 2 9 2 2 2 2 2 2 2 2 2 2 2 2 2 2 2 2 9 9 2 2 9 9 9 2
left_child=-1 2 3 5 19 7 15 8 12 17 -11 -8 -2 -13 16 -7 -14 18 -6 20 -5 25 23 -23 -10 26 -3 -28 -27 -30
right_child=1 21 -4 4 9 6 11 -9 24 10 -12 13 14 -15 -16 -17 -18 -19 -20 -21 -22 22 -24 -25 -26 28 27 -29 29 -31
leaf_value=1.8289565222318062e-07 0.20432841764107829 0.0093206194344237943 -1.5817515644744874e-05 -0.00038756264673587285 -3.8404993983220949e-06 1.5250108940101372e-07 -1.5817515644744874e-05 3.6685757198284821e-06 -0.00041859349194015575 1.2790897204562058e-05 -0.00023137746502412961 -0.026293989001302132 -0.0003988649797791677 0.0034752885514627075 -0.0019665750317719335 -8.0396412194261309e-09 0.00095661438972221018 0.00028732274300296011 2.0243538200714897e-05 -0.00047211339902175631 0.33238355409245496 -0.0072993605029489043 0.0036791329114591598 -0.066045061928583323 -0.00050370020747445563 0.00056239227107366394 -0.008811336119009373 9.8758347445659936e-06 -0.0014791271091556979 -0.05529370158035718
leaf_weight=16643 58 13099 15271 1173 772 154 4513 118 1323 643 231 97 1929 102 881 896 90 286 491 690 178 1000 2263 1199 232 175696 8391 20145 150598 10727
leaf_count=16643 58 13099 15271 1173 772 154 4513 118 1323 643 231 97 1929 102 881 896 90 286 491 690 178 1000 2263 1199 232 175696 8391 20145 150598 10727
internal_value=-0.000719604 -0.00269204 -0.0355797 -0.0218639 -0.00190412 -0.030458 -0.0369889 -0.0222043 -0.0241414 0.0105448 0.0297483 -0.0431452 -0.0323867 0.00175879 -0.034 -0.00971429 -0.0412828 -0.00029051 -0.00597783 -0.016683 -0.00928942 -0.000104926 -0.00705961 -0.0254187 -0.00845659 -2.2976e-05 0.00209559 -0.00251174 -0.0002847 -0.00150153
internal_weight=429889 413246 30128 14857 4464 10393 5762 4631 4513 2423 874 4712 2958 199 2900 1050 2019 1549 1263 2041 1351 383118 4462 2199 1555 378656 41635 28536 337021 161325
internal_count=429889 413246 30128 14857 4464 10393 5762 4631 4513 2423 874 4712 2958 199 2900 1050 2019 1549 1263 2041 1351 383118 4462 2199 1555 378656 41635 28536 337021 161325
cat_boundaries=0 2 4 5 6 9 12 15 18 21
cat_threshold=2147483648 1049088 33587330 1077936128 33587200 33554432 1410614352 436359513 14 68419664 135425 12 286794752 2234060802 8 1610612800 268716288 4 1694581072 436619737 9
is_linear=0
shrinkage=0.05


Tree=203
num_leaves=31
num_cat=5
split_feature=0 0 0 1 11 0 11 11 10 3 6 6 16 1 5 1 11 9 9 6 16 16 14 10 5 9 3 0 9 9
split_gain=16577.4 14035.4 2217.46 1003.37 328.516 232.278 383.863 249.531 219.175 201.667 195.846 167.58 160.211 161.773 263.869 150.186 120.656 101.059 92.2376 88.5042 119.908 87.3814 101.215 83.9951 80.6934 77.9423 71.1577 492.424 236.874 237.677
threshold=0 1 2 17.500000000000004 -184.99999999999997 3 332.00000000000006 785.00000000000011 14.500000000000002 26.500000000000004 1.7500000000000002 2.5000000000000004 9.3750000000000018 9.5000000000000018 77.450000000000017 11.500000000000002 245.00000000000003 13.500000000000002 5.5000000000000009 1.4166666666666667 14.958333333333334 20.416666666666668 89.500000000000014 32.500000000000007 82.90000000000002 16.500000000000004 21.500000000000004 4 5.5000000000000009 16.500000000000004
decision_type=9 9 9 2 2 9 2 2 2 2 2 2 2 2 2 2 2 2 2 2 2 2 2 2 2 2 2 9 2 2
left_child=-1 2 3 5 21 7 16 8 12 19 -11 -8 13 14 -2 -13 -7 18 -14 20 -6 22 -5 -10 25 -21 27 28 -3 -30
right_child=1 26 -4 4 9 6 11 -9 23 10 -12 15 17 -15 -16 -17 -18 -19 -20 24 -22 -23 -24 -25 -26 -27 -28 -29 29 -31
leaf_value=1.737508696031398e-07 0.00031180536481900667 -0.00659095845199964 -1.5026639862503189e-05 -0.00036818451439906146 -3.6484744283971084e-06 1.4487603494650614e-07 -1.5026639862503189e-05 3.4851469338459396e-06 -0.00039766381734316351 1.2151352344336175e-05 -0.00021980859177292978 -0.02497928955123703 9.0478103157654029e-06 -0.00037892173079021599 -0.0018682462801833388 0.0033015241238895324 -7.6376591717775e-09 0.49534157157589187 -0.0073485073936488737 0.00037409644563322079 1.9231361290694694e-05 -0.00044850772907065742 0.31576437638783217 -0.00047851519710073731 -0.00041939034280891185 -0.0047313951346120934 -0.0001790766677137068 -0.0076992263945734329 0.10576536583754798 0.005662753723949799
leaf_weight=16643 221 9619 15271 1173 772 154 4513 118 1323 643 231 97 177 2007 274 102 896 75 204 195 491 690 178 232 32 59 303995 39947 18676 10881
leaf_count=16643 221 9619 15271 1173 772 154 4513 118 1323 643 231 97 177 2007 274 102 896 75 204 195 491 690 178 232 32 59 303995 39947 18676 10881
internal_value=-0.000682153 -0.00265308 -0.0355067 -0.0217159 -0.00190412 -0.0302463 -0.0369889 -0.0217302 -0.0236539 0.0105448 0.0297483 -0.0431452 -0.031643 -0.0366107 -0.0110101 0.00175879 -0.00971429 -0.00438596 -0.0148294 -0.00029051 -0.00597783 -0.016683 -0.00928942 -0.00845659 0.0248252 0.034252 -6.86455e-05 0.00126701 0.00524932 0.00746862
internal_weight=429889 413246 30128 14857 4464 10393 5762 4631 4513 2423 874 4712 2958 2502 495 199 1050 456 381 1549 1263 2041 1351 1555 286 254 383118 79123 39176 29557
internal_count=429889 413246 30128 14857 4464 10393 5762 4631 4513 2423 874 4712 2958 2502 495 199 1050 456 381 1549 1263 2041 1351 1555 286 254 383118 79123 39176 29557
cat_boundaries=0 2 4 5 6 9
cat_threshold=2147483648 1049088 33587330 1077936128 33587200 33554432 278212676 788805688 10
is_linear=0
shrinkage=0.05


Tree=204
num_leaves=31
num_cat=4
split_feature=0 0 0 11 0 11 10 16 11 6 9 6 10 1 16 6 11 3 1 5 1 16 11 15 14 6 1 9 5 14
split_gain=16600.6 13953.9 1290.58 1757.36 935.584 225.98 210.914 222.413 209.946 167.58 166.288 209.949 161.747 150.186 136.462 134.61 199.228 130.225 119.692 263.869 139.591 94.6073 90.0985 78.198 76.8293 71.3225 80.323 76.1212 77.4069 70.5399
threshold=0 1 2 245.00000000000003 3 785.00000000000011 14.500000000000002 9.3750000000000018 332.00000000000006 2.5000000000000004 21.500000000000004 1.7500000000000002 18.500000000000004 11.500000000000002 13.100000000000001 1.7500000000000002 1.0000000180025095e-35 24.500000000000004 9.5000000000000018 77.450000000000017 19.500000000000004 18.083333333333339 125.00000000000001 5.6750000000000016 49.000000000000007 1.4166666666666667 17.500000000000004 16.500000000000004 82.90000000000002 89.500000000000014
decision_type=9 9 9 2 9 2 2 2 2 2 2 2 2 2 2 2 2 2 2 2 2 2 2 2 2 2 2 2 2 2
left_child=-1 2 3 10 5 6 7 18 -5 -10 21 -12 -8 -11 22 16 -14 24 19 -3 -20 23 -9 25 -18 26 -2 28 -27 -16
right_child=1 4 -4 8 -6 -7 12 14 9 13 11 -13 15 -15 29 -17 17 -19 20 -21 -22 -23 -24 -25 -26 27 -28 -29 -30 -31
leaf_value=1.6506332611854191e-07 1.3763223321028307e-07 0.00029621509657804527 -1.4275307869393573e-05 -7.2557762020863947e-09 -4.7480804384325559e-05 3.3108895871603039e-06 0.43372970336630828 0.39974143698976022 -1.4275307869393573e-05 -0.023730325073675163 1.1543784727141572e-05 -0.00020881816218429883 -0.00094942875083146036 0.0031364479176950511 -0.0042371079941608157 0.0017678026114403167 0.00054162500845436059 0.48572641673157185 -0.00035997564425072071 -0.0017748339661741498 -0.00043500671580107845 1.8269793226144417e-05 -0.0069763974851070115 1.3165345895904679e-05 -0.0099011356521551807 0.0071426304049537316 -3.4660507069794736e-06 -0.23593853626670738 -0.00039842082566847741 0.00022433348240302742
leaf_weight=16643 96 221 15271 896 383118 118 455 205 4513 97 610 231 1166 102 674 304 246 131 2391 274 228 355 162 146 95 122 654 33 23 309
leaf_count=16643 96 221 15271 896 383118 118 455 205 4513 97 610 231 1166 102 674 304 246 131 2391 274 228 355 162 146 95 122 654 33 23 309
internal_value=-0.000716348 -0.00268865 -0.0403968 -0.0238717 -0.000450005 -0.0185792 -0.0197857 -0.0262097 -0.0389265 -0.0431452 0.0132159 0.0308561 -0.00782228 0.00175879 -0.00925926 -0.0141092 -0.0197802 0.00762712 -0.0335581 -0.0110101 -0.0378198 0.00283415 0.0167575 -0.00456238 -0.00865103 -0.00991379 -0.0166667 0.0185393 0.0341379 -0.0189725
internal_weight=429889 413246 23149 7878 390097 6979 6861 4464 5608 4712 2270 841 2397 199 1350 1942 1638 472 3114 495 2619 1429 367 1074 341 928 750 178 145 983
internal_count=429889 413246 23149 7878 390097 6979 6861 4464 5608 4712 2270 841 2397 199 1350 1942 1638 472 3114 495 2619 1429 367 1074 341 928 750 178 145 983
cat_boundaries=0 2 4 5 6
cat_threshold=2147483648 1049088 32898 1077936128 32768 33554432
is_linear=0
shrinkage=0.05


Tree=205
num_leaves=31
num_cat=5
split_feature=0 0 0 1 11 3 0 11 11 6 16 3 6 5 6 1 1 9 3 11 11 16 14 2 10 9 5 0 1 1
split_gain=16603.6 14021 2209.73 1026.41 312.718 236.571 229.391 370.853 275.574 207.277 184.98 168.822 167.58 165.084 160.847 150.186 124.343 140.252 133.053 103.405 101.83 94.0089 128.968 86.8575 82.5782 80.7505 70.214 170.059 75.0293 95.7122
threshold=0 1 2 17.500000000000004 -184.99999999999997 25.500000000000004 3 332.00000000000006 -594.99999999999989 1.7500000000000002 9.4833333333333361 25.500000000000004 2.5000000000000004 84.250000000000014 1.7500000000000002 11.500000000000002 9.5000000000000018 3.5000000000000004 22.500000000000004 1.0000000180025095e-35 245.00000000000003 20.416666666666668 59.500000000000007 1.5000000000000002 3.5000000000000004 13.500000000000002 93.500000000000014 4 9.5000000000000018 19.500000000000004
decision_type=9 9 9 2 2 2 9 2 2 2 2 2 2 2 2 2 2 2 2 2 2 2 2 2 2 2 2 9 2 2
left_child=-1 2 3 6 21 19 8 20 10 24 13 16 -9 -2 -15 -14 18 -18 -10 -6 -8 22 -5 -12 -7 -21 -3 28 -28 -30
right_child=1 26 -4 4 5 9 7 12 11 -11 23 -13 15 14 -16 -17 17 -19 -20 25 -22 -23 -24 -25 -26 -27 27 -29 29 -31
leaf_value=1.5681015979041036e-07 -0.0003419768620381625 -2.0538015539051103e-05 -1.3561542475937217e-05 -0.00037398064972404832 1.7356303564852737e-05 1.6321021423237882e-09 1.3075062152978489e-07 -1.3561542475937217e-05 0.0002742679072118559 -0.00015993702953491786 -0.0091147834373880975 -0.0016860922678654244 -0.022543808819991407 -0.00033030918893444121 0.0016747279420088912 0.0029796255218102808 0.44041481877334543 -0.0076995320660028458 -0.0028408764971506353 -1.5720300075372508e-05 -6.8929873808798452e-09 -0.00037861090507553821 0.28368850499013326 0.37975436514027217 1.0966595490780052e-05 0.0059149706865318846 0.014683906452808194 0.0048547589560886013 -0.17880719938506698 0.0017332431685863183
leaf_weight=16643 1930 379294 15271 1040 208 115 154 4513 282 252 182 481 97 394 169 102 110 617 214 771 896 690 311 252 640 437 177 2456 914 277
leaf_count=16643 1930 379294 15271 1040 208 115 154 4513 282 252 182 481 97 394 169 102 110 617 214 771 896 690 311 252 640 437 177 2456 914 277
internal_value=-0.000720767 -0.00269325 -0.0355299 -0.021763 -0.00172491 0.010421 -0.0303906 -0.0370929 -0.0219242 0.0289474 -0.0312778 -0.00598592 -0.0431452 -0.0365223 -0.0126998 0.00175879 0.00388389 -0.00928473 0.0231855 -0.00275424 -0.0102857 -0.016144 -0.0084752 -0.00115207 0.042053 -0.00836093 -0.000110146 -0.00685146 -0.0208999 -0.0255668
internal_weight=429889 413246 30128 14857 4464 2423 10393 5762 4631 1007 2927 1704 4712 2493 563 199 1223 727 496 1416 1050 2041 1351 434 755 1208 383118 3824 1368 1191
internal_count=429889 413246 30128 14857 4464 2423 10393 5762 4631 1007 2927 1704 4712 2493 563 199 1223 727 496 1416 1050 2041 1351 434 755 1208 383118 3824 1368 1191
cat_boundaries=0 2 4 5 6 9
cat_threshold=2147483648 1049088 33587330 1077936128 33587200 33554432 1879598340 2533367808 8
is_linear=0
shrinkage=0.05


Tree=206
num_leaves=31
num_cat=6
split_feature=0 0 0 1 11 3 11 0 11 6 5 16 6 1 9 3 16 3 11 11 10 10 14 9 6 6 0 3 0 2
split_gain=16623.3 14397.2 2057.02 1029.54 323.984 254.829 251.024 255.642 217.434 207.277 186.486 168.499 167.58 150.186 135.912 117.926 116.914 107.558 155.186 122.069 82.5782 81.9029 79.8895 78.826 72.9183 70.0081 199.756 68.2398 233.904 90.0284
threshold=0 1 2 17.500000000000004 -184.99999999999997 25.500000000000004 332.00000000000006 3 -594.99999999999989 1.7500000000000002 86.850000000000009 11.91666666666667 2.5000000000000004 11.500000000000002 3.5000000000000004 31.500000000000004 14.958333333333334 23.500000000000004 245.00000000000003 301.50000000000006 3.5000000000000004 2.5000000000000004 115.00000000000001 21.500000000000004 2.5000000000000004 3.5000000000000004 4 18.500000000000004 5 1.0000000180025095e-35
decision_type=9 9 9 2 2 2 2 9 2 2 2 2 2 2 2 2 2 2 2 2 2 2 2 2 2 2 9 2 9 2
left_child=-1 2 3 6 21 16 8 14 10 20 11 15 -9 -14 -8 -2 23 18 24 -19 -7 -5 -23 -6 -10 27 -27 28 -3 -29
right_child=1 25 -4 4 5 9 7 12 17 -11 -12 -13 13 -15 -16 -17 -18 19 -20 -21 -22 22 -24 -25 -26 26 -28 29 -30 -31
leaf_value=1.4896965181421253e-07 -0.00032487801893625883 0.15271978124492983 -1.2883465352153679e-05 0.0029478104573869238 -2.8757005539947755e-05 1.5504970196644764e-09 0.34771629558325512 -1.2883465352153679e-05 0.00026769094638852132 -0.00015194017805817417 -0.00028611382020855559 0.00069347576135352367 -0.02141661837899185 0.0028306442457197711 -0.0063842500209582379 0.0015909915449084267 1.648848838660122e-05 -3.1985027301617563e-05 -2.0438010574119759e-05 7.4725033506251041e-06 1.0418265716261034e-05 -0.00039455734752484877 0.2855380147540853 0.2496606209370289 -0.037226026829442649 0.31728198797500157 -0.01297371914598644 -0.002280200210806349 -0.012870172295458905 4.9551663668401248e-05
leaf_weight=16643 2222 1351 15271 299 848 115 94 4513 315 252 433 225 97 102 681 47 515 1041 387 196 640 1567 175 53 40 1541 2134 55043 1492 321557
leaf_count=16643 2222 1351 15271 299 848 115 94 4513 315 252 433 225 97 102 681 47 515 1041 387 196 640 1567 175 53 40 1541 2134 55043 1492 321557
internal_value=-0.000749845 -0.00272349 -0.0359977 -0.0227114 -0.00264337 0.00971936 -0.0313528 -0.0387006 -0.0231349 0.0289474 -0.0317902 -0.0370489 -0.0430538 0.00175879 -0.0115287 -0.0411415 -0.0039548 -0.0103335 0.00471698 -0.0193614 0.042053 -0.0173199 -0.0214696 -0.0148169 0.0285915 -0.00010597 0.0067619 -0.00017249 0.00754485 -0.000230749
internal_weight=429889 413246 30128 14857 4464 2423 10393 5487 4906 1007 2927 2494 4712 199 775 2269 1416 1979 742 1237 755 2041 1742 901 355 383118 3675 379443 2843 376600
internal_count=429889 413246 30128 14857 4464 2423 10393 5487 4906 1007 2927 2494 4712 199 775 2269 1416 1979 742 1237 755 2041 1742 901 355 383118 3675 379443 2843 376600
cat_boundaries=0 2 4 5 6 9 12
cat_threshold=2147483648 1049088 33587330 1077936128 33587200 33554432 277165072 807749720 5 877632 990650744 9
is_linear=0
shrinkage=0.05


Tree=207
num_leaves=31
num_cat=5
split_feature=0 0 0 1 11 3 6 0 11 11 5 3 6 1 16 16 1 3 9 3 3 9 16 1 9 14 16 15 0 15
split_gain=16567.3 13682.4 2363.31 1201.98 350.196 382.044 307.68 292.391 275.886 242.196 202.056 177.865 167.58 150.186 144.939 131.114 113.957 133.053 129.305 108.695 98.6138 90.2331 81.2521 131.329 79.3963 91.0997 76.0718 68.7386 186.31 100.11
threshold=0 1 2 16.500000000000004 -184.99999999999997 25.500000000000004 1.7500000000000002 3 -594.99999999999989 332.00000000000006 86.850000000000009 25.500000000000004 2.5000000000000004 11.500000000000002 14.958333333333334 11.91666666666667 9.5000000000000018 22.500000000000004 3.5000000000000004 25.500000000000004 31.500000000000004 1.5000000000000002 20.416666666666668 18.500000000000004 45.500000000000007 89.500000000000014 11.91666666666667 8.5250000000000021 4 0.46666666666666673
decision_type=9 9 9 2 2 2 2 9 2 2 2 2 2 2 2 2 2 2 2 2 2 2 2 2 2 2 2 2 9 2
left_child=-1 2 3 7 22 14 -7 8 10 19 15 16 -11 -14 -6 20 17 -10 -18 -9 -2 -16 23 26 25 -25 -5 29 -29 -3
right_child=1 27 -4 4 5 6 -8 9 11 12 -12 -13 13 -15 21 -17 18 -19 -20 -21 -22 -23 -24 24 -26 -27 -28 28 -30 -31
leaf_value=1.4152116918353387e-07 -0.00030863411798942586 -0.00019805144100208951 -1.2239292084537113e-05 -0.00043399835545310239 -1.8215908637664314e-05 9.8973524304657452e-06 -3.038577593654779e-05 -1.9416110045433756e-05 0.00030618911257733754 -1.2239292084537113e-05 -0.00027180812919813668 -0.0016001884031070725 -0.020345787460042255 0.0026891120334338048 -3.0670513328079353e-05 0.00078878694324839853 0.41839156184149523 -0.002697233420928047 -0.0069953429616548051 7.0988781831093918e-06 0.0015114419676629965 0.00015132134344417736 -0.00033995249244553886 -0.00086353041342746018 0.0074220268191365962 0.27163599008642175 0.00012995112989293568 -0.076522137045683364 0.00036272146988651781 0.0028622915738509614
leaf_weight=16643 1992 267844 15271 475 1222 982 330 301 282 4513 421 481 97 102 65 163 96 214 546 154 41 504 690 725 207 113 141 4835 9777 100662
leaf_count=16643 1992 267844 15271 475 1222 982 330 301 282 4513 421 481 97 102 65 163 96 214 546 154 41 504 690 725 207 113 141 4835 9777 100662
internal_value=-0.000667265 -0.00263759 -0.0350753 -0.0208415 -0.00218188 0.00884628 0.0293445 -0.0316867 -0.0217617 -0.0397045 -0.0318494 -0.00558987 -0.0431452 0.00175879 -0.00616974 -0.0379326 0.00518453 0.0231855 -0.00872274 -0.00494505 -0.041392 0.0146749 -0.0167376 -0.0107465 4.78469e-05 -0.00680191 -0.0290584 -8.58721e-05 -0.00344922 4.74891e-05
internal_weight=429889 413246 30128 14857 5454 3103 1312 9403 4236 5167 2617 1619 4712 199 1791 2196 1138 496 642 455 2033 569 2351 1661 1045 838 616 383118 14612 368506
internal_count=429889 413246 30128 14857 5454 3103 1312 9403 4236 5167 2617 1619 4712 199 1791 2196 1138 496 642 455 2033 569 2351 1661 1045 838 616 383118 14612 368506
cat_boundaries=0 2 4 5 6 9
cat_threshold=2147483648 1049088 33587330 1077936128 33587200 33554432 1073754180 134304832 6
is_linear=0
shrinkage=0.05


Tree=208
num_leaves=31
num_cat=4
split_feature=0 0 0 11 0 3 6 11 5 6 1 5 16 6 10 12 1 3 5 2 1 5 11 16 3 16 1 14 15 3
split_gain=16574.3 13808.5 1364.37 1864.99 959.372 476.043 333.801 268.962 181.025 167.58 150.186 140.641 137.246 133.661 133.569 132.894 175.886 104.745 88.7615 89.0866 88.2684 251.76 129.552 156.046 139.533 76.9507 72.6113 92.3826 70.3652 68.9391
threshold=0 1 2 332.00000000000006 3 25.500000000000004 1.7500000000000002 1.0000000180025095e-35 86.250000000000014 2.5000000000000004 11.500000000000002 68.850000000000009 16.916666666666668 1.7500000000000002 3.5000000000000004 14.500000000000002 9.5000000000000018 26.500000000000004 82.200000000000003 3.5000000000000004 9.5000000000000018 76.950000000000017 -1124.9999999999998 11.91666666666667 31.500000000000004 20.416666666666668 17.500000000000004 29.500000000000004 3.1583333333333337 26.500000000000004
decision_type=9 9 9 2 9 2 2 2 2 2 2 2 2 2 2 2 2 2 2 2 2 2 2 2 2 2 2 2 2 2
left_child=-1 2 3 5 7 12 14 8 11 -5 -11 -3 18 17 26 -9 -17 -10 19 -2 21 29 25 24 -24 -22 -7 -28 -19 -13
right_child=1 4 -4 9 -6 6 -8 15 13 10 -12 20 -14 -15 -16 16 -18 28 -20 -21 22 -23 23 -25 -26 -27 27 -29 -30 -31
leaf_value=1.3444511068883002e-07 -1.5808745903456157e-07 0.19419771607772474 -1.1627327480301376e-05 -1.1627327480301376e-05 -3.2327235969553668e-05 1.0978354055612983e-06 -2.8866487139733721e-05 0.0016452378951604008 0.47777234634188731 -0.019328498087040159 0.0025546564317621371 0.00023899694344025059 8.0979967950867156e-06 0.0049645177446220323 9.4024848089624413e-06 0.00029333499516623899 -0.0066455758135720803 -0.00062056926316818035 -1.8445304543179832e-05 -1.8445304543179832e-05 -0.00038960722459286946 -0.0015201789829517144 -0.0002932024120899435 0.0001234535733982689 0.0014358698692798378 -0.0048674511277772671 -2.1149558180777463e-06 0.24999713455241024 0.062342743216690533 -0.0017327340183395101
leaf_weight=16643 658 86 15271 4513 383118 50 368 412 125 97 102 178 325 503 933 108 683 767 228 489 716 303 2275 222 52 469 83 32 58 22
leaf_count=16643 658 86 15271 4513 383118 50 368 412 125 97 102 178 325 503 933 108 683 767 228 489 716 303 2275 222 52 469 83 32 58 22
internal_value=-0.0006775 -0.00264824 -0.0401593 -0.0231744 -0.000421295 0.00647505 0.0273533 -0.0187795 -0.023286 -0.0431452 0.00175879 -0.0284178 -0.0115294 -0.00801789 0.0411658 0.00270158 -0.00929204 -0.0190526 -0.0184364 -0.0127724 -0.0297026 -0.0100398 -0.0323514 -0.0387015 -0.0425226 -0.018692 -0.00030303 -0.0221739 -0.0255152 0.0335
internal_weight=429889 413246 23149 7878 390097 3166 1466 6979 5776 4712 199 4323 1700 1453 1098 1203 791 950 1375 1147 4237 503 3734 2549 2327 1185 165 115 825 200
internal_count=429889 413246 23149 7878 390097 3166 1466 6979 5776 4712 199 4323 1700 1453 1098 1203 791 950 1375 1147 4237 503 3734 2549 2327 1185 165 115 825 200
cat_boundaries=0 2 4 5 6
cat_threshold=2147483648 1049088 32898 1077936128 32768 33554432
is_linear=0
shrinkage=0.05


Tree=209
num_leaves=31
num_cat=5
split_feature=0 0 0 11 0 3 6 11 16 10 1 10 6 1 5 1 9 11 16 1 3 14 6 3 10 5 9 2 5 0
split_gain=16550.6 13660.7 1440.2 1997.87 830.478 363.904 319.591 218.77 194.535 219.095 180.334 180.178 167.58 161.525 263.869 150.186 145.837 159.2 102.244 97.1383 75.5503 67.0487 65.153 100.009 79.148 94.2263 94.2215 77.7476 63.2841 156.011
threshold=0 1 2 332.00000000000006 3 25.500000000000004 1.7500000000000002 785.00000000000011 9.3750000000000018 14.500000000000002 18.500000000000004 3.5000000000000004 2.5000000000000004 9.5000000000000018 77.450000000000017 11.500000000000002 45.500000000000007 1.0000000180025095e-35 16.916666666666668 17.500000000000004 24.500000000000004 19.000000000000004 2.5000000000000004 21.500000000000004 31.500000000000004 72.40000000000002 20.500000000000004 1.5000000000000002 93.500000000000014 4
decision_type=9 9 9 2 9 2 2 2 2 2 2 2 2 2 2 2 2 2 2 2 2 2 2 2 2 2 2 2 2 9
left_child=-1 2 3 5 7 18 11 8 9 10 13 19 -5 14 -3 -14 17 -11 22 -7 -19 -8 23 24 25 26 -2 -24 -6 -30
right_child=1 4 -4 12 28 6 21 -9 -10 16 -12 -13 15 -15 -16 -17 -18 20 -20 -21 -22 -23 27 -25 -26 -27 -28 -29 29 -31
leaf_value=1.2772285513662497e-07 -1.8437400170245868e-05 0.00022704709626824028 -1.1045961106281866e-05 -1.1045961106281866e-05 -1.0469764096932012e-05 1.0429436352765719e-06 -3.8446781544276837e-05 0.00027866824540794254 -0.00029192640466488843 -0.00078932542959768708 -0.00033503080455961066 8.9323605685365237e-06 -0.018362073182688166 -0.00027854229148545074 -0.0014441700338041485 0.0024269236101740256 0.47018320460651331 5.2150448355359208e-05 7.6930969553412613e-06 -2.0092080271538747e-06 0.41860225552143543 0.23732017921945836 -0.22443500143761685 -2.5486094603932587e-05 -0.00030736635363575186 0.18372640824103581 0.24969171928551004 0.0073789250579762823 -0.13129046229823693 -0.0029227243306358289
leaf_weight=16643 157 221 15271 4513 379294 50 220 118 2082 1218 422 933 97 2197 274 102 109 224 325 115 114 148 26 629 92 327 67 77 869 2955
leaf_count=16643 157 221 15271 4513 379294 50 220 118 2082 1218 422 933 97 2197 274 102 109 224 325 115 114 148 26 629 92 327 67 77 869 2955
internal_value=-0.000642608 -0.00261194 -0.0399218 -0.0224772 -0.000396942 0.00821226 0.0264666 -0.0174775 -0.0186635 -0.0242205 -0.0320488 0.0399818 -0.0431452 -0.0368128 -0.0110101 0.00175879 -0.00957958 -0.0134961 -0.00752941 -0.00818182 0.0168639 -0.0138587 -0.0134909 -0.0165881 -0.00272162 0.00444646 -0.0205357 0.0247573 -8.53501e-05 -0.00648536
internal_weight=429889 413246 23149 7878 390097 3166 1466 6979 6861 4779 3114 1098 4712 2692 495 199 1665 1556 1700 165 338 368 1375 1272 643 551 224 103 383118 3824
internal_count=429889 413246 23149 7878 390097 3166 1466 6979 6861 4779 3114 1098 4712 2692 495 199 1665 1556 1700 165 338 368 1375 1272 643 551 224 103 383118 3824
cat_boundaries=0 2 4 5 6 9
cat_threshold=2147483648 1049088 32898 1077936128 32768 33554432 805323012 2432704512 8
is_linear=0
shrinkage=0.05


Tree=210
num_leaves=31
num_cat=6
split_feature=0 0 0 11 0 3 6 11 16 10 1 10 6 1 5 1 11 9 9 6 1 16 11 3 5 0 1 11 0 5
split_gain=16551.3 13751.9 1399.96 1927.24 840.873 392.819 329.342 219.421 197.66 210.973 180.334 180.178 167.58 161.525 263.869 150.186 122.422 152.987 120.48 119.171 97.1383 88.9728 77.9153 75.5503 63.3173 290.375 237.997 143.552 98.5677 90.9174
threshold=0 1 2 332.00000000000006 3 25.500000000000004 1.7500000000000002 785.00000000000011 9.3750000000000018 14.500000000000002 18.500000000000004 3.5000000000000004 2.5000000000000004 9.5000000000000018 77.450000000000017 11.500000000000002 1.0000000180025095e-35 45.500000000000007 6.5000000000000009 0.83333333333333337 17.500000000000004 15.066666666666668 1.0000000180025095e-35 24.500000000000004 68.40000000000002 4 9.5000000000000018 -604.99999999999989 5 71.15000000000002
decision_type=9 9 9 2 9 2 2 2 2 2 2 2 2 2 2 2 2 2 2 2 2 2 2 2 2 9 2 2 9 2
left_child=-1 2 3 5 7 18 11 8 9 10 13 20 -5 14 -3 -14 17 -11 22 -20 -7 -21 -2 -18 25 26 -6 -28 -27 -26
right_child=1 4 -4 12 24 6 -8 -9 -10 16 -12 -13 15 -15 -16 -17 23 -19 19 21 -22 -23 -24 -25 29 28 27 -29 -30 -31
leaf_value=1.2133671241087997e-07 7.3084421075897413e-06 0.00021569474145484159 -1.0493663050947788e-05 -1.0493663050947788e-05 0.02531653543150816 9.9079645350386163e-07 -2.550082370551543e-05 0.00026473483313753653 -0.00027733008443164842 -0.00074985915811778272 -0.00031827926433163349 8.4857425401096972e-06 -0.01744396952355376 -0.00026461517691118709 -0.0013719615321139411 0.0023055774296652843 4.9542925937595689e-05 0.44667404437618763 -1.6248734585833091e-05 -2.2652747315277113e-06 -1.9087476257784177e-06 0.00024329043245256978 -2.4564224595424734e-05 0.39767214274536372 0.024571469650665635 0.086905889130284741 -0.059344272497048149 -0.18650370436379682 -0.0016944997073407909 -7.8858967127759533e-05
leaf_weight=16643 29 221 15271 4513 306 50 368 118 2082 1218 422 933 97 2197 274 102 224 109 131 829 115 236 475 114 18838 763 1069 1335 3729 357078
leaf_count=16643 29 221 15271 4513 306 50 368 118 2082 1218 422 933 97 2197 274 102 224 109 131 829 115 236 475 114 18838 763 1069 1335 3729 357078
internal_value=-0.000643538 -0.00261291 -0.0400471 -0.0228448 -0.000390534 0.00729627 0.0262619 -0.0175776 -0.0187655 -0.024367 -0.0320488 0.0399818 -0.0431452 -0.0368128 -0.0110101 0.00175879 -0.01 -0.0168425 -0.00905882 -0.00041806 -0.00818182 0.00511737 -0.0295635 0.0168639 -7.69978e-05 -0.00472091 -0.0176103 -0.0229617 0.00308752 1.19708e-05
internal_weight=429889 413246 23149 7878 390097 3166 1466 6979 6861 4779 3114 1098 4712 2692 495 199 1665 1327 1700 1196 165 1065 504 338 383118 7202 2710 2404 4492 375916
internal_count=429889 413246 23149 7878 390097 3166 1466 6979 6861 4779 3114 1098 4712 2692 495 199 1665 1327 1700 1196 165 1065 504 338 383118 7202 2710 2404 4492 375916
cat_boundaries=0 2 4 5 6 9 11
cat_threshold=2147483648 1049088 32898 1077936128 32768 33554432 956330240 17384705 12 787456 2147745792
is_linear=0
shrinkage=0.05


Tree=211
num_leaves=31
num_cat=7
split_feature=0 0 0 11 0 3 11 16 10 6 1 11 6 1 5 1 1 11 9 9 6 10 11 3 14 0 1 0 1 0
split_gain=16588 14393.5 1121.71 1447.42 838.973 236.924 219.328 197.212 212.124 196.393 180.334 170.051 167.58 161.525 263.869 152.823 150.186 121.875 152.581 99.2333 101.945 89.6444 76.4675 75.5503 72.759 62.1599 176.664 419.936 130.805 429.553
threshold=0 1 2 332.00000000000006 3 26.500000000000004 785.00000000000011 9.3750000000000018 14.500000000000002 1.7500000000000002 18.500000000000004 245.00000000000003 2.5000000000000004 9.5000000000000018 77.450000000000017 16.500000000000004 11.500000000000002 1.0000000180025095e-35 45.500000000000007 6.5000000000000009 0.83333333333333337 3.5000000000000004 1.0000000180025095e-35 24.500000000000004 19.000000000000004 4 8.5000000000000018 5 11.500000000000002 6
decision_type=9 9 9 2 9 2 2 2 2 2 2 2 2 2 2 2 2 2 2 2 2 2 2 2 2 9 2 9 2 9
left_child=-1 2 3 5 6 19 7 8 10 11 13 21 -5 14 -3 -13 -14 18 -10 22 -21 -7 -2 -19 -11 26 27 -6 29 -28
right_child=1 4 -4 12 25 9 -8 -9 17 24 -12 15 16 -15 -16 -17 -18 23 -20 20 -22 -23 -24 -25 -26 -27 28 -29 -30 -31
leaf_value=1.1526987675480882e-07 6.9430200022146955e-06 0.00020491000438211949 -9.9689798983781954e-06 -9.9689798983781954e-06 0.0059119053357965974 -1.8133102444917172e-06 0.00025149809148063975 -0.00026346358021007711 -0.00071236620021188914 -3.5249401281811647e-05 -0.00030236530111504845 5.4029048781156781e-06 -0.01657177104737606 -0.0002513844180656477 -0.001303363455508233 -2.4319399032357581e-07 0.0021902985581820468 4.7065779640709242e-05 0.4243403421573782 -1.5436297856563642e-05 8.8495065897475911e-07 8.0614554131219759e-06 -2.2983578643964721e-05 0.3777885356080955 0.22545544529967071 -0.00090411683271121037 -0.058441465563838335 3.9374205813835775e-05 0.00067614820438262064 0.00018188163150671956
leaf_weight=16643 29 221 15271 4513 3196 57 118 2082 1218 193 422 99 97 2197 274 185 102 224 109 131 1232 592 503 114 145 185569 12071 7424 145988 28870
leaf_count=16643 29 221 15271 4513 3196 57 118 2082 1218 193 422 99 97 2197 274 185 102 224 109 131 1232 592 503 114 145 185569 12071 7424 145988 28870
internal_value=-0.000697738 -0.00266929 -0.0409668 -0.0255451 -0.000395661 0.000568541 -0.0175633 -0.0187509 -0.0243461 0.0172699 -0.0320488 0.0290997 -0.0431452 -0.0368128 -0.0110101 -0.00316901 0.00175879 -0.00993994 -0.0167671 -0.0106332 -0.00348496 0.0432203 -0.0289474 0.0168639 -0.0153846 -8.2479e-05 0.000534777 0.00680791 0.00017841 -0.00231919
internal_weight=429889 413246 23149 7878 390097 3166 6979 6861 4779 1271 3114 933 4712 2692 495 284 199 1665 1327 1895 1363 649 532 338 338 383118 197549 10620 186929 40941
internal_count=429889 413246 23149 7878 390097 3166 6979 6861 4779 1271 3114 933 4712 2692 495 284 199 1665 1327 1895 1363 649 532 338 338 383118 197549 10620 186929 40941
cat_boundaries=0 2 4 5 6 9 11 13
cat_threshold=2147483648 1049088 32898 1077936128 32768 33554432 555245840 2989444296 8 536879104 573047808 536870912 570510336
is_linear=0
shrinkage=0.05


Tree=212
num_leaves=31
num_cat=4
split_feature=0 0 0 11 0 3 11 1 6 6 5 5 1 11 10 1 3 11 1 5 16 3 10 2 9 9 3 9 6 3
split_gain=16573.8 14354.7 1142.81 1483.2 838.005 256.776 221.387 200.517 190.252 167.58 150.901 155.988 150.186 141.948 179.325 160.059 135.746 154.189 115.172 268.995 146.631 139.162 97.0543 91.3428 88.5802 110.459 98.0736 87.2152 97.2565 84.4014
threshold=0 1 2 332.00000000000006 3 25.500000000000004 1.0000000180025095e-35 18.500000000000004 1.7500000000000002 2.5000000000000004 68.850000000000009 86.850000000000009 11.500000000000002 245.00000000000003 3.5000000000000004 16.500000000000004 24.500000000000004 785.00000000000011 9.5000000000000018 76.950000000000017 11.91666666666667 31.500000000000004 3.5000000000000004 1.0000000180025095e-35 48.500000000000007 36.500000000000007 23.500000000000004 6.5000000000000009 0.83333333333333337 28.500000000000004
decision_type=9 9 9 2 9 2 2 2 2 2 2 2 2 2 2 2 2 2 2 2 2 2 2 2 2 2 2 2 2 2
left_child=-1 2 3 5 6 27 7 10 13 -5 -3 18 -11 14 23 -15 17 -8 19 -12 21 -20 -17 -7 25 26 -9 -2 -29 -13
right_child=1 4 -4 9 -6 8 16 24 -10 12 11 29 -14 15 -16 22 -18 -19 20 -21 -22 -23 -24 -25 -26 -27 -28 28 -30 -31
leaf_value=1.0950638289486393e-07 -2.1834399711773145e-05 0.1845275573681617 -9.4705309034548442e-06 -9.4705309034548442e-06 -3.190033152731253e-05 0.11874926090897052 -0.0062735699285703999 -0.029613413828367907 -2.2463312456189047e-05 -0.015743182495007259 0.0001946645041630113 0.45217906922435908 0.0020807836302729754 5.1327596342076731e-06 7.658382642450335e-06 9.5341633032930417e-07 0.40165782196720312 0.00023892318690661442 -0.00023881519716235645 -0.0012381952827328125 -0.0086976940759534212 0.0014766539152122338 -2.3103429080961746e-07 -2.4731365039887268e-06 0.00030964998162335004 -0.00059073533459734766 9.2624517328188113e-05 -1.4664482963722136e-05 9.1332958973566747e-09 -0.00085038780398769562
leaf_weight=16643 504 64 15271 4513 383118 38 954 434 368 97 200 58 102 116 646 36 131 118 2420 334 254 53 185 77 304 205 792 131 1065 658
leaf_count=16643 504 64 15271 4513 383118 38 954 434 368 97 200 58 102 116 646 36 131 118 2420 334 254 53 185 77 304 205 792 131 1065 658
internal_value=-0.000676803 -0.00264751 -0.0408934 -0.0253296 -0.000376948 0.0011055 -0.0175347 -0.021624 0.0164393 -0.0431452 -0.0277283 -0.028954 0.00175879 0.026867 0.0388305 -0.000148368 0.00195345 -0.00391791 -0.033594 -0.0123596 -0.0377521 -0.0414679 -0.0251131 -0.0186957 -0.00740634 -0.0126136 -0.00693312 -0.0121176 -0.00476589 -0.00782123
internal_weight=429889 413246 23149 7878 390097 3166 6979 5776 1466 4712 4041 3977 199 1098 761 337 1203 1072 3261 534 2727 2473 221 115 1735 1431 1226 1700 1196 716
internal_count=429889 413246 23149 7878 390097 3166 6979 5776 1466 4712 4041 3977 199 1098 761 337 1203 1072 3261 534 2727 2473 221 115 1735 1431 1226 1700 1196 716
cat_boundaries=0 2 4 5 6
cat_threshold=2147483648 1049088 32898 1077936128 32768 33554432
is_linear=0
shrinkage=0.05


Tree=213
num_leaves=31
num_cat=4
split_feature=0 0 0 11 0 3 11 1 6 11 6 1 5 5 1 12 1 1 5 16 3 9 10 3 9 9 11 6 14 3
split_gain=16567.5 14387.9 1132.85 1466.31 790.968 228.927 227.018 220.825 196.393 170.051 167.58 152.823 150.314 153.768 150.186 132.894 175.886 113.185 268.995 144.853 138.321 104.447 89.6444 84.4014 80.4446 119.734 76.4675 73.9878 72.759 69.8892
threshold=0 1 2 332.00000000000006 3 26.500000000000004 1.0000000180025095e-35 18.500000000000004 1.7500000000000002 245.00000000000003 2.5000000000000004 16.500000000000004 68.850000000000009 86.850000000000009 11.500000000000002 14.500000000000002 9.5000000000000018 9.5000000000000018 76.950000000000017 11.91666666666667 31.500000000000004 6.5000000000000009 3.5000000000000004 28.500000000000004 48.500000000000007 36.500000000000007 1.0000000180025095e-35 0.83333333333333337 19.000000000000004 23.500000000000004
decision_type=9 9 9 2 9 2 2 2 2 2 2 2 2 2 2 2 2 2 2 2 2 2 2 2 2 2 2 2 2 2
left_child=-1 2 3 5 6 21 7 12 9 22 -5 -11 -3 17 -12 -8 -17 18 -14 20 -19 26 -7 -15 25 29 -2 -23 -10 -9
right_child=1 4 -4 10 -6 8 15 24 28 11 14 -13 13 23 -16 16 -18 19 -20 -21 -22 27 -24 -25 -26 -27 -28 -29 -30 -31
leaf_value=1.040310637634434e-07 7.6875889876593117e-06 0.17530117949975363 -8.9970043582798812e-06 -8.9970043582798812e-06 -3.0305314950940245e-05 -1.5989879071032221e-06 0.0018692165391342109 -0.028132743136949492 -3.2363765594922712e-05 4.8761216524972896e-06 -0.0149560233702569 -2.1948257629134106e-07 0.00018493127895484742 0.42957011576314114 0.0019767444487593269 0.00022697702756127038 -0.0059598914321418841 -0.00022687443730422531 -0.0011762855185961651 -0.0082628093721557327 0.0014028212194516334 -1.3931258815524928e-05 7.2754635103144949e-06 -0.00080786841378830418 0.00029416748254216255 -0.00056119856786747142 -2.1095114447877706e-05 8.4024646125335782e-07 0.21418379620030997 8.7993291461785367e-05
leaf_weight=16643 29 64 15271 4513 383118 57 412 434 193 99 97 185 200 58 102 108 683 2420 334 254 53 131 592 658 304 205 503 1232 145 792
leaf_count=16643 29 64 15271 4513 383118 57 412 434 193 99 97 185 200 58 102 108 683 2420 334 254 53 131 592 658 304 205 503 1232 145 792
internal_value=-0.000667498 -0.00263783 -0.0409279 -0.025431 -0.000364644 0.000852811 -0.0170339 -0.0211738 0.0172699 0.0290997 -0.0431452 -0.00316901 -0.0275798 -0.0288031 0.00175879 0.00270158 -0.00929204 -0.03341 -0.0123596 -0.0375321 -0.0412252 -0.0101583 0.0432203 -0.00782123 -0.0062536 -0.0112159 -0.0289474 -0.00282465 -0.0153846 -0.00530179
internal_weight=429889 413246 23149 7878 390097 3166 6979 5776 1271 933 4712 284 4041 3977 199 1203 791 3261 534 2727 2473 1895 649 716 1735 1431 532 1363 338 1226
internal_count=429889 413246 23149 7878 390097 3166 6979 5776 1271 933 4712 284 4041 3977 199 1203 791 3261 534 2727 2473 1895 649 716 1735 1431 532 1363 338 1226
cat_boundaries=0 2 4 5 6
cat_threshold=2147483648 1049088 32898 1077936128 32768 33554432
is_linear=0
shrinkage=0.05


Tree=214
num_leaves=31
num_cat=4
split_feature=0 0 0 11 0 3 11 1 6 11 6 1 5 5 1 12 1 1 5 16 3 9 10 3 11 14 6 3 14 2
split_gain=16559 14417.2 1125.42 1453.7 729.837 234.243 211.808 280.488 196.393 170.051 167.58 152.823 150.314 153.768 150.186 132.894 175.886 113.185 268.995 144.853 138.321 100.956 89.6444 84.4014 76.4675 72.759 72.1757 68.9391 68.4172 63.7096
threshold=0 1 2 332.00000000000006 3 26.500000000000004 1.0000000180025095e-35 18.500000000000004 1.7500000000000002 245.00000000000003 2.5000000000000004 16.500000000000004 68.850000000000009 86.850000000000009 11.500000000000002 14.500000000000002 9.5000000000000018 9.5000000000000018 76.950000000000017 11.91666666666667 31.500000000000004 6.5000000000000009 3.5000000000000004 28.500000000000004 1.0000000180025095e-35 19.000000000000004 0.83333333333333337 26.500000000000004 29.500000000000004 4.5000000000000009
decision_type=9 9 9 2 9 2 2 2 2 2 2 2 2 2 2 2 2 2 2 2 2 2 2 2 2 2 2 2 2 2
left_child=-1 2 3 5 6 21 7 12 9 22 -5 -11 -3 17 -12 -8 -17 18 27 20 -19 24 -7 -15 -2 -10 -23 -14 -25 -6
right_child=1 4 -4 10 29 8 15 -9 25 11 14 -13 13 23 -16 16 -18 19 -20 -21 -22 26 -24 28 -26 -27 -28 -29 -30 -31
leaf_value=9.882951061968016e-08 7.3032095382785657e-06 0.16653612052476596 -8.5471541403592252e-06 -8.5471541403592252e-06 0.00022815964185758376 -1.5190385117325179e-06 0.001775755712177496 -0.00010816778141693463 -3.0745577315194339e-05 4.632315569885748e-06 -0.014208222201744071 -2.085084474856558e-07 0.00017568471500708507 0.40809160997498406 0.0018779072263213515 0.00021562817618319132 -0.0056618968605347767 -0.00021553071543900515 -0.0011174712426663459 -0.007849668903547968 0.0013326801584790716 -1.3234695874730918e-05 6.911690334820975e-06 -0.000795154902378048 -2.0040358725470499e-05 0.20347460639029447 7.9823413821067393e-07 -0.0016974596986836677 0.14762086291589932 -0.00085642597784327821
leaf_weight=16643 29 64 15271 4513 274481 57 412 1735 193 99 97 185 178 58 102 108 683 2420 334 254 53 131 592 575 503 145 1232 22 83 108637
leaf_count=16643 29 64 15271 4513 274481 57 412 1735 193 99 97 185 178 58 102 108 683 2420 334 254 53 131 592 575 503 145 1232 22 83 108637
internal_value=-0.000654937 -0.00262477 -0.0409538 -0.0255071 -0.000349263 0.000663298 -0.0163614 -0.0203601 0.0172699 0.0290997 -0.0431452 -0.00316901 -0.0275798 -0.0288031 0.00175879 0.00270158 -0.00929204 -0.03341 -0.0123596 -0.0375321 -0.0412252 -0.0104749 0.0432203 -0.00782123 -0.0289474 -0.0153846 -0.00326486 0.0335 -0.0129179 -5.71611e-05
internal_weight=429889 413246 23149 7878 390097 3166 6979 5776 1271 933 4712 284 4041 3977 199 1203 791 3261 534 2727 2473 1895 649 716 532 338 1363 200 658 383118
internal_count=429889 413246 23149 7878 390097 3166 6979 5776 1271 933 4712 284 4041 3977 199 1203 791 3261 534 2727 2473 1895 649 716 532 338 1363 200 658 383118
cat_boundaries=0 2 4 5 6
cat_threshold=2147483648 1049088 32898 1077936128 32768 33554432
is_linear=0
shrinkage=0.05


Tree=215
num_leaves=31
num_cat=5
split_feature=0 0 0 11 0 3 1 11 5 16 6 3 11 6 1 1 3 9 1 3 9 10 2 11 14 9 6 16 9 0
split_gain=16547.6 14430.4 1125.42 1453.7 719.815 234.243 204.077 295.058 219.33 211.973 196.393 174.055 170.051 167.58 152.823 150.186 136.026 104.241 114.274 113.308 100.956 89.6444 86.3329 76.4675 72.759 72.5063 72.1757 69.8983 69.9938 64.1601
threshold=0 1 2 332.00000000000006 3 26.500000000000004 18.500000000000004 -594.99999999999989 86.850000000000009 11.91666666666667 1.7500000000000002 25.500000000000004 245.00000000000003 2.5000000000000004 16.500000000000004 11.500000000000002 31.500000000000004 3.5000000000000004 9.5000000000000018 22.500000000000004 6.5000000000000009 3.5000000000000004 4.5000000000000009 1.0000000180025095e-35 19.000000000000004 12.500000000000002 0.83333333333333337 20.416666666666668 52.500000000000007 4
decision_type=9 9 9 2 9 2 2 2 2 2 2 2 2 2 2 2 2 2 2 2 2 2 2 2 2 2 2 2 2 9
left_child=-1 2 3 5 6 20 7 8 9 16 12 17 21 -5 -14 -15 -3 -9 19 -19 23 -7 -21 -2 -12 -20 -22 -8 -29 -6
right_child=1 4 -4 13 29 10 27 11 -10 -11 24 -13 14 15 -16 -17 -18 18 25 22 26 -23 -24 -25 -26 -27 -28 28 -30 -31
leaf_value=9.3888035124223279e-08 6.9380490613557558e-06 -0.00020475417966707711 -8.1197964333590274e-06 -8.1197964333590274e-06 0.00020405660848843432 -1.4430865861392307e-06 0.00028486749748593001 0.25041479417571016 8.0588358242206226e-06 0.0019282763591694342 -2.9208298449434622e-05 -0.0011065781665222207 4.4006997913736972e-06 -0.013497811091656865 -1.9808302509360942e-07 0.0017840118650052973 0.0012660461505551003 0.00020484676737404507 -0.0053788020175080222 -0.023945225261460437 -1.2572961081014356e-05 6.5661058180843673e-06 0.3876870294762349 -1.9038340789201413e-05 0.19330087607077973 7.9437250552238941e-05 7.5832243129347887e-07 -0.00025391290256822075 0.0001016551700599333 -0.0020239669727260437
leaf_weight=16643 29 2438 15271 4513 190290 57 1201 232 453 289 193 481 99 97 185 102 53 238 328 115 131 592 39 503 145 365 1232 661 86 192828
leaf_count=16643 29 2438 15271 4513 190290 57 1201 232 453 289 193 481 99 97 185 102 53 238 328 115 131 592 39 503 145 365 1232 661 86 192828
internal_value=-0.000638188 -0.00260734 -0.0409538 -0.0255071 -0.000330807 0.000663298 -0.0162327 -0.0215762 -0.0306062 -0.0358633 0.0172699 -0.00533927 0.0290997 -0.0431452 -0.00316901 0.00175879 -0.040566 0.00406226 -0.0024424 0.0191327 -0.0104749 0.0432203 -0.0142857 -0.0289474 -0.0153846 -0.0146465 -0.00326486 -0.0025154 -0.0145248 -4.07175e-05
internal_weight=429889 413246 23149 7878 390097 3166 6979 5031 3233 2780 1271 1798 933 4712 284 199 2491 1317 1085 392 1895 649 154 532 338 693 1363 1948 747 383118
internal_count=429889 413246 23149 7878 390097 3166 6979 5031 3233 2780 1271 1798 933 4712 284 199 2491 1317 1085 392 1895 649 154 532 338 693 1363 1948 747 383118
cat_boundaries=0 2 4 5 6 9
cat_threshold=2147483648 1049088 32898 1077936128 32768 33554432 689463568 841959561 10
is_linear=0
shrinkage=0.05


Tree=216
num_leaves=31
num_cat=4
split_feature=0 0 0 11 0 1 11 3 6 5 16 11 6 1 1 3 1 9 3 10 1 5 9 3 11 14 16 9 9 9
split_gain=16552.2 14356.9 1151.55 1498.06 780.775 221.384 276.52 215.905 196.393 181.352 181.465 170.051 167.58 152.823 150.186 128.78 122.993 113.433 94.8657 89.6444 84.8471 93.4078 92.9979 77.6122 76.4675 72.759 68.7083 69.9938 63.5785 61.879
threshold=0 1 2 332.00000000000006 3 18.500000000000004 65.000000000000014 26.500000000000004 1.7500000000000002 86.850000000000009 11.91666666666667 245.00000000000003 2.5000000000000004 16.500000000000004 11.500000000000002 24.500000000000004 9.5000000000000018 6.5000000000000009 31.500000000000004 3.5000000000000004 9.5000000000000018 77.450000000000017 5.5000000000000009 28.500000000000004 1.0000000180025095e-35 19.000000000000004 20.416666666666668 52.500000000000007 12.500000000000002 33.500000000000007
decision_type=9 9 9 2 9 2 2 2 2 2 2 2 2 2 2 2 2 2 2 2 2 2 2 2 2 2 2 2 2 2
left_child=-1 2 3 7 5 6 9 17 11 10 18 19 -5 -13 -14 16 -8 24 20 -9 21 22 -3 -11 -2 -10 -7 -28 -18 -27
right_child=1 4 -4 12 -6 26 15 8 25 23 -12 13 14 -15 -16 -17 28 -19 -20 -21 -22 -23 -24 -25 -26 29 27 -29 -30 -31
leaf_value=8.9193633368012115e-08 6.5911466082813064e-06 -0.012353839229528775 -7.7138066116866355e-06 -7.7138066116866355e-06 -2.058559136637328e-05 0.00027062412261162904 0.00019460442900536281 -1.3709322568278282e-06 -2.7747883526973995e-05 0.36830267800242311 0.0018318625412109492 4.1806648018116737e-06 -0.012822920537074012 -1.8817887381672449e-07 0.0016948112717550146 0.34702628654814904 -0.0051098619166326303 -3.9572996031189693e-07 0.0012027438430273652 6.2378005271757082e-06 -0.00019451647068371438 -0.0010062687722069529 0.00015665814088805519 -0.00072812018977121975 -1.8086423749741343e-05 -0.066364167732759244 -0.0002412172574397964 9.6572411556916649e-05 7.5465388024609226e-05 0.18363583226724078
leaf_weight=16643 29 106 15271 4513 383118 1201 149 57 193 58 289 99 97 185 102 119 357 1363 64 592 2438 286 142 658 503 32 661 86 365 113
leaf_count=16643 29 106 15271 4513 383118 1201 149 57 193 58 289 99 97 185 102 119 357 1363 64 592 2438 286 142 658 503 32 661 86 365 113
internal_value=-0.000644934 -0.00261436 -0.0408632 -0.0252409 -0.000343624 -0.0169051 -0.0224707 0.0013266 0.0172699 -0.0282727 -0.033188 0.0290997 -0.0431452 -0.00316901 0.00175879 0.00121212 -0.0054535 -0.00936675 -0.0367918 0.0432203 -0.0380888 -0.0200375 0.00241935 -0.00544693 -0.0289474 -0.0153846 -0.00261807 -0.0145248 -0.0139889 0.0113793
internal_weight=429889 413246 23149 7878 390097 6979 5031 3166 1271 4041 3325 933 4712 284 199 990 871 1895 3036 649 2972 534 248 716 532 338 1948 747 722 145
internal_count=429889 413246 23149 7878 390097 6979 5031 3166 1271 4041 3325 933 4712 284 199 990 871 1895 3036 649 2972 534 248 716 532 338 1948 747 722 145
cat_boundaries=0 2 4 5 6
cat_threshold=2147483648 1049088 32898 1077936128 32768 33554432
is_linear=0
shrinkage=0.05


Tree=217
num_leaves=31
num_cat=4
split_feature=0 0 0 11 0 3 6 1 11 16 5 6 11 6 1 1 11 10 9 2 14 10 3 11 9 14 16 9 9 9
split_gain=16534.7 14377.1 1151.55 1498.06 651.68 215.905 196.393 178.475 278.38 175.751 176.875 204.674 170.051 167.58 152.823 150.186 119.574 116.142 113.433 94.4079 93.3475 89.6444 76.8561 76.4675 74.8397 72.759 68.7083 69.9938 63.0681 61.879
threshold=0 1 2 332.00000000000006 3 26.500000000000004 1.7500000000000002 18.500000000000004 -655.49999999999989 9.4833333333333361 84.250000000000014 1.7500000000000002 245.00000000000003 2.5000000000000004 16.500000000000004 11.500000000000002 785.00000000000011 14.500000000000002 6.5000000000000009 1.5000000000000002 67.500000000000014 3.5000000000000004 26.500000000000004 1.0000000180025095e-35 3.5000000000000004 19.000000000000004 20.416666666666668 52.500000000000007 45.500000000000007 33.500000000000007
decision_type=9 9 9 2 9 2 2 2 2 2 2 2 2 2 2 2 2 2 2 2 2 2 2 2 2 2 2 2 2 2
left_child=-1 2 3 5 7 18 12 8 9 10 -3 22 21 -5 -14 -15 17 -10 23 -11 -21 -7 -12 -2 -19 -8 -9 -28 -26 -27
right_child=1 4 -4 13 -6 6 25 26 16 19 11 -13 14 15 -16 -17 -18 24 -20 20 -22 -23 -24 -25 28 29 27 -29 -30 -31
leaf_value=8.473395167740706e-08 6.2615892778783438e-06 -0.00018479064714953532 -7.3281162810800999e-06 -7.3281162810800999e-06 -1.9556311798041295e-05 -1.302385643997539e-06 -2.6360489350629735e-05 0.00025709291648103874 -0.0016619410179212757 -0.0082913643237840784 0.46230164923067502 0.0011426066508759992 3.971631561716649e-06 -0.012181774510220312 -1.7876993014809274e-07 0.0016100707081672994 0.00018487420755510799 0.28755349665834701 -3.759434623162861e-07 0.36178049874538765 -0.038824198405772718 5.9259105008369065e-06 -0.00071939408956178674 -1.7182102562252056e-05 -0.0017932037916654764 -0.063045959346121269 -0.0002291563945678199 9.1743790979048623e-05 0.40859439682175264 0.17445404065387873
leaf_weight=16643 29 1851 15271 4513 383118 57 193 1201 1232 208 57 118 99 97 185 102 118 136 1363 219 78 592 228 503 733 32 661 86 53 113
leaf_count=16643 29 1851 15271 4513 383118 57 193 1201 1232 208 57 118 99 97 185 102 118 136 1363 219 78 592 228 503 733 32 661 86 53 113
internal_value=-0.000619113 -0.0025875 -0.0408632 -0.0252409 -0.00031517 0.0013266 0.0172699 -0.0154457 -0.0204433 -0.0311163 -0.0370896 -0.00707196 0.0290997 -0.0431452 -0.00316901 0.00175879 -0.00748239 -0.0101671 -0.00936675 -0.00445545 0.0136364 0.0432203 -0.03 -0.0289474 0.0032538 -0.0153846 -0.00261807 -0.0145248 -0.00267176 0.0113793
internal_weight=429889 413246 23149 7878 390097 3166 1271 6979 5031 2759 2254 403 933 4712 284 199 2272 2154 1895 505 297 649 285 532 922 338 1948 747 786 145
internal_count=429889 413246 23149 7878 390097 3166 1271 6979 5031 2759 2254 403 933 4712 284 199 2272 2154 1895 505 297 649 285 532 922 338 1948 747 786 145
cat_boundaries=0 2 4 5 6
cat_threshold=2147483648 1049088 32898 1077936128 32768 33554432
is_linear=0
shrinkage=0.05


Tree=218
num_leaves=31
num_cat=4
split_feature=0 0 0 11 0 3 6 11 6 11 1 5 5 1 1 3 9 1 1 3 16 10 11 14 9 1 9 9 16 3
split_gain=16525.3 14388 1151.55 1498.06 589.252 215.905 196.393 170.051 167.58 159.806 211.932 243.267 162.037 152.823 150.186 136.216 113.433 110.296 95.6988 145.165 138.15 89.6444 76.4675 72.759 71.4514 68.7672 62.8681 109.188 62.6347 71.5992
threshold=0 1 2 332.00000000000006 3 26.500000000000004 1.7500000000000002 245.00000000000003 2.5000000000000004 1.0000000180025095e-35 18.500000000000004 86.65000000000002 68.850000000000009 16.500000000000004 11.500000000000002 24.500000000000004 6.5000000000000009 9.5000000000000018 10.500000000000002 31.500000000000004 11.91666666666667 3.5000000000000004 1.0000000180025095e-35 19.000000000000004 11.500000000000002 9.5000000000000018 48.500000000000007 36.500000000000007 20.416666666666668 23.500000000000004
decision_type=9 9 9 2 9 2 2 2 2 2 2 2 2 2 2 2 2 2 2 2 2 2 2 2 2 2 2 2 2 2
left_child=-1 2 3 5 9 16 7 21 -5 10 11 12 -3 -9 -10 17 22 -11 -14 20 -20 -7 -2 -8 -19 -13 27 28 -12 -30
right_child=1 4 -4 8 -6 6 23 13 14 15 26 25 18 -15 -16 -17 -18 24 19 -21 -22 -23 -24 -25 -26 -27 -28 -29 29 -31
leaf_value=8.0497254106859378e-08 5.9485098139688835e-06 0.15823851756340268 -6.9617104670349763e-06 -6.9617104670349763e-06 -1.8578496208121464e-05 -1.2372663618087643e-06 -2.5042464883107129e-05 3.7730499836463597e-06 -0.011572685784709292 0.00017563049717734814 0.0004540785750648091 -0.0015788439670251899 -0.00087285828270058376 -1.6983143362736542e-07 0.0015295671727589167 0.33714295338716704 -3.5714628920935354e-07 -0.0047712717699049285 -0.00017555111479206076 0.0010854763183322015 -0.0072306241872003964 5.6296149757883997e-06 -1.6322997434148334e-05 0.16573133862118483 0.00027991435870990957 0.00010604218382570529 0.00024423827065698237 -0.00049151592267446806 -0.026898510064983939 0.00010231551600909939
leaf_weight=16643 29 64 15271 4513 383118 57 193 99 97 149 758 274 832 185 102 131 1363 417 2084 47 254 592 503 145 506 486 304 205 202 266
leaf_count=16643 29 64 15271 4513 383118 57 193 99 97 149 758 274 832 185 102 131 1363 417 2084 47 254 592 503 145 506 486 304 205 202 266
internal_value=-0.000605156 -0.00257298 -0.0408632 -0.0252409 -0.00029979 0.0013266 0.0172699 0.0290997 -0.0431452 -0.0146874 -0.0181614 -0.024437 -0.0303414 -0.00316901 0.00175879 0.00187032 -0.00936675 -0.00401119 -0.0319086 -0.0370021 -0.0387511 0.0432203 -0.0289474 -0.0153846 -0.010455 0.00105263 -0.00354467 -0.00793152 -0.00228385 -0.0166667
internal_weight=429889 413246 23149 7878 390097 3166 1271 933 4712 6979 5776 4041 3281 284 199 1203 1895 1072 3217 2385 2338 649 532 338 923 760 1735 1431 1226 468
internal_count=429889 413246 23149 7878 390097 3166 1271 933 4712 6979 5776 4041 3281 284 199 1203 1895 1072 3217 2385 2338 649 532 338 923 760 1735 1431 1226 468
cat_boundaries=0 2 4 5 6
cat_threshold=2147483648 1049088 32898 1077936128 32768 33554432
is_linear=0
shrinkage=0.05


Tree=219
num_leaves=31
num_cat=4
split_feature=0 0 0 11 0 3 6 3 11 11 6 1 11 1 5 11 1 9 11 9 1 5 6 10 5 1 10 10 2 11
split_gain=16471.3 14450.4 1151.55 1498.06 271.61 215.905 196.393 195.044 272.764 170.051 167.58 152.823 152.808 150.186 147.745 143.541 137.028 113.433 103.612 110.561 94.1338 138.242 278.069 122.862 119.255 108.98 122.338 89.6444 89.4849 88.3641
threshold=0 1 2 332.00000000000006 3 26.500000000000004 1.7500000000000002 23.500000000000004 -594.99999999999989 245.00000000000003 2.5000000000000004 16.500000000000004 1.0000000180025095e-35 11.500000000000002 68.850000000000009 -1124.9999999999998 9.5000000000000018 6.5000000000000009 785.00000000000011 11.500000000000002 15.500000000000002 82.700000000000003 1.1666666666666667 22.500000000000004 86.850000000000009 18.500000000000004 18.500000000000004 3.5000000000000004 2.5000000000000004 -1214.9999999999998
decision_type=9 9 9 2 9 2 2 2 2 2 2 2 2 2 2 2 2 2 2 2 2 2 2 2 2 2 2 2 2 2
left_child=-1 2 3 5 7 17 9 8 14 27 -5 -11 16 -12 -3 29 -9 -2 19 -10 21 22 23 -18 -23 -22 -27 -7 -28 -16
right_child=1 4 -4 10 -6 6 -8 12 18 11 13 -13 -14 -15 15 -17 20 -19 -20 -21 25 24 -24 -25 -26 26 28 -29 -30 -31
leaf_value=7.6472391441484438e-08 -1.5154412840789889e-05 0.13439008425112445 -6.61362494369655e-06 -6.61362494369655e-06 -1.7649571397715391e-05 -1.1754030436961217e-06 -2.3790341638951776e-05 -0.00082921536856557238 -0.0045327081814096727 3.5843974844684826e-06 -0.010994051495473833 -1.6133986195931983e-07 0.32028580571780874 0.0014530888141210065 -0.025515537704293267 -0.00032406171224872441 5.8896179391254586e-07 -3.3928897473778364e-07 0.00016684897231846743 0.00027556519887474986 -0.00015155073580119804 -3.0406326915599636e-05 -0.0090153085782584078 -0.013745477571164511 0.00012841998391355247 9.7199740208653298e-05 8.584890008749291e-05 5.3481342269900985e-06 -0.00022281435063988833 0.001308010247923308
leaf_weight=16643 532 75 15271 4513 383118 57 338 607 472 99 97 185 131 102 268 1024 542 1363 118 683 588 424 137 36 411 827 214 592 260 162
leaf_count=16643 532 75 15271 4513 383118 57 338 607 472 99 97 185 131 102 268 1024 542 1363 118 683 588 424 137 36 411 827 214 592 260 162
internal_value=-0.000525368 -0.00248998 -0.0408632 -0.0252409 -0.000211865 0.0013266 0.0172699 -0.00997997 -0.0201999 0.0290997 -0.0431452 -0.00316901 -0.00314819 0.00175879 -0.0344343 -0.0379642 -0.00486901 -0.00936675 -0.00310291 -0.00766234 -0.0010032 0.00812903 0.0242657 0.0394464 -0.00568862 -0.00849656 -0.000422752 0.0432203 -0.0206751 -0.0137209
internal_weight=429889 413246 23149 7878 390097 3166 1271 6979 2802 933 4712 284 4177 199 1529 1454 4046 1895 1273 1155 3439 1550 715 578 835 1889 1301 649 474 430
internal_count=429889 413246 23149 7878 390097 3166 1271 6979 2802 933 4712 284 4177 199 1529 1454 4046 1895 1273 1155 3439 1550 715 578 835 1889 1301 649 474 430
cat_boundaries=0 2 4 5 6
cat_threshold=2147483648 1049088 32898 1077936128 32768 33554432
is_linear=0
shrinkage=0.05


Tree=220
num_leaves=31
num_cat=4
split_feature=0 0 0 11 0 3 6 3 11 11 6 1 11 1 5 11 1 9 11 11 9 4 1 5 6 10 5 1 10 10
split_gain=16468.6 14453.5 1151.55 1498.06 263.951 215.905 196.393 186.965 261.495 170.051 167.58 152.823 152.808 150.186 144.934 163.591 137.028 113.433 105.056 103.612 110.561 100.048 94.1338 138.242 278.069 122.862 119.255 108.98 122.338 89.6444
threshold=0 1 2 332.00000000000006 3 26.500000000000004 1.7500000000000002 23.500000000000004 -594.99999999999989 245.00000000000003 2.5000000000000004 16.500000000000004 1.0000000180025095e-35 11.500000000000002 68.850000000000009 -1124.9999999999998 9.5000000000000018 6.5000000000000009 -1234.9999999999998 785.00000000000011 11.500000000000002 5.5000000000000009 15.500000000000002 82.700000000000003 1.1666666666666667 22.500000000000004 86.850000000000009 18.500000000000004 18.500000000000004 3.5000000000000004
decision_type=9 9 9 2 9 2 2 2 2 2 2 2 2 2 2 2 2 2 2 2 2 2 2 2 2 2 2 2 2 2
left_child=-1 2 3 5 7 17 9 8 14 29 -5 -11 16 -12 -3 18 -9 -2 -16 20 -10 -20 23 24 25 -18 -25 -24 -29 -7
right_child=1 4 -4 10 -6 6 -8 12 19 11 13 -13 -14 -15 15 -17 22 -19 21 -21 -22 -23 27 26 -26 -27 -28 28 -30 -31
leaf_value=7.264877188717378e-08 -1.4396692198737072e-05 0.12767058003856821 -6.2829436965117228e-06 -6.2829436965117228e-06 -1.6767092827851827e-05 -1.116632891529079e-06 -2.2600824557006408e-05 -0.00078775460013731375 -0.0043060727723391867 3.4051776102383969e-06 -0.010444348920700142 -1.5327286884136981e-07 0.30427151543191827 0.001380434373414996 -0.024277807676520081 -0.0003078586266362926 5.5951370421247763e-07 -3.2232452600311491e-07 0.001325280179678634 0.00015850652370255072 0.000261786938931019 -0.056395041296755412 -0.00014397319901116035 -2.8886010569806333e-05 -0.0085645431493454726 -0.013058203692606263 0.00012199898471787485 9.2339753198222851e-05 -0.00014834253000417519 5.0807275156383726e-06
leaf_weight=16643 532 75 15271 4513 383118 57 338 607 472 99 97 185 131 102 233 1024 542 1363 135 118 683 62 588 424 137 36 411 827 474 592
leaf_count=16643 532 75 15271 4513 383118 57 338 607 472 99 97 185 131 102 233 1024 542 1363 135 118 683 62 588 424 137 36 411 827 474 592
internal_value=-0.000521414 -0.00248587 -0.0408632 -0.0252409 -0.000207507 0.0013266 0.0172699 -0.00983689 -0.019843 0.0290997 -0.0431452 -0.00316901 -0.00314819 0.00175879 -0.0337802 -0.0372765 -0.00486901 -0.00936675 -0.0113953 -0.00310291 -0.00766234 0.0154822 -0.0010032 0.00812903 0.0242657 0.0394464 -0.00568862 -0.00849656 -0.000422752 0.0432203
internal_weight=429889 413246 23149 7878 390097 3166 1271 6979 2802 933 4712 284 4177 199 1529 1454 4046 1895 430 1273 1155 197 3439 1550 715 578 835 1889 1301 649
internal_count=429889 413246 23149 7878 390097 3166 1271 6979 2802 933 4712 284 4177 199 1529 1454 4046 1895 430 1273 1155 197 3439 1550 715 578 835 1889 1301 649
cat_boundaries=0 2 4 5 6
cat_threshold=2147483648 1049088 32898 1077936128 32768 33554432
is_linear=0
shrinkage=0.05


Tree=221
num_leaves=31
num_cat=4
split_feature=0 0 0 11 3 0 6 11 6 3 10 11 1 11 1 1 5 6 5 1 11 9 9 1 10 10 9 3 16 4
split_gain=16454 14470.5 1151.55 1498.06 215.905 204.697 196.393 170.051 167.58 158.453 208.228 201.703 165.741 209.387 152.823 150.186 133.991 215.559 133.049 114.653 129.52 113.433 100.468 91.2109 118.805 89.6444 89.4658 83.4236 77.7694 87.3075
threshold=0 1 2 332.00000000000006 26.500000000000004 3 1.7500000000000002 245.00000000000003 2.5000000000000004 24.500000000000004 16.500000000000004 785.00000000000011 9.5000000000000018 -954.99999999999989 16.500000000000004 11.500000000000002 82.700000000000003 1.1666666666666667 68.850000000000009 18.500000000000004 -594.99999999999989 6.5000000000000009 18.500000000000004 18.500000000000004 16.500000000000004 3.5000000000000004 6.5000000000000009 25.500000000000004 20.416666666666668 5.5000000000000009
decision_type=9 9 9 2 2 9 2 2 2 2 2 2 2 2 2 2 2 2 2 2 2 2 2 2 2 2 2 2 2 2
left_child=-1 2 3 4 21 9 7 25 -5 10 11 18 -11 23 -9 -10 17 -15 -3 20 -20 -2 -22 27 -25 -6 -12 -14 29 -21
right_child=1 5 -4 8 6 -7 -8 14 15 12 26 -13 13 16 -16 -17 -18 -19 19 28 22 -23 -24 24 -26 -27 -28 -29 -30 -31
leaf_value=6.9016333270610633e-08 -1.3676857588817982e-05 0.13722355847074788 -5.9687965116683735e-06 -5.9687965116683735e-06 -1.0608012469326412e-06 -1.5928738186454794e-05 -2.1470783329169409e-05 3.2349187297331386e-06 -0.0099221314746651412 -0.00074836687013046799 -0.00032137509912626432 0.00015058119751740762 0.00096448971524343285 5.3153801902183775e-07 -1.456092253881991e-07 0.0013114126547442595 9.9375604718510151e-07 -0.01382150076503319 -0.019216886175986582 0.24213940120650476 -0.0040907691337222383 -3.0620829969407739e-07 0.00024869759198447027 0.00011618060958551446 -0.00014092540350398863 4.8266911398364705e-06 0.0002939319920482131 -0.00013677453906062455 -0.022849890491012517 -0.019521577353523691
leaf_weight=16643 532 86 15271 4513 57 383118 338 99 97 552 138 90 86 655 185 102 713 72 1094 222 602 1363 51 668 468 592 676 402 245 159
leaf_count=16643 532 86 15271 4513 57 383118 338 99 97 552 138 90 86 655 185 102 713 72 1094 222 602 1363 51 668 468 592 676 402 245 159
internal_value=-0.00049978 -0.00246336 -0.0408632 -0.0252409 0.0013266 -0.000183668 0.0172699 0.0290997 -0.0431452 -0.00866361 -0.0164883 -0.023519 -0.0014104 0.00313316 -0.00316901 0.00175879 0.0170139 0.0321183 -0.0262098 -0.0284239 -0.0350029 -0.00936675 -0.0173813 -0.00917488 -0.00140845 0.0432203 0.00552826 -0.0272541 -0.0100639 0.00406824
internal_weight=429889 413246 23149 7878 3166 390097 1271 933 4712 6979 3363 2549 3616 3064 284 199 1440 727 2459 2373 1747 1895 653 1624 1136 649 814 488 626 381
internal_count=429889 413246 23149 7878 3166 390097 1271 933 4712 6979 3363 2549 3616 3064 284 199 1440 727 2459 2373 1747 1895 653 1624 1136 649 814 488 626 381
cat_boundaries=0 2 4 5 6
cat_threshold=2147483648 1049088 32898 1077936128 32768 33554432
is_linear=0
shrinkage=0.05


Tree=222
num_leaves=31
num_cat=10
split_feature=0 0 0 11 3 6 11 6 1 1 9 10 0 3 14 5 0 0 11 11 6 0 5 1 0 2 1 0 0 1
split_gain=16401.8 14531.3 1151.55 1498.06 215.905 196.393 170.051 167.58 152.823 150.186 113.433 89.6444 88.9738 130.009 151.039 95.679 400.581 325.645 190.536 170.857 175.389 175.009 168.996 165.266 362.055 303.828 226.965 362.168 255.27 195.639
threshold=0 1 2 332.00000000000006 26.500000000000004 1.7500000000000002 245.00000000000003 2.5000000000000004 16.500000000000004 11.500000000000002 6.5000000000000009 3.5000000000000004 3 22.500000000000004 115.00000000000001 79.200000000000017 4 5 634.00000000000011 -987.99999999999989 1.1666666666666667 6 77.750000000000014 18.500000000000004 7 3.5000000000000004 12.500000000000002 8 9 9.5000000000000018
decision_type=9 9 9 2 2 2 2 2 2 2 2 2 9 2 2 2 9 9 2 2 2 9 2 2 9 2 2 9 9 2
left_child=-1 2 3 4 10 6 11 -5 -8 -9 -2 -6 13 -3 -15 17 18 19 -17 22 -21 -22 -14 26 -25 -26 27 29 -28 -19
right_child=1 12 -4 7 5 -7 8 9 -10 -11 -12 -13 15 14 -16 16 -18 23 -20 20 21 -23 -24 24 25 -27 28 -29 -30 -31
leaf_value=6.5565516571552962e-08 -1.2993014709383745e-05 0.0007921099130785425 -5.6703566861049387e-06 -5.6703566861049387e-06 -1.0077611845904501e-06 -2.03972441627176e-05 3.0731727932664655e-06 -0.0094260249009318741 -1.3832876413211182e-07 0.0012458420220070822 -2.908978847138144e-07 4.5853565828313243e-06 0.00018374725110619218 -0.0050292560826608046 0.11494921871057394 0.0045076254135354875 9.8768001302174121e-05 -0.0012970216965911608 -0.0066823552112262432 0.0022542477182023071 0.0087277382122749724 0.19826239394807477 -0.030396957290619198 -0.2575924806266171 -0.047214874667729757 0.013749138901333426 0.062461948693665552 -0.0015229539983407482 -0.008743281593017382 -0.16190699237291276
leaf_weight=16643 532 16173 15271 4513 57 338 99 97 185 102 1363 592 18777 46059 1847 15303 153513 2345 2190 43352 5792 6203 4606 1891 9415 6925 14802 18697 17309 4898
leaf_count=16643 532 16173 15271 4513 57 338 99 97 185 102 1363 592 18777 46059 1847 15303 153513 2345 2190 43352 5792 6203 4606 1891 9415 6925 14802 18697 17309 4898
internal_value=-0.000422318 -0.00238278 -0.0408632 -0.0252409 0.0013266 0.0172699 0.0290997 -0.0431452 -0.00316901 0.00175879 -0.00936675 0.0432203 -9.83064e-05 -0.0018014 -0.00311026 0.000236483 0.00105201 -0.000663174 0.00821859 0.00159258 0.00310676 0.00845769 -0.00199076 -0.00299114 -0.00714442 -0.00473394 -0.00168731 -0.00516577 0.00112267 -0.0146491
internal_weight=429889 413246 23149 7878 3166 1271 933 4712 284 199 1895 649 390097 64079 47906 326018 171006 155012 17493 78730 55347 11995 23383 76282 18231 16340 58051 25940 32111 7243
internal_count=429889 413246 23149 7878 3166 1271 933 4712 284 199 1895 649 390097 64079 47906 326018 171006 155012 17493 78730 55347 11995 23383 76282 18231 16340 58051 25940 32111 7243
cat_boundaries=0 2 4 5 8 11 14 17 19 21 24
cat_threshold=2147483648 1049088 32898 1077936128 32768 302256128 4146 4 134217728 81928 2 1159225412 472779136 8 68681732 271057152 8 0 81920 142606336 2147565576 679477264 570507328 1
is_linear=0
shrinkage=0.05


Tree=223
num_leaves=31
num_cat=8
split_feature=0 0 0 11 3 6 11 6 1 1 9 16 10 14 0 5 0 0 1 1 1 1 10 0 0 7 9 11 1 5
split_gain=16347.4 14532.8 1175.44 1538.76 199.957 196.393 170.051 167.58 152.823 150.186 97.3515 121.995 89.6444 72.759 68.5026 130.232 341.556 275.016 215.962 378.457 198.555 177.022 170.683 235.696 181.626 172.946 139.159 129.619 128.615 123.712
threshold=0 1 2 332.00000000000006 26.500000000000004 1.7500000000000002 245.00000000000003 2.5000000000000004 16.500000000000004 11.500000000000002 6.5000000000000009 19.591666666666672 3.5000000000000004 19.000000000000004 3 79.200000000000017 4 5 18.500000000000004 12.500000000000002 10.500000000000002 17.500000000000004 10.500000000000002 6 7 1.0000000180025095e-35 1.5000000000000002 -794.99999999999989 13.500000000000002 78.550000000000011
decision_type=9 9 9 2 2 2 2 2 2 2 2 2 2 2 9 2 9 9 2 2 2 2 2 9 9 2 2 2 2 2
left_child=-1 2 3 4 10 6 12 -5 -8 -9 11 -2 -6 -7 15 17 20 18 19 -3 -17 28 23 25 26 -19 -24 -21 -22 -25
right_child=1 14 -4 7 5 13 8 9 -10 -11 -12 -13 -14 -15 -16 16 -18 22 -20 27 21 -23 24 29 -26 -27 -28 -29 -30 -31
leaf_value=6.2287240787384243e-08 -1.2703624004783976e-05 -0.1316924481226554 -5.3868388517841486e-06 -5.3868388517841486e-06 -9.5737312535426619e-07 -1.9377381954566175e-05 2.9195141535875992e-06 -0.0089547236558853004 -1.314123259099631e-07 0.0011835499209067457 -2.7635299049144635e-07 8.4621331901679753e-06 4.3560887537097415e-06 0.15744918464980998 -0.0016705723260429296 -0.00045948572249088215 0.00018364636429781813 0.017209461070670784 -0.20800876271093316 0.40589645200463309 0.012841743294274455 0.00031112148688068332 0.0071850106323736902 0.00022217408429199282 -0.001862198444670149 -0.018564147695803526 -0.028064537679154712 0.0084926969233162456 0.32760314676333629 -0.01503398409138601
leaf_weight=16643 461 3922 15271 4513 57 193 99 97 185 102 1363 71 592 145 194206 2397 91139 17004 2833 1125 2331 3891 729 30015 22694 2253 5525 3852 2827 3354
leaf_count=16643 461 3922 15271 4513 57 193 99 97 185 102 1363 71 592 145 194206 2397 91139 17004 2833 1125 2331 3891 729 30015 22694 2253 5525 3852 2827 3354
internal_value=-0.0003416 -0.00229882 -0.0407811 -0.025 0.00192672 0.0172699 0.0290997 -0.0431452 -0.00316901 0.00175879 -0.00836412 -0.0265038 0.0432203 -0.0153846 -1.42269e-05 0.000645479 0.00187503 -0.000706278 -0.00786067 -0.00403978 0.0100122 0.0134103 0.000323593 0.00201991 -0.00276012 0.0064229 -0.0102969 0.00511352 0.0194843 -0.000522784
internal_weight=429889 413246 23149 7878 3166 1271 933 4712 284 199 1895 532 649 338 390097 195891 102585 93306 11732 8899 11446 9049 81574 52626 28948 19257 6254 4977 5158 33369
internal_count=429889 413246 23149 7878 3166 1271 933 4712 284 199 1895 532 649 338 390097 195891 102585 93306 11732 8899 11446 9049 81574 52626 28948 19257 6254 4977 5158 33369
cat_boundaries=0 2 4 5 8 10 12 14 16
cat_threshold=2147483648 1049088 32898 1077936128 32768 706240784 2955888841 10 33554432 81920 0 81928 167780608 2492416 168296704 2097152
is_linear=0
shrinkage=0.05


Tree=224
num_leaves=31
num_cat=5
split_feature=0 0 0 11 0 10 3 6 1 11 6 9 1 1 5 5 5 2 9 16 5 14 10 5 1 14 10 16 9 0
split_gain=16491.4 14365.5 1175.44 1538.76 394.783 441.636 199.957 196.393 180.478 170.051 167.58 157.671 152.823 150.186 150.007 141.478 134.24 103.538 97.3515 121.995 93.0286 138.719 89.6444 79.3507 74.3875 72.759 70.5852 62.3348 61.879 61.4498
threshold=0 1 2 332.00000000000006 3 16.500000000000004 26.500000000000004 1.7500000000000002 17.500000000000004 245.00000000000003 2.5000000000000004 1.5000000000000002 16.500000000000004 11.500000000000002 68.850000000000009 78.700000000000003 86.000000000000014 1.0000000180025095e-35 6.5000000000000009 19.591666666666672 77.050000000000011 19.000000000000004 3.5000000000000004 74.850000000000009 10.500000000000002 19.000000000000004 18.500000000000004 14.083333333333334 33.500000000000007 4
decision_type=9 9 9 2 9 2 2 2 2 2 2 2 2 2 2 2 2 2 2 2 2 2 2 2 2 2 2 2 2 9
left_child=-1 2 3 6 5 8 18 9 11 22 -5 23 -11 -12 -13 -10 27 -7 19 -2 -19 26 -8 24 -3 -9 -22 -16 -27 -6
right_child=1 4 -4 10 29 17 7 25 15 12 13 14 -14 -15 16 -17 -18 20 -20 -21 21 -23 -24 -25 -26 28 -28 -29 -30 -31
leaf_value=5.9172878774660378e-08 -1.2068442804524793e-05 -0.011395342679532884 -5.1174969092127046e-06 -5.1174969092127046e-06 -0.0075352165552521558 -0.0013123479846961494 -9.0950446907100968e-07 -1.8408512856815664e-05 -0.0069487357537080467 2.7735384458882354e-06 -0.0085069874730910218 0.11352579456391494 -1.248417095922605e-07 0.0011243724248614308 -0.00075948174976367975 0.00029556541253663584 -0.00038968029233581451 0.0017420092163374257 -2.6253534097797625e-07 8.039026530681781e-06 0.38863632311121549 0.13381127165959025 4.1382843160242549e-06 -0.017635940311013343 0.0016807118022148073 -0.076048274582680542 -0.00091308320765950415 0.0019289735139927267 0.14957672541731948 0.00015063997148074827
leaf_weight=16643 461 45 15271 4513 84224 313 57 193 989 99 97 58 185 102 2363 621 357 531 1363 71 99 452 592 232 118 32 738 63 113 298894
leaf_count=16643 461 45 15271 4513 84224 313 57 193 989 99 97 58 185 102 2363 621 357 531 1363 71 99 452 592 232 118 32 738 63 113 298894
internal_value=-0.000555143 -0.00252096 -0.0407811 -0.025 -0.000249547 -0.012026 0.00192672 0.0172699 -0.0203879 0.0290997 -0.0431452 -0.0271941 -0.00316901 0.00175879 -0.0313094 -0.00670807 -0.032968 0.00691514 -0.00836412 -0.0265038 0.0114835 0.00422808 0.0432203 0.00240506 0.0291411 -0.0153846 -0.00782557 -0.0371805 0.0113793 -3.47142e-05
internal_weight=429889 413246 23149 7878 390097 6979 3166 1271 4846 933 4712 3236 284 199 2841 1610 2783 2133 1895 532 1820 1289 649 395 163 338 837 2426 145 383118
internal_count=429889 413246 23149 7878 390097 6979 3166 1271 4846 933 4712 3236 284 199 2841 1610 2783 2133 1895 532 1820 1289 649 395 163 338 837 2426 145 383118
cat_boundaries=0 2 4 5 6 9
cat_threshold=2147483648 1049088 32898 1077936128 32768 33554432 1342443588 4146 4
is_linear=0
shrinkage=0.05


Tree=225
num_leaves=31
num_cat=4
split_feature=0 0 0 11 0 10 3 6 16 5 11 6 1 1 1 9 14 9 5 16 10 11 5 5 2 11 14 5 9 6
split_gain=16512.1 14383.8 1159.07 1510.85 483.593 282.416 210.802 196.393 190.434 170.783 170.051 167.58 152.823 150.186 126.516 124.654 119.471 117.131 103.803 97.6039 89.6444 83.694 80.6341 78.6916 99.3952 76.4675 72.759 71.822 61.879 61.2316
threshold=0 1 2 332.00000000000006 3 13.500000000000002 26.500000000000004 1.7500000000000002 9.3750000000000018 77.050000000000011 245.00000000000003 2.5000000000000004 16.500000000000004 11.500000000000002 17.500000000000004 1.5000000000000002 49.000000000000007 6.5000000000000009 77.750000000000014 20.416666666666668 3.5000000000000004 1.0000000180025095e-35 68.850000000000009 85.850000000000009 3.5000000000000004 1.0000000180025095e-35 19.000000000000004 72.250000000000014 33.500000000000007 3.5000000000000004
decision_type=9 9 9 2 9 2 2 2 2 2 2 2 2 2 2 2 2 2 2 2 2 2 2 2 2 2 2 2 2 2
left_child=-1 2 3 6 5 8 17 10 14 16 20 -5 -12 -13 15 -3 -7 25 19 27 -8 23 -17 24 -11 -2 -9 -10 -28 -6
right_child=1 4 -4 11 29 9 7 26 18 21 12 13 -14 -15 -16 22 -18 -19 -20 -21 -22 -23 -24 -25 -26 -27 28 -29 -30 -31
leaf_value=5.6214234867013606e-08 7.6370752041476916e-06 0.00051208608419157648 -4.8616220637676129e-06 -4.8616220637676129e-06 -5.7569381564182015e-05 0.0012651022043088213 -8.6402924561745928e-07 -1.7488087213957115e-05 0.25305629401090679 -0.010704976236403187 2.6348615235871622e-06 -0.0080816380994364508 -1.1859962412152925e-07 0.0010681538036183547 -0.00016950714270449476 0.12378601226982733 -0.006632075066707533 -2.4940857392685703e-07 0.0005132686551070798 -0.019996337790472652 3.9313701002186011e-06 0.32657583981812827 -0.00067254903451416945 -0.00032263123232305628 0.39411671264245807 -1.145719535511347e-05 -0.07224586085354652 -0.011075865167425382 0.14209788914645349 0.11992173863030296
leaf_weight=16643 29 209 15271 4513 379443 576 57 193 101 601 99 97 185 102 590 29 131 1363 481 295 592 60 2239 1098 178 503 32 391 113 3675
leaf_count=16643 29 209 15271 4513 379443 576 57 193 101 601 99 97 185 102 590 29 131 1363 481 295 592 60 2239 1098 178 503 32 391 113 3675
internal_value=-0.000585616 -0.00255266 -0.0408373 -0.0251648 -0.000279795 -0.0133138 0.00151611 0.0172699 -0.021188 -0.000453858 0.0290997 -0.0431452 -0.00316901 0.00175879 -0.0279263 -0.0328825 0.0205799 -0.00905013 -0.00488959 -0.0160737 0.0432203 -0.00813113 -0.0362875 -0.00998934 -0.0221438 -0.0289474 -0.0153846 -0.00243902 0.0113793 -4.20225e-05
internal_weight=429889 413246 23149 7878 390097 6979 3166 1271 4335 2644 933 4712 284 199 3067 2477 707 1895 1268 787 649 1937 2268 1877 779 532 338 492 145 383118
internal_count=429889 413246 23149 7878 390097 6979 3166 1271 4335 2644 933 4712 284 199 3067 2477 707 1895 1268 787 649 1937 2268 1877 779 532 338 492 145 383118
cat_boundaries=0 2 4 5 6
cat_threshold=2147483648 1049088 32898 1077936128 32768 33554432
is_linear=0
shrinkage=0.05


Tree=226
num_leaves=31
num_cat=4
split_feature=0 0 0 11 0 10 16 3 6 11 6 5 1 1 1 9 14 3 5 10 11 5 2 14 5 9 10 9 10 5
split_gain=16491.8 14326.2 1190.66 1564.75 403.22 260.17 265.335 190.2 196.393 170.051 167.58 160.502 152.823 150.186 123.364 122.484 119.471 97.685 92.3829 89.6444 81.1859 79.9489 79.0602 72.759 67.1008 75.2475 77.411 80.33 78.2142 69.9673
threshold=0 1 2 332.00000000000006 3 13.500000000000002 9.3750000000000018 26.500000000000004 1.7500000000000002 245.00000000000003 2.5000000000000004 77.050000000000011 16.500000000000004 11.500000000000002 17.500000000000004 1.5000000000000002 49.000000000000007 23.500000000000004 82.200000000000003 3.5000000000000004 1.0000000180025095e-35 68.850000000000009 3.5000000000000004 19.000000000000004 80.450000000000017 5.5000000000000009 7.5000000000000009 9.5000000000000018 10.500000000000002 70.450000000000017
decision_type=9 9 9 2 9 2 2 2 2 2 2 2 2 2 2 2 2 2 2 2 2 2 2 2 2 2 2 2 2 2
left_child=-1 2 3 7 5 6 14 18 9 19 -5 16 -11 -12 15 -3 -7 22 24 -9 -13 -17 -8 -10 25 -2 27 -27 -28 -29
right_child=1 4 -4 10 -6 11 17 8 23 12 13 20 -14 -15 -16 21 -18 -19 -20 -21 -22 -23 -24 -25 -26 26 28 29 -30 -31
leaf_value=5.340352311478114e-08 -1.0892160896558423e-05 0.00048648177998198431 -4.6185409605659089e-06 -4.6185409605659089e-06 -1.693844975880765e-05 0.0012018470940933668 0.00012024150997360651 -8.2082778334324764e-07 -1.6613682853261479e-05 2.5031184474055834e-06 -0.0076775561944646409 -0.0010024558598113133 -1.1266964290435056e-07 0.0010147461134374148 -0.00016103178556927669 0.11759671165633599 -0.0063004713133721696 0.00065379905358775581 -1.9005723496690054e-05 3.7348015951899075e-06 0.3102470478272219 -0.00063892158278844313 -0.018996520900949013 0.13499299468913081 0.24046936238546809 6.6103074894297011e-06 0.0077454924373174805 0.23717989040591486 1.231632846465658e-06 -1.7308397887072503e-05
leaf_weight=16643 340 209 15271 4513 383118 576 407 57 193 99 97 1877 185 102 590 29 131 594 286 592 60 2239 267 145 61 159 131 104 407 407
leaf_count=16643 340 209 15271 4513 383118 576 407 57 193 99 97 1877 185 102 590 29 131 594 286 592 60 2239 267 145 61 159 131 104 407 407
internal_value=-0.000555609 -0.00252144 -0.0407293 -0.0248479 -0.000253136 -0.0121548 -0.0197116 0.00230575 0.0172699 0.0290997 -0.0431452 0.000189107 -0.00316901 0.00175879 -0.0276655 -0.0325595 0.0205799 -0.000473186 -0.00773087 0.0432203 -0.00725348 -0.0359347 -0.0135015 -0.0153846 -0.00307644 -0.00510336 0.000745033 -0.010597 0.0148699 -0.0202544
internal_weight=429889 413246 23149 7878 390097 6979 4335 3166 1271 933 4712 2644 284 199 3067 2477 707 1268 1895 649 1937 2268 674 338 1609 1548 1208 670 538 511
internal_count=429889 413246 23149 7878 390097 6979 4335 3166 1271 933 4712 2644 284 199 3067 2477 707 1268 1895 649 1937 2268 674 338 1609 1548 1208 670 538 511
cat_boundaries=0 2 4 5 6
cat_threshold=2147483648 1049088 32898 1077936128 32768 33554432
is_linear=0
shrinkage=0.05


Tree=227
num_leaves=31
num_cat=4
split_feature=0 0 0 11 0 3 3 6 6 1 11 10 1 6 10 14 5 14 5 9 14 5 16 2 16 5 3 6 5 2
split_gain=16457.3 14340 1200.85 1582.2 227.344 204.948 200.207 186.104 167.58 150.186 137.203 203.073 160.059 110.904 97.0543 92.7977 84.5813 80.0874 79.6877 119.282 194.041 128.34 202.112 108.02 98.3242 92.4926 115.94 75.535 85.3061 83.8978
threshold=0 1 2 332.00000000000006 3 19.500000000000004 25.500000000000004 1.7500000000000002 2.5000000000000004 11.500000000000002 245.00000000000003 3.5000000000000004 16.500000000000004 2.5000000000000004 3.5000000000000004 49.000000000000007 82.200000000000003 49.000000000000007 85.850000000000009 1.5000000000000002 67.500000000000014 72.40000000000002 14.083333333333334 1.5000000000000002 20.416666666666668 83.300000000000011 23.500000000000004 1.7500000000000002 80.450000000000017 1.5000000000000002
decision_type=9 9 9 2 9 2 2 2 2 2 2 2 2 2 2 2 2 2 2 2 2 2 2 2 2 2 2 2 2 2
left_child=-1 2 3 6 5 17 16 10 -5 -10 11 -8 -12 18 -14 -15 27 -3 19 20 -7 23 -23 -21 -25 26 -24 28 -2 -29
right_child=1 4 -4 8 -6 13 7 -9 9 -11 12 -13 14 15 -16 -17 -18 -19 -20 21 -22 22 25 24 -26 -27 -28 29 -30 -31
leaf_value=5.0733346945719405e-08 -5.8030985004009494e-06 0.0012589658463453279 -4.3876139125487162e-06 -4.3876139125487162e-06 -1.6091527270845064e-05 0.0015467478188953888 -1.5302781659176646e-06 -1.5782998710589525e-05 -0.0072936783847413981 0.00096400880776554849 2.3779625250242021e-06 3.548061515434853e-06 1.7537098392139684e-06 -0.090220459817495158 -1.0703616077911704e-07 0.39837400829190267 -1.8055437321873314e-05 -0.0050302926333035021 -0.00025637687771635776 -0.0048362373772661733 -0.019849135473018611 -0.00063539844315476659 -0.013903379534377392 2.913583585697488e-05 -0.020567038262327888 -0.011503289702975206 0.00084418117473661347 -0.21321227843463914 0.22844589426619466 0.0065977279588255834
leaf_weight=16643 1121 428 15271 4513 383118 473 115 368 97 102 116 646 36 293 185 48 286 139 1600 83 118 2650 169 512 65 65 336 57 61 175
leaf_count=16643 1121 428 15271 4513 383118 473 115 368 97 102 116 646 36 293 185 48 286 139 1600 83 118 2650 169 512 65 65 336 57 61 175
internal_value=-0.000504665 -0.00246845 -0.0406948 -0.0247465 -0.000199048 -0.00913578 0.00255843 0.0160982 -0.0431452 0.00175879 0.0264117 0.0381735 -0.000148368 -0.0116968 -0.0251131 -0.0394428 -0.00911765 0.0196649 -0.0101384 -0.0135652 0.00736041 -0.0167526 -0.0208696 0.00333333 0.0110052 0.00614035 0.0133663 -0.00410184 -0.00922166 0.0219828
internal_weight=429889 413246 23149 7878 390097 6979 3166 1466 4712 199 1098 761 337 6412 221 341 1700 567 6071 4471 591 3880 3220 660 577 570 505 1414 1182 232
internal_count=429889 413246 23149 7878 390097 6979 3166 1466 4712 199 1098 761 337 6412 221 341 1700 567 6071 4471 591 3880 3220 660 577 570 505 1414 1182 232
cat_boundaries=0 2 4 5 6
cat_threshold=2147483648 1049088 32898 1077936128 32768 33554432
is_linear=0
shrinkage=0.05


Tree=228
num_leaves=31
num_cat=4
split_feature=0 0 0 11 0 3 3 6 6 1 11 10 1 6 10 14 5 9 14 5 16 2 16 5 3 1 9 3 5 14
split_gain=16453.6 14257.1 1235.58 1641.8 234.643 180.185 175.781 186.104 167.58 150.186 137.203 203.073 160.059 111.029 97.0543 92.7977 79.4138 107.746 187.233 126.045 198.871 108.02 98.3242 92.4926 115.94 73.9045 82.8874 76.4825 85.475 70.9408
threshold=0 1 2 332.00000000000006 3 19.500000000000004 25.500000000000004 1.7500000000000002 2.5000000000000004 11.500000000000002 245.00000000000003 3.5000000000000004 16.500000000000004 2.5000000000000004 3.5000000000000004 49.000000000000007 85.850000000000009 1.5000000000000002 67.500000000000014 72.40000000000002 14.083333333333334 1.5000000000000002 20.416666666666668 83.300000000000011 23.500000000000004 17.500000000000004 11.500000000000002 25.500000000000004 78.200000000000017 49.000000000000007
decision_type=9 9 9 2 9 2 2 2 2 2 2 2 2 2 2 2 2 2 2 2 2 2 2 2 2 2 2 2 2 2
left_child=-1 2 3 6 5 29 -2 10 -5 -10 11 -8 -12 16 -14 -15 17 18 -7 21 25 -19 -23 24 -22 27 -27 28 -21 -3
right_child=1 4 -4 8 -6 13 7 -9 9 -11 12 -13 14 15 -16 -17 -18 19 -20 20 23 22 -24 -25 -26 26 -28 -29 -30 -31
leaf_value=4.8196679625078788e-08 -4.9021924986902835e-06 0.0011960175540280727 -4.168233216939044e-06 -4.168233216939044e-06 -1.5286950907311692e-05 0.001469410427950635 -1.4537642576417653e-06 -1.4993848775057829e-05 -0.006928994465504346 0.00091580836737730213 2.2590643987907556e-06 3.3706584396497877e-06 1.6660243472355064e-06 -0.085709436826620425 -1.0168435276014521e-07 0.37845530787730752 -0.00024355803383055986 -0.0045944255084028555 -0.01885667869936769 -0.016824937511277227 -0.013208210557658528 2.7679044064132799e-05 -0.019538686349211479 -0.010928125217826424 0.00080197211599979394 -0.00060391219501032545 0.00015947675500029848 -0.00047318774777131982 -0.0027194507801133307 -0.0047787780016383067
leaf_weight=16643 1700 428 15271 4513 383118 473 115 368 97 102 116 646 36 293 185 48 1600 83 118 593 169 512 65 65 336 285 250 1050 472 139
leaf_count=16643 1700 428 15271 4513 383118 473 115 368 97 102 116 646 36 293 185 48 1600 83 118 593 169 512 65 65 336 285 250 1050 472 139
internal_value=-0.000499082 -0.00246264 -0.0405782 -0.0244042 -0.000199817 -0.00927887 0.00341124 0.0160982 -0.0431452 0.00175879 0.0264117 0.0381735 -0.000148368 -0.0116812 -0.0251131 -0.0394428 -0.0101219 -0.0135428 0.00634518 -0.0165722 -0.0206522 0.00333333 0.0110052 0.00614035 0.0133663 -0.0264151 -0.00981308 -0.0306147 -0.0211737 0.0177249
internal_weight=429889 413246 23149 7878 390097 6979 3166 1466 4712 199 1098 761 337 6412 221 341 6071 4471 591 3880 3220 660 577 570 505 2650 535 2115 1065 567
internal_count=429889 413246 23149 7878 390097 6979 3166 1466 4712 199 1098 761 337 6412 221 341 6071 4471 591 3880 3220 660 577 570 505 2650 535 2115 1065 567
cat_boundaries=0 2 4 5 6
cat_threshold=2147483648 1049088 32898 1077936128 32768 33554432
is_linear=0
shrinkage=0.05


Tree=229
num_leaves=31
num_cat=4
split_feature=0 0 0 11 0 4 3 11 14 3 6 6 1 5 1 11 3 11 10 1 9 1 10 10 16 10 2 10 5 13
split_gain=16439 14254.5 1243.37 1655.19 183.47 200.797 259.31 193.011 172.795 170.569 186.104 167.58 151.432 154.319 150.186 147.997 145.416 137.203 203.073 160.059 115.678 109.812 97.0543 84.2489 98.3885 82.678 81.7891 72.0723 66.1105 64.8568
threshold=0 1 2 332.00000000000006 3 5.5000000000000009 23.500000000000004 1.0000000180025095e-35 29.500000000000004 25.500000000000004 1.7500000000000002 2.5000000000000004 17.500000000000004 86.850000000000009 11.500000000000002 -655.49999999999989 25.500000000000004 245.00000000000003 3.5000000000000004 16.500000000000004 9.5000000000000018 15.500000000000002 3.5000000000000004 18.500000000000004 17.750000000000004 3.5000000000000004 2.5000000000000004 4.5000000000000009 76.850000000000009 1.0000000180025095e-35
decision_type=9 9 9 2 9 2 2 2 2 2 2 2 2 2 2 2 2 2 2 2 2 2 2 2 2 2 2 2 2 2
left_child=-1 2 3 9 5 8 -7 12 15 -2 17 -5 13 16 -13 21 -8 18 -11 -19 28 -3 -21 24 25 -14 -25 -26 -17 -27
right_child=1 4 -4 11 -6 6 7 -9 -10 10 -12 14 23 -15 -16 20 -18 19 -20 22 -22 -23 -24 26 27 29 -28 -29 -30 -31
leaf_value=4.5786845603856821e-08 -4.6570828737380061e-06 0.00054951546529948827 -3.9598215560765485e-06 -3.9598215560765485e-06 -1.4522603361966091e-05 -0.055655263301932136 -0.009246587833870867 0.27220353834063094 -0.0063483478816502631 -1.3810760447707794e-06 -1.4244156336307157e-05 -0.0065825447422291463 0.059372772216525593 8.3298091155414869e-05 0.0008700179490084281 -0.0094986015359865839 -0.00044952836038274495 2.146111178857879e-06 3.20212551767618e-06 1.5827231298892741e-06 0.00090533325754886822 0.0007784358754891141 -9.6600135135460624e-08 0.00025955519243026082 -0.00014072790044084016 -9.1014664382571561e-05 -0.0064642968319420296 0.00076187351019978426 -0.0034812547211702685 -0.011879068481764499
leaf_weight=16643 1700 360 15271 4513 383118 567 611 131 729 115 368 97 171 696 102 145 1244 116 646 36 541 324 185 235 118 254 286 284 136 147
leaf_count=16643 1700 360 15271 4513 383118 567 611 131 729 115 368 97 171 696 102 145 1244 116 646 36 541 324 185 235 118 254 286 284 136 147
internal_value=-0.000477449 -0.00244013 -0.0405523 -0.0243281 -0.000177515 -0.00820575 -0.0140388 -0.00973186 0.0041387 0.00360076 0.0160982 -0.0431452 -0.0116658 -0.019071 0.00175879 0.0138114 -0.0266038 0.0264117 0.0381735 -0.000148368 -0.000486618 0.0309942 -0.0251131 0.0009699 0.00965092 -0.00367133 -0.0152591 0.028607 -0.0265125 -0.0160848
internal_weight=429889 413246 23149 7878 390097 6979 4744 4177 2235 3166 1466 4712 4046 2551 199 1506 1855 1098 761 337 822 684 221 1495 974 572 521 402 281 401
internal_count=429889 413246 23149 7878 390097 6979 4744 4177 2235 3166 1466 4712 4046 2551 199 1506 1855 1098 761 337 822 684 221 1495 974 572 521 402 281 401
cat_boundaries=0 2 4 5 6
cat_threshold=2147483648 1049088 32898 1077936128 32768 33554432
is_linear=0
shrinkage=0.05


Tree=230
num_leaves=31
num_cat=4
split_feature=0 0 0 11 0 10 1 11 3 6 6 1 16 11 10 1 9 5 3 9 15 10 11 5 3 16 5 6 2 2
split_gain=16451.5 14240 1243.37 1655.19 240.69 189.868 172.848 189.512 170.569 186.104 167.58 150.186 143.154 137.203 203.073 160.059 134.234 136.08 121.511 100.294 114.493 97.0543 96.742 88.2946 78.4966 97.1812 91.2264 90.0137 73.0214 98.355
threshold=0 1 2 332.00000000000006 3 16.500000000000004 17.500000000000004 785.00000000000011 25.500000000000004 1.7500000000000002 2.5000000000000004 11.500000000000002 18.250000000000004 245.00000000000003 3.5000000000000004 16.500000000000004 1.5000000000000002 68.850000000000009 23.500000000000004 20.500000000000004 5.5083333333333337 3.5000000000000004 -1297.4999999999998 86.000000000000014 22.500000000000004 14.083333333333334 77.050000000000011 0.83333333333333337 3.5000000000000004 2.5000000000000004
decision_type=9 9 9 2 9 2 2 2 2 2 2 2 2 2 2 2 2 2 2 2 2 2 2 2 2 2 2 2 2 2
left_child=-1 2 3 8 5 6 7 16 -2 13 -5 -12 19 14 -10 -15 -3 -18 -8 20 28 -17 -20 24 26 -26 -19 -28 29 -7
right_child=1 4 -4 10 -6 12 18 -9 9 -11 11 -13 -14 15 -16 21 17 23 22 -21 -22 -23 -24 -25 25 -27 27 -29 -30 -31
leaf_value=4.3497503288136846e-08 -4.4242287300377825e-06 7.587145167819998e-06 -3.7618304782771618e-06 -3.7618304782771618e-06 -1.379647319388333e-05 0.0026984806894656101 -0.012093653004785621 0.00035244434475147914 -1.3120222425389017e-06 -1.353194851949624e-05 -0.0062534175051176984 0.0008265170515580067 -0.0061410819903449099 2.0388056199305284e-06 3.0420192417945915e-06 1.503586973417015e-06 0.095148915521904617 -0.00060837562532234379 0.0005007077608615518 -0.00033955683997204393 -0.019272047782037616 -9.1770128385348926e-08 -0.00012066244055271015 -0.00025714958325742112 -0.0011385054301056297 0.0023691411523926844 -0.019717286037257555 0.00055980233982091401 0.0026984806894656101 -0.0087842584421773395
leaf_weight=16643 1700 395 15271 4513 383118 278 698 90 115 368 97 102 277 116 646 36 58 605 418 920 66 185 494 337 1523 30 48 150 460 132
leaf_count=16643 1700 395 15271 4513 383118 278 698 90 115 368 97 102 277 116 646 36 58 605 418 920 66 185 494 337 1523 30 48 150 460 132
internal_value=-0.000496058 -0.00245949 -0.0405523 -0.0243281 -0.000198023 -0.00939333 -0.0148783 -0.0215389 0.00360076 0.0160982 -0.0431452 0.00175879 0.00302391 0.0264117 0.0381735 -0.000148368 -0.0235855 -0.0274991 -0.00149068 0.00802802 0.0195513 -0.0251131 0.0105263 -0.0291311 -0.0325552 -0.0391178 -0.019863 0.00959596 0.0243678 0.00902439
internal_weight=429889 413246 23149 7878 390097 6979 4846 3236 3166 1466 4712 199 2133 1098 761 337 3146 2751 1610 1856 936 221 912 2693 2356 1553 803 198 870 410
internal_count=429889 413246 23149 7878 390097 6979 4846 3236 3166 1466 4712 199 2133 1098 761 337 3146 2751 1610 1856 936 221 912 2693 2356 1553 803 198 870 410
cat_boundaries=0 2 4 5 6
cat_threshold=2147483648 1049088 32898 1077936128 32768 33554432
is_linear=0
shrinkage=0.05


Tree=231
num_leaves=31
num_cat=4
split_feature=0 0 0 11 3 6 6 0 4 3 11 11 14 1 5 3 11 10 1 11 11 10 1 10 10 16 11 5 14 3
split_gain=16428.4 14266.6 1243.37 1655.19 170.569 186.104 167.58 152.945 202.236 270.805 187.939 190.149 186.201 150.186 141.896 140.901 137.203 203.073 160.059 129.191 124.115 135.558 109.812 97.0543 87.9868 72.7571 72.0887 66.2563 64.1636 61.9629
threshold=0 1 2 332.00000000000006 25.500000000000004 1.7500000000000002 2.5000000000000004 3 5.5000000000000009 23.500000000000004 1.0000000180025095e-35 -1104.9999999999998 29.500000000000004 11.500000000000002 86.850000000000009 25.500000000000004 245.00000000000003 3.5000000000000004 16.500000000000004 -655.49999999999989 785.00000000000011 28.500000000000004 15.500000000000002 3.5000000000000004 18.500000000000004 18.250000000000004 -1297.4999999999998 74.850000000000009 16.500000000000004 28.500000000000004
decision_type=9 9 9 2 2 2 2 9 2 2 2 2 2 2 2 2 2 2 2 2 2 2 2 2 2 2 2 2 2 2
left_child=-1 2 3 4 -2 16 -5 8 12 -10 11 24 19 -8 15 27 17 -6 -18 22 21 28 -3 -20 26 -26 -11 -13 -21 -16
right_child=1 7 -4 6 5 -7 13 -9 9 10 -12 14 -14 -15 29 -17 18 -19 23 20 -22 -23 -24 -25 25 -27 -28 -29 -30 -31
leaf_value=4.132262816369803e-08 -4.2030172935358934e-06 0.00049404957504346487 -3.5737389543655242e-06 -3.5737389543655242e-06 -1.2464211303964136e-06 -1.2855351093499224e-05 -0.0059407466298618157 -1.3106649534178062e-05 -0.052815574865330242 0.00069874444664672639 0.25845843738912616 0.36511913670776652 -0.0054262478373284578 0.00078519119898015079 0.330917081484919 -0.00037012667085831733 1.9368653389140179e-06 2.8899182797026413e-06 1.4284076247594869e-06 -0.0038245926917599427 0.0003832194615622786 0.0015301629355580994 0.00069302004352711499 -8.718162196608149e-08 0.000108812551456694 -0.0058340278908276758 -0.00010188055542670327 -0.009596376375693395 0.65384999969214064 -0.0006449206178450684
leaf_weight=16643 1700 360 15271 4513 115 368 97 383118 567 455 131 48 729 102 58 1301 116 646 36 408 114 251 324 185 259 241 448 591 49 645
leaf_count=16643 1700 360 15271 4513 115 368 97 383118 567 455 131 48 729 102 58 1301 116 646 36 408 114 251 324 185 259 241 448 591 49 645
internal_value=-0.000461863 -0.00242392 -0.0405523 -0.0243281 0.00360076 0.0160982 -0.0431452 -0.000160341 -0.00749034 -0.0133432 -0.00894182 -0.0108502 0.00489933 0.00175879 -0.0187476 -0.0257216 0.0264117 0.0381735 -0.000148368 0.0149402 0.00158151 -0.00621469 0.0309942 -0.0251131 0.00402708 -0.0128 0.0133444 -0.00649452 -0.0224289 0.000497866
internal_weight=429889 413246 23149 7878 3166 1466 4712 390097 6979 4744 4177 4046 2235 199 2643 1940 1098 761 337 1506 822 708 684 221 1403 500 903 639 457 703
internal_count=429889 413246 23149 7878 3166 1466 4712 390097 6979 4744 4177 4046 2235 199 2643 1940 1098 761 337 1506 822 708 684 221 1403 500 903 639 457 703
cat_boundaries=0 2 4 5 6
cat_threshold=2147483648 1049088 32898 1077936128 32768 33554432
is_linear=0
shrinkage=0.05


Tree=232
num_leaves=31
num_cat=4
split_feature=0 0 0 11 0 3 3 6 6 1 11 10 1 11 6 10 14 1 3 5 10 10 11 11 14 9 15 3 1 16
split_gain=16435 14249.3 1247.27 1661.91 184.383 180.156 167.992 186.104 167.58 150.186 137.203 203.073 160.059 134.179 112.705 97.0543 92.7977 87.5939 140.306 219.756 120.284 195.155 178.663 85.6459 75.8611 71.3091 64.7568 106.579 62.9545 65.0309
threshold=0 1 2 332.00000000000006 3 19.500000000000004 25.500000000000004 1.7500000000000002 2.5000000000000004 11.500000000000002 245.00000000000003 3.5000000000000004 16.500000000000004 785.00000000000011 2.5000000000000004 3.5000000000000004 49.000000000000007 17.500000000000004 25.500000000000004 86.850000000000009 6.5000000000000009 16.500000000000004 -655.49999999999989 125.00000000000001 49.000000000000007 48.500000000000007 3.3250000000000006 24.500000000000004 9.5000000000000018 11.083333333333334
decision_type=9 9 9 2 9 2 2 2 2 2 2 2 2 2 2 2 2 2 2 2 2 2 2 2 2 2 2 2 2 2
left_child=-1 2 3 6 5 24 -2 10 -5 -10 11 -8 -12 14 17 -14 -16 18 20 -20 22 -22 -7 26 -3 -19 27 -23 -21 -30
right_child=1 4 -4 8 -6 13 7 -9 9 -11 12 -13 15 -15 16 -17 -18 25 19 28 21 23 -24 -25 -26 -27 -28 -29 29 -31
leaf_value=3.9256496719985989e-08 -3.9928664288702011e-06 0.0010973666887922563 -3.395052006638366e-06 -3.395052006638366e-06 -1.2451317057449175e-05 0.00011670992801220415 -1.1841000738588293e-06 -1.22125835388065e-05 -0.0056437092983687267 0.00074593163903111668 1.8400220719527739e-06 2.7454223657130685e-06 1.3569872435059695e-06 0.00031566115443579793 -0.075943497805420979 -8.2822540869997862e-08 0.3603562336363007 -0.00039792182597713226 -0.000351620337315417 -0.0009562049399180595 -0.010433950568689721 0.32489476941477252 -0.0036333630571719236 0.21916213355738307 -0.0040860333500807311 0.00047986740011536356 -0.025941847681269573 -0.0091165575569087231 0.00056839233162360176 -0.03803451009682806
leaf_weight=16643 1700 428 15271 4513 383118 477 115 368 97 102 116 646 36 90 293 185 48 1768 1244 252 710 142 349 107 139 339 57 118 370 48
leaf_count=16643 1700 428 15271 4513 383118 477 115 368 97 102 116 646 36 90 293 185 48 1768 1244 252 710 142 349 107 139 339 57 118 370 48
internal_value=-0.000471633 -0.00243408 -0.0405393 -0.0242901 -0.000171876 -0.00822006 0.00369551 0.0160982 -0.0431452 0.00175879 0.0264117 0.0381735 -0.000148368 -0.0106207 -0.0114837 -0.0251131 -0.0394428 -0.00988965 -0.0143521 -0.0239812 -0.00494898 -0.0155203 0.00956416 0.0113208 0.0187831 -0.00168486 -0.00173502 0.00884615 -0.000895522 0.0110048
internal_weight=429889 413246 23149 7878 390097 6979 3166 1466 4712 199 1098 761 337 6412 6322 221 341 5981 3874 1914 1960 1134 826 424 567 2107 317 260 670 418
internal_count=429889 413246 23149 7878 390097 6979 3166 1466 4712 199 1098 761 337 6412 6322 221 341 5981 3874 1914 1960 1134 826 424 567 2107 317 260 670 418
cat_boundaries=0 2 4 5 6
cat_threshold=2147483648 1049088 32898 1077936128 32768 33554432
is_linear=0
shrinkage=0.05


Tree=233
num_leaves=31
num_cat=4
split_feature=0 0 0 11 0 3 3 6 6 1 11 1 9 5 5 11 10 1 10 16 5 3 14 4 14 16 1 14 9 6
split_gain=16449.8 14232.3 1247.27 1661.91 256.015 200.177 167.992 186.104 167.58 150.186 141.313 153.273 181.409 205.468 141.369 137.203 203.073 160.059 97.0543 96.2113 95.6112 76.3237 75.8611 75.4137 73.9158 68.849 62.3902 60.9491 66.3083 60.6923
threshold=0 1 2 332.00000000000006 3 19.500000000000004 25.500000000000004 1.7500000000000002 2.5000000000000004 11.500000000000002 785.00000000000011 17.500000000000004 1.5000000000000002 86.000000000000014 68.850000000000009 245.00000000000003 3.5000000000000004 16.500000000000004 3.5000000000000004 14.083333333333334 74.850000000000009 23.500000000000004 49.000000000000007 5.5000000000000009 115.00000000000001 20.416666666666668 9.5000000000000018 19.000000000000004 33.500000000000007 2.5000000000000004
decision_type=9 9 9 2 9 2 2 2 2 2 2 2 2 2 2 2 2 2 2 2 2 2 2 2 2 2 2 2 2 2
left_child=-1 2 3 6 5 22 29 15 -5 -10 11 12 20 14 -14 16 -8 -17 -19 24 -7 23 -3 25 -16 -13 -15 -9 -29 -2
right_child=1 4 -4 8 -6 10 7 27 9 -11 -12 21 13 26 19 17 -18 18 -20 -21 -22 -23 -24 -25 -26 -27 -28 28 -30 -31
leaf_value=3.7293671883986693e-08 -4.4290316599582272e-06 0.0010424983543526611 -3.2252994063064481e-06 -3.2252994063064481e-06 -1.1828751204578937e-05 0.0013375468008769431 -1.1248950701592264e-06 -1.1601954361850631e-05 -0.0053615238334502992 0.00070863505707956524 0.00029987809671401245 0.00091412539658288774 0.090350983247232369 -0.00090839469292216537 -0.0010627072306896856 1.7480209683728987e-06 2.6081512474185331e-06 1.2891378813328913e-06 -7.8681413828718405e-08 0.0022867714451817013 -0.016018946244194466 0.00012326801518272034 -0.0038817316825766838 -0.044508640207742638 0.0015154657043930265 -0.015477806823812702 0.00051615114097693928 -0.075237662501979677 0.128247525999023 0.0060909636979031845
leaf_weight=16643 1571 428 15271 4513 383118 222 115 220 97 102 90 350 58 285 2632 116 646 36 185 85 212 1519 139 169 36 179 575 35 113 129
leaf_count=16643 1571 428 15271 4513 383118 222 115 220 97 102 90 350 58 285 2632 116 646 36 185 85 212 1519 139 169 36 179 575 35 113 129
internal_value=-0.000493499 -0.00245683 -0.0405393 -0.0242901 -0.000195972 -0.0096795 0.00369551 0.0160982 -0.0431452 0.00175879 -0.0122115 -0.0130971 -0.0188185 -0.0224326 -0.0289755 0.0264117 0.0381735 -0.000148368 -0.0251131 -0.030603 0.0117512 -0.00250338 0.0187831 -0.0161891 -0.0322714 -0.00689981 -0.00104651 -0.0146739 0.0101351 -0.007
internal_weight=429889 413246 23149 7878 390097 6979 3166 1466 4712 199 6412 6322 4105 3671 2811 1098 761 337 221 2753 434 2217 567 698 2668 529 860 368 148 1700
internal_count=429889 413246 23149 7878 390097 6979 3166 1466 4712 199 6412 6322 4105 3671 2811 1098 761 337 221 2753 434 2217 567 698 2668 529 860 368 148 1700
cat_boundaries=0 2 4 5 6
cat_threshold=2147483648 1049088 32898 1077936128 32768 33554432
is_linear=0
shrinkage=0.05


Tree=234
num_leaves=31
num_cat=4
split_feature=0 0 0 11 3 0 4 3 11 11 14 6 5 11 1 11 10 6 11 10 1 10 3 1 5 10 16 16 3 6
split_gain=16424.2 14126.5 1302.51 1757.37 212.25 173.079 222.522 258.278 193.475 209.73 188.618 167.58 161.499 155.433 150.186 129.792 147.484 97.0701 137.203 203.073 160.059 97.0543 93.456 90.4743 79.3245 67.007 88.2203 63.1812 61.9629 60.6923
threshold=0 1 2 332.00000000000006 25.500000000000004 3 5.5000000000000009 23.500000000000004 1.0000000180025095e-35 -1104.9999999999998 29.500000000000004 2.5000000000000004 86.850000000000009 -655.49999999999989 11.500000000000002 785.00000000000011 28.500000000000004 1.7500000000000002 245.00000000000003 3.5000000000000004 16.500000000000004 3.5000000000000004 25.500000000000004 15.500000000000002 74.850000000000009 18.500000000000004 18.250000000000004 11.583333333333334 28.500000000000004 2.5000000000000004
decision_type=9 9 9 2 2 9 2 2 2 2 2 2 2 2 2 2 2 2 2 2 2 2 2 2 2 2 2 2 2 2
left_child=-1 2 3 4 29 6 10 -8 9 25 13 -5 22 23 -13 16 27 18 19 -6 -20 -22 24 -3 -11 -9 -27 -15 -14 -2
right_child=1 5 -4 11 17 -7 7 8 -10 12 -12 14 28 15 -16 -17 -18 -19 20 -21 21 -23 -24 -25 -26 26 -28 -29 -30 -31
leaf_value=3.542898827646468e-08 -4.2075800769758585e-06 0.00058111776413514169 -3.0640344359955664e-06 -3.0640344359955664e-06 -1.0686503166379425e-06 -1.1237313644363312e-05 -0.049599963232094792 0.00036731267646299419 0.23446307026954161 0.34679046703593369 -0.0044908983363760591 -0.0050934476417777933 0.31341064917247696 -0.0033985595427788342 0.00067320330422555592 0.00033328152592670968 0.0013466615366229729 -1.1021856643766981e-05 1.6606199199742378e-06 2.4777436850698112e-06 1.2246809872884512e-06 -7.4747343159486948e-08 -0.00028090395891515739 0.00057903758753674595 -0.015010602978077615 0.00011710461442357989 -0.0055285938057465962 1.1056542330484735 -0.0006669017605828387 0.0057864155130079812
leaf_weight=16643 1571 360 15271 4513 115 383118 567 903 131 48 729 97 58 423 102 114 251 368 116 646 36 185 1301 324 591 259 241 34 645 129
leaf_count=16643 1571 360 15271 4513 115 383118 567 903 131 48 729 97 58 423 102 114 251 368 116 646 36 185 1301 324 591 259 241 34 645 129
internal_value=-0.000455583 -0.00241739 -0.040358 -0.0237576 0.00502211 -0.000164955 -0.00796251 -0.014102 -0.00980369 -0.01174 0.00503356 -0.0431452 -0.0200341 0.0151394 0.00175879 0.000486618 -0.00748588 0.0189632 0.0264117 0.0381735 -0.000148368 -0.0251131 -0.0274742 0.0327485 -0.0118153 0.00388453 -0.0108 -0.0243982 0.000497866 -0.007
internal_weight=429889 413246 23149 7878 3166 390097 6979 4744 4177 4046 2235 4712 2643 1506 199 822 708 1466 1098 761 337 221 1940 684 639 1403 500 457 703 1700
internal_count=429889 413246 23149 7878 3166 390097 6979 4744 4177 4046 2235 4712 2643 1506 199 822 708 1466 1098 761 337 221 1940 684 639 1403 500 457 703 1700
cat_boundaries=0 2 4 5 6
cat_threshold=2147483648 1049088 32898 1077936128 32768 33554432
is_linear=0
shrinkage=0.05


Tree=235
num_leaves=31
num_cat=4
split_feature=0 0 0 11 3 0 4 3 14 11 6 1 5 1 9 11 11 6 11 10 1 10 3 1 5 3 1 5 6 5
split_gain=16421.1 14110.8 1310.5 1771.23 206.518 177.072 282.632 244.372 210.056 199.879 167.58 161.632 175.489 150.186 122.549 108.472 123.254 97.0701 137.203 203.073 160.059 97.0543 96.1581 92.3065 75.1592 60.7529 63.0417 60.5122 73.2121 80.1232
threshold=0 1 2 332.00000000000006 25.500000000000004 3 5.5000000000000009 23.500000000000004 29.500000000000004 1.0000000180025095e-35 2.5000000000000004 17.500000000000004 86.850000000000009 11.500000000000002 11.500000000000002 -655.49999999999989 785.00000000000011 1.7500000000000002 245.00000000000003 3.5000000000000004 16.500000000000004 3.5000000000000004 25.500000000000004 18.500000000000004 74.850000000000009 28.500000000000004 9.5000000000000018 82.200000000000003 1.7500000000000002 80.450000000000017
decision_type=9 9 9 2 2 9 2 2 2 2 2 2 2 2 2 2 2 2 2 2 2 2 2 2 2 2 2 2 2 2
left_child=-1 2 3 4 27 6 8 -8 14 11 -5 12 22 -12 15 23 -17 18 19 -6 -20 -22 24 -3 -9 -14 -27 28 29 -2
right_child=1 5 -4 10 17 -7 7 9 -10 -11 13 -13 25 -15 -16 16 -18 -19 20 -21 21 -23 -24 -25 -26 26 -28 -29 -30 -31
leaf_value=3.3657538889286796e-08 -3.972143597286149e-06 0.00076024709852731134 -2.9108327141980084e-06 -2.9108327141980084e-06 -1.015217800803825e-06 -1.0675447962160689e-05 -0.047119965070490058 0.32945094368413702 -0.0042663534195572341 0.22273991675606455 -0.0048387752596889214 1.3184947926081492e-05 0.29774011671385309 0.00063954313901426474 0.00069585414251567286 -0.0032286315656398835 0.00030692117320030299 -1.0470763811598617e-05 1.5775889239844078e-06 2.3538565008252021e-06 1.1634469379018242e-06 -7.100997598818993e-08 -0.00026685876096941289 -0.0096739306721790111 -0.014260072829173742 -0.00098384544727312404 0.00052368867195720095 -1.5611865477671572e-05 0.0056750815697300897 0.21702514035286305
leaf_weight=16643 1121 184 15271 4513 115 383118 567 45 729 131 97 1495 58 102 960 275 53 368 116 646 36 185 1244 34 566 242 396 286 232 61
leaf_count=16643 1121 184 15271 4513 115 383118 567 45 729 131 97 1495 58 102 960 275 53 368 116 646 36 185 1244 34 566 242 396 286 232 61
internal_value=-0.00045093 -0.00241255 -0.0403321 -0.0236815 0.00521162 -0.000161366 -0.00804836 -0.0149663 0.00659955 -0.0107853 -0.0431452 -0.0127533 -0.0204038 0.00175879 0.0172643 -0.00164835 -0.0198171 0.0189632 0.0264117 0.0381735 -0.000148368 -0.0251131 -0.0284367 0.0256881 -0.0121931 0.00100575 -0.00344828 -0.00664706 -0.00240453 -0.00744501
internal_weight=429889 413246 23149 7878 3166 390097 6979 4744 2235 4177 4712 4046 2551 199 1506 546 328 1466 1098 761 337 221 1855 218 611 696 638 1700 1414 1182
internal_count=429889 413246 23149 7878 3166 390097 6979 4744 2235 4177 4712 4046 2551 199 1506 546 328 1466 1098 761 337 221 1855 218 611 696 638 1700 1414 1182
cat_boundaries=0 2 4 5 6
cat_threshold=2147483648 1049088 32898 1077936128 32768 33554432
is_linear=0
shrinkage=0.05


Tree=236
num_leaves=31
num_cat=4
split_feature=0 0 0 11 0 10 3 6 11 1 5 1 5 9 5 2 6 11 10 1 10 6 2 3 16 5 11 5 16 6
split_gain=16444.6 14132 1290.58 1736.69 274.891 221.231 220.994 167.58 164.979 156.566 156.539 150.186 134.328 131.945 142.658 109.91 97.0701 137.203 203.073 160.059 97.0543 73.511 69.7784 68.3186 82.941 76.1532 69.3476 65.7222 65.0729 62.6572
threshold=0 1 2 332.00000000000006 3 13.500000000000002 25.500000000000004 2.5000000000000004 785.00000000000011 17.500000000000004 82.90000000000002 11.500000000000002 85.850000000000009 1.5000000000000002 68.850000000000009 3.5000000000000004 1.7500000000000002 245.00000000000003 3.5000000000000004 16.500000000000004 3.5000000000000004 2.5000000000000004 2.5000000000000004 22.500000000000004 9.4833333333333361 77.050000000000011 -655.49999999999989 86.500000000000014 11.91666666666667 2.5000000000000004
decision_type=9 9 9 2 9 2 2 2 2 2 2 2 2 2 2 2 2 2 2 2 2 2 2 2 2 2 2 2 2 2
left_child=-1 2 3 6 5 8 29 -5 9 13 15 -9 -12 27 -15 22 17 18 -8 -19 -21 -11 -7 25 -25 -16 -27 -3 -28 -2
right_child=1 4 -4 7 -6 10 16 11 -10 21 12 -13 -14 14 23 -17 -18 19 -20 20 -22 -23 -24 24 -26 26 28 -29 -30 -31
leaf_value=3.1974661940381564e-08 -6.3574495727802827e-06 0.0012036012177000011 -2.7652910784770058e-06 -2.7652910784770058e-06 -1.0141675564057096e-05 0.00045396192120734647 -9.6445691077917672e-07 -0.0045968364967044822 0.00023342740845624379 -7.1218459315236519e-06 -0.013798044382378328 0.00060756598206355159 0.00011059013630609904 0.085769689498368162 -0.00018544334178765 0.0015223079173375177 -9.9472256210209064e-06 1.4987094777652033e-06 2.236163675783942e-06 1.1052745910067329e-06 -6.7459477204323556e-08 -0.058577743550639563 -0.016042022260483967 -0.00038910505174776237 0.0021621488814541844 0.00063200530167275561 -0.0050622659084055503 -0.067940607862847946 0.55033672868892403 0.0052133406588710691
leaf_weight=16643 1571 288 15271 4513 383118 541 115 97 90 1341 432 102 1098 58 605 418 368 116 646 36 185 85 155 1499 62 78 146 48 35 129
leaf_count=16643 1571 288 15271 4513 383118 541 115 97 90 1341 432 102 1098 58 605 418 368 116 646 36 185 85 155 1499 62 78 146 48 35 129
internal_value=-0.000485823 -0.00244885 -0.0403968 -0.0238717 -0.000195972 -0.0100229 0.00473784 -0.0431452 -0.0169896 -0.0184099 0.00136157 0.00175879 -0.00901961 -0.0252394 -0.0292187 0.0156194 0.0189632 0.0264117 0.0381735 -0.000148368 -0.0251131 -0.00490884 0.00344828 -0.0310722 -0.0373158 -0.0197917 0.00289575 0.00416667 -0.0140884 -0.00752941
internal_weight=429889 413246 23149 7878 390097 6979 3166 4712 4335 4245 2644 199 1530 2819 2483 1114 1466 1098 761 337 221 1426 696 2425 1561 864 259 336 181 1700
internal_count=429889 413246 23149 7878 390097 6979 3166 4712 4335 4245 2644 199 1530 2819 2483 1114 1466 1098 761 337 221 1426 696 2425 1561 864 259 336 181 1700
cat_boundaries=0 2 4 5 6
cat_threshold=2147483648 1049088 32898 1077936128 32768 33554432
is_linear=0
shrinkage=0.05


Tree=237
num_leaves=31
num_cat=4
split_feature=0 0 0 11 0 10 3 6 11 1 1 16 9 5 5 5 2 6 11 10 1 10 6 3 16 5 11 5 16 2
split_gain=16436.3 14083.7 1314.51 1778.18 250.351 251.374 203.682 167.58 164.979 156.566 150.186 139.181 131.945 142.658 109.542 159.918 110.691 97.0701 137.203 203.073 160.059 97.0543 73.511 68.3186 82.941 76.1532 69.3476 65.7222 65.0729 63.1617
threshold=0 1 2 332.00000000000006 3 13.500000000000002 25.500000000000004 2.5000000000000004 785.00000000000011 17.500000000000004 11.500000000000002 20.750000000000004 1.5000000000000002 68.850000000000009 82.90000000000002 84.250000000000014 3.5000000000000004 1.7500000000000002 245.00000000000003 3.5000000000000004 16.500000000000004 3.5000000000000004 2.5000000000000004 22.500000000000004 9.4833333333333361 77.050000000000011 -655.49999999999989 86.500000000000014 11.91666666666667 2.5000000000000004
decision_type=9 9 9 2 9 2 2 2 2 2 2 2 2 2 2 2 2 2 2 2 2 2 2 2 2 2 2 2 2 2
left_child=-1 2 3 6 5 8 -2 -5 9 12 -9 14 27 -14 16 -16 29 18 19 -8 -20 -22 -11 25 -25 -15 -27 -3 -28 -7
right_child=1 4 -4 7 -6 11 17 10 -10 22 -12 -13 13 23 15 -17 -18 -19 20 -21 21 -23 -24 24 -26 26 28 -29 -30 -31
leaf_value=3.0375928883330516e-08 -3.0654362971116459e-06 0.0011434211568150056 -2.6270265245376123e-06 -2.6270265245376123e-06 -9.6345917858453603e-06 0.00056095937666214015 -9.1623406524021793e-07 -0.0043669946718692737 0.00022175603803344936 -6.7657536349408078e-06 0.00057718768296037841 -0.0053546720271678621 0.081481205023449743 -0.00017617117469828083 -0.01604451149416115 0.00034814369523159531 0.0014461925214706462 -9.4498643399720815e-06 1.4237740038947068e-06 2.1243554920058473e-06 1.0500108614586169e-06 -6.4086503348548268e-08 -0.055648856373107597 -0.00036964979916036538 0.0020540414373814821 0.00060040503658913562 -0.0048091526129852907 -0.064543577469705543 0.52281989225447789 -0.0063696212124852549
leaf_weight=16643 1700 288 15271 4513 383118 529 115 97 90 1341 102 206 58 605 238 1122 406 368 116 646 36 185 85 1499 62 78 146 48 35 143
leaf_count=16643 1700 288 15271 4513 383118 529 115 97 90 1341 102 206 58 605 238 1122 406 368 116 646 36 185 85 1499 62 78 146 48 35 143
internal_value=-0.000473494 -0.00243602 -0.0403191 -0.0236435 -0.000187 -0.00956503 0.00530638 -0.0431452 -0.0169896 -0.0184099 0.00175879 0.00257186 -0.0252394 -0.0292187 0.00590648 -0.00352941 0.0178108 0.0189632 0.0264117 0.0381735 -0.000148368 -0.0251131 -0.00490884 -0.0310722 -0.0373158 -0.0197917 0.00289575 0.00416667 -0.0140884 0.00535714
internal_weight=429889 413246 23149 7878 390097 6979 3166 4712 4335 4245 199 2644 2819 2483 2438 1360 1078 1466 1098 761 337 221 1426 2425 1561 864 259 336 181 672
internal_count=429889 413246 23149 7878 390097 6979 3166 4712 4335 4245 199 2644 2819 2483 2438 1360 1078 1466 1098 761 337 221 1426 2425 1561 864 259 336 181 672
cat_boundaries=0 2 4 5 6
cat_threshold=2147483648 1049088 32898 1077936128 32768 33554432
is_linear=0
shrinkage=0.05


Tree=238
num_leaves=31
num_cat=6
split_feature=0 0 0 11 3 6 1 0 3 6 11 10 1 10 2 10 14 0 6 3 1 10 5 1 15 9 16 10 15 0
split_gain=16394.1 14064.7 1342.7 1827.2 184.377 167.58 150.186 106.685 168.459 97.0701 137.203 203.073 160.059 97.0543 81.7148 124.919 101.111 88.2633 150.999 112.286 122.399 93.0129 89.7236 83.1522 82.926 75.1703 73.9315 72.1439 71.5808 184.173
threshold=0 1 2 332.00000000000006 25.500000000000004 2.5000000000000004 11.500000000000002 3 21.500000000000004 1.7500000000000002 245.00000000000003 3.5000000000000004 16.500000000000004 3.5000000000000004 4.5000000000000009 14.500000000000002 115.00000000000001 4 2.5000000000000004 25.500000000000004 19.500000000000004 1.5000000000000002 79.200000000000017 17.500000000000004 3.1583333333333337 32.500000000000007 20.583333333333339 9.5000000000000018 8.0416666666666696 5
decision_type=9 9 9 2 2 2 2 9 2 2 2 2 2 2 2 2 2 9 2 2 2 2 2 2 2 2 2 2 2 9
left_child=-1 2 3 4 -2 -5 -7 8 -3 10 11 -6 -12 -14 15 17 23 18 19 -10 22 -19 -21 -17 -23 -25 -27 -26 -9 -30
right_child=1 7 -4 5 9 6 -8 28 14 -11 12 -13 13 -15 -16 16 -18 21 -20 20 -22 24 -24 25 27 26 -28 -29 29 -31
leaf_value=2.8857132416959533e-08 -2.9121644822716066e-06 0.0011451103972413891 -2.4956751983218341e-06 -2.4956751983218341e-06 -8.7042236196488432e-07 -0.0041486449382758033 0.00054832829881235057 0.00018831840793969158 6.0676167355389056e-06 -8.977371122975698e-06 1.3525853037155145e-06 2.0181377173855708e-06 9.9751031839012678e-07 -6.0882178187782188e-08 -0.022663688807020899 -0.0047721474978928763 0.22179649334658258 -0.080594708453804217 -0.067219253395940856 -0.00031759591409548095 0.00043613733978471459 0.0015497304100428268 -4.3584228459447874e-05 -0.00039575996730369936 -0.024685857254867119 0.096740783868047409 -0.0049906192683125024 -0.14234373334919354 -0.0540243361382464 0.0013172860947992416
leaf_weight=16643 1700 10276 15271 4513 115 97 102 327583 766 368 116 646 36 185 10443 7280 694 2057 263 480 311 8590 580 1556 1456 1602 121 697 6632 8710
leaf_count=16643 1700 10276 15271 4513 115 97 102 327583 766 368 116 646 36 185 10443 7280 694 2057 263 480 311 8590 580 1556 1456 1602 121 697 6632 8710
internal_value=-0.00041092 -0.00237093 -0.0402284 -0.0233773 0.00596968 -0.0431452 0.00175879 -0.000123428 -0.00235259 0.0189632 0.0264117 0.0381735 -0.000148368 -0.0251131 -0.00392997 -0.00245152 0.00154181 -0.00540789 -0.0141909 -0.00985026 -0.0184172 -0.00374707 -0.0265094 0.000326735 -0.00188495 0.00693809 0.0141323 -0.0106595 0.000183271 -0.00315474
internal_weight=429889 413246 23149 7878 3166 4712 199 390097 47172 1466 1098 761 337 221 36896 26453 11253 15200 2400 2137 1371 12800 1060 10559 10743 3279 1723 2153 342925 15342
internal_count=429889 413246 23149 7878 3166 4712 199 390097 47172 1466 1098 761 337 221 36896 26453 11253 15200 2400 2137 1371 12800 1060 10559 10743 3279 1723 2153 342925 15342
cat_boundaries=0 2 4 5 8 9 11
cat_threshold=2147483648 1049088 32898 1077936128 32768 302252032 4112 4 33554432 1140863044 1006716008
is_linear=0
shrinkage=0.05


Tree=239
num_leaves=31
num_cat=8
split_feature=0 0 0 11 3 6 1 6 11 10 1 10 0 3 11 5 11 0 11 9 5 0 2 1 5 5 2 0 0 2
split_gain=16364 14099.2 1342.7 1827.2 184.377 167.58 150.186 97.0701 137.203 203.073 160.059 97.0543 70.0411 174.709 86.8131 195.584 213.277 122.273 102.771 95.6224 85.157 335.737 249.676 305.676 308.221 281.941 322.979 363.344 242.576 236.741
threshold=0 1 2 332.00000000000006 25.500000000000004 2.5000000000000004 11.500000000000002 1.7500000000000002 245.00000000000003 3.5000000000000004 16.500000000000004 3.5000000000000004 3 21.500000000000004 275.00000000000006 86.250000000000014 525.00000000000011 4 -825.49999999999989 3.5000000000000004 79.200000000000017 5 1.5000000000000002 9.5000000000000018 77.750000000000014 76.850000000000009 1.0000000180025095e-35 6 7 2.5000000000000004
decision_type=9 9 9 2 2 2 2 2 2 2 2 2 9 2 2 2 2 9 2 2 2 9 2 2 2 2 2 9 9 2
left_child=-1 2 3 4 -2 -5 -7 8 9 -6 -10 -12 13 -3 18 17 -17 19 -15 -16 22 -22 23 28 25 26 27 -25 -14 -24
right_child=1 12 -4 5 7 6 -8 -9 10 -11 11 -13 20 14 15 16 -18 -19 -20 -21 21 -23 29 24 -26 -27 -28 -29 -30 -31
leaf_value=2.74142758271978e-08 -2.7665562581713491e-06 0.0021699278873447804 -2.370891438419065e-06 -2.370891438419065e-06 -8.2690124387774237e-07 -0.0039412126913620062 0.00052091188387173306 -8.5285025668291325e-06 1.2849560385497229e-06 1.9172308315162922e-06 9.4763480245063653e-07 -5.7838069267290852e-08 0.013142592423405076 -0.0012687305153403551 0.06274795288625877 -0.18117495416453641 -0.018756964534745804 -0.11112304701361531 9.344522516294696e-05 -0.0045095545856096656 0.087222320999796904 0.00023059162714180739 0.051845819285861697 0.031568608186593038 -0.0658761425886258 0.027425066915116061 -0.06806821457358013 -0.030403018955902583 0.00026999387331811954 -0.00079943658661982839
leaf_weight=16643 1700 15697 15271 4513 115 97 102 368 116 646 36 185 1718 26066 1552 2855 3467 2597 23657 4790 8348 154361 21234 7356 8314 8119 7920 8342 3849 79855
leaf_count=16643 1700 15697 15271 4513 115 97 102 368 116 646 36 185 1718 26066 1552 2855 3467 2597 23657 4790 8348 154361 21234 7356 8314 8119 7920 8342 3849 79855
internal_value=-0.000366257 -0.00232447 -0.0402284 -0.0233773 0.00596968 -0.0431452 0.00175879 0.0189632 0.0264117 0.0381735 -0.000148368 -0.0251131 -7.42104e-05 -0.00138615 -0.00252985 -0.00582858 -0.0125593 -0.00106835 -0.00151741 0.00267632 0.000267915 0.00105557 -0.000605629 -0.00367618 -0.00520212 -0.00295712 -0.00572021 -0.00156708 0.00730196 0.000780006
internal_weight=429889 413246 23149 7878 3166 4712 199 1466 1098 761 337 221 390097 80681 64984 15261 6322 8939 49723 6342 309416 162709 146707 45618 40051 31737 23618 15698 5567 101089
internal_count=429889 413246 23149 7878 3166 4712 199 1466 1098 761 337 221 390097 80681 64984 15261 6322 8939 49723 6342 309416 162709 146707 45618 40051 31737 23618 15698 5567 101089
cat_boundaries=0 2 4 5 8 10 12 15 17
cat_threshold=2147483648 1049088 32898 1077936128 32768 302256192 4146 6 33820672 18 0 81920 210314240 673980872 9 537936144 2217287680
is_linear=0
shrinkage=0.05


Tree=240
num_leaves=31
num_cat=11
split_feature=0 0 0 11 3 6 1 6 11 10 1 10 0 3 3 0 0 0 1 12 0 1 0 11 0 9 11 1 0 10
split_gain=16349.9 14070.5 1361.66 1860.25 172.041 167.58 150.186 97.0701 137.203 203.073 160.059 97.0543 72.7135 192.042 81.7833 565.001 361.206 292.87 153.898 136.872 212.48 139.802 284.44 223.814 309.443 139.361 120.755 142.261 162.244 129.64
threshold=0 1 2 332.00000000000006 25.500000000000004 2.5000000000000004 11.500000000000002 1.7500000000000002 245.00000000000003 3.5000000000000004 16.500000000000004 3.5000000000000004 3 21.500000000000004 24.500000000000004 4 5 6 16.500000000000004 13.750000000000002 7 9.5000000000000018 8 525.00000000000011 9 5.5000000000000009 -1347.4999999999998 11.500000000000002 10 16.500000000000004
decision_type=9 9 9 2 2 2 2 2 2 2 2 2 9 2 2 9 9 9 2 2 9 2 9 2 9 2 2 2 9 2
left_child=-1 2 3 4 -2 -5 -7 8 9 -6 -10 -12 13 -3 15 17 -16 18 -14 21 25 22 -17 24 26 -21 -23 28 -28 -29
right_child=1 12 -4 5 7 6 -8 -9 10 -11 11 -13 14 -15 16 19 -18 -19 -20 20 -22 23 -24 -25 -26 -27 27 29 -30 -31
leaf_value=2.6043562062483262e-08 -2.6282284452783247e-06 0.0026283290170320498 -2.2523468664825686e-06 -2.2523468664825686e-06 -7.8555618170383929e-07 -0.0037441520567939261 0.00049486628967816422 -8.1020774384654721e-06 1.2207082366266776e-06 1.8213692899227142e-06 9.0025306231922286e-07 -5.4946165795044524e-08 0.18025053161888424 -0.0069234496372990511 -0.01519492874933266 0.0069056850649735326 0.00081445026641477911 0.011715740592308422 1.0025423066861572 -0.01667393607687746 -0.011579042402932595 -0.028652320270175304 -0.0046526100643625506 -0.15519549445320743 -0.020980726717301224 0.057994736203820452 0.31933145727164658 0.050059553998145483 -0.14903744339261685 -0.013103213536333947
leaf_weight=16643 1700 13846 15271 4513 115 97 102 368 116 646 36 185 2413 55008 48156 2880 139475 29391 1446 4170 15820 1420 5042 3618 34841 13521 346 12653 1654 4397
leaf_count=16643 1700 13846 15271 4513 115 97 102 368 116 646 36 185 2413 55008 48156 2880 139475 29391 1446 4170 15820 1420 5042 3618 34841 13521 346 12653 1654 4397
internal_value=-0.000345322 -0.00230269 -0.040168 -0.0231998 0.00641188 -0.0431452 0.00175879 0.0189632 0.0264117 0.0381735 -0.000148368 -0.0251131 -5.47286e-05 -0.0015291 0.000261321 -0.00068407 0.000934547 0.00496392 0.0178987 -0.00255549 5.22217e-05 -0.00386307 0.00237314 -0.00470142 -0.00391333 0.00381617 0.000966797 0.00201575 -0.0106 0.0034956
internal_weight=429889 413246 23149 7878 3166 4712 199 1466 1098 761 337 221 390097 68854 321243 133612 187631 33250 3859 100362 33511 66851 7922 58929 55311 17691 20470 19050 2000 17050
internal_count=429889 413246 23149 7878 3166 4712 199 1466 1098 761 337 221 390097 68854 321243 133612 187631 33250 3859 100362 33511 66851 7922 58929 55311 17691 20470 19050 2000 17050
cat_boundaries=0 2 4 5 8 10 12 14 17 19 22 23
cat_threshold=2147483648 1049088 32898 1077936128 32768 302256192 4144 4 1048580 1007028352 1114116 738592770 0 262272 17392912 50856008 9 16656 2166957056 1166540800 2147565576 9 1073741824
is_linear=0
shrinkage=0.05


Tree=241
num_leaves=31
num_cat=10
split_feature=0 0 0 11 3 6 1 6 11 1 11 0 0 0 0 12 6 9 12 1 3 16 4 0 0 5 11 11 0 11
split_gain=16281.5 14097.7 1383.48 1898.38 188.977 167.58 150.186 113.203 188.605 152.823 88.0486 556.298 106.493 72.9972 70.8598 140.827 264.441 130.935 122.791 201.733 164.186 135.978 114.513 298.745 123.841 114.49 102.438 94.403 438.985 169.672
threshold=0 1 2 332.00000000000006 26.500000000000004 2.5000000000000004 11.500000000000002 1.7500000000000002 245.00000000000003 16.500000000000004 813.00000000000011 3 4 5 6 13.250000000000002 2.5000000000000004 57.500000000000007 12.500000000000002 14.500000000000002 23.500000000000004 20.416666666666668 5.5000000000000009 7 8 69.350000000000009 -655.49999999999989 725.00000000000011 9 693.00000000000011
decision_type=9 9 9 2 2 2 2 2 2 2 2 9 9 9 9 2 2 2 2 2 2 2 2 9 9 2 2 2 9 2
left_child=-1 2 3 4 -2 -5 -7 8 -6 -10 14 13 -13 -12 15 18 17 25 20 -20 21 22 24 -24 26 -17 -3 29 -29 -16
right_child=1 10 -4 5 7 6 -8 -9 9 -11 11 12 -14 -15 27 16 -18 -19 19 -21 -22 -23 23 -25 -26 -27 -28 28 -30 -31
leaf_value=2.4741383963799992e-08 -1.0803583191165701e-06 0.0004153732435307589 -2.1397295231651016e-06 -2.1397295231651016e-06 1.7303008254199171e-06 -0.0035569444539542252 0.00047012297519426487 -7.6969735665510807e-06 1.1596728247909028e-06 -5.2198857503071853e-08 0.0059456186579564642 -0.079290058042288239 -0.0059436537386309499 0.0015437943334270178 -6.9581555992348498e-05 0.23841813466610531 2.9302404883109712 -0.52271408565952682 -0.010112222174587161 1.0561601974828101 0.00041738459480464843 -0.018183593210819773 0.001319767190952348 -0.043335375324032338 -0.0048723136087731158 -0.0048449257946855178 -0.0082889978642446405 -0.0049320297168248487 0.01038771647209682 -0.064150523008670121
leaf_weight=16643 1895 803 15271 4513 649 97 102 338 99 185 514 920 1522 1588 335457 385 241 482 1050 1202 14111 273 1124 511 2654 7733 344 5383 8393 5407
leaf_count=16643 1895 803 15271 4513 649 97 102 338 99 185 514 920 1522 1588 335457 385 241 482 1050 1202 14111 273 1124 511 2654 7733 344 5383 8393 5407
internal_value=-0.000243668 -0.00219694 -0.0400989 -0.022997 0.00691725 -0.0431452 0.00175879 0.0218332 0.0308146 -0.00316901 5.31905e-05 -0.0068662 -0.0230424 0.0119792 0.000134742 0.00243023 -0.00290126 -0.00434884 0.00456687 0.0156306 0.00330979 -0.00384481 -0.00211553 -0.0131804 0.00264404 -0.00284553 0.0162921 -6.54166e-05 0.00399245 -0.000229417
internal_weight=429889 413246 23149 7878 3166 4712 199 1271 933 284 390097 4544 2442 2102 385553 30913 8841 8600 22072 2252 19820 5709 5436 1635 3801 8118 1147 354640 13776 340864
internal_count=429889 413246 23149 7878 3166 4712 199 1271 933 284 390097 4544 2442 2102 385553 30913 8841 8600 22072 2252 19820 5709 5436 1635 3801 8118 1147 354640 13776 340864
cat_boundaries=0 2 4 5 8 10 12 15 18 19 22
cat_threshold=2147483648 1049088 32898 1077936128 32768 545861908 2771133442 1 17408 436224088 0 2686976002 33554432 278528 2 0 16384 2 33554432 1761689872 2449473624 1
is_linear=0
shrinkage=0.05


Tree=242
num_leaves=31
num_cat=11
split_feature=0 0 0 11 3 6 1 6 11 10 1 10 14 7 0 0 3 1 11 0 1 0 3 0 0 0 0 1 11 5
split_gain=16262.5 14161.5 1365.73 1867.37 169.453 167.58 150.186 97.0701 137.203 203.073 160.059 97.0543 63.2873 141.831 122.592 67.943 218.078 164.636 184.006 128.588 120.017 124.006 108.161 528.38 377.735 237.123 167.316 149.372 146.215 129.715
threshold=0 1 2 332.00000000000006 25.500000000000004 2.5000000000000004 11.500000000000002 1.7500000000000002 245.00000000000003 3.5000000000000004 16.500000000000004 3.5000000000000004 115.00000000000001 1.0000000180025095e-35 3 4 21.500000000000004 13.500000000000002 295.00000000000006 5 8.5000000000000018 6 24.500000000000004 7 8 9 10 16.500000000000004 -774.99999999999989 77.050000000000011
decision_type=9 9 9 2 2 2 2 2 2 2 2 2 2 2 9 9 2 2 2 9 2 9 2 9 9 9 9 2 2 2
left_child=-1 2 3 4 -2 -5 -7 8 9 -6 -10 -12 15 14 -14 16 -3 19 -19 -18 21 -21 23 25 -24 27 28 -17 29 -26
right_child=1 12 -4 5 7 6 -8 -9 10 -11 11 -13 13 -15 -16 22 17 18 -20 20 -22 -23 24 -25 26 -27 -28 -29 -30 -31
leaf_value=2.3504314761169099e-08 -2.4427991070385959e-06 0.030388332820619191 -2.0327430469979646e-06 -2.0327430469979646e-06 -7.1814418221016754e-07 -0.0033790972312565341 0.0004466168264345427 -7.3121248882035424e-06 1.1016891835691212e-06 1.6437857841555825e-06 9.0925832516575158e-07 -4.9588914619036474e-08 0.15073225398795156 -0.24356269693352212 -0.0014837883777021556 0.15202177078261769 0.039784540521808825 -0.030034841270199578 -0.14726663188540565 -0.068872204878310986 -0.002180493944115014 -0.067618261737115853 -0.0012450156237790557 -0.0045683077898514227 0.0010261423245154777 0.022509084858201869 0.001368271387657094 0.9065831458589706 0.0006300361579660408 -0.00015332994388370658
leaf_weight=16643 1700 13287 15271 4513 115 97 102 368 116 646 36 185 3631 317 3138 2413 6494 28218 3891 964 12691 968 69012 103312 559 25094 110405 1446 2042 2215
leaf_count=16643 1700 13287 15271 4513 115 97 102 368 116 646 36 185 3631 317 3138 2413 6494 28218 3891 964 12691 968 69012 103312 559 25094 110405 1446 2042 2215
internal_value=-0.000215288 -0.00216742 -0.040155 -0.0231618 0.00650663 -0.0431452 0.00175879 0.0189632 0.0264117 0.0381735 -0.000148368 -0.0251131 8.77964e-05 0.00476997 0.00630078 1.1749e-06 -0.00145138 -0.00288205 -0.00513719 0.000546953 -0.00205358 -0.0136646 0.000306469 -0.00078441 0.00108965 0.0051842 0.00284168 0.0167097 0.0119561 0.00450613
internal_weight=429889 413246 23149 7878 3166 4712 199 1466 1098 761 337 221 390097 7086 6769 383011 66513 53226 32109 21117 14623 1932 316498 132265 184233 28953 115221 3859 4816 2774
internal_count=429889 413246 23149 7878 3166 4712 199 1466 1098 761 337 221 390097 7086 6769 383011 66513 53226 32109 21117 14623 1932 316498 132265 184233 28953 115221 3859 4816 2774
cat_boundaries=0 2 4 5 8 11 13 15 17 19 21 22
cat_threshold=2147483648 1049088 32898 1077936128 32768 302003200 536889376 4 268709952 4144 4 270336 32 268439552 4096 1048580 738592896 1091633156 1007028354 0 262272 167772160
is_linear=0
shrinkage=0.05


Tree=243
num_leaves=31
num_cat=8
split_feature=0 0 0 11 3 6 1 6 11 10 1 10 0 11 6 9 11 9 0 9 1 9 10 0 0 12 0 2 9 9
split_gain=16262.5 14161.5 1365.73 1867.37 169.453 167.58 150.186 97.0701 137.203 203.073 160.059 97.0543 65.3211 191.042 184.637 128.66 124.824 104.036 274.823 275.871 201.882 179.938 210.928 319.986 194.682 174.548 291.201 169.687 179.756 413.578
threshold=0 1 2 332.00000000000006 25.500000000000004 2.5000000000000004 11.500000000000002 1.7500000000000002 245.00000000000003 3.5000000000000004 16.500000000000004 3.5000000000000004 3 340.50000000000006 2.5000000000000004 16.500000000000004 -1144.9999999999998 2.5000000000000004 4 1.5000000000000002 15.500000000000002 5.5000000000000009 8.5000000000000018 5 6 13.750000000000002 7 1.5000000000000002 7.5000000000000009 13.500000000000002
decision_type=9 9 9 2 2 2 2 2 2 2 2 2 9 2 2 2 2 2 9 2 2 2 2 9 9 2 9 2 2 2
left_child=-1 2 3 4 -2 -5 -7 8 9 -6 -10 -12 13 16 15 -15 -3 18 -14 20 -20 22 23 -19 -24 -23 -27 28 -28 -30
right_child=1 12 -4 5 7 6 -8 -9 10 -11 11 -13 17 14 -16 -17 -18 21 19 -21 -22 25 24 -25 -26 26 27 -29 29 -31
leaf_value=2.2329099014228859e-08 -2.3206591516888866e-06 -0.002056984672040674 -1.9311058946591687e-06 -1.9311058946591687e-06 -6.8223697309299784e-07 -0.0032101423696937028 0.00042428598511285999 -6.9465186438133493e-06 1.0466047243973265e-06 1.5615964949589057e-06 8.637954088897005e-07 -4.7109468903627777e-08 0.011141062266061041 -0.00020002464010011601 2.2543220882169552 -0.098065152922331811 0.00051051877289043368 0.0024975324912984934 0.0011884922263364574 0.049909906242390716 -0.046972255256376633 -0.00095462124651120035 -0.015679217126578115 -0.16812582760614581 0.00065640168390057596 0.10777036880499261 0.087189689539534501 0.0061086662224234985 -0.15516515284039639 -0.0025221662317668429
leaf_weight=16643 1700 6219 15271 4513 115 97 102 368 116 646 36 185 18759 4407 191 3169 22143 1009 8138 5461 7907 196671 10656 2681 17465 8429 2556 53681 3559 16996
leaf_count=16643 1700 6219 15271 4513 115 97 102 368 116 646 36 185 18759 4407 191 3169 22143 1009 8138 5461 7907 196671 10656 2681 17465 8429 2556 53681 3559 16996
internal_value=-0.000215288 -0.00216742 -0.040155 -0.0231618 0.00650663 -0.0431452 0.00175879 0.0189632 0.0264117 0.0381735 -0.000148368 -0.0251131 8.77964e-05 0.00211268 -0.00483456 -0.00605861 0.00401594 -0.000118934 0.00227369 -0.00158487 -0.00488937 -0.00042604 -0.00399076 -0.0152304 -0.00251591 -2.3768e-05 0.00186632 0.000897112 -0.00268487 -0.00423984
internal_weight=429889 413246 23149 7878 3166 4712 199 1466 1098 761 337 221 390097 36129 7767 7576 28362 353968 40265 21506 16045 313703 31811 3690 28121 281892 85221 76792 23111 20555
internal_count=429889 413246 23149 7878 3166 4712 199 1466 1098 761 337 221 390097 36129 7767 7576 28362 353968 40265 21506 16045 313703 31811 3690 28121 281892 85221 76792 23111 20555
cat_boundaries=0 2 4 5 7 10 13 15 17
cat_threshold=2147483648 1049088 32898 1077936128 32768 167772160 268713984 67978256 671752699 10 603996432 69337409 2 68445460 554181673 28740 185075712
is_linear=0
shrinkage=0.05


Tree=244
num_leaves=31
num_cat=9
split_feature=0 0 0 11 3 6 1 6 11 10 1 10 11 0 11 0 0 2 3 5 10 7 9 0 9 5 0 1 0 11
split_gain=16271.1 14151.6 1365.73 1867.37 169.453 167.58 150.186 97.0701 137.203 203.073 160.059 97.0543 74.0296 316.022 305.244 514.157 297.905 245.817 248.005 225.28 214.123 151.154 295.087 313.523 206.099 222.471 271.166 200.875 200.585 203.13
threshold=0 1 2 332.00000000000006 25.500000000000004 2.5000000000000004 11.500000000000002 1.7500000000000002 245.00000000000003 3.5000000000000004 16.500000000000004 3.5000000000000004 -626.99999999999989 3 -804.99999999999989 4 5 1.0000000180025095e-35 23.500000000000004 72.600000000000009 13.500000000000002 1.0000000180025095e-35 1.5000000000000002 6 5.5000000000000009 79.200000000000017 7 18.500000000000004 8 45.000000000000007
decision_type=9 9 9 2 2 2 2 2 2 2 2 2 2 9 2 9 9 2 2 2 2 2 2 9 2 2 9 2 9 2
left_child=-1 2 3 4 -2 -5 -7 8 9 -6 -10 -12 14 20 16 17 -3 -16 -19 -17 -14 22 23 -15 25 26 -24 -23 -26 -30
right_child=1 12 -4 5 7 6 -8 -9 10 -11 11 -13 13 21 15 19 -18 18 -20 -21 -22 27 24 -25 28 -27 -28 -29 29 -31
leaf_value=2.1212644085721877e-08 -2.2046261940911195e-06 -0.017654850533676304 -1.8345505999217694e-06 -1.8345505999217694e-06 -6.4812512445833192e-07 -0.0030496352512090043 0.00040307168585718145 -6.5991927116204607e-06 9.9427448816413756e-07 1.4835166702198423e-06 8.2060563846297904e-07 -4.4753995442903264e-08 -0.0018931205709450173 -0.0062895626688584507 -0.01154378877194211 -0.072108881488757784 0.00044172183392934274 0.0016095677274158061 0.13085431393247013 0.00066283882530080449 -0.025734787908135815 -0.0071281724048406049 0.0082558290171912407 0.12490066563414653 0.013761887802895646 -0.000352639027792101 -0.11466993537159453 -0.1910517383587802 -0.0055693408363384211 0.0017936107268057278
leaf_weight=16643 1700 54463 15271 4513 115 97 102 368 116 646 36 185 16731 2686 2779 2357 93770 3826 12293 24601 13226 5841 1553 4117 19832 12580 6958 1461 17466 93557
leaf_count=16643 1700 54463 15271 4513 115 97 102 368 116 646 36 185 16731 2686 2779 2357 93770 3826 12293 24601 13226 5841 1553 4117 19832 12580 6958 1461 17466 93557
internal_value=-0.000228082 -0.00218073 -0.040155 -0.0231618 0.00650663 -0.0431452 0.00175879 0.0189632 0.0264117 0.0381735 -0.000148368 -0.0251131 7.36977e-05 -0.00061171 0.000765886 0.00433095 -0.00033697 0.0106516 0.013025 -0.000103827 -0.00533754 0.000241176 0.000564728 0.0107526 0.000108591 -0.00447821 -0.0107214 -0.00679266 0.000847885 2.02642e-05
internal_weight=429889 413246 23149 7878 3166 4712 199 1466 1098 761 337 221 390097 196008 194089 45856 148233 18898 16119 26958 29957 166051 158749 6803 151946 21091 8511 7302 130855 111023
internal_count=429889 413246 23149 7878 3166 4712 199 1466 1098 761 337 221 390097 196008 194089 45856 148233 18898 16119 26958 29957 166051 158749 6803 151946 21091 8511 7302 130855 111023
cat_boundaries=0 2 4 5 8 11 14 17 20 22
cat_threshold=2147483648 1049088 32898 1077936128 32768 1811955972 148641 4 1645224192 100795552 12 1074802752 101191712 12 1060928 523057408 8 1060928 2535985408 10 34611264 2165047296
is_linear=0
shrinkage=0.05


Tree=245
num_leaves=31
num_cat=11
split_feature=0 0 0 11 6 3 1 11 6 0 3 14 11 0 0 1 0 0 0 12 11 9 3 1 0 6 11 0 9 6
split_gain=16319.8 14044 1387.59 1905.58 167.58 163.569 150.186 120.152 209.344 90.0639 113.129 157.409 96.8018 248.885 152.535 272.482 392.645 202.045 184.998 176.505 146.413 170.299 138.169 135.273 238.943 221.475 221.023 200.931 185.199 145.583
threshold=0 1 2 332.00000000000006 2.5000000000000004 26.500000000000004 11.500000000000002 245.00000000000003 1.7500000000000002 3 22.500000000000004 37.500000000000007 534.00000000000011 4 5 18.500000000000004 6 7 8 13.250000000000002 375.00000000000006 16.500000000000004 20.500000000000004 9.5000000000000018 9 0.83333333333333337 743.50000000000011 10 49.500000000000007 1.4166666666666667
decision_type=9 9 9 2 2 2 2 2 2 9 2 2 2 9 9 2 9 9 9 2 2 2 2 2 9 2 2 9 2 2
left_child=-1 2 3 5 -5 -2 -6 8 -7 10 -3 -12 14 -14 15 18 -17 19 -11 22 -20 -22 -18 24 28 -25 -26 -27 29 -15
right_child=1 9 -4 4 6 7 -8 -9 -10 12 11 -13 13 23 -16 16 17 -19 20 -21 21 -23 -24 25 26 27 -28 -29 -30 -31
leaf_value=2.0152011881435784e-08 -6.7793618048206387e-07 0.0005732488855332285 -1.742823069905697e-06 -1.742823069905697e-06 -0.002897153488648563 1.4093408366999682e-06 0.00038291810156430021 -7.3505264985840318e-09 -0.00014764323207341337 0.16651162296582778 -0.011952343392895682 0.0075013428191379461 0.0038884417013304255 0.0070436579576123488 1.8563509515168167e-05 -0.11983453114475165 0.13730504542645808 -0.0012134002603472638 0.0010715019393585212 0.047267169125259481 0.026195343004517469 -0.081141707897523396 1.3472961547150031 -0.24150581374474217 0.0070720305926424316 -0.0010558112152478482 -0.0058308283522141126 -0.10317510613578361 0.022820430647515978 -0.016262636827495403
leaf_weight=16643 1895 16173 15271 4513 97 649 102 391 231 7101 34885 8807 16170 2760 216768 3432 394 11794 29890 2807 4863 4922 730 925 2354 9760 5088 9209 598 667
leaf_count=16643 1895 16173 15271 4513 97 649 102 391 231 7101 34885 8807 16170 2760 216768 3432 394 11794 29890 2807 4863 4922 730 925 2354 9760 5088 9209 598 667
internal_value=-0.000300659 -0.00225623 -0.0400859 -0.0229589 -0.0431452 0.007012 0.00175879 0.0208891 0.0311364 -1.03818e-05 -0.00179457 -0.00311728 0.000313104 -0.00177463 0.000664129 0.00276982 -0.00225244 0.00109628 0.00482726 0.0108982 0.00349376 -0.001814 0.027669 -0.00437187 -4.79637e-05 -0.00686639 -0.00535427 -0.00570141 0.00975217 0.00529618
internal_weight=429889 413246 23149 7878 4712 3166 199 1271 880 390097 59865 43692 330232 47531 282701 65933 19157 15725 46776 3931 39675 9785 1124 31361 11467 19894 7442 18969 4025 3427
internal_count=429889 413246 23149 7878 4712 3166 199 1271 880 390097 59865 43692 330232 47531 282701 65933 19157 15725 46776 3931 39675 9785 1124 31361 11467 19894 7442 18969 4025 3427
cat_boundaries=0 2 4 5 8 11 13 15 17 19 21 24
cat_threshold=2147483648 1049088 32898 1077936128 32768 302256128 4144 4 1091642432 86650113 10 143147008 805650506 134217728 536936448 8912896 262146 0 536936448 524548 2684420098 67125264 973094984 1
is_linear=0
shrinkage=0.05


Tree=246
num_leaves=31
num_cat=12
split_feature=0 0 0 11 6 1 3 6 11 10 1 11 0 1 0 11 0 0 1 0 0 10 1 0 0 5 0 6 11 10
split_gain=16285.8 14134.6 1365.73 1867.37 167.58 150.186 147.915 90.0512 163.886 203.073 184.922 68.9593 433.928 102.817 593.64 187.938 466.478 185.136 224.296 612.171 314.077 205.28 202.164 402.798 377.259 208.868 197.184 225.202 195.305 190.344
threshold=0 1 2 332.00000000000006 2.5000000000000004 11.500000000000002 25.500000000000004 1.7500000000000002 245.00000000000003 3.5000000000000004 16.500000000000004 813.00000000000011 3 9.5000000000000018 4 693.00000000000011 5 6 17.500000000000004 7 8 9.5000000000000018 17.500000000000004 9 10 86.000000000000014 11 0.58333333333333337 -1254.9999999999998 7.5000000000000009
decision_type=9 9 9 2 2 2 2 2 2 2 2 2 9 2 9 2 9 9 2 9 9 2 2 9 9 2 9 2 2 2
left_child=-1 2 3 6 -5 -6 -2 8 9 -8 -10 13 -13 14 -3 17 -17 18 20 -20 21 -15 24 -24 -19 26 27 -26 -21 -30
right_child=1 11 -4 4 5 -7 7 -9 10 -11 -12 12 -14 15 -16 16 -18 22 19 28 -22 -23 23 -25 25 -27 -28 -29 29 -31
leaf_value=1.9144411300686672e-08 -2.0604980753624601e-06 0.0040594129080008924 -1.6556819164126324e-06 -1.6556819164126324e-06 -0.0027522958142161438 0.00036377219648606743 -5.8182205924239845e-07 -6.2688655497300523e-06 9.4492829005865531e-07 1.3388737948538677e-06 -4.2148769363592464e-08 0.0028018903537600174 -0.014418291061195944 0.015085185779904409 -0.00082218018594297786 -0.18136427646344028 0.0088267033179888713 0.0006005673325333305 0.0099013237348073886 -0.0002701717087206568 0.021752942925230914 -0.0078863259477823366 0.013747977530581679 -0.0044678541200975147 -0.31844627391834451 -0.026084045397279532 -0.0076570365727654634 0.032784324803412625 -0.088145117880801219 -0.0090383577552984647
leaf_weight=16643 1700 14989 15271 4513 97 102 115 368 116 646 221 2184 2360 18016 27541 2885 3635 50478 26800 14699 66023 25538 24234 34066 560 16293 23429 9503 9177 17687
leaf_count=16643 1700 14989 15271 4513 97 102 115 368 116 646 221 2184 2360 18016 27541 2885 3635 50478 26800 14699 66023 25538 24234 34066 560 16293 23429 9503 9177 17687
internal_value=-0.000249948 -0.00220348 -0.040155 -0.0231618 -0.0431452 0.00175879 0.00650663 0.0181446 0.0253188 0.0381735 -0.0037092 4.96018e-05 -0.00607394 0.000121773 0.00244063 -0.000165732 -0.00857362 -2.82315e-06 0.00110424 -0.00114316 0.00250646 -0.000789643 -0.00124517 0.00109605 -0.00260664 -0.00569435 -0.00343664 0.00241735 -0.00494191 -0.00747841
internal_weight=429889 413246 23149 7878 4712 199 3166 1466 1098 761 337 390097 4544 385553 42530 343023 6520 336503 177940 68363 109577 43554 158563 58300 100263 49785 33492 10063 41563 26864
internal_count=429889 413246 23149 7878 4712 199 3166 1466 1098 761 337 390097 4544 385553 42530 343023 6520 336503 177940 68363 109577 43554 158563 58300 100263 49785 33492 10063 41563 26864
cat_boundaries=0 2 4 5 8 11 14 17 20 23 25 28 30
cat_threshold=2147483648 1049088 32898 1077936128 32768 579416340 2771133442 1 320349184 2502496258 8 998768896 2785108042 1 1837187392 839338441 9 92274944 264520 1 226492672 264512 1 302514192 2166890514 1061892 201335840 6 786432 18
is_linear=0
shrinkage=0.05


Tree=247
num_leaves=31
num_cat=7
split_feature=0 0 0 11 6 1 3 6 11 10 1 0 5 3 3 11 11 3 0 3 11 5 5 10 10 0 3 12 0 5
split_gain=16391.4 14013.2 1365.73 1867.37 167.58 150.186 147.915 90.0512 163.886 203.073 184.922 78.6975 105.514 88.4702 112.143 76.3199 70.9352 75.1659 64.7199 61.9998 132.559 96.3093 88.7569 83.2433 153.587 84.6235 96.7263 268.966 83.9387 81.7813
threshold=0 1 2 332.00000000000006 2.5000000000000004 11.500000000000002 25.500000000000004 1.7500000000000002 245.00000000000003 3.5000000000000004 16.500000000000004 3 90.65000000000002 30.500000000000004 29.500000000000004 809.50000000000011 605.00000000000011 32.500000000000007 4 21.500000000000004 295.00000000000006 86.250000000000014 79.200000000000017 30.500000000000004 20.500000000000004 5 26.500000000000004 13.750000000000002 6 68.40000000000002
decision_type=9 9 9 2 2 2 2 2 2 2 2 9 2 2 2 2 2 2 9 2 2 2 2 2 2 9 2 2 9 2
left_child=-1 2 3 6 -5 -6 -2 8 9 -8 -10 12 15 14 -14 16 17 19 -15 29 23 22 -22 24 25 26 27 -21 -25 -3
right_child=1 11 -4 4 5 -7 7 -9 10 -11 -12 -13 13 18 -16 -17 -18 -19 -20 20 21 -23 -24 28 -26 -27 -28 -29 -30 -31
leaf_value=1.8187190775620367e-08 -1.9574731715987783e-06 -0.1415119016148477 -1.5728978206119848e-06 -1.5728978206119848e-06 -0.0026146810235053498 0.00034558358666174631 -5.5273095629360118e-07 -5.9554222722635332e-06 8.9768187554462037e-07 1.2719301051067334e-06 -4.0041330873208383e-08 0.00018590904117972152 -0.039123061608831833 0.0012208391557762433 0.10931024443404046 -0.0098060288375403371 0.021951518064427591 0.070965553370961484 -0.05338178279161792 0.49824628189337716 -0.12271312439286018 -0.18831164052364252 0.029206750330848408 0.054815663091628691 0.020038332400973594 -0.0015035613960939554 -0.00076924545038696839 -0.067288752788788209 -0.0086145845316359278 0.0020968598979357101
leaf_weight=16643 1700 522 15271 4513 97 102 115 368 116 646 221 321210 1377 198 1216 956 6147 1109 3375 597 2754 1709 1665 658 5590 25873 2604 548 1465 10524
leaf_count=16643 1700 522 15271 4513 97 102 115 368 116 646 221 321210 1377 198 1216 956 6147 1109 3375 597 2754 1709 1665 658 5590 25873 2604 548 1465 10524
internal_value=-0.000406966 -0.00236681 -0.040155 -0.0231618 -0.0431452 0.00175879 0.00650663 0.0181446 0.0253188 0.0381735 -0.0037092 -0.000123428 -0.00165682 -0.00789815 -0.000867721 -0.00104351 -0.00082652 -0.00138984 -0.0130003 -0.00165202 -0.00250213 -0.00931789 -0.00541978 -0.00138342 -0.000803703 -0.0022382 0.00477521 0.0168996 -0.0109986 0.00169292
internal_weight=429889 413246 23149 7878 4712 199 3166 1466 1098 761 337 390097 68887 6166 2593 62721 61765 55618 3573 54509 43463 6128 4419 37335 35212 29622 3749 1145 2123 11046
internal_count=429889 413246 23149 7878 4712 199 3166 1466 1098 761 337 390097 68887 6166 2593 62721 61765 55618 3573 54509 43463 6128 4419 37335 35212 29622 3749 1145 2123 11046
cat_boundaries=0 2 4 5 8 9 11 14
cat_threshold=2147483648 1049088 32898 1077936128 32768 302272512 4144 4 33554432 268435456 32 268697600 16 4
is_linear=0
shrinkage=0.05


Tree=248
num_leaves=31
num_cat=11
split_feature=0 0 0 11 6 3 1 11 6 1 6 6 14 0 8 10 0 10 10 1 0 10 1 0 0 1 5 0 0 0
split_gain=16349 14010.6 1387.59 1905.58 167.58 163.569 150.186 120.152 209.344 65.2794 101.062 65.9108 62.0751 115.666 74.4873 63.9045 420.689 219.903 376.458 418.582 347.828 310.111 342.378 298.493 246.085 136.001 132.774 124.065 123.146 121.818
threshold=0 1 2 332.00000000000006 2.5000000000000004 26.500000000000004 11.500000000000002 245.00000000000003 1.7500000000000002 16.500000000000004 1.7500000000000002 1.7500000000000002 125.00000000000001 3 1.0000000180025095e-35 33.500000000000007 4 30.500000000000004 29.500000000000004 9.5000000000000018 5 28.500000000000004 9.5000000000000018 6 7 9.5000000000000018 92.200000000000003 8 9 10
decision_type=9 9 9 2 2 2 2 2 2 2 2 2 2 9 2 2 9 2 2 2 9 2 2 9 9 2 2 9 9 9
left_child=-1 2 3 5 -5 -2 -6 8 -7 11 -11 -9 15 14 -14 17 -17 18 21 -20 -21 27 -23 -24 25 -19 28 -3 -18 -22
right_child=1 12 -4 4 6 7 -8 9 -10 10 -12 -13 13 -15 -16 16 26 24 19 20 29 22 23 -25 -26 -27 -28 -29 -30 -31
leaf_value=1.7277831254602917e-08 -5.2509440848780289e-07 0.0014965589377294421 -1.4942529295680629e-06 -1.4942529295680629e-06 -0.0024839469723300757 1.2083335998447353e-06 0.0003283044073286945 8.5279778176960981e-07 -0.00013964985607866078 -3.8039264316225291e-08 5.3659676029216286e-06 -5.6576511586303731e-06 0.23436193293639374 -0.0012987007599925438 -0.25419543982949266 0.0041368470561354625 -0.047730877443802916 0.0030671647845905261 -0.029979437573509404 0.26788856254008681 -0.014526677553263534 0.024508150593098944 -0.086774420044377187 -0.019493482127177941 6.3162387583681759e-05 -0.074469580496811544 -0.067283692018048222 -0.00060551456811039914 0.01925833365023415 0.10228933180702349
leaf_weight=16643 1895 163032 15271 4513 97 649 102 99 231 185 72 35 1951 3794 140 11273 2798 1258 962 3429 287 911 3086 3686 10528 9161 4125 161582 5332 2762
leaf_count=16643 1895 163032 15271 4513 97 649 102 99 231 185 72 35 1951 3794 140 11273 2798 1258 962 3429 287 911 3086 3686 10528 9161 4125 161582 5332 2762
internal_value=-0.000343926 -0.00230124 -0.0400859 -0.0229589 -0.0431452 0.007012 0.00175879 0.0208891 0.0311364 -0.00217391 -0.0169261 0.0261194 -5.8061e-05 0.00503823 0.0144455 -0.000136123 0.00238864 -0.000300817 5.73973e-06 0.011129 0.0156993 -0.000243306 -0.0101718 -0.0140431 -0.00527283 -0.0107153 -0.00402364 -8.31757e-06 -0.000319803 0.00335077
internal_weight=429889 413246 23149 7878 4712 3166 199 1271 880 391 257 134 390097 5885 2091 384212 23528 360684 339737 7440 6478 332297 7683 6772 20947 10419 12255 324614 8130 3049
internal_count=429889 413246 23149 7878 4712 3166 199 1271 880 391 257 134 390097 5885 2091 384212 23528 360684 339737 7440 6478 332297 7683 6772 20947 10419 12255 324614 8130 3049
cat_boundaries=0 2 4 5 7 10 13 16 19 22 24 26
cat_threshold=2147483648 1049088 32898 1077936128 32768 301999104 536887296 193807376 3105957193 10 1628729668 117844145 14 419459332 422207905 12 1226338644 439223713 8 1830289748 204360929 8 1677725760 67764224 33554448 2097152
is_linear=0
shrinkage=0.05


Tree=249
num_leaves=31
num_cat=11
split_feature=0 0 0 11 6 1 3 6 11 10 1 2 0 11 3 9 10 0 0 1 2 0 0 9 9 1 0 0 1 0
split_gain=16341.9 14070 1365.73 1867.37 167.58 150.186 147.915 90.0512 163.886 203.073 184.922 59.6537 211.495 296.033 274.92 276.22 166.583 219.382 153.987 151.792 162.995 130.656 129.457 140.99 117.754 126.076 115.147 114.262 165.592 326.248
threshold=0 1 2 332.00000000000006 2.5000000000000004 11.500000000000002 25.500000000000004 1.7500000000000002 245.00000000000003 3.5000000000000004 16.500000000000004 4.5000000000000009 3 725.00000000000011 20.500000000000004 2.5000000000000004 12.500000000000002 4 5 18.500000000000004 5.5000000000000009 6 7 12.500000000000002 58.500000000000007 20.500000000000004 8 9 18.500000000000004 10
decision_type=9 9 9 2 2 2 2 2 2 2 2 2 9 2 2 2 2 9 9 2 2 9 9 2 2 2 9 9 2 9
left_child=-1 2 3 6 -5 -6 -2 8 9 -8 -10 27 14 16 18 26 22 19 -13 20 21 -18 23 -14 25 -17 -16 28 -3 -30
right_child=1 11 -4 4 5 -7 7 -9 10 -11 -12 12 13 -15 15 24 17 -19 -20 -21 -22 -23 -24 -25 -26 -27 -28 -29 29 -31
leaf_value=1.6413939718518122e-08 -1.8333447925567015e-06 0.0028004391853226453 -1.4195402830985415e-06 -1.4195402830985415e-06 -0.002359749623713592 0.00031188918696223311 -4.9883968804564922e-07 -5.3747686007188381e-06 8.1015789268334979e-07 1.1479169198302942e-06 -3.6137301107075362e-08 -0.0070728445125282317 0.014628239097679342 0.011370810088416139 0.057194817703488714 -0.02381761728417673 0.0014129205846147741 0.0036696530558981699 0.10079484127185073 0.029822330516528963 0.0046326573243842262 -0.11184578181065669 -0.0069882993363462823 -0.01326937871713958 -0.082491928435605114 0.00049409404731695086 -0.0010722406852097688 -0.00066471146728104287 0.0027181665179035531 -0.037767769060652337
leaf_weight=16643 1700 106049 15271 4513 97 102 115 368 116 646 221 2408 5846 1990 2529 24290 1404 15597 4162 3671 5735 3646 25076 3555 1486 4030 5169 137872 13694 21888
leaf_count=16643 1700 106049 15271 4513 97 102 115 368 116 646 221 2408 5846 1990 2529 24290 1404 15597 4162 3671 5735 3646 25076 3555 1486 4030 5169 137872 13694 21888
internal_value=-0.000333458 -0.00229035 -0.040155 -0.0231618 -0.0431452 0.00175879 0.00650663 0.0181446 0.0253188 0.0381735 -0.0037092 -4.24243e-05 -0.00102537 0.000754547 -0.0037111 -0.00536476 0.000168914 0.00288989 0.00572298 -0.00154846 -0.00453871 -0.0110891 -0.00220292 0.00279991 -0.00754546 -0.00682556 0.00307872 0.000346508 0.00134389 -0.00160755
internal_weight=429889 413246 23149 7878 4712 199 3166 1466 1098 761 337 390097 110594 66520 44074 37504 64530 30053 6570 14456 10785 5050 34477 9401 29806 28320 7698 279503 141631 35582
internal_count=429889 413246 23149 7878 4712 199 3166 1466 1098 761 337 390097 110594 66520 44074 37504 64530 30053 6570 14456 10785 5050 34477 9401 29806 28320 7698 279503 141631 35582
cat_boundaries=0 2 4 5 8 11 14 16 19 21 24 27
cat_threshold=2147483648 1049088 32898 1077936128 32768 268710996 302389336 6 1149829376 2754085026 1 263184 33685520 2 256 2149580928 100663552 67109026 9 4096 268566616 605828180 839863368 2 524308 269224968 2
is_linear=0
shrinkage=0.05


Tree=250
num_leaves=31
num_cat=12
split_feature=0 0 0 11 6 3 1 6 11 10 1 10 0 4 3 0 5 1 0 1 0 5 0 10 0 1 0 0 5 0
split_gain=16314.7 14062.8 1382.11 1895.99 167.58 159.298 150.186 97.0701 137.203 203.073 160.059 97.0543 70.0267 141.814 94.495 364.431 221.891 172.091 162.749 138.544 188.51 132.866 187.546 131.436 188.326 255.306 235.967 168.638 175.317 161.394
threshold=0 1 2 332.00000000000006 2.5000000000000004 25.500000000000004 11.500000000000002 1.7500000000000002 245.00000000000003 3.5000000000000004 16.500000000000004 3.5000000000000004 3 5.5000000000000009 29.500000000000004 4 88.500000000000014 10.500000000000002 5 17.500000000000004 6 91.300000000000011 7 9.5000000000000018 8 18.500000000000004 9 10 76.550000000000011 11
decision_type=9 9 9 2 2 2 2 2 2 2 2 2 9 2 2 9 2 2 9 2 9 2 9 2 9 2 9 9 2 9
left_child=-1 2 3 5 -5 -2 -6 8 9 -7 -10 -12 13 -3 23 17 18 -16 -17 21 -21 -18 -23 24 -14 -26 -27 -25 29 -29
right_child=1 12 -4 4 6 7 -8 -9 10 -11 11 -13 14 -15 15 16 19 -19 -20 20 -22 22 -24 27 25 26 -28 28 -30 -31
leaf_value=1.5593242697065079e-08 -1.7416775529355279e-06 0.0020034473439929368 -1.348563268965819e-06 -1.348563268965819e-06 -0.0022417621425279144 -4.738977036566894e-07 0.00029629472761412147 -5.1060301706762345e-06 7.6964999804474134e-07 1.0905210738432203e-06 8.456432560866034e-07 -3.4330436049501145e-08 0.002535912127283102 -0.0053791925898432069 -0.0026101910541514784 -0.0096284904288808995 -0.0015287026039239927 0.074794875417391701 -0.00062562103276668783 0.074808107466082865 0.00046720596687923612 -0.0066121556612108506 0.0050112666302513549 -0.011107205122890984 0.001335112292082874 -0.13450147580151825 -0.0048874892905588444 -0.034462318210895716 0.0012336075988466089 0.00047458921049106097
leaf_weight=16643 1700 20942 15271 4513 97 115 102 368 116 646 36 185 62464 59076 3254 6552 17351 14192 11372 4977 7009 3176 3095 40960 48686 4024 13154 11027 46927 11859
leaf_count=16643 1700 20942 15271 4513 97 115 102 368 116 646 36 185 62464 59076 3254 6552 17351 14192 11372 4977 7009 3176 3095 40960 48686 4024 13154 11027 46927 11859
internal_value=-0.000292983 -0.00224824 -0.0401032 -0.0230096 -0.0431452 0.00688566 0.00175879 0.0189632 0.0264117 0.0381735 -0.000148368 -0.0251131 -8.9719e-07 -0.00131954 0.000339419 0.00194145 -0.000104591 0.00821494 -0.00464182 0.00217929 0.00655765 -4.23334e-05 0.00619518 -0.000136135 0.000953027 -0.000912348 -0.00615322 -0.0013979 9.6673e-05 -0.00349122
internal_weight=429889 413246 23149 7878 4712 3166 199 1466 1098 761 337 221 390097 80018 310079 70978 53532 17446 17924 35608 11986 23622 6271 239101 128328 65864 17178 110773 69813 22886
internal_count=429889 413246 23149 7878 4712 3166 199 1466 1098 761 337 221 390097 80018 310079 70978 53532 17446 17924 35608 11986 23622 6271 239101 128328 65864 17178 110773 69813 22886
cat_boundaries=0 2 4 5 8 10 13 15 18 20 22 25 28
cat_threshold=2147483648 1049088 32898 1077936128 32768 310644800 4146 4 672203776 50413569 16384 134619528 10 1074266372 69739848 17309956 69601480 1 1275617556 305008000 66560 536952832 1275094276 52430912 1 17825792 2281784713 8
is_linear=0
shrinkage=0.05


Tree=251
num_leaves=31
num_cat=10
split_feature=0 0 0 11 6 1 3 6 11 10 1 0 1 0 1 0 6 11 11 11 2 0 2 5 3 1 0 0 6 0
split_gain=16294.7 14124.4 1365.73 1867.37 167.58 150.186 147.915 90.0512 163.886 203.073 184.922 63.7738 157.7 318.927 272.606 430.351 210.174 199.013 191.387 161.616 156.139 209.725 149.415 235.442 345.863 221.129 327.749 245.841 235.693 213.777
threshold=0 1 2 332.00000000000006 2.5000000000000004 11.500000000000002 25.500000000000004 1.7500000000000002 245.00000000000003 3.5000000000000004 16.500000000000004 3 8.5000000000000018 4 10.500000000000002 5 1.1666666666666667 -626.99999999999989 725.00000000000011 -560.49999999999989 1.0000000180025095e-35 6 4.5000000000000009 88.500000000000014 29.500000000000004 18.500000000000004 7 8 2.5000000000000004 9
decision_type=9 9 9 2 2 2 2 2 2 2 2 9 2 9 2 9 2 2 2 2 2 9 2 2 2 2 9 9 2 9
left_child=-1 2 3 6 -5 -6 -2 8 9 -8 -10 12 13 16 15 17 -3 -14 19 -19 21 -16 23 25 -25 27 -27 28 -22 -26
right_child=1 11 -4 4 5 -7 7 -9 10 -11 -12 -13 14 -15 20 -17 -18 18 -20 -21 22 -23 -24 24 29 26 -28 -29 -30 -31
leaf_value=1.4813580584416286e-08 -1.6545936752709879e-06 0.0078301421992144071 -1.2811351055130871e-06 -1.2811351055130871e-06 -0.0021296740354014966 0.00028147999123344646 -4.502028184916185e-07 -4.8507286621202185e-06 7.3116749814694521e-07 1.0359950201710433e-06 -3.2613914235923858e-08 -0.00093219662888266441 0.027268917122966932 3.6407967877760684e-05 0.0022883406969149258 0.00014154771868644112 -0.00069336765399898861 -0.06061874691154312 -0.00085925700903493056 -0.11104205583623852 0.051569559230286013 -0.012545427279925648 -0.00040401084005012858 -0.0024393960846893492 0.20204079173932288 0.0041532333215061447 -0.034368170094674078 0.0002720432841554654 0.37956955288058869 0.10600214810465612
leaf_weight=16643 1700 2906 15271 4513 97 102 115 368 116 646 221 186771 1628 7193 8672 18333 909 3241 1683 3383 21626 15609 46543 6492 5111 10131 13896 27817 1932 6221
leaf_count=16643 1700 2906 15271 4513 97 102 115 368 116 646 221 186771 1628 7193 8672 18333 909 3241 1683 3383 21626 15609 46543 6492 5111 10131 13896 27817 1932 6221
internal_value=-0.000263207 -0.00221727 -0.040155 -0.0231618 -0.0431452 0.00175879 0.00650663 0.0181446 0.0253188 0.0381735 -0.0037092 3.49904e-05 0.000647696 0.00646802 0.000314583 -0.00422032 0.0181307 -0.0125943 -0.0157397 -0.0195652 0.00109601 -0.00260492 0.00173894 0.00289404 0.00806216 0.00167237 -0.00228701 0.00352409 0.00728106 0.0133339
internal_weight=429889 413246 23149 7878 4712 199 3166 1466 1098 761 337 390097 203326 11008 192318 28268 3815 9935 8307 6624 164050 24281 139769 93226 17824 75402 24027 51375 23558 11332
internal_count=429889 413246 23149 7878 4712 199 3166 1466 1098 761 337 390097 203326 11008 192318 28268 3815 9935 8307 6624 164050 24281 139769 93226 17824 75402 24027 51375 23558 11332
cat_boundaries=0 2 4 5 8 10 12 15 18 20 23
cat_threshold=2147483648 1049088 32898 1077936128 32768 605577488 2987355329 10 536879104 570967169 603979776 570510464 540672 537142336 10 524560 2416716800 2 603996176 570902656 8192 302205057 10
is_linear=0
shrinkage=0.05


Tree=252
num_leaves=31
num_cat=8
split_feature=0 0 0 11 6 3 1 11 6 1 6 6 0 5 7 0 14 1 4 1 11 16 11 10 0 11 0 10 11 0
split_gain=16342.7 14017.8 1387.59 1905.58 167.58 163.569 150.186 120.152 209.344 65.2794 101.062 65.9108 64.6735 125.406 95.6623 86.102 77.5854 81.9563 75.3186 77.5213 93.6359 131.55 75.0807 75.1014 129.666 84.0901 74.2059 66.9254 113.305 86.1588
threshold=0 1 2 332.00000000000006 2.5000000000000004 26.500000000000004 11.500000000000002 245.00000000000003 1.7500000000000002 16.500000000000004 1.7500000000000002 1.7500000000000002 3 90.65000000000002 1.0000000180025095e-35 4 29.500000000000004 9.5000000000000018 5.5000000000000009 22.500000000000004 -844.99999999999989 8.2750000000000021 803.50000000000011 21.500000000000004 5 -484.99999999999994 6 30.500000000000004 -664.99999999999989 7
decision_type=9 9 9 2 2 2 2 2 2 2 2 2 9 2 2 9 2 2 2 2 2 2 2 2 9 2 9 2 2 9
left_child=-1 2 3 5 -5 -2 -6 8 -7 11 -11 -9 13 14 18 -16 17 -15 19 20 21 -3 23 -20 25 -25 -27 28 -26 -30
right_child=1 12 -4 4 6 7 -8 9 -10 10 -12 -13 -14 16 15 -17 -18 -19 22 -21 -22 -23 -24 24 27 26 -28 -29 29 -31
leaf_value=1.4072901599604394e-08 -4.2769267758480114e-07 0.027319238922607528 -1.2170783502352124e-06 -1.2170783502352124e-06 -0.0020231903336314083 9.8419526914916857e-07 0.00026740599167176529 6.9460912324181842e-07 -0.00013190078690299424 -3.0983218524127666e-08 5.8642455945001616e-06 -4.608192229005326e-06 0.0002715248608052612 0.00096926072353269448 -0.25651931496989799 -0.0029882781220746946 0.014651608584568977 -0.027694109660093492 -0.00093528393525583737 -0.020258353016738395 0.0008733092975223844 -0.00017064437952711843 -0.028399412711805329 -0.00203021015461764 0.17037855738583918 0.21145696625431443 -0.0014031873307057464 -0.00021209023706809661 0.043477165798574108 -0.11699503730385921
leaf_weight=16643 1895 1718 15271 4513 97 649 102 99 231 185 72 35 317796 742 730 2613 1257 4410 32921 580 15249 1543 379 2901 1494 131 176 2595 2093 769
leaf_count=16643 1895 1718 15271 4513 97 649 102 99 231 185 72 35 317796 742 730 2613 1257 4410 32921 580 15249 1543 379 2901 1494 131 176 2595 2093 769
internal_value=-0.000334621 -0.00229156 -0.0400859 -0.0229589 -0.0431452 0.007012 0.00175879 0.0208891 0.0311364 -0.00217391 -0.0169261 0.0261194 -4.78074e-05 -0.00139744 -0.000748194 -0.00898893 -0.00807458 -0.0107919 -0.000307759 0.00231011 0.00287412 0.0105642 -0.0014577 -0.00126277 0.00249532 -0.00581106 0.0190554 0.00632811 0.010124 0.00429769
internal_weight=429889 413246 23149 7878 4712 3166 199 1271 880 391 257 134 390097 72301 65892 3343 6409 5152 62549 19090 18510 3261 43459 43080 10159 3208 307 6951 4356 2862
internal_count=429889 413246 23149 7878 4712 3166 199 1271 880 391 257 134 390097 72301 65892 3343 6409 5152 62549 19090 18510 3261 43459 43080 10159 3208 307 6951 4356 2862
cat_boundaries=0 2 4 5 8 11 13 14 16
cat_threshold=2147483648 1049088 32898 1077936128 32768 436473856 268439600 4 268435456 0 4 33554432 268435488 33554432 402915328 16
is_linear=0
shrinkage=0.05


Tree=253
num_leaves=31
num_cat=6
split_feature=0 0 0 11 6 1 3 6 11 10 1 0 5 3 6 10 0 6 5 14 0 5 5 3 9 10 1 11 2 9
split_gain=16356.2 14053.6 1365.73 1867.37 167.58 150.186 147.915 90.0512 163.886 203.073 184.922 72.3572 72.0923 84.0047 92.5391 74.0715 112.9 152.172 108.261 92.7977 91.5843 82.7651 146.397 175.7 211.237 140.135 104.849 94.2781 81.9805 137.451
threshold=0 1 2 332.00000000000006 2.5000000000000004 11.500000000000002 25.500000000000004 1.7500000000000002 245.00000000000003 3.5000000000000004 16.500000000000004 3 90.65000000000002 30.500000000000004 1.7500000000000002 1.5000000000000002 4 2.5000000000000004 75.250000000000014 49.000000000000007 5 85.850000000000009 82.90000000000002 23.500000000000004 17.500000000000004 3.5000000000000004 13.500000000000002 -626.99999999999989 4.5000000000000009 58.500000000000007
decision_type=9 9 9 2 2 2 2 2 2 2 2 9 2 2 2 2 9 2 2 2 9 2 2 2 2 2 2 2 2 2
left_child=-1 2 3 6 -5 -6 -2 8 9 -8 -10 12 15 14 -14 18 17 21 -3 -19 -20 22 23 24 -17 -25 27 -27 -18 -30
right_child=1 11 -4 4 5 -7 7 -9 10 -11 -12 -13 13 -15 -16 16 28 19 20 -21 -22 -23 -24 25 -26 26 -28 -29 29 -31
leaf_value=1.3369256546269527e-08 -1.5504793576148758e-06 0.00084455761411055268 -1.1562244327301131e-06 -1.1562244327301131e-06 -0.0019220308169498601 0.00025403569208819475 -4.0630804369889973e-07 -4.3777826175706027e-06 6.5987866708638882e-07 9.3498550568504868e-07 -2.9434057591259946e-08 0.00017232916821825485 -0.083417192888828318 -0.043878807951654331 0.035139031988444501 -0.0037714635487375416 0.0070302317524236109 -0.056927903179416407 -0.004863873346130765 0.34459294321428002 -0.1593695931690558 0.00087142205257446654 -0.0093960007768155059 -0.0047926334048761015 0.0010035317599749406 -0.0046446615930158868 0.0013722318322512363 0.002191011982081559 -0.0052670865776137006 -0.14732798580672238
leaf_weight=16643 1700 2462 15271 4513 97 102 115 368 116 646 221 327174 605 3315 1634 1364 32674 293 1553 48 2075 1135 666 175 783 288 825 244 12147 637
leaf_count=16643 1700 2462 15271 4513 97 102 115 368 116 646 221 327174 605 3315 1634 1364 32674 293 1553 48 2075 1135 666 175 783 288 825 244 12147 637
internal_value=-0.000354626 -0.00231237 -0.040155 -0.0231618 -0.0431452 0.00175879 0.00650663 0.0181446 0.0253188 0.0381735 -0.0037092 -6.57512e-05 -0.00161839 -0.00705798 0.000424297 -0.00109205 -0.000472903 -0.00702281 -0.00630542 -0.0394428 -0.0117971 -0.00501825 -0.0081588 -0.00425387 -0.0134839 0.00868146 0.014112 -0.00319549 0.000367291 -0.00302722
internal_weight=429889 413246 23149 7878 4712 199 3166 1466 1098 761 337 390097 62923 5554 2239 57369 51279 5821 6090 341 3628 5480 4345 3679 2147 1532 1357 532 45458 12784
internal_count=429889 413246 23149 7878 4712 199 3166 1466 1098 761 337 390097 62923 5554 2239 57369 51279 5821 6090 341 3628 5480 4345 3679 2147 1532 1357 532 45458 12784
cat_boundaries=0 2 4 5 8 9 11
cat_threshold=2147483648 1049088 32898 1077936128 32768 436473856 4144 4 33554432 33554432 4144
is_linear=0
shrinkage=0.05


Tree=254
num_leaves=31
num_cat=11
split_feature=0 0 0 11 6 1 3 6 11 10 1 0 1 0 1 0 0 1 0 0 3 5 1 1 0 0 1 2 2 3
split_gain=16313.6 14102.6 1365.73 1867.37 167.58 150.186 147.915 90.0512 163.886 203.073 184.922 66.6013 122.559 317.121 189.327 340.566 198.09 245.759 374.833 325.315 248.342 166.568 168.519 165.131 161.67 161.045 159.669 166.324 175.608 169.918
threshold=0 1 2 332.00000000000006 2.5000000000000004 11.500000000000002 25.500000000000004 1.7500000000000002 245.00000000000003 3.5000000000000004 16.500000000000004 3 8.5000000000000018 4 11.500000000000002 5 6 18.500000000000004 7 8 28.500000000000004 84.250000000000014 20.500000000000004 17.500000000000004 9 10 15.500000000000002 4.5000000000000009 5.5000000000000009 21.500000000000004
decision_type=9 9 9 2 2 2 2 2 2 2 2 9 2 9 2 9 9 2 9 9 2 2 2 2 9 9 2 2 2 2
left_child=-1 2 3 6 -5 -6 -2 8 9 -8 -10 12 13 -3 15 -14 -16 19 21 20 23 22 -19 -18 -24 -23 27 -21 -29 -30
right_child=1 11 -4 4 5 -7 7 -9 10 -11 -12 -13 14 -15 16 -17 17 18 -20 26 -22 25 24 -25 -26 -27 -28 28 29 -31
leaf_value=1.2700793750042294e-08 -1.4729553897474547e-06 0.0047193357561590606 -1.0984132110980482e-06 -1.0984132110980482e-06 -0.0018259292761023894 0.00024133390748382055 -3.8599264149397074e-07 -4.158893486705395e-06 6.268847337231876e-07 8.8823623038969408e-07 -2.7962354698374271e-08 -0.00067869527497990136 -0.032480408428757546 7.9283216243641882e-05 -0.0060923386624076592 0.00071219480286894849 0.063663995099822832 -0.24781267559456027 0.0014571545981827416 0.0032135872007535318 0.21205538788889966 0.2547071622499818 -0.12618471669418665 -0.11112978791905431 0.003736576271917702 -0.027739876657669128 0.0066771708357144634 -0.02316798573142638 0.19185792320376455 -0.0029467827079489696
leaf_weight=16643 1700 3073 15271 4513 97 102 115 368 116 646 221 191491 17198 7659 55973 24879 11746 3273 19105 17379 5075 946 890 1612 2296 2941 17777 3339 781 2664
leaf_count=16643 1700 3073 15271 4513 97 102 115 368 116 646 221 191491 17198 7659 55973 24879 11746 3273 19105 17379 5075 946 890 1612 2296 2941 17777 3339 781 2664
internal_value=-0.000291354 -0.00224655 -0.040155 -0.0231618 -0.0431452 0.00175879 0.00650663 0.0181446 0.0253188 0.0381735 -0.0037092 3.97327e-06 0.000645467 0.00584234 0.000348638 -0.00260594 0.00120133 0.00265601 -0.00108825 0.00448296 0.0100174 -0.00874855 -0.0136786 0.00644558 -0.00549278 -0.000578853 0.00204768 -0.000598022 -0.00723762 0.000682148
internal_weight=429889 413246 23149 7878 4712 199 3166 1466 1098 761 337 390097 198606 10732 187874 42077 145797 89824 29451 60373 18433 10346 6459 13358 3186 3887 41940 24163 6784 3445
internal_count=429889 413246 23149 7878 4712 199 3166 1466 1098 761 337 390097 198606 10732 187874 42077 145797 89824 29451 60373 18433 10346 6459 13358 3186 3887 41940 24163 6784 3445
cat_boundaries=0 2 4 5 8 10 12 15 17 19 21 23
cat_threshold=2147483648 1049088 32898 1077936128 32768 756572432 539978825 10 536879104 2638849 603996160 536955913 1057024 2761728 8 671088640 536952833 671088640 536952832 134217728 16384 0 16384
is_linear=0
shrinkage=0.05


Tree=255
num_leaves=31
num_cat=8
split_feature=0 0 0 11 6 3 1 11 6 0 6 12 5 9 11 10 9 12 1 1 1 0 0 11 3 0 1 5 6 0
split_gain=16315 14001.5 1408.24 1941.75 167.58 152.591 150.186 120.152 209.344 71.7175 143.7 136.092 149.711 144.132 134.973 128.584 115.362 111.28 121.418 108.705 90.1186 621.931 176.428 166.542 149.949 149.325 442.251 154.441 131.405 241.149
threshold=0 1 2 332.00000000000006 2.5000000000000004 26.500000000000004 11.500000000000002 245.00000000000003 1.7500000000000002 3 2.5000000000000004 13.250000000000002 79.550000000000011 57.500000000000007 -1214.9999999999998 19.500000000000004 5.5000000000000009 12.500000000000002 14.500000000000002 11.500000000000002 9.5000000000000018 4 5 -574.99999999999989 23.500000000000004 6 17.500000000000004 83.300000000000011 1.1666666666666667 7
decision_type=9 9 9 2 2 2 2 2 2 9 2 2 2 2 2 2 2 2 2 2 2 9 9 2 2 9 2 2 2 9
left_child=-1 2 3 5 -5 -2 -6 8 -7 10 11 12 17 15 -12 16 -13 -3 -19 -16 21 -11 23 -23 -25 26 27 -22 -24 -30
right_child=1 9 -4 4 6 7 -8 -9 -10 20 14 13 -14 -15 19 -17 -18 18 -20 -21 25 22 28 24 -26 -27 -28 -29 29 -31
leaf_value=1.206575408474464e-08 -3.6669300942371311e-07 -0.0031338802380739498 -1.0434925505453663e-06 -1.0434925505453663e-06 -0.0017346328122972655 8.4382441887242978e-07 0.00022926721210962954 -2.6564236943471544e-08 -0.00012487891375263517 0.0083972105561788361 -0.036389190181445756 -0.11068383070407722 0.0023040116181154424 -0.5025575615878668 0.018119780663382202 -0.1247761286612402 0.134546776664898 -0.041962560209756111 0.62534469403580184 0.87860276690113759 -0.0046518670301042954 0.10593599525502295 0.00048453460911606076 -0.0015172105987212527 -0.027324307997315247 -9.5778316983263778e-05 0.0031388875089951363 -0.029304880007713942 -0.006181584942817198 -0.0005928154817008036
leaf_weight=16643 1895 6245 15271 4513 97 649 102 391 231 13603 172 1512 8836 494 278 2573 3431 727 827 641 14655 1221 14988 3324 6219 282932 12947 9832 951 3689
leaf_count=16643 1895 6245 15271 4513 97 649 102 391 231 13603 172 1512 8836 494 278 2573 3431 727 827 641 14655 1221 14988 3324 6219 282932 12947 9832 951 3689
internal_value=-0.000293448 -0.00224873 -0.0400212 -0.0227688 -0.0431452 0.00748579 0.00175879 0.0208891 0.0311364 -6.28033e-06 0.00254408 0.00175898 0.00433724 -0.00359551 0.0203025 -0.001876 0.0028424 -0.00071163 0.0112613 0.0279108 -0.000186486 0.00193545 -0.00204263 -0.00718396 -0.00941528 -0.000477891 -0.00344514 -0.0073978 0.000779102 -0.00657328
internal_weight=429889 413246 23149 7878 4712 3166 199 1271 880 390097 25736 24645 16635 8010 1091 7516 4943 7799 1554 919 364361 43995 30392 10764 9543 320366 37434 24487 19628 4640
internal_count=429889 413246 23149 7878 4712 3166 199 1271 880 390097 25736 24645 16635 8010 1091 7516 4943 7799 1554 919 364361 43995 30392 10764 9543 320366 37434 24487 19628 4640
cat_boundaries=0 2 4 5 7 9 12 14 17
cat_threshold=2147483648 1049088 32898 1077936128 32768 16384 278528 303570944 2770931714 1677721664 2520 4 301989888 2625538 16777232 268435456 2
is_linear=0
shrinkage=0.05


Tree=256
num_leaves=31
num_cat=13
split_feature=0 0 0 11 6 1 3 6 11 10 1 0 2 0 2 0 1 9 1 1 0 0 0 0 0 11 3 0 10 0
split_gain=16330.5 14035 1386.22 1903.18 167.58 150.186 136.116 90.0512 163.886 203.073 184.922 80.74 76.3805 197.834 130.623 357.489 200.789 176.399 249.838 288.54 317.317 163.863 148.327 142.46 132.088 111.826 174.775 202.208 110.679 109.634
threshold=0 1 2 332.00000000000006 2.5000000000000004 11.500000000000002 25.500000000000004 1.7500000000000002 245.00000000000003 3.5000000000000004 16.500000000000004 3 5.5000000000000009 4 4.5000000000000009 5 9.5000000000000018 2.5000000000000004 20.500000000000004 8.5000000000000018 6 7 8 9 10 -1074.9999999999998 23.500000000000004 11 5.5000000000000009 12
decision_type=9 9 9 2 2 2 2 2 2 2 2 9 2 9 2 9 2 2 2 2 9 9 9 9 9 2 2 9 2 9
left_child=-1 2 3 6 -5 -6 -2 8 9 -8 -10 -3 14 -14 -13 17 21 22 19 20 -19 -17 -16 -21 -20 29 27 -27 -25 -18
right_child=1 11 -4 4 5 -7 7 -9 10 -11 -12 12 13 -15 15 16 25 18 24 23 -22 -23 -24 28 -26 26 -28 -29 -30 -31
leaf_value=1.1462466353862056e-08 -1.3809729697999986e-06 -0.00068831670823907851 -9.9131792303808201e-07 -9.9131792303808201e-07 -0.0016479011716823866 0.00021780385150416137 -3.4835835895918879e-07 -3.9496206005296129e-06 5.9686870890196531e-07 8.0163319791104472e-07 -2.5236025091857073e-08 0.00050984904194626421 0.0062673984084297809 -0.00084325994397107531 -0.055849756071232597 0.0013952638604301183 0.0085160153396580899 -0.059576284588729149 -0.06802758156840337 -0.21483471276216604 0.021190039801897688 0.008155397738198733 0.10369850302030442 -0.026466859294078927 0.051311194695699384 -0.13338039427763385 0.00058662927659440815 -0.015646366242503439 -0.11790622360343461 -0.0013266754766364742
leaf_weight=16643 1700 62128 15271 4513 97 102 115 368 116 646 221 235520 19622 26391 898 1733 3484 371 1068 2537 562 1412 1858 2820 1359 2169 9910 2956 8630 4669
leaf_count=16643 1700 62128 15271 4513 97 102 115 368 116 646 221 235520 19622 26391 898 1733 3484 371 1068 2537 562 1412 1858 2820 1359 2169 9910 2956 8630 4669
internal_value=-0.000316477 -0.00227268 -0.0400902 -0.0229716 -0.0431452 0.00175879 0.00698042 0.0181446 0.0253188 0.0381735 -0.0037092 -2.75565e-05 0.000285537 0.00217439 -2.26986e-05 -0.00244638 0.00138747 -0.00746532 -0.00933591 -0.011756 0.0151661 0.0132432 0.00428157 -0.0135519 0.00554182 -0.000219941 -0.00277685 -0.0102732 -0.0111431 0.00449528
internal_weight=429889 413246 23149 7878 4712 199 3166 1466 1098 761 337 390097 327969 46013 281956 46436 26333 20103 17347 14920 933 3145 2756 13987 2427 23188 15035 5125 11450 8153
internal_count=429889 413246 23149 7878 4712 199 3166 1466 1098 761 337 390097 327969 46013 281956 46436 26333 20103 17347 14920 933 3145 2756 13987 2427 23188 15035 5125 11450 8153
cat_boundaries=0 2 4 5 8 11 14 16 18 20 22 24 27 29
cat_threshold=2147483648 1049088 32898 1077936128 32768 436211712 4144 6 1074349056 1006642505 9 1074594880 705104968 1 1088 329800 605028612 352346369 1073741888 265216 262144 536870920 1088 198728 16793616 19407104 8 17842432 17309952
is_linear=0
shrinkage=0.05


Tree=257
num_leaves=31
num_cat=10
split_feature=0 0 0 11 6 1 3 6 11 10 1 0 1 0 0 1 5 3 5 0 12 3 2 5 0 11 11 3 0 0
split_gain=16348.2 14014.7 1386.22 1903.18 167.58 150.186 136.116 90.0512 163.886 203.073 184.922 76.8309 129.907 422.546 229.539 305.173 184.205 263.243 178.58 172.607 137.145 157.994 131.771 145.79 135.93 123.633 115.862 149.983 117.116 114.472
threshold=0 1 2 332.00000000000006 2.5000000000000004 11.500000000000002 25.500000000000004 1.7500000000000002 245.00000000000003 3.5000000000000004 16.500000000000004 3 17.500000000000004 4 5 9.5000000000000018 86.000000000000014 24.500000000000004 81.350000000000009 6 13.250000000000002 29.500000000000004 3.5000000000000004 78.200000000000017 7 -885.49999999999989 95.000000000000014 29.500000000000004 8 9
decision_type=9 9 9 2 2 2 2 2 2 2 2 9 2 9 9 2 2 2 2 9 2 2 2 2 9 2 2 2 9 9
left_child=-1 2 3 6 -5 -6 -2 8 9 -8 -10 -3 14 -14 18 19 17 22 -13 -16 -18 -22 23 24 -17 -20 28 -28 -15 -19
right_child=1 11 -4 4 5 -7 7 -9 10 -11 -12 12 13 26 15 16 20 29 25 -21 21 -23 -24 -25 -26 -27 27 -29 -30 -31
leaf_value=1.0889343027287169e-08 -1.311924321312219e-06 0.0008296714466775601 -9.4175202689505968e-07 -9.4175202689505968e-07 -0.0015655061130982696 0.00020691365892897551 -3.3094044100678848e-07 -3.7521395705120143e-06 5.6702527344576487e-07 7.6155153800883117e-07 -2.3974223850586897e-08 0.0064050740459085992 0.033693225088721947 0.00017391195236280411 -0.0003121754336397942 0.03727791392508948 -0.0014244486543675717 -0.0012979122521909582 -0.018420229517767072 0.006782742824233013 -0.10398544918443307 -0.056878607425913913 -0.028680087990206805 -0.035284983408170725 -0.01082246667705924 -0.0002121610302265875 0.0053915753354755848 0.14810680788517755 -0.037736288325718452 0.023917224456516541
leaf_weight=16643 1700 203932 15271 4513 97 102 115 368 116 646 221 33175 13659 15914 5939 4785 8510 7184 6308 5564 3095 5593 9053 3107 4260 21779 7536 1726 21367 7611
leaf_count=16643 1700 203932 15271 4513 97 102 115 368 116 646 221 33175 13659 15914 5939 4785 8510 7184 6308 5564 3095 5593 9053 3107 4260 21779 7536 1726 21367 7611
internal_value=-0.000342763 -0.00230003 -0.0400902 -0.0229716 -0.0431452 0.00175879 0.00698042 0.0181446 0.0253188 0.0381735 -0.0037092 -5.6523e-05 -0.000790923 0.00111956 -0.00170407 -0.00378066 -0.00537802 -0.00334444 0.00048962 0.00360341 -0.00963484 -0.0140539 -0.00691582 -0.00351382 -0.000304035 -0.00244419 -0.0011503 0.00385446 -0.00239398 0.00177425
internal_weight=429889 413246 23149 7878 4712 199 3166 1466 1098 761 337 390097 186165 60202 125963 64701 53198 36000 61262 11503 17198 8688 21205 12152 9045 28087 46543 9262 37281 14795
internal_count=429889 413246 23149 7878 4712 199 3166 1466 1098 761 337 390097 186165 60202 125963 64701 53198 36000 61262 11503 17198 8688 21205 12152 9045 28087 46543 9262 37281 14795
cat_boundaries=0 2 4 5 8 10 13 16 19 22 25
cat_threshold=2147483648 1049088 32898 1077936128 32768 622354704 638545097 8 276824064 18874626 1208292420 402653216 4 41943040 272 3 8388608 18874384 3 33554436 2415923200 2 301989888 2164264960 2
is_linear=0
shrinkage=0.05


Tree=258
num_leaves=31
num_cat=14
split_feature=0 0 0 11 6 1 3 6 11 10 1 11 0 0 1 0 1 0 0 0 0 9 0 1 0 0 6 10 5 0
split_gain=16324.2 14042.2 1386.22 1903.18 167.58 150.186 136.116 90.0512 163.886 203.073 184.922 84.8556 362.858 89.6712 80.9105 506.138 152.709 574.085 268.992 211.25 191.383 140.334 250.078 133.529 490.793 301.833 226.325 220.954 156.664 180.387
threshold=0 1 2 332.00000000000006 2.5000000000000004 11.500000000000002 25.500000000000004 1.7500000000000002 245.00000000000003 3.5000000000000004 16.500000000000004 809.50000000000011 3 4 9.5000000000000018 5 10.500000000000002 6 7 8 9 61.500000000000007 10 18.500000000000004 11 12 1.1666666666666667 9.5000000000000018 85.300000000000011 13
decision_type=9 9 9 2 2 2 2 2 2 2 2 2 9 9 2 9 2 9 9 9 9 2 9 2 9 9 2 2 2 9
left_child=-1 2 3 6 -5 -6 -2 8 9 -8 -10 14 -13 -14 15 -3 17 18 -16 -19 21 23 -23 25 -25 26 -18 -27 29 -26
right_child=1 11 -4 4 5 -7 7 -9 10 -11 -12 12 13 -15 16 -17 20 19 -20 -21 -22 22 -24 24 28 27 -28 -29 -30 -31
leaf_value=1.0344875889245487e-08 -1.2463281052532694e-06 0.0055655477769225754 -8.9466442556584988e-07 -8.9466442556584988e-07 -0.0014872308074433517 0.00019656797598255338 -3.1439341894312636e-07 -3.5645325919819726e-06 5.3867400975349253e-07 7.2347396109506698e-07 -2.277551267582112e-08 -0.054443251312803788 0.0055203739236983967 -0.0001409640157569836 -0.28632043669919227 -0.00053268085437516708 0.032499987384891509 0.21686310486110996 -0.075579931988903948 4.4488997045410987e-05 -0.00093670889829802209 0.0029835007783387993 -0.1363229451216002 0.010054318815190477 -0.18865492295555486 0.02069407144980975 0.16610867122630851 -0.0064424843746608397 -0.001699209807539015 -0.039216146658656914
leaf_weight=16643 1700 13521 15271 4513 97 102 115 368 116 646 221 2395 1308 2244 1478 27606 34177 1215 8107 16599 157873 2691 2220 22764 2475 23819 10646 37514 8881 12564
leaf_count=16643 1700 13521 15271 4513 97 102 115 368 116 646 221 2395 1308 2244 1478 27606 34177 1215 8107 16599 157873 2691 2220 22764 2475 23819 10646 37514 8881 12564
internal_value=-0.000307172 -0.002263 -0.0400902 -0.0229716 -0.0431452 0.00175879 0.00698042 0.0181446 0.0253188 0.0381735 -0.0037092 -1.73029e-05 -0.00594417 0.00421112 7.44501e-05 0.00217011 -0.00017681 -0.00375744 -0.0136165 0.00155408 0.00013402 0.00136567 -0.00695378 0.00163308 -0.000595493 0.00261314 0.00573127 0.000333371 -0.00559549 -0.00870736
internal_weight=429889 413246 23149 7878 4712 199 3166 1466 1098 761 337 390097 5947 3552 384150 41127 343023 27399 9585 17814 315624 157751 4911 152840 46684 106156 44823 61333 23920 15039
internal_count=429889 413246 23149 7878 4712 199 3166 1466 1098 761 337 390097 5947 3552 384150 41127 343023 27399 9585 17814 315624 157751 4911 152840 46684 106156 44823 61333 23920 15039
cat_boundaries=0 2 4 5 8 10 13 16 18 20 23 25 28 30 32
cat_threshold=2147483648 1049088 32898 1077936128 32768 1427129408 168185944 10 12292 2754094082 270296064 2234060802 2 379060228 2852220930 1 0 536936450 1073741824 256 612974868 705129675 1 603996416 222409 8929556 273418 1 604045312 704856065 0 81920
is_linear=0
shrinkage=0.05


Tree=259
num_leaves=31
num_cat=12
split_feature=0 0 0 11 6 3 1 11 6 16 2 6 1 6 6 11 0 0 1 0 11 0 0 6 0 11 0 9 0 0
split_gain=16287.6 14032.9 1408.24 1941.75 167.58 152.591 150.186 120.152 209.344 65.841 69.502 83.4095 65.2794 101.062 65.9108 62.2856 338.373 124.193 72.6755 486.301 147.203 412.289 141.488 154.652 194.47 166.74 308.029 146.954 141.356 134.214
threshold=0 1 2 332.00000000000006 2.5000000000000004 26.500000000000004 11.500000000000002 245.00000000000003 1.7500000000000002 16.916666666666668 2.5000000000000004 2.5000000000000004 16.500000000000004 1.7500000000000002 1.7500000000000002 803.50000000000011 3 4 9.5000000000000018 5 693.00000000000011 6 7 1.7500000000000002 8 -534.99999999999989 9 2.5000000000000004 10 11
decision_type=9 9 9 2 2 2 2 2 2 2 2 2 2 2 2 2 9 9 2 9 2 9 9 2 9 2 9 2 9 9
left_child=-1 2 3 5 -5 9 -6 8 -7 10 -2 -12 14 -14 -9 18 -17 -18 19 -3 29 -22 -21 25 -25 28 27 -27 -24 -20
right_child=1 15 -4 4 6 7 -8 12 -10 -11 11 -13 13 -15 -16 16 17 -19 20 22 21 -23 23 24 -26 26 -28 -29 -30 -31
leaf_value=9.82763213031035e-09 2.04951991791269e-06 0.010828843278167067 -8.4993120430532088e-07 -8.4993120430532088e-07 -0.0014128692670711818 6.8730026305807721e-07 0.00018673957718338131 5.1174030928358156e-07 -0.00011807165342685444 4.3429509243964047e-06 -8.5167305800215584e-06 0.0051576256184859837 -2.1636737024266497e-08 6.5625099699317959e-06 -3.3863059623939765e-06 -0.085231806323980974 0.0037160761927721442 -0.0010750036416895092 0.0011172694459120613 -0.011952054986922579 -0.193963681067433 0.0033990645274744936 0.00041619206412915057 0.010211915184826293 -0.0069269534079769548 -0.0015286943106201268 9.0374259315550992e-05 0.0048432093436658 -0.032077617835036334 -0.0016413930485258633
leaf_weight=16643 654 11778 15271 4513 97 649 102 99 231 380 815 46 185 72 35 1338 1835 2848 177708 8061 2132 4388 2445 2248 2420 581 7076 3261 3183 158795
leaf_count=16643 654 11778 15271 4513 97 649 102 99 231 380 815 46 185 72 35 1338 1835 2848 177708 8061 2132 4388 2445 2248 2420 581 7076 3261 3183 158795
internal_value=-0.00025274 -0.00220638 -0.0400212 -0.0227688 -0.0431452 0.00748579 0.00175879 0.0208891 0.0311364 -0.00150396 -0.00617162 -0.0155052 -0.00217391 -0.0169261 0.0261194 3.85792e-05 -0.00500747 0.00135308 0.000117685 0.00210581 -0.000120254 -0.00756135 -0.00134711 0.000796268 -0.00724079 0.00306418 0.00666789 0.0180426 -0.00392679 2.39225e-05
internal_weight=429889 413246 23149 7878 4712 3166 199 1271 880 1895 1515 861 391 257 134 390097 6021 4683 384076 41053 343023 6520 29275 21214 4668 16546 10918 3842 5628 336503
internal_count=429889 413246 23149 7878 4712 3166 199 1271 880 1895 1515 861 391 257 134 390097 6021 4683 384076 41053 343023 6520 29275 21214 4668 16546 10918 3842 5628 336503
cat_boundaries=0 2 4 5 8 11 13 16 19 22 25 28 31
cat_threshold=2147483648 1049088 32898 1077936128 32768 1073742912 167788632 8 537407492 2770871298 2 270033920 2234060802 965214208 2717999106 1 1610678336 280832 4 266244 570564696 9 83886096 167904417 8 50331908 268443648 2 1837187392 2986691017 9
is_linear=0
shrinkage=0.05


Tree=260
num_leaves=31
num_cat=11
split_feature=0 0 0 11 6 3 1 6 11 10 1 3 16 2 6 3 0 2 0 3 6 0 0 0 1 5 0 0 0 10
split_gain=16303.6 13969.8 1427.65 1975.81 167.58 164.229 150.186 108.092 135.75 148.557 148.3 90.1651 66.4912 71.1559 88.1153 61.1755 197.351 73.4854 287.252 209.448 204.073 278.231 214.587 184.675 176.916 134.446 204.655 138.817 127.174 179.797
threshold=0 1 2 332.00000000000006 2.5000000000000004 25.500000000000004 11.500000000000002 1.7500000000000002 245.00000000000003 3.5000000000000004 16.500000000000004 26.500000000000004 16.916666666666668 2.5000000000000004 2.5000000000000004 18.500000000000004 3 1.0000000180025095e-35 4 23.500000000000004 1.7500000000000002 5 6 7 9.5000000000000018 83.050000000000011 8 9 10 30.500000000000004
decision_type=9 9 9 2 2 2 2 2 2 2 2 2 2 2 2 2 9 2 9 2 2 9 9 9 2 2 9 9 9 2
left_child=-1 2 3 5 -5 12 -6 8 9 -7 -10 -12 13 -2 -15 16 -3 18 -17 23 21 -21 -22 24 -20 26 -23 -27 29 -19
right_child=1 15 -4 4 6 7 -8 -9 10 -11 11 -13 -14 14 -16 17 -18 28 19 20 22 25 -24 -25 -26 27 -28 -29 -30 -31
leaf_value=9.3362505282357246e-09 4.6750659131511444e-06 -0.03126507206576306 -8.0743464407895266e-07 -8.0743464407895266e-07 -0.001342225803717634 -1.9351741142870083e-08 0.0001774025983242389 -3.2169906642565141e-06 4.8615329379941845e-07 6.5293524991183467e-07 4.1930927188182924e-07 -2.0554900181934957e-08 5.0528049148734773e-06 -1.7304693773656511e-05 0.004899744337561707 -0.051996356379887136 0.11817370184313916 0.0054352967434095241 0.0035165365626267154 -0.001030437741501622 0.037881457200493608 0.012135561598893752 -0.051805231306894101 -1.495308182588584e-05 -0.092715464767495537 -0.00034076176131292435 0.0048904271114598614 0.0024252117583158043 -0.00045063334843540307 -0.013510767578299188
leaf_weight=16643 580 1211 15271 4513 97 115 102 368 116 646 36 185 325 749 46 16012 1687 138700 622 12505 899 2306 2010 8174 4349 949 2361 5885 173274 19153
leaf_count=16643 580 1211 15271 4513 97 115 102 368 116 646 36 185 325 749 46 16012 1687 138700 622 12505 899 2306 2010 8174 4349 949 2361 5885 173274 19153
internal_value=-0.000276467 -0.00223106 -0.0399607 -0.0225913 -0.0431452 0.00792798 0.00175879 0.020191 0.028051 0.0397503 0.00163205 -0.0223982 -0.00264706 -0.00745455 -0.0171698 8.84373e-06 0.00724638 -4.53255e-05 -0.00171922 0.000544048 0.00307078 0.00458635 -0.00943623 -0.00462914 -0.0122164 0.0101946 0.0167452 0.00573603 0.000238126 0.0012647
internal_weight=429889 413246 23149 7878 4712 3166 199 1466 1098 761 337 221 1700 1375 795 390097 2898 387199 56072 40060 26915 24006 2909 13145 4971 11501 4667 6834 331127 157853
internal_count=429889 413246 23149 7878 4712 3166 199 1466 1098 761 337 221 1700 1375 795 390097 2898 387199 56072 40060 26915 24006 2909 13145 4971 11501 4667 6834 331127 157853
cat_boundaries=0 2 4 5 8 11 14 17 19 22 25 28
cat_threshold=2147483648 1049088 32898 1077936128 32768 1829785876 2216775681 6 1610625092 83908609 4 362087680 571416704 1 34604048 537470024 1 185090320 2148009328 34078720 134217850 8 134217728 2097152 2 1678799108 118442113 5
is_linear=0
shrinkage=0.05


Tree=261
num_leaves=31
num_cat=10
split_feature=0 0 0 11 6 3 1 6 11 10 1 3 14 0 6 2 0 2 0 1 9 1 0 0 1 0 11 3 3 0
split_gain=16300.9 13937.7 1442.99 2002.78 167.58 155.055 150.186 108.092 135.75 148.557 148.3 90.1651 62.4781 103.797 66.8266 65.115 267.633 152.318 392.435 193.741 260.556 223.059 338.037 174.017 148.723 155.911 147.206 172.196 157.597 202.534
threshold=0 1 2 332.00000000000006 2.5000000000000004 25.500000000000004 11.500000000000002 1.7500000000000002 245.00000000000003 3.5000000000000004 16.500000000000004 26.500000000000004 125.00000000000001 3 1.7500000000000002 5.5000000000000009 4 4.5000000000000009 5 20.500000000000004 2.5000000000000004 8.5000000000000018 6 7 9.5000000000000018 8 324.50000000000006 25.500000000000004 27.500000000000004 9
decision_type=9 9 9 2 2 2 2 2 2 2 2 2 2 9 2 2 9 2 9 2 2 2 9 9 2 9 2 2 2 9
left_child=-1 2 3 5 -5 -2 -6 8 9 -7 -10 -12 15 14 -14 17 -17 -3 19 20 -19 22 -22 -21 25 -20 28 -28 29 -23
right_child=1 12 -4 4 6 7 -8 -9 10 -11 11 -13 13 -15 -16 16 -18 18 24 23 21 26 -24 -25 -26 -27 27 -29 -30 -31
leaf_value=8.8694379840603691e-09 -1.1643423247331697e-06 0.00010472750788697028 -7.6706291185502096e-07 -7.6706291185502096e-07 -0.0012751145135317722 -1.8384154065742565e-08 0.00016853246840806691 -3.0561411310525699e-06 4.6184562911832928e-07 6.2028848741846336e-07 3.9834380829439911e-07 -1.9527155181719993e-08 0.094389023075620318 -0.0011569723408575872 0.42037837145784107 0.0063141947634389965 -0.0016421842022147804 0.048999553386377848 0.0043544882410654134 0.068463007786511695 0.020331790398376893 -0.11798036921132181 -0.047306006114768276 -0.04587039188871618 -2.9374183046426697e-05 0.00089188387577161527 -0.33265075279487261 -0.080097494791245089 -0.095983670428742771 0.0053109570240399868
leaf_weight=16643 1700 275437 15271 4513 97 115 102 368 116 646 36 185 1729 3495 661 25154 29092 3174 1456 1389 599 2558 567 2010 25329 2100 2741 3084 4960 4562
leaf_count=16643 1700 275437 15271 4513 97 115 102 368 116 646 36 185 1729 3495 661 25154 29092 3174 1456 1389 599 2558 567 2010 25329 2100 2741 3084 4960 4562
internal_value=-0.000272512 -0.00222695 -0.0399132 -0.0224518 -0.0431452 0.00827543 0.00175879 0.020191 0.028051 0.0397503 0.00163205 -0.0223982 1.03818e-05 0.00512319 0.013125 -6.79312e-05 0.00153744 -0.000331852 -0.00274625 -0.00724643 -0.00894808 -0.0111557 0.0100343 0.00386878 0.00125108 0.0108268 -0.0125356 -0.0190644 -0.00938742 -0.00462079
internal_weight=429889 413246 23149 7878 4712 3166 199 1466 1098 761 337 221 390097 5885 2390 384212 54246 329966 54529 25644 22245 19071 1166 3399 28885 3556 17905 5825 12080 7120
internal_count=429889 413246 23149 7878 4712 3166 199 1466 1098 761 337 221 390097 5885 2390 384212 54246 329966 54529 25644 22245 19071 1166 3399 28885 3556 17905 5825 12080 7120
cat_boundaries=0 2 4 5 7 10 13 16 19 22 24
cat_threshold=2147483648 1049088 32898 1077936128 32768 318780416 536887296 1208828928 755049849 11 1477260352 705109080 1 1074601984 704775168 1 269287424 570692608 1 25182224 2150105218 10 861184 570426392
is_linear=0
shrinkage=0.05


Tree=262
num_leaves=31
num_cat=9
split_feature=0 0 0 11 6 3 1 6 11 10 1 3 15 15 0 0 14 9 11 16 0 0 11 1 5 14 6 3 0 0
split_gain=16318.3 13917.9 1442.99 2002.78 167.58 155.055 150.186 108.092 135.75 148.557 148.3 90.1651 64.841 170.213 278.561 149.288 131.483 128.651 111.519 110.978 109.581 92.0289 135.302 97.2827 107.781 84.1096 81.7251 79.3082 81.3544 76.8577
threshold=0 1 2 332.00000000000006 2.5000000000000004 25.500000000000004 11.500000000000002 1.7500000000000002 245.00000000000003 3.5000000000000004 16.500000000000004 26.500000000000004 0.46666666666666673 3.3416666666666672 3 4 37.500000000000007 60.500000000000007 -1254.9999999999998 20.083333333333339 5 6 -915.49999999999989 18.500000000000004 81.350000000000009 98.000000000000014 0.58333333333333337 19.500000000000004 7 8
decision_type=9 9 9 2 2 2 2 2 2 2 2 2 2 2 9 9 2 2 2 2 9 9 2 2 2 2 2 2 9 9
left_child=-1 2 3 5 -5 -2 -6 8 9 -7 -10 -12 16 14 19 -15 21 27 -19 25 -18 22 26 24 29 -14 -3 28 -17 -24
right_child=1 12 -4 4 6 7 -8 -9 10 -11 11 -13 13 15 -16 17 20 18 -20 -21 -22 -23 23 -25 -26 -27 -28 -29 -30 -31
leaf_value=8.4259660582119981e-09 -1.1061252084942908e-06 0.15481166605740102 -7.2870976626226995e-07 -7.2870976626226995e-07 -0.001211358787855188 -1.7464946377998558e-08 0.00016010584498769021 -2.9033340744888392e-06 4.3875334765353102e-07 5.8927406305642198e-07 3.7842661786413602e-07 -1.8550797431515777e-08 0.06543422818498322 0.0037323347734761203 -0.00016590931625941609 -0.20154650548202149 -0.18751103830901511 0.0098674496897998235 -0.15085687569977663 -0.017525030108295647 -0.001864636586573898 7.0826983458216477e-05 0.035745171462214613 0.076071753684786719 -0.0076802034967690339 0.1807108521890628 -0.073020650206614954 -0.0042911421539884032 -0.021778712825533831 -0.0015069040201504793
leaf_weight=16643 1700 325 15271 4513 97 115 102 368 116 646 36 185 22709 21620 31565 723 2751 419 1275 1658 3207 224333 4252 3154 14339 2507 7430 33797 1437 12596
leaf_count=16643 1700 325 15271 4513 97 115 102 368 116 646 36 185 22709 21620 31565 723 2751 419 1275 1658 3207 224333 4252 3154 14339 2507 7430 33797 1437 12596
internal_value=-0.000298333 -0.00225381 -0.0399132 -0.0224518 -0.0431452 0.00827543 0.00175879 0.020191 0.028051 0.0397503 0.00163205 -0.0223982 -1.8072e-05 0.000962535 0.00287736 -0.00092541 -0.000441835 -0.00282653 -0.0162928 0.00661732 -0.00778785 -0.00027756 -0.00242246 -0.00107597 -0.00192228 0.00744369 -0.00838814 -0.0021929 -0.0114815 0.000789411
internal_weight=429889 413246 23149 7878 4712 3166 199 1466 1098 761 337 221 390097 117710 58439 59271 272387 37651 1694 26874 5958 266429 42096 34341 31187 25216 7755 35957 2160 16848
internal_count=429889 413246 23149 7878 4712 3166 199 1466 1098 761 337 221 390097 117710 58439 59271 272387 37651 1694 26874 5958 266429 42096 34341 31187 25216 7755 35957 2160 16848
cat_boundaries=0 2 4 5 8 11 14 17 20 22
cat_threshold=2147483648 1049088 32898 1077936128 32768 1140879684 136724720 13 614023168 2988911754 2 612966660 671311875 9 268447824 2099250 4 1073750272 67125281 12 8256 34
is_linear=0
shrinkage=0.05


Tree=263
num_leaves=31
num_cat=9
split_feature=0 0 0 11 6 3 1 6 11 10 1 3 15 3 0 0 3 2 11 2 11 0 1 3 0 10 6 0 1 0
split_gain=16310.6 13926.6 1442.99 2002.78 167.58 155.055 150.186 108.092 135.75 148.557 148.3 90.1651 60.8032 55.3775 362.689 162.527 247.057 161.846 200.116 250.211 241.358 176.156 144.145 168.885 143.611 141.856 134.061 221.863 182.195 224.873
threshold=0 1 2 332.00000000000006 2.5000000000000004 25.500000000000004 11.500000000000002 1.7500000000000002 245.00000000000003 3.5000000000000004 16.500000000000004 26.500000000000004 1.3250000000000002 21.500000000000004 3 4 24.500000000000004 5.5000000000000009 22.500000000000004 4.5000000000000009 -1055.4999999999998 5 11.500000000000002 19.500000000000004 6 1.5000000000000002 2.5000000000000004 7 21.500000000000004 8
decision_type=9 9 9 2 2 2 2 2 2 2 2 2 2 2 9 9 2 2 2 2 2 9 2 2 9 2 2 9 2 9
left_child=-1 2 3 5 -5 -2 -6 8 9 12 -10 -12 -7 14 17 26 24 18 20 21 -3 22 -20 -24 -17 -25 28 -28 -15 -30
right_child=1 13 -4 4 6 7 -8 -9 10 -11 11 -13 -14 15 -16 16 -18 -19 19 -21 -22 -23 23 25 -26 -27 27 -29 29 -31
leaf_value=8.0046677730649672e-09 -1.050818948078458e-06 0.066886589971390284 -6.9227427794693603e-07 -6.9227427794693603e-07 -0.0011507908484624351 -7.6708347078735535e-07 0.00015210055273833236 -2.7581673707643974e-06 4.1681568028195672e-07 5.5981035989027823e-07 3.5950528696204744e-07 -1.7623257564380879e-08 0.23156168373884409 -0.0033828513869093692 -0.0053271954096805636 0.0036272976888486854 0.0013530462277458355 0.10317218622439164 0.014287415491151735 -0.23770216505779801 -0.03351035788262733 0.0043602218903870064 0.037095741256215134 0.00089414618570362594 -0.0086270911848282065 0.32960348776244608 2.3302460600400732 0.020069282722916526 1.506111159088821 0.0018892255989567898
leaf_weight=16643 1700 1612 15271 4513 97 86 102 368 116 646 36 185 29 139577 39420 9747 109437 5985 3621 1530 5429 14202 3150 878 29987 4899 342 7535 326 12420
leaf_count=16643 1700 1612 15271 4513 97 86 102 368 116 646 36 185 29 139577 39420 9747 109437 5985 3621 1530 5429 14202 3150 878 29987 4899 342 7535 326 12420
internal_value=-0.000286935 -0.00224195 -0.0399132 -0.0224518 -0.0431452 0.00827543 0.00175879 0.020191 0.028051 0.0397503 0.00163205 -0.0223982 -0.0126087 -5.51131e-06 0.00116072 -0.000309822 0.000877793 0.00443412 0.00314685 0.00502475 -0.00439568 0.00614953 0.0104634 0.0138848 -0.00249912 0.0189631 -0.00141564 0.00494478 -0.00174465 0.00397772
internal_weight=429889 413246 23149 7878 4712 3166 199 1466 1098 761 337 221 115 390097 80726 309371 149171 41306 35321 28280 7041 26750 12548 8927 39734 5777 160200 7877 152323 12746
internal_count=429889 413246 23149 7878 4712 3166 199 1466 1098 761 337 221 115 390097 80726 309371 149171 41306 35321 28280 7041 26750 12548 8927 39734 5777 160200 7877 152323 12746
cat_boundaries=0 2 4 5 8 11 13 15 17 19
cat_threshold=2147483648 1049088 32898 1077936128 32768 286601284 1057241112 10 278229060 1057241146 4 268709952 570689560 1090519040 2147631232 0 262144 276824064 537133056
is_linear=0
shrinkage=0.05


Tree=264
num_leaves=31
num_cat=10
split_feature=0 0 0 11 6 3 1 6 11 1 10 3 11 0 6 0 3 14 15 0 0 8 2 12 15 0 0 11 11 0
split_gain=16318.4 13904.9 1448.59 2012.64 167.58 158.891 150.186 110.622 139.519 148.3 132.275 90.1651 56.2757 105.322 89.2626 75.4317 67.1415 66.2719 233.11 172.543 170.212 153.786 185.052 184.691 100.356 112.771 87.5274 140.044 226.724 198.37
threshold=0 1 2 332.00000000000006 2.5000000000000004 25.500000000000004 11.500000000000002 1.7500000000000002 245.00000000000003 16.500000000000004 3.5000000000000004 26.500000000000004 -1414.9999999999998 3 1.1666666666666667 4 23.500000000000004 27.500000000000004 0.17500000000000002 5 6 1.0000000180025095e-35 1.0000000180025095e-35 14.500000000000002 2.0083333333333337 7 8 -1314.9999999999998 -934.99999999999989 9
decision_type=9 9 9 2 2 2 2 2 2 2 2 2 2 9 2 9 2 2 2 9 9 2 2 2 2 9 9 2 2 9
left_child=-1 2 3 5 -5 -2 -6 8 10 -10 -7 -11 13 -3 15 16 -15 26 19 -19 21 23 -23 24 -20 -26 -14 -28 29 -29
right_child=1 12 -4 4 6 7 -8 -9 9 11 -12 -13 17 14 -16 -17 -18 18 20 -21 -22 22 -24 -25 25 -27 27 28 -30 -31
leaf_value=7.6044344154979626e-09 -9.9827800066343291e-07 -0.087817054029721675 -6.5766056405180968e-07 -6.5766056405180968e-07 -0.0010932513060393223 -7.2872929726131028e-07 0.00014449552510145124 -2.6202590022172956e-06 3.9597489625009531e-07 3.4153002261838597e-07 5.3181984189798474e-07 -1.6742094688382282e-08 0.00029471711261934712 -0.010377852663145882 -0.028355372811838909 -0.00019156532588877618 0.0071371311821805342 -0.20720469497727906 0.096286365211160796 0.0034632066926131525 -0.00059012393186814733 -0.23231886620994013 0.023604949573209133 0.24482524540601142 0.20250893950102819 0.015790886460395726 0.0094031304865562337 -0.066939828743424995 -0.00056416635929386067 -0.0013285448796982015
leaf_weight=16643 1700 1578 15271 4513 97 115 102 368 116 36 646 185 161844 138 895 1781 457 3292 8684 2022 28809 1207 3051 1931 607 16945 7919 17610 114300 17027
leaf_count=16643 1700 1578 15271 4513 97 115 102 368 116 36 646 185 161844 138 895 1781 457 3292 8684 2022 28809 1207 3051 1931 607 16945 7919 17610 114300 17027
internal_value=-0.000298565 -0.00225405 -0.0398959 -0.0224011 -0.0431452 0.00840177 0.00175879 0.0204638 0.0284153 0.00163205 0.040276 -0.0223982 -1.93537e-05 -0.00537224 -0.000228589 0.00484007 0.0200826 4.8021e-05 0.00148314 -0.00856229 0.0023549 0.00483891 -0.00401597 0.00617922 0.00508081 0.00290565 -0.000251647 -0.00109329 -0.00143786 -0.00498167
internal_weight=429889 413246 23149 7878 4712 3166 199 1466 1098 337 761 221 390097 4849 3271 2376 595 385248 66548 5314 61234 32425 4258 28167 26236 17552 318700 156856 148937 34637
internal_count=429889 413246 23149 7878 4712 3166 199 1466 1098 337 761 221 390097 4849 3271 2376 595 385248 66548 5314 61234 32425 4258 28167 26236 17552 318700 156856 148937 34637
cat_boundaries=0 2 4 5 8 10 13 16 18 21 24
cat_threshold=2147483648 1049088 32898 1077936128 32768 1073746180 469778433 4 16793600 33555712 344535300 704800859 13 268448068 321350826 13 0 270663680 1738081552 2618056777 2 12352 33685664 12
is_linear=0
shrinkage=0.05


Tree=265
num_leaves=31
num_cat=11
split_feature=0 0 0 11 6 1 3 11 6 1 6 6 0 3 0 3 0 1 0 5 0 0 9 1 9 0 11 10 2 0
split_gain=16315.6 13965.6 1423.48 1968.49 167.58 150.186 144.783 120.152 209.344 65.2794 101.062 65.9108 49.581 88.2595 102.798 84.5778 276.446 125.308 347.914 137.995 217.932 126.145 124.226 115.944 134.575 108.256 104.901 209.788 221.178 184.313
threshold=0 1 2 332.00000000000006 2.5000000000000004 11.500000000000002 26.500000000000004 245.00000000000003 1.7500000000000002 16.500000000000004 1.7500000000000002 1.7500000000000002 3 20.500000000000004 4 29.500000000000004 5 18.500000000000004 6 89.40000000000002 7 8 47.500000000000007 10.500000000000002 32.500000000000007 9 -626.99999999999989 20.500000000000004 4.5000000000000009 10
decision_type=9 9 9 2 2 2 2 2 2 2 2 2 9 2 9 2 9 2 9 2 9 9 2 2 2 9 2 2 2 9
left_child=-1 2 3 6 -5 -6 -2 8 -8 11 -11 -9 15 14 -14 17 23 19 21 26 -21 -19 -18 -17 -25 -24 27 29 -29 -3
right_child=1 12 -4 4 5 -7 7 9 -10 10 -12 -13 13 -15 -16 16 22 18 -20 20 -22 -23 25 24 -26 -27 -28 28 -30 -31
leaf_value=7.2242126947230648e-09 -4.9413928060459968e-09 -0.00099831090527600095 -6.2477753584033743e-07 -6.2477753584033743e-07 -0.0010385887407373673 0.00013727074884641865 5.0522884982306952e-07 3.7617615142870877e-07 -0.00011144032614334165 -1.5904989947301828e-08 6.962129083554203e-06 -2.4892460521286355e-06 0.04289155133533349 -0.0007971147641922194 -0.0031923633104272487 -0.0027610137683809822 -0.00045073774417592194 -0.22573339406872206 0.0010298638336255551 0.0013567655650760459 -0.089805583922961674 -0.045149289864337749 -0.0069170214763374822 0.0041059670617345839 0.19102571823575376 0.18308934860998827 -0.00010660502118904348 0.24824332473452881 0.0013431934479573027 0.043459661295563737
leaf_weight=16643 1895 20228 15271 4513 97 102 649 99 231 185 72 35 14348 162367 11899 1727 32946 1200 20866 3306 3931 17406 1320 1775 5580 2561 60601 1729 1697 24610
leaf_count=16643 1895 20228 15271 4513 97 102 649 99 231 185 72 35 14348 162367 11899 1727 32946 1200 20866 3306 3931 17406 1320 1775 5580 2561 60601 1729 1697 24610
internal_value=-0.000294378 -0.0022497 -0.0399737 -0.0226293 -0.0431452 0.00175879 0.00783323 0.0208891 0.0311364 -0.00217391 -0.0169261 0.0261194 -1.01254e-05 -0.000592714 0.00209738 0.000535254 0.00242109 -2.12118e-05 -0.0024549 0.000806188 -0.00587951 -0.00742372 0.000492711 0.0102288 0.0129776 0.00895388 0.00125063 0.00298981 0.0149154 0.00207859
internal_weight=429889 413246 23149 7878 4712 199 3166 1271 880 391 257 134 390097 188614 26247 201483 45909 155574 39472 116102 7237 18606 36827 9082 7355 3881 108865 48264 3426 44838
internal_count=429889 413246 23149 7878 4712 199 3166 1271 880 391 257 134 390097 188614 26247 201483 45909 155574 39472 116102 7237 18606 36827 9082 7355 3881 108865 48264 3426 44838
cat_boundaries=0 2 4 5 8 11 13 15 17 19 22 24
cat_threshold=2147483648 1049088 32898 1077936128 32768 1712858384 336555201 9 268763204 721420312 2 536871936 81921 1611670528 67321921 572006672 268517441 0 65536 524304 335552640 1 34611200 268971008
is_linear=0
shrinkage=0.05


Tree=266
num_leaves=31
num_cat=10
split_feature=0 0 0 11 6 1 3 11 6 1 6 6 10 0 5 1 0 0 0 11 5 0 0 8 0 1 3 2 1 1
split_gain=16326.3 13953.4 1423.48 1968.49 167.58 150.186 144.783 120.152 209.344 65.2794 101.062 65.9108 50.3001 233.754 179.662 283.727 359.566 267.839 250.149 276.723 328.969 334.46 298.812 230.564 209.791 320.476 189.669 173.854 148.716 217.104
threshold=0 1 2 332.00000000000006 2.5000000000000004 11.500000000000002 26.500000000000004 245.00000000000003 1.7500000000000002 16.500000000000004 1.7500000000000002 1.7500000000000002 9.5000000000000018 3 76.550000000000011 9.5000000000000018 4 5 6 315.00000000000006 77.90000000000002 7 8 1.0000000180025095e-35 9 9.5000000000000018 23.500000000000004 5.5000000000000009 10.500000000000002 18.500000000000004
decision_type=9 9 9 2 2 2 2 2 2 2 2 2 2 9 2 2 9 9 9 2 2 9 9 2 9 2 2 2 2 2
left_child=-1 2 3 6 -5 -6 -2 8 -8 11 -11 -9 13 -3 15 17 -17 -14 28 20 22 -22 26 24 27 -26 -20 -21 -16 -30
right_child=1 12 -4 4 5 -7 7 9 -10 10 -12 -13 14 -15 18 16 -18 -19 19 23 21 -23 -24 -25 25 -27 -28 -29 29 -31
leaf_value=6.86300207775048e-09 -4.6943231524210205e-09 0.0025131153811591036 -5.9353865906608409e-07 -5.9353865906608409e-07 -0.00098665930370049897 0.00013040721140411549 4.799674073296956e-07 3.5736734385061201e-07 -0.0001058683098361879 -1.5109740436614062e-08 6.614022629358729e-06 -2.3647837495310854e-06 -0.0020274444735624677 -0.0010910830166547482 -0.0049583256590452597 -0.045934717234759552 -0.00067116671348905761 0.015447953084278598 0.050958808608173457 -0.0065195107969324047 0.061388759390172964 -0.0005344861884984287 -0.0008594072590600633 0.23229281017805486 0.0022972294780763125 -0.062647229369157745 0.22926754747731615 0.013171422468515815 0.278192506818497 -0.014255536230053557
leaf_weight=16643 1895 55869 15271 4513 97 102 649 99 231 185 72 35 2690 105762 1451 19759 20243 2703 5109 21826 18325 104216 5611 755 2979 11254 2589 2943 4095 1918
leaf_count=16643 1895 55869 15271 4513 97 102 649 99 231 185 72 35 2690 105762 1451 19759 20243 2703 5109 21826 18325 104216 5611 755 2979 11254 2589 2943 4095 1918
internal_value=-0.000310196 -0.00226615 -0.0399737 -0.0226293 -0.0431452 0.00175879 0.00783323 0.0208891 0.0311364 -0.00217391 -0.0169261 0.0261194 -2.75565e-05 0.000647462 -0.000505108 -0.00332085 -0.00477226 0.00744484 0.000193094 -0.000188194 0.000885536 7.46689e-05 0.00835149 -0.00385718 -0.00438695 -0.00922207 0.0147379 -0.00160418 0.00915173 0.012631
internal_weight=429889 413246 23149 7878 4712 199 3166 1271 880 391 257 134 390097 161631 228466 45395 40002 5393 183071 175607 135850 122541 13309 39757 39002 14233 7698 24769 7464 6013
internal_count=429889 413246 23149 7878 4712 199 3166 1271 880 391 257 134 390097 161631 228466 45395 40002 5393 183071 175607 135850 122541 13309 39757 39002 14233 7698 24769 7464 6013
cat_boundaries=0 2 4 5 7 10 13 15 18 21 24
cat_threshold=2147483648 1049088 32898 1077936128 32768 1309155668 271452320 185618708 2334737833 12 1183395840 973359433 15 0 81920 277677056 2359387 1 353370180 487470473 14 59585872 2818715720 13
is_linear=0
shrinkage=0.05


Tree=267
num_leaves=31
num_cat=12
split_feature=0 0 0 11 6 1 3 11 6 1 6 6 11 0 0 1 0 6 0 0 11 0 0 3 11 11 0 9 2 0
split_gain=16341.8 13935.7 1423.48 1968.49 167.58 150.186 144.783 120.152 209.344 65.2794 101.062 65.9108 58.8452 338.471 108.819 81.3769 469.554 197.072 313.557 251.292 235.918 399.381 232.832 176.863 165.301 132.744 385.76 132.184 124.259 472.769
threshold=0 1 2 332.00000000000006 2.5000000000000004 11.500000000000002 26.500000000000004 245.00000000000003 1.7500000000000002 16.500000000000004 1.7500000000000002 1.7500000000000002 803.50000000000011 3 4 9.5000000000000018 5 1.7500000000000002 6 7 -534.99999999999989 8 9 22.500000000000004 -560.49999999999989 698.00000000000011 10 2.5000000000000004 1.0000000180025095e-35 11
decision_type=9 9 9 2 2 2 2 2 2 2 2 2 2 9 9 2 9 2 9 9 2 9 9 2 2 2 9 2 2 9
left_child=-1 2 3 6 -5 -6 -2 8 -8 11 -11 -9 15 -14 -15 16 -3 19 -19 23 21 -21 -22 -18 -25 28 -27 -24 29 -17
right_child=1 12 -4 4 5 -7 7 9 -10 10 -12 -13 13 14 -16 25 17 18 -20 20 22 -23 27 24 -26 26 -28 -29 -30 -31
leaf_value=6.5198519472176032e-09 -4.45960699479997e-09 0.011337300696658038 -5.6386172611055938e-07 -5.6386172611055938e-07 -0.00093732633851546516 0.0001238868508338875 4.5596903697209257e-07 3.3949897666474276e-07 -0.00010057489434438516 -1.4354253430326481e-08 6.2833214979018953e-06 -2.2465445620678538e-06 -0.069241550542273614 0.0024169180431078633 -0.0027419923977640703 -0.025912568304417263 0.018866668026028235 -0.011087243148967208 -0.0022561074114749503 0.0012262004839088459 0.00039682786012606996 -0.023035766129659453 -0.00087764878126994628 0.059781255055222096 -0.059830279305193426 -0.18663064268943003 0.0027195067394382381 0.0058129690363976534 0.00042160391878223182 0.0022635295039818092
leaf_weight=16643 1895 11853 15271 4513 97 102 649 99 231 185 72 35 1339 2034 2648 26670 2493 1558 4912 1354 5012 4632 638 931 4090 1930 4561 3580 286349 23513
leaf_count=16643 1895 11853 15271 4513 97 102 649 99 231 185 72 35 1339 2034 2648 26670 2493 1558 4912 1354 5012 4632 638 931 4090 1930 4561 3580 286349 23513
internal_value=-0.000333226 -0.00229011 -0.0399737 -0.0226293 -0.0431452 0.00175879 0.00783323 0.0208891 0.0311364 -0.00217391 -0.0169261 0.0261194 -5.29342e-05 -0.00495765 0.00140665 2.39536e-05 0.00212774 -0.00128038 -0.00897991 0.000910691 0.00460397 -0.00312396 0.0096208 -0.00656566 -0.0119797 -0.000227827 -0.00731012 0.0182592 -9.12246e-05 -0.00238627
internal_weight=429889 413246 23149 7878 4712 199 3166 1271 880 391 257 134 390097 6021 4682 384076 41053 29200 6470 22730 15216 5986 9230 7514 5021 343023 6491 4218 336532 50183
internal_count=429889 413246 23149 7878 4712 199 3166 1271 880 391 257 134 390097 6021 4682 384076 41053 29200 6470 22730 15216 5986 9230 7514 5021 343023 6491 4218 336532 50183
cat_boundaries=0 2 4 5 8 10 12 14 17 20 23 26 29
cat_threshold=2147483648 1049088 32898 1077936128 32768 1088 436224088 2 579350532 2770871298 270279680 355012610 620773392 2147500160 1073811524 264456 5 16793600 2147483648 2 58736896 2684362832 2 696778752 2717999106 1 1678799188 2265667713 5
is_linear=0
shrinkage=0.05


Tree=268
num_leaves=31
num_cat=9
split_feature=0 0 0 11 6 1 3 11 6 10 1 6 6 3 0 10 0 10 0 3 0 6 0 1 3 9 1 0 1 16
split_gain=16347.9 13979.9 1401.34 1929.65 167.58 150.186 128.553 107.393 191.135 89.6444 65.2794 101.062 65.9108 56.3278 312.776 181.496 222.556 218.282 166.39 283.564 149.571 138.54 218.473 157.284 141.239 155.665 150.628 136.073 129.073 131.393
threshold=0 1 2 332.00000000000006 2.5000000000000004 11.500000000000002 26.500000000000004 245.00000000000003 1.7500000000000002 3.5000000000000004 16.500000000000004 1.7500000000000002 1.7500000000000002 21.500000000000004 3 9.5000000000000018 4 3.5000000000000004 5 24.500000000000004 6 1.7500000000000002 7 9.5000000000000018 30.500000000000004 52.500000000000007 18.500000000000004 8 15.500000000000002 8.6083333333333361
decision_type=9 9 9 2 2 2 2 2 2 2 2 2 2 2 9 2 9 2 9 2 9 2 9 2 2 2 2 9 2 2
left_child=-1 2 3 6 -5 -6 -2 8 9 -8 12 -12 -9 14 15 16 -3 -18 -15 20 -20 27 23 -23 25 -24 -26 28 -21 -30
right_child=1 13 -4 4 5 -7 7 10 -10 -11 11 -13 -14 18 -16 -17 17 -19 19 21 -22 22 24 -25 26 -27 -28 -29 29 -31
leaf_value=6.1938593809429678e-09 -4.2366266495008629e-09 0.0027718402722539449 -5.3566863980059052e-07 -5.3566863980059052e-07 -0.00089046002158967854 0.0001176925082922331 -1.3859325331821994e-08 3.2252402784038739e-07 -9.5546149627168128e-05 4.3317058513459021e-07 -1.3636540741046589e-08 5.969155423013462e-06 -2.1342173339711223e-06 -0.0012006698110073267 -0.0073204416085410175 0.0024149020569210755 0.049854915406676525 0.22210488391373071 0.010252103500169075 0.0068656559946635113 -0.009982766598636417 -0.00973622073069862 0.029732642997040773 0.04465140235068326 -0.047072615125717837 -0.028822257614923654 0.010857522719911028 0.0023470686501173791 -0.016555629070406776 0.022798606273765998
leaf_weight=16643 1895 8951 15271 4513 97 102 57 99 231 592 185 72 35 148275 37744 24006 3908 6117 7869 23265 34919 1693 3998 11809 3629 3926 1185 47236 13014 8553
leaf_count=16643 1895 8951 15271 4513 97 102 57 99 231 592 185 72 35 148275 37744 24006 3908 6117 7869 23265 34919 1693 3998 11809 3629 3926 1185 47236 13014 8553
internal_value=-0.000342298 -0.00229954 -0.0400427 -0.0228322 -0.0431452 0.00175879 0.00732786 0.0196302 0.0293182 0.0432203 -0.00217391 -0.0169261 0.0261194 -5.883e-05 0.00111736 0.00403331 0.00768866 0.0128002 -0.000365742 0.000746713 -0.00274142 0.00200832 -0.00119665 0.00323416 -0.00589112 -0.00179202 -0.0126506 0.00292175 0.000947772 -0.00183846
internal_weight=429889 413246 23149 7878 4712 199 3166 1271 880 649 391 257 134 390097 80726 42982 18976 10025 309371 161096 42788 118308 26240 13502 12738 7924 4814 92068 44832 21567
internal_count=429889 413246 23149 7878 4712 199 3166 1271 880 649 391 257 134 390097 80726 42982 18976 10025 309371 161096 42788 118308 26240 13502 12738 7924 4814 92068 44832 21567
cat_boundaries=0 2 4 5 8 11 14 16 19 22
cat_threshold=2147483648 1049088 32898 1077936128 32768 303378500 1057892376 10 33882112 352460816 10 286593092 1057232954 6 1073741824 2147631232 1711285248 214081 1 1140859904 2149793920 9
is_linear=0
shrinkage=0.05


Tree=269
num_leaves=31
num_cat=10
split_feature=0 0 0 11 6 1 3 11 6 10 1 6 6 0 2 1 0 0 5 3 11 0 10 10 10 0 3 0 9 0
split_gain=16328.3 14002.3 1401.34 1929.65 167.58 150.186 128.553 107.393 191.135 89.6444 65.2794 101.062 65.9108 51.5262 83.2903 328.634 175.215 121.852 153.62 111.011 95.8198 149.766 110.972 259.836 151.895 177.655 119.444 234.613 184.924 105.549
threshold=0 1 2 332.00000000000006 2.5000000000000004 11.500000000000002 26.500000000000004 245.00000000000003 1.7500000000000002 3.5000000000000004 16.500000000000004 1.7500000000000002 1.7500000000000002 3 1.0000000180025095e-35 9.5000000000000018 4 5 76.550000000000011 23.500000000000004 555.00000000000011 6 30.500000000000004 29.500000000000004 28.500000000000004 7 21.500000000000004 8 3.5000000000000004 9
decision_type=9 9 9 2 2 2 2 2 2 2 2 2 2 9 2 2 9 9 2 2 2 9 2 2 2 9 2 9 2 9
left_child=-1 2 3 6 -5 -6 -2 8 9 -8 12 -12 -9 14 15 16 -3 18 -17 -20 22 -22 23 24 26 -26 27 28 -16 -24
right_child=1 13 -4 4 5 -7 7 10 -10 -11 11 -13 -14 -15 20 17 -18 -19 19 -21 21 -23 29 -25 25 -27 -28 -29 -30 -31
leaf_value=5.8841663985731433e-09 -4.0247952970418058e-09 0.013037847823822158 -5.0888520779501795e-07 -5.0888520779501795e-07 -0.00084593702051019017 0.00011180788287763478 -1.3166359069671786e-08 3.063978264439271e-07 -9.0768842145827488e-05 4.1151205589784471e-07 -1.2954713701773813e-08 5.6706976518494663e-06 -2.0275064672503617e-06 -0.00058488325600982718 -0.22599155281533145 0.016147448046457846 0.0026598610462985842 -0.022933608541216358 -0.088607081710742774 -0.0002286915939574641 0.010519678379882259 -0.0060976670873169386 0.0011840331592818387 0.17642164781822545 0.042662541428754787 -0.1797692829375441 0.00099816099274878671 0.028892633044819774 0.66274448272051112 -0.01352165304608275
leaf_weight=16643 1895 756 15271 4513 97 102 57 99 231 592 185 72 35 187000 273 4335 3003 13301 2262 6495 4145 17260 8075 3115 246 1222 111025 15984 1265 10335
leaf_count=16643 1895 756 15271 4513 97 102 57 99 231 592 185 72 35 187000 273 4335 3003 13301 2262 6495 4145 17260 8075 3115 246 1222 111025 15984 1265 10335
internal_value=-0.00031322 -0.0022693 -0.0400427 -0.0228322 -0.0431452 0.00175879 0.00732786 0.0196302 0.0293182 0.0432203 -0.00217391 -0.0169261 0.0261194 -2.67875e-05 0.0005246 -0.00190037 0.0119314 -0.00387034 -0.000442681 -0.00425374 0.000947411 -0.00218407 0.00138973 0.00189289 0.00155097 -0.0144414 0.00173361 0.00557014 0.0241602 -0.00224878
internal_weight=429889 413246 23149 7878 4712 199 3166 1271 880 649 391 257 134 390097 203097 30152 3759 26393 13092 8757 172945 21405 151540 133130 130015 1468 128547 17522 1538 18410
internal_count=429889 413246 23149 7878 4712 199 3166 1271 880 649 391 257 134 390097 203097 30152 3759 26393 13092 8757 172945 21405 151540 133130 130015 1468 128547 17522 1538 18410
cat_boundaries=0 2 4 5 8 10 13 16 19 21 24
cat_threshold=2147483648 1049088 32898 1077936128 32768 1704485136 2215602368 11 536887552 2147549184 92798992 925760 11 1091592192 67780608 10 524288 2147485696 2 0 264192 9453584 354368 3
is_linear=0
shrinkage=0.05


Tree=270
num_leaves=31
num_cat=9
split_feature=0 0 0 11 6 1 3 11 6 10 1 6 6 0 2 1 0 0 5 3 11 5 0 10 10 11 2 1 0 0
split_gain=16316.4 14015.9 1401.34 1929.65 167.58 150.186 128.553 107.393 191.135 89.6444 65.2794 101.062 65.9108 53.0883 81.1812 288.497 145.064 128.506 118.102 134.036 85.8318 114.552 143.012 121.797 211.567 130.042 139.109 144.137 313.188 188.958
threshold=0 1 2 332.00000000000006 2.5000000000000004 11.500000000000002 26.500000000000004 245.00000000000003 1.7500000000000002 3.5000000000000004 16.500000000000004 1.7500000000000002 1.7500000000000002 3 1.0000000180025095e-35 9.5000000000000018 4 5 76.550000000000011 23.500000000000004 555.00000000000011 68.40000000000002 6 30.500000000000004 29.500000000000004 -1224.9999999999998 4.5000000000000009 9.5000000000000018 7 8
decision_type=9 9 9 2 2 2 2 2 2 2 2 2 2 9 2 2 9 9 2 2 2 2 9 2 2 2 2 2 9 9
left_child=-1 2 3 6 -5 -6 -2 8 9 -8 12 -12 -9 14 15 16 -3 18 -17 -20 21 22 -16 24 25 -23 27 28 -27 -29
right_child=1 13 -4 4 5 -7 7 10 -10 -11 11 -13 -14 -15 20 17 -18 -19 19 -21 -22 23 -24 -25 -26 26 -28 29 -30 -31
leaf_value=5.5899580964080549e-09 -3.8235555166465927e-09 0.014873941723302232 -4.8344094740748742e-07 -4.8344094740748742e-07 -0.00080364016948468735 0.00010621748873376192 -1.2508041136172211e-08 2.9107793513283299e-07 -8.6230400038544993e-05 3.9093645312071604e-07 -1.2306978014464676e-08 5.3871627692547721e-06 -1.9261311438700804e-06 -0.00041307989075827227 -0.2098294851887722 0.021499926135523498 0.0012404005038016308 -0.032987887791508651 -0.13316795290044844 0.00047711700475487899 -0.00288877013628035 -0.0029317094174032832 -0.0015495200653322439 -0.0046089720086284203 0.17768249229065758 0.041423800253811476 2.6590544046634082e-07 0.087467004215169383 -0.005088171116255525 0.010668054983333253
leaf_weight=16643 1895 1473 15271 4513 97 102 57 99 231 592 185 72 35 187267 1012 3256 2269 16348 1724 4969 21347 17978 2233 18283 3093 2291 37714 24970 4370 39500
leaf_count=16643 1895 1473 15271 4513 97 102 57 99 231 592 185 72 35 187267 1012 3256 2269 16348 1724 4969 21347 17978 2233 18283 3093 2291 37714 24970 4370 39500
internal_value=-0.000295541 -0.00225091 -0.0400427 -0.0228322 -0.0431452 0.00175879 0.00732786 0.0196302 0.0293182 0.0432203 -0.00217391 -0.0169261 0.0261194 -7.30569e-06 0.000553145 -0.00184593 0.0111438 -0.00369434 0.000788232 -0.00301061 0.000970247 0.00138863 -0.00790447 0.00159212 0.00212984 0.00181473 0.00246543 0.00376699 -0.00323525 0.00449046
internal_weight=429889 413246 23149 7878 4712 199 3166 1271 880 649 391 257 134 390097 202830 30039 3742 26297 9949 6693 172791 151444 3245 148199 129916 126823 108845 71131 6661 64470
internal_count=429889 413246 23149 7878 4712 199 3166 1271 880 649 391 257 134 390097 202830 30039 3742 26297 9949 6693 172791 151444 3245 148199 129916 126823 108845 71131 6661 64470
cat_boundaries=0 2 4 5 8 10 13 15 17 19
cat_threshold=2147483648 1049088 32898 1077936128 32768 1704485136 2215602369 9 605044992 2148073601 92815376 270400 8 536887552 606209 1056768 67772416 1702887440 346112
is_linear=0
shrinkage=0.05


Tree=271
num_leaves=31
num_cat=6
split_feature=0 0 0 11 6 1 3 11 6 10 1 6 6 14 0 6 14 14 5 6 9 2 0 8 0 12 3 5 2 2
split_gain=16340.8 13987.9 1401.34 1929.65 167.58 150.186 128.553 107.393 191.135 89.6444 65.2794 101.062 65.9108 48.5663 101.538 71.3542 53.2726 65.5472 48.6944 61.587 48.1575 47.8982 52.3045 47.0898 46.9367 81.5903 168.722 277.56 235.953 227.967
threshold=0 1 2 332.00000000000006 2.5000000000000004 11.500000000000002 26.500000000000004 245.00000000000003 1.7500000000000002 3.5000000000000004 16.500000000000004 1.7500000000000002 1.7500000000000002 125.00000000000001 3 1.7500000000000002 135.00000000000003 165.00000000000003 87.15000000000002 1.7500000000000002 37.500000000000007 1.0000000180025095e-35 4 1.0000000180025095e-35 5 13.750000000000002 23.500000000000004 79.200000000000017 1.5000000000000002 1.0000000180025095e-35
decision_type=9 9 9 2 2 2 2 2 2 2 2 2 2 2 9 2 2 2 2 2 2 2 9 2 9 2 2 2 2 2
left_child=-1 2 3 6 -5 -6 -2 8 9 -8 12 -12 -9 24 15 23 -16 20 21 -20 -18 -19 -23 -15 -3 -26 -27 28 29 -28
right_child=1 13 -4 4 5 -7 7 10 -10 -11 11 -13 -14 14 16 -17 17 18 19 -21 -22 22 -24 -25 25 26 27 -29 -30 -31
leaf_value=5.3104601605014073e-09 -3.632377731932479e-09 0.00030953119195231693 -4.5926890002156995e-07 -4.5926890002156995e-07 -0.00076345816101044408 0.00010090661429709159 -1.1882639094906722e-08 2.7652403837841178e-07 -8.1918880036635508e-05 3.7138963047134157e-07 -1.1691629131505011e-08 5.1178046307942539e-06 -1.8298245866965602e-06 0.11495891381493131 0.10544018755382362 0.38416605396906933 -0.083315109547322269 -0.13946553218623878 -0.026088355752597849 0.31690089397592125 0.00082239088394295843 0.26750020921974205 -0.023404586353278935 -0.23588307445487333 -0.0014453095015291462 0.02003124921360655 -0.0099019539466557848 0.0034625415622811851 -0.01200496702220466 -0.2602935397869654
leaf_weight=16643 1895 195552 15271 4513 97 102 57 99 231 592 185 72 35 1589 537 661 855 182 382 91 531 567 350 140 119838 23025 1569 34074 7848 2306
leaf_count=16643 1895 195552 15271 4513 97 102 57 99 231 592 185 72 35 1589 537 661 855 182 382 91 531 567 350 140 119838 23025 1569 34074 7848 2306
internal_value=-0.00033183 -0.00228865 -0.0400427 -0.0228322 -0.0431452 0.00175879 0.00732786 0.0196302 0.0293182 0.0432203 -0.00217391 -0.0169261 0.0261194 -4.72947e-05 0.00446049 0.012375 -0.000984308 -0.00361731 0.0033715 -0.0100423 -0.011544 0.00914468 0.013795 0.00708502 -0.000116342 -0.000678963 0.000693092 -0.0010623 -0.00769854 -0.0177935
internal_weight=429889 413246 23149 7878 4712 199 3166 1271 880 649 391 257 134 390097 5885 2390 3495 2958 1572 473 1386 1099 917 1729 384212 188660 68822 45797 11723 3875
internal_count=429889 413246 23149 7878 4712 199 3166 1271 880 649 391 257 134 390097 5885 2390 3495 2958 1572 473 1386 1099 917 1729 384212 188660 68822 45797 11723 3875
cat_boundaries=0 2 4 5 7 10 13
cat_threshold=2147483648 1049088 32898 1077936128 32768 318780416 536887296 16 2048 4 1855471888 2483972289 9
is_linear=0
shrinkage=0.05


Tree=272
num_leaves=31
num_cat=10
split_feature=0 0 0 11 6 1 3 11 6 10 1 6 6 14 0 6 10 0 10 10 1 0 10 1 0 0 1 0 11 0
split_gain=16339.6 13989.4 1401.34 1929.65 167.58 150.186 128.553 107.393 191.135 89.6444 65.2794 101.062 65.9108 55.7249 92.4061 62.7847 48.041 333.87 141.559 320.164 359.905 312.712 254.933 343.898 291.595 225.164 231.438 120.454 119.39 112.119
threshold=0 1 2 332.00000000000006 2.5000000000000004 11.500000000000002 26.500000000000004 245.00000000000003 1.7500000000000002 3.5000000000000004 16.500000000000004 1.7500000000000002 1.7500000000000002 125.00000000000001 3 1.7500000000000002 33.500000000000007 4 30.500000000000004 29.500000000000004 9.5000000000000018 5 28.500000000000004 9.5000000000000018 6 7 9.5000000000000018 8 -1164.9999999999998 9
decision_type=9 9 9 2 2 2 2 2 2 2 2 2 2 2 9 2 2 9 2 2 2 9 2 2 9 9 2 9 2 9
left_child=-1 2 3 6 -5 -6 -2 8 9 -8 12 -12 -9 16 15 -15 18 -18 19 22 27 -22 -3 -24 28 26 -20 -21 -25 -23
right_child=1 13 -4 4 5 -7 7 10 -10 -11 11 -13 -14 14 -16 -17 17 -19 25 20 21 29 23 24 -26 -27 -28 -29 -30 -31
leaf_value=5.0449371791216897e-09 -3.4507588342336251e-09 -2.7344454662525664e-05 -4.3630545500938925e-07 -4.3630545500938925e-07 -0.00072528525295991744 9.5861283582276974e-05 -1.1288507151263616e-08 2.6269783646171165e-07 -7.7822936034799286e-05 3.5282014896331761e-07 -1.1107047681591099e-08 4.8619143992567622e-06 -1.7383333573484096e-06 0.067926279273873291 -0.0011990188412990934 0.36495775127061592 0.007148137790521281 -0.01329188553523224 0.0082912394532657085 -0.040805876886473635 0.2387631592140613 0.15487706532309009 0.023070367866056964 0.00074053982398809566 -0.0060743345291101036 0.00077261952253437904 -0.072400874822296762 -0.0060038777997404764 -0.10583923756209135 -0.024155796654544173
leaf_weight=16643 1895 324614 15271 4513 97 102 57 99 231 592 185 72 35 1729 3495 661 11198 12330 1265 431 3428 1694 911 464 3391 10570 9112 531 2917 1356
leaf_count=16643 1895 324614 15271 4513 97 102 57 99 231 592 185 72 35 1729 3495 661 11198 12330 1265 431 3428 1694 911 464 3391 10570 9112 531 2917 1356
internal_value=-0.000329969 -0.00228672 -0.0400427 -0.0228322 -0.0431452 0.00175879 0.00732786 0.0196302 0.0293182 0.0432203 -0.00217391 -0.0169261 0.0261194 -4.5244e-05 0.00478335 0.0123333 -0.000119205 0.00206987 -0.000262002 -1.60418e-05 0.0102419 0.0144798 -0.000245714 -0.00924769 -0.0131276 -0.00425121 -0.00947819 -0.0182952 -0.0234886 0.00277778
internal_weight=429889 413246 23149 7878 4712 199 3166 1271 880 649 391 257 134 390097 5885 2390 384212 23528 360684 339737 7440 6478 332297 7683 6772 20947 10377 962 3381 3050
internal_count=429889 413246 23149 7878 4712 199 3166 1271 880 649 391 257 134 390097 5885 2390 384212 23528 360684 339737 7440 6478 332297 7683 6772 20947 10377 962 3381 3050
cat_boundaries=0 2 4 5 7 10 13 16 19 22 25
cat_threshold=2147483648 1049088 32898 1077936128 32768 318780416 536887296 193807376 3105957321 8 1611952452 252061873 14 956330244 1009410465 12 1226322004 237909409 8 630013968 3122923656 9 352322560 805852416 1
is_linear=0
shrinkage=0.05


Tree=273
num_leaves=31
num_cat=5
split_feature=0 0 0 11 6 1 9 6 11 1 14 14 10 5 9 15 9 3 6 5 5 9 14 5 9 0 3 2 3 0
split_gain=16336 14054.4 1375.28 1884.04 167.58 150.186 128.861 138.031 186.668 113.698 53.1109 72.0995 56.6854 52.9959 52.8352 65.6004 51.9599 107.914 89.5534 51.9924 58.5426 82.6713 53.6403 48.5189 47.5615 235.557 203.084 136.883 182.57 230.096
threshold=0 1 2 332.00000000000006 2.5000000000000004 11.500000000000002 21.500000000000004 1.4166666666666667 245.00000000000003 16.500000000000004 238.50000000000003 305.00000000000006 4.5000000000000009 74.65000000000002 33.500000000000007 0.65833333333333344 17.500000000000004 21.500000000000004 2.5000000000000004 82.200000000000003 75.800000000000011 11.500000000000002 49.000000000000007 71.15000000000002 5.5000000000000009 3 21.500000000000004 1.5000000000000002 25.500000000000004 4
decision_type=9 9 9 2 2 2 2 2 2 2 2 2 2 2 2 2 2 2 2 2 2 2 2 2 2 9 2 2 2 9
left_child=-1 2 3 6 -5 -6 16 8 -8 -10 24 12 13 -12 -9 -16 18 -18 19 20 21 -2 -21 -14 25 26 -3 28 -27 -30
right_child=1 10 -4 4 5 -7 7 14 9 -11 11 -13 23 -15 15 -17 17 -19 -20 22 -22 -23 -24 -25 -26 27 -28 -29 29 -31
leaf_value=4.7926903334882814e-09 2.541010830192647e-07 -0.020001508225644393 -4.1449018226558112e-07 -4.1449018226558112e-07 -0.00068902099031191715 9.1068219403123154e-05 3.3517914150849042e-07 -0.018714765327432038 2.495629446208625e-07 -1.0551695295291097e-08 1.9978061606461894 -0.018481156876207282 -0.1547411883843621 -0.12564899127319276 -5.75606710913057e-06 0.12191361376547993 0.23721128952205783 -0.00029032722532624789 0.0049544364626292747 -7.1185710636356708e-06 3.9391647227216001e-06 -4.6928110828003969e-05 3.8190045812180887e-06 0.27702180529982739 0.00016921418815294409 -0.0093897771517322606 0.0046585973848939592 -0.002147591040731367 0.0013079205053670774 -0.19804703691110698
leaf_weight=16643 502 9082 15271 4513 97 102 590 88 102 149 39 331 21 168 202 78 128 150 100 314 525 206 32 658 309498 10623 28757 28061 633 2226
leaf_count=16643 502 9082 15271 4513 97 102 590 88 102 149 39 331 21 168 202 78 128 150 100 314 525 206 32 658 309498 10623 28757 28061 633 2226
internal_value=-0.000324619 -0.00228115 -0.0401248 -0.023073 -0.0431452 0.00175879 0.00672773 0.0195616 0.0307372 -0.00537849 -3.44777e-05 0.0103944 0.017833 -0.00507246 -0.00597826 0.00464286 -0.00120082 -0.021223 0.00211435 -0.00079164 0.0040146 -0.00536723 -0.0179191 0.0248159 -6.71158e-05 -0.00115895 0.00169489 -0.00375785 -0.00789942 -0.0191151
internal_weight=429889 413246 23149 7878 4712 199 3166 1209 841 251 390097 1217 886 207 368 280 1957 278 1679 1579 1233 708 346 679 388880 79382 37839 41543 13482 2859
internal_count=429889 413246 23149 7878 4712 199 3166 1209 841 251 390097 1217 886 207 368 280 1957 278 1679 1579 1233 708 346 679 388880 79382 37839 41543 13482 2859
cat_boundaries=0 2 4 5 8 11
cat_threshold=2147483648 1049088 32898 1077936128 32768 763973712 2282366451 8 256 287309824 2
is_linear=0
shrinkage=0.05


Tree=274
num_leaves=31
num_cat=7
split_feature=0 0 0 11 6 1 3 11 6 1 6 5 5 14 10 6 14 14 10 5 5 0 11 0 3 0 3 2 1 0
split_gain=16310.9 13843.4 1479.57 2067.27 167.58 150.186 129.408 102.6 138.848 64.9891 62.7128 56.0622 65.2371 64.9055 61.2622 52.5163 51.2321 70.9142 55.5736 52.9959 48.1376 45.1309 60.9355 205.52 142.635 137.364 114.677 210.637 124.537 269.789
threshold=0 1 2 332.00000000000006 2.5000000000000004 11.500000000000002 26.500000000000004 245.00000000000003 1.7500000000000002 16.500000000000004 1.7500000000000002 82.200000000000003 77.750000000000014 49.000000000000007 17.500000000000004 1.7500000000000002 238.50000000000003 305.00000000000006 4.5000000000000009 74.65000000000002 71.15000000000002 3 340.50000000000006 4 24.500000000000004 5 24.500000000000004 1.5000000000000002 12.500000000000002 6
decision_type=9 9 9 2 2 2 2 2 2 2 2 2 2 2 2 2 2 2 2 2 2 9 2 9 2 9 2 2 2 9
left_child=-1 2 3 6 -5 -6 11 8 -8 15 -11 12 -2 14 -13 -9 21 18 19 -18 -20 22 23 24 -3 -24 27 -25 -28 -30
right_child=1 16 -4 4 5 -7 7 9 -10 10 -12 13 -14 -15 -16 -17 17 -19 20 -21 -22 -23 25 26 -26 -27 28 -29 29 -31
leaf_value=4.5530557990502989e-09 -2.0023645701527927e-07 0.29419746090050797 -3.9376567313453852e-07 -3.9376567313453852e-07 -0.00065456994079631241 8.6514808432980328e-05 3.1842018444194764e-07 2.3708479739426026e-07 -7.3643985877591694e-05 -1.0024110519424313e-08 4.9066220347615545e-06 -0.00036482265297714815 1.4496661874296991e-05 6.1872890098513269e-06 -5.5788399739853394e-07 -1.3636133340266809e-06 1.8979158526138797 -0.017557099032396908 -0.147004128965144 -0.11936654170953315 0.26317071503483619 -0.00086228650175250725 0.013173957164833806 -0.014502023315876401 0.035257607445296026 -0.0037203832306381469 0.0020603277073430793 0.0007371156580655569 -0.0078382081904018637 0.0012568624298485266
leaf_weight=16643 1240 3981 15271 4513 97 102 649 99 231 185 72 144 369 30 112 35 39 331 21 168 658 193654 6427 14460 4282 34340 27246 39759 31221 33510
leaf_count=16643 1240 3981 15271 4513 97 102 649 99 231 185 72 144 369 30 112 35 39 331 21 168 658 193654 6427 14460 4282 34340 27246 39759 31221 33510
internal_value=-0.0002874 -0.00224244 -0.0398009 -0.0221222 -0.0431452 0.00175879 0.00909665 0.0214398 0.0309091 0.000127877 -0.0145914 0.000817942 0.00444375 -0.0195804 -0.0277344 0.0283582 -1.26888e-05 0.0102301 0.0176072 -0.00507246 0.0245214 -4.47439e-05 0.000491713 0.000945558 0.00861235 -0.00122771 0.000511607 -0.00131227 0.00158681 0.000393166
internal_weight=429889 413246 23149 7878 4712 199 3166 1271 880 391 257 1895 1609 286 256 134 390097 1217 886 207 679 388880 195226 154459 8263 40767 146196 54219 91977 64731
internal_count=429889 413246 23149 7878 4712 199 3166 1271 880 391 257 1895 1609 286 256 134 390097 1217 886 207 679 388880 195226 154459 8263 40767 146196 54219 91977 64731
cat_boundaries=0 2 4 5 8 10 13 16
cat_threshold=2147483648 1049088 32898 1077936128 32768 1872257296 2215405760 11 8912896 262144 16801792 67127296 10 1074798608 2215118976 8
is_linear=0
shrinkage=0.05


Tree=275
num_leaves=31
num_cat=7
split_feature=0 0 0 11 6 1 3 11 6 1 6 6 14 14 10 5 5 0 9 9 0 11 0 9 0 1 12 10 3 9
split_gain=16299.4 13828.1 1466.96 2135.31 167.58 150.186 112.143 102.6 138.848 64.9891 62.7128 52.5163 51.1116 70.9142 53.2313 52.0253 47.9475 44.4418 60.5901 184.036 136.033 130.411 136.759 87.0921 134.147 92.5443 83.0271 162.969 206.26 196.076
threshold=0 1 2 332.00000000000006 2.5000000000000004 11.500000000000002 26.500000000000004 245.00000000000003 1.7500000000000002 16.500000000000004 1.7500000000000002 1.7500000000000002 238.50000000000003 305.00000000000006 4.5000000000000009 74.65000000000002 71.15000000000002 3 60.500000000000007 59.500000000000007 4 725.00000000000011 5 58.500000000000007 6 12.500000000000002 13.750000000000002 1.5000000000000002 25.500000000000004 1.5000000000000002
decision_type=9 9 9 2 2 2 2 2 2 2 2 2 2 2 2 2 2 9 2 2 9 2 9 2 9 2 2 2 2 2
left_child=-1 -2 3 6 -5 -6 -3 8 -8 11 -11 -9 17 14 15 -14 -16 -4 19 23 -21 22 -20 26 -25 -26 -19 28 -28 -29
right_child=1 2 12 4 5 -7 7 9 -10 10 -12 -13 13 -15 16 -17 -18 18 21 20 -22 -23 -24 24 25 -27 27 29 -30 -31
leaf_value=4.3254029691297545e-09 -3.7407738946448892e-07 8.4614089499446268e-07 0.00032843126282662284 -3.7407738946448892e-07 -0.00062184144375647681 8.2189068011295782e-05 3.024991752198503e-07 2.2523055753786991e-07 -6.9961786583716553e-05 -9.5229049978939897e-09 4.6612909330168151e-06 -1.2954326673142447e-06 1.8030200599831858 -0.016679244080777079 -0.13965392251688677 -0.11339821462405647 0.25001217928309422 -0.0017126351928898665 -0.10271784980850836 -0.013105797088908355 0.096262841442591285 0.019522239313001368 -0.00032323432403664755 0.0052718053690844263 -0.0007380493537919808 -0.14851781022573948 -0.0052053747309230404 0.15579367678557379 -0.21090947127478821 0.0035185310685195148
leaf_weight=16643 15271 1895 195419 4513 97 102 649 99 231 185 72 35 39 331 21 168 658 116095 3336 622 1343 388 4298 508 505 1031 5113 2095 1835 56292
leaf_count=16643 15271 1895 195419 4513 97 102 649 99 231 185 72 35 39 331 21 168 658 116095 3336 622 1343 388 4298 508 505 1031 5113 2095 1835 56292
internal_value=-0.000270186 -0.00222453 -0.000432303 -0.0217799 -0.0431452 0.00175879 0.00994946 0.0214398 0.0309091 0.000127877 -0.0145914 0.0283582 -6.4085e-07 0.0102301 0.0176072 -0.00458937 0.0243741 -3.26579e-05 -0.000569853 -0.000385841 0.0148346 -0.00482423 -0.00626146 -0.000548852 -0.0108121 -0.0181113 -0.000433225 0.000992577 -0.0062464 0.00185401
internal_weight=429889 413246 397975 7878 4712 199 3166 1271 880 391 257 134 390097 1217 886 207 679 388880 193461 185439 1965 8022 7634 183474 2044 1536 181430 65335 6948 58387
internal_count=429889 413246 397975 7878 4712 199 3166 1271 880 391 257 134 390097 1217 886 207 679 388880 193461 185439 1965 8022 7634 183474 2044 1536 181430 65335 6948 58387
cat_boundaries=0 2 4 5 8 10 12 14
cat_threshold=2147483648 1049088 130 1077936128 32768 1847075088 2483841225 11 327680 536936754 268768260 704774146 16778240 153092352
is_linear=0
shrinkage=0.05


Tree=276
num_leaves=31
num_cat=9
split_feature=0 0 0 11 6 1 3 11 6 1 6 6 14 0 2 14 0 5 15 14 10 0 10 10 1 0 10 1 0 0
split_gain=16286.8 13839.6 1469.73 2135.31 167.58 150.186 112.143 102.6 138.848 64.9891 62.7128 52.5163 51.181 88.4741 94.8498 90.138 67.2941 56.1662 62.2223 59.4283 49.9162 301.674 115.968 294.577 345.319 266.5 259.341 326.422 282.537 206.176
threshold=0 1 2 332.00000000000006 2.5000000000000004 11.500000000000002 26.500000000000004 245.00000000000003 1.7500000000000002 16.500000000000004 1.7500000000000002 1.7500000000000002 125.00000000000001 3 1.0000000180025095e-35 275.00000000000006 4 83.300000000000011 6.1750000000000016 305.00000000000006 33.500000000000007 5 30.500000000000004 29.500000000000004 9.5000000000000018 6 28.500000000000004 9.5000000000000018 7 8
decision_type=9 9 9 2 2 2 2 2 2 2 2 2 2 9 2 2 9 2 2 2 2 9 2 2 2 9 2 2 9 9
left_child=-1 -2 3 6 -5 -6 -3 8 -8 11 -11 -9 20 14 15 16 -14 -16 19 -19 22 -22 23 26 -25 -26 -4 -28 -29 -24
right_child=1 2 12 4 5 -7 7 9 -10 10 -12 -13 13 -15 17 -17 -18 18 -20 -21 21 -23 29 24 25 -27 27 28 -30 -31
leaf_value=4.1091328562004035e-09 -3.55373519989044e-07 8.0383385023807821e-07 2.0641244995323051e-05 -3.55373519989044e-07 -0.00059074937156866625 7.807961461070434e-05 2.8737421646773954e-07 2.139690296498742e-07 -6.6463697254537382e-05 -9.0467597413379518e-09 4.4282263863770771e-06 -1.2306610339685164e-06 -0.10234226318528045 -0.027337066574580151 0.19837910925734442 0.03030522306755459 0.00047990589732016531 0.11438144536505207 -0.15741933604884945 -0.015408711559113898 0.007093711022473137 -0.0057205570384234686 -0.050214316014475104 -0.029092522710874036 0.2176686998530819 0.032281193324174139 0.021788950814838073 -0.082668678802265208 -0.0061066751165887558 0.00051514728492634281
leaf_weight=16643 15271 1895 324614 4513 97 102 649 99 231 185 72 35 254 2239 1603 75 200 1302 116 96 10136 13392 9861 962 3422 3056 911 3381 3391 11086
leaf_count=16643 15271 1895 324614 4513 97 102 649 99 231 185 72 35 254 2239 1603 75 200 1302 116 96 10136 13392 9861 962 3422 3056 911 3381 3391 11086
internal_value=-0.000251577 -0.00220517 -0.000412201 -0.0217799 -0.0431452 0.00175879 0.00994946 0.0214398 0.0309091 0.000127877 -0.0145914 0.0283582 1.98663e-05 0.00464741 0.00943654 -0.0101134 -0.0185022 0.0127847 0.00587847 0.00879828 -5.10135e-05 0.00218038 -0.000196571 2.60496e-05 0.00986559 0.0140167 -0.000194254 -0.00927372 -0.0130538 -0.00380723
internal_weight=429889 413246 397975 7878 4712 199 3166 1271 880 391 257 134 390097 5885 3646 529 454 3117 1514 1398 384212 23528 360684 339737 7440 6478 332297 7683 6772 20947
internal_count=429889 413246 397975 7878 4712 199 3166 1271 880 391 257 134 390097 5885 3646 529 454 3117 1514 1398 384212 23528 360684 339737 7440 6478 332297 7683 6772 20947
cat_boundaries=0 2 4 5 7 9 12 15 18 21
cat_threshold=2147483648 1049088 130 1077936128 32768 318780432 2684373008 8208 18432 193807376 690038089 10 1611952196 252062897 14 956330244 1009410465 12 1209546068 170792353 8
is_linear=0
shrinkage=0.05


Tree=277
num_leaves=31
num_cat=8
split_feature=0 0 0 11 6 1 3 11 6 1 6 6 14 14 10 5 11 12 0 1 0 6 0 6 10 10 9 10 0 0
split_gain=16300.8 13826.8 1466.65 2135.31 167.58 150.186 112.143 102.6 138.848 64.9891 62.7128 52.5163 45.5478 64.7531 48.9886 52.0253 46.6245 246.62 425.476 303.435 287.166 274.689 189.71 152.311 148.355 269.492 534.519 516.581 208.921 205.551
threshold=0 1 2 332.00000000000006 2.5000000000000004 11.500000000000002 26.500000000000004 245.00000000000003 1.7500000000000002 16.500000000000004 1.7500000000000002 1.7500000000000002 238.50000000000003 305.00000000000006 4.5000000000000009 74.65000000000002 -560.49999999999989 12.500000000000002 3 8.5000000000000018 4 1.7500000000000002 5 3.5000000000000004 3.5000000000000004 15.500000000000002 4.5000000000000009 16.500000000000004 6 7
decision_type=9 9 9 2 2 2 2 2 2 2 2 2 2 2 2 2 2 2 9 2 9 2 9 2 2 2 2 2 9 9
left_child=-1 -2 3 6 -5 -6 -3 8 -8 11 -11 -9 16 14 15 -14 24 18 19 20 -18 -22 -19 -24 -4 -26 29 -28 -29 -27
right_child=1 2 12 4 5 -7 7 9 -10 10 -12 -13 13 -15 -16 -17 17 22 -20 -21 21 -23 23 -25 25 26 27 28 -30 -31
leaf_value=3.90367622671306e-09 -3.3760484399181226e-07 7.6364215773061517e-07 0.0045420162563217124 -3.3760484399181226e-07 -0.00056121190299025521 7.4175633880191338e-05 2.7300550562436856e-07 2.0327057814739646e-07 -6.314051239182383e-05 -8.5944217520506075e-09 4.2068150670537822e-06 -1.1691279822478863e-06 1.7029501015211594 -0.015074846298782552 0.22317588196564353 -0.1026111907335896 -0.019096692146386297 0.053572982489751557 0.00024022769866181016 -0.098183658912362859 0.004882121922525684 -0.0082915368481235596 -0.00098969690577490623 0.44149320509832146 -0.0024158696649196013 0.0062669552247658807 0.16493317864298529 -0.0050850761503293818 0.0014597901899881195 0.22329537684220951
leaf_weight=16643 15271 1895 35217 4513 97 102 649 99 231 185 72 35 39 331 679 168 2735 9272 14083 8484 2703 832 141099 1073 94880 1640 4879 31341 37346 3296
leaf_count=16643 15271 1895 35217 4513 97 102 649 99 231 185 72 35 39 331 679 168 2735 9272 14083 8484 2703 832 141099 1073 94880 1640 4879 31341 37346 3296
internal_value=-0.00027228 -0.00222671 -0.000434564 -0.0217799 -0.0431452 0.00175879 0.00994946 0.0214398 0.0309091 0.000127877 -0.0145914 0.0283582 -2.94791e-06 0.00965489 0.0167043 -0.00458937 -3.31722e-05 -0.000622084 -0.00486008 -0.0107898 -0.00245614 0.00695346 0.000184887 -0.000267263 0.000475793 -0.000125157 0.00204199 0.000973276 -0.000143404 0.01797
internal_weight=429889 413246 397975 7878 4712 199 3166 1271 880 391 257 134 390097 1217 886 207 388880 180281 28837 14754 6270 3535 151444 142172 208599 173382 78502 73566 68687 4936
internal_count=429889 413246 397975 7878 4712 199 3166 1271 880 391 257 134 390097 1217 886 207 388880 180281 28837 14754 6270 3535 151444 142172 208599 173382 78502 73566 68687 4936
cat_boundaries=0 2 4 5 8 11 14 17 20
cat_threshold=2147483648 1049088 130 1077936128 32768 1140855108 67259809 12 1073741892 67111168 4 33566788 167774208 8 67121216 470421920 12 1258307840 2415921408 2
is_linear=0
shrinkage=0.05


Tree=278
num_leaves=31
num_cat=12
split_feature=0 0 0 11 6 1 3 11 6 1 6 6 0 11 0 1 0 1 0 10 0 0 11 0 11 9 0 9 0 9
split_gain=16339.9 13791 1458.03 2135.31 167.58 150.186 112.143 102.6 138.848 64.9891 62.7128 52.5163 52.3402 64.1644 188.96 75.304 173.833 163.791 460.659 133.793 131.593 102.938 88.5594 107.037 76.2071 68.2362 168.481 116.523 174.618 120.975
threshold=0 1 2 332.00000000000006 2.5000000000000004 11.500000000000002 26.500000000000004 245.00000000000003 1.7500000000000002 16.500000000000004 1.7500000000000002 1.7500000000000002 3 813.00000000000011 4 9.5000000000000018 5 10.500000000000002 6 36.500000000000007 7 8 -516.49999999999989 9 -631.99999999999989 60.500000000000007 10 59.500000000000007 11 58.500000000000007
decision_type=9 9 9 2 2 2 2 2 2 2 2 2 9 2 9 2 9 2 9 2 9 9 2 9 2 2 9 2 9 2
left_child=-1 -2 3 6 -5 -6 -3 8 -8 11 -11 -9 -4 15 -15 16 22 18 -17 25 -21 -20 -14 -24 -23 27 -27 29 -29 -19
right_child=1 2 12 4 5 -7 7 9 -10 10 -12 -13 13 14 -16 17 -18 19 21 20 -22 24 23 -25 -26 26 -28 28 -30 -31
leaf_value=3.7084924464636518e-09 -3.207246018099852e-07 7.254600498551867e-07 0.00039834142435273283 -3.207246018099852e-07 -0.00053315130784072908 7.0466852186168446e-05 2.5935523035869322e-07 1.9310704924002664e-07 -5.9983486772230425e-05 -8.1647006489049555e-09 3.9964743137055336e-06 -1.1106715831488145e-06 0.021091093544913522 -0.082045932352059259 0.00021857859141896088 -0.26047164061894562 -0.00046472041632537045 -0.00047713666577799965 0.0019896363021481901 -0.0143937524246053 0.15282810097793842 0.013020581602793513 -0.093925665851202725 0.0060375402479716737 -0.064802974764077301 -0.070690285993927085 0.0045462502741889571 -0.013691647041254385 0.1395467980008773 -0.060407009210399036
leaf_weight=16643 15271 1895 200899 4513 97 102 649 99 231 185 72 35 1905 700 1649 1478 12954 140988 5132 507 2261 1386 678 5073 5262 3198 2989 505 980 1553
leaf_count=16643 15271 1895 200899 4513 97 102 649 99 231 185 72 35 1905 700 1649 1478 12954 140988 5132 507 2261 1386 678 5073 5262 3198 2989 505 980 1553
internal_value=-0.000330434 -0.0022872 -0.000497381 -0.0217799 -0.0431452 0.00175879 0.00994946 0.0214398 0.0309091 0.000127877 -0.0145914 0.0283582 -6.70329e-05 -0.00066382 -0.00887612 -0.000560613 0.00229015 -0.000914045 -0.00624529 -0.000452017 0.0104408 -0.00292621 0.00825724 0.00517301 -0.00702914 -0.00065274 -0.00579441 -0.000431866 0.0135017 -0.000577027
internal_weight=429889 413246 397975 7878 4712 199 3166 1271 880 391 257 134 390097 189198 2349 186849 20610 166239 13258 152981 2768 11780 7656 5751 6648 150213 6187 144026 1485 142541
internal_count=429889 413246 397975 7878 4712 199 3166 1271 880 391 257 134 390097 189198 2349 186849 20610 166239 13258 152981 2768 11780 7656 5751 6648 150213 6187 144026 1485 142541
cat_boundaries=0 2 4 5 8 10 12 14 17 20 22 24 26
cat_threshold=2147483648 1049088 130 1077936128 32768 1813537040 2483972545 9 301990976 134217752 302253056 18944002 0 536936450 64 18874368 2 33887296 2097168 2 0 16781312 268768260 723517442 33882112 553648184
is_linear=0
shrinkage=0.05


Tree=279
num_leaves=31
num_cat=12
split_feature=0 0 0 11 6 1 3 11 6 1 6 0 11 0 3 0 6 5 1 0 0 11 1 0 11 6 0 0 11 0
split_gain=16349.4 13782.3 1461.15 2127.7 167.58 150.186 109.403 107.778 138.848 58.3904 62.7128 51.3153 59.269 154.339 175.503 131.807 140.364 106.963 81.7788 397.656 256.506 300.026 196.607 176.753 213.904 170.594 166.851 164.986 157.645 134.679
threshold=0 1 2 332.00000000000006 2.5000000000000004 11.500000000000002 26.500000000000004 245.00000000000003 1.7500000000000002 16.500000000000004 1.7500000000000002 3 340.50000000000006 4 24.500000000000004 5 0.58333333333333337 86.000000000000014 12.500000000000002 6 7 -1134.9999999999998 20.500000000000004 8 -1264.9999999999998 1.4166666666666667 9 10 -694.99999999999989 11
decision_type=9 9 9 2 2 2 2 2 2 2 2 9 2 9 2 9 2 2 2 9 9 2 2 9 2 2 9 9 2 9
left_child=-1 -2 3 6 -5 -6 -3 8 -8 -9 -11 12 13 14 -4 -14 -17 -18 19 -15 22 23 -20 24 -22 -21 -23 -27 -29 -26
right_child=1 2 11 4 5 -7 7 9 -10 10 -12 -13 15 18 -16 16 17 -19 20 25 21 26 -24 -25 29 27 -28 28 -30 -31
leaf_value=3.5230677930542244e-09 -3.0468837173280863e-07 6.8918704734244338e-07 0.40159210915532562 -3.0468837173280863e-07 -0.00050649374244868815 6.6943509576855578e-05 2.4638746882743589e-07 1.8345169676692309e-07 -5.698431243361668e-05 -7.7564656031370308e-09 3.7966505979980528e-06 -0.00045588844758492897 0.0018542108817055205 0.036678784982599667 0.017181153153960516 -0.19703339168224812 -0.0010070187070976289 -0.045725147258547955 0.026649575515199732 0.00034259389124540189 0.0020881193313218916 -0.022410508810786923 -0.013998939458763805 -0.00052777795897545059 0.22490999452624072 -0.091188848115547491 -0.0071820832388652892 0.090188659703707777 -0.016843529341807838 0.050156019624213677
leaf_weight=16643 15271 1895 2837 4513 97 102 649 134 231 185 72 190202 9764 17668 3135 1347 20974 8825 35736 17515 4442 14294 10567 16835 1088 742 26502 1524 3893 2207
leaf_count=16643 15271 1895 2837 4513 97 102 649 134 231 185 72 190202 9764 17668 3135 1347 20974 8825 35736 17515 4442 14294 10567 16835 1088 742 26502 1524 3893 2207
internal_value=-0.000344624 -0.00230196 -0.000512708 -0.021818 -0.0431452 0.00175879 0.00985471 0.0212038 0.0309091 -0.000639386 -0.0145914 -8.19006e-05 0.000477477 0.000914237 0.00879305 -0.00121975 -0.00280845 -0.00209571 0.000606118 0.00250593 -9.71604e-05 -0.00211386 0.00274977 0.00225053 0.00850006 -0.00173113 -0.00474311 -0.00888943 -0.00581352 0.0181639
internal_weight=429889 413246 397975 7878 4712 199 3166 1271 880 391 257 390097 199895 158985 5972 40910 31146 29799 153013 41342 111671 65368 46303 24572 7737 23674 40796 6159 5417 3295
internal_count=429889 413246 397975 7878 4712 199 3166 1271 880 391 257 390097 199895 158985 5972 40910 31146 29799 153013 41342 111671 65368 46303 24572 7737 23674 40796 6159 5417 3295
cat_boundaries=0 2 4 5 8 10 13 16 19 21 23 25 27
cat_threshold=2147483648 1049088 130 1077936128 32768 1813537040 2215537097 9 524288 262144 1073766416 67258368 8 1074798592 67633536 8 738197520 2147502153 1 256 532736 1073741824 67633408 134217728 2147483648 0 256
is_linear=0
shrinkage=0.05


Tree=280
num_leaves=31
num_cat=11
split_feature=0 0 0 11 6 1 3 11 6 1 6 2 0 2 0 9 0 11 3 0 1 1 0 9 0 8 0 10 0 14
split_gain=16364.9 13768.1 1457.74 2127.7 167.58 150.186 109.403 107.778 138.848 58.3904 62.7128 50.4415 293.649 112.42 390.228 154.83 191.856 182.267 337.561 189.255 178.555 126.291 144.78 121.305 112.465 108.276 107.467 175.437 239.175 105.632
threshold=0 1 2 332.00000000000006 2.5000000000000004 11.500000000000002 26.500000000000004 245.00000000000003 1.7500000000000002 16.500000000000004 1.7500000000000002 5.5000000000000009 3 4.5000000000000009 4 37.500000000000007 5 324.50000000000006 25.500000000000004 6 9.5000000000000018 9.5000000000000018 7 2.5000000000000004 8 1.0000000180025095e-35 9 1.5000000000000002 10 49.000000000000007
decision_type=9 9 9 2 2 2 2 2 2 2 2 2 9 2 9 2 9 2 2 9 2 2 9 2 9 2 9 2 9 2
left_child=-1 -2 3 6 -5 -6 -3 8 -8 -9 -11 13 -13 26 15 17 -17 19 20 -15 24 22 23 -16 -19 -20 27 28 -4 -29
right_child=1 2 11 4 5 -7 7 9 -10 10 -12 12 -14 14 21 16 -18 18 25 -21 -22 -23 -24 -25 -26 -27 -28 29 -30 -31
leaf_value=3.3469143900788368e-09 -2.8945395316171133e-07 6.5472769499308476e-07 0.0023342054120114365 -2.8945395316171133e-07 -0.00048116905532626932 6.3596334098026119e-05 2.340680953949459e-07 1.7427911194189961e-07 -5.413509681195805e-05 -7.368642318539287e-09 3.6068180680803866e-06 -0.0021072495853196038 0.0090940138803937039 0.21128786160921662 -0.0068511738574219107 -0.0039665771509047156 -0.10941058403120084 0.026735472007154471 -0.027147909548749995 -0.015010915010959814 -0.31851258192793819 0.00032390831022584 0.00091127088685072355 0.0080411036026593503 -0.20933472303234801 0.25904317799584486 -0.00059612521854477416 0.0021557584196605808 -0.081225356176126431 0.053056255606009642
leaf_weight=16643 15271 1895 6862 4513 97 102 649 134 231 185 72 27755 27273 1676 202 2462 4973 417 1103 11909 2810 25710 2246 1062 407 589 130296 123528 6596 12221
leaf_count=16643 15271 1895 6862 4513 97 102 649 134 231 185 72 27755 27273 1676 202 2462 4973 417 1103 11909 2810 25710 2246 1062 407 589 130296 123528 6596 12221
internal_value=-0.000367653 -0.00232592 -0.000537583 -0.021818 -0.0431452 0.00175879 0.00985471 0.0212038 0.0309091 -0.000639386 -0.0145914 -0.000107278 0.0012957 -0.000337692 -0.00239175 -0.00680301 -0.0129186 -0.0044022 -0.0122418 -0.00132867 -0.020831 0.00158741 0.0104843 0.0239403 -0.000364078 0.00620567 7.06611e-05 0.000986818 -0.00445831 0.00152671
internal_weight=429889 413246 397975 7878 4712 199 3166 1271 880 391 257 390097 55028 335069 55566 26346 7435 18911 5326 13585 3634 29220 3510 1264 824 1692 279503 149207 13458 135749
internal_count=429889 413246 397975 7878 4712 199 3166 1271 880 391 257 390097 55028 335069 55566 26346 7435 18911 5326 13585 3634 29220 3510 1264 824 1692 279503 149207 13458 135749
cat_boundaries=0 2 4 5 8 11 13 15 18 20 23 25
cat_threshold=2147483648 1049088 130 1077936128 32768 923824468 2183550978 6 1544361024 705109080 1 1208550400 33620992 268435456 393216 25174032 2150105218 2 851968 536936464 1679585364 2182044744 1 1142440016 2148013128
is_linear=0
shrinkage=0.05


Tree=281
num_leaves=31
num_cat=11
split_feature=0 0 0 11 6 1 3 11 6 1 6 6 0 5 1 0 0 0 2 0 11 11 11 0 0 5 6 1 0 1
split_gain=16377 13757.1 1455.09 2127.7 167.58 150.186 109.403 107.778 138.848 58.3904 62.7128 48.1445 48.1106 106.157 218.235 288.549 206.129 202.059 200.394 178.958 147.459 142.396 170.619 132.452 112.078 105.462 131.507 93.1445 246.521 257.431
threshold=0 1 2 332.00000000000006 2.5000000000000004 11.500000000000002 26.500000000000004 245.00000000000003 1.7500000000000002 16.500000000000004 1.7500000000000002 1.7500000000000002 3 79.200000000000017 18.500000000000004 4 5 6 3.5000000000000004 7 337.50000000000006 634.00000000000011 235.00000000000003 8 9 71.15000000000002 1.1666666666666667 12.500000000000002 10 9.5000000000000018
decision_type=9 9 9 2 2 2 2 2 2 2 2 2 9 2 2 9 9 9 2 9 2 2 2 9 9 2 2 2 9 2
left_child=-1 -2 3 6 -5 -6 -3 8 -8 11 -11 -9 13 14 19 -16 -17 21 -18 25 -19 22 -15 -24 -22 -4 -27 28 29 -21
right_child=1 2 12 4 5 -7 7 9 -10 10 -12 -13 -14 17 15 16 18 20 -20 27 24 -23 23 -25 -26 26 -28 -29 -30 -31
leaf_value=3.1795686972202476e-09 -2.7498125549918483e-07 6.2199131023454868e-07 0.1047569746627076 -2.7498125549918483e-07 -0.00045711060255997364 6.0416517393147022e-05 2.2236469061631682e-07 1.6556515634036375e-07 -5.1428341971337948e-05 -7.0002101892896462e-09 3.4264771646697056e-06 -1.0730245444179333e-06 -0.00065884657279955414 0.001464038592341499 0.0074829701938737619 -0.20347490843578636 -0.046482205795706125 0.0015103874047110112 0.00045960736294947679 0.0010660553876105318 -0.10263861171330008 -0.01065033517256464 0.34878555901409386 0.052567030234184034 -0.0034381809157047805 0.00095262029858398387 0.1198870167343392 0.0014100070177548219 -5.1688846970954218e-05 -0.19316019576931265
leaf_weight=16643 15271 1895 4053 4513 97 102 649 99 231 185 72 35 184283 9645 4333 1891 10687 76057 7938 2342 4326 2135 2164 2279 11711 18084 5702 25028 13231 4208
leaf_count=16643 15271 1895 4053 4513 97 102 649 99 231 185 72 35 184283 9645 4333 1891 10687 76057 7938 2342 4326 2135 2164 2279 11711 18084 5702 25028 13231 4208
internal_value=-0.000385565 -0.00234455 -0.000556931 -0.021818 -0.0431452 0.00175879 0.00985471 0.0212038 0.0309091 -0.000639386 -0.0145914 0.0261194 -0.000127016 0.000398399 -0.000798486 -0.00484325 -0.00731755 0.00147576 -0.00571237 0.000585013 0.000568922 0.00661923 0.00844691 0.0165541 -0.00378811 0.00373263 0.00246363 -0.00137107 -0.00393559 -0.0118598
internal_weight=429889 413246 397975 7878 4712 199 3166 1271 880 391 257 134 390097 205814 97497 24849 20516 108317 18625 72648 92094 16223 14088 4443 16037 27839 23786 44809 19781 6550
internal_count=429889 413246 397975 7878 4712 199 3166 1271 880 391 257 134 390097 205814 97497 24849 20516 108317 18625 72648 92094 16223 14088 4443 16037 27839 23786 44809 19781 6550
cat_boundaries=0 2 4 5 8 11 13 16 18 20 22 24
cat_threshold=2147483648 1049088 130 1077936128 32768 1696162048 2215471305 11 524288 2148270080 2 0 81920 0 81928 2 1158750208 67373184 0 81920 605028352 67903617 524288 2147565576
is_linear=0
shrinkage=0.05


Tree=282
num_leaves=31
num_cat=11
split_feature=0 0 0 11 6 1 3 11 6 1 6 10 3 0 0 10 0 3 0 9 11 0 11 3 0 5 1 0 5 0
split_gain=16382.5 13752.1 1453.88 2127.7 167.58 150.186 109.403 107.778 138.848 58.3904 62.7128 53.319 193.299 352.342 228.919 182.868 151.676 167.967 140.201 139.018 127.858 118.55 221.643 116.148 114.144 109.7 151.094 151.06 121.839 191.447
threshold=0 1 2 332.00000000000006 2.5000000000000004 11.500000000000002 26.500000000000004 245.00000000000003 1.7500000000000002 16.500000000000004 1.7500000000000002 9.5000000000000018 21.500000000000004 3 4 3.5000000000000004 5 24.500000000000004 6 52.500000000000007 15.000000000000002 7 803.50000000000011 24.500000000000004 8 76.550000000000011 9.5000000000000018 9 78.200000000000017 10
decision_type=9 9 9 2 2 2 2 2 2 2 2 2 2 9 9 2 9 2 9 2 2 9 2 2 9 2 2 9 2 9
left_child=-1 -2 3 6 -5 -6 -3 8 -8 -9 -11 12 13 15 -14 20 17 -13 -17 25 -4 22 -19 -16 -25 26 -18 -28 29 -27
right_child=1 2 11 4 5 -7 7 9 -10 10 -12 16 14 -15 23 18 19 21 -20 -21 -22 -23 -24 24 -26 28 27 -29 -30 -31
leaf_value=3.0205902668001275e-09 -2.6123219272200514e-07 5.908917447339235e-07 -0.61020322162909713 -2.6123219272200514e-07 -0.00043425507243197717 5.7395691523520753e-05 2.1124645610548498e-07 1.5728689852778644e-07 -4.8856924872753288e-05 -6.6501996798251641e-09 3.2551533064584248e-06 -0.0051941415851349156 -0.0047456195754595146 -2.3551819254841178e-05 -0.0035102418775570855 0.46144513511360902 0.0050132023848830087 0.041613923707840964 0.090618605984347414 -0.025667234061737432 0.049572192374800574 0.00038462465898216893 -0.09893056292178351 0.020285807829440519 0.0014112073985015794 0.084876750361918427 -0.046996808667371506 -0.0061222295441909049 -0.0011523753266542425 -0.0061992381392931067
leaf_weight=16643 15271 1895 236 4513 97 102 649 134 231 185 72 37517 65297 22466 17554 2225 3053 22524 5868 7055 4880 33946 381 5851 37254 7117 8428 14680 87217 6548
leaf_count=16643 15271 1895 236 4513 97 102 649 134 231 185 72 37517 65297 22466 17554 2225 3053 22524 5868 7055 4880 33946 381 5851 37254 7117 8428 14680 87217 6548
internal_value=-0.000393706 -0.00235302 -0.000565725 -0.021818 -0.0431452 0.00175879 0.00985471 0.0212038 0.0309091 -0.000639386 -0.0145914 -0.000135988 0.000558989 0.00380799 -0.000361237 0.0102844 -0.000627665 0.000908051 0.0149697 -0.00170832 0.00289289 0.00262177 0.00540039 0.0018502 0.00324672 -0.00132908 -0.00421429 -0.00559546 -0.000580877 0.003809
internal_weight=429889 413246 397975 7878 4712 199 3166 1271 880 391 257 390097 161631 35675 125956 13209 228466 94368 8093 134098 5116 56851 22905 60659 43105 127043 26161 23108 100882 13665
internal_count=429889 413246 397975 7878 4712 199 3166 1271 880 391 257 390097 161631 35675 125956 13209 228466 94368 8093 134098 5116 56851 22905 60659 43105 127043 26161 23108 100882 13665
cat_boundaries=0 2 4 5 8 11 14 16 18 20 23 26
cat_threshold=2147483648 1049088 130 1077936128 32768 336605252 973867080 4 278221824 721778777 14 547177472 2148098137 11 268447744 264192 536871936 606281 134217984 2097184 167772436 52429984 4 285212740 218502528 4
is_linear=0
shrinkage=0.05


Tree=283
num_leaves=31
num_cat=6
split_feature=0 0 0 11 6 1 3 11 6 1 6 6 16 9 11 12 5 9 1 10 9 5 10 3 0 0 10 5 1 0
split_gain=16368.4 13765 1467.42 2112.51 167.58 150.186 113.087 107.778 138.848 58.3904 62.7128 48.1445 43.8061 55.5667 117.186 74.3803 44.7656 66.0325 64.2458 56.2211 50.6802 46.4436 42.7243 165.745 324.011 208.588 168.173 135.279 227.604 297.893
threshold=0 1 2 332.00000000000006 2.5000000000000004 11.500000000000002 26.500000000000004 245.00000000000003 1.7500000000000002 16.500000000000004 1.7500000000000002 1.7500000000000002 16.916666666666668 6.5000000000000009 245.00000000000003 13.750000000000002 77.750000000000014 11.500000000000002 17.500000000000004 12.500000000000002 23.500000000000004 76.950000000000017 9.5000000000000018 21.500000000000004 3 4 3.5000000000000004 76.550000000000011 9.5000000000000018 5
decision_type=9 9 9 2 2 2 2 2 2 2 2 2 2 2 2 2 2 2 2 2 2 2 2 2 9 9 2 2 2 9
left_child=-1 -2 3 6 -5 -6 12 8 -8 11 -11 -9 13 14 -3 -16 17 18 -15 20 -19 -21 23 24 26 -25 -4 28 -24 -30
right_child=1 2 22 4 5 -7 7 9 -10 10 -12 -13 -14 16 15 -17 -18 19 -20 21 -22 -23 27 25 -26 -27 -28 -29 29 -31
leaf_value=2.8695607667827973e-09 -2.4817058310588894e-07 -7.2658358476918041e-06 0.048255567531499288 -2.4817058310588894e-07 -0.00041254231881038272 5.4525906947322511e-05 2.0068413331131296e-07 1.494225536191607e-07 -4.6414078629108961e-05 -6.3176897047156899e-09 3.0923956411577082e-06 -1.0272376620878986e-06 4.7303190963354785e-06 -4.7501837165953023e-07 -0.0091655961344220046 3.2704185605414438e-06 1.0127483698685326e-05 -0.00029979425698312134 7.1247583525391183e-06 1.0056105496714097e-05 0.22532471461601064 -0.012147053792639008 0.0052682327547489034 -0.0075557170758852269 0.00085733660359454955 0.0012610390286220685 0.19844896758831504 1.2994800515908623e-05 -0.054003266827122733 -0.0001359658738294911
leaf_weight=16643 15271 298 3908 4513 97 102 649 99 231 185 72 35 380 87 36 120 337 265 101 212 27 32 5393 64901 25650 61055 6117 183071 19725 20277
leaf_count=16643 15271 298 3908 4513 97 102 649 99 231 185 72 35 380 87 36 120 337 265 101 212 27 32 5393 64901 25650 61055 6117 183071 19725 20277
internal_value=-0.000372771 -0.00233124 -0.000543111 -0.021894 -0.0431452 0.00175879 0.00966519 0.0212038 0.0309091 -0.000639386 -0.0145914 0.0261194 0.00192612 -0.00188119 -0.0165198 0.0185897 0.00438266 -0.00262431 0.0228723 -0.0115672 -0.0263699 0.00614754 -0.00011138 0.000510731 0.00351927 -0.000341389 0.011136 -0.000551504 -0.00299482 -0.00429479
internal_weight=429889 413246 397975 7878 4712 199 3166 1271 880 391 257 134 1895 1515 454 156 1061 724 188 536 292 244 390097 161631 35675 125956 10025 228466 45395 40002
internal_count=429889 413246 397975 7878 4712 199 3166 1271 880 391 257 134 1895 1515 454 156 1061 724 188 536 292 244 390097 161631 35675 125956 10025 228466 45395 40002
cat_boundaries=0 2 4 5 7 10 13
cat_threshold=2147483648 1049088 130 1077936128 32768 269496388 705431560 278205440 722303065 14 420507924 2334213545 12
is_linear=0
shrinkage=0.05


Tree=284
num_leaves=31
num_cat=9
split_feature=0 0 0 11 6 1 3 11 6 1 6 11 12 0 1 0 6 7 9 0 9 11 0 5 9 0 5 2 0 11
split_gain=16350.5 13781.3 1469.61 2115.04 167.58 150.186 112.469 107.778 138.848 58.3904 62.7128 49.0144 259.057 442.404 249.882 258.895 236.183 187.205 335.022 222.845 232.396 216.089 197.208 189.225 360.784 244.229 155.498 151.381 138.29 135.004
threshold=0 1 2 332.00000000000006 2.5000000000000004 11.500000000000002 26.500000000000004 245.00000000000003 1.7500000000000002 16.500000000000004 1.7500000000000002 -560.49999999999989 12.500000000000002 3 8.5000000000000018 4 1.7500000000000002 1.0000000180025095e-35 1.5000000000000002 5 5.5000000000000009 779.50000000000011 6 79.200000000000017 3.5000000000000004 7 86.250000000000014 5.5000000000000009 8 -810.49999999999989
decision_type=9 9 9 2 2 2 2 2 2 2 2 2 2 9 2 9 2 2 2 9 2 2 9 2 2 9 2 2 9 2
left_child=-1 -2 3 6 -5 -6 -3 8 -8 -9 -11 29 13 14 15 -13 -17 18 21 -20 23 28 -19 27 -25 26 -26 -21 -14 -4
right_child=1 2 11 4 5 -7 7 9 -10 10 -12 12 17 -15 -16 16 -18 22 19 20 -22 -23 -24 24 25 -27 -28 -29 -30 -31
leaf_value=2.7260827373254417e-09 -2.3576205396835805e-07 3.9782622947015516e-07 -0.00031371549442331674 -2.3576205396835805e-07 -0.00039191520286987471 5.1799611599978591e-05 1.9064992664574732e-07 1.4195142594708443e-07 -4.409337469764019e-05 -6.0018052305821358e-09 2.9377758591131457e-06 -0.020532865151471749 0.054736834329391651 0.00026651984201921943 -0.099513355950594351 0.0051780868185780544 -0.0086631703712503061 -0.22930684108010252 0.069517182351848561 -0.15055786534672499 0.00070188076792838678 -0.016513951361669246 -0.010292544071975884 0.13292300657709433 0.058032952929161621 -0.058473038654982816 -0.22471775307373498 0.060217265013768895 0.23890031847036841 0.0026168715250523889
leaf_weight=16643 15271 1895 145742 4513 97 102 649 134 231 185 72 2735 1890 14100 8497 2678 827 1974 12080 5939 111159 326 4908 2382 2134 5418 409 1146 2395 63358
leaf_count=16643 15271 1895 145742 4513 97 102 649 134 231 185 72 2735 1890 14100 8497 2678 827 1974 12080 5939 111159 326 4908 2382 2134 5418 409 1146 2395 63358
internal_value=-0.000346252 -0.00230366 -0.000514467 -0.0218813 -0.0431452 0.00175879 0.00969678 0.0212038 0.0309091 -0.000639386 -0.0145914 -8.24133e-05 -0.000684818 -0.00503 -0.0110836 -0.00349359 0.00550498 0.00013867 0.000520382 8.56633e-05 -0.000524507 0.0137823 -0.00791921 -0.00589282 -0.00158078 -0.00668886 0.00609087 -0.0121877 0.0167678 0.000439024
internal_weight=429889 413246 397975 7878 4712 199 3166 1271 880 391 257 390097 180997 28837 14737 6240 3505 152160 145278 140667 128587 4611 6882 17428 10343 7961 2543 7085 4285 209100
internal_count=429889 413246 397975 7878 4712 199 3166 1271 880 391 257 390097 180997 28837 14737 6240 3505 152160 145278 140667 128587 4611 6882 17428 10343 7961 2543 7085 4285 209100
cat_boundaries=0 2 4 5 8 11 14 17 20 23
cat_threshold=2147483648 1049088 130 1077936128 32768 1677726020 67258785 12 1073741892 67111168 4 28740 184567808 12 1964011780 2231719937 4 1501561104 458752 1 268435472 539295744 1
is_linear=0
shrinkage=0.05


Tree=285
num_leaves=31
num_cat=10
split_feature=0 0 0 11 6 1 3 11 6 1 6 0 11 0 0 12 11 0 0 11 0 0 2 6 1 3 5 9 9 11
split_gain=16341.4 13789.6 1471.62 2115.04 167.58 150.186 112.469 107.778 138.848 58.3904 62.7128 50.3947 71.0821 282.392 89.7184 87.083 158.832 253.588 138.603 127.237 141.059 121.415 109.164 104.061 99.6381 99.3474 149.02 132.889 113.938 111.821
threshold=0 1 2 332.00000000000006 2.5000000000000004 11.500000000000002 26.500000000000004 245.00000000000003 1.7500000000000002 16.500000000000004 1.7500000000000002 3 813.00000000000011 4 5 13.750000000000002 -510.49999999999994 6 7 35.000000000000007 8 9 4.5000000000000009 1.1666666666666667 9.5000000000000018 23.500000000000004 79.200000000000017 3.5000000000000004 1.5000000000000002 340.50000000000006
decision_type=9 9 9 2 2 2 2 2 2 2 2 9 2 9 9 2 2 9 9 2 9 9 2 2 2 2 2 2 2 2
left_child=-1 -2 3 6 -5 -6 -3 8 -8 -9 -11 -4 15 -14 -15 16 -13 19 25 20 -18 -21 -23 -19 -20 -17 28 -28 -27 -29
right_child=1 2 11 4 5 -7 7 9 -10 10 -12 12 13 14 -16 18 17 23 24 21 -22 22 -24 -25 -26 26 27 29 -30 -31
leaf_value=2.5897786137818457e-09 -2.2397395125217658e-07 3.7793491798332472e-07 0.00043633940950980058 -2.2397395125217658e-07 -0.00037231944272639875 4.9209631020019633e-05 1.8111743029791683e-07 1.3485385466083244e-07 -4.1888705962778161e-05 -5.7017149668325833e-09 2.7908870661619291e-06 -0.00024114285684584402 -0.10078745765852887 0.0053079949557013791 0.0002201876076260767 0.060822512577077603 -0.023872372503903883 0.00091800264079457963 0.0046747346690440231 -0.19408358040094478 -0.28394797086594997 -0.0054297741746491823 -0.28734940507587797 -0.020167592254641556 -0.0082328836364052634 0.05447197191706863 0.20142457018552024 0.07129068184000964 -0.11146524408895964 -0.0089053369604755513
leaf_weight=16643 15271 1895 170429 4513 97 102 649 134 231 185 72 111179 1094 177 1341 13969 1479 16017 3771 1048 1815 5551 985 3544 34548 1504 1551 6557 4665 8873
leaf_count=16643 15271 1895 170429 4513 97 102 649 134 231 185 72 111179 1094 177 1341 13969 1479 16017 3771 1048 1815 5551 985 3544 34548 1504 1551 6557 4665 8873
internal_value=-0.00033276 -0.00228962 -0.000499893 -0.0218813 -0.0431452 0.00175879 0.00969678 0.0212038 0.0309091 -0.000639386 -0.0145914 -6.75456e-05 -0.000568104 -0.00876723 0.0052356 -0.000469464 -0.00120041 -0.0044006 0.000902728 -0.0105162 -0.018731 -0.00696203 -0.00439963 -0.000993817 -0.00120666 0.0030798 0.00107127 0.00348919 -0.00558437 0.00208684
internal_weight=429889 413246 397975 7878 4712 199 3166 1271 880 391 257 390097 219668 2612 1518 217056 141618 30439 75438 10878 3294 7584 6536 19561 38319 37119 23150 16981 6169 15430
internal_count=429889 413246 397975 7878 4712 199 3166 1271 880 391 257 390097 219668 2612 1518 217056 141618 30439 75438 10878 3294 7584 6536 19561 38319 37119 23150 16981 6169 15430
cat_boundaries=0 2 4 5 8 10 12 15 18 20 23
cat_threshold=2147483648 1049088 130 1077936128 32768 1695047952 2215471232 11 269485120 167907416 33554432 2 1053764 16912464 4 1119300 184549720 4 1052672 16912384 1048580 131072 4
is_linear=0
shrinkage=0.05


Tree=286
num_leaves=31
num_cat=10
split_feature=0 0 0 11 6 1 3 11 6 1 6 6 10 0 0 3 1 0 0 1 9 0 9 5 11 0 9 9 0 9
split_gain=16350.5 13781.3 1469.61 2115.04 167.58 150.186 112.469 107.778 138.848 58.3904 62.7128 48.1445 47.4525 161.149 124.133 135.169 121.6 379.504 166.198 330.914 201.633 171.954 165.226 159.185 157.609 172.935 113.902 99.1286 122.511 285.805
threshold=0 1 2 332.00000000000006 2.5000000000000004 11.500000000000002 26.500000000000004 245.00000000000003 1.7500000000000002 16.500000000000004 1.7500000000000002 1.7500000000000002 9.5000000000000018 3 4 24.500000000000004 18.500000000000004 5 6 12.500000000000002 52.500000000000007 7 28.500000000000004 76.550000000000011 -554.99999999999989 8 3.5000000000000004 11.500000000000002 9 5.5000000000000009
decision_type=9 9 9 2 2 2 2 2 2 2 2 2 2 9 9 2 2 9 9 2 2 9 2 2 2 9 2 2 9 2
left_child=-1 -2 3 6 -5 -6 -3 8 -8 11 -11 -9 13 27 15 -14 18 23 19 24 21 22 26 -18 25 -16 -21 28 29 -4
right_child=1 2 12 4 5 -7 7 9 -10 10 -12 -13 14 -15 16 -17 17 -19 -20 20 -22 -23 -24 -25 -26 -27 -28 -29 -30 -31
leaf_value=2.4602896608882933e-09 -2.1277525368290641e-07 3.59038172081938e-07 -0.0051176452298506096 -2.1277525368290641e-07 -0.00035370347059009437 4.6749149468983125e-05 1.7206155877858009e-07 1.281111619455544e-07 -3.9794270664650359e-05 -5.4166292340340765e-09 2.6513427128449508e-06 -9.8971604298725437e-07 -0.0046866477237212049 -0.0012323484400052821 0.15742732172370655 0.0027962097764653751 -0.024551821796231367 -0.0029741049551761378 -0.00011670303787476578 -0.046610005958001605 -0.15446384426308182 -0.024334604256074078 -0.064495524277129235 0.062933045891116104 -0.0060826246266600494 0.0036870355888003917 0.041323050232570685 0.00056323715499639881 0.0018550490734618565 0.23427379023159223
leaf_weight=16643 15271 1895 2897 4513 97 102 649 99 231 185 72 35 36778 87151 2143 56437 2617 22064 49208 1996 1478 12914 6462 11343 11575 8466 4985 39164 27939 4480
leaf_count=16643 15271 1895 2897 4513 97 102 649 99 231 185 72 35 36778 87151 2143 56437 2617 22064 49208 1996 1478 12914 6462 11343 11575 8466 4985 39164 27939 4480
internal_value=-0.000346252 -0.00230366 -0.000514467 -0.0218813 -0.0431452 0.00175879 0.00969678 0.0212038 0.0309091 -0.000639386 -0.0145914 0.0261194 -8.24133e-05 0.000573219 -0.000546252 0.000857603 -0.00151374 0.00097435 -0.00241718 -0.00444642 -0.00807796 -0.00707023 -0.0031034 0.00742305 0.000108186 0.00451032 0.00222747 0.00228084 0.00420206 0.00992961
internal_weight=429889 413246 397975 7878 4712 199 3166 1271 880 391 257 134 390097 161631 228466 93215 135251 36024 99227 50019 27835 26357 13443 13960 22184 10609 6981 74480 35316 7377
internal_count=429889 413246 397975 7878 4712 199 3166 1271 880 391 257 134 390097 161631 228466 93215 135251 36024 99227 50019 27835 26357 13443 13960 22184 10609 6981 74480 35316 7377
cat_boundaries=0 2 4 5 8 11 13 15 17 19 21
cat_threshold=2147483648 1049088 130 1077936128 32768 1309172052 2217609442 3 563954704 2148098073 9 1342177536 86249794 1476395332 86251810 268435524 268322 1073741824 67108864 134225920 2359392
is_linear=0
shrinkage=0.05


Tree=287
num_leaves=31
num_cat=12
split_feature=0 0 0 11 6 1 3 11 6 1 6 6 0 11 0 0 12 11 0 2 0 11 0 11 0 3 0 3 0 10
split_gain=16365.4 13767.7 1466.33 2115.04 167.58 150.186 112.469 107.778 138.848 58.3904 62.7128 48.1445 44.128 77.2912 290.097 99.244 81.5893 191.559 274.08 158.46 223.306 148.943 127.063 114.807 314.466 151.043 151.259 110.492 214.826 141.588
threshold=0 1 2 332.00000000000006 2.5000000000000004 11.500000000000002 26.500000000000004 245.00000000000003 1.7500000000000002 16.500000000000004 1.7500000000000002 1.7500000000000002 3 803.50000000000011 4 5 13.750000000000002 -504.99999999999994 6 4.5000000000000009 7 324.50000000000006 8 35.000000000000007 9 21.500000000000004 10 25.500000000000004 11 20.500000000000004
decision_type=9 9 9 2 2 2 2 2 2 2 2 2 9 2 9 9 2 2 9 2 9 2 9 2 9 2 9 2 9 2
left_child=-1 -2 3 6 -5 -6 -3 8 -8 11 -11 -9 -4 16 -15 -16 17 27 -19 23 21 -21 -18 24 -20 26 -25 28 -14 -30
right_child=1 2 12 4 5 -7 7 9 -10 10 -12 -13 13 14 15 -17 22 18 19 20 -22 -23 -24 25 -26 -27 -28 -29 29 -31
leaf_value=2.3372751734029865e-09 -2.0213649101208376e-07 3.4108626350004557e-07 0.00046909776021504258 -2.0213649101208376e-07 -0.00033601829706060294 4.4411691995538405e-05 1.6345848083965111e-07 1.2170560386159935e-07 -3.7804557131426719e-05 -5.1457977878754946e-09 2.5187755772204667e-06 -9.4023024082012802e-07 0.045069351056051588 -0.078087724368587408 0.0055108755767183217 -0.00026399319975443095 0.024635988306663848 -0.12674544079087374 -0.14105433541718063 0.01984022660117879 -0.14288786031770648 -0.28404224189102117 -0.0035647289952493999 -0.028176863498277395 0.0026432611180689184 -0.014334549112267747 0.07015858898539272 -0.0010552162888384231 -0.0025234961100123244 0.025408807100106401
leaf_weight=16643 15271 1895 175827 4513 97 102 649 99 231 185 72 35 16671 1408 345 1617 36533 2841 2047 482 3711 171 33255 2849 1376 5944 7973 69831 23866 3350
leaf_count=16643 15271 1895 175827 4513 97 102 649 99 231 185 72 35 16671 1408 345 1617 36533 2841 2047 482 3711 171 33255 2849 1376 5944 7973 69831 23866 3350
internal_value=-0.000368351 -0.00232664 -0.000538337 -0.0218813 -0.0431452 0.00175879 0.00969678 0.0212038 0.0309091 -0.000639386 -0.0145914 0.0261194 -0.000106766 -0.000588482 -0.00810089 0.00436105 -0.000468468 -0.00116007 -0.00491348 -0.00320604 -0.0118469 0.0150075 0.000929959 -0.00133984 -0.00968449 0.000363832 0.00388098 -0.000255896 0.00171007 -0.00102843
internal_weight=429889 413246 397975 7878 4712 199 3166 1271 880 391 257 134 390097 214270 3370 1962 210900 141112 27394 24553 4364 653 69788 20189 3423 16766 10822 113718 43887 27216
internal_count=429889 413246 397975 7878 4712 199 3166 1271 880 391 257 134 390097 214270 3370 1962 210900 141112 27394 24553 4364 653 69788 20189 3423 16766 10822 113718 43887 27216
cat_boundaries=0 2 4 5 8 10 12 15 17 20 22 24 26
cat_threshold=2147483648 1049088 130 1077936128 32768 1686659344 2148362625 11 286262336 167772248 33554432 67108866 1052676 67112960 4 285212672 167904288 17896516 167776344 4 328768 555745368 184550400 136446976 1048644 201457664
is_linear=0
shrinkage=0.05


Tree=288
num_leaves=31
num_cat=9
split_feature=0 0 0 11 6 1 3 11 6 1 6 6 0 5 1 0 5 0 2 3 1 9 1 0 9 11 0 5 0 5
split_gain=16357.4 13775 1468.09 2115.04 167.58 150.186 112.469 107.778 138.848 58.3904 62.7128 48.1445 44.8076 84.7696 155.893 170.339 118.57 167.058 116.762 109.903 118.002 115.831 110.179 98.9051 97.6649 91.7659 182.504 91.6625 89.8531 80.0705
threshold=0 1 2 332.00000000000006 2.5000000000000004 11.500000000000002 26.500000000000004 245.00000000000003 1.7500000000000002 16.500000000000004 1.7500000000000002 1.7500000000000002 3 90.300000000000026 19.500000000000004 4 90.950000000000017 5 3.5000000000000004 30.500000000000004 9.5000000000000018 53.500000000000007 11.500000000000002 6 35.500000000000007 813.00000000000011 7 91.300000000000011 8 88.65000000000002
decision_type=9 9 9 2 2 2 2 2 2 2 2 2 9 2 2 9 2 9 2 2 2 2 2 9 2 2 9 2 9 2
left_child=-1 -2 3 6 -5 -6 -3 8 -8 11 -11 -9 29 25 15 19 17 -17 28 21 -21 -15 -23 -16 -25 -14 -27 -22 -18 -4
right_child=1 2 12 4 5 -7 7 9 -10 10 -12 -13 13 14 23 16 18 -19 -20 20 27 22 -24 24 -26 26 -28 -29 -30 -31
leaf_value=2.2204114102919448e-09 -1.9202966647924315e-07 3.24031950338366e-07 -4.0683405214725357e-05 -1.9202966647924315e-07 -0.00031921738220757061 4.2191107395783689e-05 1.5528555681321167e-07 1.1562032367073983e-07 -3.5914329274877589e-05 -4.8885079095839506e-09 2.3928367983483415e-06 -8.9321872875913755e-07 -0.00061559989546173817 0.022243600278755341 0.065820388634280039 0.043951115332654216 -0.01676318515559334 -0.096119264733989421 0.033891844268065886 0.01298126190640554 -0.19369495462756448 0.0097625356351217496 -0.17544045637823691 -0.1246314308667234 0.031160355747242897 -0.095117024800677907 0.0011298883254565518 -0.089920945063883068 0.0030740147880149228 0.0012106861111710555
leaf_weight=16643 15271 1895 160072 4513 97 102 649 99 231 185 72 35 166519 2134 1632 273 787 1342 2351 615 1401 516 1114 613 1271 939 1175 2056 3087 42200
leaf_count=16643 15271 1895 160072 4513 97 102 649 99 231 185 72 35 166519 2134 1632 273 787 1342 2351 615 1401 516 1114 613 1271 939 1175 2056 3087 42200
internal_value=-0.000356487 -0.0023143 -0.000525522 -0.0218813 -0.0431452 0.00175879 0.00969678 0.0212038 0.0309091 -0.000639386 -0.0145914 0.0261194 -9.36922e-05 -0.000649772 -0.00379846 -0.00593264 -0.000713376 -0.0127864 0.00241767 -0.0111394 -0.0168468 -0.00499469 -0.0150307 0.00571672 -0.00211193 -0.000291461 -0.0106433 -0.0204368 -0.00291688 0.000422677
internal_weight=429889 413246 397975 7878 4712 199 3166 1271 880 391 257 134 390097 187825 19192 15676 7840 1615 6225 7836 4072 3764 1630 3516 1884 168633 2114 3457 3874 202272
internal_count=429889 413246 397975 7878 4712 199 3166 1271 880 391 257 134 390097 187825 19192 15676 7840 1615 6225 7836 4072 3764 1630 3516 1884 168633 2114 3457 3874 202272
cat_boundaries=0 2 4 5 8 11 13 15 17 19
cat_threshold=2147483648 1049088 130 1077936128 32768 1728602384 2953668993 11 268697668 201461810 4 4096 2097152 277086272 119541778 269485120 167776344 134217728 18874368
is_linear=0
shrinkage=0.05


Tree=289
num_leaves=31
num_cat=9
split_feature=0 0 0 11 6 1 3 11 6 1 6 6 16 6 5 5 6 10 5 10 3 0 0 10 0 5 0 0 11 0
split_gain=16353.8 13778.3 1468.89 2115.04 167.58 150.186 112.469 107.778 138.848 58.3904 62.7128 48.1445 43.502 57.4056 58.3611 82.8771 58.7319 55.6242 50.4879 47.6979 42.8523 160.435 62.1826 48.9721 141.79 134.181 249.768 216.293 210.416 224.023
threshold=0 1 2 332.00000000000006 2.5000000000000004 11.500000000000002 26.500000000000004 245.00000000000003 1.7500000000000002 16.500000000000004 1.7500000000000002 1.7500000000000002 16.916666666666668 0.83333333333333337 82.90000000000002 77.750000000000014 1.1666666666666667 8.5000000000000018 76.950000000000017 17.500000000000004 18.500000000000004 3 4 9.5000000000000018 5 76.550000000000011 6 7 315.00000000000006 8
decision_type=9 9 9 2 2 2 2 2 2 2 2 2 2 2 2 2 2 2 2 2 2 9 9 2 9 2 9 9 2 9
left_child=-1 -2 3 6 -5 -6 12 8 -8 11 -11 -9 13 -3 15 16 18 -17 -15 -16 21 22 -4 24 -22 26 -25 -27 29 -29
right_child=1 2 20 4 5 -7 7 9 -10 10 -12 -13 -14 14 19 17 -18 -19 -20 -21 23 -23 -24 25 -26 27 -28 28 -30 -31
leaf_value=2.1093908841862685e-09 -1.8242818313751741e-07 -0.00028038000997461233 -0.23490397685269901 -1.8242818313751741e-07 -0.0003032565130971943 4.0081552026016713e-05 1.4752127897033063e-07 1.0983930747165972e-07 -3.4118612811129269e-05 -4.6440824963411849e-09 2.2731949584464675e-06 -8.4855779229897627e-07 4.4038072648522331e-06 3.9252332503902919e-06 -0.0087074063235775597 2.2330264539682788e-07 -0.00073993132437926161 0.0047051086426052715 -0.00028489454001063842 6.6732699299798526e-07 0.00201865349091932 0.12969842225072112 -0.0014939468250927625 -0.054882465396902808 -0.0018176556913837461 0.064896604154094401 -3.7321761724307129e-05 0.081780714833881524 -0.0088550701693812517 -3.5151003086175693e-05
leaf_weight=16643 15271 155 244 4513 97 102 649 99 231 185 72 35 380 611 96 142 168 150 94 99 79231 1454 1200 16564 82400 7464 25933 11400 39757 124450
leaf_count=16643 15271 155 244 4513 97 102 649 99 231 185 72 35 380 611 96 142 168 150 94 99 79231 1454 1200 16564 82400 7464 25933 11400 39757 124450
internal_value=-0.000351137 -0.00230874 -0.000519743 -0.0218813 -0.0431452 0.00175879 0.00969678 0.0212038 0.0309091 -0.000639386 -0.0145914 0.0261194 0.00197889 -0.00181518 0.00147059 0.00570815 -0.00200458 0.0287671 0.00432624 -0.0238462 -8.77964e-05 0.00596963 -0.00584594 -0.000133136 0.000531148 -0.000609129 -0.00314022 -2.15763e-05 -0.000376103 0.000560177
internal_weight=429889 413246 397975 7878 4712 199 3166 1271 880 391 257 134 1895 1515 1360 1165 873 292 705 195 390097 2898 1444 387199 161631 225568 42497 183071 175607 135850
internal_count=429889 413246 397975 7878 4712 199 3166 1271 880 391 257 134 1895 1515 1360 1165 873 292 705 195 390097 2898 1444 387199 161631 225568 42497 183071 175607 135850
cat_boundaries=0 2 4 5 8 11 14 17 19 22
cat_threshold=2147483648 1049088 130 1077936128 32768 1854951764 2248236033 6 0 2147565568 4 1325932884 2486045154 1 135274756 707087592 12 0 81920 277348352 262234 1
is_linear=0
shrinkage=0.05


Tree=290
num_leaves=31
num_cat=9
split_feature=0 0 0 11 6 1 3 11 6 1 6 5 6 0 11 0 5 0 1 11 11 3 11 0 12 0 2 2 0 9
split_gain=16338.5 13792.3 1352.62 2295.73 167.58 150.186 73.4007 107.778 138.848 58.3904 62.7128 48.4322 48.1445 45.165 65.6362 207.393 63.132 74.6136 70.592 74.189 62.5436 132.711 121.991 196.648 149.391 199.921 155.91 157.1 288.298 270.512
threshold=0 1 2 332.00000000000006 2.5000000000000004 11.500000000000002 26.500000000000004 245.00000000000003 1.7500000000000002 16.500000000000004 1.7500000000000002 82.200000000000003 1.7500000000000002 3 818.00000000000011 4 93.500000000000014 5 9.5000000000000018 -1325.4999999999998 -944.99999999999989 21.500000000000004 -631.99999999999989 6 13.750000000000002 7 1.5000000000000002 1.0000000180025095e-35 8 17.500000000000004
decision_type=9 9 9 2 2 2 2 2 2 2 2 2 2 9 2 9 2 9 2 2 2 2 2 9 2 9 2 2 9 2
left_child=-1 -2 3 6 -5 -6 11 8 -8 12 -11 -3 -9 16 20 -16 -4 18 -18 -20 21 -15 23 -22 25 -24 27 -26 -29 -30
right_child=1 2 13 4 5 -7 7 9 -10 10 -12 -13 -14 14 15 -17 17 -19 19 -21 22 -23 24 -25 26 -27 -28 28 29 -31
leaf_value=2.0039212955680344e-09 -1.7330677399840512e-07 4.0195195025738428e-06 0.00046042696892527606 -1.7330677399840512e-07 -0.00028809368744231456 3.8077474424724761e-05 1.4014521503291634e-07 1.0434734210029717e-07 -3.241268217055726e-05 -4.4118783737445712e-09 2.1595352105219233e-06 -3.937781810936514e-06 -8.061299026973501e-07 0.028560718201738222 -0.12581254395682526 0.00032221141459882753 0.023896414247806377 0.0007100087141756362 0.086376297916398281 -0.14951270142198245 0.046853093469958834 -0.0031445142690934794 -0.016044360375427714 -0.00057798035682412598 0.0045865362083413967 0.00022661889534520975 0.011056974171536994 0.12706947731183327 -0.1597186011696354 -0.014654327634476516
leaf_weight=16643 15271 1609 181977 4513 97 102 649 99 231 185 72 286 35 3601 759 1697 109 903 84 658 18762 47963 21812 17514 10473 20561 51374 1643 4391 5816
leaf_count=16643 15271 1609 181977 4513 97 102 649 99 231 185 72 286 35 3601 759 1697 109 903 84 658 18762 47963 21812 17514 10473 20561 51374 1643 4391 5816
internal_value=-0.000328341 -0.00228502 -0.000495119 -0.0209939 -0.0431452 0.00175879 0.0119078 0.0212038 0.0309091 -0.000639386 -0.0145914 0.00567282 0.0261194 -8.06189e-05 -0.000588247 -0.00871336 0.000489548 -0.00895097 -0.0194541 -0.0252022 -0.000490412 -0.00199558 1.90356e-05 0.0025499 -0.000771948 -0.00313761 0.000588219 -0.0029006 -0.00684388 -0.00996868
internal_weight=429889 413246 397975 7878 4712 199 3166 1271 880 391 257 1895 134 390097 206366 2456 183731 1754 851 742 203910 51564 152346 36276 116070 42373 73697 22323 11850 10207
internal_count=429889 413246 397975 7878 4712 199 3166 1271 880 391 257 1895 134 390097 206366 2456 183731 1754 851 742 203910 51564 152346 36276 116070 42373 73697 22323 11850 10207
cat_boundaries=0 2 4 5 8 10 13 16 19 22
cat_threshold=2147483648 1049088 130 1077936128 32768 1711825168 2836162689 11 268436544 33554520 1611161856 2164269056 8 1048580 100795424 4 16847876 35783792 4 17829956 100668672 4
is_linear=0
shrinkage=0.05


Tree=291
num_leaves=31
num_cat=9
split_feature=0 0 0 11 6 1 3 11 6 1 6 6 0 5 1 0 11 5 0 6 1 11 0 2 9 0 10 1 1 0
split_gain=16315.5 13813.4 1349.14 2308.92 167.58 150.186 70.9279 107.778 138.848 58.3904 62.7128 48.1445 46.6304 77.3339 79.7665 89.8913 102.182 56.0265 128.284 79.3849 129.793 110.453 57.3215 55.9254 94.2312 148.592 101.694 231.862 172.312 163.589
threshold=0 1 2 332.00000000000006 2.5000000000000004 11.500000000000002 26.500000000000004 245.00000000000003 1.7500000000000002 16.500000000000004 1.7500000000000002 1.7500000000000002 3 93.500000000000014 9.5000000000000018 4 -1274.9999999999998 91.300000000000011 5 1.7500000000000002 9.5000000000000018 -631.99999999999989 6 1.5000000000000002 61.500000000000007 7 3.5000000000000004 10.500000000000002 18.500000000000004 8
decision_type=9 9 9 2 2 2 2 2 2 2 2 2 9 2 2 9 2 2 9 2 2 2 9 2 2 9 2 2 2 9
left_child=-1 -2 3 6 -5 -6 -3 8 -8 11 -11 -9 13 17 -15 16 -16 23 -19 20 22 -21 -20 -4 26 -26 27 29 -29 -25
right_child=1 2 12 4 5 -7 7 9 -10 10 -12 -13 -14 14 15 -17 -18 18 19 21 -22 -23 -24 24 25 -27 -28 28 -30 -31
leaf_value=1.9037252663167693e-09 -1.6464143528516218e-07 2.6140802267704545e-06 -0.00054748352461442273 -1.6464143528516218e-07 -0.00027368900307020997 3.6173600703470758e-05 1.3313795426128651e-07 9.9129974984180088e-08 -3.0792048062044944e-05 -4.1912844750413568e-09 2.0515584500113704e-06 -7.6582340757802569e-07 -0.001166048276678433 0.013879164985899717 0.017325882607201359 -0.020865094919638505 -0.15639376099564883 0.0037598735906859029 0.020012174028479681 0.27460616747408223 -0.0075006823379952349 -0.0096426169083119184 4.5430736358964557e-05 -0.0064938579346869758 0.012662186988739599 -0.12163476943317622 0.00038649761342657296 0.1380848432749886 -6.7397966710069923e-05 0.011127471313645821
leaf_weight=16643 15271 1895 49411 4513 97 102 649 99 231 185 72 35 211788 222 93 908 508 3739 269 656 3691 419 234 1554 681 1083 98500 9619 4927 1795
leaf_count=16643 15271 1895 49411 4513 97 102 649 99 231 185 72 35 211788 222 93 908 508 3739 269 656 3691 419 234 1554 681 1083 98500 9619 4927 1795
internal_value=-0.000294146 -0.00224945 -0.000458183 -0.0209305 -0.0431452 0.00175879 0.0120657 0.0212038 0.0309091 -0.000639386 -0.0145914 0.0261194 -4.42186e-05 0.00055154 -0.00996534 -0.0140822 -0.0288871 0.000654668 0.004496 -0.000539875 -0.00364807 0.0115814 0.0201789 0.000448171 0.00103885 -0.0104308 0.00121268 0.00468008 0.00741097 -0.00718125
internal_weight=429889 413246 397975 7878 4712 199 3166 1271 880 391 257 134 390097 178309 1731 1509 601 176578 9008 5269 4194 1075 503 167570 118159 1764 116395 17895 14546 3349
internal_count=429889 413246 397975 7878 4712 199 3166 1271 880 391 257 134 390097 178309 1731 1509 601 176578 9008 5269 4194 1075 503 167570 118159 1764 116395 17895 14546 3349
cat_boundaries=0 2 4 5 8 10 12 15 17 20
cat_threshold=2147483648 1049088 130 1077936128 32768 1695047952 2953603201 11 554189056 2415927296 603996176 2416451585 17309952 536871040 8 603980032 2684903424 553664528 2952806400 10
is_linear=0
shrinkage=0.05


Tree=292
num_leaves=31
num_cat=7
split_feature=0 0 0 11 6 1 3 11 6 1 6 6 0 11 0 11 11 0 1 5 16 6 2 2 3 5 9 6 0 1
split_gain=16328.4 13801.5 1390.14 2240.75 167.58 150.186 84.2491 107.778 138.848 58.3904 62.7128 48.1445 45.5703 73.5267 169.524 203.531 175.504 155.208 146.678 195.148 186.466 144.197 140.345 127.565 112.002 148.962 101.831 99.3227 138.521 162.348
threshold=0 1 2 332.00000000000006 2.5000000000000004 11.500000000000002 26.500000000000004 245.00000000000003 1.7500000000000002 16.500000000000004 1.7500000000000002 1.7500000000000002 3 -908.49999999999989 4 -560.49999999999989 404.50000000000006 5 21.500000000000004 90.65000000000002 11.583333333333334 1.4166666666666667 1.0000000180025095e-35 4.5000000000000009 23.500000000000004 88.500000000000014 61.500000000000007 0.58333333333333337 6 14.500000000000002
decision_type=9 9 9 2 2 2 2 2 2 2 2 2 9 2 9 2 2 9 2 2 2 2 2 2 2 2 2 2 9 2
left_child=-1 -2 3 6 -5 -6 -3 8 -8 11 -11 -9 -4 17 15 22 -17 18 19 20 24 -19 -15 -24 -14 -26 -23 28 29 -16
right_child=1 2 12 4 5 -7 7 9 -10 10 -12 -13 13 14 27 16 -18 21 -20 -21 -22 26 23 -25 25 -27 -28 -29 -30 -31
leaf_value=1.808539007441823e-09 -1.5640936350536095e-07 2.4833762154230502e-06 0.00061662008799476817 -1.5640936350536095e-07 -0.00026000455291668166 3.4364920668306097e-05 1.2648105656154486e-07 9.4173476217207516e-08 -2.9252445658922713e-05 -3.981720242407505e-09 1.9489805274996995e-06 -7.2753223721022666e-07 -0.0015680486354444413 -0.030342472439493486 -0.051808117934102983 -0.015464755021674393 0.040365887831824487 0.00069867886063721416 0.0091892967239467719 -0.11682632729862111 0.035040182092709315 -0.0079771956606432323 0.14280718810781448 0.028257177731422268 -0.093477343254434339 -0.00054717504723345023 -0.17617899961739747 -0.00029541757925297677 -0.10217738268814217 0.10836044399884824
leaf_weight=16643 15271 1895 135021 4513 97 102 649 99 231 185 72 35 4588 2651 1772 8292 4409 34222 6426 2750 4751 11569 9378 5972 9457 3269 507 140594 3428 1041
leaf_count=16643 15271 1895 135021 4513 97 102 649 99 231 185 72 35 4588 2651 1772 8292 4409 34222 6426 2750 4751 11569 9378 5972 9457 3269 507 140594 3428 1041
internal_value=-0.000313453 -0.00226954 -0.000479038 -0.0212601 -0.0431452 0.00175879 0.0112445 0.0212038 0.0309091 -0.000639386 -0.0145914 0.0261194 -5.883e-05 -0.000452004 0.000108991 0.00348724 -0.00135816 -0.00173655 -0.00445906 -0.00620391 -0.00463857 0.000101494 0.00690795 0.00874267 -0.00704632 -0.00946095 -0.00459589 -0.000597569 -0.00676975 0.00147007
internal_weight=429889 413246 397975 7878 4712 199 3166 1271 880 391 257 134 390097 255076 177537 30702 12701 77539 31241 24815 22065 46298 18001 15350 17314 12726 12076 146835 6241 2813
internal_count=429889 413246 397975 7878 4712 199 3166 1271 880 391 257 134 390097 255076 177537 30702 12701 77539 31241 24815 22065 46298 18001 15350 17314 12726 12076 146835 6241 2813
cat_boundaries=0 2 4 5 8 10 13 16
cat_threshold=2147483648 1049088 130 1077936128 32768 654835984 2685167744 9 1073750080 100794400 1073750080 100794400 4 412356612 134288384 4
is_linear=0
shrinkage=0.05


Tree=293
num_leaves=31
num_cat=13
split_feature=0 0 0 11 6 1 3 11 6 1 6 6 1 0 11 11 0 0 11 0 6 11 0 0 3 0 0 5 0 0
split_gain=16325.2 13804.5 1395.94 2232.94 167.58 150.186 85.8599 107.778 138.848 58.3904 62.7128 48.1445 45.0519 481.081 151.351 135.326 353.283 129.966 122.918 248.706 226.477 207.617 199.02 155.88 141.637 113.302 111.354 105.423 189.65 105.135
threshold=0 1 2 332.00000000000006 2.5000000000000004 11.500000000000002 26.500000000000004 245.00000000000003 1.7500000000000002 16.500000000000004 1.7500000000000002 1.7500000000000002 9.5000000000000018 3 -584.99999999999989 698.00000000000011 4 5 -534.99999999999989 6 1.1666666666666667 743.50000000000011 7 8 23.500000000000004 9 10 68.40000000000002 11 12
decision_type=9 9 9 2 2 2 2 2 2 2 2 2 2 9 2 2 9 9 2 9 2 2 9 9 2 9 9 2 9 9
left_child=-1 -2 3 6 -5 -6 -3 8 -8 11 -11 -9 13 29 -15 25 17 -17 22 24 21 -21 -16 -22 -20 27 -26 28 -14 -4
right_child=1 2 12 4 5 -7 7 9 -10 10 -12 -13 15 14 18 16 -18 -19 19 20 23 -23 -24 -25 26 -27 -28 -29 -30 -31
leaf_value=1.7181120526288398e-09 -1.4858889532121112e-07 2.3592074046341341e-06 0.035780005556147201 -1.4858889532121112e-07 -0.00024700432527082763 3.2646674634850824e-05 1.2015700372458583e-07 8.9464802410788027e-08 -2.7789823375989898e-05 -3.7826342502711439e-09 1.8515315011402579e-06 -6.9115562535415624e-07 -0.16390723487593314 0.058496283905208737 -0.082289702361360531 -0.19409844685470257 0.00985161084570132 -0.10679041325184749 0.00067271709665348576 0.0062809641854007841 -0.009122314454729441 -0.0003634213554855048 -0.0011325343542314403 0.0032553089137298042 0.00018232450409183532 -0.0016369424977261905 -0.019339537698119982 0.0014840258574549293 0.0046290028466266179 0.0030148583718006884
leaf_weight=16643 15271 1895 2496 4513 97 102 649 99 231 185 72 35 1162 1665 2662 678 3404 2409 4308 4218 935 2681 5539 986 1266 162289 5050 170961 2120 15268
leaf_count=16643 15271 1895 2496 4513 97 102 649 99 231 185 72 35 1162 1665 2662 678 3404 2409 4308 4218 935 2681 5539 986 1266 162289 5050 170961 2120 15268
internal_value=-0.000308568 -0.00226446 -0.000473762 -0.0212982 -0.0431452 0.00175879 0.0111497 0.0212038 0.0309091 -0.000639386 -0.0145914 0.0261194 -5.26779e-05 0.0013978 -0.00253752 -0.000251732 -0.00740256 -0.0196158 -0.00342015 -0.00125489 0.00494904 0.00918249 -0.00855383 -0.010229 -0.00640399 -0.000113808 -0.011178 0.000771579 -0.00810481 0.00788793
internal_weight=429889 413246 397975 7878 4712 199 3166 1271 880 391 257 134 390097 47074 29310 343023 6491 3087 27645 19444 8820 6899 8201 1921 10624 336532 6316 174243 3282 17764
internal_count=429889 413246 397975 7878 4712 199 3166 1271 880 391 257 134 390097 47074 29310 343023 6491 3087 27645 19444 8820 6899 8201 1921 10624 336532 6316 174243 3282 17764
cat_boundaries=0 2 4 5 7 10 12 15 17 19 22 25 27 29
cat_threshold=2147483648 1049088 130 1077936128 32768 328998912 2770939906 965280004 2785108042 1 0 2684420098 1073824068 268699992 6 603979776 167790593 603979792 148640 1702969600 2818927081 11 65536 268435456 2 536887552 134299905 8192 524290
is_linear=0
shrinkage=0.05


Tree=294
num_leaves=31
num_cat=5
split_feature=0 0 0 11 6 1 3 11 6 1 6 6 5 14 14 10 2 10 10 8 9 1 0 11 11 5 0 3 2 10
split_gain=16341.4 13789.6 1392.44 2232.94 167.58 150.186 85.8599 107.778 138.848 58.3904 62.7128 48.1445 42.1778 55.2601 78.5967 68.9605 55.2493 108.661 61.7649 46.363 44.5808 56.2759 41.1524 64.4227 124.182 115.148 124.666 111.954 152.328 142.447
threshold=0 1 2 332.00000000000006 2.5000000000000004 11.500000000000002 26.500000000000004 245.00000000000003 1.7500000000000002 16.500000000000004 1.7500000000000002 1.7500000000000002 82.200000000000003 19.000000000000004 49.000000000000007 3.5000000000000004 3.5000000000000004 10.500000000000002 7.5000000000000009 1.0000000180025095e-35 19.500000000000004 17.500000000000004 3 -1314.9999999999998 -1014.9999999999999 72.250000000000014 4 25.500000000000004 4.5000000000000009 4.5000000000000009
decision_type=9 9 9 2 2 2 2 2 2 2 2 2 2 2 2 2 2 2 2 2 2 2 9 2 2 2 9 2 2 2
left_child=-1 -2 3 6 -5 -6 12 8 -8 11 -11 -9 13 15 -15 -3 18 20 -17 -20 -18 -22 -4 -24 25 -25 27 -27 29 -29
right_child=1 2 22 4 5 -7 7 9 -10 10 -12 -13 -14 14 -16 16 17 -19 19 -21 21 -23 23 24 -26 26 -28 28 -30 -31
leaf_value=1.6322064588791819e-09 -1.4115945057291412e-07 -1.7816898437272854e-05 0.00039618262733578382 -1.4115945057291412e-07 -0.0002346541090072929 3.1014340903112723e-05 1.1414915355167921e-07 8.4991562276925958e-08 -2.6400332207199285e-05 -3.5935025177735728e-09 1.7589549260677018e-06 -6.5659784409533017e-07 -4.1137259127577151e-06 1.475712898959536e-05 -3.8365389786410025e-06 -1.475206582761679e-05 1.3129654503307721e-05 -7.7626107620520916e-06 0.0099496946290692726 -7.0215434716747188e-06 3.3218705891968629e-05 -0.00027281919571011672 0.001892404327553221 0.030118961253417176 -0.0003296037101161442 -0.011554909314069661 -0.00036346866878957942 -0.14583087282112467 -0.11335029538309982 -0.018803105213942264
leaf_weight=16643 15271 305 198556 4513 97 102 649 99 231 185 72 35 286 409 80 93 118 261 258 27 24 34 10835 1884 154392 4311 11705 1511 2313 4590
leaf_count=16643 15271 305 198556 4513 97 102 649 99 231 185 72 35 286 409 80 93 118 261 258 27 24 34 10835 1884 154392 4311 11705 1511 2313 4590
internal_value=-0.00033276 -0.00228962 -0.000499893 -0.0212982 -0.0431452 0.00175879 0.0111497 0.0212038 0.0309091 -0.000639386 -0.0145914 0.0261194 0.00440633 0.00755127 0.0215746 0.00142857 0.0090184 -0.00308924 0.0230159 0.0345614 0.0272727 -0.00862069 -7.93372e-05 -0.000602189 -0.000826757 -0.00400167 -0.00492018 -0.00834315 -0.0117067 -0.00756433
internal_weight=429889 413246 397975 7878 4712 199 3166 1271 880 391 257 134 1895 1609 489 1120 815 437 378 285 176 58 390097 191541 180706 26314 24430 12725 8414 6101
internal_count=429889 413246 397975 7878 4712 199 3166 1271 880 391 257 134 1895 1609 489 1120 815 437 378 285 176 58 390097 191541 180706 26314 24430 12725 8414 6101
cat_boundaries=0 2 4 5 8 11
cat_threshold=2147483648 1049088 130 1077936128 32768 1728602384 2836162977 9 4160 33689600 4
is_linear=0
shrinkage=0.05


Tree=295
num_leaves=31
num_cat=8
split_feature=0 0 0 11 6 1 3 11 6 1 6 6 5 14 14 11 14 14 10 5 5 0 11 0 1 0 11 0 7 0
split_gain=16343.9 13787.3 1400.4 2219.97 167.58 150.186 88.5784 107.778 138.848 58.3904 62.7128 48.1445 40.9292 57.7363 78.5967 47.7716 40.2578 58.3354 46.5681 47.9465 44.9574 39.7893 65.6518 206.214 79.9231 180.047 86.4305 124.996 80.6363 182.738
threshold=0 1 2 332.00000000000006 2.5000000000000004 11.500000000000002 26.500000000000004 245.00000000000003 1.7500000000000002 16.500000000000004 1.7500000000000002 1.7500000000000002 82.200000000000003 19.000000000000004 49.000000000000007 245.00000000000003 238.50000000000003 305.00000000000006 4.5000000000000009 74.65000000000002 71.15000000000002 3 803.50000000000011 4 9.5000000000000018 5 -516.49999999999989 6 1.0000000180025095e-35 7
decision_type=9 9 9 2 2 2 2 2 2 2 2 2 2 2 2 2 2 2 2 2 2 9 2 9 2 9 2 9 2 9
left_child=-1 -2 3 6 -5 -6 12 8 -8 11 -11 -9 13 15 -15 -3 21 18 19 -18 -20 -4 24 -24 25 26 -23 -28 -26 -30
right_child=1 2 16 4 5 -7 7 9 -10 10 -12 -13 -14 14 -16 -17 17 -19 20 -21 -22 22 23 -25 28 -27 27 -29 29 -31
leaf_value=1.5505960959671938e-09 -1.3410147805537065e-07 -5.6623858193383114e-06 0.00046393939160029876 -1.3410147805537065e-07 -0.00022292140355690827 2.9463623857939326e-05 1.0844169588963838e-07 8.0741984165300098e-08 -2.5080315596826e-05 -3.4138273985462321e-09 1.6710071797820804e-06 -6.2376795186835929e-07 -3.9080396171176094e-06 1.4019272540100049e-05 -3.644712029693409e-06 4.6597868892384042e-06 1.5646624982803397 -0.015515733397484067 -0.14093089415715424 -0.098645220021006896 0.21938423261207485 0.10532617829752006 -0.067926799529581028 0.00026127253498922089 -0.00059195155483675603 -0.00022716356657992431 -0.088353188869362817 0.013919923488367569 0.001727453848369276 -0.070616740656115784
leaf_weight=16643 15271 761 200698 4513 97 102 649 99 231 185 72 35 286 409 80 359 39 331 21 168 658 1860 962 2263 157812 12250 641 4627 4021 3746
leaf_count=16643 15271 761 200698 4513 97 102 649 99 231 185 72 35 286 409 80 359 39 331 21 168 658 1860 962 2263 157812 12250 641 4627 4021 3746
internal_value=-0.000336482 -0.00229349 -0.000503913 -0.0213616 -0.0431452 0.00175879 0.0109918 0.0212038 0.0309091 -0.000639386 -0.0145914 0.0261194 0.00414248 0.00724052 0.0215746 0.000982143 -8.21569e-05 0.00899753 0.0156885 -0.00507246 0.0220177 -0.000110574 -0.000632864 -0.00770543 -0.000509578 0.00252864 0.00884001 0.00558087 -0.000865146 -0.00583881
internal_weight=429889 413246 397975 7878 4712 199 3166 1271 880 391 257 134 1895 1609 489 1120 390097 1217 886 207 679 388880 188182 3225 184957 19378 7128 5268 165579 7767
internal_count=429889 413246 397975 7878 4712 199 3166 1271 880 391 257 134 1895 1609 489 1120 390097 1217 886 207 679 388880 188182 3225 184957 19378 7128 5268 165579 7767
cat_boundaries=0 2 4 5 8 10 12 14 17
cat_threshold=2147483648 1049088 130 1077936128 32768 1738014976 2836164001 9 17472 88 268706816 69275650 0 67112960 134303808 35782744 2
is_linear=0
shrinkage=0.05


Tree=296
num_leaves=31
num_cat=9
split_feature=0 0 0 11 6 1 3 11 6 1 6 6 10 0 2 0 11 0 0 1 9 0 5 5 3 11 1 9 0 8
split_gain=16333 13797.3 1384.08 2248.56 167.58 150.186 82.6536 107.778 138.848 58.3904 62.7128 48.1445 39.7461 139.175 108.078 298.246 114.085 254.197 201.646 182.715 190.998 186.069 178.709 237.382 200.151 196.549 207.176 175.156 174.228 155.463
threshold=0 1 2 332.00000000000006 2.5000000000000004 11.500000000000002 26.500000000000004 245.00000000000003 1.7500000000000002 16.500000000000004 1.7500000000000002 1.7500000000000002 9.5000000000000018 3 5.5000000000000009 4 324.50000000000006 5 6 9.5000000000000018 1.5000000000000002 7 76.850000000000009 77.90000000000002 24.500000000000004 -1254.9999999999998 9.5000000000000018 32.500000000000007 8 1.0000000180025095e-35
decision_type=9 9 9 2 2 2 2 2 2 2 2 2 2 9 2 9 2 9 9 2 2 9 2 2 2 2 2 2 9 2
left_child=-1 -2 3 6 -5 -6 -3 8 -8 11 -11 -9 13 -4 16 -16 17 27 -18 -20 21 -21 25 24 -24 -19 -27 -14 -26 -22
right_child=1 2 12 4 5 -7 7 9 -10 10 -12 -13 14 -15 15 -17 18 22 19 20 29 -23 23 -25 28 26 -28 -29 -30 -31
leaf_value=1.4730662911688343e-09 -1.27396404137059e-07 9.6200157599923837e-07 0.0032902602931019764 -1.27396404137059e-07 -0.00021177533337906064 2.7990442665082329e-05 1.0301961110847914e-07 7.6704884977019113e-08 -2.382629981698692e-05 -3.2431360263984746e-09 1.5874568207951968e-06 -5.925795542705004e-07 0.0012548240985834182 -0.001293904272219315 -0.012644679758406198 0.0052371956457336393 0.0013045660222420264 0.020188207800008764 0.001801709705650545 -0.13006997422553007 -0.050253753650492256 0.1789019083786535 0.0086849780247905354 -0.00086810799375882655 -0.0072412997591192688 0.0095976799440893774 -0.047012460938177104 0.047348227185822371 0.35045515030107405 -0.45438509865813154
leaf_weight=16643 15271 1895 81183 4513 97 102 649 99 231 185 72 35 21628 80448 11245 20214 15835 1867 7593 426 24835 1282 5656 85002 681 1280 14381 14473 1641 427
leaf_count=16643 15271 1895 81183 4513 97 102 649 99 231 185 72 35 21628 80448 11245 20214 15835 1867 7593 426 24835 1282 5656 85002 681 1280 14381 14473 1641 427
internal_value=-0.000320199 -0.00227655 -0.000486325 -0.0212221 -0.0431452 0.00175879 0.0113392 0.0212038 0.0309091 -0.000639386 -0.0145914 0.0261194 -6.70329e-05 0.000533004 -0.000491539 0.00222989 -0.000926109 -0.000220655 -0.00297829 -0.00511816 -0.00704857 0.00913349 -0.00141063 -0.00053775 0.0077087 -0.00604176 -0.00786987 0.0034214 0.0200689 -0.00814266
internal_weight=429889 413246 397975 7878 4712 199 3166 1271 880 391 257 134 390097 161631 228466 31459 197007 146609 50398 34563 26970 1708 110508 92980 7978 17528 15661 36101 2322 25262
internal_count=429889 413246 397975 7878 4712 199 3166 1271 880 391 257 134 390097 161631 228466 31459 197007 146609 50398 34563 26970 1708 110508 92980 7978 17528 15661 36101 2322 25262
cat_boundaries=0 2 4 5 8 11 14 17 20 23
cat_threshold=2147483648 1049088 130 1077936128 32768 1292378452 2653817312 1 303051076 2183534594 4 849150976 802906 1 1258582096 2885890080 10 537919748 319570048 4 134234368 807470336 2
is_linear=0
shrinkage=0.05


Tree=297
num_leaves=31
num_cat=10
split_feature=0 0 0 11 6 1 3 11 6 1 6 6 10 3 0 0 10 1 0 2 9 0 9 5 10 0 6 3 0 0
split_gain=16348.6 13783 1380.73 2248.56 167.58 150.186 82.6536 107.778 138.848 58.3904 62.7128 48.1445 39.047 129.411 290.546 164.342 162.051 155.713 112.707 201.345 112.213 117.805 111.424 156.454 147.995 139.638 110.862 109.675 221.248 151.855
threshold=0 1 2 332.00000000000006 2.5000000000000004 11.500000000000002 26.500000000000004 245.00000000000003 1.7500000000000002 16.500000000000004 1.7500000000000002 1.7500000000000002 9.5000000000000018 21.500000000000004 3 4 3.5000000000000004 17.500000000000004 5 5.5000000000000009 51.500000000000007 6 38.500000000000007 90.950000000000017 11.500000000000002 7 1.1666666666666667 24.500000000000004 8 9
decision_type=9 9 9 2 2 2 2 2 2 2 2 2 2 2 9 9 2 2 9 2 2 9 2 2 2 9 2 2 9 9
left_child=-1 -2 3 6 -5 -6 -3 8 -8 11 -11 -9 13 14 16 17 -4 26 20 -20 22 -22 24 -24 25 -14 -15 28 -17 -29
right_child=1 2 12 4 5 -7 7 9 -10 10 -12 -13 18 15 -16 27 -18 -19 19 -21 21 -23 23 -25 -26 -27 -28 29 -30 -31
leaf_value=1.3994129410832558e-09 -1.2102658391022204e-07 9.1390149719039477e-07 0.030453159286973633 -1.2102658391022204e-07 -0.00020118656671010984 2.6590920531788244e-05 9.7868630533071155e-08 7.2869640721506815e-08 -2.2634984826153116e-05 -3.0809792050945363e-09 1.5080839797398939e-06 -5.6295057655475493e-07 0.10176404839146516 -0.015830183628096961 0.00026959332550511309 0.28752847532551495 0.18624150920552227 -0.048978633154175104 -0.00025994298398615003 0.0042940166522277062 -0.0052741053410194638 -0.073510714291159171 -1.9901894840357315e-05 0.12325802418122721 -0.010570401023479193 -0.0043540115826398388 0.024270963141495728 -0.21591517487013512 -0.0075247559650563735 0.0016184511975557037
leaf_weight=16643 15271 1895 4207 4513 97 102 649 99 231 185 72 35 3793 21131 24903 1817 6565 13266 114975 18395 3580 3269 18709 3206 56783 5756 7051 1801 23518 57372
leaf_count=16643 15271 1895 4207 4513 97 102 649 99 231 185 72 35 3793 21131 24903 1817 6565 13266 114975 18395 3580 3269 18709 3206 56783 5756 7051 1801 23518 57372
internal_value=-0.000343461 -0.00230075 -0.000511451 -0.0212221 -0.0431452 0.00175879 0.0113392 0.0212038 0.0309091 -0.000639386 -0.0145914 0.0261194 -9.26669e-05 0.00050207 0.00316048 -0.000250881 0.0100167 -0.00282937 -0.000513424 0.000424351 -0.00182849 -0.00799387 -0.00135019 0.00174082 -0.0023714 0.00338779 -0.000727415 0.00101399 -0.0017387 0.00219272
internal_weight=429889 413246 397975 7878 4712 199 3166 1271 880 391 257 134 390097 161631 35675 125956 10772 41448 228466 133370 95096 6849 88247 21915 66332 9549 28182 84508 25335 59173
internal_count=429889 413246 397975 7878 4712 199 3166 1271 880 391 257 134 390097 161631 35675 125956 10772 41448 228466 133370 95096 6849 88247 21915 66332 9549 28182 84508 25335 59173
cat_boundaries=0 2 4 5 7 9 12 14 17 19 21
cat_threshold=2147483648 1049088 130 1077936128 32768 269496388 705431624 269816832 704735257 1308635460 103160034 4 1073742144 35653858 67121216 393218 4 0 393216 0 262144
is_linear=0
shrinkage=0.05


Tree=298
num_leaves=31
num_cat=11
split_feature=0 0 0 11 6 1 3 11 6 1 6 6 14 15 0 1 0 7 2 0 0 5 0 0 0 1 11 0 3 2
split_gain=16343.9 13787.3 1381.73 2248.56 167.58 150.186 82.6536 107.778 138.848 58.3904 62.7128 48.1445 38.3028 214.554 139.101 170.368 116.249 116.098 127.072 110.17 92.5381 106.373 105.573 73.0617 67.4898 96.6283 176.017 77.878 83.8664 80.3259
threshold=0 1 2 332.00000000000006 2.5000000000000004 11.500000000000002 26.500000000000004 245.00000000000003 1.7500000000000002 16.500000000000004 1.7500000000000002 1.7500000000000002 27.500000000000004 0.46666666666666673 3 16.500000000000004 4 1.0000000180025095e-35 4.5000000000000009 5 6 84.250000000000014 7 8 9 21.500000000000004 -1014.9999999999999 10 23.500000000000004 2.5000000000000004
decision_type=9 9 9 2 2 2 2 2 2 2 2 2 2 2 9 2 9 2 2 9 9 2 9 9 9 2 2 9 2 2
left_child=-1 -2 3 6 -5 -6 -3 8 -8 11 -11 -9 24 16 15 19 -14 20 -19 -15 21 23 -23 -17 25 26 27 -4 -29 -30
right_child=1 2 12 4 5 -7 7 9 -10 10 -12 -13 13 14 -16 17 -18 18 -20 -21 -22 22 -24 -25 -26 -27 -28 28 29 -31
leaf_value=1.3294423339971218e-09 -1.1497525469472692e-07 8.6820642231089096e-07 -0.00067648265543778234 -1.1497525469472692e-07 -0.0001911272383745999 2.5261374505181069e-05 9.2975199006417602e-08 6.9226158672108803e-08 -2.1503235584852123e-05 -2.9269302537215935e-09 1.4326797807662218e-06 -5.3480304771369449e-07 -0.21665894168327615 0.14869846111950588 -0.00040963979263866082 -0.10965580496174071 -0.0064788503061177678 -0.28653509678890909 0.0032298479381919656 0.064718464777053883 0.059385165617821568 0.28150193103306481 0.0013196256227886449 -0.0084221366821296325 0.00012870705644680848 0.008759648665061048 -0.00095586369629332426 -0.00087895013034255953 -0.037626623865073587 -0.1289461161289002
leaf_weight=16643 15271 1895 7169 4513 97 102 649 99 231 185 72 35 2002 3506 32405 1433 5855 480 408 7219 7025 1038 2818 3824 231483 6283 68271 1819 3010 4049
leaf_count=16643 15271 1895 7169 4513 97 102 649 99 231 185 72 35 2002 3506 32405 1433 5855 480 408 7219 7025 1038 2818 3824 231483 6283 68271 1819 3010 4049
internal_value=-0.000336482 -0.00229349 -0.000503913 -0.0212221 -0.0431452 0.00175879 0.0113392 0.0212038 0.0309091 -0.000639386 -0.0145914 0.0261194 -8.49767e-05 0.000993192 0.00200811 0.00460538 -0.0067774 0.00149771 -0.0161036 0.00954312 0.00246623 -0.000860463 0.00544606 -0.00548792 -0.000312651 -0.00146947 -0.00191537 -0.00662741 -0.00975473 -0.0122326
internal_weight=429889 413246 397975 7878 4712 199 3166 1271 880 391 257 134 390097 68013 60156 27751 7857 17026 888 10725 16138 9113 3856 5257 322084 90601 84318 16047 8878 7059
internal_count=429889 413246 397975 7878 4712 199 3166 1271 880 391 257 134 390097 68013 60156 27751 7857 17026 888 10725 16138 9113 3856 5257 322084 90601 84318 16047 8878 7059
cat_boundaries=0 2 4 5 8 11 14 17 19 21 24 27
cat_threshold=2147483648 1049088 130 1077936128 32768 8452 858221738 15 545857792 671221768 9 0 35865632 10 8192 536953992 14 0 81920 0 81920 268447812 2299938 14 4100 6144 2
is_linear=0
shrinkage=0.05


Tree=299
num_leaves=31
num_cat=10
split_feature=0 0 0 11 6 1 3 11 6 1 6 6 11 0 6 0 3 10 0 6 9 0 9 0 0 0 1 1 5 11
split_gain=16341.1 13789.9 1382.34 2248.56 167.58 150.186 82.6536 107.778 138.848 58.3904 62.7128 48.1445 38.2428 157.427 138.594 132.134 109.73 110.888 106.676 62.0746 56.9811 272.605 136.805 390.82 129.138 123.62 90.5409 89.2162 88.9567 86.1649
threshold=0 1 2 332.00000000000006 2.5000000000000004 11.500000000000002 26.500000000000004 245.00000000000003 1.7500000000000002 16.500000000000004 1.7500000000000002 1.7500000000000002 -1397.4999999999998 3 1.1666666666666667 4 22.500000000000004 11.500000000000002 5 2.5000000000000004 60.500000000000007 6 59.500000000000007 7 8 9 20.500000000000004 13.500000000000002 87.15000000000002 725.00000000000011
decision_type=9 9 9 2 2 2 2 2 2 2 2 2 2 9 2 9 2 2 9 2 2 9 2 9 9 9 2 2 2 2
left_child=-1 -2 3 6 -5 -6 -3 8 -8 11 -11 -9 13 -4 15 16 -15 -18 -16 -20 22 24 -14 -24 -22 27 29 -23 -29 -27
right_child=1 2 12 4 5 -7 7 9 -10 10 -12 -13 20 14 18 -17 17 -19 19 -21 21 25 23 -25 -26 26 -28 28 -30 -31
leaf_value=1.2629701728883447e-09 -1.0922649194000656e-07 8.2479610119534641e-07 -0.092872692283981373 -1.0922649194000656e-07 -0.00018157087645587211 2.3998305779926454e-05 8.8326439051655825e-08 6.5764850720739784e-08 -2.0428073805600633e-05 -2.7805837632399744e-09 1.3610457917145881e-06 -5.0806289531024618e-07 2.3769752568680858e-05 -0.011393344186694999 -0.031046636664506268 -0.0010171138944940594 0.015286413503947572 0.0029497498067154295 0.003498639556203287 -0.084128712431925046 0.010005977011722057 -0.007481195726779433 -0.0046139033467627044 0.11610046202701074 0.010391361404162925 -0.006232838676939423 0.008654216038596908 -0.090443421783152372 -0.37102982776206911 0.016495589501859566
leaf_weight=16643 15271 1895 2822 4513 97 102 649 99 231 185 72 35 361358 380 631 2945 772 899 1031 219 476 1430 983 2727 2960 7127 911 1505 510 411
leaf_count=16643 15271 1895 2822 4513 97 102 649 99 231 185 72 35 361358 380 631 2945 772 899 1031 219 476 1430 983 2727 2960 7127 911 1505 510 411
internal_value=-0.000332295 -0.00228914 -0.000499391 -0.0212221 -0.0431452 0.00175879 0.0113392 0.0212038 0.0309091 -0.000639386 -0.0145914 0.0261194 -8.03626e-05 -0.00318074 0.000907507 0.00526421 0.0149685 0.0205566 -0.0106592 -0.00206349 -1.31441e-06 -0.00298761 0.000124086 0.00967655 0.00940221 -0.00656922 -0.00330417 -0.0145441 -0.0213648 -0.00510746
internal_weight=429889 413246 397975 7878 4712 199 3166 1271 880 391 257 134 390097 9699 6877 4996 2051 1671 1881 1250 380398 15330 365068 3710 3436 11894 8449 3445 2015 7538
internal_count=429889 413246 397975 7878 4712 199 3166 1271 880 391 257 134 390097 9699 6877 4996 2051 1671 1881 1250 380398 15330 365068 3710 3436 11894 8449 3445 2015 7538
cat_boundaries=0 2 4 5 8 11 14 17 19 22 24
cat_threshold=2147483648 1049088 130 1077936128 32768 1073746180 201342977 4 16793600 302515584 8 553664512 1440 8 671088896 2148033576 3 50610176 2953060641 134217728 2147483648 2 268709908 168167424
is_linear=0
shrinkage=0.05


end of trees

feature_importances:
ride_id_cat=3070
hour_of_day=1425
minutes_until_close=995
morning_crowd_index=969
week_of_year=661
temp_high_f=387
days_since_last_holiday=372
days_until_next_holiday=348
day_of_week=287
max_closure_duration_today_min=146
closure_start_hour=97
total_operating_hours=81
hours_since_reopen=54
month=47
is_holiday_weekend=23
had_closure_today=21
is_holiday=17

parameters:
[boosting: gbdt]
[objective: regression_l1]
[metric: l1]
[tree_learner: serial]
[device_type: cpu]
[data_sample_strategy: bagging]
[data: ]
[valid: ]
[num_iterations: 300]
[learning_rate: 0.05]
[num_leaves: 31]
[num_threads: 12]
[seed: 0]
[deterministic: 0]
[force_col_wise: 0]
[force_row_wise: 0]
[histogram_pool_size: -1]
[max_depth: -1]
[min_data_in_leaf: 20]
[min_sum_hessian_in_leaf: 0.001]
[bagging_fraction: 1]
[pos_bagging_fraction: 1]
[neg_bagging_fraction: 1]
[bagging_freq: 0]
[bagging_seed: 3]
[bagging_by_query: 0]
[feature_fraction: 1]
[feature_fraction_bynode: 1]
[feature_fraction_seed: 2]
[extra_trees: 0]
[extra_seed: 6]
[early_stopping_round: 0]
[early_stopping_min_delta: 0]
[first_metric_only: 0]
[max_delta_step: 0]
[lambda_l1: 0]
[lambda_l2: 0]
[linear_lambda: 0]
[min_gain_to_split: 0]
[drop_rate: 0.1]
[max_drop: 50]
[skip_drop: 0.5]
[xgboost_dart_mode: 0]
[uniform_drop: 0]
[drop_seed: 4]
[top_rate: 0.2]
[other_rate: 0.1]
[min_data_per_group: 100]
[max_cat_threshold: 32]
[cat_l2: 10]
[cat_smooth: 10]
[max_cat_to_onehot: 4]
[top_k: 20]
[monotone_constraints: ]
[monotone_constraints_method: basic]
[monotone_penalty: 0]
[feature_contri: ]
[forcedsplits_filename: ]
[refit_decay_rate: 0.9]
[cegb_tradeoff: 1]
[cegb_penalty_split: 0]
[cegb_penalty_feature_lazy: ]
[cegb_penalty_feature_coupled: ]
[path_smooth: 0]
[interaction_constraints: ]
[verbosity: -1]
[saved_feature_importance_type: 0]
[use_quantized_grad: 0]
[num_grad_quant_bins: 4]
[quant_train_renew_leaf: 0]
[stochastic_rounding: 1]
[linear_tree: 0]
[max_bin: 255]
[max_bin_by_feature: ]
[min_data_in_bin: 3]
[bin_construct_sample_cnt: 200000]
[data_random_seed: 1]
[is_enable_sparse: 1]
[enable_bundle: 1]
[use_missing: 1]
[zero_as_missing: 0]
[feature_pre_filter: 1]
[pre_partition: 0]
[two_round: 0]
[header: 0]
[label_column: ]
[weight_column: ]
[group_column: ]
[ignore_column: ]
[categorical_feature: 0]
[forcedbins_filename: ]
[precise_float_parser: 0]
[parser_config_file: ]
[objective_seed: 5]
[num_class: 1]
[is_unbalance: 0]
[scale_pos_weight: 1]
[sigmoid: 1]
[boost_from_average: 1]
[reg_sqrt: 0]
[alpha: 0.9]
[fair_c: 1]
[poisson_max_delta_step: 0.7]
[tweedie_variance_power: 1.5]
[lambdarank_truncation_level: 30]
[lambdarank_norm: 1]
[label_gain: ]
[lambdarank_position_bias_regularization: 0]
[eval_at: ]
[multi_error_top_k: 1]
[auc_mu_weights: ]
[num_machines: 1]
[local_listen_port: 12400]
[time_out: 120]
[machine_list_filename: ]
[machines: ]
[gpu_platform_id: -1]
[gpu_device_id: -1]
[gpu_use_dp: 0]
[num_gpu: 1]

end of parameters

pandas_categorical:[["05b17c11-fd4c-4b85-ab45-3e269dc56559", "07952343-3498-404b-8337-734de9a185c1", "0de1413a-73ee-46cf-af2e-c491cc7c7d3b", "106c1e5a-a5e7-42d7-96ab-bc100d8faf71", "10a5fc6f-5ad3-414b-9bdd-e6bae097b6ad", "1b23667a-d8fb-436d-8952-c3e3f2e56d13", "1b83fda8-d60e-48e4-9a3d-90ddcbcd1001", "1d24dd7a-372b-4195-8ad0-ba9679d72b08", "1da85181-bf0f-4ccc-b98e-243142f7347b", "2108cc58-80df-4fff-9b91-735e89873ffd", "2295351d-ce6b-4c04-92d5-5b416372c5b5", "24066306-d364-4048-b4c9-a0e81980c5b4", "2aedc657-1ee2-4545-a1ce-14753f28cc66", "34b1d70f-11c4-42df-935e-d5582c9f1a8e", "3638ac09-9fce-4a43-8c79-8ebbe17afce2", "388ad3f1-5cf5-4a9d-8d0e-6dfb817d7822", "40524fba-5d84-49e7-9204-f493dbe2d5a4", "44c1f655-25d3-440c-b1a8-db736a12b105", "46097afe-a1ea-4807-93d3-14d14f36e55f", "4ca6cdbf-4c5f-45bf-b0dc-db83393ec208", "4f0053e7-b8db-4833-b02f-35e1c91b4523", "4f5b28d0-b78e-482b-8e2e-1f90756d6220", "526ada11-4688-442b-96d4-4077eac4f988", "528016ef-db24-47fa-a0f2-b6d26d61e29f", "52a8ef64-d54c-4974-883f-027c3026e3f1", "56d0bd6d-5106-4420-8f60-0005475c04c3", "59647168-d239-4161-8b24-92eb128e96fb", "5bd95ae8-181d-449c-8f04-a621e2448961", "5d07a2b1-49ca-4de7-9d32-6d08edf69b08", "64d44aaa-6857-4693-b24b-bcff6c6dcfa1", "6c225598-91c9-44a3-95e2-7c423475db61", "6c30d5b0-8c0a-406f-9258-0b6c55d4a5e4", "6ce9cdd1-0a43-459e-83cd-f4cace9cfa7b", "6d876f4c-c3ff-4ae3-a2d8-d4b831e1039b", "6e2af074-3a67-4f38-9bcf-2f5a572c87df", "77f205a4-d482-4d91-a5ff-71e54a086ad2", "7a09a2f0-e226-4f3e-86f8-2598ab67ec44", "82aeb29b-504a-416f-b13f-f41fa5b766aa", "86ab3069-110d-49c5-a7e7-29ddf28695a6", "88197808-3c56-4198-a5a4-6066541251cf", "8e686e4c-f3db-4d9c-a185-2d54b1fa8899", "8f586a2f-cef5-46d3-b822-fd622c4e9e33", "90ee50d4-7cc9-4824-b29d-2aac801acc29", "9167db1d-e5e7-46da-a07f-ae30a87bc4c4", "9d401ad3-49b2-469f-ac73-93eb429428fb", "a07f3110-013e-43bb-a182-e66bb8b5e28d", "a9076acd-7630-4bad-a8da-e6bd689ddcac", "b0eca3d3-a519-47f9-a5a7-9911126da2df", "b1d285a7-2444-4a7c-b7bb-d2d4d6428a85", "b2c2549c-e9da-4fdd-98ea-1dcff596fed7", "b7678dab-5544-48d5-8fdc-c1a0127cfbcd", "c23af6ba-8515-406a-8a48-d0818ba0bfc9", "c60c768b-3461-465c-8f4f-b44b087506fc", "c8a4b7b1-c1b2-4dfe-b73c-4e834b4a73db", "c9803366-6f37-4406-82af-7692357e3ca9", "c9e39189-7e99-4e0a-97e0-4a0d5654d257", "cb929138-d77a-4dd2-983c-f651bbd1bd92", "cc718d11-fa15-44ee-87d0-ded989ad61bc", "cc980e8e-192f-48b6-848c-27784084e54b", "cd670bff-81d1-4f34-8676-7bafdf49220a", "e0cfed11-96d7-40f3-907f-5cfed172592a", "e1fbc7a1-2cd1-4282-b373-ac11d9d9d38a", "e27b1db8-9ec9-4f8b-9ca6-fd6377de66ee", "e2d460e9-2bef-4613-b126-092ab7cb37e5", "f44a5072-3cda-4c7c-8574-33ad09d16cca", "f7904912-3f08-4563-b99e-fd59f43cc9f2", "faaa8be9-cc1e-4535-ac20-04a535654bd0", "ff52cb64-c1d5-4feb-9d43-5dbd429bac81"]]
