tree
version=v4
num_class=1
num_tree_per_iteration=1
label_index=0
max_feature_idx=18
objective=regression_l1
feature_names=wait_minutes wait_lag_1 wait_lag_2 wait_lag_3 wait_delta_1 park_crowd_median hour_of_day day_of_week week_of_year month is_holiday is_holiday_weekend days_until_next_holiday days_since_last_holiday minutes_since_last_status_change closure_duration_minutes minutes_at_current_level ride_id_cat status_cat
feature_infos=[0:300] [0:300] [0:300] [0:300] [-245:245] [5:45] [8:21] [0:6] [18:33] [5:8] [0:1] [0:1] [0:64] [0:38] [0:4990.0068833333335] [0:550] [0:300] -1:30:57:49:60:8:56:29:40:58:63:18:14:50:6:35:24:43:2:67:61:53:20:66:16:15:44:42:38:12:46:52:26:65:48:64:13:51:28:45:10:23:19:36:59:25:39:32:54:37:33:7:31:41:1:4:27:62 none
tree_sizes=2462 3004 3016 3037 3016 3038 3030 3028 3072 3100 3083 3097 3112 3078 3090 3103 3088 3099 3073 3114 3099 3084 3129 3123 3122 3091 3116 3091 3101 3097 3115 3126 3122 3105 3115 3120 3090 3131 3120 3115 3152 3106 3089 3117 3127 3113 3107 3118 3124 3124 3133 3139 3163 3128 3147 3158 3143 3111 3131 3125 3117 3162 3135 3139 3119 3111 3128 3179 3134 3141 3154 3131 3140 3132 3106 3108 3131 3110 3089 3153 3142 3164 3124 3115 3077 3169 3129 3141 3132 3102 3138 3149 3101 3141 3123 3079 3130 3125 3075 3149 3096 3071 3074 3035 3123 3008 3050 3134 3128 3124 3111 3090 3101 3058 3106 3106 3083 3137 3147 3136 3117 3138 3154 3174 3123 3137 3149 3156 3066 3102 3077 3086 3056 3081 3027 3043 3049 2988 2988 2948 3060 3051 3050 3011 3014 2968 3054 3008 3070 3028 3020 2996 3048 3048 3068 3035 3051 3046 3045 2998 3004 2967 2971 2962 2967 2963 2945 2953 2952 2945 2950 2956 2971 2971 2933 2934 2935 2936 2934 2935 2941 2942 2950 2960 2949 2971 2987 2934 2950 2948 2945 2951 2947 2941 2947 2958 2951 2958 2946 2948

Tree=0
num_leaves=31
num_cat=13
split_feature=17 0 0 6 6 17 6 17 0 17 6 8 17 17 17 17 5 17 0 17 8 12 17 13 0 5 17 6 17 1
split_gain=119621 18152 9986.26 5527.92 3578.12 3087.48 2492.6 2844.3 2307.97 2269.07 2085.93 954.612 847.179 770.151 740.761 667.405 566.591 503.957 420.997 403.023 388.371 374.132 329.839 324.29 285.719 279.861 273.818 238.31 247.892 233.815
threshold=0 17.500000000000004 27.500000000000004 17.500000000000004 17.500000000000004 1 17.500000000000004 2 27.500000000000004 3 10.500000000000002 23.500000000000004 4 5 6 7 23.750000000000004 8 14.000000000000002 9 23.500000000000004 63.500000000000007 10 1.5000000000000002 17.500000000000004 23.750000000000004 11 16.500000000000004 12 37.500000000000007
decision_type=9 2 2 2 2 9 2 9 2 9 2 2 9 9 9 9 2 9 2 9 2 2 9 2 2 2 9 2 9 2
left_child=2 5 3 9 8 10 15 17 14 11 19 -1 -5 24 20 27 26 -8 -7 -2 -3 -11 -6 -15 -13 -10 -12 -4 -29 -9
right_child=1 4 6 12 22 18 7 29 25 21 16 13 -14 23 -16 -17 -18 -19 -20 -21 -22 -23 -24 -25 -26 -27 -28 28 -30 -31
leaf_value=20.5 19.75 20.25 20.5 20 19.75 19.25 20.25 19.75 20.25 20.5 19.75 19.75 19.5 20 19.75 21.25 19.75 21.25 19.75 20 20 20 19.5 20.25 20 20.5 19.5 19.5 20.5 20
leaf_weight=5963 1482 4579 9924 1161 3452 76209 3391 2251 3091 12161 3373 4315 5819 1357 6883 65965 3376 7434 11727 6496 8616 474 4885 9712 3128 8207 17049 386 705 2658
leaf_count=5963 1482 4579 9924 1161 3452 76209 3391 2251 3091 12161 3373 4315 5819 1357 6883 65965 3376 7434 11727 6496 8616 474 4885 9712 3128 8207 17049 386 705 2658
internal_value=19.9981 19.9686 20.0324 20.0128 19.9979 19.9589 20.0417 20.0235 20.0056 20.0204 19.9723 20.0115 19.9719 20.0059 19.9955 20.0454 19.9649 20.0378 19.9541 19.9944 20.0024 20.0376 19.9688 20.0143 19.9935 20.0237 19.9617 20.0338 20.0117 19.9919
internal_weight=296229 159425 136804 44090 39713 119712 92714 15734 31376 37110 31776 24475 6980 18512 20078 76980 23798 10825 87936 7978 13195 12635 8337 11069 7443 11298 20422 11015 1091 4909
internal_count=296229 159425 136804 44090 39713 119712 92714 15734 31376 37110 31776 24475 6980 18512 20078 76980 23798 10825 87936 7978 13195 12635 8337 11069 7443 11298 20422 11015 1091 4909
cat_boundaries=0 3 5 8 11 14 16 18 20 23 25 28 30 32
cat_threshold=344536068 203384905 13 1610875200 570425522 268447748 1837128 5 344457216 67313664 8 268447748 788480 1 524288 67239936 1644429648 570425520 67633152 67313664 0 72 5 262144 2 1107296592 16 2 256 16 0 65536
is_linear=0
shrinkage=1


Tree=1
num_leaves=31
num_cat=11
split_feature=0 17 17 6 0 6 6 17 17 6 6 3 17 6 3 3 0 6 6 17 17 5 17 17 17 5 7 5 7 17
split_gain=103485 17277.7 9914.25 4581.05 4329.03 2895.25 2237.61 2081.41 1774.71 1607.84 1151.73 1107.12 1031.81 1138.58 983.835 862.823 715.609 581.933 511.277 464.083 411.318 399.951 395.202 382.475 374.78 325.281 289.962 277.973 273.522 270.273
threshold=22.500000000000004 0 1 11.500000000000002 14.000000000000002 17.500000000000004 17.500000000000004 2 3 17.500000000000004 17.500000000000004 27.500000000000004 4 10.500000000000002 22.500000000000004 17.500000000000004 32.500000000000007 18.500000000000004 10.500000000000002 5 6 18.750000000000004 7 8 9 28.750000000000004 1.0000000180025095e-35 23.750000000000004 4.5000000000000009 10
decision_type=2 9 9 2 2 2 2 9 9 2 2 2 9 2 2 2 2 2 2 9 9 2 9 9 9 2 2 2 2 9
left_child=1 3 6 8 12 11 16 -8 26 14 15 24 13 20 21 18 -2 -9 19 -6 -3 29 -7 -11 -4 -13 -1 -15 -28 -5
right_child=2 4 5 9 10 22 7 17 -10 23 -12 25 -14 27 -16 -17 -18 -19 -20 -21 -22 -23 -24 -25 -26 -27 28 -29 -30 -31
leaf_value=-0.025000000000000001 0.47500000000000003 0 0.22500000000000001 -0.25 -0.23750000000000002 -0.23750000000000002 0.9375 0.26250000000000001 0.72500000000000009 -0.23750000000000002 -0.48750000000000004 0.47500000000000003 -0.71250000000000002 -0.71250000000000002 0.22500000000000001 -0.012500000000000001 1.1875 -0.22500000000000001 -0.23750000000000002 0.012500000000000001 -0.46250000000000002 -0.012500000000000001 -0.47500000000000003 -0.47500000000000003 -0.012500000000000001 0.47500000000000003 0.23750000000000002 -0.46250000000000002 0 -0.025000000000000001
leaf_weight=2115 18297 2858 11532 4525 1186 4550 8031 3643 8001 2133 6506 8160 54187 21606 5653 8119 56242 4020 12082 2318 6223 5332 2295 7006 5425 7587 5612 4187 3614 3184
leaf_count=2115 18297 2858 11532 4525 1186 4550 8031 3643 8001 2133 6506 8160 54187 21606 5653 8119 56242 4020 12082 2318 6223 5332 2295 7006 5425 7587 5612 4187 3614 3184
internal_value=-0.00199305 -0.0280885 0.0314747 -0.002469 -0.0382183 0.0105905 0.0406225 0.0234676 0.0162212 -0.0154583 -0.0218662 0.0167824 -0.0437694 -0.0370026 -0.00705574 -0.0167517 0.0442399 0.00478952 -0.0236366 -0.00682078 -0.0217872 -0.0146078 -0.0189774 -0.0326458 0.00791708 0.0263288 0.00347987 -0.0423739 0.00731086 -0.02189
internal_weight=296229 166447 129782 47175 119272 39549 90233 15694 19342 27833 30211 32704 89061 34874 18694 23705 74539 7663 15586 3504 9081 13041 6845 9139 16957 15747 11341 25793 9226 7709
internal_count=296229 166447 129782 47175 119272 39549 90233 15694 19342 27833 30211 32704 89061 34874 18694 23705 74539 7663 15586 3504 9081 13041 6845 9139 16957 15747 11341 25793 9226 7709
cat_boundaries=0 3 6 8 10 12 14 16 18 21 23 26
cat_threshold=1955149060 202336345 13 277427220 136071241 13 268447764 1837056 1955070208 663568 18104384 589303970 33554432 287311104 64 570425504 1174405440 67248304 268439812 796673 5 605028416 100872368 1610616832 67248144 8
is_linear=0
shrinkage=0.05


Tree=2
num_leaves=31
num_cat=11
split_feature=17 0 0 17 6 6 6 17 17 6 2 5 17 8 17 0 17 17 6 5 17 5 5 12 17 8 6 6 17 1
split_gain=102911 18803.4 9187.4 4163.36 2899.74 2669.36 2366.22 2416.53 2156.2 1701.93 1503.73 1014.2 944.014 660.922 599.148 534.778 484.037 465.761 431.171 449.23 403.806 389.509 387.546 363.021 356.328 336.055 330.554 324.287 298.758 279.927
threshold=0 17.500000000000004 27.500000000000004 1 17.500000000000004 17.500000000000004 17.500000000000004 2 3 10.500000000000002 27.500000000000004 23.750000000000004 4 23.500000000000004 5 14.000000000000002 6 7 10.500000000000002 28.750000000000004 8 21.250000000000004 26.250000000000004 63.500000000000007 9 23.500000000000004 17.500000000000004 10.500000000000002 10 37.500000000000007
decision_type=9 2 2 9 2 2 2 9 9 2 2 2 9 2 9 2 9 9 2 2 9 2 2 2 9 2 2 2 9 2
left_child=2 3 5 9 10 8 12 -8 13 24 18 17 -4 -1 -7 -5 -9 -11 28 -20 -6 27 -12 -10 -2 -26 -13 -15 -3 -14
right_child=1 4 6 15 20 14 7 16 23 11 22 26 29 21 -16 -17 -18 -19 19 -21 -22 -23 -24 -25 25 -27 -28 -29 -30 -31
leaf_value=0.46312500000000001 0.23812499999999998 -0.011250000000000072 0.66562500000000002 -0.67687500000000012 -0.22562499999999996 0.011875000000000037 1.140625 0.24875000000000008 0.46374999999999994 -0.23687500000000006 0.21374999999999994 -0.21437500000000009 0.66374999999999995 0.21374999999999994 -0.33812500000000001 -0.46312500000000001 -0.23218749999999996 -0.43937500000000007 -0.023750000000000073 0.013124999999999965 -0.45124999999999993 0.25062499999999999 0.45124999999999993 -0.036250000000000074 0 -0.23687500000000006 -0.46312500000000001 -0.011875000000000037 0.24937500000000004 1.378125
leaf_weight=5095 1755 1789 9120 71765 3441 1327 7434 4302 12161 5993 5473 3736 21659 5290 4256 8164 3654 20305 14203 5732 6005 1800 6058 474 2386 6070 1079 8926 2471 44306
leaf_count=5095 1755 1789 9120 71765 3441 1327 7434 4302 12161 5993 5473 3736 21659 5290 4256 8164 3654 20305 14203 5732 6005 1800 6058 474 2386 6070 1079 8926 2471 44306
internal_value=-0.00204555 -0.0280716 0.0313229 -0.0383314 -0.000537944 0.0111495 0.0400956 0.0222352 0.0164479 -0.0254234 0.00597604 -0.0312426 0.0437564 0.00665688 -0.0208759 -0.0449962 0.00305046 -0.0351053 -0.0011056 -0.00419112 -0.0251747 0.0016702 0.0208351 0.0327758 -0.00771717 -0.0119655 -0.0101454 -0.00110439 0.0133333 0.0458469
internal_weight=296229 166425 129804 121253 45172 39329 90475 15390 33746 41324 35726 31113 75085 21111 5583 79929 7956 26298 24195 19935 9446 16016 11531 12635 10211 8456 4815 14216 4260 65965
internal_count=296229 166425 129804 121253 45172 39329 90475 15390 33746 41324 35726 31113 75085 21111 5583 79929 7956 26298 24195 19935 9446 16016 11531 12635 10211 8456 4815 14216 4260 65965
cat_boundaries=0 3 5 7 10 12 15 18 20 22 24 26
cat_threshold=344536068 136276041 13 1611923776 637538482 268447748 1837056 344457216 204800 8 67633152 204800 268447748 796672 1 1024 134225992 5 256 67108882 1107296592 16 1073741824 67109024 262464 18875664
is_linear=0
shrinkage=0.05


Tree=3
num_leaves=31
num_cat=12
split_feature=17 0 0 17 6 6 6 17 6 3 17 5 17 17 0 17 17 8 5 17 6 5 17 17 6 12 6 1 17 6
split_gain=103412 20323.7 7287.42 4684.58 2944.67 2188.88 2162.18 2239.5 2095.37 1826.41 1787.86 1036.66 697.014 626.779 534.778 512.516 472.647 466.289 443.635 431.062 353.694 410.974 372.428 351.192 317.715 291.425 283.839 279.927 264.304 414.718
threshold=0 17.500000000000004 27.500000000000004 1 17.500000000000004 17.500000000000004 17.500000000000004 2 10.500000000000002 27.500000000000004 3 23.750000000000004 4 5 14.000000000000002 6 7 23.500000000000004 26.250000000000004 8 9.5000000000000018 21.250000000000004 9 10 17.500000000000004 63.500000000000007 18.500000000000004 37.500000000000007 11 14.500000000000002
decision_type=9 2 2 9 2 2 2 9 2 2 9 2 9 9 2 9 9 2 2 9 2 2 9 9 2 2 2 2 9 2
left_child=2 3 5 8 9 10 12 -8 23 20 17 16 -4 -7 -5 -6 -10 -1 -11 -9 -3 -22 -23 -2 -13 -12 -21 -14 29 -19
right_child=1 4 6 14 15 13 7 19 11 18 25 24 27 -15 -16 -17 -18 28 -20 26 21 22 -24 -25 -26 -27 -28 -29 -30 -31
leaf_value=0.43996874999999991 -0.20253125000000002 0.25118750000000001 0.43046875000000001 -0.64303125000000017 -0.21434374999999994 -0.32121874999999989 1.0835937500000001 -0.25151562500000008 -0.42753125000000003 0.2030624999999999 0.44056249999999991 -0.20365625000000007 0.63056249999999991 0.010656250000000079 -0.43996874999999991 -0.42868749999999989 -0.4174062500000002 0.44056249999999991 0.42868749999999989 0.4619375 -0.022562500000000086 -0.22443749999999998 0.01431249999999995 0 -0.43996874999999991 -0.021937500000000124 0.011312500000000015 1.3092187500000001 0.00059374999999999294 -0.047562500000000091
leaf_weight=4765 3886 1815 6742 71765 3593 2217 7434 2321 7874 6309 10768 3814 21659 2069 8164 6807 20305 2905 6688 2513 11447 3908 8887 7165 1125 428 2581 44306 11126 843
leaf_count=4765 3886 1815 6742 71765 3593 2217 7434 2321 7874 6309 10768 3814 21659 2069 8164 6807 20305 2905 6688 2513 11447 3908 8887 7165 1125 428 2581 44306 11126 843
internal_value=-0.00213247 -0.0269693 0.0330039 -0.0377722 0.000133457 0.0137653 0.0407248 0.0233383 -0.0246837 0.00642956 0.018419 -0.0309801 0.0442757 -0.0197154 -0.0449962 -0.0235096 -0.0346836 0.00931091 0.0217396 0.00385859 -0.00120697 -0.00280092 0.00335678 -0.00583658 -0.00985017 0.0343566 0.0119906 0.0458469 0.00495495 0.0164183
internal_weight=296229 173552 122677 124098 49454 35121 87556 14849 44169 39054 30835 33118 72707 4286 79929 10400 28179 19639 12997 7415 26057 24242 12795 11051 4939 11196 5094 65965 14874 3748
internal_count=296229 173552 122677 124098 49454 35121 87556 14849 44169 39054 30835 33118 72707 4286 79929 10400 28179 19639 12997 7415 26057 24242 12795 11051 4939 11196 5094 65965 14874 3748
cat_boundaries=0 3 5 7 10 12 15 17 19 21 24 26 29
cat_threshold=344536068 136144969 13 1611923776 637669554 268447748 1837056 344457216 134291456 8 67633152 73728 67175424 134299712 8 1107296528 131088 256 67239954 67174400 81921 184827904 287311104 2 1310720 4114 0 134283264 8
is_linear=0
shrinkage=0.05


Tree=4
num_leaves=31
num_cat=12
split_feature=17 0 0 17 6 17 6 6 17 6 2 5 17 8 17 0 17 1 17 12 5 5 5 6 6 17 17 17 17 6
split_gain=100961 15312.7 10747.4 4132.59 3609.22 2443.59 2132.46 2031.03 2345.22 1764.5 1265.35 1005.63 953.51 795.349 701.701 534.778 486.682 475.953 431.457 366.464 364.696 355.702 335.028 334.727 316.302 392.877 296.126 274.917 259.591 257.74
threshold=0 17.500000000000004 27.500000000000004 1 17.500000000000004 2 17.500000000000004 17.500000000000004 3 10.500000000000002 27.500000000000004 23.750000000000004 4 23.500000000000004 5 14.000000000000002 6 37.500000000000007 7 63.500000000000007 21.250000000000004 21.250000000000004 26.250000000000004 17.500000000000004 10.500000000000002 8 9 10 11 17.500000000000004
decision_type=9 2 2 9 2 9 2 2 9 2 2 2 9 2 9 2 9 2 9 2 2 2 2 2 2 9 9 9 9 2
left_child=2 3 4 9 5 13 10 12 -9 27 -3 16 21 -1 -6 28 -11 -10 -8 -7 24 -4 -12 -13 25 -15 -26 -2 -5 -18
right_child=1 6 7 15 14 19 18 8 17 11 22 23 -14 20 -16 -17 29 -19 -20 -21 -22 -23 -24 -25 26 -27 -28 -29 -30 -31
leaf_value=0.40609531249999997 -0.19240468750000003 -0.0095593750000000817 0.34903437499999995 -0.61087968750000021 0.010748437500000031 0.41853437499999996 -0.20362656249999989 1.0294140625000001 -0.20206484375000003 -0.20365468749999993 0.19290937499999983 -0.19347343749999998 0.99375781250000006 0.41853437499999996 -0.41296718749999983 -0.4179703125 -0.3840359375000002 0.23574687500000008 -0.40725312499999994 -0.033340625000000124 0.23806406250000001 0.64644531250000004 0.40725312499999994 -0.4179703125 -0.22677968750000002 -0.010062500000000085 -0.010685937500000088 0 -0.61087968750000021 -0.64653593750000027
leaf_weight=5963 3503 21671 5069 23129 1327 12161 3441 7434 3242 4716 4441 3707 63096 1802 5653 8164 13603 5058 4896 474 2093 8815 5264 1056 3045 4114 7458 6496 48636 6702
leaf_count=5963 3503 21671 5069 23129 1327 12161 3441 7434 3242 4716 4441 3707 63096 1802 5653 8164 13603 5058 4896 474 2093 8815 5264 1056 3045 4114 7458 6496 48636 6702
internal_value=-0.00247342 -0.0295123 0.0290365 -0.0384393 0.00871626 0.0149205 -0.00260998 0.0387029 0.0223338 -0.0252482 0.00336244 -0.0313558 0.0420486 0.00569124 -0.0242693 -0.0449962 -0.0353643 0.00403129 -0.025087 0.0327679 0.000578003 0.0300921 0.0183668 -0.0102981 -0.00192764 0.00731913 -0.00713606 -0.00708071 -0.0463812 -0.0387325
internal_weight=296229 159425 136804 119712 44090 37110 39713 92714 15734 39783 31376 29784 76980 24475 6980 79929 25021 8300 8337 12635 18512 13884 9705 4763 16419 5916 10503 9999 71765 20305
internal_count=296229 159425 136804 119712 44090 37110 39713 92714 15734 39783 31376 29784 76980 24475 6980 79929 25021 8300 8337 12635 18512 13884 9705 4763 16419 5916 10503 9999 71765 20305
cat_boundaries=0 3 5 8 10 13 16 18 20 23 25 27 29
cat_threshold=344536068 203384905 13 1611923776 570429618 344457216 67313664 8 268447748 1837056 67633152 67313664 8 268447748 796672 1 256 18 1107296592 16 0 67174400 8 0 67239936 1310720 4098 16793600 18874624
is_linear=0
shrinkage=0.05


Tree=5
num_leaves=31
num_cat=12
split_feature=17 0 0 17 6 6 17 6 17 6 2 5 17 8 17 17 0 17 17 1 5 12 6 5 12 5 17 17 17 6
split_gain=98816.9 15661.2 9859.51 4132.59 3682.55 3107.77 2336.25 2210.08 1935.67 1764.5 1153.58 1005.63 939.11 733.099 701.701 577.142 534.778 486.682 431.457 390.23 367.568 366.464 334.727 333.06 284.893 278.368 301.283 274.917 259.591 257.74
threshold=0 17.500000000000004 27.500000000000004 1 17.500000000000004 17.500000000000004 2 17.500000000000004 3 10.500000000000002 27.500000000000004 23.750000000000004 4 23.500000000000004 5 6 14.000000000000002 7 8 37.500000000000007 21.250000000000004 63.500000000000007 17.500000000000004 26.250000000000004 63.500000000000007 28.750000000000004 9 10 11 17.500000000000004
decision_type=9 2 2 9 2 2 9 2 9 2 2 2 9 2 9 9 2 9 9 2 2 2 2 2 2 2 9 9 9 2
left_child=2 3 4 9 6 12 13 10 -7 27 25 17 20 -1 -6 -10 28 -11 -9 -17 -4 -8 -13 -12 -15 26 -3 -2 -5 -19
right_child=1 7 5 16 14 8 21 18 15 11 23 22 -14 24 -16 19 -18 29 -20 -21 -22 -23 -24 -25 -26 -27 -28 -29 -30 -31
leaf_value=0.38579054687499997 -0.18278445312499994 -0.2359251562500001 0.37899359375000014 -0.58033570312500016 0.010211015625000109 1.4779433593750002 0.39760765624999994 -0.19344523437499994 -0.19319519531249993 -0.19347195312499998 0.18326390624999986 -0.183799765625 0.94406992187500005 0.0023156249999999544 -0.39231882812499974 -0.0041498828124998614 -0.39707179687499999 -0.36483414062500014 -0.38689046874999988 0.47395953125000007 0.61421210937500015 -0.031673593750000076 -0.39707179687499999 0.38689046874999988 -0.43989234375000008 0.01223109375 -0.0090814062500001579 0 -0.58033570312500016 -0.61420914062500021
leaf_weight=5963 3503 2572 6366 23129 1327 4884 12161 3441 3998 4716 4441 3707 60426 18057 5653 2403 8164 13603 4896 4449 10188 474 1056 5264 455 5722 13377 6496 48636 6702
leaf_count=5963 3503 2572 6366 23129 1327 4884 12161 3441 3998 4716 4441 3707 60426 18057 5653 2403 8164 13603 4896 4449 10188 474 1056 5264 455 5722 13377 6496 48636 6702
internal_value=-0.00266112 -0.0294114 0.0285124 -0.0384393 0.00904967 0.037771 0.0153166 -0.00220457 0.0175226 -0.0252482 0.00387557 -0.0313558 0.0419096 0.00629161 -0.0242693 0.00572744 -0.0449962 -0.0353643 -0.025087 0.0145293 0.0312726 0.0327679 -0.0102981 0.018202 0.00138289 -0.00254026 -0.00593454 -0.00708071 -0.0463812 -0.0387325
internal_weight=296229 159425 136804 119712 44090 92714 37110 39713 15734 39783 31376 29784 76980 24475 6980 10850 79929 25021 8337 6852 16554 12635 4763 9705 18512 21671 15949 9999 71765 20305
internal_count=296229 159425 136804 119712 44090 92714 37110 39713 15734 39783 31376 29784 76980 24475 6980 10850 79929 25021 8337 6852 16554 12635 4763 9705 18512 21671 15949 9999 71765 20305
cat_boundaries=0 3 5 8 10 13 16 19 21 23 25 27 29
cat_threshold=344536068 203384905 13 1611923776 570429618 344457216 67313664 8 268443648 1312768 67633152 201531392 8 268447748 796672 1 67174400 67321857 8 256 18 1107296592 16 17842176 2434794752 1310720 4098 16793600 18874624
is_linear=0
shrinkage=0.05


Tree=6
num_leaves=31
num_cat=11
split_feature=17 0 0 17 6 6 17 6 17 6 3 5 3 8 17 1 0 17 17 12 17 8 6 5 5 6 17 17 17 6
split_gain=97016.6 15398.9 9244.05 4132.59 3685.06 2572.12 2332.64 2144.76 1800.34 1764.5 1215.36 1005.63 966.831 727.918 701.701 625.624 534.778 486.682 434.748 366.464 340.755 358.556 334.727 311.036 280.31 322.223 382.021 274.917 259.591 257.74
threshold=0 17.500000000000004 27.500000000000004 1 17.500000000000004 17.500000000000004 2 17.500000000000004 3 10.500000000000002 27.500000000000004 23.750000000000004 37.500000000000007 23.500000000000004 4 37.500000000000007 14.000000000000002 5 6 63.500000000000007 7 23.500000000000004 17.500000000000004 23.750000000000004 18.750000000000004 10.500000000000002 8 9 10 17.500000000000004
decision_type=9 2 2 9 2 2 9 2 9 2 2 2 2 2 9 2 2 9 9 2 9 2 2 2 2 2 9 9 9 2
left_child=2 3 4 9 6 12 13 10 -7 27 -3 17 20 -1 -6 -10 28 -11 -9 -8 -4 -22 -13 -12 25 26 -15 -2 -5 -19
right_child=1 7 5 16 14 8 19 18 15 11 23 22 -14 24 -16 -17 -18 29 -20 -21 21 -23 -24 -25 -26 -27 -28 -29 -30 -31
leaf_value=0.36650101953124992 -0.17364523046875002 -0.0086273359375001139 0.64686642578125009 -0.5513189179687501 0.0097004648437501121 1.4040461914062501 0.37772727343750001 -0.18377297265625003 -0.02184914648437495 -0.18379835546875009 0.17410071093749979 -0.17460977734374997 1.1468664257812502 0.39749187499999988 -0.37270288671874979 0.25893257226562499 -0.37721820703124997 -0.34659243359375014 -0.3675459453124999 -0.03008991406250008 0.58341244140625015 0.25214298828124998 -0.37721820703124997 0.3675459453124999 0.20167007812499982 -0.022767421875000162 -0.0097048437500001587 0 -0.5513189179687501 -0.58349868359375012
leaf_weight=5963 3503 22236 15139 23129 1327 4884 12161 3441 4307 4716 2205 3707 45378 1705 5653 6543 8164 13603 4896 474 6349 10114 1056 6935 6072 6946 3789 6496 48636 6702
leaf_count=5963 3503 22236 15139 23129 1327 4884 12161 3441 4307 4716 2205 3707 45378 1705 5653 6543 8164 13603 4896 474 6349 10114 1056 6935 6072 6946 3789 6496 48636 6702
internal_value=-0.00298181 -0.0294873 0.0279065 -0.0384393 0.00906101 0.0368715 0.0153301 -0.00250925 0.0184505 -0.0252482 0.00348037 -0.0313558 0.0406365 0.00631203 -0.0242693 0.00707182 -0.0449962 -0.0353643 -0.025051 0.0327679 0.0339219 0.0288563 -0.0102981 0.0188293 0.0014207 -0.00287781 0.00617037 -0.00708071 -0.0463812 -0.0387325
internal_weight=296229 159425 136804 119712 44090 92714 37110 39713 15734 39783 31376 29784 76980 24475 6980 10850 79929 25021 8337 12635 31602 16463 4763 9140 18512 12440 5494 9999 71765 20305
internal_count=296229 159425 136804 119712 44090 92714 37110 39713 15734 39783 31376 29784 76980 24475 6980 10850 79929 25021 8337 12635 31602 16463 4763 9140 18512 12440 5494 9999 71765 20305
cat_boundaries=0 3 5 8 10 13 15 17 20 23 25 27
cat_threshold=344536068 203384905 13 1611923776 570429618 344457216 67313664 8 268443648 1312768 268447748 796672 1 256 18 1107296592 16 268448768 1853513 1 0 67174400 8 1310720 4098 16793600 18874624
is_linear=0
shrinkage=0.05


Tree=7
num_leaves=31
num_cat=12
split_feature=17 0 0 6 17 17 6 6 6 17 8 3 5 17 2 6 5 0 17 17 3 17 6 5 5 17 17 17 0 17
split_gain=92896.9 15746.2 9823.84 4548.05 4132.59 2324 2222.11 1764.5 1630.74 1361.8 1206.76 1130.92 1005.63 904.165 618.06 565.687 553.71 534.778 486.682 434.748 430.783 423.401 334.727 310.953 282.489 275.344 274.917 271.527 261.106 259.591
threshold=0 17.500000000000004 32.500000000000007 17.500000000000004 1 2 17.500000000000004 10.500000000000002 17.500000000000004 3 23.500000000000004 27.500000000000004 23.750000000000004 4 37.500000000000007 10.500000000000002 21.250000000000004 14.000000000000002 5 6 32.500000000000007 7 17.500000000000004 26.250000000000004 28.750000000000004 8 9 10 22.500000000000004 11
decision_type=9 2 2 2 9 9 2 2 2 9 2 2 2 9 2 2 2 2 9 9 2 9 2 2 2 9 9 9 2 9
left_child=2 4 3 5 7 10 11 26 14 -10 -1 24 18 -5 -4 -7 -12 29 -9 -8 27 -11 -14 -13 25 -3 -2 -17 -15 -6
right_child=1 6 8 13 17 15 19 12 9 21 16 23 22 28 -16 20 -18 -19 -20 -21 -22 -23 -24 -25 -26 -27 -28 -29 -30 -31
leaf_value=0.34337329199218769 -0.16496296894531248 -0.223697531640625 0.56674181933593759 0.034215441601562625 -0.52375297207031257 0.58387059726562496 -0.17458432402343754 -0.17460843769531265 1.3338438818359375 -0.18244297822265612 -0.0091290507812502152 0.16539567539062486 -0.16587928847656244 -0.35406774238281236 1.0895231044921876 0.083840909765624971 0.21979966699218745 -0.35835729667968758 -0.34176281191406271 -0.34916864804687492 0.46979966699218745 0.30564920927734396 -0.35835729667968758 0.34916864804687492 0.012050905859375051 -0.0081959691406250819 0 0.21979966699218745 -0.22188336738281242 -0.52375297207031257
leaf_weight=8145 3503 2600 18710 2304 23129 9782 3441 4716 4629 2292 17049 4120 3707 4231 43859 3493 3317 8164 20305 4896 5168 6189 1056 5020 5942 13694 6496 4567 3069 48636
leaf_count=8145 3503 2600 18710 2304 23129 9782 3441 4716 4629 2292 17049 4120 3707 4231 43859 3493 3317 8164 20305 4896 5168 6189 1056 5020 5942 13694 6496 4567 3069 48636
internal_value=-0.00345037 -0.0293869 0.026775 0.0118683 -0.0384393 0.0177568 -0.00210636 -0.0252482 0.0388186 0.0227841 0.00820623 0.00399031 -0.0313558 -0.0197209 0.0421782 0.0295743 0.00170382 -0.0449962 -0.0353643 -0.025051 0.0228455 0.0108291 -0.0102981 0.0187965 -0.0020957 -0.00549896 -0.00708071 0.0156203 -0.0283174 -0.0463812
internal_weight=296229 159425 136804 61125 119712 51521 39713 39783 75679 13110 28511 31376 29784 9604 62569 23010 20366 79929 25021 8337 13228 8481 4763 9140 22236 16294 9999 8060 7300 71765
internal_count=296229 159425 136804 61125 119712 51521 39713 39783 75679 13110 28511 31376 29784 9604 62569 23010 20366 79929 25021 8337 13228 8481 4763 9140 22236 16294 9999 8060 7300 71765
cat_boundaries=0 3 5 7 9 12 14 16 18 20 22 25 27
cat_threshold=344536068 203384905 13 1611923776 570429618 344457216 67313664 268443648 1312768 268447748 796672 1 256 18 1107296592 16 67174400 67321857 17842176 2434794752 1310720 4098 4100 134217728 12 16793600 18874624
is_linear=0
shrinkage=0.05


Tree=8
num_leaves=31
num_cat=12
split_feature=17 0 0 6 17 17 6 6 6 17 8 2 17 5 17 17 17 6 5 17 3 17 5 17 5 12 17 7 7 5
split_gain=85623 13093.3 9623.49 4438.89 2924.53 2286.34 2160.6 1488.06 1429.34 1307.83 1206.76 1199.07 1062.09 1005.62 940.936 733.391 603.217 579.735 553.71 434.748 430.905 420.386 413.888 341.529 333.867 316.448 310.787 261.914 377.07 261.504
threshold=0 17.500000000000004 32.500000000000007 17.500000000000004 1 2 17.500000000000004 17.500000000000004 10.500000000000002 3 23.500000000000004 27.500000000000004 4 23.750000000000004 5 6 7 10.500000000000002 21.250000000000004 8 37.500000000000007 9 21.250000000000004 10 26.250000000000004 63.500000000000007 11 1.0000000180025095e-35 4.5000000000000009 28.750000000000004
decision_type=9 2 2 2 9 9 2 2 2 9 2 2 9 2 9 9 9 2 2 9 2 9 2 9 2 2 9 2 2 2
left_child=2 4 3 5 26 10 11 15 12 -9 -1 -3 -6 16 -5 -4 -10 -7 -12 -8 25 -15 -17 -11 -13 -19 29 -14 -29 -2
right_child=1 6 7 14 8 17 19 9 13 23 18 24 27 21 -16 22 -18 20 -20 -21 -22 -23 -24 -25 -26 -27 -28 28 -30 -31
leaf_value=0.32620462739257833 -0.49756532346679699 -0.0077861706835937738 1.0350469492675782 -0.3306502927636718 -0.35293943184570314 0.55467706740234368 -0.16585510782226562 1.2671516877441407 -0.35293943184570314 -0.17146223556152337 -0.0086725982421876676 0.15712589162109369 -0.23815624999999996 0.058039675947265758 0.0075046695214844306 0.35592218540039067 -0.34779967131835954 0.20880968364257804 0.20880968364257804 -0.33171021564453124 0.5853509264160156 -0.24756532346679699 0.65583757602539061 0.27948309256347664 0.33171021564453124 -0.25207540170898446 -0.49756532346679699 0.010095312500000021 -0.23815624999999996 -0.24756532346679699
leaf_weight=8145 20801 21671 40314 6211 5796 9782 3441 4629 7270 2190 17049 4441 1874 1913 3393 8432 33431 9189 3317 4896 3624 10518 13823 6291 5264 415 26031 5531 3215 3332
leaf_count=8145 20801 21671 40314 6211 5796 9782 3441 4629 7270 2190 17049 4441 1874 1913 3393 8432 33431 9189 3317 4896 3624 10518 13823 6291 5264 415 26031 5531 3215 3332
internal_value=-0.0024022 -0.0273027 0.0266157 0.0118618 -0.0355574 0.0176792 -0.00242616 0.0385358 -0.0289032 0.0232189 0.00820623 0.00358554 -0.0160118 -0.0328917 -0.0193461 0.0417451 -0.0366932 0.0294005 0.00170382 -0.025051 0.0225884 -0.0204449 0.0343791 0.0115004 0.0181917 0.017045 -0.0447682 -0.00658984 -0.00296135 -0.0405687
internal_weight=296229 159425 136804 61125 119712 51521 39713 75679 69548 13110 28511 31376 16416 53132 9604 62569 40701 23010 20366 8337 13228 12431 22255 8481 9705 9604 50164 10620 8746 24133
internal_count=296229 159425 136804 61125 119712 51521 39713 75679 69548 13110 28511 31376 16416 53132 9604 62569 40701 23010 20366 8337 13228 12431 22255 8481 9705 9604 50164 10620 8746 24133
cat_boundaries=0 3 6 8 10 12 15 18 20 22 24 27 29
cat_threshold=344536068 203384905 13 2315305090 3493855744 2 344457216 67313664 268443648 1312768 16777232 18874626 67175424 201539648 8 8401920 1329224 5 256 2097170 1107296592 16 1610613056 146 67108864 67321856 8 167788544 2415919104
is_linear=0
shrinkage=0.05


Tree=9
num_leaves=31
num_cat=11
split_feature=17 0 0 17 6 6 6 17 5 2 6 8 17 17 17 17 5 17 17 6 5 3 6 8 3 3 17 5 17 12
split_gain=80131.2 16237.9 5859.6 3847.51 3452.46 2886.4 2658.95 2034.48 1592.6 1591.67 1097.67 1047.23 1031.74 890.157 848.932 690.796 549.866 516.21 478.935 451.241 432.954 420.598 416.775 396.219 392.82 376.459 360.595 399.748 299.925 295.573
threshold=0 17.500000000000004 37.500000000000007 1 17.500000000000004 17.500000000000004 10.500000000000002 2 23.750000000000004 27.500000000000004 16.500000000000004 23.500000000000004 3 4 5 6 21.250000000000004 7 8 17.500000000000004 21.250000000000004 17.500000000000004 10.500000000000002 23.500000000000004 17.500000000000004 47.500000000000007 9 28.750000000000004 10 63.500000000000007
decision_type=9 2 2 9 2 2 2 9 2 2 2 2 9 9 9 9 2 9 9 2 2 2 2 2 2 2 9 2 9 2
left_child=2 3 4 26 7 9 13 11 15 22 -4 28 -12 -5 -6 -8 18 -7 -13 21 -11 -10 -3 -15 -24 -14 27 -2 -1 -9
right_child=1 5 10 6 14 17 8 29 19 20 12 16 25 23 -16 -17 -18 -19 -20 -21 -22 -23 24 -25 -26 -27 -28 -29 -30 -31
leaf_value=0.56469707258544932 -0.47268705729345717 0.21641563785058598 0.98329460180419925 0.0095905468750000725 -0.26672410771533189 -0.15756235243115224 -0.31983184062548808 0.44836919946044917 -0.23518705729345718 0.1322909095996094 0.0022550704663085951 0.18603145503662102 0.4120421391071778 -0.10344419747070309 0.0071294360454102097 -0.34228468775244142 0.29937482446044933 -0.31449970486230489 -0.0082389683300782227 -0.32931116567236318 0.31512470486230471 0.054512692149902446 -0.21497483089941394 -0.24241835187451183 0.0032593878505860377 1.1620421391071778 -0.47268705729345717 -0.23518705729345718 0.27076292336669944 -0.014471631623535153
leaf_weight=3592 21401 4506 42891 7548 3920 3593 19815 22604 6406 3451 2711 9155 6386 2892 4608 23731 3827 6807 9574 2438 10230 2885 6581 6977 14286 7640 26031 3974 5264 505
leaf_count=3592 21401 4506 42891 7548 3920 3593 19815 22604 6406 3451 2711 9155 6386 2892 4608 23731 3827 6807 9574 2438 10230 2885 6581 6977 14286 7640 26031 3974 5264 505
internal_value=-0.00243545 -0.0242985 0.0284941 -0.0339546 0.0178694 -7.27949e-05 -0.0265371 0.0224968 -0.0319086 0.0061607 0.039733 0.0141971 0.0288732 -0.00950508 -0.0117144 -0.0363133 0.00848111 -0.0234808 0.00495221 -0.0155555 0.0199072 -0.0105317 -0.00125133 -0.0193795 -0.00422917 0.0343189 -0.0444297 -0.0400886 0.0287715 0.0337579
internal_weight=296229 173552 122677 124098 63049 49454 72692 54521 55275 39054 59628 31412 16737 17417 8528 43546 22556 10400 18729 11729 13681 9291 25373 9869 20867 14026 51406 25375 8856 23109
internal_count=296229 173552 122677 124098 63049 49454 72692 54521 55275 39054 59628 31412 16737 17417 8528 43546 22556 10400 18729 11729 13681 9291 25373 9869 20867 14026 51406 25375 8856 23109
cat_boundaries=0 3 6 9 11 13 16 18 20 23 25 28
cat_threshold=344536068 136144969 13 2315288706 3493856000 2 344457220 134291456 8 67174400 81921 1610613056 637665456 67175424 134299713 8 1610612992 622985234 1107296528 131088 268435460 134283264 8 167772160 2415919360 276824068 134217728 8
is_linear=0
shrinkage=0.05


Tree=10
num_leaves=31
num_cat=12
split_feature=17 0 17 17 6 6 6 6 5 5 3 0 2 8 17 8 17 17 17 17 6 5 17 17 6 17 12 5 6 17
split_gain=77137.6 12720.2 7540.93 3425.22 3191.55 2674.49 2234.81 1992.41 1985.99 1515.3 1505.17 1287.77 1115.44 771.642 748.797 668.793 821.941 637.325 620.262 523.124 533.297 498.676 434.748 391.871 384.453 379.946 343.271 336.294 301.608 291.3
threshold=0 17.500000000000004 1 2 17.500000000000004 18.500000000000004 17.500000000000004 10.500000000000002 21.250000000000004 23.750000000000004 42.500000000000007 42.500000000000007 27.500000000000004 23.500000000000004 3 23.500000000000004 4 5 6 7 14.500000000000002 23.750000000000004 8 9 17.500000000000004 10 63.500000000000007 26.250000000000004 15.500000000000002 11
decision_type=9 2 9 9 2 2 2 2 2 2 2 2 2 2 9 2 9 9 9 9 2 2 9 9 2 9 2 2 2 9
left_child=2 3 4 -2 8 10 12 14 13 17 15 18 -3 -1 -5 -4 26 -9 -7 20 -15 -6 -8 -13 25 -11 -17 -14 -18 -12
right_child=1 6 5 7 21 11 22 9 -10 24 29 23 27 19 -16 16 28 -19 -20 -21 -22 -23 -24 -25 -26 -27 -28 -29 -30 -31
leaf_value=0.29833721895617682 -0.44905270442878431 -0.0069348315419434318 0.68412987171398931 -0.00047796484375002281 -0.29839279288237297 -0.37811465429201657 -0.14968423480959459 -0.29129309572116718 0.35860362663042 -0.00041269190095230004 1.1841298717139892 0.93319199640157469 0.1426550515600585 0.43243840929650867 -0.2302974342807862 0.17595073948742679 0.55492049847180169 -0.32642045336481917 0.081401404477514566 -0.0091621302651365265 -0.066877215703491186 -0.06687701163237332 -0.29939971961918943 0.099956204026818804 -0.31284560738874512 -0.22342770442878435 -0.49445011218103013 0.29936846961918934 0.33887673666516105 0.70309034037609863
leaf_weight=5402 44944 21671 11348 7555 4343 1940 3441 16657 14073 3816 25876 2672 4441 3025 9973 15742 13788 27140 3374 14920 1450 2151 4896 1315 2744 6883 317 5264 4167 10901
leaf_count=5402 44944 21671 11348 7555 4343 1940 3441 16657 14073 3816 25876 2672 4441 3025 9973 15742 13788 27140 3374 14920 1450 2151 4896 1315 2744 6883 317 5264 4167 10901
internal_value=-0.00292595 -0.0265604 0.0246166 -0.0346966 0.00794508 0.0328857 -0.00204089 -0.0281246 0.0133676 -0.032645 0.0357668 0.00747769 0.00407318 0.00485341 -0.0133786 0.0296724 0.0261657 -0.0371521 -0.00863756 0.000198505 0.0151728 -0.0244995 -0.025051 0.0289566 -0.017961 -0.0136788 0.0179072 0.0181607 0.0335235 0.0432838
internal_weight=296229 159425 136804 119712 45364 91440 39713 74768 38870 57240 82139 9301 31376 24797 17528 45362 34014 43797 5314 19395 4475 6494 8337 3987 13443 10699 16059 9705 17955 36777
internal_count=296229 159425 136804 119712 45364 91440 39713 74768 38870 57240 82139 9301 31376 24797 17528 45362 34014 43797 5314 19395 4475 6494 8337 3987 13443 10699 16059 9705 17955 36777
cat_boundaries=0 3 6 9 11 14 16 18 21 23 26 28 31
cat_threshold=344536068 203384905 13 76021760 67313664 8 2315288706 3493855744 2 1627390272 570425520 268500996 134742016 4 1610612992 555745298 66560 134234185 0 65536 8 1107296592 16 268439556 1837056 4 1627652416 16777234 12292 1312840 4
is_linear=0
shrinkage=0.05


Tree=11
num_leaves=31
num_cat=11
split_feature=0 17 17 6 17 6 0 17 6 8 6 2 2 6 8 8 17 17 17 17 17 6 6 17 5 5 8 7 7 17
split_gain=74404.7 12988.2 6492.59 3831.04 3625.12 2725.56 2037.58 1950.05 1673.59 1386.04 939.77 883.19 761.365 900.193 551.93 463.017 634.237 456.199 443.496 441.579 436.527 554.573 433.252 421.989 480.136 396.31 367.717 357.262 365.681 346.168
threshold=22.500000000000004 0 1 17.500000000000004 2 17.500000000000004 42.500000000000007 3 17.500000000000004 23.500000000000004 16.500000000000004 32.500000000000007 17.500000000000004 10.500000000000002 23.500000000000004 23.500000000000004 4 5 6 7 8 16.500000000000004 13.500000000000002 9 28.750000000000004 21.250000000000004 23.500000000000004 1.0000000180025095e-35 4.5000000000000009 10
decision_type=2 9 9 2 9 2 2 9 2 2 2 2 2 2 2 2 9 9 9 9 9 2 2 9 2 2 2 2 2 9
left_child=1 3 6 7 23 11 8 14 15 10 17 26 13 29 -1 -2 -17 -6 -7 -5 -8 -22 -9 24 -3 -15 -4 -16 -29 -11
right_child=2 4 5 19 9 18 20 22 -10 12 -12 -13 -14 25 27 16 -18 -19 -20 -21 21 -23 -24 -25 -26 -27 -28 28 -30 -31
leaf_value=0.059992065469305446 0.58446916032994989 -0.42660006920734511 0.22906816003515384 -0.14220002306911486 0.012399598763182329 -0.12363596794755748 1.1813838467903992 0.47674904163561393 0.073606117193560652 -0.0072459024648459554 -0.29595332701930793 0.38552229898205559 -0.20000207433984621 -0.32017479740092902 -0.21150851496281736 0.16715320251305546 0.50278167940758678 -0.19936210505717905 -0.28442973363822993 -0.28892060895009497 0.70106244238610227 0.35723353856611945 0.023474455566693211 -0.42660006920734511 -0.20097506920734515 -0.2247563192073451 0.023958941285153836 0.0052869100351538023 -0.10579979740092896 -0.23027353603859871
leaf_weight=6551 9999 21833 10305 2133 5472 5562 25591 8391 6697 2865 4571 12415 7350 26933 3893 12783 12972 7623 2295 7006 12779 5004 1870 26105 4416 5072 13380 10128 7203 7032
leaf_count=6551 9999 21833 10305 2133 5472 5562 25591 8391 6697 2865 4571 12415 7350 26933 3893 12783 12972 7623 2295 7006 12779 5004 1870 26105 4416 5072 13380 10128 7203 7032
internal_value=-0.00324698 -0.0253741 0.0251314 -0.00316096 -0.0341569 0.0094969 0.0331339 0.00382269 0.0253504 -0.0264344 -0.0144232 0.0153075 -0.030748 -0.0333516 -0.003061 0.029647 0.0261017 -0.00760977 -0.0171885 -0.03223 0.0407594 0.0346344 0.022437 -0.0440207 -0.039455 -0.037427 0.00964535 -0.00697795 -0.00390341 -0.0201728
internal_weight=296229 166447 129782 47175 119272 43957 85825 38036 42451 66918 17666 36100 49252 41902 27775 35754 25755 13095 7857 9139 43374 17783 10261 52354 26249 32005 23685 21224 17331 9897
internal_count=296229 166447 129782 47175 119272 43957 85825 38036 42451 66918 17666 36100 49252 41902 27775 35754 25755 13095 7857 9139 43374 17783 10261 52354 26249 32005 23685 21224 17331 9897
cat_boundaries=0 3 6 9 11 14 16 19 22 24 26 28
cat_threshold=1955149060 202336345 13 277427220 136071241 5 2315288706 3493856000 2 1955070208 67248144 277413892 134742016 4 17039424 570429440 1174405440 67248304 8 268439812 796673 5 12292 1312832 167772160 2415919360 64 570425504
is_linear=0
shrinkage=0.05


Tree=12
num_leaves=31
num_cat=12
split_feature=0 17 0 17 6 6 17 17 17 6 6 3 6 17 5 17 17 17 5 8 3 8 17 17 6 8 17 0 6 6
split_gain=70270.3 12804 6513.98 3908.69 3495.98 3174.34 1654.18 1545.6 1298.23 1266.82 1172.55 1433.65 924.424 787.179 688.861 675.807 623.355 483.163 480.582 470.602 465.02 423.992 508.583 403.585 355.988 325.909 443.307 319.496 333.646 305.055
threshold=22.500000000000004 0 37.500000000000007 1 17.500000000000004 17.500000000000004 2 3 4 16.500000000000004 17.500000000000004 17.500000000000004 10.500000000000002 5 23.750000000000004 6 7 8 28.750000000000004 23.500000000000004 27.500000000000004 23.500000000000004 9 10 14.500000000000002 24.500000000000004 11 14.000000000000002 10.500000000000002 10.500000000000002
decision_type=2 9 2 9 2 2 9 9 9 2 2 2 2 9 2 9 9 9 2 2 2 2 9 9 2 2 9 2 2 2
left_child=1 5 4 10 6 7 21 19 -4 25 11 12 23 -6 -14 -11 18 -7 -5 -1 29 -2 -23 -3 -9 -10 -27 28 -21 -8
right_child=2 3 8 16 13 17 20 24 9 15 -12 -13 14 -15 -16 -17 -18 -19 -20 27 -22 22 -24 -25 -26 26 -28 -29 -30 -31
leaf_value=0.056992462195840157 0.52140951620554254 -0.35391838279606702 1.0658541857887698 -0.40527006574697788 -0.2702082469563184 -0.27953707850259024 0.24280615047089624 0.4464511208917239 0.66200342388984412 0.37217630090172948 -0.43073134297496951 -0.013849326979586253 -0.2578406908265321 -0.030949542602132854 -0.19387924406035373 -0.010566269259809503 -0.40527006574697788 -0.23671834798760394 -0.19092631574697788 -0.0077238096833250232 0.20750128472047483 0.15879554238740268 0.46087131913300805 -0.097070120013352051 -0.017235202696651086 0.52575040969501985 0.085552316968090736 -0.0027944743115208229 -0.25207892353027095 0.0012819239083961876
leaf_weight=6551 7065 3563 28185 26956 4351 5654 2762 8819 16733 5565 11937 9170 20591 6786 6474 4353 26512 3485 4864 3840 10059 11069 9880 9205 1442 8513 2017 13300 4084 12444
leaf_count=6551 7065 3563 28185 26956 4351 5654 2762 8819 16733 5565 11937 9170 20591 6786 6474 4353 26512 3485 4864 3840 10059 11069 9880 9205 1442 8513 2017 13300 4084 12444
internal_value=-0.0033118 -0.0248154 0.0242668 -0.0335357 0.0129828 -0.00276041 0.0183083 0.00359659 0.0353869 0.0292181 -0.0246678 -0.0212487 -0.0253521 -0.0124944 -0.0305838 0.0139242 -0.0427942 -0.0292209 -0.0380145 -0.00253194 0.00901879 0.0266736 0.0231109 -0.0142622 0.0201684 0.0347926 0.0279012 -0.0061487 -0.0140964 0.0035052
internal_weight=296229 166447 129782 119272 64416 47175 53279 38036 65366 37181 60940 49003 39833 11137 27065 9918 58332 9139 31820 27775 25265 28014 20949 12768 10261 27263 10530 21224 7924 15206
internal_count=296229 166447 129782 119272 64416 47175 53279 38036 65366 37181 60940 49003 39833 11137 27065 9918 58332 9139 31820 27775 25265 28014 20949 12768 10261 27263 10530 21224 7924 15206
cat_boundaries=0 3 5 8 10 12 14 17 19 22 25 27 30
cat_threshold=1955149060 202336345 13 18088016 589304994 277427204 136071241 13 1955070208 67248144 536883200 1312832 622149696 3072414114 1351091460 67641512 5 167788544 2415919360 604046336 201539672 8 277348356 134742016 12 16 18874370 67175428 167854249 5
is_linear=0
shrinkage=0.05


Tree=13
num_leaves=31
num_cat=13
split_feature=17 1 2 17 6 6 6 17 6 17 3 17 17 5 17 5 8 8 0 17 17 17 6 8 6 5 1 17 17 17
split_gain=66189.6 14187.3 5628.74 4564.58 2809.43 2675.33 1713.09 1409.84 1261.34 1508.68 1140.63 963.831 949.857 885.007 767.471 684.356 573.527 515.326 507.214 439.436 438.254 375.544 349.074 339.401 331.399 347.388 318.329 281.812 268.895 262.902
threshold=0 17.500000000000004 37.500000000000007 1 17.500000000000004 17.500000000000004 10.500000000000002 2 16.500000000000004 3 27.500000000000004 4 5 21.250000000000004 6 23.750000000000004 23.500000000000004 23.500000000000004 47.500000000000007 7 8 9 18.500000000000004 24.500000000000004 10.500000000000002 21.250000000000004 14.000000000000002 10 11 12
decision_type=9 2 2 9 2 2 2 9 2 9 2 9 9 2 9 2 2 2 2 9 9 9 2 2 2 2 2 9 9 9
left_child=2 3 4 6 7 10 11 -1 18 -10 24 -2 16 17 -6 22 -5 28 -4 -7 -11 -19 -8 -12 27 -26 -14 -3 -9 -28
right_child=1 5 8 12 14 19 15 13 9 20 23 -13 26 -15 -16 -17 -18 21 -20 -21 -22 -23 -24 -25 25 -27 29 -29 -30 -31
leaf_value=0.45285026741511702 -0.15948015034796389 -0.0085497289269898854 0.56358273552423344 -0.19266124995962894 -0.26303702419713332 -0.13447074754163033 -0.2324486562852055 0.05414283908604816 -0.035109716027699633 1.2536240996341825 0.26724886695310329 0.0092567627558461044 -0.38500656245962905 0.26140027284781181 0.016921345821604383 -0.14733102495610381 -0.38500656245962905 0.090528032562954414 1.2625614764993314 -0.25600684926559564 0.36701550928974846 0.0037564648135010262 -0.41684470997443057 0.096729430033794195 -0.060656860630606782 0.014135730101125434 0.0096193291614648409 0.27750163515170545 0.34104782183784332 -0.24038067083853518
leaf_weight=18178 5735 1819 20935 11294 3651 3672 26218 2556 3693 5343 8065 8079 32388 9638 4429 8027 24266 7540 20242 7101 8077 15197 7387 5322 9229 11742 228 2204 3198 776
leaf_count=18178 5735 1819 20935 11294 3651 3672 26218 2556 3693 5343 8065 8079 32388 9638 4429 8027 24266 7540 20242 7101 8077 15197 7387 5322 9229 11742 228 2204 3198 776
internal_value=-0.00309845 -0.0229687 0.025012 -0.0319563 0.0148236 -0.000227855 -0.0212619 0.0187801 0.0362704 0.0248612 0.00595216 -0.0060084 -0.040547 0.0133053 -0.0127475 -0.0263283 -0.0348159 0.00887824 0.041012 -0.0222454 0.0326359 0.00549545 -0.0294614 0.0177299 -0.000356085 -0.00287778 -0.0466379 0.012789 0.0222454 -0.0189243
internal_weight=296229 173552 122677 124398 64387 49154 55446 56307 58290 17113 38381 13814 68952 38129 8080 41632 35560 28491 41177 10773 13420 22737 33605 13387 24994 20971 33392 4023 5754 1004
internal_count=296229 173552 122677 124398 64387 49154 55446 56307 58290 17113 38381 13814 68952 38129 8080 41632 35560 28491 41177 10773 13420 22737 33605 13387 24994 20971 33392 4023 5754 1004
cat_boundaries=0 3 5 8 11 13 15 18 20 22 25 27 29 30
cat_threshold=344536068 136144969 13 1611923776 656543922 78848 1329225 1 67174400 134299649 8 1310720 18878466 184565776 2147484928 67175424 134299713 8 1107296528 131088 268435456 1312768 4 589824 4 262464 18879760 67633152 73728 2147516416
is_linear=0
shrinkage=0.05


Tree=14
num_leaves=31
num_cat=12
split_feature=0 17 17 6 0 6 17 6 1 17 3 3 6 8 17 17 6 17 17 6 17 0 6 5 0 5 5 17 17 17
split_gain=63222.3 10382.7 8550.44 3772.23 2825.49 2355.12 1713.91 1707.7 1444.19 983.801 920.579 703.53 686.838 610.994 579.238 578.708 655.78 553.676 536.969 532.84 448.035 438.474 345.988 429.315 338.675 294.745 291.949 278.936 269.565 253.15
threshold=17.500000000000004 0 1 10.500000000000002 47.500000000000007 16.500000000000004 2 17.500000000000004 27.500000000000004 3 17.500000000000004 37.500000000000007 17.500000000000004 23.500000000000004 4 5 18.500000000000004 6 7 10.500000000000002 8 37.500000000000007 10.500000000000002 21.250000000000004 14.000000000000002 18.750000000000004 18.750000000000004 9 10 11
decision_type=2 9 9 2 2 2 9 2 2 9 2 2 2 2 9 9 2 9 9 2 9 2 2 2 2 2 2 9 9 9
left_child=2 4 9 6 7 8 -4 11 20 13 17 19 -12 -1 -8 -7 -17 -5 -9 28 -3 29 -22 -24 -11 -19 -21 -26 -2 -10
right_child=1 5 3 10 -6 15 14 18 21 24 12 -13 -14 -15 -16 16 -18 25 -20 26 22 -23 23 -25 27 -27 -28 -29 -30 -31
leaf_value=-0.18302818746164748 0.17021111067677153 -0.068391196615009614 -0.13590364614697439 -0.099997651001046253 1.0176939875564206 -0.48467015767523647 0.40794652013849131 -0.28903278857712611 -0.00079086944720678791 -0.36575623433664756 -0.014627023055370003 0.51831244809225974 -0.24471798907873918 -0.36575623433664756 0.015222871323153697 0.0061025078547773505 -0.23467015767523647 -0.25707622347094494 0.14314934549586358 0.077379551266051116 0.23070137549522871 0.47648402359432485 -0.0048386564374979461 0.13674725421229947 0.0091383627033915903 -0.18927282567906181 0.24790110194463005 -0.22836163729660841 0.5749644878117407 0.22494534276750944
leaf_weight=11264 1968 9722 6909 3851 30387 2834 4889 1859 2395 31971 7841 20631 3682 24257 10162 8752 6804 19430 7894 9578 3683 7273 8864 5151 238 13702 12351 781 6711 10395
leaf_count=11264 1968 9722 6909 3851 30387 2834 4889 1859 2395 31971 7841 20631 3682 24257 10162 8752 6804 19430 7894 9578 3683 7273 8864 5151 238 13702 12351 781 6711 10395
internal_value=-0.00316731 0.0185479 -0.027738 -0.0155017 0.0294549 0.00341287 0.00168944 0.0232522 0.00929701 -0.0403154 -0.0232878 0.0269024 -0.0109477 -0.034498 0.0111513 -0.0117781 -0.0079725 -0.0271327 0.00407567 0.0220923 0.00183807 0.0194911 0.0065733 0.00299322 -0.0465667 -0.0292167 0.017942 -0.0182041 0.0325786 0.0139171
internal_weight=296229 157252 138977 70466 91379 65873 21960 60992 47483 68511 48506 51239 11523 35521 15051 18390 15556 36983 9753 30608 27420 20063 17698 14015 32990 33132 21929 1019 8679 12790
internal_count=296229 157252 138977 70466 91379 65873 21960 60992 47483 68511 48506 51239 11523 35521 15051 18390 15556 36983 9753 30608 27420 20063 17698 14015 32990 33132 21929 1019 8679 12790
cat_boundaries=0 3 6 8 10 13 16 18 20 23 24 26 28
cat_threshold=277427220 136071241 5 2332082322 3493857024 2 270270464 18878466 184565776 2147484928 1073812484 67127401 13 16793600 2952856832 2 76022016 73728 65536 134234113 1226064128 287315200 2 2147516416 268435456 786432 1124352256 18875394
is_linear=0
shrinkage=0.05


Tree=15
num_leaves=31
num_cat=13
split_feature=0 0 17 17 6 6 17 3 2 6 3 6 17 17 6 17 17 17 8 17 6 17 6 5 8 17 6 17 5 17
split_gain=59873.7 9832.1 9141.45 3198.53 3134.11 1708.61 1628.59 1327.23 1081.84 996.734 969.861 771.495 740.865 733.343 723.59 608.065 603.363 503.798 465.672 460.954 467.628 454.104 445.915 482.115 417.733 395.823 461.352 335.454 325.024 306.531
threshold=17.500000000000004 37.500000000000007 0 1 10.500000000000002 16.500000000000004 2 47.500000000000007 14.000000000000002 16.500000000000004 14.000000000000002 17.500000000000004 3 4 18.500000000000004 5 6 7 23.500000000000004 8 18.500000000000004 9 11.500000000000002 23.750000000000004 23.500000000000004 10 16.500000000000004 11 28.750000000000004 12
decision_type=2 2 9 9 2 2 9 2 2 2 2 2 9 9 2 9 9 9 2 9 2 9 2 2 2 9 2 9 2 9
left_child=2 3 8 11 6 12 -4 9 13 -3 29 16 22 18 27 -8 -2 -11 -1 -7 -21 -10 -5 -24 -18 -9 -27 -12 -14 -6
right_child=1 7 4 5 10 19 15 25 21 17 14 -13 28 -15 -16 -17 24 -19 -20 20 -22 -23 23 -25 -26 26 -28 -29 -30 -31
leaf_value=-0.2142042458252168 0.44354838074292008 0.46966278627776359 -0.1333735386482168 0.26925425595453073 -0.220472412297398 -0.46043664979147469 0.38754919413156674 1.1485487032965438 0.0086814445682220406 -0.13778733925584713 -0.097034059805647221 -0.0038594301671807333 -0.16737102415664165 -0.3474684226198152 -0.24186715065867662 0.014875174693397497 0.25596747561695016 0.25198467591172341 -0.3474684226198152 -0.011447154414707672 -0.22773421242544778 -0.21432416177234517 -0.0045753573711184714 0.21000650662230511 0.10232189240438601 0.77413920127979596 0.15052522288243644 -0.0069857848134681436 0.024864284676819715 -0.23602148058965319
leaf_weight=8682 11486 27882 6661 6827 4638 2729 3662 22759 863 1862 12537 5437 7915 31938 5282 11637 7479 7175 21743 6864 5887 5285 7927 6619 18046 3965 1723 7028 4670 19021
leaf_count=8682 11486 27882 6661 6827 4638 2729 3662 22759 863 1862 12537 5437 7915 31938 5282 11637 7479 7175 21743 6864 5887 5285 7927 6619 18046 3965 1723 7028 4670 19021
internal_value=-0.00322605 0.0179063 -0.0271372 0.0073613 -0.0144858 -0.00128418 0.00118397 0.0327296 -0.0401417 0.0264755 -0.0215829 0.0174266 0.00499146 -0.0421203 -0.0146839 0.0101672 0.0200143 0.0120449 -0.0364991 -0.0150517 -0.0110297 -0.0201366 0.0106557 0.00571291 0.0157098 0.0408461 0.0288347 -0.0102504 -0.00463279 -0.0288284
internal_weight=296229 157252 138977 91886 70466 49438 21960 65366 68511 36919 48506 42448 33958 62363 24847 15299 37011 9037 30425 15480 12751 6148 21373 14546 25525 28447 5688 19565 12585 23659
internal_count=296229 157252 138977 91886 70466 49438 21960 65366 68511 36919 48506 42448 33958 62363 24847 15299 37011 9037 30425 15480 12751 6148 21373 14546 25525 28447 5688 19565 12585 23659
cat_boundaries=0 3 6 8 11 13 16 18 20 23 24 27 30 32
cat_threshold=2332082322 3493857024 2 344536084 136063049 5 1835008 18878466 671088704 2785231024 8 184565776 2147484928 70656 67127369 13 268448768 1312841 67452928 704724993 16793600 2952873216 2 2315288592 268448772 135530568 4 1611923456 656609290 8 1150025984 65536
is_linear=0
shrinkage=0.05


Tree=16
num_leaves=31
num_cat=12
split_feature=0 2 17 6 6 17 17 17 1 6 1 17 17 17 17 6 8 6 17 5 6 17 6 5 0 6 17 3 17 5
split_gain=56997.2 9506.09 9504.83 3000.69 2969.56 2386.69 1596.24 1464.16 1274.42 1231.39 987.198 753.707 660.448 643.577 582.139 563.929 522.062 505.358 502.387 574.666 622.376 457.737 445.95 434.218 401.807 337.692 305.598 292.073 285.44 253.303
threshold=17.500000000000004 37.500000000000007 0 10.500000000000002 17.500000000000004 1 2 3 14.000000000000002 16.500000000000004 14.000000000000002 4 5 6 7 10.500000000000002 23.500000000000004 18.500000000000004 8 21.250000000000004 10.500000000000002 9 18.500000000000004 18.750000000000004 57.500000000000007 17.500000000000004 10 27.500000000000004 11 23.750000000000004
decision_type=2 2 9 2 2 9 9 9 2 2 2 9 9 9 9 2 2 2 9 2 2 9 2 2 2 2 9 2 9 2
left_child=2 4 8 6 5 15 -4 24 11 29 22 16 -6 -8 -11 -2 -1 27 -7 20 -20 -10 26 28 25 -3 -5 -12 -17 -9
right_child=1 7 3 10 12 18 13 9 21 14 17 -13 -14 -15 -16 23 -18 -19 19 -21 -22 -23 -24 -25 -26 -27 -28 -29 -30 -31
leaf_value=-0.15877368300335021 0.46662625892204712 0.60572193360389692 -0.12745419839978797 -0.18938256598554626 -0.013544948101760124 -0.1729976781013873 0.36817173442498846 0.34985614934129683 0.0082473723398109652 -0.082031961288477367 -0.078688711958029608 -0.33009500148882442 -0.22077727364018848 0.013717969022326137 0.26660063451098476 0.025984630513230658 -0.34806799610939426 -0.22792328528491812 0.19966760586995846 0.13587545384024349 -0.024402395225518347 -0.20622734734316081 -0.39086794047603224 0.25791171089704701 1.5911212681317168 0.31567715542818037 -0.20944879168252817 0.093463200864101037 0.19237451143011422 0.54271275362716132
leaf_weight=5496 9432 11680 5601 4006 7306 5587 3662 9228 840 3270 15906 41175 8936 12697 6889 6161 15904 4310 4885 17261 13653 5096 5349 15612 12887 2987 16871 2064 5124 16354
leaf_count=5496 9432 11680 5601 4006 7306 5587 3662 9228 840 3270 15906 41175 8936 12697 6889 6161 15904 4310 4885 17261 13653 5096 5349 15612 12887 2987 16871 2064 5124 16354
internal_value=-0.00331821 0.0173003 -0.0266479 -0.0137479 0.00721021 0.0112739 0.0015847 0.0322782 -0.0399082 0.0255727 -0.0206923 -0.0420144 -0.0122337 0.00947217 0.0108524 0.0206238 -0.0343204 -0.0129533 0.00306068 0.00523751 -0.000873881 -0.0177729 -0.0272668 0.0169406 0.040952 0.0353072 -0.0239666 -0.00926544 0.00946832 0.0314283
internal_weight=296229 157252 138977 70466 93957 77715 21960 63295 68511 35741 48506 62575 16242 16359 10159 36329 21400 22280 41386 35799 18538 5936 26226 26897 27554 14667 20877 17970 11285 25582
internal_count=296229 157252 138977 70466 93957 77715 21960 63295 68511 35741 48506 62575 16242 16359 10159 36329 21400 22280 41386 35799 18538 5936 26226 26897 27554 14667 20877 17970 11285 25582
cat_boundaries=0 3 6 8 10 12 15 18 20 23 24 26 29
cat_threshold=2332082322 3493857024 2 277427220 136136777 13 1310720 18878466 12288 1312832 151011344 1280 302264596 17709098 5 70656 67127369 13 67452992 570507281 17842176 287311104 2 2181070864 1149829376 94208 8982532 134217728 13
is_linear=0
shrinkage=0.05


Tree=17
num_leaves=31
num_cat=11
split_feature=17 0 0 17 6 17 2 6 8 0 17 6 8 6 6 17 5 17 17 17 6 5 17 17 5 17 6 5 5 5
split_gain=54465.6 13417.5 6524.85 3607.07 2873.78 1924.82 1331.56 1089.3 1053.78 925.98 839.538 735.488 693.556 687.128 589.075 579.05 566.709 508.273 489.501 462.409 408.619 399.155 353.042 347.739 312.476 300.142 297.233 322.684 294.526 291.562
threshold=0 14.000000000000002 42.500000000000007 1 17.500000000000004 2 22.500000000000004 18.500000000000004 23.500000000000004 57.500000000000007 3 18.500000000000004 23.500000000000004 16.500000000000004 16.500000000000004 4 21.250000000000004 5 6 7 15.500000000000002 26.250000000000004 8 9 21.250000000000004 10 9.5000000000000018 18.750000000000004 26.250000000000004 18.750000000000004
decision_type=9 2 2 9 2 9 2 2 2 2 9 2 2 2 2 9 2 9 9 9 2 2 9 9 2 9 2 2 2 2
left_child=2 3 4 18 5 20 11 12 22 13 29 17 25 -4 24 -14 23 28 21 -15 -1 -2 -7 -10 -8 -5 -19 -28 -3 -6
right_child=1 6 9 7 10 8 14 -9 16 -11 -12 -13 15 19 -16 -17 -18 26 -20 -21 -22 -23 -24 -25 -26 -27 27 -29 -30 -31
leaf_value=0.40675978570271404 -0.31359025141438313 -0.18173825059278956 0.51970759361296825 0.018805996244050063 -0.21560537069151309 0.40892496263682904 -0.0031264697412867193 -0.34856997007443857 -0.017533374588563789 1.2615652047251311 0.014515496919673687 -0.28263987243149336 -0.17010509235140125 -0.10744428075245659 -0.1039497442544267 -0.20514826972298927 0.16595262469523941 0.21943433506684437 -0.31359025141438313 0.32087182246640683 0.16981477307237258 -0.13538056572286303 0.17355669637543639 0.056788908492121863 0.20066173207006646 -0.13339936557753829 -0.11315603733553684 -0.0024648967746694786 -0.027303004484681107 -0.167622986452092
leaf_weight=21992 25637 9049 20904 2283 2552 4778 4916 5930 12395 18984 8402 5894 9494 1397 6671 18170 6515 1630 25578 6539 4446 3476 10225 14474 10485 4993 7146 13062 5011 3201
leaf_count=21992 25637 9049 20904 2283 2552 4778 4916 5930 12395 18984 8402 5894 9494 1397 6671 18170 6515 1630 25578 6539 4446 3476 10225 14474 10485 4993 7146 13062 5011 3201
internal_value=-0.00346303 -0.0233227 0.0196807 -0.0351822 0.0116768 0.015585 -0.00558061 -0.0239237 0.00965039 0.0345768 -0.00898269 -0.0108274 -0.0205667 0.028932 0.00435393 -0.0241794 0.00470585 -0.00813973 -0.0435833 0.0164063 0.026433 -0.0390739 0.0206592 0.00149801 0.00972989 -0.00683068 -0.00335958 -0.00501781 -0.0155508 -0.0236769
internal_weight=296229 159425 136804 95561 88980 74825 63864 40870 48387 47824 14155 41792 34940 28840 22072 27664 33384 35898 54691 7936 26438 29113 15003 26869 15401 7276 21838 20208 14060 5753
internal_count=296229 159425 136804 95561 88980 74825 63864 40870 48387 47824 14155 41792 34940 28840 22072 27664 33384 35898 54691 7936 26438 29113 15003 26869 15401 7276 21838 20208 14060 5753
cat_boundaries=0 3 6 9 12 14 17 19 21 24 26 28
cat_threshold=344536068 203384905 13 2315305106 3493856000 2 78848 1329225 5 67174400 201408513 8 1610613056 4274 17842176 287315200 2 167788560 2415919360 67174400 81921 276824068 134217728 8 67633152 67248128 1090519104 570429456
is_linear=0
shrinkage=0.05


Tree=18
num_leaves=31
num_cat=12
split_feature=17 0 2 17 6 0 17 6 6 6 8 17 8 1 6 17 17 17 17 6 12 17 17 17 5 8 5 6 17 5
split_gain=51762 11136.8 8468.97 3245.55 3115.28 2101.19 1741.17 1330.82 1094.73 912.786 858.068 682.985 670.694 669.496 564.519 529.594 522.106 495.804 465.826 511.637 462.884 431.497 407.136 403.933 399.155 331.3 319.743 370.787 296.565 276.345
threshold=0 14.000000000000002 32.500000000000007 1 17.500000000000004 47.500000000000007 2 16.500000000000004 18.500000000000004 18.500000000000004 23.500000000000004 3 23.500000000000004 27.500000000000004 14.500000000000002 4 5 6 7 16.500000000000004 63.500000000000007 8 9 10 26.250000000000004 23.500000000000004 28.750000000000004 9.5000000000000018 11 21.250000000000004
decision_type=9 2 2 9 2 2 9 2 2 2 2 9 2 2 2 9 9 9 9 2 2 9 9 9 2 2 2 2 9 2
left_child=2 3 4 9 6 7 14 23 13 12 -8 -9 -2 22 -1 -14 -6 24 -7 -20 21 -12 -3 -4 -5 -25 27 -24 -13 -23
right_child=1 8 5 17 16 18 10 11 -10 -11 20 28 15 -15 -16 -17 -18 -19 19 -21 -22 29 26 25 -26 -27 -28 -29 -30 -31
leaf_value=0.35720468978661235 -0.12308223938270002 -0.1915659957644314 0.5462422966351469 -0.29791073884366404 -0.2244556110299917 1.1984869444888744 0.192099734025029 -0.45094785265768778 -0.21887348871017728 -0.32960476983547649 -0.07740214376804247 0.4355682344936751 -0.18514632639026829 0.13418525186851404 0.039378976513369149 -0.19133165508723363 -0.12160524321874303 -0.29791073884366404 0.6405496360953038 0.30133643561172135 -0.40934616608766383 0.0063456036369897717 0.14593087519410269 0.44650811398745244 -0.12861153743671982 0.21233630037066684 0.0093685707369645325 -0.047222890573546117 0.10462433498448914 0.11713463139642695
leaf_weight=15716 6620 9629 8201 25637 4240 17762 11603 1095 6426 5065 10932 1913 7900 8341 3755 16216 9003 25981 9334 4015 748 19817 1499 10534 3476 14080 4922 18680 9335 3754
leaf_count=15716 6620 9629 8201 25637 4240 17762 11603 1095 6426 5065 10932 1913 7900 8341 3755 16216 9003 25981 9334 4015 748 19817 1499 10534 3476 14080 4922 18680 9335 3754
internal_value=-0.00359705 -0.0256164 0.0162406 -0.0360102 0.00482983 0.0281471 0.00925066 0.0212587 -0.00653474 -0.0242649 0.00402441 0.00726323 -0.0210307 -0.00366256 0.0218136 -0.0249005 -0.017311 -0.0436302 0.0381457 0.0309791 0.000143258 0.000986871 -0.00671754 0.0265229 -0.0390739 0.0232822 -0.00335909 -0.00614748 0.0109344 0.00479411
internal_weight=296229 140392 155837 90895 79568 76269 66325 45158 49497 35801 46854 12343 30736 43071 19471 24116 13243 55094 31111 13349 35251 34503 34730 32815 29113 24614 25101 20179 11248 23571
internal_count=296229 140392 155837 90895 79568 76269 66325 45158 49497 35801 46854 12343 30736 43071 19471 24116 13243 55094 31111 13349 35251 34503 34730 32815 29113 24614 25101 20179 11248 23571
cat_boundaries=0 3 5 8 10 12 15 17 20 22 25 27 29
cat_threshold=344536324 203385081 13 1628700736 589304834 78852 1394761 5 0 81920 1610612800 536875010 65536 134299793 8 167788560 2415919360 12288 1312768 4 524544 131088 151011328 287311104 2 0 1329240 277348352 1837056
is_linear=0
shrinkage=0.05


Tree=19
num_leaves=31
num_cat=14
split_feature=0 17 17 6 2 6 6 1 17 17 8 17 17 17 8 6 17 5 17 17 6 17 8 17 6 17 6 5 8 17
split_gain=50529.3 12697.5 6906.14 2657.68 2616.4 2412.8 1746.61 1688 1157.18 939.803 719.771 646.876 640.379 620.926 617.714 588.397 557.051 495.002 451.492 436.22 513.255 391.798 385.216 353.578 512.732 325.724 289.744 328.607 269.424 361.812
threshold=11.500000000000002 0 1 17.500000000000004 47.500000000000007 10.500000000000002 16.500000000000004 27.500000000000004 2 3 23.500000000000004 4 5 6 23.500000000000004 18.500000000000004 7 23.750000000000004 8 9 16.500000000000004 10 23.500000000000004 11 15.500000000000002 12 9.5000000000000018 21.250000000000004 24.500000000000004 13
decision_type=2 9 9 2 2 2 2 2 9 9 2 9 9 9 2 2 9 2 9 9 2 9 2 9 2 9 2 2 2 9
left_child=2 4 9 7 6 8 10 11 -4 14 -2 22 -12 -8 -1 21 -5 -18 -10 -6 -21 -7 -3 24 28 -15 -13 -28 -9 -30
right_child=1 3 5 16 19 15 13 23 18 -11 12 26 -14 25 -16 -17 17 -19 -20 20 -22 -23 -24 -25 -26 -27 27 -29 29 -31
leaf_value=-0.13074702648915756 0.50033608480050817 -0.0010486647585800314 -0.14193839370735528 -0.33642333648377021 1.3885625972644307 -0.16893963903155457 0.38812672828103595 0.4266814383986976 0.31156492392927276 -0.28301520190148083 0.13548059394577336 0.21559667858721066 0.36994874216158069 -0.20451881420193435 -0.29573644733107235 -0.34991580645673492 -0.14323910578130203 0.0066003806970994288 0.0088519231720821882 0.65380255327430281 0.33038161166114027 -0.18254252574748461 -0.16188467660458256 0.070388335557114351 0.043367681363371879 0.053702513042554224 -0.003825380126132494 0.090023534402970118 0.40191966668126167 0.078582705174904538
leaf_weight=6094 12524 11126 3474 6405 12119 6646 2378 6977 3578 41185 15056 3170 16058 2906 18073 5504 7644 5370 8176 11951 5555 13697 13861 10238 4409 8649 19565 7866 2392 3583
leaf_count=6094 12524 11126 3474 6405 12119 6646 2378 6977 3578 41185 15056 3170 16058 2906 18073 5504 7644 5370 8176 11951 5555 13697 13861 10238 4409 8649 19565 7866 2392 3583
internal_value=-0.00377326 0.0116901 -0.0313506 -0.000232907 0.0257173 -0.015272 0.0195072 0.00365502 0.000512214 -0.0414476 0.0244283 -0.0013636 0.0203542 0.0040946 -0.0335588 -0.0245773 -0.0168881 -0.0109183 0.00800748 0.0377941 0.0326559 -0.0206533 -0.00733088 0.0137632 0.0181078 -0.000704712 0.00351018 0.00185739 0.0231316 0.0153389
internal_weight=296229 189802 106427 102606 87196 41075 57571 83187 15228 65352 43638 55588 31114 13933 24167 25847 19419 13014 11754 29625 17506 20343 24987 27599 17361 11555 30601 27431 12952 5975
internal_count=296229 189802 106427 102606 87196 41075 57571 83187 15228 65352 43638 55588 31114 13933 24167 25847 19419 13014 11754 29625 17506 20343 24987 27599 17361 11555 30601 27431 12952 5975
cat_boundaries=0 3 6 8 10 13 16 18 21 24 26 28 31 33 35
cat_threshold=2424419348 135546953 5 2333130898 3493857024 2 268697600 18878466 152059920 1280 1091846144 857740546 2 276922388 134217728 5 268468240 1312768 621822016 805373312 2 1073812480 84041 5 0 1312768 1686700352 94211 604504128 570622128 8 65536 134234113 536870912 65696
is_linear=0
shrinkage=0.05


Tree=20
num_leaves=31
num_cat=12
split_feature=0 17 17 2 6 6 3 6 17 17 8 17 17 8 6 17 6 5 0 17 17 5 6 17 17 5 5 6 17 5
split_gain=49353.1 12040.1 6921.59 2597.9 2471.9 2308.67 1624.37 1621.17 1128.58 939.803 713.275 679.004 634.171 617.714 586.595 542.534 510.148 482.583 469.299 417.114 411.065 368.582 335.917 332.431 291.001 290.931 287.079 338.512 278.721 274.001
threshold=11.500000000000002 0 1 47.500000000000007 17.500000000000004 10.500000000000002 27.500000000000004 17.500000000000004 2 3 23.500000000000004 4 5 23.500000000000004 18.500000000000004 6 10.500000000000002 23.750000000000004 62.500000000000007 7 8 28.750000000000004 15.500000000000002 9 10 23.750000000000004 21.250000000000004 10.500000000000002 11 28.750000000000004
decision_type=2 9 9 2 2 2 2 2 9 9 2 9 9 2 2 9 2 2 2 9 9 2 2 9 9 2 2 2 9 2
left_child=2 3 9 7 6 8 12 10 -4 13 -2 -12 29 -1 20 -6 -14 -17 22 -10 -7 24 -5 -9 -8 28 27 -13 -18 -3
right_child=1 4 5 18 15 14 21 23 19 -11 11 26 16 -15 -16 17 25 -19 -20 -21 -22 -23 -24 -25 -26 -27 -28 -29 -30 -31
leaf_value=-0.12420967516469972 0.46584154064096667 -0.13888409721162756 -0.13484147402198748 0.64014075030666051 -0.31960216965958177 -0.16049265707997684 0.00091637191044409156 0.30401334077254277 0.29598667773280918 -0.26886444180640678 0.50076221816480104 0.30901616546628186 0.19134420465698254 -0.28094962496451875 -0.33242001613389816 -0.13607715049223695 0.016333061411014784 0.0063258147842891526 1.5311434609320518 0.0098534739097276627 -0.17341539946011039 0.24437541627485226 0.35978623060126869 -0.046739786071009176 0.19262780380581096 0.093713423928044479 0.30655460548087937 0.11337156575906243 -0.026262499881945092 -0.0017884214299590086
leaf_weight=6094 13356 12838 3474 9908 6405 6646 6045 1523 2133 41185 5386 5693 8569 18073 5504 7644 3357 5394 12173 9621 13697 10628 7544 8087 9482 8871 5773 17487 17173 6466
leaf_count=6094 13356 12838 3474 9908 6405 6646 6045 1523 2133 41185 5386 5693 8569 18073 5504 7644 3357 5394 12173 9621 13697 10628 7544 8087 9482 8871 5773 17487 17173 6466
internal_value=-0.00408485 0.0111975 -0.0313393 0.0248953 -0.000380047 -0.0152428 0.00336154 0.0186834 0.000197006 -0.0414476 0.0224583 0.018645 -0.00135314 -0.0335588 -0.0243452 -0.0164352 0.00239863 -0.0105533 0.0369198 0.00759946 -0.0204272 0.0136857 0.031664 -5.20291e-05 0.00877504 -0.000729567 0.015594 0.0131148 -0.00399903 -0.00872942
internal_weight=296229 189802 106427 86930 102872 41075 83429 57305 15228 65352 47695 34339 57274 24167 25847 19443 37970 13038 29625 11754 20343 26155 17452 9610 15527 29401 28953 23180 20530 19304
internal_count=296229 189802 106427 86930 102872 41075 83429 57305 15228 65352 47695 34339 57274 24167 25847 19443 37970 13038 29625 11754 20343 26155 17452 9610 15527 29401 28953 23180 20530 19304
cat_boundaries=0 3 6 8 10 12 15 18 21 23 25 27 29
cat_threshold=276902932 135546953 5 2333130898 3493857024 2 268697600 18878466 152059920 1280 0 1067072 2299838464 2434798850 2 621822016 805373312 2 65536 18505 5 1686700352 94211 268435472 1312768 1090797824 117977090 100663296 589824
is_linear=0
shrinkage=0.05


Tree=21
num_leaves=31
num_cat=14
split_feature=0 17 17 6 6 3 3 6 17 17 8 6 6 5 17 8 17 17 17 6 17 5 17 17 17 17 17 5 3 6
split_gain=48119.8 11088.4 6977.37 2525.01 2250.37 2241.45 1638.74 1582.38 1306.02 794.004 700.481 667.071 606.975 581.85 553.521 543.461 536.091 514.568 456.503 584.118 447.997 425.615 417.827 403.83 402.8 330.426 311.687 298.075 280.342 274.77
threshold=11.500000000000002 0 1 17.500000000000004 10.500000000000002 47.500000000000007 22.500000000000004 16.500000000000004 2 3 23.500000000000004 9.5000000000000018 18.500000000000004 28.750000000000004 4 23.500000000000004 5 6 7 16.500000000000004 8 23.750000000000004 9 10 11 12 13 18.750000000000004 14.000000000000002 16.500000000000004
decision_type=2 9 9 2 2 2 2 2 9 9 2 2 2 2 9 2 9 9 9 2 9 2 9 9 9 9 9 2 2 2
left_child=2 5 9 6 8 7 11 10 -4 15 -2 -3 20 23 -5 -1 -9 -12 -7 -20 -6 -16 -10 -8 -23 -18 -13 -28 -22 -15
right_child=1 3 4 14 12 18 13 16 22 -11 17 26 -14 29 21 -17 25 -19 19 -21 28 24 -24 -25 -26 -27 27 -29 -30 -31
leaf_value=-0.12475940701016502 0.49976650508821285 0.17080589148846617 -0.1280994003208881 -0.0039691704059507064 -0.15246802422597794 1.2871274298858759 0.10920066739774779 0.36040567924376837 0.28118734384616867 -0.25542121971608645 0.47206944063799877 0.0079703668812399538 -0.315506731823752 0.25662364254315373 -0.179663619918078 -0.27125524317624267 -0.25959938658858345 0.17941386436951934 0.59268610887145312 0.26830123191056149 -0.16376528285627662 -0.044399345279422242 0.0093608002142412158 -0.013102499887848042 -0.2354335544838799 0.023649271672026018 -0.18559968799009674 -0.022148896706568257 -0.14249392728078761 0.021388869085803553
leaf_weight=5582 11359 4764 4235 4508 6646 12036 18168 2349 2133 41185 4955 10008 5783 12226 8009 16012 1667 23899 11423 5681 11585 4586 9621 8614 2340 9667 8838 22771 3645 1934
leaf_count=5582 11359 4764 4235 4508 6646 12036 18168 2349 2133 41185 4955 10008 5783 12226 8009 16012 1667 23899 11423 5681 11585 4586 9621 8614 2340 9667 8838 22771 3645 1934
internal_value=-0.00438056 0.0107096 -0.0312923 5.05732e-05 -0.0159261 0.0244118 0.00367887 0.0183743 -0.000997561 -0.0419667 0.0233718 -0.00275652 -0.0245616 0.0109692 -0.0162449 -0.0341279 0.00368706 0.0192313 0.0355868 0.0302559 -0.0207533 -0.0208732 0.00758245 0.00663505 -0.0118106 -0.000828632 -0.0047853 -0.00721876 -0.025479 0.0191667
internal_weight=296229 189802 106427 106766 43648 83036 87323 53896 15989 62779 40213 46381 27659 40942 19443 21594 13683 28854 29140 17104 21876 14935 11754 26782 6926 11334 41617 31609 15230 14160
internal_count=296229 189802 106427 106766 43648 83036 87323 53896 15989 62779 40213 46381 27659 40942 19443 21594 13683 28854 29140 17104 21876 14935 11754 26782 6926 11334 41617 31609 15230 14160
cat_boundaries=0 3 6 8 10 12 14 16 18 20 23 26 29 31 33
cat_threshold=268514324 135546953 5 2332082322 3493857024 2 269746176 18878466 151011344 1280 33587456 663586 268435472 1312768 0 1067072 0 1312768 1686700352 94211 65536 18505 5 612892736 721072 8 1610874944 119541904 8 0 134234113 109576192 598176
is_linear=0
shrinkage=0.05


Tree=22
num_leaves=31
num_cat=15
split_feature=17 0 17 6 5 6 17 2 17 17 17 6 6 17 17 17 8 8 17 8 17 17 0 6 17 6 17 5 0 17
split_gain=37997.3 10622.7 5726.98 2739.36 2381.72 1673.13 1681.46 1666.47 1458.58 875.859 804.511 744.796 683.625 778.692 656.257 655.491 606.809 526.682 522.038 472.175 471.14 462.517 443.383 351.173 437.714 343.565 332.594 276.842 264.793 249.954
threshold=0 7.5000000000000009 1 18.500000000000004 23.750000000000004 16.500000000000004 2 17.500000000000004 3 4 5 16.500000000000004 10.500000000000002 6 7 8 23.500000000000004 23.500000000000004 9 23.500000000000004 10 11 27.500000000000004 10.500000000000002 12 10.500000000000002 13 23.750000000000004 7.5000000000000009 14
decision_type=9 2 9 2 2 2 9 2 9 9 9 2 2 9 9 9 2 2 9 2 9 9 2 2 9 2 9 2 2 9
left_child=2 8 15 7 5 6 25 10 12 -7 -3 20 13 -2 -5 28 29 -17 -13 -8 -6 -10 -9 24 -23 -4 -18 -25 -1 -12
right_child=1 3 4 14 11 9 19 22 21 -11 16 18 -14 -15 -16 17 26 -19 -20 -21 -22 23 -24 27 -26 -27 -28 -29 -30 -31
leaf_value=-0.24265015873028206 -0.24265015873028206 -0.0093461007138945906 0.38650851681621995 -0.069573217137940443 0.18620933912669263 -0.14282346759470929 0.17440143675578421 -0.0022851369700509494 -0.24265015873028206 0.040085457377933058 0.060103173940007172 -0.056200145975699202 -0.24265015873028206 0.0044299947383397154 -0.2533393815574807 1.1782209228603127 -0.14823479290427316 0.36228843536786998 0.27601931787355199 -0.0062455789531657762 0.4724570090169799 -0.10127414390707923 0.13694123945362674 -0.24265015873028206 -0.24265015873028206 0.19309260987289267 -0.12885233468568444 -0.24265015873028206 0.0073498412697179383 -0.08348556202233999
leaf_weight=117 3321 17872 9427 3932 8891 7624 6138 24516 9591 6964 2800 3737 13850 4735 11056 8287 11134 14747 5319 20087 16567 3754 13129 15871 3412 16554 9603 5190 10867 7137
leaf_count=117 3321 17872 9427 3932 8891 7624 6138 24516 9591 6964 2800 3737 13850 4735 11056 8287 11134 14747 5319 20087 16567 3754 13129 15871 3412 16554 9603 5190 10867 7137
internal_value=-0.00124684 -0.0176689 0.018279 -0.00779954 0.0123157 0.006806 0.0109892 -0.00436879 -0.0343915 -0.00816424 -0.0104911 0.022982 -0.0240829 -0.0125124 -0.0275287 0.0360292 -0.0154022 0.0311882 0.010667 0.0020526 0.0273627 -0.0403458 0.00352636 -0.0370666 -0.0275188 0.0200012 -0.0202754 -0.0403328 0.0461434 -0.00524806
internal_weight=296229 160903 135326 101179 101308 66794 52206 86191 59724 14588 48546 34514 21906 8056 14988 34018 30674 23034 9056 26225 25458 37818 37645 28227 7166 25981 20737 21061 10984 9937
internal_count=296229 160903 135326 101179 101308 66794 52206 86191 59724 14588 48546 34514 21906 8056 14988 34018 30674 23034 9056 26225 25458 37818 37645 28227 7166 25981 20737 21061 10984 9937
cat_boundaries=0 3 5 8 10 13 16 18 21 23 25 27 29 32 34 36
cat_threshold=2492019716 136276553 13 2147491840 1313344 70656 134299657 5 1611923776 2988445874 65536 134430721 12 1778417922 2483028130 2 1310720 2149584898 167805200 2164260896 2 2147483648 1049088 67174400 134438913 76021760 663552 130 1077936128 16793600 83887104 2 262208 572526608 17039440 570425360
is_linear=0
shrinkage=0.05


Tree=23
num_leaves=31
num_cat=13
split_feature=17 0 17 6 5 17 2 6 17 6 17 17 17 17 6 17 17 0 8 17 17 0 8 17 6 5 6 6 8 0
split_gain=34925.1 9966.13 5856.92 2549.58 2352.76 1691.5 1544.55 1427.73 1362.73 1249.73 814.253 751.452 749.078 740.611 708.294 608.154 599.94 509.181 485.896 469.722 468.356 411.928 380.123 425.173 341.679 288.453 279.637 277.926 272.309 264.793
threshold=0 7.5000000000000009 1 18.500000000000004 23.750000000000004 2 17.500000000000004 16.500000000000004 3 10.500000000000002 4 5 6 7 16.500000000000004 8 9 14.000000000000002 23.500000000000004 10 11 27.500000000000004 23.500000000000004 12 15.500000000000002 21.250000000000004 9.5000000000000018 10.500000000000002 28.500000000000004 7.5000000000000009
decision_type=9 2 9 2 2 9 2 2 9 2 9 9 9 9 2 9 9 2 2 9 9 2 2 9 2 2 2 2 2 2
left_child=2 5 11 6 7 -2 13 8 -4 12 -9 29 -7 26 19 -5 24 -15 -13 -6 -16 -8 -10 27 -11 -18 -3 -24 -25 -1
right_child=1 3 4 15 14 9 21 10 22 16 -12 18 -14 17 20 -17 25 -19 -20 -21 -22 -23 23 28 -26 -27 -28 -29 -30 -31
leaf_value=-0.23051765079376799 -0.23051765079376799 0.21382223223485541 -0.00064786412741320027 -0.054877913255691801 0.17689887217035807 -0.23051765079376799 -0.0021708801215483578 -0.15168298456096141 0.4097127670120177 -0.24120687362096663 0.016335111433551576 1.1193098767172971 -0.074306623250270043 -0.10284597697719447 -0.06617143745724334 -0.23639174552286457 -0.23051765079376799 -0.10782225419168584 0.34417401359947636 0.44883415856613085 0.23729255438286093 0.1300941774809454 0.18639032337496886 0.18448872019886534 -0.23051765079376799 -0.23051765079376799 -0.017599730503067245 -0.00052547509376736916 0.37672869691325883 0.0069823492062320199
leaf_weight=117 18047 1358 20846 2852 8891 6365 24516 6290 7370 6043 8298 8287 6915 14973 3443 12136 15125 15986 14747 16567 5613 13129 3201 8176 4544 2685 16229 6906 5707 10867
leaf_count=117 18047 1358 20846 2852 8891 6365 24516 6290 7370 6043 8298 8287 6915 14973 3443 12136 15125 15986 14747 16567 5613 13129 3201 8176 4544 2685 16229 6906 5707 10867
internal_value=-0.00134305 -0.0170872 0.0173768 -0.00752775 0.0113465 -0.0332848 -0.00421796 0.00587029 0.00973451 -0.0277221 -0.0079586 0.0353268 -0.0150678 -0.0101121 0.0219476 -0.0265612 -0.0336497 -0.0147648 0.030151 0.0262197 0.00993816 0.00338292 0.0163181 0.0132722 -0.0241342 -0.0392705 -0.00191226 0.00545122 0.0189484 0.0461434
internal_weight=296229 160903 135326 101179 101308 59724 86191 66794 52206 41677 14588 34018 13280 48546 34514 14988 28397 30959 23034 25458 9056 37645 31360 23990 10587 17810 17587 10107 13883 10984
internal_count=296229 160903 135326 101179 101308 59724 86191 66794 52206 41677 14588 34018 13280 48546 34514 14988 28397 30959 23034 25458 9056 37645 31360 23990 10587 17810 17587 10107 13883 10984
cat_boundaries=0 3 5 7 9 12 14 16 19 21 23 25 27 30
cat_threshold=2492019716 136276553 13 2147491840 1313344 33587330 1077936128 344457216 663552 65536 134430721 8 2147483648 1049088 134496272 2166363394 1744863506 2483028130 2 167805200 2147483680 1074004224 2149585170 76021760 663552 67174400 134430721 4 134217728 13
is_linear=0
shrinkage=0.05


Tree=24
num_leaves=31
num_cat=13
split_feature=17 0 17 6 17 6 2 5 17 17 6 17 17 17 5 17 6 0 17 6 1 8 5 3 17 6 17 6 17 12
split_gain=32138.3 10996.6 4583.85 2234.18 2121.19 2093.07 1531.32 1484.49 1195.77 1093.62 954.369 766.279 740.197 686.654 661.401 558.19 547.922 517.72 487.718 565.531 464.369 452.286 390.575 388.126 370.788 363.266 370.403 355.004 331.348 269.165
threshold=0 7.5000000000000009 1 18.500000000000004 2 16.500000000000004 17.500000000000004 23.750000000000004 3 4 10.500000000000002 5 6 7 28.750000000000004 8 9.5000000000000018 14.000000000000002 9 10.500000000000002 27.500000000000004 23.500000000000004 21.250000000000004 62.500000000000007 10 15.500000000000002 11 10.500000000000002 12 63.500000000000007
decision_type=9 2 9 2 9 2 2 2 9 9 2 9 9 9 2 9 2 2 9 2 2 2 2 2 9 2 9 2 9 2
left_child=2 4 13 6 18 7 12 11 20 -5 15 -4 -3 -1 27 -6 -14 -18 19 -2 -7 -13 -10 -15 25 26 -12 -8 -16 -23
right_child=1 3 5 9 10 8 14 -9 22 -11 24 21 16 23 28 -17 17 -19 -20 -21 -22 29 -24 -25 -26 -27 -28 -29 -30 -31
leaf_value=0.0066332317459203878 -0.2160610959206582 -0.0066129425082728233 0.27858226771267225 -0.052134017592907256 -0.21899176825407959 -0.14294630451722617 0.13474490937302086 0.39215189028656461 0.015335537572127045 -0.22885282520346345 -0.23930788477929835 0.23162391456059286 0.014654726243941863 0.38740631477618648 0.18537998535215508 0.0021048212638634213 -0.1140344208077865 -0.12767356421571482 -0.21899176825407959 -0.23403409054122806 -0.090572132094594526 0.032799572689654437 0.27678031472604625 1.5238107832252135 -0.21899176825407959 -0.20000456937841238 -0.21845730711271971 -0.0099269279157086394 0.017725596704215096 -0.41599375219507134
leaf_weight=10984 4650 17998 20840 5385 2864 2334 5771 22321 7993 11138 3798 5747 3513 13398 8596 6209 14087 15479 18047 10342 5373 18713 5505 4654 6868 5085 2794 28206 7128 409
leaf_count=10984 4650 17998 20840 5385 2864 2334 5771 22321 7993 11138 3798 5747 3513 13398 8596 6209 14087 15479 18047 10342 5373 18713 5505 4654 6868 5085 2794 28206 7128 409
internal_value=-0.00122861 -0.0146543 0.0189722 -0.00571734 -0.0319394 0.0133537 -0.00292326 0.0176305 -0.000360764 -0.0227592 -0.0216845 0.0124691 -0.00900307 0.0362287 0.00332488 -0.00840406 -0.013441 -0.0156633 -0.0404929 -0.0337288 -0.0160619 0.00653362 0.00860971 0.0301738 -0.0281936 -0.0226962 -0.0304612 -0.000598935 0.0118036 0.00283966
internal_weight=296229 177958 118271 117301 60657 89235 100778 68030 21205 16523 27618 45709 51077 29036 49701 9073 33079 29566 33039 14992 7707 24869 13498 18052 18545 11677 6592 33977 15724 19122
internal_count=296229 177958 118271 117301 60657 89235 100778 68030 21205 16523 27618 45709 51077 29036 49701 9073 33079 29566 33039 14992 7707 24869 13498 18052 18545 11677 6592 33977 15724 19122
cat_boundaries=0 3 5 8 11 13 15 18 20 22 25 27 29 31
cat_threshold=2492019716 135613001 13 2147483648 1313344 184598674 1077937152 2 65536 134299649 8 167805200 2164924448 78848 81929 1778417938 2483560482 2 2147483648 1049088 262144 2149581056 151011344 1024 2 1074004224 2166362386 0 18874624 1073742160 101327024
is_linear=0
shrinkage=0.05


Tree=25
num_leaves=31
num_cat=14
split_feature=17 0 17 3 17 6 6 6 17 6 17 8 17 17 17 17 17 17 5 3 8 6 12 17 2 7 6 17 6 17
split_gain=30529.1 8073.98 6120.72 2536.38 2234.86 1835.85 1420.39 1232.54 1053.76 977.005 779.315 777.682 766.292 645.43 634.802 613.976 604.499 603.551 601.266 468.468 393.119 392.675 382.926 382.291 356.462 327.278 326.511 408.456 322.342 317.726
threshold=0 7.5000000000000009 1 37.500000000000007 2 18.500000000000004 17.500000000000004 10.500000000000002 3 15.500000000000002 4 23.500000000000004 5 6 7 8 9 10 28.750000000000004 22.500000000000004 24.500000000000004 9.5000000000000018 63.500000000000007 11 62.500000000000007 4.5000000000000009 15.500000000000002 12 11.500000000000002 13
decision_type=9 2 9 2 9 2 2 2 9 2 9 2 9 9 9 9 9 9 2 2 2 2 2 9 2 2 2 9 2 9
left_child=2 4 10 6 -2 8 11 16 18 20 -1 15 -7 -13 26 -4 -6 -11 21 28 -5 -3 25 -8 -12 -15 27 -9 -10 -22
right_child=1 5 3 9 7 12 23 14 19 17 24 13 -14 22 -16 -17 -18 -19 -20 -21 29 -23 -24 -25 -26 -27 -28 -29 -30 -31
leaf_value=0.006301570158624337 -0.2080421798413756 0.0029636347856316194 0.095725510467122993 0.46121363892864747 0.0031477967734880432 -0.069678466147466978 -0.37598217018394869 -0.2273424905403334 0.0090277799559796545 -0.14052781918349241 0.36254343457018501 0.21009342615393259 -0.22176328340324014 0.031113167242433806 -0.2080421798413756 0.36184471217980169 -0.2080421798413756 0.19888047953824897 -0.0053609614581259461 0.064198441577364748 0.58605866979764376 -0.11448847124203293 -0.36093410768835688 -0.068197375347242864 1.4053087050229873 -0.025102400459445031 -0.20899153978515894 -0.20753444175708369 -0.053811949151580767 0.17090156511119403
leaf_weight=10984 18047 1783 9438 13748 5571 4060 948 3798 10424 3229 13338 13038 9479 23283 15629 9240 7582 13614 6278 15667 2468 14628 672 10497 4714 10315 5457 3164 27655 7481
leaf_count=10984 18047 1783 9438 13748 5571 4060 948 3798 10424 3229 13338 13038 9479 23283 15629 9240 7582 13614 6278 15667 2468 14628 672 10497 4714 10315 5457 3164 27655 7481
internal_value=-0.00114219 -0.0170734 0.0150292 0.00996559 -0.031407 -0.00763665 0.00466157 -0.0249581 -0.00463073 0.0200987 0.0355918 0.00748189 -0.0246067 0.00407119 -0.0308863 0.0161206 -0.0123356 0.0108918 -0.0136636 -0.000814793 0.0266426 -0.0187039 0.000466744 -0.011599 0.0291496 0.00121436 -0.0223791 -0.0295748 -0.00380919 0.0190723
internal_weight=296229 149222 147007 117971 59248 89974 77431 41201 76435 40540 29036 65986 13539 47308 28048 18678 13153 16843 22689 53746 23697 16411 34270 11445 18052 33598 12419 6962 38079 9949
internal_count=296229 149222 147007 117971 59248 89974 77431 41201 76435 40540 29036 65986 13539 47308 28048 18678 13153 16843 22689 53746 23697 16411 34270 11445 18052 33598 12419 6962 38079 9949
cat_boundaries=0 3 5 7 9 11 14 17 19 21 23 25 27 29 31
cat_threshold=2492019716 203385433 13 2147483648 1313344 33587330 1077936128 17842176 18875648 2147483648 1049088 167805200 2166358048 2 78848 81929 1 1074004224 2166363394 76021760 67706880 1611661632 838865058 0 81921 0 81920 0 18874624 0 81928
is_linear=0
shrinkage=0.05


Tree=26
num_leaves=31
num_cat=14
split_feature=17 0 17 17 6 6 5 3 6 17 17 17 17 17 8 5 17 8 17 6 8 0 17 17 6 0 17 6 17 5
split_gain=29082.8 10166.1 4385.11 2481.81 1917.36 1768.89 1426.06 1361.89 1242.05 1057.9 964.696 945.475 777.729 629.474 674.342 628.971 608.08 563.146 530.91 463.309 385.19 350.934 329.46 310.703 308.959 317.197 285.355 309.754 278.476 269.449
threshold=0 7.5000000000000009 1 2 18.500000000000004 16.500000000000004 23.750000000000004 17.500000000000004 10.500000000000002 3 4 5 6 7 24.500000000000004 28.750000000000004 8 23.500000000000004 9 18.500000000000004 23.500000000000004 47.500000000000007 10 11 9.5000000000000018 14.000000000000002 12 16.500000000000004 13 23.750000000000004
decision_type=9 2 9 9 2 2 2 2 2 9 9 9 9 9 2 2 9 2 9 2 2 2 9 9 2 2 9 2 9 2
left_child=2 3 13 -2 7 6 10 12 16 -6 -4 21 -3 -1 -15 -9 -5 23 -10 29 -12 -7 -21 -14 -19 -26 -17 -28 -8 -13
right_child=1 4 5 8 9 11 28 15 18 -11 20 19 17 14 -16 26 -18 24 -20 22 -22 -23 -24 -25 25 -27 27 -29 -30 -31
leaf_value=0.0059864916506930932 -0.19764007084930679 0.0019191779158071577 0.28946782545218391 -0.19764007084930679 -0.20910025075790595 -0.36772941364627798 0.49560766062142037 -0.0028475348818464141 -0.19854196279590097 -0.066194542840093726 0.22047096522888809 0.041498576932919917 0.037171024635822558 1.3788974019998648 0.28183298347576197 0.1897292786857534 -0.00028861739774193039 -0.0026170116868648565 -0.21193027702209788 -0.30458555034248358 0.025162775724617073 0.00017061660764028375 0.0009687139508269383 -0.073846403373865055 -0.11385421331802421 -0.16033669006528672 0.083425844157739348 -0.12664997896529764 0.28241618446807276 0.27379068918423499
leaf_weight=10984 22928 16894 20798 5513 10029 2086 11306 33073 7998 6494 6392 6552 4024 5342 7219 6665 7135 2442 17083 1737 21294 936 5764 7135 10388 11235 6770 2152 12413 5448
leaf_count=10984 22928 16894 20798 5513 10029 2086 11306 33073 7998 6494 6392 6552 4024 5342 7219 6665 7135 2442 17083 1737 21294 936 5764 7135 10388 11235 6770 2152 12413 5448
internal_value=-0.00123772 -0.0140093 0.0179788 -0.0306288 -0.00541641 0.0131756 0.0169931 -0.002828 -0.0227232 -0.0212038 0.0120782 0.00094348 -0.0084443 0.0372893 0.0295641 0.00318742 -0.00995414 -0.0126724 -0.0291715 0.00497924 0.00595754 -0.025033 -0.00476603 -0.00339188 -0.0169811 -0.018885 0.0114679 0.00559785 0.0270395 0.011075
internal_weight=296229 177958 118271 60657 117301 94726 72203 100778 37729 16523 48484 22523 52118 23545 12561 48660 12648 35224 25081 19501 27686 3022 7501 11159 24065 21623 15587 8922 23719 12000
internal_count=296229 177958 118271 60657 117301 94726 72203 100778 37729 16523 48484 22523 52118 23545 12561 48660 12648 35224 25081 19501 27686 3022 7501 11159 24065 21623 15587 8922 23719 12000
cat_boundaries=0 3 5 8 10 12 14 17 19 21 23 25 27 29 32
cat_threshold=2492019716 135613001 13 2147483648 1313280 167805058 1077936128 2 1627668544 905971090 13312 81993 0 81920 1778417682 2483560610 2 2147483648 1049088 17039376 2166359296 1073742080 2147489042 67175424 72 17039424 570560528 1073742160 67248304 13312 134234184 5
is_linear=0
shrinkage=0.05


Tree=27
num_leaves=31
num_cat=13
split_feature=17 0 17 17 1 6 3 6 6 17 17 17 17 8 17 17 17 5 5 8 6 5 6 6 6 0 17 17 6 17
split_gain=27246 10122.5 4342.44 2618.74 1731.55 1659.24 1308.88 1235.96 1053.9 908.043 816.62 740.958 703.36 697.024 624.771 536.703 499.324 496.139 481.286 449.682 443.96 398.947 393.718 364.592 333.404 317.13 314.478 288.828 285.619 389.949
threshold=0 7.5000000000000009 1 2 22.500000000000004 16.500000000000004 37.500000000000007 10.500000000000002 17.500000000000004 3 4 5 6 24.500000000000004 7 8 9 28.750000000000004 26.250000000000004 23.500000000000004 18.500000000000004 28.750000000000004 9.5000000000000018 16.500000000000004 10.500000000000002 47.500000000000007 10 11 15.500000000000002 12
decision_type=9 2 9 9 2 2 2 2 2 9 9 9 9 2 9 9 9 2 2 2 2 2 2 2 2 2 9 9 2 9
left_child=2 3 11 -2 8 6 15 14 12 25 -10 -1 17 -13 -5 -4 28 22 24 -17 -11 -8 -3 -20 -6 -7 -22 -25 29 -9
right_child=1 4 5 7 18 9 21 16 10 20 -12 13 -14 -15 -16 19 -18 -19 23 -21 26 -23 -24 27 -26 -27 -28 -29 -30 -31
leaf_value=0.0056871670681584163 -0.18775806730684144 0.0029463036306933256 0.30095298050159019 -0.18775806730684144 0.15614113824337991 -0.34099762780010767 0.26800493300226552 -0.20604826787352171 -0.21396935217586821 0.14591877494435046 -0.084908935440928798 1.3099525318998717 -0.013962496211521369 0.26774133430197405 -0.0002741865278547806 0.21854529584410703 -0.20133376317099297 0.011883038812299818 0.15601891714772764 0.031170241496862785 -0.28935627282535936 0.49357503868983699 -0.10014856383414826 0.081314551019986692 -0.010437022820107434 0.019736601320307658 0.0012125617567367187 -0.15289201152313547 -0.18861486465610594 -0.18407527885906269
leaf_weight=10984 21849 1705 12613 5218 4002 2541 19515 3249 7647 11642 10477 5342 42666 7219 7523 8112 13474 4064 9974 22732 1737 9231 13005 2937 19348 1033 5570 1476 5046 4298
leaf_count=10984 21849 1705 12613 5218 4002 2541 19515 3249 7647 11642 10477 5342 42666 7219 7523 8112 13474 4064 9974 22732 1737 9231 13005 2937 19348 1033 5570 1476 5046 4298
internal_value=-0.00126946 -0.0136311 0.0173303 -0.030215 -0.00505665 0.0125507 0.0162479 -0.0223994 -0.00924036 0.000703725 -0.0198356 0.0365464 -0.00611491 0.0281799 -0.0096421 0.0107727 -0.0286435 -0.014177 0.00376421 0.00721138 0.0050662 0.0245252 -0.0184568 0.0109578 -0.000668094 -0.0223772 -0.00459149 -0.00100838 -0.0214195 -0.0275937
internal_weight=296229 177958 118271 60657 117301 94726 72203 38808 79564 22523 18124 23545 61440 12561 12741 43457 26067 18774 37737 30844 18949 28746 14710 14387 23350 3574 7307 4413 12593 7547
internal_count=296229 177958 118271 60657 117301 94726 72203 38808 79564 22523 18124 23545 61440 12561 12741 43457 26067 18774 37737 30844 18949 28746 14710 14387 23350 3574 7307 4413 12593 7547
cat_boundaries=0 3 5 8 10 12 14 16 18 20 22 24 26 28
cat_threshold=2492019716 135613001 13 2147483648 1313280 33587330 1077936128 2 0 134299648 553664512 905971072 2147483648 1049088 17842176 18875648 150994960 2166359296 5120 81993 1208221952 2149586194 67175424 72 1610613072 84549808 0 2097408
is_linear=0
shrinkage=0.05


Tree=28
num_leaves=31
num_cat=13
split_feature=17 0 17 17 5 2 6 6 17 6 17 17 17 6 17 6 17 5 17 5 17 8 1 5 6 13 6 17 17 0
split_gain=25488.3 10330.5 4389.11 2739.52 1716.57 1483.46 1156.62 1143.94 1106.24 1057.51 876.361 829.32 623.71 589.376 570.726 520.821 557.107 540.764 512.928 450.37 427.238 602.224 382.483 331.062 299.748 286.995 277.767 271.11 270.572 264.342
threshold=0 7.5000000000000009 1 2 23.750000000000004 22.500000000000004 15.500000000000002 10.500000000000002 3 17.500000000000004 4 5 6 16.500000000000004 7 9.5000000000000018 8 18.750000000000004 9 26.250000000000004 10 24.500000000000004 47.500000000000007 21.250000000000004 16.500000000000004 21.500000000000004 10.500000000000002 11 12 7.5000000000000009
decision_type=9 2 9 9 2 2 2 2 9 2 9 9 9 2 9 2 9 2 9 2 9 2 2 2 2 2 2 9 9 2
left_child=2 3 20 -2 6 9 8 12 -4 15 -8 -11 -5 22 -9 28 -17 -18 -15 26 21 -1 -6 -16 -21 -12 -7 -20 -3 -22
right_child=1 5 4 7 13 19 10 14 -10 11 25 -13 -14 18 23 16 17 -19 27 24 29 -23 -24 -25 -26 -27 -28 -29 -30 -31
leaf_value=1.9890808203568771 -0.17837016394149938 0.20158935540529993 0.029091171778854986 -0.17837016394149938 0.2581328336368377 0.1465255569642821 -0.11330256804977684 -0.17918412142330065 0.25283931712596797 -0.20327088456707482 0.018052383965251551 -0.082763372082012857 -0.00026047720146209484 0.35625340453630305 -0.19126707501244333 -0.0012080665457330664 -0.12445680158536031 -0.047837375273402483 -0.4149468984343534 0.14828809874001436 -0.22022219128524947 0.25519502912389047 0.57699604730530429 -0.17697686883965222 -0.0013203723123878853 0.21706201719067481 -0.0090696127489607644 0.086300657994972607 -0.0017880362919455274 0.005402808714750496
leaf_weight=2765 21849 2493 17569 5218 15192 3542 7997 7895 28129 7531 9276 10408 7523 3757 15498 20494 12155 23247 494 9791 117 3570 9876 2674 4372 3485 19608 5177 3660 10867
leaf_count=2765 21849 2493 17569 5218 15192 3542 7997 7895 28129 7531 9276 10408 7523 3757 15498 20494 12155 23247 494 9791 117 3570 9876 2674 4372 3485 19608 5177 3660 10867
internal_value=-0.00119046 -0.0131467 0.0167994 -0.0299001 0.0128068 -0.00448462 0.00811063 -0.0219074 0.0125563 -0.008325 -0.00167646 -0.0190172 -0.00963425 0.0218576 -0.0279146 -0.00523377 -0.00675361 -0.0105501 0.0112007 0.00374802 0.0400514 0.0295429 0.0258656 -0.0327962 0.010771 0.00645603 -0.000548596 0.00168104 0.00857305 0.0460797
internal_weight=296229 177958 118271 60657 100952 117301 66456 38808 45698 79988 20758 17939 12741 34496 26067 62049 55896 35402 9428 37313 17319 6335 25068 18172 14163 12761 23150 5671 6153 10984
internal_count=296229 177958 118271 60657 100952 117301 66456 38808 45698 79988 20758 17939 12741 34496 26067 62049 55896 35402 9428 37313 17319 6335 25068 18172 14163 12761 23150 5671 6153 10984
cat_boundaries=0 3 5 8 11 14 16 18 20 23 26 28 30 32
cat_threshold=2492019716 135613001 13 2147483648 1311232 33587330 1077936128 2 344457220 0 9 65536 134299649 12 553664512 905971072 150994960 2166359296 1073742080 2147484946 704675922 2953322642 2 277360644 2048 4 0 262144 0 65536 1628454912 637666464
is_linear=0
shrinkage=0.05


Tree=29
num_leaves=31
num_cat=14
split_feature=17 0 17 17 3 6 6 6 6 17 5 17 8 17 17 17 17 17 8 17 17 5 0 6 6 17 6 17 6 5
split_gain=24134.5 7456.53 5902.26 2879.11 2351.17 1345.92 1105.78 1059.61 1036.88 901.555 818.587 712.779 693.151 657.562 646.598 610.629 561.909 551.246 543.27 425.232 424.69 384.244 328.323 315.404 299.979 356.935 337.696 371.28 296.874 282.885
threshold=0 7.5000000000000009 1 2 32.500000000000007 10.500000000000002 10.500000000000002 15.500000000000002 18.500000000000004 3 18.750000000000004 4 24.500000000000004 5 6 7 8 9 24.500000000000004 10 11 26.250000000000004 27.500000000000004 17.500000000000004 15.500000000000002 12 18.500000000000004 13 18.500000000000004 16.250000000000004
decision_type=9 2 9 9 2 2 2 2 2 9 2 9 2 9 9 9 9 9 2 9 9 2 2 2 2 9 2 9 2 2
left_child=2 3 9 -2 5 14 15 18 11 -1 19 21 -11 -10 -4 -5 -9 24 -6 -7 -20 -3 -13 -12 25 -8 27 -26 -18 -16
right_child=1 8 4 6 7 10 17 16 13 12 23 22 -14 -15 29 -17 28 -19 20 -21 -22 -23 -24 -25 26 -27 -28 -29 -30 -31
leaf_value=0.0051326682790129759 -0.16945165574442439 -0.096931234381147577 0.2817498652824284 -0.16945165574442439 0.35993305999182895 -0.1469335047090585 -0.17662529356930057 -0.15856448279436286 -0.18516110597140545 1.1745013627342999 0.063394797472168571 -0.014535469011316061 0.24209296670414632 -0.07085998681981609 0.011455470245843813 0.0018833544183488372 0.17944159277359528 -0.18170372126182111 0.37957033355743203 -0.016779106125878851 0.10277423720023693 -0.028119424482209165 0.074294662092965605 -0.081251095338267382 0.069085861820665784 -0.16906765151531636 -0.18091413817933422 -0.17022491535213558 0.0037454281349266873 0.24606700501016654
leaf_weight=10984 21849 13434 9239 4459 19071 7324 4825 3686 7600 5342 22255 43772 7219 4842 9853 7527 14581 12612 4621 15428 11442 5776 8688 5017 1374 2574 1255 2287 4944 2349
leaf_count=10984 21849 13434 9239 4459 19071 7324 4825 3686 7600 5342 22255 43772 7219 4842 9853 7527 14581 12612 4621 15428 11442 5776 8688 5017 1374 2574 1255 2287 4944 2349
internal_value=-0.0012249 -0.0160102 0.0125501 -0.0296773 0.00837082 0.00229133 -0.0211426 0.0158188 -0.006464 0.0355784 -0.00220094 -0.00415097 0.0263662 -0.0197878 0.0127723 -0.00866845 0.00752876 -0.0271493 0.0212956 -0.00920359 0.0145209 -0.0123881 -0.00113208 0.0036411 -0.0195659 -0.0259427 -0.0100081 -0.00233543 0.0109061 0.0051998
internal_weight=296229 142874 153355 58762 129810 71465 36913 58345 84112 23545 50024 71670 12561 12442 21441 11986 23211 24927 35134 22752 16063 19210 52460 27272 12315 7399 4916 3661 19525 12202
internal_count=296229 142874 153355 58762 129810 71465 36913 58345 84112 23545 50024 71670 12561 12442 21441 11986 23211 24927 35134 22752 16063 19210 52460 27272 12315 7399 4916 3661 19525 12202
cat_boundaries=0 3 5 8 10 12 14 17 19 21 23 26 28 30 32
cat_threshold=2492019780 203385433 13 2147483648 1313280 33587330 1077936128 2 2147483648 1049088 17842176 18874624 1628717056 838861186 13316 201343049 12 150994960 2166358272 0 81921 1208221952 2149586178 64 67256320 4 0 81992 134479872 2101504 1073742080 256
is_linear=0
shrinkage=0.05


Tree=30
num_leaves=31
num_cat=13
split_feature=17 0 17 17 6 2 17 6 6 8 17 17 17 17 17 5 17 8 5 1 6 17 6 6 5 13 6 17 17 5
split_gain=22925.3 9750.65 4149.98 3469.53 1576.03 1488.94 1098.66 1051.29 1006.14 1005.59 833.336 804.834 769.561 606.411 541.576 517.13 508.131 587.776 489.169 401.916 392.483 462.642 432.426 390.892 368.13 363.988 316.839 296.345 279.697 329.16
threshold=0 7.5000000000000009 1 2 15.500000000000002 22.500000000000004 3 10.500000000000002 17.500000000000004 23.500000000000004 4 5 6 7 8 23.750000000000004 9 24.500000000000004 26.250000000000004 27.500000000000004 15.500000000000002 10 18.500000000000004 10.500000000000002 21.250000000000004 11.500000000000002 16.500000000000004 11 12 16.250000000000004
decision_type=9 2 9 9 2 2 9 2 2 2 9 9 9 9 9 2 9 2 2 2 2 9 2 2 2 2 2 9 9 2
left_child=2 3 16 -2 9 8 19 13 14 25 20 -11 -10 -5 -3 -8 17 -1 -7 -6 21 -9 -22 27 -12 -4 -20 -16 -25 -30
right_child=1 5 4 7 6 18 15 10 12 11 24 -13 -14 -15 23 -17 -18 -19 26 -21 22 -23 -24 28 -26 -27 -28 -29 29 -31
leaf_value=1.8309017112023185 -0.16097907295720315 -0.084071733844115482 0.48371860093154134 -0.17621745871223632 -0.30792319753758246 -0.00092253198066618582 0.015510966633787327 -0.16061426893955055 -0.19445236702312166 0.40087285705708475 -0.17261853519873008 0.11099668433015815 -0.080040297186822332 -0.0076420932839483596 0.1916523585458153 0.26027287982873554 0.0048760348650623625 0.23033062933248855 0.1487150235036559 -0.090134798524263718 0.0052615333306969886 -0.17795538373021558 -0.17186843127036752 0.0033085206084452427 -0.15904283933457855 0.22766869127848574 -1.0718028355505282e-05 -0.00097186102678250565 -0.12611487485970621 -0.029691396781309099
leaf_weight=2765 21849 13625 13780 3522 1554 25769 15077 3207 7119 8922 12740 28723 10885 10421 3858 9269 10984 3570 11200 6339 3748 3398 1379 13707 1711 7234 4590 6791 8907 19586
leaf_count=2765 21849 13625 13780 3522 1554 25769 15077 3207 7119 8922 12740 28723 10885 10421 3858 9269 10984 3570 11200 6339 3748 3398 1379 13707 1711 7234 4590 6791 8907 19586
internal_value=-0.00124178 -0.0117944 0.0170914 -0.0280331 0.0128141 -0.00381039 0.00393468 -0.0192869 -0.0076221 0.0176963 -0.0251976 0.0128052 -0.0181071 -0.00820125 -0.00478232 0.0091887 0.0395205 0.028093 0.00393778 -0.0122675 -0.0152529 -0.0233232 -0.0048859 -0.0024887 -0.0332377 0.0264586 0.0108676 0.00607099 -0.00464929 -0.00747114
internal_weight=296229 188012 108217 61975 90898 126037 32239 40126 84478 58659 26183 37645 18004 13943 66474 24346 17319 6335 41559 7893 11732 6605 5127 52849 14451 21014 15790 10649 42200 28493
internal_count=296229 188012 108217 61975 90898 126037 32239 40126 84478 58659 26183 37645 18004 13943 66474 24346 17319 6335 41559 7893 11732 6605 5127 52849 14451 21014 15790 10649 42200 28493
cat_boundaries=0 3 5 8 10 12 14 16 18 20 22 24 27 30
cat_threshold=2424386564 135613001 13 2147483648 1311232 33587330 1077936128 2 65536 134299649 1141375232 2166359314 0 84032 553664512 905970048 134217744 2166358272 1064960 18874624 0 262144 256 2164261906 1090519058 906100896 2 637566978 2148016274 2
is_linear=0
shrinkage=0.05


Tree=31
num_leaves=31
num_cat=12
split_feature=17 17 0 17 1 17 6 5 0 5 6 6 17 6 8 17 8 17 17 17 0 17 6 6 13 6 14 17 6 17
split_gain=22059.3 6988.22 5665.09 2684.6 2626 1736.49 1460.16 899.78 698.998 696.344 639.61 623.435 590.832 572.394 532.915 533.112 443.965 451.606 443.382 414.907 385.898 338.501 330.259 312.9 300.656 300.101 292.622 268.765 267.756 264.441
threshold=0 1 7.5000000000000009 2 27.500000000000004 3 10.500000000000002 28.750000000000004 67.500000000000014 16.250000000000004 17.500000000000004 18.500000000000004 4 10.500000000000002 24.500000000000004 5 23.500000000000004 6 7 8 47.500000000000007 9 16.500000000000004 18.500000000000004 10.500000000000002 17.500000000000004 300.02830833333343 10 18.500000000000004 11
decision_type=9 9 2 9 2 9 2 2 2 2 2 2 9 2 2 9 2 9 9 9 2 9 2 2 2 2 2 9 2 9
left_child=2 5 3 -1 6 -2 18 13 25 21 14 16 -12 -6 19 -16 -5 -18 -3 -4 27 26 29 -11 -21 -7 -8 -15 -29 -9
right_child=1 4 10 11 7 8 9 22 -10 23 12 -13 -14 20 15 -17 17 -19 -20 24 -22 -23 -24 -25 -26 -27 -28 28 -30 -31
leaf_value=-0.15293011930934297 0.0046322331218092037 0.20805844766031162 -0.096656530084619441 -0.04614951566240464 0.2635266501677429 0.2884112752733527 -0.05028741889436264 0.141430663244941 1.1844040213971769 0.0081355612893030844 -0.18686901217680321 -0.16398760843879359 -0.074907725471811487 -0.012963566253069915 0.012942294075774453 -0.10186734714450943 -0.0072599886197509461 -0.15889625970432475 0.017930390032014999 0.024724144938943305 0.24177562134453157 -0.035076295834096174 0.13550226134286625 -0.088458442617552369 -0.029174216893277195 0.050555331349248084 -0.20767379336371744 0.10232853911842987 -0.073927054450975235 0.38273688617296425
leaf_weight=21849 10984 8167 2886 6190 6542 15038 3187 5259 4871 25104 5435 4234 5892 14031 1462 20486 2259 20214 14159 11024 7375 14517 6147 4247 8973 3125 7860 21711 3077 9924
leaf_count=21849 10984 8167 2886 6190 6542 15038 3187 5259 4871 25104 5435 4234 5892 14031 1462 20486 2259 20214 14159 11024 7375 14517 6147 4247 8973 3125 7860 21711 3077 9924
internal_value=-0.00132381 0.00923112 -0.0189606 -0.0304077 0.00462638 0.0297049 -0.00182351 0.0113534 0.0218799 -0.00620687 -0.00780477 -0.0213617 -0.0184206 0.00784853 -0.00512257 -0.0106889 -0.0187227 -0.0219886 0.00895817 0.000216318 0.00588821 -0.0122399 0.0200188 -0.000952267 0.00277653 0.0173787 -0.0188342 0.00389629 0.00702476 0.0239775
internal_weight=296229 185325 110904 54746 151307 34018 77241 74066 23034 54915 56158 32897 11327 52736 44831 21948 28663 22473 22326 22883 46194 25564 21330 29351 19997 18163 11047 38819 24788 15183
internal_count=296229 185325 110904 54746 151307 34018 77241 74066 23034 54915 56158 32897 11327 52736 44831 21948 28663 22473 22326 22883 46194 25564 21330 29351 19997 18163 11047 38819 24788 15183
cat_boundaries=0 3 5 8 10 12 14 16 19 21 24 27 29
cat_threshold=185909394 4083160320 2 2147491840 1313344 33587330 1077936128 2 2147483648 1049088 16793600 838861056 167804930 2147483648 0 16778240 1073746948 201343113 12 167772160 2097408 536870976 201474208 4 1140850944 67837970 12 1954545920 67641378
is_linear=0
shrinkage=0.05


Tree=32
num_leaves=31
num_cat=15
split_feature=17 17 0 3 17 6 17 2 17 6 8 6 6 17 17 8 17 17 8 17 17 5 5 6 17 17 6 17 17 0
split_gain=21521.9 7021.47 5386.33 2953.09 2681.04 1732.17 1145.62 873.823 822.152 811.845 684.438 655.709 625.525 589.539 555.209 497.973 495.368 492.061 464.424 454.237 410.082 350.675 348.714 333.879 403.941 307.297 279.702 285.643 273.993 263.956
threshold=0 1 7.5000000000000009 32.500000000000007 2 11.500000000000002 3 11.500000000000002 4 15.500000000000002 23.500000000000004 18.500000000000004 18.500000000000004 5 6 24.500000000000004 7 8 23.500000000000004 9 10 31.250000000000004 28.750000000000004 16.500000000000004 11 12 18.500000000000004 13 14 7.5000000000000009
decision_type=9 9 2 2 9 2 9 2 9 2 2 2 2 9 9 2 9 9 2 9 9 2 2 2 9 9 2 9 9 2
left_child=2 6 4 5 -1 8 29 16 -3 15 -8 22 18 21 -13 25 -7 -11 28 -20 -17 -4 -9 -15 -25 -5 -19 -28 -6 -2
right_child=1 3 13 9 12 7 10 11 -10 17 -12 14 -14 23 -16 20 -18 26 19 -21 -22 -23 -24 24 -26 -27 27 -29 -30 -31
leaf_value=-0.14528361334387579 -0.20994312853428126 -0.0013902798644253702 -0.095941169458499065 0.4478018295719024 0.013217618576199986 -0.099158705916115517 1.1251838203273181 -0.0078155661562574249 0.1877383097723862 -0.14856681909018637 0.21988657618605709 -0.0080027621306525635 -0.15578822801685394 0.0053335689008254588 -0.16460525450131724 0.22767274421876993 -0.20390223437594379 0.15763012461246051 -0.0068969891887634034 -0.15095144671910854 0.030645126345121912 0.036118976652204003 0.09426139465700363 0.012295179371985744 -0.18944160303762106 0.1880867070065996 0.11160958119101849 -0.16307833709592351 -0.11511990214648238 0.0044006214657187574
leaf_weight=21849 117 15698 23091 10778 1809 6814 4449 39793 21882 3686 8112 4337 4218 17996 5757 10445 4691 15360 2259 19967 6683 2599 6706 2048 5226 9219 3422 2006 4345 10867
leaf_count=21849 117 15698 23091 10778 1809 6814 4449 39793 21882 3686 8112 4337 4218 17996 5757 10445 4691 15360 2259 19967 6683 2599 6706 2048 5226 9219 3422 2006 4345 10867
internal_value=-0.00137276 0.00864373 -0.0195049 0.00504433 -0.0304415 -2.74419e-05 0.0342029 -0.00478281 0.00858968 0.0137462 0.0238366 -0.00222907 -0.0213353 -0.00782378 -0.0137805 0.0184067 -0.0173446 0.00667647 -0.0186716 -0.0220373 0.0121497 -0.0131556 0.000278501 -0.00239715 -0.011438 0.0237661 0.00965958 -9.2115e-05 -0.00651609 0.0460251
internal_weight=296229 190822 105407 167277 54447 105678 23545 68098 37580 61599 12561 56593 32598 50960 10094 37125 11505 24474 28380 22226 17128 25690 46499 25270 7274 19997 20788 5428 6154 10984
internal_count=296229 190822 105407 167277 54447 105678 23545 68098 37580 61599 12561 56593 32598 50960 10094 37125 11505 24474 28380 22226 17128 25690 46499 25270 7274 19997 20788 5428 6154 10984
cat_boundaries=0 3 5 8 10 12 14 17 19 21 23 25 27 30 33 35
cat_threshold=185909394 4083156224 2 2147483648 1313280 33587330 1077936128 2 2147483648 1049088 344457536 536594 17842176 287310080 268439812 663584 12 1149830464 4114 0 81921 0 16778240 603993152 90345 167804944 2147483648 13376 134430808 1 268439876 201981984 12 16777216 855638016
is_linear=0
shrinkage=0.05


Tree=33
num_leaves=31
num_cat=13
split_feature=17 17 0 3 17 6 3 17 6 17 6 6 8 17 8 17 17 8 17 17 17 17 5 7 7 5 6 17 0 5
split_gain=20527 6957.08 5333.46 3090.61 2822.73 1603.68 826.039 774.063 748.671 673.895 667.211 606.932 590.413 575.884 530.503 516.219 507.09 456.224 424.613 408.767 387.737 350.612 333.999 326.279 444.961 302.608 301.164 375.306 263.956 256.209
threshold=0 1 7.5000000000000009 32.500000000000007 2 11.500000000000002 11.500000000000002 3 15.500000000000002 4 18.500000000000004 18.500000000000004 24.500000000000004 5 24.500000000000004 6 7 23.500000000000004 8 9 10 11 31.250000000000004 1.0000000180025095e-35 4.5000000000000009 28.750000000000004 16.500000000000004 12 7.5000000000000009 28.750000000000004
decision_type=9 9 2 2 9 2 2 9 2 9 2 2 2 9 2 9 9 2 9 9 9 9 2 2 2 2 2 9 2 2
left_child=2 9 4 5 -1 7 20 -3 14 12 17 25 -2 22 21 -13 -10 -6 -19 -16 -7 -5 -4 -9 -25 -8 29 -28 -11 -15
right_child=1 3 13 8 10 6 11 23 16 28 -12 15 -14 26 19 -17 -18 18 -20 -21 -22 -23 -24 24 -26 -27 27 -29 -30 -31
leaf_value=-0.13801943267668199 1.6292513185039788 0.2186370705583828 -0.091144110985574137 0.51725626863218466 -0.038643195967469346 -0.10588832510896068 -0.0064227720753656575 -0.06059437666083696 -0.10526473597526245 -0.1994459721075672 -0.14799881661601125 -0.025943239123054254 0.18845751131356181 -0.013579410674782189 0.27252760406397486 -0.17899954435738039 0.13245236038439928 -0.006552139729325202 -0.14340387438315308 0.065747963910403232 -0.14578698255715219 0.19205771166461538 0.034313027819593778 0.13776368627641081 -0.025385907403183694 0.088417664484656738 0.01168042040338646 -0.17996952288574006 0.0041805903924328367 0.017768982987958638
leaf_weight=21849 2765 14493 23091 10020 6154 6211 39910 3847 4616 117 4218 5323 3570 13271 7691 5005 22395 2259 19967 11011 5254 11369 2599 12644 7060 6654 2048 5226 10867 4725
leaf_count=21849 2765 14493 23091 10020 6154 6211 39910 3847 4616 117 4218 5323 3570 13271 7691 5005 22395 2259 19967 11011 5254 11369 2599 12644 7060 6654 2048 5226 10867 4725
internal_value=-0.001498 0.00828425 -0.0192061 0.00526675 -0.0300889 -3.24245e-05 -0.00461182 0.00819577 0.0136702 0.0384933 -0.0207464 -0.00214441 0.0253822 -0.00758242 0.0180053 -0.01311 0.00723594 -0.0179951 -0.0213309 0.0118543 -0.0168556 0.0233835 -0.0128521 0.00259539 0.00519691 0.000287776 -0.00221915 -0.0108056 0.0460251 0.00125028
internal_weight=296229 190822 105407 173503 54447 106401 68357 38044 67102 17319 32598 56892 6335 50960 40091 10328 27011 28380 22226 18702 11465 21389 25690 23551 19704 46564 25270 7274 10984 17996
internal_count=296229 190822 105407 173503 54447 106401 68357 38044 67102 17319 32598 56892 6335 50960 40091 10328 27011 28380 22226 18702 11465 21389 25690 23551 19704 46564 25270 7274 10984 17996
cat_boundaries=0 3 5 8 11 13 15 18 20 22 24 26 28 30
cat_threshold=185909394 4083156224 2 2147483648 1311232 33587330 1077936128 2 13316 201410633 13 0 262144 17842176 287310080 1342181636 665632 12 67108864 134299649 0 16778240 536870976 84201 1149830464 65555 12352 134432840 167804944 2147483648
is_linear=0
shrinkage=0.05


Tree=34
num_leaves=31
num_cat=14
split_feature=0 17 17 17 1 6 3 17 6 6 17 17 5 6 8 6 5 17 5 13 17 17 17 6 14 6 17 17 17 17
split_gain=20151.5 8893.52 4220.05 3782.33 1913.45 1430.83 1214.1 920.724 904.385 845.254 789.394 769.12 575.609 559.712 539.045 502.106 427.161 409.188 390.846 369.096 349.834 338.106 321.639 293.364 271.85 363.59 348.559 289.456 270.77 270.683
threshold=7.5000000000000009 0 1 2 22.500000000000004 10.500000000000002 67.500000000000014 3 9.5000000000000018 18.500000000000004 4 5 26.250000000000004 17.500000000000004 23.500000000000004 10.500000000000002 18.750000000000004 6 21.250000000000004 8.5000000000000018 7 8 9 15.500000000000002 490.04732500000006 18.500000000000004 10 11 12 13
decision_type=2 9 9 9 2 2 2 9 2 2 9 9 2 2 2 2 2 9 2 2 9 9 9 2 2 2 9 9 9 9
left_child=2 3 -1 -2 8 11 9 24 -3 14 -10 -4 15 16 -5 -6 22 -11 -9 -16 -14 -15 -12 -22 26 27 -7 -26 -25 -17
right_child=1 4 5 6 12 7 -8 18 10 17 13 -13 20 21 19 29 -18 -19 -20 -21 23 -23 -24 28 25 -27 -28 -29 -30 -31
leaf_value=-0.13111846104284788 0.0039715608728111643 0.11233184111685156 -0.14474400673629526 0.30779699150651241 0.15572788690695455 -0.14639503550337546 0.91092404650261194 -0.14132502939846431 -0.011204644990079027 -0.24837777707486541 -0.1385337087396934 0.0056240046862910736 -0.010464196272292448 -0.16167796200771842 0.039910562161714229 -0.059008210201718737 -0.030579441714478597 0.041893232650330958 -0.1284281183275203 0.17316557797653404 0.23548662892510031 -0.093940280186823266 -0.064889032841995764 -0.12497269506331588 -0.13931416721073436 -0.13988627705326626 -0.12992097645224368 0.062219045942059209 0.1305337032858816 0.010286238366877587
leaf_weight=21849 10867 7765 4698 16688 6085 3855 6285 13022 33894 2181 6231 12661 4228 6206 10926 7426 23238 3174 1743 23811 10537 6259 6001 1607 465 1057 4565 2171 5732 31002
leaf_count=21849 10867 7765 4698 16688 6085 3855 6285 13022 33894 2181 6231 12661 4228 6206 10926 7426 23238 3174 1743 23811 10537 6259 6001 1607 465 1057 4565 2171 5732 31002
internal_value=-0.00168434 0.00530388 -0.0260206 0.0195897 -0.00145851 -0.0171277 0.0148894 -0.0243582 -0.00623033 0.0125837 -0.0077778 -0.00594216 0.00495894 -0.0119064 0.0145523 0.00168378 -0.00870595 -0.0063212 -0.0327411 0.0110041 0.0115545 -0.0210229 -0.0162688 0.0146092 -0.0141013 -0.0028026 -0.0190736 0.00713202 0.00694236 -0.000429374
internal_weight=296229 230143 66086 73932 156211 44237 63065 26878 89594 56780 81829 17359 66617 47935 51425 44513 35470 5355 14765 34737 22104 12465 12232 17876 12113 3693 8420 2636 7339 38428
internal_count=296229 230143 66086 73932 156211 44237 63065 26878 89594 56780 81829 17359 66617 47935 51425 44513 35470 5355 14765 34737 22104 12465 12232 17876 12113 3693 8420 2636 7339 38428
cat_boundaries=0 3 6 8 10 13 15 17 19 21 23 25 27 29 31
cat_threshold=2415965202 135547465 1 33587330 1077936128 2 2147483648 1049088 1351155968 2166424850 1317601600 2148085778 10 134742032 2166358274 9216 16456 185876480 2435323138 553664512 872415616 18104320 52560128 0 2097408 0 2147549200 536870912 570490880 1090797824 354432258
is_linear=0
shrinkage=0.05


Tree=35
num_leaves=31
num_cat=11
split_feature=17 17 17 17 1 0 0 6 5 6 6 17 12 5 7 7 6 6 8 5 17 17 6 17 6 8 8 17 17 17
split_gain=19531.3 8678.93 3511.66 2803.31 2321.14 1105.92 1086.83 869.555 838.954 801.767 764.016 751.736 720.639 652.799 596.154 587.391 491.495 488.782 422.74 374.176 444.631 373.336 391.244 372.558 348.917 348.367 348.64 330.668 316.268 310.069
threshold=0 1 2 3 22.500000000000004 67.500000000000014 7.5000000000000009 17.500000000000004 21.250000000000004 18.500000000000004 10.500000000000002 4 63.500000000000007 26.250000000000004 4.5000000000000009 1.0000000180025095e-35 10.500000000000002 10.500000000000002 23.500000000000004 28.750000000000004 5 6 15.500000000000002 7 18.500000000000004 23.500000000000004 28.500000000000004 8 9 10
decision_type=9 9 9 9 2 2 2 2 2 2 2 9 2 2 2 2 2 2 2 2 9 9 2 9 2 2 2 9 9 9
left_child=3 2 -2 6 7 9 -1 12 10 25 29 -9 14 16 15 27 -6 28 -8 20 -19 22 -12 -11 -24 -4 -27 -3 -17 -5
right_child=1 4 5 8 13 -7 18 11 -10 23 21 -13 -14 -15 -16 17 -18 19 -20 -21 -22 -23 24 -25 -26 26 -28 -29 -30 -31
leaf_value=-0.12456253799070548 0.0037729828291706013 0.0059068451478266233 0.31796613353847469 0.010038353062660921 0.15528288666214199 0.94070403706730277 -0.014405117121816958 -0.17793043538194722 -0.085078301371400142 0.076936216352982006 -0.12891392888882666 -0.072276678516582302 -0.28289543173893067 0.13247945913080522 -0.061967949328692387 0.00080515177576483414 0.001938477444033282 -0.079426146717166371 0.0091008712751314402 0.044753131047744789 0.011656631632721038 -0.12381042187634811 0.032241718819948952 -0.24044616901070573 -0.13289196320060292 0.088759373856413859 0.21995915737804703 -0.099363847415838258 0.21068562798801951 -0.13958842372571173
leaf_weight=18047 10984 4211 13260 3250 6636 6490 661 6707 14537 2510 3925 12574 1474 22749 25219 5451 43082 8910 736 4583 12288 12568 1819 2268 1139 16281 13245 8072 8323 4230
leaf_count=18047 10984 4211 13260 3250 6636 6490 661 6707 14537 2510 3925 12574 1474 22749 25219 5451 43082 8910 736 4583 12288 12568 1819 2268 1139 16281 13245 8072 8323 4230
internal_value=-0.00181228 0.00472003 0.0202558 -0.0270444 -0.0012147 0.0150118 -0.0427162 -0.00623952 -0.0196875 0.0123728 -0.0249174 -0.0157539 -0.00390355 0.00556736 -0.00324111 -0.000173618 0.0023573 0.00279231 -0.000250537 -0.00127032 -0.00407114 -0.0301398 -0.0206659 -0.00705316 -0.00696416 0.0145421 0.0115187 -0.00972482 0.0103964 -0.0113369
internal_weight=296229 235317 65038 60912 170279 54054 19444 97812 41468 47564 26931 19281 78531 72467 77057 51838 49718 39555 1397 25781 21198 19451 6883 4778 2958 42786 29526 12283 13774 7480
internal_count=296229 235317 65038 60912 170279 54054 19444 97812 41468 47564 26931 19281 78531 72467 77057 51838 49718 39555 1397 25781 21198 19451 6883 4778 2958 42786 29526 12283 13774 7480
cat_boundaries=0 3 5 7 9 12 15 17 19 22 24 26
cat_threshold=184598674 1348468992 2 2415932416 1329737 2147483648 1049088 33587330 1077936128 604045312 771818624 4 1310724 721552384 8 134217728 2097408 268439552 264193 589828 671687858 9 537657344 2164798482 16793600 268435456
is_linear=0
shrinkage=0.05


Tree=36
num_leaves=31
num_cat=14
split_feature=0 17 17 17 6 3 6 17 17 17 17 8 6 8 17 6 17 5 5 13 17 5 17 5 0 17 14 6 17 17
split_gain=18982.5 8247.89 4455.15 4077.21 1603.83 1115.17 983.205 949.263 886.212 878.393 800.991 639.933 610.615 546.301 512.463 473.256 424.192 400.876 348.43 343.483 328.34 305.626 295.955 295.902 269.403 249.838 245.891 359.132 319.944 287.011
threshold=7.5000000000000009 0 1 2 10.500000000000002 17.500000000000004 15.500000000000002 3 4 5 6 24.500000000000004 9.5000000000000018 23.500000000000004 7 18.500000000000004 8 21.250000000000004 31.250000000000004 11.500000000000002 9 21.250000000000004 10 18.750000000000004 37.500000000000007 11 490.04732500000006 18.500000000000004 12 13
decision_type=2 9 9 9 2 2 2 9 9 9 9 2 2 2 9 2 9 2 2 2 9 2 9 2 2 9 2 2 9 9
left_child=2 9 -1 6 14 12 8 26 21 13 24 19 -5 -2 -4 18 23 -9 25 -10 -12 -3 -17 -14 -8 -7 28 29 -6 -28
right_child=1 3 4 5 7 15 10 17 11 -11 20 -13 16 -15 -16 22 -18 -19 -20 -21 -22 -23 -24 -25 -26 -27 27 -29 -30 -31
leaf_value=-0.11833441109117021 1.4931983548694412 0.25643836390739028 -0.13052738521319487 0.061924096670505163 -0.13482136865963668 0.031869918090080419 -0.23669716784991079 -0.1280682568347237 0.25482104879866335 0.0035843336877120716 0.21815838141702867 0.036798168636617494 -0.1225981108568997 0.19294760923054907 -0.0010969531653907793 -0.012721315900171781 -0.040414011226297931 -0.11775279734257427 0.13248668792461898 0.095934013478787966 0.019737249763454125 0.5775522956025817 -0.10359786732452303 -0.073608654680358584 -0.038758457233696399 -0.015719191264421183 -0.12873462492436852 -0.1262473650405728 -0.12032653016319689 0.06453716085040169
leaf_weight=21849 2305 11945 3522 5529 3855 20470 3222 13010 10958 10867 6060 24947 8992 4028 13837 3727 30148 1743 6310 8825 22318 6765 3522 13177 4443 21585 465 1058 4576 2171
leaf_count=21849 2305 11945 3522 5529 3855 20470 3222 13010 10958 10867 6060 24947 8992 4028 13837 3727 30148 1743 6310 8825 22318 6765 3522 13177 4443 21585 465 1058 4576 2171
internal_value=-0.00190748 0.00487501 -0.0255273 0.00218382 -0.0163909 -0.00429453 0.00957203 -0.0240457 0.0133197 0.0381697 0.00297839 0.00949039 -0.00915534 0.0232619 -0.00454807 0.0007606 -0.0108254 -0.0325645 0.00254626 0.0162084 0.00685149 0.0224573 -0.0111533 -0.016076 -0.011355 0.00090239 -0.0136424 -0.00289659 -0.0183667 0.00698027
internal_weight=296229 230143 66086 212943 44237 113460 99483 26878 63440 17200 36043 44730 57846 6333 17359 55614 52317 14753 48365 19783 28378 18710 7249 22169 7665 42055 12125 3694 8431 2636
internal_count=296229 230143 66086 212943 44237 113460 99483 26878 63440 17200 36043 44730 57846 6333 17359 55614 52317 14753 48365 19783 28378 18710 7249 22169 7665 42055 12125 3694 8431 2636
cat_boundaries=0 2 5 8 10 12 14 16 18 20 22 24 26 28 30
cat_threshold=2147483648 1311232 33587330 1077936128 2 378090516 2281785417 13 1351155968 2166424914 12288 84032 0 262144 65536 134299649 134217744 2166358272 17842176 119669120 310902800 2048 1073742144 17440800 536870976 100794546 0 2097408 0 2147549200
is_linear=0
shrinkage=0.05


Tree=37
num_leaves=31
num_cat=13
split_feature=17 17 1 17 0 6 17 1 6 17 12 17 8 8 6 17 17 8 0 8 17 17 6 6 17 6 17 14 17 6
split_gain=18571.8 8160.24 3936.01 2930.46 1180.54 1130.57 878.348 852.991 846.952 789.997 770.712 771.956 681.258 576.684 526.834 614.797 552.335 525.659 374.543 360.955 359.135 354.327 407.972 345.457 328.753 322.681 512.785 638.956 319.64 304.31
threshold=0 1 27.500000000000004 2 7.5000000000000009 17.500000000000004 3 47.500000000000007 18.500000000000004 4 63.500000000000007 5 23.500000000000004 23.500000000000004 15.500000000000002 6 7 23.500000000000004 7.5000000000000009 23.500000000000004 8 9 15.500000000000002 11.500000000000002 10 10.500000000000002 11 490.04732500000006 12 15.500000000000002
decision_type=9 9 2 9 2 2 9 2 2 9 2 9 2 2 2 9 9 2 2 2 9 9 2 2 9 2 9 2 9 2
left_child=3 6 5 4 -1 10 17 14 12 -7 11 23 24 20 16 -16 -4 -2 25 -18 -13 22 -15 -3 -5 -14 27 -27 -21 -9
right_child=1 2 7 8 -6 9 -8 29 -10 -11 -12 13 18 21 15 -17 19 -19 -20 28 -22 -23 -24 -25 -26 26 -28 -29 -30 -31
leaf_value=-0.11241769053661171 1.4185384371259695 0.13235678954935323 0.0025469590712342339 0.013760627216585331 0.00071607038925627366 -0.16879625718460176 0.0034051170033264633 0.37001811212146607 -0.12093869037973387 -0.058697126487598353 -0.26234724731024794 0.13729773337921378 -0.12669228198486762 -0.030845239433360663 -0.27279175702801572 0.035219426253176422 0.24608734782741737 0.18284634779477216 -0.10829995414645106 0.22339482732500429 -0.008756935758831564 -0.084913320263269393 0.043987081411848816 -0.001046728290765664 -0.099045661004594276 -0.1386311160114008 -0.11170318022797221 0.080081174822806481 0.057522599057568159 0.17128452531073163
leaf_weight=18047 2306 16395 11370 4137 1397 6577 10984 13700 5851 17358 1764 6910 4511 17146 2287 22304 12336 4029 6690 6927 13143 26689 4680 13677 8514 3986 6441 1338 14291 10444
leaf_count=18047 2306 16395 11370 4137 1397 6577 10984 13700 5851 17358 1764 6910 4511 17146 2287 22304 12336 4029 6690 6927 13143 26689 4680 13677 8514 3986 6441 1338 14291 10444
internal_value=-0.00195069 0.00441917 0.00179397 -0.0265553 -0.0425774 -0.00403695 0.037443 0.00953512 -0.0190342 -0.013802 -0.0017091 -0.00112328 -0.0161426 -0.00405232 0.00672301 0.000839738 0.00994346 0.0225138 -0.0212749 0.0131689 0.00307934 -0.00700093 -0.00227148 0.00555482 -0.00682555 -0.0253686 -0.029728 -0.018129 0.00921859 0.0176317
internal_weight=296229 235317 217998 60912 19444 124339 17319 93659 41468 23935 100404 98640 35617 68568 69515 24591 44924 6335 22966 33554 20053 48515 21826 30072 12651 16276 11765 5324 21218 24144
internal_count=296229 235317 217998 60912 19444 124339 17319 93659 41468 23935 100404 98640 35617 68568 69515 24591 44924 6335 22966 33554 20053 48515 21826 30072 12651 16276 11765 5324 21218 24144
cat_boundaries=0 3 5 7 9 11 14 16 18 20 22 24 26 28
cat_threshold=184598674 1348468992 2 2147483648 1311232 33587330 1077936128 0 262144 536937472 570508480 612439044 134826217 13 262144 2684437506 1149509888 84422658 1074004032 570556432 1342710016 67118098 16777232 268435456 16777216 2097408 536870912 33638593
is_linear=0
shrinkage=0.05


Tree=38
num_leaves=31
num_cat=13
split_feature=0 17 17 3 6 6 3 17 17 6 17 17 17 17 8 5 5 17 6 17 0 17 8 3 17 17 14 13 6 6
split_gain=18320.7 8109.77 4624.1 3974.07 1513.48 1426.73 1343.54 999.925 901.511 678.432 776.861 622.641 567.053 531.29 456.775 435.432 424.782 398.7 361.286 308.869 296.558 296.23 260.849 238.243 228.52 217.409 216.329 203.831 202.39 486.454
threshold=7.5000000000000009 0 1 27.500000000000004 10.500000000000002 10.500000000000002 62.500000000000007 2 3 15.500000000000002 4 5 6 7 23.500000000000004 21.250000000000004 18.750000000000004 8 18.500000000000004 9 72.500000000000014 10 28.500000000000004 14.000000000000002 11 12 590.04964166666684 11.500000000000002 15.500000000000002 18.500000000000004
decision_type=2 9 9 2 2 2 2 9 9 2 9 9 9 9 2 2 2 9 2 9 2 9 2 2 9 9 2 2 2 2
left_child=2 -2 24 4 8 13 9 28 26 11 -11 -5 -6 -4 27 -9 19 -16 23 -14 -8 -12 -23 -18 -1 -20 -3 -13 -7 -30
right_child=1 3 5 6 12 7 20 15 -10 10 21 14 16 -15 17 -17 18 -19 25 -21 -22 22 -24 -25 -26 -27 -28 -29 29 -31
leaf_value=-0.10679680600978113 0.0032348611531601182 -0.02137311983558279 -0.11766640185329176 -0.0083908527539488641 -0.0023133042347987854 -0.11006453764187354 0.34761151526967071 -0.11607968498158888 0.19836919762835503 -0.22612021540419713 0.26925893521059446 0.31067922595951514 -0.12321484293096177 0.0093683726812415109 0.51503461087729652 -0.10627999846404693 -0.037955463877041407 0.093037431932173939 -0.1583952867230366 -0.080667654250105969 1.1393829811429457 0.0040090293769047495 0.12744281188775694 -0.0090189931848957631 -0.10679680600978113 -0.06729629670895898 0.26572004688988199 0.14895932164533096 0.0080869501339751789 -0.11388806226955746
leaf_weight=12258 10867 10832 6972 7832 32461 7095 5614 12533 13318 3923 3069 12692 9825 10387 2113 1730 11045 25843 2451 12356 4017 18806 7443 25334 9591 3699 543 6060 4001 1519
leaf_count=12258 10867 10832 6972 7832 32461 7095 5614 12533 13318 3923 3069 12692 9825 10387 2113 1730 11045 25843 2451 12356 4017 18806 7443 25334 9591 3699 543 6060 4001 1519
internal_value=-0.00197634 0.00468687 -0.0251808 0.00259615 -0.00342185 -0.0158734 0.010125 -0.0230932 0.00763172 0.00818002 0.00254956 0.0116117 -0.00623077 -0.00470361 0.0137977 -0.0321621 -0.00893541 0.00975104 -0.00601119 -0.0145462 0.0278528 0.00534643 0.00362352 -0.00411639 -0.0439979 -0.0172195 -0.00270971 0.0198379 -0.012804 -0.00563406
internal_weight=296229 230143 66086 219276 121864 44237 97412 26878 24693 87781 33241 54540 97171 17359 46708 14263 64710 27956 42529 22181 9631 29318 26249 36379 21849 6150 11375 18752 12615 5520
internal_count=296229 230143 66086 219276 121864 44237 97412 26878 24693 87781 33241 54540 97171 17359 46708 14263 64710 27956 42529 22181 9631 29318 26249 36379 21849 6150 11375 18752 12615 5520
cat_boundaries=0 2 5 7 9 11 13 16 18 20 23 25 28 30
cat_threshold=2147483648 1049088 33587330 1077936128 2 1083769088 2166428946 840728898 2167158034 50348032 2717995266 1091567872 86519842 512270610 2148100211 11 471334928 2736791952 0 81920 17842176 906101120 4 277348352 262176 33587200 0 2 18169856 805306752
is_linear=0
shrinkage=0.05


Tree=39
num_leaves=31
num_cat=13
split_feature=0 17 17 3 6 6 0 17 17 6 17 17 17 5 5 17 6 3 8 17 6 17 17 8 17 17 14 8 6 6
split_gain=18136.2 8153.32 4642.73 3629.14 1450.52 1413.8 1263.01 998 613.603 567.038 702.012 530.438 526.054 520.914 438.224 421.034 413.077 387.801 353.149 305.777 301.35 291.859 291.73 258.375 237.141 228.52 217.504 203.221 199.369 485.031
threshold=7.5000000000000009 0 1 27.500000000000004 9.5000000000000018 10.500000000000002 57.500000000000007 2 3 15.500000000000002 4 5 6 18.750000000000004 21.250000000000004 7 17.500000000000004 72.500000000000014 23.500000000000004 8 10.500000000000002 9 10 28.500000000000004 11 12 469.82832500000001 28.500000000000004 18.500000000000004 15.500000000000002
decision_type=2 9 9 2 2 2 2 9 9 2 9 9 9 2 2 9 2 2 2 9 2 9 9 2 9 9 2 2 2 2
left_child=2 -2 25 4 15 11 9 28 -6 12 27 -4 -5 24 -9 -3 19 -8 -14 26 -21 -18 -20 -12 -10 -1 -15 -11 29 -7
right_child=1 3 5 6 8 7 17 14 13 10 23 -13 18 16 -16 -17 21 -19 22 20 -22 -23 -24 -25 -26 -27 -28 -29 -30 -31
leaf_value=-0.10145696570929208 0.0030731180955021033 0.0055436444035452228 -0.11178308176062718 -0.014014144565265242 -0.00061423735031080901 -0.10456131075977987 0.31790799157129684 -0.11027570073250943 -0.11091774169089362 -0.26693517506826459 0.016853308275097591 0.0088999540471794703 0.21947184260918393 -0.080144432983896341 -0.10096599854084456 0.23007996688810606 -0.22635387806009968 1.0406423662125235 0.47333181543753189 0.15698772131192681 -0.0067813473460225822 -0.08220674263932698 0.084935403996232145 0.1416705857120287 -0.083373285637950822 -0.10145696570929208 0.04857022677864134 0.0042908644424490385 -0.10819365915607958 0.0076826026272764029
leaf_weight=12258 10867 4784 6972 6716 39351 7095 10098 12533 8716 2725 19744 10387 17433 5505 1730 7607 956 4245 1817 2337 25234 9173 25533 8034 16499 9591 1702 1067 1519 4001
leaf_count=12258 10867 4784 6972 6716 39351 7095 10098 12533 8716 2725 19744 10387 17433 5505 1730 7607 956 4245 1817 2337 25234 9173 25533 8034 16499 9591 1702 1067 1519 4001
internal_value=-0.00205567 0.0045739 -0.025143 0.00247759 -0.00327332 -0.0158169 0.00967232 -0.0230039 -0.00510857 0.00730658 0.00203041 -0.00469785 0.010541 -0.00791222 -0.032064 0.0129408 -0.00468412 0.0233738 0.0124964 -0.00209615 0.000302745 -0.0135699 0.0089543 0.00478624 -0.0136645 -0.0439979 -0.0112581 -0.018122 -0.0127248 -0.0104092
internal_weight=296229 230143 66086 219276 121864 44237 97412 26878 109473 83069 31570 17359 51499 70122 14263 12391 44907 14343 44783 34778 27571 10129 27350 27778 25215 21849 7207 3792 12615 11096
internal_count=296229 230143 66086 219276 121864 44237 97412 26878 109473 83069 31570 17359 51499 70122 14263 12391 44907 14343 44783 34778 27571 10129 27350 27778 25215 21849 7207 3792 12615 11096
cat_boundaries=0 2 5 7 10 12 14 16 19 21 23 25 28 31
cat_threshold=2147483648 1049088 33587330 1077936128 2 1083769088 2166428946 512336144 2282317939 11 50348032 2717995266 471334928 2736791952 1091567872 86511618 839647552 19673360 2 16386 18874624 16777216 536870912 0 81920 18104320 369099008 4 33587200 0 2
is_linear=0
shrinkage=0.05


Tree=40
num_leaves=31
num_cat=15
split_feature=0 17 17 3 6 6 17 17 0 3 17 6 17 5 17 6 17 17 17 8 17 12 17 5 9 17 6 6 17 17
split_gain=17608.2 8199.5 4799.97 3356.39 1537.94 1437.23 978.581 969.459 889.619 873.924 608.633 516.92 481.005 431.024 412.987 386.444 383.058 327.04 271.732 238.349 246.823 237.904 228.52 224.776 213.893 202.262 200.86 471.396 442.876 310.819
threshold=7.5000000000000009 0 1 37.500000000000007 10.500000000000002 10.500000000000002 2 3 72.500000000000014 17.500000000000004 4 17.500000000000004 5 21.250000000000004 6 15.500000000000002 7 8 9 24.500000000000004 10 63.500000000000007 11 28.750000000000004 5.5000000000000009 12 18.500000000000004 15.500000000000002 13 14
decision_type=2 9 9 2 2 2 9 9 2 2 9 2 9 2 9 2 9 9 9 2 9 2 9 2 2 9 2 2 9 9
left_child=2 -2 22 5 12 7 26 -3 15 10 24 17 -4 -8 -13 19 -17 -11 -12 -5 -21 -14 -1 -19 -7 -9 27 28 -6 -29
right_child=1 3 4 8 6 9 13 25 -10 11 18 14 21 -15 -16 16 -18 23 -20 20 -22 -23 -24 -25 -26 -27 -28 29 -30 -31
leaf_value=-0.096384117423827492 0.0029194621907270069 -0.0089341783144072373 -0.10619392767259579 0.24754534461247424 -0.11041745200600213 -0.014838655938218183 -0.10476191569588399 0.30054972716884087 0.90973061439590319 0.062298851870569827 -0.059397246695025357 -0.17272112789930649 0.0042570394884553055 -0.095917698613802352 -0.021104371680641699 -0.14688390275732807 0.10860962920315771 -0.019683159188277167 -0.10072246069982604 0.42987856209824288 0.079987406138352313 -0.43293379393400588 -0.096384117423827492 0.039381111376955324 0.015237006789139508 0.15404115986948491 -0.10278397619827558 -0.12015151499183273 -0.099333245221790864 0.025101873713361658
leaf_weight=12258 10867 12821 3522 16991 3593 2548 12533 5450 5171 27989 28002 4471 13504 1730 12303 3176 18183 24037 17378 1741 12373 333 9591 8389 7372 10881 1519 605 3502 3396
leaf_count=12258 10867 12821 3522 16991 3593 2548 12533 5450 5171 27989 28002 4471 13504 1730 12303 3176 18183 24037 17378 1741 12373 333 9591 8389 7372 10881 1519 605 3502 3396
internal_value=-0.00207795 0.0044544 -0.0248267 0.00235218 -0.0153445 -0.00134155 -0.0228402 0.00870952 0.0127119 -0.00355313 -0.00835081 -0.000115949 -0.00374734 -0.0318118 -0.00788124 0.0107617 0.00558313 0.00204006 -0.0108019 0.0143176 0.00951537 0.000458583 -0.0439979 -0.0013781 0.00287009 0.0167829 -0.0126614 -0.0103371 -0.0180761 0.00338665
internal_weight=296229 230143 66086 219276 44237 161641 26878 29152 57635 132489 55300 77189 17359 14263 16774 52464 21359 60415 45380 31105 14114 13837 21849 32426 9920 16331 12615 11096 7095 4001
internal_count=296229 230143 66086 219276 44237 161641 26878 29152 57635 132489 55300 77189 17359 14263 16774 52464 21359 60415 45380 31105 14114 13837 21849 32426 9920 16331 12615 11096 7095 4001
cat_boundaries=0 2 5 7 9 12 14 16 18 21 23 25 28 31 33 35
cat_threshold=2147483648 1049088 33587330 1077936128 2 1083769088 2166428946 840696130 2167158034 234980370 2148100162 11 134217744 2166358272 620848128 2954970497 16384 536961025 1049165888 671434969 1 1619788096 287577137 536887296 33636480 33587200 0 2 28688 536954945 12 1074266112 2101506 0 2147549184
is_linear=0
shrinkage=0.05


Tree=41
num_leaves=31
num_cat=10
split_feature=17 17 1 17 0 0 5 6 5 6 6 5 17 17 1 17 6 6 5 17 17 0 0 17 6 17 0 0 8 6
split_gain=17350.5 8129.17 3303.6 3135.7 1269.85 1259.76 966.374 884.625 815.637 808.019 706.737 599.901 575.547 451.243 444.882 416.47 344.535 348.09 342.529 340.772 332.956 320.067 303.375 296.14 281.196 286.704 263.956 261.145 248.302 207.746
threshold=0 1 22.500000000000004 2 52.500000000000007 7.5000000000000009 21.250000000000004 9.5000000000000018 16.250000000000004 10.500000000000002 10.500000000000002 23.750000000000004 3 4 77.500000000000014 5 15.500000000000002 18.500000000000004 12.750000000000002 6 7 7.5000000000000009 7.5000000000000009 8 17.500000000000004 9 7.5000000000000009 7.5000000000000009 23.500000000000004 10.500000000000002
decision_type=9 9 2 9 2 2 2 2 2 2 2 2 9 9 2 9 2 2 2 9 9 2 2 9 2 9 2 2 2 2
left_child=3 26 7 5 10 -1 9 15 12 -5 23 19 21 16 -6 -3 27 -18 -17 -12 -13 -9 -15 -4 29 -26 -2 -11 -7 -10
right_child=1 2 4 6 14 28 -8 8 24 13 11 20 -14 22 -16 18 17 -19 -20 -21 -22 -23 -24 -25 25 -27 -28 -29 -30 -31
leaf_value=-0.091564911552636116 -0.15980704911165527 0.16622323370930447 -0.0068238939722677474 -0.10512577342847923 0.2466585693598157 -0.020862354849763155 -0.068798891016456934 -0.13632032560766713 0.11335388321970018 -0.092543443190450658 0.07093239302288197 0.030542646415949195 -0.032177927742815096 -0.090886126759428587 1.085606064838508 -0.033755469811424368 0.040654687364028511 -0.097644777388361803 0.17802557664286472 -0.022545857530240278 0.14772150705482048 -0.080096354102800235 -0.15285580005717297 0.24645448617892854 -0.22302107503206559 -0.056085231926431695 0.002773489081190661 -0.0441044641160242 0.010015251493025446 -0.0066056559074698208
leaf_weight=18047 117 7599 2192 7480 16676 661 14537 6701 3443 2894 15145 18612 16121 9488 3501 9192 1819 1139 1856 31767 22848 16649 3080 10683 561 8828 10867 1031 736 31959
leaf_count=18047 117 7599 2192 7480 16676 661 14537 6701 3443 2894 15145 18612 16121 9488 3501 9192 1819 1139 1856 31767 22848 16649 3080 10683 561 8828 10867 1031 736 31959
internal_value=-0.00211036 0.0040465 0.00198914 -0.0258921 0.00757511 -0.0424643 -0.0181132 -0.00460164 -0.00678242 -0.0237254 0.0052925 0.003698 -0.0120228 -0.0290962 0.0190291 0.00525286 -0.0187074 -0.00584855 -0.000949539 -0.000174795 0.00808008 -0.0170377 -0.0347432 0.0162369 -0.0021645 -0.00985728 0.0460251 -0.0284459 0.00325698 -0.000124287
internal_weight=296229 235317 224333 60912 121424 19444 41468 102909 84262 26931 101247 88372 39471 19451 20177 18647 6883 2958 11048 46912 41460 23350 12568 12875 44791 9389 10984 3925 1397 35402
internal_count=296229 235317 224333 60912 121424 19444 41468 102909 84262 26931 101247 88372 39471 19451 20177 18647 6883 2958 11048 46912 41460 23350 12568 12875 44791 9389 10984 3925 1397 35402
cat_boundaries=0 3 5 7 10 12 15 17 19 21 23
cat_threshold=184598674 1348468992 2 2147483648 1049088 33587330 1077936128 538252352 2919634144 4 134217728 2097408 1073812484 201477321 13 813694976 134498408 1687420928 2802398258 269746432 17305600 0 536936448
is_linear=0
shrinkage=0.05


Tree=42
num_leaves=31
num_cat=10
split_feature=0 17 17 17 6 3 17 6 17 3 8 8 17 6 17 17 17 6 12 8 5 6 5 17 6 5 6 5 13 8
split_gain=17123.4 8280.09 4899.85 2867.23 1265.94 992.887 881.632 844.493 832.704 697.217 691.801 614.484 592.937 445.672 544.694 362.067 348.084 368.549 333.869 323 287.494 286.245 279.747 507.173 271.197 267.739 257.973 254.96 251.442 234.062
threshold=7.5000000000000009 0 1 2 18.500000000000004 72.500000000000014 3 14.500000000000002 4 22.500000000000004 24.500000000000004 23.500000000000004 5 17.500000000000004 6 7 8 10.500000000000002 63.500000000000007 28.500000000000004 21.250000000000004 9.5000000000000018 16.250000000000004 9 9.5000000000000018 31.250000000000004 14.500000000000002 18.750000000000004 11.500000000000002 28.500000000000004
decision_type=2 9 9 9 2 2 9 2 9 2 2 2 9 2 9 9 9 2 2 2 2 2 2 9 2 2 2 2 2 2
left_child=2 -2 -1 5 6 7 18 8 -3 13 28 -8 19 21 -15 -14 17 -13 -4 -9 29 -5 23 -23 -12 -11 -25 -26 -10 -17
right_child=1 3 4 9 -6 -7 11 12 10 25 24 16 15 14 -16 20 -18 -19 -20 -21 -22 22 -24 26 27 -27 -28 -29 -30 -31
leaf_value=-0.086986665975004318 0.0026348146271311101 0.56738940159782703 0.012898360489912353 0.062907149362911419 -0.096673115715705388 0.78342773522128939 -0.028631707557355224 -0.26877703596945379 0.29597393541977901 0.0040742144240482501 0.17720310013824447 -0.11967182231114326 0.24817068586017543 -0.11839259129882787 -0.037903142199650922 -0.047313028594285461 -0.095627942617542025 -0.080689307400327162 -0.21920369970809075 0.10513607663356161 0.10719663037488206 -0.10027815447883902 -0.01015247484179751 -0.045878047478899835 -0.032668842743472482 0.12893403062284889 0.018454874661874589 0.079316175663679905 0.12942927993317035 0.042215133403415719
leaf_weight=21849 10867 4017 8922 6692 5375 5093 6213 3005 9977 34931 4188 2198 3878 6771 11024 12345 16162 4837 530 1259 12670 8302 40580 6982 9957 6025 4375 11731 8732 6742
leaf_count=21849 10867 4017 8922 6692 5375 5093 6213 3005 9977 34931 4188 2198 3878 6771 11024 12345 16162 4837 530 1259 12670 8302 40580 6982 9957 6025 4375 11731 8732 6742
internal_value=-0.00219509 0.00424671 -0.0246285 0.0021342 -0.0150485 0.00875924 -0.0119062 0.00752477 0.0119501 -0.0027997 0.00997758 -0.0161727 0.00213414 -0.00538914 -0.012422 0.00424323 -0.0199185 -0.0292193 0.00138449 -0.0154656 0.00247899 -0.0035193 -0.00460914 -0.00950455 0.00468388 0.0025564 -0.00262602 0.00243453 0.0173045 -0.00139624
internal_weight=296229 230143 66086 219276 44237 93594 38862 88501 48602 125682 44585 29410 39899 84726 17795 35635 23197 7035 9452 4264 31757 66931 60239 19659 25876 40956 11357 21688 18709 19087
internal_count=296229 230143 66086 219276 44237 93594 38862 88501 48602 125682 44585 29410 39899 84726 17795 35635 23197 7035 9452 4264 31757 66931 60239 19659 25876 40956 11357 21688 18709 19087
cat_boundaries=0 2 5 8 11 13 15 18 20 22 25
cat_threshold=2147483648 1049088 33587330 1077936128 2 276902934 134563913 13 1620116740 218190953 5 0 81920 0 81920 620773376 872949120 2 268435472 262144 134234128 268435456 1091846208 838996224 2
is_linear=0
shrinkage=0.05


Tree=43
num_leaves=31
num_cat=10
split_feature=17 17 0 1 17 3 6 6 12 17 8 5 17 0 7 7 6 12 12 14 17 14 17 6 17 17 0 17 0 8
split_gain=16825.3 8210.85 3177.16 2812.8 2114.05 1103.69 746.275 647.167 628.626 614.207 604.55 525.768 492.58 415.339 407.947 475.899 345.183 332.552 327.337 308.419 587.895 378.482 306.574 266.224 298.872 265.75 263.956 261.196 259.119 248.689
threshold=0 1 7.5000000000000009 22.500000000000004 2 52.500000000000007 17.500000000000004 10.500000000000002 63.500000000000007 3 23.500000000000004 26.250000000000004 4 77.500000000000014 4.5000000000000009 1.0000000180025095e-35 18.500000000000004 5.5000000000000009 53.500000000000007 509.64515833333343 5 170.15424166666671 6 18.500000000000004 7 8 7.5000000000000009 9 7.5000000000000009 30.500000000000004
decision_type=9 9 2 2 9 2 2 2 2 9 2 2 9 2 2 2 2 2 2 2 9 2 9 2 9 9 2 9 2 2
left_child=2 26 4 6 10 7 8 25 12 28 -1 22 -3 -7 15 -14 19 -17 -19 21 -21 -12 -9 -4 -25 -5 -2 -11 -8 -16
right_child=1 3 23 5 -6 13 9 11 -10 27 16 -13 14 -15 29 17 -18 18 -20 20 -22 -23 -24 24 -26 -27 -28 -29 -30 -31
leaf_value=-0.081660284225662461 -0.1470352995251954 0.097040170389271915 -0.024878428796829333 -0.0066864099948567464 -0.082637332676254088 0.22689436338218238 -0.13781306736069251 0.050798304289716614 -0.22560594812787091 0.021011875672455993 -0.090945048203101966 0.097149008917442006 -0.055432078653420015 1.0616810207099554 -0.037012479179084505 -0.039025982440451662 -0.088957928666491354 0.043340443336656875 -0.035279656428478745 -0.07665484203031081 0.076782207520611045 -0.090945048203101966 -0.016912500225596008 0.065813045522180244 -0.091659863708799749 0.23077306694079791 0.0025030738957745771 -0.062749213701361037 -0.12475042873341868 -0.1012808242929783
leaf_weight=4523 117 8827 15272 2200 21849 15932 1946 32281 1680 713 5257 24042 11515 3307 19335 8664 2189 22325 6176 1173 1184 6416 32646 322 2727 11016 10867 10089 7187 4452
leaf_count=4523 117 8827 15272 2200 21849 15932 1946 32281 1680 713 5257 24042 11515 3307 19335 8664 2189 22325 6176 1173 1184 6416 32646 322 2727 11016 10867 10089 7187 4452
internal_value=-0.00222682 0.00383615 -0.0256459 0.0017685 -0.0331396 0.00692285 -0.00431303 0.00485443 -0.002226 -0.0129997 -0.0216702 0.00332082 -0.00160036 0.0179089 -0.00295887 -0.000336894 -0.0261884 0.00241491 0.00502263 -0.0233072 -0.0068095 -0.0266384 0.000981872 -0.00823918 -0.0217284 0.0151786 0.0460251 -0.00491121 -0.0225364 -0.00832598
internal_weight=296229 235317 60912 224333 42591 121424 102909 102185 82974 19935 20742 88969 81294 19239 72467 48680 16219 37165 28501 14030 2357 11673 64927 18321 3049 13216 10984 10802 9133 23787
internal_count=296229 235317 60912 224333 42591 121424 102909 102185 82974 19935 20742 88969 81294 19239 72467 48680 16219 37165 28501 14030 2357 11673 64927 18321 3049 13216 10984 10802 9133 23787
cat_boundaries=0 3 5 7 10 13 15 18 19 21 24
cat_threshold=184598674 1348468992 2 2147483648 1049088 151011344 270532864 604308480 772367600 4 70656 134826049 13 16793600 268435456 277349444 134564072 1 167804944 269746432 17305600 268435456 0 8
is_linear=0
shrinkage=0.05


Tree=44
num_leaves=31
num_cat=13
split_feature=17 17 0 3 17 6 2 5 17 8 6 17 17 6 17 6 5 14 17 14 17 17 6 17 0 5 17 5 8 17
split_gain=16606.5 8260.88 3227.69 2662.15 2115.89 945.625 935.605 630.009 623.66 607.139 535.649 478.74 436.655 369.958 488.697 345.183 329.237 308.419 587.895 378.482 287.312 279.139 269.024 297.17 263.956 260.533 259.514 300.403 234.98 228.52
threshold=0 1 7.5000000000000009 27.500000000000004 2 10.500000000000002 72.500000000000014 10.750000000000002 3 23.500000000000004 16.500000000000004 4 5 17.500000000000004 6 18.500000000000004 18.750000000000004 509.64515833333343 7 170.15424166666671 8 9 18.500000000000004 10 7.5000000000000009 31.250000000000004 11 18.750000000000004 23.500000000000004 12
decision_type=9 9 2 2 9 2 2 2 9 2 2 9 9 2 9 2 2 2 9 2 9 9 2 9 2 2 9 2 2 9
left_child=2 24 4 5 9 8 10 21 -3 -1 12 -12 28 26 -15 17 20 19 -19 -11 -10 -7 -4 -24 -2 -14 -9 -28 -5 -6
right_child=1 3 22 6 29 7 -8 13 16 15 11 -13 25 14 -16 -17 -18 18 -20 -21 -22 -23 23 -25 -26 -27 27 -29 -30 -31
leaf_value=-0.077577270014379307 -0.13968353454893562 0.14692641291627559 -0.02363450735698791 0.2471032318030158 -0.078505466042441407 -0.13348210675006827 0.73008400948403251 0.005643202403348902 -0.083296022759461158 -0.086397795792946888 -0.13737796794266988 0.046715360159962228 0.025476117200504335 -0.15210126013063416 -0.047617407970586535 -0.084510032233166804 0.1141070534507601 -0.072822099928795278 0.072943097144580457 -0.086397795792946888 -0.01385157436621931 -0.1018593580505911 0.062522393246071228 -0.087076870523359773 0.0023779202009858837 0.17634908514184711 -0.07737950135732366 -0.0063008523506054466 0.11345792149141261 -0.078505466042441407
leaf_weight=4523 117 13768 15272 14715 12258 4875 5194 22972 842 5257 5833 19655 25408 3377 16266 2189 3763 1173 1184 6416 16345 3515 322 2727 10867 3364 14680 27194 22567 9591
leaf_count=4523 117 13768 15272 14715 12258 4875 5194 22972 842 5257 5833 19655 25408 3377 16266 2189 3763 1173 1184 6416 16345 3515 322 2727 10867 3364 14680 27194 22567 9591
internal_value=-0.00231561 0.00370782 -0.0255819 0.00163388 -0.0331349 -0.00310862 0.00788951 -0.00574026 0.00393168 -0.0216606 0.00671823 0.000561048 0.00909407 -0.00444259 -0.0104541 -0.0261884 -0.00150286 -0.0233072 -0.0068095 -0.0266384 -0.00443649 -0.0188081 -0.00803723 -0.0215972 0.0460251 0.00446112 -0.0026216 -0.00496371 0.0126649 -0.0439979
internal_weight=296229 235317 60912 224333 42591 127597 96736 92879 34718 20742 91542 25488 66054 84489 19643 16219 20950 14030 2357 11673 17187 8390 18321 3049 10984 28772 64846 41874 37282 21849
internal_count=296229 235317 60912 224333 42591 127597 96736 92879 34718 20742 91542 25488 66054 84489 19643 16219 20950 14030 2357 11673 17187 8390 18321 3049 10984 28772 64846 41874 37282 21849
cat_boundaries=0 3 5 7 10 12 15 17 19 21 24 25 28 31
cat_threshold=184598674 1348468992 2 2147483648 1049088 151011344 270532864 1073820676 201541737 13 67436544 2852213777 805835840 705120456 1 536937472 536952960 16793600 268435456 0 2147483648 538447936 2919388322 4 167804944 604058880 67725555 1 33587200 0 2
is_linear=0
shrinkage=0.05


Tree=45
num_leaves=31
num_cat=9
split_feature=17 17 0 3 17 6 12 17 17 0 8 7 7 8 8 6 6 13 14 17 14 6 17 0 8 17 6 17 6 0
split_gain=16449.5 8280.47 3257.39 2438.12 2137.05 1001.76 787.057 756.498 743.617 687.856 642.415 449.253 491.453 450.086 487.096 438.367 344.492 329.001 302.898 579.981 377.83 297.784 331.914 276.57 270.086 366.799 266.634 294.202 264.976 263.956
threshold=0 1 7.5000000000000009 37.500000000000007 2 17.500000000000004 63.500000000000007 3 4 72.500000000000014 23.500000000000004 4.5000000000000009 1.0000000180025095e-35 24.500000000000004 29.500000000000004 11.500000000000002 18.500000000000004 16.500000000000004 509.64515833333343 5 170.15424166666671 15.500000000000002 6 7.5000000000000009 25.500000000000004 7 18.500000000000004 8 14.500000000000002 7.5000000000000009
decision_type=9 9 2 2 9 2 2 9 9 2 2 2 2 2 2 2 2 2 2 9 2 2 9 2 2 9 2 9 2 2
left_child=2 29 4 5 10 6 8 23 15 21 -1 12 -10 17 -15 -3 18 -14 20 -20 -12 -5 -23 -7 -13 -26 -4 -28 -16 -2
right_child=1 3 26 9 -6 7 -8 -9 11 -11 16 24 13 14 28 -17 -18 -19 19 -21 -22 22 -24 -25 25 -27 27 -29 -30 -31
leaf_value=-0.073698406513660331 -0.13269935782148884 0.13980514591336224 -0.022452781989138516 0.15009809953626743 -0.074580192740319309 -0.1209475861942365 -0.21006213107058011 -0.031013635461705748 -0.053224120512961638 0.74445159255623783 -0.082077906003299547 -0.0081960650124308643 0.10160384476379997 -0.033592592996920877 0.0099788908470534576 0.011873777037082967 -0.080284530621508449 -0.015110796153146477 -0.069180994932355508 0.069295942287351406 -0.082077906003299547 -0.18240588650993317 0.082215193513008877 -0.13406485889841577 -0.0030471879486048794 -0.10326512039076317 0.059396273583767645 -0.082723026997191793 0.10556217543169835 0.002259024190936554
leaf_weight=4523 117 21343 15272 31023 21849 1771 1942 21045 13065 5171 5257 12693 14891 19483 7946 22747 2189 4278 1173 1184 6416 2525 18778 7504 4967 9092 322 2727 4069 10867
leaf_count=4523 117 21343 15272 31023 21849 1771 1942 21045 13065 5171 5257 12693 14891 19483 7946 22747 2189 4278 1173 1184 6416 2525 18778 7504 4967 9092 322 2727 4069 10867
internal_value=-0.00233721 0.00365768 -0.0254933 0.00158128 -0.0330809 -0.0014787 0.000347212 -0.00969987 0.000803276 0.0104605 -0.0215497 -0.00179128 0.000491119 0.00272071 -0.000955616 0.00612698 -0.0262069 0.00876154 -0.0233286 -0.00697921 -0.0266298 0.00874135 0.00418955 -0.0215886 -0.00722937 -0.012003 -0.00786802 -0.0213677 0.00696213 0.0460251
internal_weight=296229 235317 60912 224333 42591 166836 136516 30320 134574 57497 20742 90484 63732 50667 31498 44090 16219 19169 14030 2357 11673 52326 21303 9275 26752 14059 18321 3049 12015 10984
internal_count=296229 235317 60912 224333 42591 166836 136516 30320 134574 57497 20742 90484 63732 50667 31498 44090 16219 19169 14030 2357 11673 52326 21303 9275 26752 14059 18321 3049 12015 10984
cat_boundaries=0 3 5 7 9 12 14 16 18 19
cat_threshold=184598674 1348468992 2 2147483648 1049088 151011344 270532864 604308480 570508481 276902916 134564073 13 16793600 268435456 0 536961024 603980032 17310720 167804944
is_linear=0
shrinkage=0.05


Tree=46
num_leaves=31
num_cat=10
split_feature=17 17 0 2 17 3 12 6 8 6 5 17 12 17 17 5 17 6 14 17 14 0 6 17 6 0 17 6 6 5
split_gain=16266.2 8326.89 3279.37 2285.41 2144.44 947.037 726.207 682.382 653.124 546.959 442.471 468.651 438.366 413.796 393.972 369.846 352.536 344.492 302.898 579.981 377.83 263.956 260.403 290.829 252.427 229.94 228.52 214.015 205.1 232.941
threshold=0 1 7.5000000000000009 22.500000000000004 2 62.500000000000007 63.500000000000007 9.5000000000000018 23.500000000000004 18.500000000000004 16.250000000000004 3 57.500000000000007 4 5 10.750000000000002 6 18.500000000000004 509.64515833333343 7 170.15424166666671 7.5000000000000009 18.500000000000004 8 10.500000000000002 82.500000000000014 9 18.500000000000004 10.500000000000002 18.750000000000004
decision_type=9 9 2 2 9 2 2 2 2 2 2 9 2 9 9 2 9 2 2 9 2 2 2 9 2 2 9 2 2 2
left_child=2 21 4 6 8 9 7 15 27 12 11 -9 14 -11 -5 16 -3 18 20 -20 -10 -2 -4 -24 -12 -7 -6 -1 -16 -30
right_child=1 3 22 5 26 25 -8 10 17 13 24 -13 -14 -15 28 -17 -18 -19 19 -21 -22 -23 23 -25 -26 -27 -28 -29 29 -31
leaf_value=-0.022524927176740751 -0.12606438993041441 -0.032285303110448194 -0.021330142889681627 0.13447215268298685 -0.070851183103303364 0.28923188915851999 -0.18943082049217141 -0.082218355922838882 -0.077974010703134547 0.012738145775601241 0.10449911454374289 -0.022298122073216933 -0.061775501667453714 -0.16551423605755741 0.13393550801005283 0.22397353227497271 0.086216117032062917 -0.076270304090433033 -0.065721945185737735 0.065831145172983871 -0.077974010703134547 0.0021460729813897574 0.056426459904579222 -0.078586875647332202 -0.014724081755826113 1.0688689643830813 -0.070851183103303364 -0.13681505695205987 -0.030151042709052868 0.047757450981836862
leaf_weight=4101 117 8648 15272 37575 12258 7162 2148 20808 5257 7587 3775 16915 5792 4060 6127 3326 7113 2189 1173 1184 6416 10867 322 2727 41577 2445 9591 422 9853 39422
leaf_count=4101 117 8648 15272 37575 12258 7162 2148 20808 5257 7587 3775 16915 5792 4060 6127 3326 7113 2189 1173 1184 6416 10867 322 2727 41577 2445 9591 422 9853 39422
internal_value=-0.00242228 0.00353912 -0.0254489 0.00145692 -0.0330621 0.00616174 -0.00395648 -0.00335154 -0.0215112 0.00485165 -0.00531026 -0.0093113 0.0060601 -0.00539624 0.00689149 0.00517368 0.0019764 -0.0262069 -0.0233286 -0.00697921 -0.0266298 0.0460251 -0.00776431 -0.0211053 -0.00198227 0.0212189 -0.0439979 -0.00472032 0.00420847 0.00313648
internal_weight=296229 235317 60912 224333 42591 120023 104310 102162 20742 110416 83075 37723 98769 11647 92977 19087 15761 16219 14030 2357 11673 10984 18321 3049 45352 9607 21849 4523 55402 49275
internal_count=296229 235317 60912 224333 42591 120023 104310 102162 20742 110416 83075 37723 98769 11647 92977 19087 15761 16219 14030 2357 11673 10984 18321 3049 45352 9607 21849 4523 55402 49275
cat_boundaries=0 3 5 7 10 13 15 17 19 20 23
cat_threshold=184598674 1348468992 2 2147483648 1049088 151011344 270532864 538772544 2852263112 4 1342181636 219031713 12 268963908 134629576 882639104 2735550610 16793600 268435456 167804944 33587200 0 2
is_linear=0
shrinkage=0.05


Tree=47
num_leaves=31
num_cat=14
split_feature=0 17 17 17 6 17 0 8 6 5 3 12 6 17 8 6 17 17 6 17 17 5 8 13 17 14 17 17 17 17
split_gain=16230.9 8481.39 5026.35 2055.92 1286.58 911.505 775.926 753.215 505.697 701.479 457.84 383.136 333.622 325.693 259.221 372.776 436.769 242.722 368.549 232.94 228.52 222.952 216.94 203.838 199.906 195.547 471.693 195.436 193.726 185.68
threshold=7.5000000000000009 0 1 2 18.500000000000004 3 72.500000000000014 23.500000000000004 10.500000000000002 18.750000000000004 17.500000000000004 63.500000000000007 9.5000000000000018 4 29.500000000000004 15.500000000000002 5 6 10.500000000000002 7 8 31.250000000000004 24.500000000000004 10.500000000000002 9 490.04732500000006 10 11 12 13
decision_type=2 9 9 9 2 9 2 2 2 2 2 2 2 9 2 2 9 9 2 9 9 2 2 2 9 2 9 9 9 9
left_child=2 -2 20 6 5 7 8 23 29 -10 12 -7 -5 -14 15 19 -17 18 -9 -11 -1 28 -21 -4 -8 -19 -27 -6 -12 -3
right_child=1 3 4 10 27 11 24 17 9 14 21 -13 13 -15 -16 16 -18 25 -20 22 -22 -23 -24 -25 -26 26 -28 -29 -30 -31
leaf_value=-0.067308623948138191 0.0020387693323202782 0.27579455550625787 0.038560039158563257 0.042924837657404784 -0.075338320149340152 0.0085303742953413142 0.0476350386207713 -0.096818493160461969 -0.021467267624783171 0.36174103548094916 -0.073408371518136048 -0.18295236473729481 -0.0040866288476483882 -0.054762430617324581 0.16397843129964029 -0.26954179769472264 0.023038109591530544 -0.079805499688877915 -0.062435847926450849 0.12715586018816794 -0.067308623948138191 0.075077675467128915 0.011604973588377733 -0.12614250760467535 0.75539369991891059 0.062539587914334671 -0.103682007207146 -0.078449569437310018 0.0030215150742357367 0.11954716232256289
leaf_weight=12258 10867 4934 2856 5526 3777 12555 770 2198 26740 3432 9185 784 14980 39361 10580 1769 15671 10276 4837 14849 9591 6627 8582 3025 4546 1208 1123 1598 40080 11644
leaf_count=12258 10867 4934 2856 5526 3777 12555 770 2198 26740 3432 9185 784 14980 39361 10580 1769 15671 10276 4837 14849 9591 6627 8582 3025 4546 1208 1123 1598 40080 11644
internal_value=-0.00253942 0.00373224 -0.0243804 0.00159427 -0.0146778 -0.01151 0.00671371 -0.0170427 0.00570717 0.00409015 -0.00298396 -0.000910181 -0.00602252 -0.00721279 0.00732558 0.00564634 -4.58716e-05 -0.0217493 -0.0292193 0.00934185 -0.0439979 0.000270164 0.00754874 -0.00135181 0.0253198 -0.0175438 -0.00448305 -0.0376093 -0.000888054 0.0136687
internal_weight=296229 230143 66086 219276 44237 38862 103517 25523 98201 81623 115759 13339 59867 54341 54883 44303 17440 19642 7035 26863 21849 55892 23431 5881 5316 12607 2331 5375 49265 16578
internal_count=296229 230143 66086 219276 44237 38862 103517 25523 98201 81623 115759 13339 59867 54341 54883 44303 17440 19642 7035 26863 21849 55892 23431 5881 5316 12607 2331 5375 49265 16578
cat_boundaries=0 2 5 8 10 13 15 17 19 22 25 27 29 32 35
cat_threshold=2147483648 1049088 33587330 1077936128 2 378123284 134563913 13 2567454736 2988581120 1207959810 2148017154 2 0 81920 134234128 268435456 0 83968 33587200 0 2 268436484 72 12 524288 2097408 553664528 838944160 1090797568 2434794752 2 12304 83969 4
is_linear=0
shrinkage=0.05


Tree=48
num_leaves=31
num_cat=10
split_feature=17 17 17 3 0 5 6 6 17 12 17 3 8 0 6 17 17 6 6 6 13 14 0 17 0 0 17 5 5 17
split_gain=16221.3 8409.72 3293.59 1990.52 1162.89 1097.69 848.389 840.617 754.36 704.805 633.478 569.972 539.358 449.994 393.823 804.84 379.222 501.611 344.774 307.352 300.012 314.167 297.418 277.625 267.329 263.956 257.45 251.234 250.481 226.749
threshold=0 1 2 37.500000000000007 7.5000000000000009 21.250000000000004 10.500000000000002 17.500000000000004 3 63.500000000000007 4 82.500000000000014 24.500000000000004 7.5000000000000009 14.500000000000002 5 6 15.500000000000002 11.500000000000002 16.500000000000004 10.500000000000002 640.04790833333345 7.5000000000000009 7 7.5000000000000009 7.5000000000000009 8 18.750000000000004 26.250000000000004 9
decision_type=9 9 9 2 2 2 2 2 9 2 9 2 2 2 2 9 9 2 2 2 2 2 2 9 2 2 9 2 2 9
left_child=2 25 4 7 -1 6 -4 9 22 10 18 19 20 16 23 27 17 -8 29 28 -12 -22 -9 -14 -10 -2 -21 -16 -5 -3
right_child=1 3 5 11 -6 -7 13 8 24 -11 12 -13 14 -15 15 -17 -18 -19 -20 26 21 -23 -24 -25 -26 -27 -28 -29 -30 -31
leaf_value=-0.063943192750731279 -0.11577089544944977 0.24006224472209717 -0.076826011532782221 0.092329690367640549 0.0028246517347213286 -0.057281963569180139 -0.06227486088048298 -0.10886038505402618 -0.086182494817798674 -0.18573232399520923 0.071537819665501171 0.92341952869977684 -0.074737905021892467 -0.083537608860622919 -0.083657169050630253 0.04652564414196006 -0.063298347197184107 -0.0019103240751789487 0.0099124132834873535 -0.19334486781326579 -0.014559466468532456 0.21383330331822298 -0.122784744692349 -0.030988732321771018 -0.012434103370859352 0.0019368308657043089 0.065236044628001019 -0.0034089256116753841 0.21579073148368338 0.065220939231519282
leaf_weight=18047 117 6004 7480 25400 1397 14537 2228 1771 1943 1942 16291 2715 12696 5342 4538 8236 10154 1727 24832 1965 17091 1125 7504 23632 19102 10867 14203 4318 13214 15811
leaf_count=18047 117 6004 7480 25400 1397 14537 2228 1771 1943 1942 16291 2715 12696 5342 4538 8236 10154 1727 24832 1965 17091 1125 7504 23632 19102 10867 14203 4318 13214 15811
internal_value=-0.00262483 0.00332835 -0.0256196 0.00123583 -0.0426031 -0.0176479 -0.0236289 -0.00152905 -0.00906003 0.000143573 0.000575148 0.00925874 -0.00192354 -0.0291322 -0.00507113 0.00118769 -0.0338118 -0.0204918 0.00528431 0.00815049 0.00294868 -0.00146025 -0.0209316 -0.00801586 -0.0038162 0.0460251 0.00236269 -0.00927137 0.0105739 0.00987165
internal_weight=296229 235317 60912 224333 19444 41468 26931 166836 30320 136516 134574 57497 87927 19451 53420 17092 14109 3955 46647 54782 34507 18216 9275 36328 21045 10984 16168 8856 38614 21815
internal_count=296229 235317 60912 224333 19444 41468 26931 166836 30320 136516 134574 57497 87927 19451 53420 17092 14109 3955 46647 54782 34507 18216 9275 36328 21045 10984 16168 8856 38614 21815
cat_boundaries=0 3 5 7 9 12 14 16 18 20 23
cat_threshold=184598674 1348468992 2 2147483648 1049088 33587330 1077936128 604308480 570508481 872494080 134564073 13 1074790468 2718045184 0 2097408 1835008 2164785168 67108864 536961024 4096 84032 4
is_linear=0
shrinkage=0.05


Tree=49
num_leaves=31
num_cat=10
split_feature=17 17 17 0 0 5 6 12 6 17 17 0 3 17 6 8 6 17 17 7 13 14 17 8 6 6 5 0 6 17
split_gain=16037.1 8417.09 3350.63 1805.86 1162.89 1120.72 847.775 843.352 766.826 833.415 609.752 480.145 449.12 379.222 501.611 344.077 352.224 644.727 339.573 311.747 290.425 310.229 281.903 281.507 277.715 276.376 265.153 263.956 246.646 233.16
threshold=0 1 2 42.500000000000007 7.5000000000000009 21.250000000000004 10.500000000000002 63.500000000000007 17.500000000000004 3 4 7.5000000000000009 77.500000000000014 5 15.500000000000002 24.500000000000004 14.500000000000002 6 7 4.5000000000000009 10.500000000000002 589.94476666666674 8 29.500000000000004 11.500000000000002 13.500000000000002 18.750000000000004 7.5000000000000009 19.500000000000004 9
decision_type=9 9 9 2 2 2 2 2 2 9 9 2 2 9 2 2 2 9 9 2 2 2 9 2 2 2 2 2 2 9
left_child=2 27 4 7 -1 6 -4 8 10 18 19 13 -5 14 -8 20 22 26 -10 23 -12 -22 -17 25 -24 -3 -18 -2 -20 -13
right_child=1 3 5 12 -6 -7 11 -9 9 -11 15 29 -14 -15 -16 16 17 -19 28 -21 21 -23 24 -25 -26 -27 -28 -29 -30 -31
leaf_value=-0.060746033113194736 -0.10998235067697726 0.092669677729927014 -0.072984710956143103 0.119787444913797 0.0026834191479852445 -0.05441786539072116 -0.059161117836458832 -0.16668238828335849 -0.18850844524680879 -0.013902412184882352 0.063010921592758784 0.019465982340980761 0.81003297368797655 -0.060133429837324885 -0.0018148078714199656 -0.077445031953789781 -0.10584017467071867 0.030101531896405478 -0.086854307144049611 -0.0043719269807976245 -0.019640762318464056 0.20229844416293546 6.3765225916512233e-05 0.15827010874857272 -0.065177836890961946 -0.0094241839674917404 4.8610163358553393e-05 0.0018399893224191111 -0.1091817658999089 -0.11831004305706046
leaf_weight=18047 117 19223 7480 40714 1397 14537 2228 2477 1369 22423 16412 1126 3357 10154 1727 9201 3583 9681 6134 18156 16828 1203 13356 9871 12437 11220 3374 10867 3314 4216
leaf_count=18047 117 19223 7480 40714 1397 14537 2228 2477 1369 22423 16412 1126 3357 10154 1727 9201 3583 9681 6134 18156 16828 1203 13356 9871 12437 11220 3374 10867 3314 4216
internal_value=-0.00260964 0.00330965 -0.0254736 0.00121622 -0.0426031 -0.0174333 -0.0234767 -0.00100188 -0.000598194 -0.00744585 0.000976513 -0.0289779 0.0102891 -0.0338118 -0.0204918 -0.00170006 -0.00428223 0.00170694 -0.0188372 0.00491621 0.00217025 -0.00221008 -0.00712979 0.00736717 -0.00444328 0.00498801 -0.00989666 0.0460251 -0.0154261 -0.0162112
internal_weight=296229 235317 60912 224333 19444 41468 26931 180262 177785 33240 144545 19451 44071 14109 3955 86075 51632 16638 10817 58470 34443 18031 34994 40314 25793 30443 6957 10984 9448 5342
internal_count=296229 235317 60912 224333 19444 41468 26931 180262 177785 33240 144545 19451 44071 14109 3955 86075 51632 16638 10817 58470 34443 18031 34994 40314 25793 30443 6957 10984 9448 5342
cat_boundaries=0 3 5 7 9 12 14 17 19 21 23
cat_threshold=184598674 1348468992 2 2147483648 1049088 33587330 1077936128 604308480 570508496 880874560 134564073 9 0 2097408 1073741824 2718045184 4 0 536936448 786432 2164260880 134217744 2097152
is_linear=0
shrinkage=0.05


Tree=50
num_leaves=31
num_cat=12
split_feature=0 17 17 1 6 17 8 6 17 3 3 17 12 17 6 17 8 17 6 17 17 6 17 5 17 7 7 8 13 3
split_gain=15834.2 8566.44 5093.32 1584.52 1302.18 1011.59 728.678 727.265 597.239 578.06 461.925 453.878 366.355 260.684 250.335 251.382 252.669 242.386 368.549 228.52 225.969 218.944 254.661 203.628 199.09 195.903 253.912 193.162 187.366 185.703
threshold=7.5000000000000009 0 1 42.500000000000007 18.500000000000004 2 23.500000000000004 10.500000000000002 3 22.500000000000004 82.500000000000014 4 63.500000000000007 5 15.500000000000002 6 24.500000000000004 7 10.500000000000002 8 9 17.500000000000004 10 18.750000000000004 11 1.0000000180025095e-35 3.5000000000000004 28.500000000000004 10.500000000000002 14.000000000000002
decision_type=2 9 9 2 2 9 2 2 9 2 2 9 2 9 2 9 2 9 2 9 9 2 9 2 9 2 2 2 2 2
left_child=2 -2 19 7 5 6 28 8 -3 11 14 21 -7 -11 15 -5 -17 18 -8 -1 -16 29 -23 -15 -6 -10 -27 -22 -4 -9
right_child=1 3 4 10 24 12 17 9 25 13 -12 -13 -14 23 20 16 -18 -19 -20 -21 27 22 -24 -25 -26 26 -28 -29 -30 -31
leaf_value=-0.057708731457534995 0.0017479898562981157 -0.013093797618525027 0.038638247831818351 0.36727274607204435 -0.065399815290147642 0.0068364114697649471 -0.084487032377992627 -0.090001543144462473 -0.0050866899146889471 0.037809161950150209 0.86963894320170043 -0.0088450170895692185 -0.15761114551051103 -0.063009529328855507 0.23013359956998089 0.18104349184661786 0.017257778523781121 -0.069590354517408679 -0.053142466678402833 -0.057708731457534995 -0.031498942231364783 -0.15345382146256625 -0.084264619102506808 0.001517945361601214 -0.069522845615310483 0.23511730888498922 0.066162269403196569 0.13036705236127696 -0.11812537078509174 -0.036293033563862223
leaf_weight=12258 10867 11632 2856 5761 3777 12555 2198 8082 2687 34829 2657 47516 784 8426 2649 11465 7440 12607 4837 9591 9956 1005 7664 25592 1598 8161 7313 3785 3025 12656
leaf_count=12258 10867 11632 2856 5761 3777 12555 2198 8082 2687 34829 2657 47516 784 8426 2649 11465 7440 12607 4837 9591 9956 1005 7664 25592 1598 8161 7313 3785 3025 12656
internal_value=-0.00267783 0.00351673 -0.0242502 0.00136808 -0.0144835 -0.0112964 -0.0171249 -0.000752721 0.00636559 -0.00220759 0.00988608 -0.00518636 -0.000131096 0.0011206 0.00857853 0.0117611 0.0089585 -0.0217544 -0.0292193 -0.0439979 0.0037889 -0.0100673 -0.0167436 -0.00199248 -0.0375535 0.0120274 0.014198 0.00120355 -0.00169189 -0.00728132
internal_weight=296229 230143 66086 219276 44237 38862 25523 175563 29793 145770 43713 76923 13339 68847 41056 24666 18905 19642 7035 21849 16390 29407 8669 34018 5375 18161 15474 13741 5881 20738
internal_count=296229 230143 66086 219276 44237 38862 25523 175563 29793 145770 43713 76923 13339 68847 41056 24666 18905 19642 7035 21849 16390 29407 8669 34018 5375 18161 15474 13741 5881 20738
cat_boundaries=0 2 5 7 9 12 15 17 19 22 24 26 28
cat_threshold=2147483648 1049088 33587330 1077936128 2 2567454736 2988581120 303333698 2167157010 822366276 707133896 4 948437076 135153913 1 16448 570900624 134234128 268435456 33587200 0 2 814235908 262176 16777216 536870912 553664528 838944160
is_linear=0
shrinkage=0.05


Tree=51
num_leaves=31
num_cat=14
split_feature=0 17 17 0 6 17 8 6 3 0 17 17 12 5 17 17 6 17 6 6 17 8 17 17 5 17 17 14 17 13
split_gain=15781.8 8609.81 5060.56 1440.01 1291.48 912.663 741.356 665.092 605.941 437.327 401.518 318.724 317.823 306.447 260.322 256.211 244.5 236.309 368.549 229.97 255.336 303.797 229.765 228.52 204.945 204.409 199.09 198.687 460.455 180.204
threshold=7.5000000000000009 0 1 42.500000000000007 18.500000000000004 2 23.500000000000004 9.5000000000000018 22.500000000000004 82.500000000000014 3 4 63.500000000000007 18.750000000000004 5 6 18.500000000000004 7 10.500000000000002 15.500000000000002 8 24.500000000000004 9 10 10.750000000000002 11 12 490.04732500000006 13 10.500000000000002
decision_type=2 9 9 2 2 9 2 2 2 2 9 9 2 2 9 9 2 9 2 2 9 2 9 9 2 9 9 2 9 2
left_child=2 -2 23 7 5 6 29 11 10 19 -9 -3 -7 14 -12 -10 -15 18 -8 20 -5 -22 -18 -1 -13 -21 -6 -19 -29 -4
right_child=1 3 4 9 26 12 17 8 15 -11 13 24 -14 16 -16 -17 22 27 -20 25 21 -23 -24 -25 -26 -27 -28 28 -30 -31
leaf_value=-0.05482329488465823 0.0016605903634832053 0.22133958563303369 0.036706335440227458 0.41838818707780662 -0.062129824525640268 0.0032666564656377963 -0.080262680759092986 0.0056496796809696551 0.052085875688581855 0.81362569419923592 -0.0872227731060915 -0.0052133472587857282 -0.14978073635865349 -0.011831811279304993 -0.049076710029755333 -0.0077554972196327123 -0.03298334841856887 -0.064684236613360466 -0.050485343344482694 0.21189214657512992 0.19266641626534664 0.020296279898690983 -0.09991839918728572 -0.05482329488465823 0.16823273564064634 0.013630129939250325 -0.066046703334544973 0.063078382841818312 -0.091051400659959827 -0.10932828394526301
leaf_weight=12258 10867 5798 2773 2855 3777 13270 2198 18772 34169 2836 5453 6159 799 35337 22153 40036 2762 9733 4837 2625 13506 8791 2311 9591 2156 13557 1598 1196 1123 2933
leaf_count=12258 10867 5798 2773 2855 3777 13270 2198 18772 34169 2836 5453 6159 799 35337 22153 40036 2762 9733 4837 2625 13506 8791 2311 9591 2156 13557 1598 1196 1123 2933
internal_value=-0.00277707 0.00340723 -0.0243138 0.00125316 -0.0145784 -0.0114045 -0.0171733 -0.000781812 -0.00169417 0.00932081 -0.00453058 0.00962588 -0.00122523 -0.0063167 -0.0103782 0.00162321 -0.00354368 -0.0219076 -0.0292193 0.00801761 0.0110091 0.00919218 -0.0138084 -0.0439979 0.00333333 0.00336794 -0.0375535 -0.0176007 -0.00446313 -0.00136698
internal_weight=296229 230143 66086 219276 44237 38862 24793 175106 160993 44170 86788 14113 14069 68016 27606 74205 40410 19087 7035 41334 25152 22297 5073 21849 8315 16182 5375 12052 2319 5706
internal_count=296229 230143 66086 219276 44237 38862 24793 175106 160993 44170 86788 14113 14069 68016 27606 74205 40410 19087 7035 41334 25152 22297 5073 21849 8315 16182 5375 12052 2319 5706
cat_boundaries=0 2 5 7 10 13 16 19 21 23 26 29 31 33 35
cat_threshold=2147483648 1049088 33587330 1077936128 2 2566930448 2988581120 1308655632 2148098051 10 1166111744 704793832 5 16794624 302121224 4 948437076 134629625 1 134234128 268435456 16448 33636496 537919812 50467872 4 33587200 0 2 1887961156 262176 553664528 838944160 0 2097408
is_linear=0
shrinkage=0.05


Tree=52
num_leaves=31
num_cat=15
split_feature=0 17 17 3 6 17 8 6 17 17 3 6 17 17 12 17 6 3 17 5 17 17 6 17 6 12 17 17 17 8
split_gain=15696.5 8645 5053.55 1350.81 1282.94 913.098 762.607 673.482 829.285 611.01 458.212 449.673 551.578 345.994 312.064 274.372 254.475 274.415 247.947 243.78 236.983 229.807 368.549 228.52 225.839 247.073 276.483 242.735 202.775 202.625
threshold=7.5000000000000009 0 1 37.500000000000007 18.500000000000004 2 23.500000000000004 11.500000000000002 3 4 92.500000000000014 15.500000000000002 5 6 63.500000000000007 7 16.500000000000004 57.500000000000007 8 18.750000000000004 9 10 10.500000000000002 11 13.500000000000002 28.500000000000004 12 13 14 28.500000000000004
decision_type=2 9 9 2 2 9 2 2 9 9 2 2 9 9 2 9 2 2 9 2 9 9 2 9 2 2 9 9 9 2
left_child=2 -2 23 7 5 6 -4 8 15 11 16 18 -13 -10 -7 -3 17 -5 -9 -20 -18 22 -8 -1 25 -11 -27 -26 -6 -22
right_child=1 3 4 10 28 14 21 9 13 24 -12 12 -14 -15 -16 -17 20 -19 19 -21 29 -23 -24 -25 27 26 -28 -29 -30 -31
leaf_value=-0.052082130140425335 0.0015775608453090229 0.43946748348484194 -0.0090405273709421863 0.082975995454028617 -0.059023333299358251 0.0031033236423559265 -0.076249546721138331 0.047610766387746931 -0.064380732361636814 -0.0019935976151677082 1.2064087597817477 -0.17051393945070525 -0.051108782485687732 0.016967362084139025 -0.14229169954072082 0.11162116614317732 0.17723982813558542 0.3071983263503576 -0.088825856698166658 -0.019421674515934309 -0.067368299166872356 -0.062439479828485744 -0.04796107617725856 -0.052082130140425335 0.0263218445416066 -0.16351163532515828 -0.0018890447640629304 -0.0053085007306821197 -0.062744368167817699 0.10545450538635492
leaf_weight=12258 10867 2263 5706 31014 3777 13270 2198 6249 7409 12063 1483 4238 17838 21765 799 13369 3680 8471 3894 9995 9353 12052 4837 9591 16440 4589 3166 38363 1598 3634
leaf_count=12258 10867 2263 5706 31014 3777 13270 2198 6249 7409 12063 1483 4238 17838 21765 799 13369 3680 8471 3894 9995 9353 12052 4837 9591 16440 4589 3166 38363 1598 3634
internal_value=-0.00284898 0.00331859 -0.0243274 0.00116013 -0.0145987 -0.0114353 -0.0172056 -0.00118318 0.00402848 -0.00318184 0.00773228 -0.00798835 -0.012919 -0.000952577 -0.00125364 0.0133167 0.00700776 0.00919463 -0.00258715 -0.00630621 0.00182696 -0.0220071 -0.0292193 -0.0439979 -0.000461604 -0.00503583 -0.0119987 0.00119245 -0.0374977 -0.00135031
internal_weight=296229 230143 66086 219276 44237 38862 24793 161641 44806 116835 57635 42214 22076 29174 14069 15632 56152 39485 20138 13889 16667 19087 7035 21849 74621 19818 7755 54803 5375 12987
internal_count=296229 230143 66086 219276 44237 38862 24793 161641 44806 116835 57635 42214 22076 29174 14069 15632 56152 39485 20138 13889 16667 19087 7035 21849 74621 19818 7755 54803 5375 12987
cat_boundaries=0 2 5 7 10 13 15 17 19 21 24 26 29 31 33 35
cat_threshold=2147483648 1049088 33587330 1077936128 2 2566930448 2988581120 1627418640 704858337 14 553676800 841176448 4 16793600 536936448 168067074 19398928 16384 536952832 536870912 805388288 1888223492 262304 4 134234128 268435456 33587200 0 2 1410105668 84418578 503873552 17571920 553664528 838944160
is_linear=0
shrinkage=0.05


Tree=53
num_leaves=31
num_cat=13
split_feature=0 17 17 6 1 17 8 17 6 5 6 0 17 12 17 6 5 17 6 17 8 17 8 14 17 17 17 17 6 8
split_gain=15508.9 8689.26 5081.61 1292.07 1244.74 891.504 748.992 644.712 497.443 485.936 353.9 340.33 318.521 306.358 263.212 256.587 252.299 243.249 368.549 228.52 224.63 262.3 215.195 202.815 447.745 202.775 198.895 197 194.164 213.848
threshold=7.5000000000000009 0 1 18.500000000000004 47.500000000000007 2 23.500000000000004 3 9.5000000000000018 18.750000000000004 18.500000000000004 92.500000000000014 4 63.500000000000007 5 10.500000000000002 13.500000000000002 6 10.500000000000002 7 29.500000000000004 8 23.500000000000004 490.04732500000006 9 10 11 12 15.500000000000002 23.500000000000004
decision_type=2 9 9 2 2 9 2 9 2 2 2 2 9 2 9 2 2 9 2 9 2 9 2 2 9 9 9 9 2 2
left_child=2 -2 19 5 7 6 -4 10 16 12 22 28 -10 -7 -12 -11 27 18 -8 -1 26 -22 -3 -19 -25 -5 -17 -9 29 -6
right_child=1 4 3 25 11 13 17 8 9 15 14 -13 -14 -15 -16 20 -18 23 -20 -21 21 -23 -24 24 -26 -27 -28 -29 -30 -31
leaf_value=-0.049478023633404082 0.0014986828030435718 0.0024795276125072264 -0.0085885010023950773 -0.056072166634390325 0.30086642180765932 0.002948157460238088 -0.072437069385081418 0.19912806994959739 -0.058086218985045339 0.14603580463933241 -0.066348293585671944 1.1504917678479794 0.0043432089623497211 -0.13517711456368478 -0.057436052906393892 0.026054264738820443 0.2754250865222127 -0.058328050791268155 -0.045563022368395649 -0.049478023633404082 0.0036848486197738951 0.1453619331728728 -0.048838931404632115 0.063046437691151702 -0.083376856635537566 -0.059607149759426825 -0.010184542561214727 0.017780250699983926 0.068031932107388476 0.09417481517868094
leaf_weight=12258 10867 16855 5706 3777 8654 13270 2198 2631 30091 5393 3177 1562 20441 799 2703 28558 2812 9733 4837 9591 7791 8625 21469 1196 1123 1598 34075 6894 11029 6516
leaf_count=12258 10867 16855 5706 3777 8654 13270 2198 2631 30091 5393 3177 1562 20441 799 2703 28558 2812 9733 4837 9591 7791 8625 21469 1196 1123 1598 34075 6894 11029 6516
internal_value=-0.00292325 0.00320735 -0.0242729 -0.0145174 0.00104339 -0.0113427 -0.0170443 -0.000390831 0.0011984 0.000320062 -0.00568598 0.010938 -0.00355814 -0.00128205 -0.0171088 0.00264087 0.0108089 -0.0218028 -0.0292193 -0.0439979 0.00192096 0.00712719 -0.00393487 -0.0174349 -0.00416128 -0.0374977 0.000556416 0.00692388 0.00958624 0.0132564
internal_weight=296229 230143 66086 44237 219276 38862 24793 191515 147311 134974 44204 27761 50532 14069 5880 84442 12337 19087 7035 21849 79049 16416 38324 12052 2319 5375 62633 9525 26199 15170
internal_count=296229 230143 66086 44237 219276 38862 24793 191515 147311 134974 44204 27761 50532 14069 5880 84442 12337 19087 7035 21849 79049 16416 38324 12052 2319 5375 62633 9525 26199 15170
cat_boundaries=0 2 5 7 9 12 14 16 19 22 24 26 29 32
cat_threshold=2147483648 1049088 33587330 1077936128 2 2566930448 2988581120 17055744 857740544 1619604804 201457842 6 262144 52433920 134234128 268435456 33587200 0 2 1075351632 2349342770 10 0 2097408 553664528 838944160 277382224 201607387 9 1073819648 134236352 4
is_linear=0
shrinkage=0.05


Tree=54
num_leaves=31
num_cat=15
split_feature=0 17 17 6 3 17 8 6 0 17 6 17 17 12 6 17 8 17 6 17 17 17 17 12 17 6 5 14 17 17
split_gain=15524.4 8697.05 5064.45 1286.48 1130.48 899.033 756.614 546.742 492.302 362.719 321.741 469.224 430.186 306.068 294.063 262.298 246.149 236.309 368.549 228.52 225.391 202.775 202.677 191.865 190.924 195.47 193.798 182.111 411.031 176.909
threshold=7.5000000000000009 0 1 18.500000000000004 27.500000000000004 2 23.500000000000004 9.5000000000000018 77.500000000000014 3 15.500000000000002 4 5 63.500000000000007 12.500000000000002 6 28.500000000000004 7 10.500000000000002 8 9 10 11 58.500000000000007 12 10.500000000000002 18.750000000000004 490.04732500000006 13 14
decision_type=2 9 9 2 2 9 2 2 2 9 2 9 9 2 2 9 2 9 2 9 9 9 9 2 9 2 2 2 9 9
left_child=2 -2 19 5 7 6 -4 20 10 14 12 -12 -6 -7 15 -9 22 18 -8 -1 -3 -5 -13 -11 -14 -26 -27 -19 -29 -25
right_child=1 4 3 21 8 13 17 9 -10 23 11 16 24 -15 -16 -17 -18 27 -20 -21 -22 -23 -24 29 25 26 -28 28 -30 -31
leaf_value=-0.047004122451733868 0.0014237486628913667 0.19463180154747911 -0.0081590759522752517 -0.053268558302670813 0.16711878947023495 0.0028007495872261591 -0.06881521591582733 0.10237035327014184 0.63110826317086977 -0.0061502897518751713 -0.16530766793306928 0.11390703912118348 -0.026474907932850213 -0.12841825883550056 -0.07842295309836754 -0.10783864192080612 0.10972264719709966 -0.055411648251704727 -0.043284871249975869 -0.047004122451733868 0.024735595239546805 -0.056626792271455485 -0.021177524308075582 0.02196773435721875 0.20023473981292492 -0.044752612490550098 0.057366533280173826 0.059894115806594074 -0.079208013803760663 -0.11322267162346017
leaf_weight=12258 10867 3875 5706 3777 23548 13270 2198 3579 3632 82699 4930 3415 6538 799 14438 2857 8755 9733 4837 9591 8516 1598 18933 1205 3785 5046 18830 1196 1123 4695
leaf_count=12258 10867 3875 5706 3777 23548 13270 2198 3579 3632 82699 4930 3415 6538 799 14438 2857 8755 9733 4837 9591 8516 1598 18933 1205 3785 5046 18830 1196 1123 4695
internal_value=-0.00294586 0.0031878 -0.0243062 -0.0145671 0.00102287 -0.0113993 -0.0171249 -0.00218686 0.00503839 -0.0033136 0.00433888 0.000631366 0.00665229 -0.00129626 -0.00924152 -0.000357365 0.00290393 -0.0219076 -0.0292193 -0.0439979 0.00776773 -0.0374977 0.000120816 -0.00191572 0.00306791 0.00488417 0.00321243 -0.0176007 -0.00502372 -0.0106271
internal_weight=296229 230143 66086 44237 219276 38862 24793 121864 97412 109473 93780 36033 57747 14069 20874 6436 31103 19087 7035 21849 12391 5375 22348 88599 34199 27661 23876 12052 2319 5900
internal_count=296229 230143 66086 44237 219276 38862 24793 121864 97412 109473 93780 36033 57747 14069 20874 6436 31103 19087 7035 21849 12391 5375 22348 88599 34199 27661 23876 12052 2319 5900
cat_boundaries=0 2 5 7 10 12 14 16 18 21 24 26 28 30 32 34
cat_threshold=2147483648 1049088 33587330 1077936128 2 2566930448 2988581120 16798720 572784968 4 50610176 2684440577 537411648 705120456 16797696 570425344 134234128 268435456 33587200 0 2 1140936704 704793824 5 553664528 838944160 277348352 84672512 1073742080 86511618 0 2097408 637575424 2148073472
is_linear=0
shrinkage=0.05


Tree=55
num_leaves=31
num_cat=14
split_feature=0 17 17 6 3 17 8 6 17 17 6 17 5 17 3 12 17 17 17 6 17 11 5 17 6 17 17 14 6 12
split_gain=15434 8732.07 5060.56 1285.22 1088.13 891.21 755.468 566.44 747.31 650.517 440.974 704.302 318.663 314.496 310.919 302.372 294.874 246.941 237.344 368.549 228.52 225.136 215.847 202.775 201.789 316.797 272.171 194.324 194.03 193.465
threshold=7.5000000000000009 0 1 18.500000000000004 47.500000000000007 2 23.500000000000004 11.500000000000002 3 4 16.500000000000004 5 18.750000000000004 6 92.500000000000014 63.500000000000007 7 8 9 10.500000000000002 10 1.0000000180025095e-35 21.250000000000004 11 14.500000000000002 12 13 590.04964166666684 16.500000000000004 18.500000000000004
decision_type=2 9 9 2 2 9 2 2 9 9 2 9 2 9 2 2 9 9 9 2 9 2 2 9 2 9 9 2 2 2
left_child=2 -2 20 5 7 6 -4 8 13 10 12 -12 17 -3 28 -7 -10 -9 19 -8 -1 24 -15 -5 25 -11 -26 29 -6 -18
right_child=1 4 3 23 14 15 18 9 16 21 11 -13 -14 22 -16 -17 27 -19 -20 -21 -22 -23 -24 -25 26 -27 -28 -29 -30 -31
leaf_value=-0.044653916329147197 0.0013525612297468294 0.58941615827427085 -0.0077511221546615163 -0.050605130387537271 0.19031898655454535 0.0026607121078648269 -0.065374455120035965 -7.62891573467428e-05 -0.058176007962903502 0.038279106830672663 -0.16318170758330261 -0.041766307277813081 0.002004566268891761 0.081412572158475527 1.0614117662970366 -0.12199734589372553 0.04292080437224062 -0.085650877413726262 -0.052815106940408675 -0.041120627687477068 -0.044653916329147197 -0.038790489966367941 0.23001776646918115 -0.053795452657882728 0.0065066860655077722 -0.027632584296900121 0.051451404049824762 0.22923990775905453 0.041060640089915529 -0.023825044554672204
leaf_weight=12258 10867 1331 5706 3777 17238 13270 2198 3741 7817 11288 3653 20110 26768 13335 1483 799 12223 6147 12052 4837 9591 11318 3540 1598 27081 16813 15303 1208 8186 10693
leaf_count=12258 10867 1331 5706 3777 17238 13270 2198 3741 7817 11288 3653 20110 26768 13335 1483 799 12223 6147 12052 4837 9591 11318 3540 1598 27081 16813 15303 1208 8186 10693
internal_value=-0.00301574 0.00310003 -0.0243138 -0.0145784 0.000930748 -0.0114122 -0.0171128 -0.000386497 0.0041827 -0.00199758 -0.00593175 -0.0112381 -0.00249345 0.0122639 0.0103486 -0.00135308 -0.000427217 -0.0101638 -0.0218919 -0.0292193 -0.0439979 0.00090878 0.0104027 -0.0374977 0.00195999 -0.00132558 0.00413835 0.00230795 0.0090505 0.00127858
internal_weight=296229 230143 66086 44237 219276 38862 24793 192369 50147 142222 60419 23763 36656 18206 26907 14069 31941 9888 19087 7035 21849 81803 16875 5375 70485 28101 42384 24124 25424 22916
internal_count=296229 230143 66086 44237 219276 38862 24793 192369 50147 142222 60419 23763 36656 18206 26907 14069 31941 9888 19087 7035 21849 81803 16875 5375 70485 28101 42384 24124 25424 22916
cat_boundaries=0 2 5 7 10 13 15 17 19 21 23 26 28 31 34
cat_threshold=2147483648 1049088 33587330 1077936128 2 2566930448 2988581120 553676816 973293793 13 554987520 841176480 6 16793600 536936448 0 81920 168034306 19398928 537919488 2180128 134234128 268435456 33587200 0 2 553664528 838944160 42009666 2281965641 1 67175748 2348818521 8
is_linear=0
shrinkage=0.05


Tree=56
num_leaves=31
num_cat=15
split_feature=0 17 17 6 1 17 8 17 6 6 5 0 12 17 17 5 17 6 17 6 17 14 17 17 17 13 17 6 17 17
split_gain=15334.8 8768.55 5059 1284.71 1000.54 885.826 755.982 540.843 416.139 400.333 407.338 305.234 294.109 275.331 249.722 239.312 238.035 368.549 228.52 215.201 202.775 182.158 409.306 177.668 177.656 171.331 163.334 154.973 154.76 153.703
threshold=7.5000000000000009 0 1 18.500000000000004 47.500000000000007 2 23.500000000000004 3 18.500000000000004 9.5000000000000018 18.750000000000004 92.500000000000014 63.500000000000007 4 5 13.500000000000002 6 10.500000000000002 7 10.500000000000002 8 490.04732500000006 9 10 11 10.500000000000002 12 15.500000000000002 13 14
decision_type=2 9 9 2 2 9 2 9 2 2 2 2 2 9 9 2 9 2 9 2 9 2 9 9 9 2 9 2 9 9
left_child=2 -2 18 5 7 6 25 8 -3 15 14 24 26 -10 -11 29 17 -8 -1 -12 -5 23 -23 27 -6 -4 -7 -18 -16 -9
right_child=1 4 3 20 11 12 16 9 13 10 19 -13 -14 -15 28 -17 21 -19 -20 -21 -22 22 -24 -25 -26 -27 -28 -29 -30 -31
leaf_value=-0.042421220512689845 0.0012849331682595279 -0.016346442040761033 0.036547979992229786 -0.048074873868160409 0.065844637978633533 0.044120679985549319 -0.062105732364034161 0.17536944776681979 -0.04847892679822588 -0.054298150850577723 0.1351582198333828 1.0083411779821845 -0.11589747859903926 -0.064928283993878025 0.041832752390232299 0.25954034697010181 -0.044332552495518755 -0.039064596303103195 -0.042421220512689845 0.014214124146225427 -0.051105680024988588 0.059540165363284818 -0.072606857766552221 -0.053230762316769688 0.21282800515988287 -0.10218490842398614 -0.011171540856280783 -0.096097773985998156 -4.0589402959190227e-05 0.016845710630740918
leaf_weight=12258 10867 45363 2773 3777 14224 3292 2198 2631 2703 28291 5102 1562 799 4442 1012 2748 3413 4837 9591 73301 1598 1196 1123 5860 11975 2933 9978 460 19084 6838
leaf_count=12258 10867 45363 2773 3777 14224 3292 2198 2631 2703 28291 5102 1562 799 4442 1012 2748 3413 4837 9591 73301 1598 1196 1123 5860 11975 2933 9978 460 19084 6838
internal_value=-0.00308731 0.00300878 -0.0243168 -0.0145829 0.000834983 -0.0114173 -0.0171008 -0.000450879 -0.0047736 0.00118223 0.000349397 0.00970606 -0.00138859 -0.0159902 -0.00325811 0.00982647 -0.0218814 -0.0292193 -0.0439979 0.00257579 -0.0374977 -0.0175593 -0.0049806 -0.0205743 0.00842589 -0.00113915 0.000384326 -0.0289081 0.00100468 0.00605661
internal_weight=296229 230143 66086 44237 219276 38862 24793 191515 52508 139007 126790 27761 14069 7145 48387 12217 19087 7035 21849 78403 5375 12052 2319 9733 26199 5706 13270 3873 20096 9469
internal_count=296229 230143 66086 44237 219276 38862 24793 191515 52508 139007 126790 27761 14069 7145 48387 12217 19087 7035 21849 78403 5375 12052 2319 9733 26199 5706 13270 3873 20096 9469
cat_boundaries=0 2 5 7 10 12 15 17 20 22 24 26 29 32 34 37
cat_threshold=2147483648 1049088 33587330 1077936128 2 2566930448 2988581120 553959426 857740544 2 16793600 805306624 1082732868 201457842 5 134234128 268435456 33587200 0 2 553664528 838944160 0 2097408 0 2097408 1082205184 671615041 13 1073808388 218124361 5 167772160 2147483648 1073819648 134236352 4
is_linear=0
shrinkage=0.05


Tree=57
num_leaves=31
num_cat=15
split_feature=0 17 17 6 3 17 8 6 3 17 12 6 6 5 17 6 17 17 17 17 14 17 17 17 12 6 17 6 17 17
split_gain=15159.2 8799.88 5099.57 1295.83 928.296 877.74 803.2 450.46 428.505 332.184 290.824 275.365 245.435 277.547 238.727 368.549 228.52 204.01 197.833 197.526 181.679 409.306 180.94 178.562 172.289 167.979 157.39 154.973 153.98 152.431
threshold=7.5000000000000009 0 1 18.500000000000004 27.500000000000004 2 23.500000000000004 9.5000000000000018 67.500000000000014 3 63.500000000000007 18.500000000000004 10.500000000000002 18.750000000000004 4 10.500000000000002 5 6 7 8 490.04732500000006 9 10 11 58.500000000000007 16.500000000000004 12 15.500000000000002 13 14
decision_type=2 9 9 2 2 9 2 2 2 9 2 2 2 2 9 2 9 9 9 9 2 9 9 9 2 2 9 2 9 9
left_child=2 -2 16 5 7 6 -4 22 12 11 28 -9 -6 -14 15 -8 -1 -5 -10 -15 23 -22 -3 27 -11 -20 -13 -16 -7 -26
right_child=1 4 3 17 8 10 14 9 18 24 -12 26 13 19 20 -17 -18 -19 25 -21 21 -23 -24 -25 29 -27 -28 -29 -30 -31
leaf_value=-0.040300159487055343 0.0012206865098465692 0.18816926397020772 -0.0091909650465398229 -0.045671130174752377 0.14483369299792576 0.039476814424775825 -0.059000445745832457 -0.050216129416550986 0.79805470122784927 -0.0057172055824060049 -0.11010260466908731 -0.08078803652820743 -0.024998175818124316 0.10208119400229859 -0.042115924870742831 -0.037111366487948015 -0.040300159487055343 -0.048550396023739145 0.34562136334879345 0.019858157628048902 0.056563157095120609 -0.068976514878224607 0.020510489727420381 -0.050569224200931198 0.021245119986706841 -0.030539471224417625 -0.062031012048497702 -0.091292885286698239 -0.010836174540933463 -0.106926781029164
leaf_weight=12258 10867 3900 5706 3777 8278 3640 2198 17209 2244 82812 799 639 18662 24849 3413 4837 9591 1598 2849 38871 1196 1123 8491 5860 1223 1659 2895 460 9630 4695
leaf_count=12258 10867 3900 5706 3777 8278 3640 2198 17209 2244 82812 799 639 18662 24849 3413 4837 9591 1598 2849 38871 1196 1123 8491 5860 1223 1659 2895 460 9630 4695
internal_value=-0.00313052 0.00293057 -0.0242381 -0.0144654 0.000752898 -0.0112861 -0.0169435 -0.00215568 0.00439166 -0.00317841 -0.00130336 -0.00887342 0.00348665 0.00266199 -0.0218709 -0.0292193 -0.0439979 -0.0374791 0.0165432 0.00423258 -0.0175427 -0.0049806 0.00687999 -0.0205538 -0.00184584 0.010425 -0.0215903 -0.0289081 0.000459683 -0.0100879
internal_weight=296229 230143 66086 44237 219276 38862 24793 121864 97412 109473 14069 20743 90660 82382 19087 7035 21849 5375 6752 63720 12052 2319 12391 9733 88730 4508 3534 3873 13270 5918
internal_count=296229 230143 66086 44237 219276 38862 24793 121864 97412 109473 14069 20743 90660 82382 19087 7035 21849 5375 6752 63720 12052 2319 12391 9733 88730 4508 3534 3873 13270 5918
cat_boundaries=0 2 5 7 10 12 15 17 19 22 24 27 29 31 34 36
cat_threshold=2147483648 1049088 33587330 1077936128 2 2566930448 2988581120 16798720 572784904 4 134234128 268435456 33587200 0 2 553664528 838944160 4096 262144 277352768 411784 1 0 2097408 1140936704 704792769 5 0 2097408 16777216 536870912 1073807620 83906633 5 637575424 2148073536
is_linear=0
shrinkage=0.05


Tree=58
num_leaves=31
num_cat=14
split_feature=0 17 17 6 17 0 8 6 17 17 12 3 12 17 6 7 12 17 17 7 6 17 17 13 14 17 17 17 0 17
split_gain=15028.8 8815.92 5139.52 1308.85 938.244 876.506 810.833 490.137 1043.8 404.841 329.072 300.265 300.212 233.218 368.549 231.945 392.789 228.52 204.01 200.572 283.994 223.396 172.381 170.301 164.748 382.13 179.01 160.864 167.273 162.047
threshold=7.5000000000000009 0 1 18.500000000000004 2 47.500000000000007 23.500000000000004 18.500000000000004 3 4 57.500000000000007 92.500000000000014 63.500000000000007 5 10.500000000000002 4.5000000000000009 5.5000000000000009 6 7 1.0000000180025095e-35 10.500000000000002 8 9 8.5000000000000018 490.04732500000006 10 11 12 22.500000000000004 13
decision_type=2 9 9 2 9 2 2 2 9 9 2 2 2 9 2 2 2 9 9 2 2 9 9 2 2 9 9 9 2 9
left_child=2 -2 17 4 6 7 -4 9 22 -3 15 -7 -6 14 -8 16 23 -1 -5 21 -21 -18 -9 -11 26 -26 -15 28 29 -10
right_child=1 5 3 18 12 11 13 8 27 10 -12 -13 -14 24 -16 -17 19 -19 -20 20 -22 -23 -24 -25 25 -27 -28 -29 -30 -31
leaf_value=-0.038285151512702599 0.001159652184354254 -0.013013255979860984 -0.0087314167942128765 -0.043387573666014756 0.0021634147845117193 0.11998765824604547 -0.056050423458540832 -0.13692297539535433 0.030055414667909022 -0.097334587548989049 -0.051594664540386331 0.95771047615625593 -0.10459747443563293 -0.040010128627205703 -0.035255798163550622 -0.0054832047627797033 -0.041324260632820221 -0.038285151512702599 -0.046122876222552206 0.19222629009093017 0.05374592594131649 0.060924332670375586 -0.085797097688355181 0.0059557588670465129 0.053734999240364623 -0.06552768913431338 -0.048040762990884646 -0.026739034050576028 -0.016619131270216858 0.034019472433513977
leaf_weight=12258 10867 60605 5706 3777 13270 26651 2198 1467 589 4141 8675 1431 799 3873 4837 28368 4763 9591 1598 8710 33604 6104 6316 12098 1196 1123 5860 11569 1724 2461
leaf_count=12258 10867 60605 5706 3777 13270 26651 2198 1467 589 4141 8675 1431 799 3873 4837 28368 4763 9591 1598 8710 33604 6104 6316 12098 1196 1123 5860 11569 1724 2461
internal_value=-0.00314436 0.00289059 -0.0241609 -0.0143501 -0.0111549 0.000710944 -0.017004 -0.000500539 -0.0071624 0.000461489 0.00231843 0.00895948 -0.000834576 -0.0219547 -0.0292193 0.0031466 0.00470326 -0.0439979 -0.0374791 0.00678156 0.00833767 0.00072237 -0.0222187 -0.00210296 -0.0176753 -0.00571367 -0.0205435 2.14028e-05 0.00773411 0.0147869
internal_weight=296229 230143 66086 44237 38862 219276 24793 191194 24126 167068 106463 28082 14069 19087 7035 97788 69420 21849 5375 53181 42314 10867 7783 16239 12052 2319 9733 16343 4774 3050
internal_count=296229 230143 66086 44237 38862 219276 24793 191194 24126 167068 106463 28082 14069 19087 7035 97788 69420 21849 5375 53181 42314 10867 7783 16239 12052 2319 9733 16343 4774 3050
cat_boundaries=0 2 5 7 9 12 14 17 19 22 24 26 28 31 34
cat_threshold=2147483648 1049088 33587330 1077936128 2 2566930448 2988581120 621110272 807485914 1259651088 2737444096 2 134234128 268435456 33587200 0 2 553664528 838944160 612368708 67117185 4 16777216 536936530 0 2097408 0 2097408 1241546768 2148139008 8 32768 0 8
is_linear=0
shrinkage=0.05


Tree=59
num_leaves=31
num_cat=13
split_feature=0 17 17 6 17 3 8 17 6 6 5 0 17 17 17 6 17 12 5 17 6 17 8 8 17 6 6 14 17 17
split_gain=15072 8832.49 5098.01 1295.32 902.591 823.779 813.208 476.839 368.25 343.869 336.084 303.583 279.043 276.056 231.169 368.549 228.52 221.227 220.949 204.01 192.814 179.843 179.126 176.632 218.51 165.36 161.069 157.886 368.024 179.459
threshold=7.5000000000000009 0 1 18.500000000000004 2 47.500000000000007 23.500000000000004 3 18.500000000000004 9.5000000000000018 18.750000000000004 92.500000000000014 4 5 6 10.500000000000002 7 63.500000000000007 13.500000000000002 8 10.500000000000002 9 23.500000000000004 29.500000000000004 10 16.500000000000004 14.500000000000002 490.04732500000006 11 12
decision_type=2 9 9 2 9 2 2 9 2 2 2 2 9 9 9 2 9 2 2 9 2 9 2 2 9 2 2 2 9 9
left_child=2 -2 16 4 6 7 -4 8 22 18 12 25 -11 -10 15 -8 -1 -6 -9 -5 -12 -14 -3 -22 26 -7 -25 29 -29 -16
right_child=1 5 3 19 17 11 14 9 13 10 20 -13 21 -15 27 -17 -18 -19 -20 -21 23 -23 -24 24 -26 -27 -28 28 -30 -31
leaf_value=-0.036370893937067453 0.0011016695751365547 0.0044730173420992614 -0.0082948459545022502 -0.041218194982714 0.0020552440452861198 0.16513732264672465 -0.053247902285613782 0.057475510735882911 -0.055765822873560959 0.037124321654013852 0.12210361639710579 0.87175128169994953 -0.056225270245113458 -0.036966633379128359 -0.03800962219584543 -0.033493008255373095 -0.036370893937067453 -0.09936760071385127 0.24232689243051217 -0.043816732411424614 0.00086945319080999894 -0.0018128390144511288 -0.042057105615027401 -0.052428821773771977 0.10352672599775464 0.025848580874378514 0.039597216143902707 0.05104824927834635 -0.062251304677597701 -0.045638724841340399
leaf_weight=12258 10867 16861 5706 3777 13270 17185 2198 9655 3175 1093 5534 1522 26848 2703 3873 4837 9591 799 2887 1598 62909 22724 21472 3517 9183 8200 3808 1196 1123 5860
leaf_count=12258 10867 16861 5706 3777 13270 17185 2198 9655 3175 1093 5534 1522 26848 2703 3873 4837 9591 799 2887 1598 62909 22724 21472 3517 9183 8200 3808 1196 1123 5860
internal_value=-0.00319432 0.00284932 -0.0242411 -0.0144699 -0.0112912 0.000667621 -0.0170282 -0.000478507 -0.00503494 0.000881432 0.00014895 0.00886201 -0.00307411 -0.0166894 -0.0219862 -0.0292193 -0.0439979 -0.00116841 0.00880242 -0.0374791 0.00207119 -0.00362632 -0.00324916 0.00144239 0.00604555 0.00756155 -0.000402181 -0.0177251 -0.00601552 -0.0205332
internal_weight=296229 230143 66086 44237 38862 219276 24793 192369 44211 148158 135616 26907 50665 5878 19087 7035 21849 14069 12542 5375 84951 49572 38333 79417 16508 25385 7325 12052 2319 9733
internal_count=296229 230143 66086 44237 38862 219276 24793 192369 44211 148158 135616 26907 50665 5878 19087 7035 21849 14069 12542 5375 84951 49572 38333 79417 16508 25385 7325 12052 2319 9733
cat_boundaries=0 2 5 7 9 11 13 15 18 20 23 26 28 30
cat_threshold=2147483648 1049088 33587330 1077936128 2 2566930448 2988581120 17055744 857740544 167804930 2147483648 262144 52433920 134234128 268435456 33587200 0 2 553664528 838944160 1611216192 201457842 6 1075355728 201859122 10 0 2097408 0 2097408
is_linear=0
shrinkage=0.05


Tree=60
num_leaves=31
num_cat=14
split_feature=0 17 17 6 17 8 2 1 17 6 17 12 6 17 8 17 17 12 17 6 17 7 12 17 7 17 14 17 17 6
split_gain=15027.6 8846.11 5101.14 1296.34 903.293 812.416 766.475 430.5 357.972 323.819 402.091 315.082 289.727 402.793 340.169 316 286.325 245.674 231.851 368.549 228.52 221.568 206.554 204.01 176.007 168.828 158.602 366.393 179.908 154.973
threshold=7.5000000000000009 0 1 18.500000000000004 2 23.500000000000004 22.500000000000004 77.500000000000014 3 18.500000000000004 4 57.500000000000007 16.500000000000004 5 23.500000000000004 6 7 5.5000000000000009 8 10.500000000000002 9 4.5000000000000009 63.500000000000007 10 1.5000000000000002 11 490.04732500000006 12 13 15.500000000000002
decision_type=2 9 9 2 9 2 2 2 9 2 9 2 2 9 2 9 9 2 9 2 9 2 2 9 2 9 2 9 9 2
left_child=2 -2 20 4 5 -4 8 9 12 11 -11 16 14 -14 15 -3 -8 24 19 -7 -1 -19 -6 -5 -18 -9 28 -28 29 -20
right_child=1 6 3 23 22 18 7 25 -10 10 -12 -13 13 -15 -16 -17 17 21 26 -21 -22 -23 -24 -25 -26 -27 27 -29 -30 -31
leaf_value=-0.034552349240214088 0.0010465860963797091 -0.044321583909463058 -0.0078801036567771373 -0.039157285233578289 0.0019524818430218362 -0.050585507171333081 0.0028992697732501682 0.82654829612887259 0.0007972257537305794 -0.20066593393109022 -0.0039400953932828831 -0.06806001597309895 -0.084184963669684407 -0.022860275497228466 -0.045626677953866414 0.066019168994002272 -0.091718020705522471 0.12290525734706144 -0.036109141086053141 -0.031818357842604429 -0.034552349240214088 0.021177314748316078 -0.094399220678158716 -0.041625895790853386 0.047401674394182081 0.17796918903428358 0.048495836814428997 -0.059138739443717815 -0.043356788599273388 -0.082827253481210769
leaf_weight=12258 10867 2805 5706 3777 13270 2198 31835 1903 49661 2353 10120 5861 5498 8733 23551 7526 4503 40357 3413 4837 9591 13013 799 1598 9859 1698 1196 1123 5860 460
leaf_count=12258 10867 2805 5706 3777 13270 2198 31835 1903 49661 2353 10120 5861 5498 8733 23551 7526 4503 40357 3413 4837 9591 13013 799 1598 9859 1698 1196 1123 5860 460
internal_value=-0.0032193 0.00281542 -0.0242351 -0.0144609 -0.0112809 -0.0170201 0.000632051 0.0032839 -0.00266328 0.00276376 -0.00485449 0.00366506 -0.00573634 -0.0117244 -0.00322295 0.0043413 0.00432824 0.00616604 -0.0219757 -0.0292193 -0.0439979 0.00772906 -0.0011542 -0.0374791 0.000362067 0.0203138 -0.0177085 -0.0059724 -0.020523 -0.0289081
internal_weight=296229 230143 66086 44237 38862 24793 219276 121502 97774 117901 12473 105428 48113 14231 33882 10331 99567 67732 19087 7035 21849 53370 14069 5375 14362 3601 12052 2319 9733 3873
internal_count=296229 230143 66086 44237 38862 24793 219276 121502 97774 117901 12473 105428 48113 14231 33882 10331 99567 67732 19087 7035 21849 53370 14069 5375 14362 3601 12052 2319 9733 3873
cat_boundaries=0 2 5 7 9 11 13 15 18 20 23 25 27 29 31
cat_threshold=2147483648 1049088 33587330 1077936128 2 2566930448 2988581120 822898756 975573416 85271552 536940632 553668608 939524224 805306368 2097408 1192509696 3039311107 12 134234128 268435456 33587200 0 2 553664528 838944160 0 278528 0 2097408 0 2097408
is_linear=0
shrinkage=0.05


Tree=61
num_leaves=31
num_cat=15
split_feature=0 17 17 6 17 8 0 6 17 17 6 17 3 17 17 17 6 17 17 12 17 5 5 6 17 8 17 7 14 17
split_gain=14995.7 8862.54 5094.88 1294.3 894.296 813.345 718.292 367.932 633.226 515.007 347.315 571.677 321.791 233.913 232.872 232.192 368.549 228.52 209.825 205.366 204.01 195.063 188.264 187.666 260.899 231.218 220.664 162.382 158.378 366.393
threshold=7.5000000000000009 0 1 18.500000000000004 2 23.500000000000004 42.500000000000007 11.500000000000002 3 4 15.500000000000002 5 92.500000000000014 6 7 8 10.500000000000002 9 10 63.500000000000007 11 18.750000000000004 28.750000000000004 13.500000000000002 12 26.500000000000004 13 4.5000000000000009 490.04732500000006 14
decision_type=2 9 9 2 9 2 2 2 9 9 2 9 2 9 9 9 2 9 9 2 9 2 2 2 9 2 9 2 2 9
left_child=2 -2 17 4 5 -4 7 8 14 10 13 -12 22 -9 -3 16 -7 -1 -10 -6 -5 -15 -8 24 -11 -26 -25 -20 -17 -30
right_child=1 6 3 20 19 15 12 9 18 23 11 -13 -14 21 -16 28 -18 -19 27 -21 -22 -23 -24 26 25 -27 -28 -29 29 -31
leaf_value=-0.03282473177820338 0.00099425679156075488 0.38229984772272729 -0.0074860984739382637 -0.03719942097189937 0.0018548577508707533 -0.048056231812766415 0.042570486890658545 0.042308768682169484 -0.057331991890226419 0.013589646454639937 -0.13830741762430998 -0.03395865550251314 0.85817004502176375 -0.067909239435563415 0.10012661838838657 -0.037958497344639103 -0.030227439950474191 -0.03282473177820338 0.034172629683922207 -0.089679259644250789 -0.0395446010013107 -0.019725024889854836 0.14536014278884898 0.033111039128367374 -0.0080963105617890118 -0.12712456214849405 -0.0021351745464511132 -0.039791857325924607 0.046071044973707578 -0.056181802471531928
leaf_weight=12258 10867 2214 5706 3777 13270 2198 27905 8002 7817 9180 4672 19149 1444 3807 12087 9733 4837 9591 17183 799 1598 9661 14821 18032 7349 5830 43464 6659 1196 1123
leaf_count=12258 10867 2214 5706 3777 13270 2198 27905 8002 7817 9180 4672 19149 1444 3807 12087 9733 4837 9591 17183 799 1598 9661 14821 18032 7349 5830 43464 6659 1196 1123
internal_value=-0.00325373 0.00277458 -0.0242472 -0.0144789 -0.0113015 -0.0170121 0.000589185 -0.000848058 0.00299391 -0.00221532 -0.00651089 -0.0106692 0.00628707 -0.00190033 0.0117218 -0.0219705 -0.0292193 -0.0439979 -0.000952035 -0.00122523 -0.0374791 -0.00592076 0.0055025 0.000105527 -0.00381725 -0.00832133 0.00153181 0.00137934 -0.0177002 -0.0059724
internal_weight=296229 230143 66086 44237 38862 24793 219276 175106 45960 129146 45291 23821 44170 21470 14301 19087 7035 21849 31659 14069 5375 13468 42726 83855 22359 13179 61496 23842 12052 2319
internal_count=296229 230143 66086 44237 38862 24793 219276 175106 45960 129146 45291 23821 44170 21470 14301 19087 7035 21849 31659 14069 5375 13468 42726 83855 22359 13179 61496 23842 12052 2319
cat_boundaries=0 2 5 7 10 13 15 17 19 21 24 26 28 31 34 36
cat_threshold=2147483648 1049088 33587330 1077936128 2 2566930448 2988581120 553676816 704858337 12 553668608 841176448 4 16793600 536936448 553648128 805388288 16384 536952832 134234128 268435456 33587200 0 2 168034306 2166882576 553664528 838944160 42042434 2281973865 9 503873552 17565776 1 0 2097408
is_linear=0
shrinkage=0.05


Tree=62
num_leaves=31
num_cat=13
split_feature=0 17 17 6 17 8 3 6 17 17 6 17 17 17 17 17 5 17 6 8 12 7 12 17 7 8 12 11 14 17
split_gain=14972.1 8873.55 5091.76 1291.19 898.433 789.231 664.79 395.149 634.969 453.081 327.762 564.384 268.658 264.33 262.093 228.52 220.907 217.687 368.549 215.405 213.675 220.887 205.322 205.249 202.496 208.424 200.078 192.772 189.432 322.71
threshold=7.5000000000000009 0 1 18.500000000000004 2 23.500000000000004 47.500000000000007 11.500000000000002 3 4 15.500000000000002 5 6 7 8 9 18.750000000000004 10 10.500000000000002 24.500000000000004 17.500000000000004 3.5000000000000004 5.5000000000000009 11 1.5000000000000002 22.500000000000004 63.500000000000007 1.0000000180025095e-35 490.04732500000006 12
decision_type=2 9 9 2 9 2 2 2 9 9 2 9 9 9 9 9 2 9 2 2 2 2 2 9 2 2 2 2 2 9
left_child=2 -2 15 4 5 -4 7 8 13 10 12 -12 -9 -3 -8 -1 -14 18 -7 -15 21 22 -10 -5 25 -24 -6 -11 -19 -30
right_child=1 6 3 23 26 17 14 9 20 27 11 -13 16 19 -16 -17 -18 28 -20 -21 -22 -23 24 -25 -26 -27 -28 -29 29 -31
leaf_value=-0.031183495189293222 0.00094454395198271266 0.39206549319841671 -0.01573536890378242 -0.0353394499233044 -0.00032113772335753412 -0.045653420222128108 0.39076799209806234 0.051821328886091061 -0.002950555417996892 0.0084958561338403637 -0.13738269285360785 -0.026093265668062207 -0.069212795891952533 0.21448631102436153 0.087072668685408069 -0.031183495189293222 -0.0084734392740235982 -0.035360019313821003 -0.028716067952950477 0.03915641551842413 -0.029881910236623455 -0.017779026541051925 0.15044523401203486 -0.037567370951245183 0.20582901146603858 -0.036290761443827438 -0.085170222600204237 -0.037275925235649598 0.043767492725022186 -0.050020716859375813
leaf_weight=12258 10867 2428 5612 3777 13965 2198 4488 7541 4018 73045 6003 23478 5386 4498 22419 9591 14988 9289 4837 7240 16985 8334 1525 1598 3555 1564 820 11781 1196 945
leaf_count=12258 10867 2428 5612 3777 13965 2198 4488 7541 4018 73045 6003 23478 5386 4498 22419 9591 14988 9289 4837 7240 16985 8334 1525 1598 3555 1564 820 11781 1196 945
internal_value=-0.00327635 0.0027472 -0.0242532 -0.014488 -0.0113144 -0.0172687 0.000560455 -0.00046915 0.00334716 -0.00181477 -0.0052451 -0.0089227 -0.00136307 0.0123095 0.00792173 -0.0439979 -0.00434655 -0.0222665 -0.0292193 0.00918454 -0.000184768 0.00345862 0.00822547 -0.0374605 0.0136213 0.00425704 -0.00160527 0.00050686 -0.0179458 -0.00455395
internal_weight=296229 230143 66086 44237 38862 24077 219276 192369 50147 142222 57396 29481 27915 14166 26907 21849 20374 18465 7035 11738 35981 18996 10662 5375 6644 3089 14785 84826 11430 2141
internal_count=296229 230143 66086 44237 38862 24077 219276 192369 50147 142222 57396 29481 27915 14166 26907 21849 20374 18465 7035 11738 35981 18996 10662 5375 6644 3089 14785 84826 11430 2141
cat_boundaries=0 2 5 7 10 13 15 17 19 21 24 26 28 30
cat_threshold=2147483648 1049088 33587330 1077936128 2 2566930448 2988450048 16805904 704858273 12 553971712 841176480 6 16793600 536952832 536870912 805388288 16384 536952832 269238592 33816576 33587200 0 2 134234128 268435456 553664528 838944160 0 2097408
is_linear=0
shrinkage=0.05


Tree=63
num_leaves=31
num_cat=13
split_feature=0 17 17 6 17 8 0 6 17 12 17 17 17 17 17 6 17 14 17 12 7 12 13 6 6 12 17 6 12 17
split_gain=14916.1 8888.43 5098.79 1293.48 902.594 794.15 619.475 361.914 798.716 339.511 362.111 260.011 238.406 228.52 216.184 368.549 205.249 191.593 318.336 187.421 183.283 317.964 198.987 179.087 172.495 183.312 160.917 154.973 151.802 151.17
threshold=7.5000000000000009 0 1 18.500000000000004 2 23.500000000000004 52.500000000000007 18.500000000000004 3 58.500000000000007 4 5 6 7 8 10.500000000000002 9 490.04732500000006 10 63.500000000000007 4.5000000000000009 5.5000000000000009 8.5000000000000018 17.500000000000004 10.500000000000002 49.500000000000007 11 15.500000000000002 16.500000000000004 12
decision_type=2 9 9 2 9 2 2 2 9 2 9 9 9 9 9 2 9 2 9 2 2 2 2 2 2 2 9 2 2 9
left_child=2 -2 13 4 5 -4 7 9 -9 10 20 -8 -11 -1 15 -7 -5 26 -19 29 21 22 -3 -13 25 -23 27 -16 -22 -6
right_child=1 6 3 16 19 14 11 8 -10 12 -12 23 -14 -15 17 -17 -18 18 -20 -21 28 24 -24 -25 -26 -27 -28 -29 -30 -31
leaf_value=-0.029624320429828543 0.00089731675438358143 -0.12613110385448004 -0.010047994233612379 -0.033572477427139182 0.039555562230016508 -0.043370749211021714 0.43811568989976879 -0.082116922678614479 0.00020911907758103254 0.011630912907999225 -0.0059058958455842974 0.13856331050528733 -0.11417623528478488 -0.029624320429828543 -0.030637758198827525 -0.027280264555302969 -0.035689002403682939 0.041579118088771065 -0.04751968101640705 -0.080936785532028044 0.031905367749799039 0.18800672426981874 0.013773065936757867 -0.07563605938469263 0.052125879770247789 -0.045058483193390057 -0.035719171689893872 -0.075019964974227235 -0.039983951845184419 -0.012983170887156392
leaf_weight=12258 10867 3529 5606 3777 3292 2198 4457 7655 17133 3423 79643 12862 6790 9591 3413 4837 1598 1196 940 840 13349 8272 10396 2924 35658 1249 5382 460 11936 10698
leaf_count=12258 10867 3529 5606 3777 3292 2198 4457 7655 17133 3423 79643 12862 6790 9591 3413 4837 1598 1196 940 840 13349 8272 10396 2924 35658 1249 5382 460 11936 10698
internal_value=-0.00330201 0.00271027 -0.0242396 -0.0144676 -0.0112912 -0.0172739 0.000521693 -0.000325825 -0.0059787 0.000478349 0.00102907 0.00885491 -0.00836679 -0.0439979 -0.0222946 -0.0292193 -0.0374605 -0.0179765 -0.00449438 -0.00158356 0.00331106 0.00483554 -0.0017702 0.00583059 0.00687156 0.0128505 -0.0211075 -0.0289081 -0.000251137 -0.000207291
internal_weight=296229 230143 66086 44237 38862 24032 219276 199033 24788 174245 164032 20243 10213 21849 18426 7035 5375 11391 2136 14830 84389 59104 13925 15786 45179 9521 9255 3873 25285 13990
internal_count=296229 230143 66086 44237 38862 24032 219276 199033 24788 174245 164032 20243 10213 21849 18426 7035 5375 11391 2136 14830 84389 59104 13925 15786 45179 9521 9255 3873 25285 13990
cat_boundaries=0 2 5 7 10 13 15 17 20 22 24 26 28 31
cat_threshold=2147483648 1049088 33587330 1077936128 2 2298494992 2988450048 621093888 807485914 2 344536068 201672955 13 335544320 327680 637568320 2150197320 33587200 0 2 134234128 268435456 553664528 838944160 0 2097408 0 2097408 1073808388 218124361 5
is_linear=0
shrinkage=0.05


Tree=64
num_leaves=31
num_cat=13
split_feature=0 17 17 6 17 8 17 0 11 6 17 6 17 17 17 7 6 17 8 17 8 6 17 5 17 5 12 17 13 6
split_gain=14718.8 8890.36 5189.09 1320.78 944.112 788.012 576.861 366.522 289.465 266.929 376.006 240.963 422.307 244.004 228.52 219.758 235.087 400.435 322.444 330.388 270.151 263.26 237.472 206.867 206.492 196.976 195.282 185.487 180.657 174.644
threshold=7.5000000000000009 0 1 18.500000000000004 2 23.500000000000004 3 77.500000000000014 1.0000000180025095e-35 18.500000000000004 4 10.500000000000002 5 6 7 4.5000000000000009 15.500000000000002 8 28.500000000000004 9 24.500000000000004 13.500000000000002 10 26.250000000000004 11 8.7500000000000018 63.500000000000007 12 16.500000000000004 15.500000000000002
decision_type=2 9 9 2 9 2 9 2 2 2 9 2 9 9 9 2 2 9 2 9 2 2 9 2 9 2 2 9 2 2
left_child=2 -2 14 4 5 -4 7 8 15 23 -11 13 -13 -7 -1 16 17 21 19 -18 22 -3 -19 -8 -5 -15 -6 -21 -24 -14
right_child=1 6 3 24 26 11 9 -9 -10 10 -12 12 29 25 -16 -17 18 20 -20 27 -22 -23 28 -25 -26 -27 -28 -29 -30 -31
leaf_value=-0.028143104408337116 0.00085245091666443786 0.5527269755959775 -0.007270853756948626 -0.031893853555782226 0.0035214080847542741 -0.031712401613335973 -0.013674593601720499 0.44393132095173515 -0.032872779649758856 -0.055200157500762306 -0.016590670528792994 -0.025916251327537811 -0.026678752363294447 -0.12822130337527288 -0.028143104408337116 -0.0042521472134597008 -0.22363514124501399 0.028262524213284835 0.060014527696641465 0.099617118460007259 0.019494536013243649 0.083779809112318304 0.28433979054872655 0.024848358668264139 -0.033904552283498778 0.04173283016547185 -0.076889946255426625 -0.021884995209926927 0.054094995319829135 -0.043129248388180087
leaf_weight=12258 10867 2096 5875 3777 12580 2372 66158 3653 15458 4987 9220 4896 5005 1670 9591 25106 1479 8243 8927 1548 25546 1067 7632 21329 1598 2391 804 13825 3002 3269
leaf_count=12258 10867 2096 5875 3777 12580 2372 66158 3653 15458 4987 9220 4896 5005 1670 9591 25106 1479 8243 8927 1548 25546 1067 7632 21329 1598 2391 804 13825 3002 3269
internal_value=-0.0032669 0.00270549 -0.0240656 -0.0142077 -0.0109979 -0.0166431 0.000516677 0.00290156 0.00240193 -0.00224082 -0.00859787 -0.0214636 -0.0253379 -0.0135318 -0.0439979 0.00340049 0.00478225 0.00686546 0.000936809 -0.00313316 0.00563658 0.0240309 0.0101738 -0.00120875 -0.0374419 -0.00603046 -0.000238913 -0.00095235 0.0151071 -0.0183728
internal_weight=296229 230143 66086 44237 38862 25478 219276 117582 113929 101694 14207 19603 13170 6433 21849 98471 73365 47586 25779 16852 44423 3163 18877 87487 5375 4061 13384 15373 10634 8274
internal_count=296229 230143 66086 44237 38862 25478 219276 117582 113929 101694 14207 19603 13170 6433 21849 98471 73365 47586 25779 16852 44423 3163 18877 87487 5375 4061 13384 15373 10634 8274
cat_boundaries=0 2 5 7 10 12 14 16 19 21 23 26 28 29
cat_threshold=2147483648 1049088 33587330 1077936128 2 2299019280 2988581120 378123284 2282186825 13 553910272 807403922 2281717776 268435456 16 2149581056 33587200 0 2 0 81920 0 81920 377521152 2147491905 1 553664528 838944160 277381136
is_linear=0
shrinkage=0.05


Tree=65
num_leaves=31
num_cat=12
split_feature=0 17 17 6 17 8 3 17 17 17 6 0 17 5 6 17 12 6 17 5 17 5 14 17 17 7 6 7 5 13
split_gain=14720.4 8914.19 5157.59 1310.52 959.615 804.401 557.752 359.051 291.547 247.83 369.908 246.394 228.52 212.485 220.731 206.492 195.038 175.555 276.466 156.964 150.837 148.113 147.215 352.295 196.998 160.307 154.973 138.394 137.688 131.616
threshold=7.5000000000000009 0 1 18.500000000000004 2 23.500000000000004 22.500000000000004 3 4 5 10.500000000000002 87.500000000000014 6 33.750000000000007 10.500000000000002 7 63.500000000000007 18.500000000000004 8 23.750000000000004 9 8.7500000000000018 490.04732500000006 10 11 4.5000000000000009 15.500000000000002 1.0000000180025095e-35 23.750000000000004 10.500000000000002
decision_type=2 9 9 2 9 2 2 9 9 9 2 2 9 2 2 9 2 2 9 2 9 2 2 9 9 2 2 2 2 2
left_child=2 -2 12 4 5 20 8 11 27 10 21 19 -1 14 -9 -5 -6 -10 -19 -8 -4 -7 24 -24 26 -26 -11 -3 -12 -22
right_child=1 6 3 15 16 9 7 13 17 22 28 -13 -14 -15 -16 -17 -18 18 -20 -21 29 -23 23 -25 25 -27 -28 -29 -30 -31
leaf_value=-0.026735949187920261 0.00080982837083123373 -0.039858425800322554 0.067095679318152524 -0.030299160877993093 0.0033453376805165471 -0.10722399663933412 0.035678386060896593 0.084417800489566375 -0.017399449195837313 -0.027520250208219334 -0.024620438761160914 0.66659527210923886 -0.026735949187920261 0.10363304052198218 -0.0063223801906849182 -0.032209324669323851 -0.0730454489426553 -0.045562388251568199 -0.03623076089838171 0.14326520524496528 0.030604076343367394 -0.0012224490933594456 0.041656624603741491 -0.046339230034757241 -0.030220439682968482 -0.049617318576192962 -0.069112504306106895 0.012069238013647787 -0.029548853965589351 -0.10151839497699316
leaf_weight=12258 10867 5249 1199 3777 12580 771 19486 7944 58297 3413 4355 1849 9591 8085 67477 1598 804 2967 6260 14934 2240 1427 1208 1118 4151 2218 460 26728 482 2436
leaf_count=12258 10867 5249 1199 3777 12580 771 19486 7944 58297 3413 4355 1849 9591 8085 67477 1598 804 2967 6260 14934 2240 1427 1208 1118 4151 2218 460 26728 482 2436
internal_value=-0.00332631 0.0026464 -0.0241261 -0.0142981 -0.0111008 -0.0167922 0.000454657 0.00275308 -0.00231204 -0.0216625 -0.0292051 0.0069062 -0.0439979 0.000948321 0.000122645 -0.0374419 -0.000253845 -0.00417419 -0.0105831 0.00595293 -0.000570213 -0.0122384 -0.0174034 -0.00606191 -0.0199961 -0.0145085 -0.0289081 0.00162097 -0.0369754 -0.00463082
internal_weight=296229 230143 66086 44237 38862 25478 219276 119775 99501 19603 7035 36269 21849 83506 75421 5375 13384 67524 9227 34420 5875 2198 12568 2326 10242 6369 3873 31977 4837 4676
internal_count=296229 230143 66086 44237 38862 25478 219276 119775 99501 19603 7035 36269 21849 83506 75421 5375 13384 67524 9227 34420 5875 2198 12568 2326 10242 6369 3873 31977 4837 4676
cat_boundaries=0 2 5 7 9 12 14 17 19 21 23 25 27
cat_threshold=2147483648 1049088 33587330 1077936128 2 2299019280 2988581120 940048464 411784 1309742352 2148100163 13 134234128 268435456 33587200 0 2 553664528 838944160 536870912 805306768 16777216 268566528 524288 2097408 0 2097408
is_linear=0
shrinkage=0.05


Tree=66
num_leaves=31
num_cat=13
split_feature=0 17 17 6 17 8 3 6 3 17 17 5 17 17 6 17 6 14 17 5 12 17 6 17 17 8 6 14 17 5
split_gain=14730.8 8930.5 5131.68 1302.08 935.993 794.552 535.838 347.834 341.062 273.362 239.404 230.945 228.52 214.941 369.908 206.492 194.803 189.439 315.606 185.221 182.357 160.917 158.691 487.853 260.907 211.259 154.973 151.641 177.841 151.74
threshold=7.5000000000000009 0 1 18.500000000000004 2 23.500000000000004 52.500000000000007 9.5000000000000018 22.500000000000004 3 4 10.750000000000002 5 6 10.500000000000002 7 16.500000000000004 490.04732500000006 8 18.750000000000004 63.500000000000007 9 15.500000000000002 10 11 29.500000000000004 15.500000000000002 609.91081666666685 12 26.250000000000004
decision_type=2 9 9 2 9 2 2 2 2 9 9 2 9 9 2 9 2 2 9 2 2 9 2 9 9 2 2 2 9 2
left_child=2 -2 12 4 5 -4 7 11 9 -9 -8 -3 -1 14 -7 -5 -12 21 -19 -10 -6 26 24 -24 -21 -25 -15 -11 29 -29
right_child=1 6 3 15 20 13 10 8 19 27 16 -13 -14 17 -16 -17 -18 18 -20 22 -22 -23 23 25 -26 -27 -28 28 -30 -31
leaf_value=-0.025399151728524229 0.00076933695228964538 0.025565521708418616 -0.010712255651252712 -0.028784202834093442 7.4041890467668743e-07 -0.039555469215135863 0.42630317350961439 -0.0018296331775857766 -0.018362852716996159 -0.026711161494099401 0.15626545507545553 0.17690060638530483 -0.025399151728524229 -0.02614423769780836 -0.023389416823102849 -0.030598858435857634 -0.035730333190999275 0.039573793373554447 -0.040670273044439847 0.11288082519787138 -0.069393176495522554 -0.030799528618902051 -0.16897569656501399 -0.0082464461117112368 0.0070464058164223077 0.10764407904907092 -0.065656879090801562 -0.066372325778721791 -0.023344189756773926 0.016759284768982231
leaf_weight=12258 10867 11003 5606 3777 13990 2198 3616 45741 26047 34933 10443 4171 9591 3413 4837 1598 5326 1196 940 19286 840 5382 2694 18874 24587 5060 460 3269 3526 700
leaf_count=12258 10867 11003 5606 3777 13990 2198 3616 45741 26047 34933 10443 4171 9591 3413 4837 1598 5326 1196 940 19286 840 5382 2694 18874 24587 5060 460 3269 3526 700
internal_value=-0.00336885 0.00260599 -0.0241761 -0.0143727 -0.0111857 -0.0172781 0.000412247 -0.000357445 -0.000955245 -0.00320351 0.00834924 0.00691973 -0.0439979 -0.0223 -0.0292051 -0.0374419 0.00567526 -0.017994 -0.00458801 0.0010979 -0.00130054 -0.0211075 0.00242904 -0.000615893 0.00427712 0.00165804 -0.0289081 -0.0060936 -0.0125484 -0.0197914
internal_weight=296229 230143 66086 44237 38862 24032 219276 199891 184717 88169 19385 15174 21849 18426 7035 5375 15769 11391 2136 96548 14830 9255 70501 26628 43873 23934 3873 42428 7495 3969
internal_count=296229 230143 66086 44237 38862 24032 219276 199891 184717 88169 19385 15174 21849 18426 7035 5375 15769 11391 2136 96548 14830 9255 70501 26628 43873 23934 3873 42428 7495 3969
cat_boundaries=0 2 5 7 10 12 15 17 19 21 23 25 28 31
cat_threshold=2147483648 1049088 33587330 1077936128 2 2298494992 2988450048 1318592786 2231989315 11 344457216 262144 33587200 0 2 134234128 268435456 553664528 838944160 0 2097408 0 2097408 50348032 2686537728 554254400 704858265 1 553653248 805568936 4
is_linear=0
shrinkage=0.05


Tree=67
num_leaves=31
num_cat=14
split_feature=0 17 17 6 17 8 17 7 0 7 6 5 17 17 6 17 17 17 17 17 5 6 17 17 5 6 12 17 12 5
split_gain=14643.9 8936.82 5164.67 1308.61 916.599 778.585 493.643 310.913 302.869 262.673 394.312 239.388 284.174 247.883 232.662 228.52 226.209 220.559 218.28 208.987 198.891 250.449 385.527 223.392 207.378 194.957 186.954 238.667 182.357 172.673
threshold=7.5000000000000009 0 1 18.500000000000004 2 23.500000000000004 3 1.0000000180025095e-35 87.500000000000014 4.5000000000000009 10.500000000000002 21.250000000000004 4 5 18.500000000000004 6 7 8 9 10 21.250000000000004 10.500000000000002 11 12 8.7500000000000018 15.500000000000002 16.500000000000004 13 63.500000000000007 23.750000000000004
decision_type=2 9 9 2 9 2 9 2 2 2 2 2 9 9 2 9 9 9 9 9 2 2 9 9 2 2 2 9 2 2
left_child=2 -2 15 4 5 -4 8 17 29 10 18 12 -12 -13 -15 -1 -14 -8 -9 -5 21 23 -23 -7 -25 -19 -11 -28 -6 -3
right_child=1 6 3 19 28 20 7 9 -10 26 11 13 16 14 -16 -17 -18 25 -20 -21 -22 22 -24 24 -26 -27 27 -29 -30 -31
leaf_value=-0.02412919414209802 0.00073087010467514095 0.018822792330120564 -0.010176642868690067 -0.02734499269238877 7.0339795943397121e-07 -0.02716944126787495 -0.076498977215678832 0.16759868444682802 0.5985825939393834 -0.0019900466299860309 -0.061481274081548687 0.065593445714599338 0.034289507787280731 0.0042278251683187662 -0.062731728381187818 -0.02412919414209802 -0.0061250259644677566 0.011471034303466788 0.01571516997603082 -0.029068915514064743 -0.027148361186376136 -0.023727828888920135 -0.022219945981947698 -0.1144712649137857 0.089809362121341607 -0.079316908942816122 -0.064038923284819124 -0.012261854530323203 -0.065923517670746404 0.10906288107415137
leaf_weight=12258 10867 31962 5606 3777 13990 2313 10758 7711 2089 25362 9201 20976 916 28001 3284 9591 23047 8475 7007 1598 2055 6558 4318 1224 1958 3898 8614 11750 840 16225
leaf_count=12258 10867 31962 5606 3777 13990 2313 10758 7711 2089 25362 9201 20976 916 28001 3284 9591 23047 8475 7007 1598 2055 6558 4318 1224 1958 3898 8614 11750 840 16225
internal_value=-0.00336682 0.00259035 -0.0241125 -0.0142778 -0.0110828 -0.0171117 0.00039583 -0.000898172 0.00474486 -4.42178e-05 0.00138951 8.7211e-05 -0.00323544 0.00219571 -0.0006247 -0.0439979 -0.000364994 -0.00628378 0.00894823 -0.0374047 -0.0220829 -0.0239234 -0.0283192 -0.0152229 -0.00654762 -0.00172414 -0.00318418 -0.00675211 -0.00130054 0.00393778
internal_weight=296229 230143 66086 44237 38862 24032 219276 169000 50276 145869 100143 85425 33164 52261 31285 21849 23963 23131 14718 5375 18426 16371 10876 5495 3182 12373 45726 20364 14830 48187
internal_count=296229 230143 66086 44237 38862 24032 219276 169000 50276 145869 100143 85425 33164 52261 31285 21849 23963 23131 14718 5375 18426 16371 10876 5495 3182 12373 45726 20364 14830 48187
cat_boundaries=0 2 5 7 10 13 16 19 21 24 27 29 31 33 36
cat_threshold=2147483648 1049088 33587330 1077936128 2 2298494992 2988450048 268480528 280648 1 18104320 973211008 2 1141375300 235077761 4 33587200 0 2 167772160 2147483648 1627406596 2265059713 4 1695629380 906166433 12 553664528 838944160 16777216 2720006400 16 2149581056 93061184 3055554994 2
is_linear=0
shrinkage=0.05


Tree=68
num_leaves=31
num_cat=12
split_feature=0 17 17 6 17 8 17 7 17 0 7 6 17 17 6 11 17 17 6 14 17 12 5 6 17 12 17 14 6 8
split_gain=14662.8 8953.68 5134.03 1298.65 935.506 795.871 458.565 299.041 294.443 287.185 245.124 297.148 228.52 214.941 369.908 211.987 208.987 202.219 193.981 189.439 315.606 182.357 170.486 166.982 160.917 160.805 157.531 157.314 154.973 154.85
threshold=7.5000000000000009 0 1 18.500000000000004 2 23.500000000000004 3 1.0000000180025095e-35 4 92.500000000000014 4.5000000000000009 10.500000000000002 5 6 10.500000000000002 1.0000000180025095e-35 7 8 15.500000000000002 490.04732500000006 9 63.500000000000007 23.750000000000004 18.500000000000004 10 16.500000000000004 11 590.04964166666684 15.500000000000002 19.500000000000004
decision_type=2 9 9 2 9 2 9 2 9 2 2 2 9 9 2 2 9 9 2 2 9 2 2 2 9 2 9 2 2 2
left_child=2 -2 12 4 5 -4 9 17 23 22 11 27 -1 14 -7 -13 -5 -8 -19 24 -21 -6 -3 -9 28 -12 -27 29 -15 -10
right_child=1 6 3 16 21 13 7 8 10 -11 25 15 -14 19 -16 -17 -18 18 -20 20 -22 -23 -24 -25 -26 26 -28 -29 -30 -31
leaf_value=-0.022922734434993111 0.000694326599441375 0.026156153663616788 -0.0096678107252555993 -0.025977743057769322 6.6822806150668161e-07 -0.036219223690985292 -0.072674028354894921 -0.019457267518791801 -0.088957016371167263 0.74797793318013572 0.0056178700024787538 0.013899686678232116 -0.022922734434993111 -0.023478553749524168 -0.021108948682850317 -0.044624414746363694 -0.027615469738361487 0.01025621713455447 -0.077191383617756376 0.038781495149322699 -0.037450367947771838 -0.062627341787209106 0.16492767934688823 -0.018133000924423916 -0.028073160743510919 -0.060836977120578166 -0.0062615367992782112 0.2829570044869783 -0.061016617076942663 0.097422942812492697
leaf_weight=12258 10867 21590 5606 3777 13990 2198 10758 21371 790 1502 23629 72416 9591 3413 4837 5347 1598 9968 4822 1196 940 840 10505 3137 5382 8861 10991 1071 460 12518
leaf_count=12258 10867 21590 5606 3777 13990 2198 10758 21371 790 1502 23629 72416 9591 3413 4837 5347 1598 9968 4822 1196 940 840 10505 3137 5382 8861 10991 1071 460 12518
internal_value=-0.00341239 0.00254863 -0.0241715 -0.0143659 -0.0111832 -0.0172739 0.000352052 -0.000620661 0.000180789 0.00572649 0.00109229 0.00255258 -0.0439979 -0.0223 -0.0292051 0.00133161 -0.0374047 -0.00564428 -0.00184459 -0.017994 -0.00458801 -0.00130054 0.00472815 -0.00486173 -0.0211075 -0.00200202 -0.00531936 0.00915571 -0.0289081 0.00767208
internal_weight=296229 230143 66086 44237 38862 24032 219276 185679 160131 33597 135623 92142 21849 18426 7035 77763 5375 25548 14790 11391 2136 14830 32095 24508 9255 43481 19852 14379 3873 13308
internal_count=296229 230143 66086 44237 38862 24032 219276 185679 160131 33597 135623 92142 21849 18426 7035 77763 5375 25548 14790 11391 2136 14830 32095 24508 9255 43481 19852 14379 3873 13308
cat_boundaries=0 2 5 7 9 11 14 16 18 21 23 25 28
cat_threshold=2147483648 1049088 33587330 1077936128 2 2298494992 2988450048 268443648 280584 17088512 807404800 33587200 0 2 134234128 268435456 553664528 838944160 1627406596 2265059713 4 0 2097408 0 2097408 76087616 2248671474 2
is_linear=0
shrinkage=0.05


Tree=69
num_leaves=31
num_cat=14
split_feature=0 17 17 6 17 8 3 6 12 3 17 5 17 17 6 17 14 17 17 12 17 17 5 7 17 17 6 6 17 5
split_gain=14651.5 8952.98 5140.31 1294.4 938.183 797.191 439.938 278.506 286.879 253.493 228.52 218.015 215.438 214.941 369.908 212.756 189.439 315.606 184.84 175.188 160.917 158.887 158.796 190.469 186.634 163.356 154.973 154.756 227.858 148.549
threshold=7.5000000000000009 0 1 18.500000000000004 2 23.500000000000004 47.500000000000007 9.5000000000000018 58.500000000000007 102.50000000000001 3 10.750000000000002 4 5 10.500000000000002 6 490.04732500000006 7 8 63.500000000000007 9 10 21.250000000000004 1.0000000180025095e-35 11 12 15.500000000000002 18.500000000000004 13 18.750000000000004
decision_type=2 9 9 2 9 2 2 2 2 2 9 2 9 9 2 9 2 9 9 2 9 9 2 2 9 9 2 2 9 2
left_child=2 -2 10 4 5 -4 7 11 12 -8 -1 21 -9 14 -7 -5 20 -18 -10 -6 26 -3 25 -24 -25 -14 -15 -26 -29 -22
right_child=1 6 3 15 19 13 9 8 18 -11 -12 -13 22 16 -16 -17 17 -19 -20 -21 29 -23 23 24 27 -27 -28 28 -30 -31
leaf_value=-0.021776597713243452 0.00065961026946927961 0.10075900403396859 -0.0091844201889927923 -0.024678855904880861 6.348166584402293e-07 -0.034408262506436048 0.08232753203931012 0.010778039957336817 -0.12206514101997552 1.0624667106122097 -0.021776597713243452 0.16202831830423323 -0.042972119160389434 -0.022304626062047951 -0.020053501248707795 -0.026234696251443437 0.036842420391856569 -0.035577849550383255 -0.016968168166419596 -0.059495974697848647 -0.029757806191768044 -0.016205660177447356 -0.076584529914084598 -0.014299018767217753 0.025541165245048125 -0.0039919550029390294 -0.05796578622309552 0.017124843317933982 -0.068722049172654218 -0.025988383645858138
leaf_weight=12258 10867 5224 5606 3777 13990 2198 26056 76047 4909 851 9591 4113 25015 3413 4837 1598 1196 940 5495 840 4010 5673 2998 3173 31696 23777 460 2320 1929 1372
leaf_count=12258 10867 5224 5606 3777 13990 2198 26056 76047 4909 851 9591 4113 25015 3413 4837 1598 1196 940 5495 840 4010 5673 2998 3173 31696 23777 460 2320 1929 1372
internal_value=-0.00340834 0.00255037 -0.0241594 -0.0143479 -0.0111703 -0.0172698 0.000353876 -0.000483706 -0.00103716 0.00634222 -0.0439979 0.00605596 -0.000535174 -0.0223 -0.0292051 -0.0373488 -0.017994 -0.00458801 -0.00909266 -0.00127358 -0.0211075 0.00235386 -0.00217779 7.12318e-05 0.0010021 -0.00411953 -0.0289081 0.00202893 -0.00693104 -0.0154117
internal_weight=296229 230143 66086 44237 38862 24032 219276 192369 177359 26907 21849 15010 166955 18426 7035 5375 11391 2136 10404 14830 9255 10897 90908 42116 39118 48792 3873 35945 4249 5382
internal_count=296229 230143 66086 44237 38862 24032 219276 192369 177359 26907 21849 15010 166955 18426 7035 5375 11391 2136 10404 14830 9255 10897 90908 42116 39118 48792 3873 35945 4249 5382
cat_boundaries=0 2 5 7 10 13 15 17 19 22 24 27 29 32 35
cat_threshold=2147483648 1049088 33587330 1077936128 2 2298494992 2988450048 33587200 0 2 512295958 201812075 9 134234128 268435456 553664528 838944160 0 2097408 286617604 788927761 5 0 2097408 1140929536 201739464 5 32768 2149580800 1090797888 838862208 2 1611665664 50857088 4
is_linear=0
shrinkage=0.05


Tree=70
num_leaves=31
num_cat=17
split_feature=0 17 17 6 17 8 0 12 17 17 17 6 17 17 14 17 17 6 17 17 6 17 6 17 8 17 17 17 6 5
split_gain=14673.8 8929.45 5159.95 1269.47 944.832 798.512 389.804 276.079 260.28 228.52 214.941 369.908 206.527 205.603 189.439 315.606 183.487 175.954 633.942 226.539 318.755 321.864 214.96 264.071 249.426 248.124 202.115 185.473 173.212 169.759
threshold=7.5000000000000009 0 1 18.500000000000004 2 23.500000000000004 62.500000000000007 58.500000000000007 3 4 5 10.500000000000002 6 7 490.04732500000006 8 9 16.500000000000004 10 11 13.500000000000002 12 14.500000000000002 13 26.500000000000004 14 15 16 10.500000000000002 18.750000000000004
decision_type=2 9 9 2 9 2 2 2 9 9 9 2 9 9 2 9 9 2 9 9 2 9 2 9 2 9 9 9 2 2
left_child=2 -2 9 4 5 -4 7 8 28 -1 11 -7 -8 -5 -12 -16 -9 19 -19 20 21 -10 24 -24 25 -21 -26 -20 -3 -30
right_child=1 6 3 13 -6 10 12 16 17 -11 14 -13 -14 -15 15 -17 -18 18 27 22 -22 -23 23 -25 26 -27 -28 -29 29 -31
leaf_value=-0.020687767827581284 0.00062662975599581117 0.075979995075240225 -0.0087251991795431749 -0.023444913109636811 -0.0046904683212995128 -0.032687849381114242 0.37459391101765116 -0.11873088404252062 0.48233633927676611 -0.020687767827581284 -0.022919420857717213 -0.019050826186272386 0.068314020255887092 -0.024128654664951333 0.035000299372263746 -0.033798957072864115 -0.01090264747974974 -0.13427964366789011 -0.047850814698357752 -0.040441083332031273 -0.02453469692560244 0.070631729578519584 0.05987944925321434 -0.0055752223758754665 -0.10239563757594557 0.015226176808131342 -0.0039173305140870699 0.0028633413367039396 -0.013298782056581705 0.025580682004531674
leaf_weight=12258 10867 17541 5606 3858 14830 2198 4451 5316 1264 9591 9255 4837 5611 1517 1196 940 6351 2965 10057 6067 7454 8075 5062 7902 9076 17958 4891 14851 27394 56990
leaf_count=12258 10867 17541 5606 3858 14830 2198 4451 5316 1264 9591 9255 4837 5611 1517 1196 940 6351 2965 10057 6067 7454 8075 5062 7902 9076 17958 4891 14851 27394 56990
internal_value=-0.00335467 0.0026086 -0.0241216 -0.0142914 -0.0111446 -0.0172656 0.000414983 -4.732e-05 0.000394083 -0.0439979 -0.0223 -0.0292051 0.0100278 -0.0370698 -0.017994 -0.00458801 -0.00752121 -0.00147963 -0.00482366 -0.000104061 0.00493067 0.0110879 -0.00176392 0.00379512 -0.0036613 -0.00057232 -0.00897473 -0.00221527 0.00215186 0.00121232
internal_weight=296229 230143 66086 44237 38862 24032 219276 209214 197547 21849 18426 7035 10062 5375 11391 2136 11667 95622 27873 67749 16793 9339 50956 12964 37992 24025 13967 24908 101925 84384
internal_count=296229 230143 66086 44237 38862 24032 219276 209214 197547 21849 18426 7035 10062 5375 11391 2136 11667 95622 27873 67749 16793 9339 50956 12964 37992 24025 13967 24908 101925 84384
cat_boundaries=0 2 5 7 10 13 15 17 19 21 24 26 28 30 32 34 36 39
cat_threshold=2147483648 1049088 33587330 1077936128 2 2298494992 2988450048 512308244 470173801 13 33587200 0 2 134234128 268435456 268439552 344064 553926672 838944160 0 2097408 287141892 1040581683 1 16777216 536936448 553648128 570491008 0 65536 262400 17301778 32770 19398912 1074020672 17301778 537149504 33555584 2
is_linear=0
shrinkage=0.05


Tree=71
num_leaves=31
num_cat=12
split_feature=0 17 17 6 17 8 3 12 17 17 17 5 6 17 17 5 17 17 12 6 13 7 14 17 5 6 5 6 17 5
split_gain=14453.9 8952.63 5234.93 1266.45 952.208 780.517 368.049 235.297 228.52 223.726 222.644 202.128 253.949 384.288 219.635 207.378 180.67 178.171 163.368 151.509 143.183 137.59 131.646 261.645 130.865 141.769 128.767 128.219 123.311 122.576
threshold=7.5000000000000009 0 1 18.500000000000004 2 23.500000000000004 57.500000000000007 58.500000000000007 3 4 5 21.250000000000004 10.500000000000002 6 7 8.7500000000000018 8 9 63.500000000000007 16.500000000000004 10.500000000000002 1.0000000180025095e-35 510.00895000000008 10 31.250000000000004 10.500000000000002 26.250000000000004 9.5000000000000018 11 21.250000000000004
decision_type=2 9 9 2 9 2 2 2 9 9 9 2 2 9 9 2 9 9 2 2 2 2 2 9 2 2 2 2 9 2
left_child=2 -2 8 4 5 20 7 9 26 24 -5 12 14 22 -7 -16 -9 -8 -6 -19 -4 28 -14 -24 25 -3 -1 -23 -11 -29
right_child=1 6 3 10 18 11 17 16 -10 21 -12 -13 13 -15 15 -17 -18 19 -20 -21 -22 27 23 -25 -26 -27 -28 29 -30 -31
leaf_value=-0.019653379436202201 0.00059529826819604281 0.07898366556268499 0.038611823943859674 -0.022272667454154949 0.00023512649189054715 -0.021773449814831338 0.4733863280394548 -0.12579887056790681 -0.019653379436202201 -0.061203620292782104 -0.022922221931703748 -0.022780279321165775 -0.017974166849043138 -0.018098284876958772 -0.10358193488916966 0.089356413404924243 -0.01555394305233917 0.15943110117442247 -0.056286652546891247 -0.047442889944528589 -0.088735362782808969 0.061137396763086119 0.033250284403650542 -0.032109009219220885 0.13688347647511812 0.0071602740342161303 -0.019653379436202201 -0.011981141237692762 -0.0064282106592933987 0.0049112019316427617
leaf_weight=10447 10867 14169 2721 3858 13990 2313 2686 4251 9591 8393 1517 2055 5057 4318 1224 1958 7348 7467 840 3964 2885 6420 806 695 4103 59133 1811 47091 7732 46519
leaf_count=10447 10867 14169 2721 3858 13990 2313 2686 4251 9591 8393 1517 2055 5057 4318 1224 1958 7348 7467 840 3964 2885 6420 806 695 4103 59133 1811 47091 7732 46519
internal_value=-0.00336716 0.00255124 -0.0239778 -0.0140767 -0.0109336 -0.0170784 0.000354788 -0.000182541 -0.0439979 0.000231969 -0.0368279 -0.0220558 -0.0239112 -0.0283376 -0.0151501 -0.00654762 -0.00709975 0.00816392 -0.000963612 0.00542348 -0.000749197 -0.00115568 -0.0205999 -0.00762825 0.00231415 0.00182805 -0.0393055 -0.000464861 -0.00544186 -0.000933661
internal_weight=296229 230143 66086 44237 38862 24032 219276 205159 21849 193560 5375 18426 16371 10876 5495 3182 11599 14117 14830 11431 5606 116155 6558 1501 77405 73302 12258 100030 16125 93610
internal_count=296229 230143 66086 44237 38862 24032 219276 205159 21849 193560 5375 18426 16371 10876 5495 3182 11599 14117 14830 11431 5606 116155 6558 1501 77405 73302 12258 100030 16125 93610
cat_boundaries=0 2 5 7 10 13 15 17 19 22 24 26 29
cat_threshold=2147483648 1049088 33587330 1077936128 2 2298494992 2988450048 33587200 0 2 344527892 134629449 9 553926672 838944160 16777216 2720006400 16 2149581056 286617600 1040581649 1 0 262144 0 2097408 1660961088 2248151424 4
is_linear=0
shrinkage=0.05


Tree=72
num_leaves=31
num_cat=15
split_feature=0 17 17 6 17 8 0 17 17 17 6 12 17 14 17 17 17 17 6 5 5 6 17 17 17 7 14 17 5 13
split_gain=14459 8959.31 5223.85 1246.43 986.532 793.063 344.072 233.6 228.52 214.662 374.001 203.702 203.376 193.758 308.758 191.188 168.563 160.917 154.973 150.412 148.549 143.894 593.027 209.349 192.125 154.428 142.029 178.354 141.912 141.869
threshold=7.5000000000000009 0 1 18.500000000000004 2 23.500000000000004 52.500000000000007 3 4 5 10.500000000000002 58.500000000000007 6 490.04732500000006 7 8 9 10 15.500000000000002 8.7500000000000018 18.750000000000004 16.500000000000004 11 12 13 4.5000000000000009 429.89375000000001 14 31.250000000000004 10.500000000000002
decision_type=2 9 9 2 9 2 2 9 9 9 2 2 9 2 9 9 9 9 2 2 2 2 9 9 9 2 2 9 2 2
left_child=2 -2 8 4 5 29 11 -5 -1 10 19 15 -8 17 -15 28 -13 18 -11 -7 -19 23 -23 25 -24 -17 -25 -28 -3 -4
right_child=1 6 3 7 -6 9 12 -9 -10 13 -12 16 -14 14 -16 21 -18 20 -20 -21 -22 22 24 26 -26 -27 27 -29 -30 -31
leaf_value=-0.018670710464392084 0.00056553335478621853 0.0099487699756100056 0.03668123274666666 -0.015183949216626004 -0.0044677012298290466 -0.083816596577536026 0.26661309593463772 -0.021159034081447193 -0.018670710464392084 -0.018954751225318135 -0.017193370633110838 -0.12378730016880023 0.045500315086146874 0.031587770183468054 -0.03050355875825983 0.028646639815226884 -0.01510708958728575 -0.026225236496841654 -0.052782511902996543 -0.0029760751753212136 -0.022644285078227223 -0.12691388071929732 -0.035701711824226878 -0.022945765684391974 0.0071626480907668547 -0.017723921510303154 -0.046002416050451703 0.042308526321062169 0.1211134101953114 -0.084298594643668512
leaf_weight=12258 10867 92393 2721 1395 14830 771 6808 3980 9591 3413 4837 3951 13435 1196 940 26208 7514 4010 460 1427 1372 2853 13108 22823 11491 9436 1029 3731 4496 2885
leaf_count=12258 10867 92393 2721 1395 14830 771 6808 3980 9591 3413 4837 3951 13435 1196 940 26208 7514 4010 460 1427 1372 2853 13108 22823 11491 9436 1029 3731 4496 2885
internal_value=-0.00338471 0.00253473 -0.023999 -0.0141083 -0.0109902 -0.0172448 0.000337459 -0.0366791 -0.0439979 -0.022262 -0.0291625 -0.000294172 0.00654794 -0.017959 -0.00440075 0.000101297 -0.00676406 -0.0211075 -0.0289081 -0.0121019 -0.0154117 -0.0015487 -0.00457162 -0.00023645 -0.00206225 0.00229427 -0.00350632 0.00434874 0.00164553 -0.000784873
internal_weight=296229 230143 66086 44237 38862 24032 219276 5375 21849 18426 7035 199033 20243 11391 2136 187568 11465 9255 3873 2198 5382 90679 27452 63227 24599 35644 27583 4760 96889 5606
internal_count=296229 230143 66086 44237 38862 24032 219276 5375 21849 18426 7035 199033 20243 11391 2136 187568 11465 9255 3873 2198 5382 90679 27452 63227 24599 35644 27583 4760 96889 5606
cat_boundaries=0 2 5 7 9 12 14 16 18 21 23 25 27 30 33 35
cat_threshold=2147483648 1049088 33587330 1077936128 2 2298494992 2988450048 1073742144 2233602130 33587200 0 2 134234128 268435456 1409826816 475136 0 2097408 344527894 201746555 13 286617600 1040581649 0 2097408 16777216 536936448 554959168 2986410112 2 537157696 2449474688 2 134275072 2097152
is_linear=0
shrinkage=0.05


Tree=73
num_leaves=31
num_cat=14
split_feature=0 17 17 6 17 8 5 17 17 17 17 17 6 11 14 17 17 7 6 5 17 17 6 5 5 8 6 17 12 17
split_gain=14438.7 8957.02 5236.52 1250.43 981.158 796.045 324.548 312.272 252.233 233.6 228.52 217.771 374.001 192.607 188.861 306.07 165.967 163.369 240.176 174.414 160.278 157.99 154.973 150.412 144.304 138.063 193.81 231.716 217.893 183.296
threshold=7.5000000000000009 0 1 18.500000000000004 2 23.500000000000004 31.250000000000004 3 4 5 6 7 10.500000000000002 1.0000000180025095e-35 490.04732500000006 8 9 1.0000000180025095e-35 9.5000000000000018 21.250000000000004 10 11 15.500000000000002 8.7500000000000018 18.750000000000004 21.500000000000004 15.500000000000002 12 16.500000000000004 13
decision_type=2 9 9 2 9 2 2 9 9 9 9 9 2 2 2 9 9 2 2 2 9 9 2 2 2 2 2 9 2 9
left_child=2 -2 10 4 5 -4 7 13 -8 -5 -1 12 23 25 16 -16 22 -9 -19 21 -21 -20 -13 -7 -18 26 27 -3 -29 -28
right_child=1 6 3 9 -6 11 8 17 -10 -11 -12 14 -14 -15 15 -17 24 18 19 20 -22 -23 -24 -25 -26 -27 29 28 -30 -31
leaf_value=-0.017737174941172464 0.00053725668704691649 -0.017764705798410142 -0.012053592055092288 -0.014424751755794718 -0.0042443161683375589 -0.079625766748659205 0.15580533549726497 -0.038911288295694041 0.005915188648844172 -0.020101082377374846 -0.017737174941172464 -0.018007013664052218 -0.016333702101455305 -0.043945732363788542 0.030008381674294694 -0.028978380820346851 -0.024913974671999562 0.068039246116146312 -0.043140902502885006 0.032587342857316064 -0.013875870588173279 -0.0092409739250353343 -0.050143386307846698 -0.0028272714165551438 -0.021512070824315856 0.020377108125707012 -0.32370249482233365 0.3532403781079918 0.027390165672245816 0.023303029331564851
leaf_weight=12258 10867 427 5606 1395 14830 771 8360 21071 7784 3980 9591 3413 4837 8891 1196 940 4010 8833 12453 25485 21082 52148 460 1427 1372 43135 667 4016 1984 2940
leaf_count=12258 10867 427 5606 1395 14830 771 8360 21071 7784 3980 9591 3413 4837 8891 1196 940 4010 8833 12453 25485 21082 52148 460 1427 1372 43135 667 4016 1984 2940
internal_value=-0.00337492 0.00254038 -0.0239748 -0.0140721 -0.010949 -0.0171866 0.000343387 -0.000198885 0.00716675 -0.0366791 -0.0439979 -0.0222132 -0.0291625 0.00275657 -0.01788 -0.00449438 -0.0209887 -0.00149913 -0.000786243 -0.00141677 0.000915885 -0.00309825 -0.0289081 -0.0121019 -0.0152077 0.00389607 0.00917879 0.0143846 0.0169052 -9.70335e-05
internal_weight=296229 230143 66086 44237 38862 24032 219276 203132 16144 5375 21849 18426 7035 62060 11391 2136 9255 141072 120001 111168 46567 64601 3873 2198 5382 53169 10034 6427 6000 3607
internal_count=296229 230143 66086 44237 38862 24032 219276 203132 16144 5375 21849 18426 7035 62060 11391 2136 9255 141072 120001 111168 46567 64601 3873 2198 5382 53169 10034 6427 6000 3607
cat_boundaries=0 2 5 7 10 13 15 18 20 22 24 27 30 32 34
cat_threshold=2147483648 1049088 33587330 1077936128 2 2298494992 2988450048 436252672 2416265288 9 1435005264 252070289 4 1073742144 2233602130 33587200 0 2 134234128 268435456 0 2097408 0 2097408 1678312772 100794531 6 17055760 570426752 2 167772160 2147483648 0 81984
is_linear=0
shrinkage=0.05


Tree=74
num_leaves=31
num_cat=12
split_feature=0 17 17 17 8 6 6 17 17 6 17 5 5 17 6 5 14 17 17 6 6 17 17 0 17 5 5 5 13 7
split_gain=14216.7 8971.26 5325.62 1150.13 861.806 434.671 382.841 301.554 262.961 374.001 228.52 220.954 219.9 212.822 197.53 183.125 156.879 307.705 218.364 154.973 152.29 184.186 151.055 165.359 218.418 150.412 148.696 137.688 137.54 133.109
threshold=7.5000000000000009 0 1 2 23.500000000000004 18.500000000000004 17.500000000000004 3 4 10.500000000000002 5 23.750000000000004 31.250000000000004 6 9.5000000000000018 10.750000000000002 490.04732500000006 7 8 15.500000000000002 18.500000000000004 9 10 14.000000000000002 11 8.7500000000000018 10.750000000000002 23.750000000000004 10.500000000000002 4.5000000000000009
decision_type=2 9 9 9 2 2 2 9 9 2 9 2 2 9 2 2 2 9 9 2 2 9 9 2 9 2 2 2 2 2
left_child=2 -2 10 4 20 8 -5 11 9 25 -1 -3 14 -14 15 -9 18 -18 19 -10 28 -22 23 -16 -25 -6 -24 -11 -4 -20
right_child=1 7 3 6 5 -7 -8 12 16 27 -12 -13 13 -15 22 -17 17 -19 29 -21 21 -23 26 24 -26 -27 -28 -29 -30 -31
leaf_value=-0.016850316194113858 0.00051039385269460171 0.026833330181537642 0.035449850712087998 0.00062288415909588228 -0.075644478411226235 -0.016214496995077401 -0.059371802166734391 0.01290274557745459 -0.017106662980849618 -0.015517016996382527 -0.016850316194113858 0.21610012969677631 -0.026293219719748431 0.067958625250998494 0.00064870436578221566 0.13918592877638966 0.028507962590579972 -0.027529461779329491 -0.01794050046504907 -0.047636216992454378 6.2120282421895828e-05 -0.073732012213622911 -0.058614087779364922 -0.024637071676802826 -0.090187358475471421 -0.0026859078457273978 -0.00027353965694976168 -0.019718490958157808 -0.079480985308730517 -0.029139848109557498
leaf_weight=12258 10867 14512 2721 13617 771 3296 1934 9755 3413 4355 9591 7842 1451 13230 14416 3923 1196 1020 3940 460 102 550 7698 14612 8865 1427 122972 482 2885 2068
leaf_count=12258 10867 14512 2721 13617 771 3296 1934 9755 3413 4355 9591 7842 1451 13230 14416 3923 1196 1020 3940 460 102 550 7698 14612 8865 1427 122972 482 2885 2068
internal_value=-0.00336446 0.00250518 -0.0238053 -0.013819 -0.0197554 -0.0243401 -0.00286293 0.000306449 -0.021451 -0.0291625 -0.0439979 0.00580844 -0.000318384 0.00556842 -0.000792632 0.00498611 -0.0169282 -0.00491877 -0.0196387 -0.0289081 -0.0033557 -0.026227 -0.00126155 -0.00404058 -0.00662989 -0.0121019 -0.000455311 -0.0369754 -0.000695683 -0.0135926
internal_weight=296229 230143 66086 44237 28686 22428 15551 219276 19132 7035 21849 22354 196922 14681 182241 13678 12097 2216 9881 3873 6258 652 168563 37893 23477 2198 130670 4837 5606 6008
internal_count=296229 230143 66086 44237 28686 22428 15551 219276 19132 7035 21849 22354 196922 14681 182241 13678 12097 2216 9881 3873 6258 652 168563 37893 23477 2198 130670 4837 5606 6008
cat_boundaries=0 2 5 7 9 11 14 16 18 20 22 25 27
cat_threshold=2147483648 1049088 33587330 1077936128 2 2298494992 2988442016 268435456 280576 134234128 268435456 33587200 0 2 167804928 2149646338 0 2097408 0 2097408 0 270532608 1090797568 589300992 2 1074003968 570425344
is_linear=0
shrinkage=0.05


Tree=75
num_leaves=31
num_cat=12
split_feature=0 17 17 17 8 6 6 0 17 6 17 12 6 17 7 17 6 17 12 17 12 8 17 7 8 6 17 5 17 14
split_gain=14129.5 8970.91 5368.85 1154.23 846.795 442.565 345.271 285.012 275.403 374.001 228.52 197.886 182.735 574 256.134 246.931 367.975 293.693 226.808 208.162 200.119 178.134 167.686 156.434 177.6 151.865 184.186 150.412 149.599 145.065
threshold=7.5000000000000009 0 1 2 23.500000000000004 18.500000000000004 17.500000000000004 62.500000000000007 3 10.500000000000002 4 58.500000000000007 11.500000000000002 5 3.5000000000000004 6 15.500000000000002 7 18.500000000000004 8 5.5000000000000009 24.500000000000004 9 1.5000000000000002 22.500000000000004 18.500000000000004 10 8.7500000000000018 11 490.04732500000006
decision_type=2 9 9 9 2 2 2 2 9 2 9 2 2 9 2 9 2 9 2 9 2 2 9 2 2 2 9 2 9 2
left_child=2 -2 10 4 25 8 -5 11 9 27 -1 12 13 19 18 16 -14 -18 20 -3 -15 -21 -9 24 -22 -4 -27 -6 -13 -10
right_child=1 7 3 6 5 -7 -8 22 29 -11 -12 28 15 14 -16 -17 17 -19 -20 21 23 -23 -24 -25 -26 26 -28 -29 -30 -31
leaf_value=-0.016007800384408143 0.00048487416005986721 0.37549727336628469 -0.011397161113877008 0.00059173995114107929 -0.071862254490664954 -0.015403772145323513 -0.05640321205839767 0.23281818883531111 -0.017229335705905326 -0.014741166146563423 -0.016007800384408143 -0.11845230656420212 0.0045409986926254753 -0.0018940401425169729 -0.03557039861345928 0.0021735701991686617 -0.17966560233632159 -0.038555321618468599 -0.014804474010033354 0.21312336284159381 0.15047229703109793 0.030565876679114281 -0.054260788970871589 0.18672941811702054 -0.028945455165239942 5.901426830079437e-05 -0.070045411602941782 -0.0025516124534410434 -0.016083658214795626 -0.014136658260473035
leaf_weight=12258 10867 2347 5606 13617 771 3296 1934 7771 9881 4837 9591 3721 16250 4550 16011 116615 2744 12718 10483 3439 1750 4616 2291 4120 1904 102 550 1427 7946 2216
leaf_count=12258 10867 2347 5606 13617 771 3296 1934 7771 9881 4837 9591 3721 16250 4550 16011 116615 2744 12718 10483 3439 1750 4616 2291 4120 1904 102 550 1427 7946 2216
internal_value=-0.00334555 0.00250605 -0.0237236 -0.013697 -0.0196439 -0.0241885 -0.00272155 0.000307361 -0.0212733 -0.0291625 -0.0439979 -8.79482e-05 0.000285755 0.00292564 0.000128773 -0.00059025 -0.00450161 -0.0100246 0.00353181 0.01335 0.00813048 0.00950403 0.00852713 0.0130049 0.00547345 -0.00338766 -0.026227 -0.0121019 -0.00641553 -0.0166474
internal_weight=296229 230143 66086 44237 28686 22428 15551 219276 19132 7035 21849 209214 197547 49220 38818 148327 31712 15462 22807 10402 12324 8055 10062 7774 3654 6258 652 2198 11667 12097
internal_count=296229 230143 66086 44237 28686 22428 15551 219276 19132 7035 21849 209214 197547 49220 38818 148327 31712 15462 22807 10402 12324 8055 10062 7774 3654 6258 652 2198 11667 12097
cat_boundaries=0 2 5 7 9 12 15 18 20 22 24 26 28
cat_threshold=2147483648 1049088 33587330 1077936128 2 2298494992 2988442016 134234128 268435456 33587200 0 2 16838672 570640512 4 553705488 572589184 2 0 536936448 16384 536952832 268447744 346113 0 270532608 286552064 1040581649
is_linear=0
shrinkage=0.05


Tree=76
num_leaves=31
num_cat=13
split_feature=0 17 17 17 8 6 6 5 17 6 17 17 17 8 17 17 8 11 12 0 17 6 6 17 5 14 17 17 6 5
split_gain=14093.1 8974.78 5381.69 1157.45 847.219 443.965 332.735 278.811 277.628 374.001 258.055 228.52 221.245 171.885 289.227 212.821 182.878 165.925 163.52 163.391 231.953 157.156 152.29 184.186 150.412 147.226 306.331 238.633 154.973 137.688
threshold=7.5000000000000009 0 1 2 23.500000000000004 18.500000000000004 17.500000000000004 31.250000000000004 3 10.500000000000002 4 5 6 21.500000000000004 7 8 29.500000000000004 1.0000000180025095e-35 39.500000000000007 14.000000000000002 9 12.500000000000002 18.500000000000004 10 8.7500000000000018 490.04732500000006 11 12 15.500000000000002 23.750000000000004
decision_type=2 9 9 9 2 2 2 2 9 2 9 9 9 2 9 9 2 2 2 2 9 2 2 9 2 2 9 9 2 2
left_child=2 -2 11 4 22 8 -5 10 9 24 17 -1 -9 14 21 19 -17 -3 -18 -15 -21 -12 -4 -24 -6 27 -27 28 -10 -11
right_child=1 7 3 6 5 -7 -8 12 25 29 13 -13 -14 15 -16 16 18 -19 -20 20 -22 -23 23 -25 -26 26 -28 -29 -30 -31
leaf_value=-0.015207410365187758 0.00046063045205686494 0.036521717582438384 -0.01082730305818318 0.00056215295358406079 -0.068269141766131677 -0.014633583538057326 -0.053583051455477773 0.13939640267487938 -0.015389863046511866 -0.01400410783923527 0.11221216184480715 -0.015207410365187758 0.002578776746940026 -0.0025644057087496289 -0.016891185835362154 -0.013747731056426639 -0.0051083945225901322 -0.058893853180969562 0.043391375399686405 -0.094806970317402151 -0.049855433390593264 0.01677432425796619 5.6063554885765755e-05 -0.066543141022794711 -0.0024240318307689802 0.027789397374074556 -0.02544615577733933 -0.018208832249003583 -0.04439293935753641 -0.017995508102921765
leaf_weight=12258 10867 41823 5606 13617 771 3296 1934 8448 3413 4355 6712 9591 7696 13002 14748 59297 13890 6803 12270 5025 18661 10901 102 550 1427 1196 1020 6008 460 482
leaf_count=12258 10867 41823 5606 13617 771 3296 1934 8448 3413 4355 6712 9591 7696 13002 14748 59297 13890 6803 12270 5025 18661 10901 102 550 1427 1196 1020 6008 460 482
internal_value=-0.00334758 0.00249649 -0.0236994 -0.0136608 -0.019616 -0.0241618 -0.00267014 0.000297329 -0.0212419 -0.0291625 -0.000205285 -0.0439979 0.00662166 -0.00120505 0.00203486 -0.00206353 -0.00069559 0.00297105 0.0027867 -0.00524824 -0.00772186 0.00635817 -0.0033557 -0.026227 -0.0121019 -0.0165978 -0.0049639 -0.0192238 -0.0289081 -0.0369754
internal_weight=296229 230143 66086 44237 28686 22428 15551 219276 19132 7035 203132 21849 16144 154506 32361 122145 85457 48626 26160 36688 23686 17613 6258 652 2198 12097 2216 9881 3873 4837
internal_count=296229 230143 66086 44237 28686 22428 15551 219276 19132 7035 203132 21849 16144 154506 32361 122145 85457 48626 26160 36688 23686 17613 6258 652 2198 12097 2216 9881 3873 4837
cat_boundaries=0 2 5 7 9 12 15 18 21 24 27 29 31 33
cat_threshold=2147483648 1049088 33587330 1077936128 2 2298494992 2988442016 134234128 268435456 436248576 2147829832 1 33587200 0 2 1418228048 252070289 12 1075646548 1040318480 12 17580112 989856016 2 16793600 285212928 2 0 270532608 0 2097408 0 2097408
is_linear=0
shrinkage=0.05


Tree=77
num_leaves=31
num_cat=11
split_feature=17 17 0 0 17 8 17 6 17 6 17 17 5 0 8 17 17 8 6 13 17 7 7 6 17 6 0 6 7 13
split_gain=14114.5 9588.85 1930.32 1921.22 838.768 552.431 316.516 312.413 337.999 321.102 562.543 393.454 285.56 263.956 224.582 437.772 301.057 276.063 265.089 253.902 241.47 235.904 182.154 164.936 185.448 164.03 162.624 223.992 161.624 192.698
threshold=0 1 7.5000000000000009 7.5000000000000009 2 23.500000000000004 3 10.500000000000002 4 16.500000000000004 5 6 33.750000000000007 7.5000000000000009 21.500000000000004 7 8 29.500000000000004 16.500000000000004 11.500000000000002 9 4.5000000000000009 1.0000000180025095e-35 18.500000000000004 10 15.500000000000002 14.000000000000002 18.500000000000004 1.5000000000000002 1.5000000000000002
decision_type=9 9 2 2 9 2 9 2 9 2 9 9 2 2 2 9 9 2 2 2 9 2 2 2 9 2 2 2 2 2
left_child=3 13 4 6 5 23 -1 -7 -9 11 -11 -10 14 -2 15 18 26 28 19 -4 -19 22 -22 -3 -25 -23 -16 -28 29 -18
right_child=1 2 12 -5 -6 7 -8 8 9 10 -12 -13 -14 -15 16 -17 17 20 -20 -21 21 25 -24 24 -26 -27 27 -29 -30 -31
leaf_value=-0.01444703984692839 -0.053737569728223772 -0.004709378886986304 0.27863731952269183 -0.0015859962917808446 -0.0072535472643247452 -0.014620369894186292 -0.01444703984692839 -0.024943364688800429 -0.010653158516009321 0.00038830181163662658 -0.035351629608084245 -0.0032555729455699734 0.078240742798035973 0.00043759892945400837 -0.0014791426659962249 -0.0027830438039125661 -0.1034754234956889 0.13694592649092102 -0.0091223226279687711 0.056256868947805218 -0.033514235041993336 -0.081950824474782732 0.059543222474537499 5.3260377141484128e-05 -0.063215983971654982 0.016545031410499789 -0.052419980349756479 -0.089323997870323968 -0.00029955054456047851 -0.015027382507236498
leaf_weight=13821 117 5589 5341 3152 13999 6103 9591 5087 4426 2605 2012 2065 13649 10867 12991 28650 6103 4475 3378 5151 4715 5527 19273 102 569 3100 21802 2768 60841 18360
leaf_count=13821 117 5589 5341 3152 13999 6103 9591 5087 4426 2605 2012 2065 13649 10867 12991 28650 6103 4475 3378 5151 4715 5527 19273 102 569 3100 21802 2768 60841 18360
internal_value=-0.00313491 0.000291277 -0.00165236 -0.0379017 -0.0113859 -0.016298 -0.0428498 -0.0199883 -0.0236215 -0.0186724 -0.00860949 -0.0258589 0.0002642 0.0460251 -0.00020768 0.00302211 -0.00106624 0.000135616 0.0103098 0.0142394 0.00373686 0.00223908 0.00478989 -0.00317891 -0.0266021 -0.00485105 -0.00498124 -0.00737485 -0.00143018 -0.00486245
internal_weight=296229 269665 258681 26564 42557 28558 23412 22298 16195 11108 4617 6491 216124 10984 202475 42520 159955 122394 13870 10492 37090 32615 23988 6260 671 8627 37561 24570 85304 24463
internal_count=296229 269665 258681 26564 42557 28558 23412 22298 16195 11108 4617 6491 216124 10984 202475 42520 159955 122394 13870 10492 37090 32615 23988 6260 671 8627 37561 24570 85304 24463
cat_boundaries=0 3 5 7 10 12 14 16 18 20 22 24
cat_threshold=33587346 1077936128 2 2147483648 1049088 687882304 2988450208 33587216 0 2 687882240 32 0 270532864 0 270532864 269234240 939804696 17580096 991953168 671089664 81920 0 270532608
is_linear=0
shrinkage=0.05


Tree=78
num_leaves=31
num_cat=14
split_feature=17 17 0 0 17 6 5 17 17 6 17 17 0 3 5 5 6 6 17 17 5 17 12 17 6 17 17 8 8 17
split_gain=14124.4 9583.25 1921.22 1862.81 820.995 573.711 463.536 374.135 316.516 276.514 500.944 407.582 263.956 252.726 226.364 220.331 225.405 214.467 637.772 433.545 204.174 191.301 175.836 164.202 189.748 566.604 421.989 321.709 153.224 148.325
threshold=0 1 7.5000000000000009 7.5000000000000009 2 10.500000000000002 21.250000000000004 3 4 16.500000000000004 5 6 7.5000000000000009 102.50000000000001 8.7500000000000018 31.250000000000004 9.5000000000000018 18.500000000000004 7 8 14.500000000000002 9 58.500000000000007 10 14.500000000000002 11 12 28.500000000000004 28.500000000000004 13
decision_type=9 9 2 2 9 2 2 9 9 2 9 9 2 2 2 2 2 2 9 9 2 9 2 9 2 9 9 2 2 9
left_child=2 12 8 4 28 14 7 -7 -1 11 -11 -9 -2 15 -6 16 20 19 -19 -12 -5 -16 23 24 25 -18 27 -26 -3 -17
right_child=1 3 -4 13 5 6 -8 9 -10 10 17 -13 -14 -15 21 29 22 18 -20 -21 -22 -23 -24 -25 26 -27 -28 -29 -30 -31
leaf_value=-0.013724687854581986 -0.051050691241812586 -0.028202918250627373 -0.001506696477191838 0.023744335246979276 -0.073489564771154467 -0.02369619645436041 -0.016563074771975207 -0.010120500590208838 -0.013724687854581986 -0.0279205979507136 -0.013323317537855317 -0.008412632665992615 0.00041571898298133905 0.99156760659462728 -0.01388935139947698 -0.023859604640695586 0.38553931819766379 0.00036888672105481749 -0.018877605772798935 0.026380512414788983 0.15883741441697002 0.080739330675399054 -0.05718363582377764 -0.0056666511366426425 -0.22583597294713054 0.016472148746741057 0.062691889258910741 0.067598162326834424 0.039203926312641801 0.089665778607987079
leaf_weight=13821 117 7492 3152 11818 4308 5712 3939 4333 9591 2208 505 2238 10867 851 2484 2726 3430 737 325 979 3647 4034 10854 147851 2610 9463 8972 1354 3263 12548
leaf_count=13821 117 7492 3152 11818 4308 5712 3939 4333 9591 2208 505 2238 10867 851 2484 2726 3430 737 325 979 3647 4034 10854 147851 2610 9463 8972 1354 3263 12548
internal_value=-0.00312275 0.000304626 -0.0379017 -0.00163844 -0.0112003 -0.0152364 -0.0200658 -0.0236397 -0.0428498 -0.0183194 -0.00915019 -0.024981 0.0460251 0.000244304 -0.00589322 0.000136803 -0.000305252 0.00598592 0.0231638 -0.00626685 0.00549305 -1.53421e-05 -0.000791182 -0.000405343 0.00327219 0.00756612 -0.00100495 -0.0145697 0.000747794 0.0059251
internal_weight=296229 269665 26564 258681 42557 31802 20976 17037 23412 11325 4754 6571 10984 216124 10826 215273 199999 2546 1062 1484 15465 6518 184534 173680 25829 12893 12936 3964 10755 15274
internal_count=296229 269665 26564 258681 42557 31802 20976 17037 23412 11325 4754 6571 10984 216124 10826 215273 199999 2546 1062 1484 15465 6518 184534 173680 25829 12893 12936 3964 10755 15274
cat_boundaries=0 3 5 8 11 14 16 18 20 22 24 26 28 30 32
cat_threshold=33587346 1077936128 2 2147483648 1049088 1351943424 218190937 1 687882244 160 4 33587216 0 2 64 2718040064 0 270663936 0 268435456 0 268435456 134742080 2183135488 402653184 346120 0 81920 0 81920 671088640 2955476994
is_linear=0
shrinkage=0.05


Tree=79
num_leaves=31
num_cat=13
split_feature=17 17 0 0 6 17 6 17 17 17 6 0 8 17 0 7 7 6 17 17 3 5 17 8 12 17 5 17 17 13
split_gain=14134.2 9577.66 1921.22 1797.4 842.619 754.224 330.515 772.572 358.927 316.516 301.524 263.956 259.199 245.434 242.459 218.009 242.257 370.618 234.472 223.629 223.343 202.762 192.223 148.73 185.128 163.509 137.505 137.005 135.994 134.714
threshold=0 1 7.5000000000000009 7.5000000000000009 10.500000000000002 2 15.500000000000002 3 4 5 17.500000000000004 7.5000000000000009 23.500000000000004 6 112.50000000000001 1.0000000180025095e-35 4.5000000000000009 10.500000000000002 7 8 37.500000000000007 23.750000000000004 9 20.500000000000004 2.5000000000000004 10 8.7500000000000018 11 12 6.5000000000000009
decision_type=9 9 2 2 2 9 2 9 9 9 2 2 2 9 2 2 2 2 9 9 2 2 9 2 2 9 2 9 9 2
left_child=2 11 9 4 13 10 7 12 -8 -1 21 -2 -7 -3 15 18 17 19 -5 -17 -19 22 -6 27 25 -25 28 -18 -15 -22
right_child=1 3 -4 14 5 6 8 -9 -10 -11 -12 -13 -14 26 -16 16 23 20 -20 -21 29 -23 -24 24 -26 -27 -28 -29 -30 -31
leaf_value=-0.013038453461852884 -0.048498156679721974 -0.013194883829503113 -0.0014313616533322639 -0.058136582657573314 -0.022511386631642386 -0.089800638922221371 -0.018456440886648863 -0.0026721626649918399 0.00035044238500208107 -0.013038453461852884 -0.025162130562906573 0.00039493303383224547 -0.0096144755606983878 -0.075036429511733171 1.3478421478325728 0.16222558749637195 0.10211208302388464 -0.0040473668722055935 0.0043383618472809804 0.025512350157708853 -0.0091120486903278671 0.099718031670818441 -0.032078542422311028 0.061395810984563509 -0.030773969374803659 -0.029179426620028526 0.076702364141629079 -0.0082651858771653156 0.039576661871109309 0.079783606126309969
leaf_weight=13821 117 6744 3152 15310 2277 1085 2328 4530 6034 9591 3295 10867 3771 2537 617 9744 4674 72143 14770 9720 9883 591 2215 5187 39188 5592 5159 4585 1991 24711
leaf_count=13821 117 6744 3152 15310 2277 1085 2328 4530 6034 9591 3295 10867 3771 2537 617 9744 4674 72143 14770 9720 9883 591 2215 5187 39188 5592 5159 4585 1991 24711
internal_value=-0.0031106 0.000317975 -0.0379017 -0.00162453 -0.011017 -0.0165965 -0.0107388 -0.0171852 -0.00351591 -0.0428498 -0.028958 0.0460251 -0.0310111 -0.00214534 0.000224871 0.000135262 0.000775777 0.00201385 -0.00381316 0.00835902 0.000856779 -0.0213555 -0.0249777 -0.00186236 -0.00294094 0.00286205 0.00295452 0.00395831 -0.00340106 0.00415968
internal_weight=296229 269665 26564 258681 42557 26126 17748 9386 8362 23412 8378 10984 4856 16431 216124 215507 185427 126201 30080 19464 106737 5083 4492 59226 49967 10779 9687 9259 4528 34594
internal_count=296229 269665 26564 258681 42557 26126 17748 9386 8362 23412 8378 10984 4856 16431 216124 215507 185427 126201 30080 19464 106737 5083 4492 59226 49967 10779 9687 9259 4528 34594
cat_boundaries=0 3 5 8 10 12 15 17 20 23 24 27 30 32
cat_threshold=33587346 1077936128 2 2147483648 1049088 687882244 570441888 4 1141374976 270532864 327744 2349006912 33587216 0 2 202899456 2736783794 1635799364 2265143683 4 1695641600 638011617 12 134234112 614268928 67789307 8 270086468 2852542472 9 562053120 402850816
is_linear=0
shrinkage=0.05


Tree=80
num_leaves=31
num_cat=14
split_feature=17 17 0 0 6 17 6 17 17 17 6 8 0 0 17 6 17 17 5 17 0 17 17 5 17 5 12 14 17 6
split_gain=14132.6 9578.59 1921.22 1791.13 841.098 756.569 327.944 767.052 358.927 316.516 301.524 267.885 263.956 235.069 234.424 210.683 510.961 320.697 202.762 192.223 173.195 193.646 193.253 171.821 160.956 151.994 140.242 207.636 161.9 130.148
threshold=0 1 7.5000000000000009 7.5000000000000009 10.500000000000002 2 15.500000000000002 3 4 5 17.500000000000004 23.500000000000004 7.5000000000000009 112.50000000000001 6 17.500000000000004 7 8 23.750000000000004 9 14.000000000000002 10 11 33.750000000000007 12 28.750000000000004 53.500000000000007 589.94476666666674 13 9.5000000000000018
decision_type=9 9 2 2 2 9 2 9 9 9 2 2 2 2 9 2 9 9 2 9 2 9 9 2 9 2 2 2 9 2
left_child=2 12 9 4 14 10 7 11 -8 -1 18 -7 -2 15 -3 17 24 25 19 -6 21 -18 -22 26 -17 29 27 -19 -28 -5
right_child=1 3 -4 13 5 6 8 -9 -10 -11 -12 -13 -14 -15 -16 16 20 23 -20 -21 22 -23 -24 -25 -26 -27 28 -29 -30 -31
leaf_value=-0.012386530788760243 -0.046073248845735874 -0.012535139638027949 -0.0013597935706656907 0.13541704356416098 -0.021385817300060284 -0.085310606976110315 -0.017533618842316436 -0.002538554531742232 0.00033292026575195701 -0.012386530788760243 -0.023904024034761263 -0.0091337517826634695 0.00037518638214066873 1.280450040440944 0.019294707919115962 -0.1295705365498879 -0.037401679080425243 -0.003599694402677045 0.09473213008727753 -0.030474615301195485 -0.069267064128581524 0.025610935008760372 0.0051144512891404762 0.063726647636371148 -0.057978827063288212 0.15682353434316953 0.0030177588127902944 0.15227447340698375 -0.083739028572937857 0.021863126155207625
leaf_weight=13821 117 6419 3152 4651 2277 1085 2328 4530 6034 9591 3295 3771 10867 617 10012 1395 1110 100563 591 2215 2861 4901 18277 8704 12993 8914 5364 1929 7506 36339
leaf_count=13821 117 6419 3152 4651 2277 1085 2328 4530 6034 9591 3295 3771 10867 617 10012 1395 1110 100563 591 2215 2861 4901 18277 8704 12993 8914 5364 1929 7506 36339
internal_value=-0.00311263 0.00031575 -0.0379017 -0.00162684 -0.0110029 -0.0165774 -0.0107107 -0.0171319 -0.00351591 -0.0428498 -0.028958 -0.0309083 0.0460251 0.000219319 -0.00213925 0.000131086 -0.00306835 0.000894982 -0.0213555 -0.0249777 0.000970212 0.00845949 -0.00115905 -0.000466649 -0.010682 0.00427936 -0.000977792 -0.000360028 -0.00589744 0.00299341
internal_weight=296229 269665 26564 258681 42557 26126 17748 9386 8362 23412 8378 4856 10984 216124 16431 215507 41537 173970 5083 4492 27149 6011 21138 124066 14388 49904 115362 102492 12870 40990
internal_count=296229 269665 26564 258681 42557 26126 17748 9386 8362 23412 8378 4856 10984 216124 16431 215507 41537 173970 5083 4492 27149 6011 21138 124066 14388 49904 115362 102492 12870 40990
cat_boundaries=0 3 5 8 10 12 15 17 19 22 23 26 28 30 32
cat_threshold=33587346 1077936128 2 2147483648 1049088 687882244 570441888 4 1141374976 270532864 327744 2349006912 33587216 0 2 471334912 2736791858 620831808 536964306 67186688 346312 1 134234112 260 100663328 4 1064960 2434793728 67108864 536936448 949486848 2150117378
is_linear=0
shrinkage=0.05


Tree=81
num_leaves=31
num_cat=15
split_feature=17 17 0 0 6 17 17 6 6 17 17 8 0 17 0 5 17 7 6 17 5 17 17 6 17 17 17 5 14 17
split_gain=14098.1 9598.18 1921.22 1820.22 887.297 718.875 316.516 303.36 286.162 767.052 314.343 267.885 263.956 231.796 213.351 199.414 195.664 177.78 215.923 214.308 187.561 283.565 203.462 172.848 150.973 143.395 138.587 135.163 134.718 136.479
threshold=0 1 7.5000000000000009 7.5000000000000009 10.500000000000002 2 3 17.500000000000004 15.500000000000002 4 5 23.500000000000004 7.5000000000000009 6 62.500000000000007 23.750000000000004 7 1.0000000180025095e-35 9.5000000000000018 8 21.250000000000004 9 10 18.500000000000004 11 12 13 10.750000000000002 590.04964166666684 14
decision_type=9 9 2 2 2 9 9 2 2 9 9 2 2 9 2 2 9 2 2 9 2 9 9 2 9 9 9 2 2 9
left_child=2 12 6 4 13 7 -1 15 9 11 -10 -7 -2 -3 17 16 -6 19 28 -5 22 -22 -20 25 -16 -23 -25 -15 29 -19
right_child=1 3 -4 14 5 8 -8 -9 10 -11 -12 -13 -14 27 24 -17 -18 18 20 -21 21 23 -24 26 -26 -27 -28 -29 -30 -31
leaf_value=-0.01176720424932225 -0.043769586403449079 -0.011908382656126549 -0.0012918038921323927 -0.054565363704466741 -0.020316526435057283 -0.081045076627304813 -0.01176720424932225 -0.022708822833023182 -0.016656937900200619 -0.0024116268051550985 0.00031627425246436583 -0.008677064193530315 0.00035642706303367082 -0.0026499099938536832 0.29072744210865764 0.089995523582913614 -0.028950884536135701 0.11837502889465271 -0.028066883049989434 0.003707750256631526 0.054408581104705971 -0.021026398878446262 0.0038781697400356308 -0.0025442325634674745 0.034489398618664069 0.006842749145653926 -0.066288676258464685 0.10323257222453673 0.27529259244896026 0.0028344150308753594
leaf_weight=13821 117 7738 3152 14991 2277 1085 9591 3295 2328 4530 6034 3771 10867 6260 4277 591 2215 5803 45924 14024 35380 2743 44308 1633 5785 32078 2031 2433 777 6370
leaf_count=13821 117 7738 3152 14991 2277 1085 9591 3295 2328 4530 6034 3771 10867 6260 4277 591 2215 5803 45924 14024 35380 2743 44308 1633 5785 32078 2031 2433 777 6370
internal_value=-0.00315516 0.000269028 -0.0379017 -0.00167555 -0.0111274 -0.0168529 -0.0428498 -0.0289223 -0.011133 -0.0171319 -0.00441282 -0.0309083 0.0460251 -0.00202361 0.000185542 -0.0212965 -0.0248887 -0.000161602 0.000432936 -0.00378942 -5.75879e-05 0.00181074 -0.00158702 -0.00115989 0.00729477 -7.32317e-05 -0.0114902 0.00357923 0.00664865 0.00536022
internal_weight=296229 269665 26564 258681 42557 26126 23412 8378 17748 9386 8362 4856 10984 16431 216124 5083 4492 206062 177047 29015 164097 73865 90232 38485 10062 34821 3664 8693 12950 12173
internal_count=296229 269665 26564 258681 42557 26126 23412 8378 17748 9386 8362 4856 10984 16431 216124 5083 4492 206062 177047 29015 164097 73865 90232 38485 10062 34821 3664 8693 12950 12173
cat_boundaries=0 3 5 8 11 13 15 17 18 21 24 26 28 30 33 36
cat_threshold=33587346 1077936128 2 2147483648 1049088 687882244 570441888 4 33587216 0 2 1141374976 270532864 327744 2349006912 605552896 2736791986 134234112 1635799364 2265143683 4 1342715204 235292905 5 1629254976 790758800 4096 344065 134217728 2149580800 537935872 17310720 8 1149595648 772163777 5
is_linear=0
shrinkage=0.05


Tree=82
num_leaves=31
num_cat=12
split_feature=17 17 0 0 6 17 17 6 6 17 17 8 0 17 5 0 17 6 17 17 0 17 17 8 12 13 14 12 7 6
split_gain=14090.4 9602.54 1921.22 1819.67 871.406 721.064 316.516 304.587 291.026 767.052 303.239 267.885 263.956 228.217 198.84 198.801 197.395 194.247 472.068 287.462 202.179 240.54 220.52 197.078 174.093 162.203 205.116 197.488 293.405 266.436
threshold=0 1 7.5000000000000009 7.5000000000000009 10.500000000000002 2 3 17.500000000000004 15.500000000000002 4 5 23.500000000000004 7.5000000000000009 6 23.750000000000004 107.50000000000001 7 17.500000000000004 8 9 14.000000000000002 10 11 21.500000000000004 49.500000000000007 23.500000000000004 410.01631666666668 5.5000000000000009 3.5000000000000004 11.500000000000002
decision_type=9 9 2 2 2 9 9 2 2 9 9 2 2 9 2 2 9 2 9 9 2 9 9 2 2 2 2 2 2 2
left_child=2 12 6 4 13 7 -1 14 9 11 -10 -7 -2 -3 16 17 -6 19 -19 -5 21 -20 23 -22 25 27 -27 -21 29 -29
right_child=1 3 -4 15 5 8 -8 -9 10 -11 -12 -13 -14 -15 -16 -17 -18 18 20 24 22 -23 -24 -25 -26 26 -28 28 -30 -31
leaf_value=-0.01117884403685614 -0.041581107083276607 -0.01131296352332023 -0.0012272136975258086 0.03197020845742813 -0.019300700113304405 -0.076992822795939553 -0.01117884403685614 -0.021573381691372042 -0.0158240910051906 -0.0022910454648973565 0.0003004605398411631 -0.00824321098385381 0.00033860570988197836 0.016151731834173243 0.085495747403767919 1.0419011742660764 -0.027503340309328907 -0.073044442657015027 -0.033536041828265709 -0.019080080363216824 0.084282513506133319 0.026354328446233179 -0.00045889607436686578 -0.084500592941607389 -0.048816917771334456 -0.047219334691920349 0.020989491833090224 0.12236448095494162 -0.008410991727808792 0.021780584483396127
leaf_weight=13821 117 6374 3152 70865 2277 1085 9591 3295 2328 4530 6034 3771 10867 10057 591 742 2215 10066 1406 19911 936 5407 20978 2699 13966 15979 6034 8301 18944 19890
leaf_count=13821 117 6374 3152 70865 2277 1085 9591 3295 2328 4530 6034 3771 10867 10057 591 742 2215 10066 1406 19911 936 5407 20978 2699 13966 15979 6034 8301 18944 19890
internal_value=-0.00316461 0.000258645 -0.0379017 -0.00168637 -0.0111368 -0.0168108 -0.0428498 -0.0288984 -0.0110823 -0.0171319 -0.00430519 -0.0309083 0.0460251 -0.0021149 -0.0212571 0.000174437 -0.0248442 8.54296e-05 -0.00298853 0.000818909 3.18107e-05 0.00765448 -0.00207817 -0.0134294 -0.000867181 -5.33354e-05 -0.00377731 0.00116935 0.00293306 0.00616686
internal_weight=296229 269665 26564 258681 42557 26126 23412 8378 17748 9386 8362 4856 10984 16431 5083 216124 4492 215382 41492 173890 31426 6813 24613 3635 103025 89059 22013 67046 47135 28191
internal_count=296229 269665 26564 258681 42557 26126 23412 8378 17748 9386 8362 4856 10984 16431 5083 216124 4492 215382 41492 173890 31426 6813 24613 3635 103025 89059 22013 67046 47135 28191
cat_boundaries=0 3 5 8 11 13 15 17 18 20 23 26 28
cat_threshold=33587346 1077936128 2 2147483648 1049088 687882244 570441888 4 33587216 0 2 1141374976 270532864 327744 2349006912 202899456 2736783666 134234112 620831744 536953040 604058688 354520 1 260 100672546 4 16448 2434793728
is_linear=0
shrinkage=0.05


Tree=83
num_leaves=31
num_cat=14
split_feature=17 17 0 0 17 6 5 17 0 17 6 17 17 5 3 6 17 17 6 17 17 8 7 11 8 17 6 17 6 17
split_gain=14057.9 9611.56 1938.85 1767.97 879.67 615.238 445.639 316.516 263.956 245.022 344.04 440.929 210.078 201.754 198.927 188.104 421.746 242.355 249.74 439.222 283.14 304.181 178.547 302.129 223.489 454.797 222.279 210.158 177.806 171.315
threshold=0 1 7.5000000000000009 7.5000000000000009 2 10.500000000000002 23.750000000000004 3 7.5000000000000009 4 16.500000000000004 5 6 8.7500000000000018 92.500000000000014 17.500000000000004 7 8 14.500000000000002 9 10 28.500000000000004 4.5000000000000009 1.0000000180025095e-35 23.500000000000004 11 13.500000000000002 12 14.500000000000002 13
decision_type=9 9 2 2 9 2 2 9 2 9 2 9 9 2 2 2 9 9 2 9 9 2 2 2 2 9 2 9 2 9
left_child=2 8 7 4 5 13 9 -1 -2 -7 12 -12 -11 -3 15 17 -17 18 19 -5 -20 -22 23 24 25 26 -19 -26 -29 -30
right_child=1 3 -4 14 -6 6 -8 -9 -10 10 11 -13 -14 -15 -16 16 -18 22 20 -21 21 -23 -24 -25 27 -27 -28 28 29 -31
leaf_value=-0.010619901835013313 -0.039502051729112787 -0.072924434524118273 -0.0011658530126495315 0.36396762476525563 -0.0040094489505044352 -0.018335665107639176 -0.015178265869113639 -0.010619901835013313 0.00032167542438790166 -0.0078310504346611239 0.00028543751284910713 -0.03082042532916969 -0.05529372846977601 0.012843129791569652 0.51220045707723616 -0.069284619480143264 -0.00010016312730547483 0.17331850561186413 0.089920510438820156 0.053480920367395518 -0.44689476414656043 0.2282472737472232 -0.018126076345055964 -0.049079268684287497 -0.022186789298147859 -0.0062944820218305613 0.041909471824388339 0.0010928153204598169 0.10450323093817637 0.013344910200597049
leaf_weight=13821 117 2902 3152 4173 17696 5496 2806 9591 10867 4322 2732 1149 841 4613 1483 10420 30865 10465 4310 9441 2065 708 41127 11081 28415 16115 8651 24184 4620 8001
leaf_count=13821 117 2902 3152 4173 17696 5496 2806 9591 10867 4322 2732 1149 841 4613 1483 10420 30865 10465 4310 9441 2065 708 41127 11081 28415 16115 8651 24184 4620 8001
internal_value=-0.00318217 0.000237137 -0.0378791 -0.0017088 -0.011024 -0.0170862 -0.0222703 -0.0428498 0.0460251 -0.0257909 -0.0206428 -0.00941768 -0.0291207 -0.00514305 0.000125391 -6.98841e-07 -0.00303379 0.000721636 0.00579756 0.00976201 -0.0018142 -0.0142472 3.30781e-05 0.00107144 0.00193577 0.00514462 0.0103576 0.000202392 0.00269591 0.00750733
internal_weight=296229 269665 26564 258681 42557 24861 17346 23412 10984 14540 9044 3881 5163 7515 216124 214641 41285 173356 20697 13614 7083 2773 152659 111532 100451 35231 19116 65220 36805 12621
internal_count=296229 269665 26564 258681 42557 24861 17346 23412 10984 14540 9044 3881 5163 7515 216124 214641 41285 173356 20697 13614 7083 2773 152659 111532 100451 35231 19116 65220 36805 12621
cat_boundaries=0 3 5 7 10 12 14 16 18 20 22 24 27 30 33
cat_threshold=33587346 1077936128 2 2147483648 1049088 687882304 840966560 33587216 0 2 687882240 32 64 270532864 0 270532864 620831744 536953042 0 346176 0 81920 0 264256 1360883780 704774168 12 1091330116 939660568 8 478150912 17301506 1
is_linear=0
shrinkage=0.05


Tree=84
num_leaves=31
num_cat=13
split_feature=17 17 0 0 17 8 6 6 17 6 14 17 0 3 6 17 17 17 6 17 17 6 17 17 17 8 5 8 16 7
split_gain=14078.8 9596.47 1944.74 1713.06 869.776 508.071 341.45 319.618 316.516 276.11 347.382 757.25 263.956 191.96 188.708 454.174 410.294 180.826 179.987 410.809 250.045 200.256 501.411 182.767 178.646 169.767 165.751 159.49 156.626 144.325
threshold=0 1 7.5000000000000009 7.5000000000000009 2 23.500000000000004 17.500000000000004 18.500000000000004 3 10.500000000000002 490.04732500000006 4 7.5000000000000009 112.50000000000001 18.500000000000004 5 6 7 17.500000000000004 8 9 13.500000000000002 10 11 12 28.500000000000004 33.750000000000007 23.500000000000004 40.011033333333337 1.0000000180025095e-35
decision_type=9 9 2 2 9 2 2 2 9 2 2 9 2 2 2 9 9 9 2 9 9 2 9 9 9 2 2 2 2 2
left_child=2 12 8 4 5 7 29 -3 -1 -7 28 14 -2 18 15 -12 -16 -8 20 -20 21 22 -5 -21 25 -23 -22 -24 -11 -6
right_child=1 3 -4 13 6 9 17 -9 -10 10 11 -13 -14 -15 16 -17 -18 -19 19 23 26 24 27 -25 -26 -27 -28 -29 -30 -31
leaf_value=-0.010088906743262661 -0.037526949142657133 0.011718600830646242 -0.0011075603620170683 0.40150348588567408 -0.028465110588432086 -0.069278212797912353 -0.042887719614060772 -0.053286173738869104 -0.010088906743262661 -0.014216007857100577 0.02498221004625405 -0.019577929351421466 0.00030559165316850216 1.0535739952962608 0.00027116563720666067 -0.012736428408757973 -0.018013002231954411 -0.0038089765029792224 0.012178017732257729 -0.11602358656977692 -0.003353351367402091 -0.45454044812022198 0.20767410686405408 -0.035449207912210935 0.042533568867561301 0.16325130239300956 0.064087447090003732 0.002437752618707734 -0.0087498971169348138 0.0031388997774620011
leaf_weight=13821 117 4403 3152 3239 3462 4411 1049 551 9591 2121 1176 2065 10867 567 637 638 236 1796 18291 1395 136012 1476 3674 21863 10952 516 10095 8044 6418 13594
leaf_count=13821 117 4403 3152 3239 3462 4411 1049 551 9591 2121 1176 2065 10867 567 637 638 236 1796 18291 1395 136012 1476 3674 21863 10952 516 10095 8044 6418 13594
internal_value=-0.00314875 0.000273107 -0.0378716 -0.0016713 -0.0108408 -0.0175373 -0.00320677 -0.0033912 -0.0428498 -0.021506 -0.0251035 -0.0142677 0.0460251 0.000134182 0.00328142 -0.00589857 0.022394 -0.0192443 5.77573e-05 -0.00289899 0.000763758 0.00510014 0.00904259 -0.00730617 0.000548517 -0.0131868 -6.46742e-05 0.00421214 -0.0311336 -0.000533537
internal_weight=296229 269665 26564 258681 42557 22656 19901 4954 23412 17702 13291 4752 10984 216124 2687 1814 873 2845 215557 41549 174008 27901 14957 23258 12944 1992 146107 11718 8539 17056
internal_count=296229 269665 26564 258681 42557 22656 19901 4954 23412 17702 13291 4752 10984 216124 2687 1814 873 2845 215557 41549 174008 27901 14957 23258 12944 1992 146107 11718 8539 17056
cat_boundaries=0 3 5 7 10 12 14 16 19 22 24 26 28 30
cat_threshold=33587346 1077936128 2 2147483648 1049088 151011328 840958240 33587216 0 2 0 270532864 0 2097408 0 268435456 538247232 82048 4 1477443844 2217611552 12 8192 346304 0 81920 67108864 536936448 0 65536
is_linear=0
shrinkage=0.05


Tree=85
num_leaves=31
num_cat=13
split_feature=17 17 0 0 17 6 8 17 0 14 17 14 17 0 7 6 17 17 6 5 17 6 17 17 8 7 17 17 12 14
split_gain=14118.8 9573.77 1944.74 1633.26 893.829 602.344 384.037 316.516 263.956 216.592 308.036 240.477 197.902 180.425 176.048 197.309 235.024 225.918 186.738 217.726 358.785 188.642 231.257 182.526 172.351 162.138 148.265 145.504 135.466 133.125
threshold=0 1 7.5000000000000009 7.5000000000000009 2 18.500000000000004 23.500000000000004 3 7.5000000000000009 519.85937500000011 4 170.15424166666671 5 112.50000000000001 1.0000000180025095e-35 15.500000000000002 6 7 9.5000000000000018 21.250000000000004 8 18.500000000000004 9 10 30.500000000000004 1.0000000180025095e-35 11 12 35.500000000000007 590.04964166666684
decision_type=9 9 2 2 9 2 2 9 2 2 9 2 9 2 2 2 9 9 2 2 9 2 9 9 2 2 9 9 2 2
left_child=2 8 7 4 5 6 -3 -1 -2 11 -11 -8 -6 14 15 17 -17 24 29 23 -21 26 -23 -20 -5 -14 -22 -13 -18 -16
right_child=1 3 -4 13 12 -7 9 -9 -10 10 -12 27 25 -15 18 16 28 -19 19 20 21 22 -24 -25 -26 -27 -28 -29 -30 -31
leaf_value=-0.0095844614060995436 -0.035650601685524252 -0.019067142161188145 -0.001052182343916197 -0.019499036260258153 0.0044623910279196549 -0.015098032845072096 -0.016708081459402193 -0.0095844614060995436 0.00029031207051009037 0.023733099543941361 -0.01909072931595035 -0.024773895182633822 -0.012755087758036777 1.0809707249572462 0.054500249835961162 0.00017484502390434644 -0.15299225407180331 0.029425745611080426 0.008530681223961346 0.09396869265870969 -0.020155400193337947 0.0064659963646177768 -0.071800161020914063 -0.0204968514482065 -0.15414313947258124 -0.0070020030570813411 0.013284924303434309 -0.016981386996410521 -0.025294644218295838 0.26484136658058866
leaf_weight=13821 117 3713 3152 8547 8218 2403 4861 9591 10867 1011 900 1460 3351 617 12421 4382 4555 9240 23918 23759 2743 2811 2587 68038 1405 12584 48367 4056 1951 783
leaf_count=13821 117 3713 3152 8547 8218 2403 4861 9591 10867 1011 900 1460 3351 617 12421 4382 4555 9240 23918 23759 2743 2811 2587 68038 1405 12584 48367 4056 1951 783
internal_value=-0.00309946 0.000327246 -0.0378716 -0.00161486 -0.0105682 -0.0188661 -0.0153709 -0.0428498 0.0460251 -0.0196289 -0.00416013 -0.0224776 -0.00423582 0.000148063 7.07634e-05 -0.00347739 -0.00885378 -0.000427261 0.000646346 0.000206999 0.00210983 -5.83885e-05 -0.00894776 -0.00145396 -0.00565148 -0.00748511 0.000880454 -0.0296229 -0.0148711 0.00637686
internal_weight=296229 269665 26564 258681 42557 18404 16001 23412 10984 12288 1911 10377 24153 216124 215507 30080 10888 19192 185427 172223 80267 56508 5398 91956 9952 15935 51110 5516 6506 13204
internal_count=296229 269665 26564 258681 42557 18404 16001 23412 10984 12288 1911 10377 24153 216124 215507 30080 10888 19192 185427 172223 80267 56508 5398 91956 9952 15935 51110 5516 6506 13204
cat_boundaries=0 3 5 7 10 12 15 18 21 24 27 29 31 33
cat_threshold=33587346 1077936128 2 2147483648 1049088 151011328 572522784 33587216 0 2 0 2097408 1082197248 151090249 1 1344012352 355206410 9 1955090756 84546947 5 268972352 33966208 4 1611677700 218637345 8 478150656 2416537697 134217728 2149580800 16777216 570425376
is_linear=0
shrinkage=0.05


Tree=86
num_leaves=31
num_cat=13
split_feature=17 17 0 17 0 6 14 17 12 8 17 6 17 0 17 17 0 6 17 17 7 12 13 17 7 6 17 0 17 6
split_gain=14310.3 9465.94 1944.74 1341.49 681.099 559.987 345.057 866.064 329.668 319.53 316.516 300.1 626.811 263.956 248.126 238.175 234.267 201.475 456.463 449.165 190.345 351.022 185.491 185.069 181.718 276.543 177.795 172.676 169.071 167.019
threshold=0 1 7.5000000000000009 2 7.5000000000000009 10.500000000000002 480.04562500000009 3 63.500000000000007 23.500000000000004 4 18.500000000000004 5 7.5000000000000009 6 7 7.5000000000000009 18.500000000000004 8 9 4.5000000000000009 5.5000000000000009 8.5000000000000018 10 1.0000000180025095e-35 10.500000000000002 11 14.000000000000002 12 16.500000000000004
decision_type=9 9 2 9 2 2 2 9 2 2 9 2 9 2 9 9 2 2 9 9 2 2 2 9 2 2 9 2 9 2
left_child=2 13 10 4 5 -3 9 17 11 -7 -1 15 16 -2 -10 -5 -13 18 -8 -19 21 22 23 -17 28 26 -26 -6 -23 -29
right_child=1 3 -4 8 27 6 7 -9 14 -11 -12 12 -14 -15 -16 20 -18 19 -20 -21 -22 24 -24 -25 25 -27 -28 29 -30 -31
leaf_value=-0.0091052383357945743 -0.033868071601248051 -0.018113785053128773 -0.00099957322672041839 0.047504129221903391 0.0032296243022321928 -0.050774464055019224 0.022546444566744307 -0.01613231764659 -0.09598302282044098 -0.008500332902417496 -0.0091052383357945743 -0.033631535077728474 0.0013124616490456376 0.00027579646698461247 -0.010694341763099226 -0.14966073855414461 -0.061713256764098827 0.00060770750820040578 -0.011749506835466007 -0.016357450478103087 -0.012241898802555884 -0.031310724431553361 -0.0056661520844397909 -0.026827728384151508 0.1624997083174467 0.017476926163301432 0.038921444665540865 -0.028929543543678049 0.021798776327816773 -0.073796570378121734
leaf_weight=13821 117 5347 3152 11859 8257 1792 1648 1828 1236 7534 9591 974 17145 10867 1238 2670 7507 724 747 266 51387 9502 19962 3929 8980 65955 8883 7180 8868 3263
leaf_count=13821 117 5347 3152 11859 8257 1792 1648 1828 1236 7534 9591 974 17145 10867 1238 2670 7507 724 747 266 51387 9502 19962 3929 8980 65955 8883 7180 8868 3263
internal_value=-0.00286451 0.000585334 -0.0378716 -0.00134581 -0.00994404 -0.0163884 -0.0214767 -0.011174 0.000161968 -0.0272357 -0.0428498 0.000368301 -0.00471396 0.0460251 -0.0179871 0.00104664 -0.0158226 0.00384389 -0.00398747 0.0228283 0.000594518 0.00162137 -0.00349949 -0.0107668 0.0029524 0.00393949 0.0094581 -0.00309626 -0.00155144 -0.00736857
internal_weight=296229 269665 26564 258681 38586 19886 14539 5213 220095 9326 23412 217621 25626 10984 2474 191995 8481 3385 2395 990 180136 128749 26561 6599 102188 83818 17863 18700 18370 10443
internal_count=296229 269665 26564 258681 38586 19886 14539 5213 220095 9326 23412 217621 25626 10984 2474 191995 8481 3385 2395 990 180136 128749 26561 6599 102188 83818 17863 18700 18370 10443
cat_boundaries=0 3 5 7 9 12 15 18 20 22 24 27 30 33
cat_threshold=33587346 1077936128 2 2147483648 1049088 16793600 807403776 0 270532864 33587216 0 2 604316672 33636602 1 1611928644 235155618 4 134217728 278528 0 2097408 0 268435456 277622784 2181107850 5 1620389888 235079841 12 1686634816 2265591939 4
is_linear=0
shrinkage=0.05


Tree=87
num_leaves=31
num_cat=15
split_feature=17 17 0 0 6 17 5 17 6 17 17 0 17 6 17 17 17 14 1 12 17 5 17 3 17 0 17 6 17 8
split_gain=14062.4 9552.93 1872.09 1480.84 1020.32 920.594 418.919 321.533 340.585 539.154 288.179 263.956 228.52 203.425 620.377 441.445 181.487 171.473 169.717 157.973 142.398 128.767 127.716 114.283 177.925 174.71 198.706 126.218 382.277 161.466
threshold=0 1 7.5000000000000009 7.5000000000000009 10.500000000000002 2 23.750000000000004 3 16.500000000000004 4 5 7.5000000000000009 6 18.500000000000004 7 8 9 70.075150000000022 77.500000000000014 63.500000000000007 10 26.250000000000004 11 22.500000000000004 12 14.000000000000002 13 16.500000000000004 14 28.500000000000004
decision_type=9 9 2 2 2 9 2 9 2 9 9 2 9 2 9 9 9 2 2 2 9 2 9 2 9 2 9 2 9 2
left_child=2 11 12 4 16 -6 7 -7 10 13 -9 -2 21 15 -15 -10 -3 22 19 23 -20 -1 -5 24 25 -19 -27 -25 -29 -30
right_child=1 3 -4 17 5 6 -8 8 9 -11 -12 -13 -14 14 -16 -17 -18 18 20 -21 -22 -23 -24 27 -26 26 -28 28 29 -31
leaf_value=-0.0086499764190048466 -0.032174668021185675 -0.11272196480637092 -0.001342051175555037 -0.0018976934344269837 -0.0011707706400184926 -0.015707301001469134 -0.016668965327546248 -0.04566888098794171 0.021419122338407082 -0.030284376921932935 -0.00622688625910639 0.00026200664363535965 -0.0086499764190048466 0.00057732213279040325 -0.015539577954197937 -0.011162031493692704 0.0010839210131577293 0.012353092567398872 0.40915273281027781 -0.15387887760911401 -0.084343407838437481 -0.0086499764190048466 0.085277752398956172 0.016752587982241884 -0.023613955807311005 -0.043699117238690292 0.0038048064017095484 -0.12484794338708666 -0.021153208562835781 0.067902439904478848
leaf_weight=10447 117 4301 2902 7961 7573 6173 3066 1067 947 1822 4575 10867 9591 747 318 516 13015 15760 2232 1197 1096 1811 10848 77303 41043 8173 20421 4199 18334 7807
leaf_count=10447 117 4301 2902 7961 7573 6173 3066 1067 947 1822 4575 10867 9591 747 318 516 13015 15760 2232 1197 1096 1811 10848 77303 41043 8173 20421 4199 18334 7807
internal_value=-0.00291953 0.00037055 -0.0389908 -0.00155621 -0.00990481 -0.0160163 -0.0218258 -0.025051 -0.0194361 -0.00894253 -0.0275611 0.0460251 -0.044018 0.00602837 0.0226761 -0.00604921 -0.000444675 0.000146043 -0.00028826 -0.000480084 0.0109075 -0.0393055 0.00470785 -0.000367799 -0.00173367 0.000462086 -0.00186752 0.000715792 -0.00201714 0.000235173
internal_weight=296229 271478 24751 260494 44120 26804 19231 16165 9992 4350 5642 10984 21849 2528 1065 1463 17316 216374 197565 194237 3328 12258 18809 193040 85397 44354 28594 107643 30340 26141
internal_count=296229 271478 24751 260494 44120 26804 19231 16165 9992 4350 5642 10984 21849 2528 1065 1463 17316 216374 197565 194237 3328 12258 18809 193040 85397 44354 28594 107643 30340 26141
cat_boundaries=0 3 5 7 10 12 14 17 19 21 23 25 28 31 33 35
cat_threshold=33587330 1077936128 2 2147483648 1049088 1351942400 2231374866 687882260 16416 4 0 270532864 67108928 570491008 33587200 0 2 0 268435456 0 2097408 135790592 589299762 8192 344064 337133824 621360402 12 1284509952 2500424707 9 1048576 2432697344 17842176 3087093763
is_linear=0
shrinkage=0.05


Tree=88
num_leaves=31
num_cat=14
split_feature=17 17 0 0 6 17 5 17 6 17 17 0 17 6 17 17 17 12 5 8 17 17 8 17 6 0 17 12 14 7
split_gain=14063.7 9552.15 1872.09 1429.71 1057.39 915.953 421.189 324.685 337.542 537.504 299.623 263.956 228.52 203.425 620.377 441.445 173.231 162.177 155.322 156.544 319.303 230.274 207.209 197.074 226.801 183.203 205.624 177.752 179.287 169.49
threshold=0 1 7.5000000000000009 7.5000000000000009 10.500000000000002 2 23.750000000000004 3 16.500000000000004 4 5 7.5000000000000009 6 18.500000000000004 7 8 9 63.500000000000007 33.750000000000007 21.500000000000004 10 11 29.500000000000004 12 14.500000000000002 14.000000000000002 13 16.500000000000004 600.02704166666672 4.5000000000000009
decision_type=9 9 2 2 2 9 2 9 2 9 9 2 9 2 9 9 9 2 2 2 9 9 2 9 2 2 9 2 2 2
left_child=2 11 12 4 16 -6 7 -7 10 13 -9 -2 -1 15 -15 -10 -3 18 19 20 -5 25 -23 -24 29 -21 -27 -22 -29 -25
right_child=1 3 -4 17 5 6 -8 8 9 -11 -12 -13 -14 14 -16 -17 -18 -19 -20 21 27 22 23 24 -26 26 -28 28 -30 -31
leaf_value=-0.008217477598054624 -0.030565934620126401 -0.10708586656605235 -0.0012749486167772607 0.092978366353507272 -0.0011122321080175635 -0.014921935951395682 -0.015835517061168949 -0.043385436938544644 0.020348166221486698 -0.028770158075836296 -0.0059155419461510489 0.00024890631145355616 -0.008217477598054624 0.00054845602615087867 -0.014762599056488046 -0.010603929919008071 0.0010297249624998451 -0.14408075487326619 0.05601724019760717 0.00094100024448593453 0.012742218398524142 -0.0077377079817809065 0.110401158486712 0.0068439272757725433 0.034278262935350946 -0.071212149002990846 -0.039208054158024197 -0.062120276845381683 0.07322304102969994 -0.087787060322940036
leaf_weight=12258 117 4140 2902 13073 7573 6173 3066 1067 947 1822 4575 10867 9591 747 318 516 13176 1325 13674 12942 22568 84126 5312 12108 15107 5037 19583 5940 1016 4563
leaf_count=12258 117 4140 2902 13073 7573 6173 3066 1067 947 1822 4575 10867 9591 747 318 516 13176 1325 13674 12942 22568 84126 5312 12108 15107 5037 19583 5940 1016 4563
internal_value=-0.00291784 0.000372392 -0.0389908 -0.00155429 -0.00975748 -0.015979 -0.0217738 -0.0250077 -0.0193661 -0.00891954 -0.0274548 0.0460251 -0.044018 0.00602837 0.0226761 -0.00604921 -0.00012705 0.000118314 0.000225763 -0.000124395 0.00256708 -0.000846465 0.000213651 0.00332704 0.00183403 -0.00426648 -0.00679935 -0.000314891 -0.00730305 -0.00218643
internal_weight=296229 271478 24751 260494 44120 26804 19231 16165 9992 4350 5642 10984 21849 2528 1065 1463 17316 216374 215049 201375 42597 158778 121216 37090 31778 37562 24620 29524 6956 16671
internal_count=296229 271478 24751 260494 44120 26804 19231 16165 9992 4350 5642 10984 21849 2528 1065 1463 17316 216374 215049 201375 42597 158778 121216 37090 31778 37562 24620 29524 6956 16671
cat_boundaries=0 3 5 7 10 12 14 17 19 21 23 25 27 29 31
cat_threshold=33587330 1077936128 2 2147483648 1049088 1351942400 2231374866 687882260 16416 4 0 270532864 67108928 570491008 33587200 0 2 0 268435456 0 2097408 1572864 572522546 269234256 939788312 17580112 991953168 671089664 81921 16793600 285212928
is_linear=0
shrinkage=0.05


Tree=89
num_leaves=31
num_cat=11
split_feature=17 17 0 17 0 6 5 14 17 17 12 6 17 6 17 17 0 17 0 7 12 17 7 8 0 6 17 12 6 7
split_gain=14204 9527.22 1941.79 1346.15 719.506 609.621 408.883 328.911 699.092 316.516 313.323 273.639 593.983 271.218 510.065 422.571 263.956 227.696 223.599 203.295 367.489 196.256 180.563 150.181 149.84 168.354 154.651 147.11 204.394 206.025
threshold=0 1 7.5000000000000009 2 7.5000000000000009 10.500000000000002 23.750000000000004 510.00895000000008 3 4 63.500000000000007 18.500000000000004 5 18.500000000000004 6 7 7.5000000000000009 8 7.5000000000000009 4.5000000000000009 5.5000000000000009 9 2.5000000000000004 23.500000000000004 14.000000000000002 16.500000000000004 10 49.500000000000007 10.500000000000002 1.0000000180025095e-35
decision_type=9 9 2 9 2 2 2 2 9 9 2 2 9 2 9 9 2 9 2 2 2 9 2 2 2 2 9 2 2 2
left_child=2 16 9 4 5 -3 7 23 13 -1 11 19 18 15 -15 -9 -2 -12 -13 20 22 -22 -5 -7 -6 26 -26 28 29 -23
right_child=1 3 -4 10 24 6 -8 8 -10 -11 17 12 -14 14 -16 -17 -18 -19 -20 -21 21 27 -24 -25 25 -27 -28 -29 -30 -31
leaf_value=-0.0078066037181518944 -0.029037637889120085 -0.0062901501699934139 -0.00085999573968855716 -0.047344251418558338 0.0028770084464927238 -0.065087002662324964 -0.012643705510646664 0.019330757910412368 -0.011886158056487918 -0.0078066037181518944 -0.086731155783094635 -0.027331650172044464 0.0010733344689473957 0.00052103322484331471 -0.01402446910366364 -0.010073733423057663 0.00023646099588088277 -0.023917578791563889 -0.060015143846535862 -0.010490265356475971 0.14687494313828112 -0.021170253100412852 0.0097296858846733347 -0.0056197648488435009 0.026046373773397403 -0.06595979579475407 -0.12400527462888983 -0.0081285696095022789 0.014616912192815601 0.11460227825404418
leaf_weight=13821 117 5440 3152 16318 8736 1300 2774 909 1469 9591 1125 936 17756 679 252 513 10867 1326 6919 54286 10466 3535 11809 7629 5087 3263 2172 17589 62659 13734
leaf_count=13821 117 5440 3152 16318 8736 1300 2774 909 1469 9591 1125 936 17756 679 252 513 10867 1326 6919 54286 10466 3535 11809 7629 5087 3263 2172 17589 62659 13734
internal_value=-0.00299852 0.000438491 -0.0378754 -0.00149889 -0.00990356 -0.0163153 -0.0213623 -0.025147 -0.0128728 -0.0428498 4.89774e-05 0.000250686 -0.00460154 0.00408379 0.0250806 -0.00963432 0.0460251 -0.0177275 -0.0160394 0.00090338 0.0019352 0.00326116 -0.00315533 -0.0304009 -0.00292865 -0.00694735 -0.00270698 0.00256185 0.00347313 0.00828942
internal_weight=296229 269665 26564 258681 40223 20965 15525 12751 3822 23412 218458 216007 25611 2353 931 1422 10984 2451 7855 190396 136110 107983 28127 8929 19258 10522 7259 97517 79928 17269
internal_count=296229 269665 26564 258681 40223 20965 15525 12751 3822 23412 218458 216007 25611 2353 931 1422 10984 2451 7855 190396 136110 107983 28127 8929 19258 10522 7259 97517 79928 17269
cat_boundaries=0 3 5 7 9 12 15 17 19 22 24 26
cat_threshold=33587346 1077936128 2 2147483648 1049088 151011328 807403776 0 270532864 33587216 0 2 604316672 33636570 1 0 268435456 0 2097408 1611927620 235155616 4 0 280704 151011328 536870912
is_linear=0
shrinkage=0.05


Tree=90
num_leaves=31
num_cat=15
split_feature=17 17 0 0 6 17 5 17 6 17 17 0 17 6 17 17 17 14 5 6 0 17 5 14 17 17 0 17 17 6
split_gain=14037.1 9567.73 1872.09 1389.61 1094.04 890.265 420.228 311.525 324.814 556.613 303.205 263.956 228.52 203.425 620.377 441.445 174.655 149.056 145.144 155.814 138.951 130.841 128.767 121.295 119.434 117.528 142.452 321.997 191.236 141.957
threshold=0 1 7.5000000000000009 7.5000000000000009 10.500000000000002 2 23.750000000000004 3 16.500000000000004 4 5 7.5000000000000009 6 18.500000000000004 7 8 9 70.075150000000022 10.750000000000002 9.5000000000000018 122.50000000000001 10 26.250000000000004 520.05207500000017 11 12 14.000000000000002 13 14 15.500000000000002
decision_type=9 9 2 2 2 9 2 9 2 9 9 2 9 2 9 9 9 2 2 2 2 9 2 2 9 9 2 9 9 2
left_child=2 11 12 4 16 -6 7 -7 10 13 -9 -2 22 15 -15 -10 -3 24 21 -20 25 -19 -1 -23 -5 -21 28 -28 -27 -29
right_child=1 3 -4 17 5 6 -8 8 9 -11 -12 -13 -14 14 -16 -17 -18 18 19 20 -22 23 -24 -25 -26 26 27 29 -30 -31
leaf_value=-0.0074162735322443225 -0.027585755994664087 -0.10141706572925005 -0.0011682013989540163 0.089450594492438196 -0.000532107234792889 -0.01389485091138374 -0.014411555932578146 -0.0053387766064013414 0.018364220014891776 -0.025965067663442244 -0.047976051461325046 0.00022463794608684751 -0.0074162735322443225 0.00049498156360114896 -0.013323245648480465 -0.0095700467519047819 0.0012927462228745413 -0.09191455790531472 0.10240884192121272 0.01084910480431729 1.9937885063345477 -0.037081676910165305 -0.0074162735322443225 0.03678232564403499 0.0041137755501878814 -0.029691755465907299 -0.056256195225348464 0.0080492804505460924 0.010825554346887856 -0.027009326419913205
leaf_weight=10447 117 3819 2902 8986 7573 6084 3066 4497 947 1896 1160 10867 9591 747 318 516 13497 7203 3385 69610 274 4994 1811 1560 9823 4648 11643 46753 17154 30341
leaf_count=10447 117 3819 2902 8986 7573 6084 3066 4497 947 1896 1160 10867 9591 747 318 516 13497 7203 3385 69610 274 4994 1811 1560 9823 4648 11643 46753 17154 30341
internal_value=-0.00295194 0.00033519 -0.0389908 -0.00159307 -0.00968042 -0.0160088 -0.0217218 -0.0249521 -0.0194877 -0.00935805 -0.0274439 0.0460251 -0.044018 0.00602837 0.0226761 -0.00604921 0.0001155 5.59217e-05 -0.000348999 2.17618e-05 -0.000177638 -0.00530275 -0.0393055 -0.000182815 0.00430911 -0.000231753 -0.00124515 -0.00213496 0.00237593 -0.000963634
internal_weight=296229 271478 24751 260494 44120 26804 19231 16165 10081 4424 5657 10984 21849 2528 1065 1463 17316 216374 197565 183808 180423 13757 12258 6554 18809 180149 110539 88737 21802 77094
internal_count=296229 271478 24751 260494 44120 26804 19231 16165 10081 4424 5657 10984 21849 2528 1065 1463 17316 216374 197565 183808 180423 13757 12258 6554 18809 180149 110539 88737 21802 77094
cat_boundaries=0 3 5 7 10 12 14 17 19 21 23 26 29 32 34 36
cat_threshold=33587330 1077936128 2 2147483648 1049088 1351942400 2231374866 687882256 32 4 0 270532864 4 270663936 33587200 0 2 0 268435456 0 2097408 1572928 572522544 1082983744 772426930 5 1225073748 2586200296 1 478740736 944298 4 16793600 2434794752 537150484 704708608
is_linear=0
shrinkage=0.05


Tree=91
num_leaves=31
num_cat=14
split_feature=17 17 0 17 0 6 14 17 8 12 0 17 6 17 0 17 17 6 17 17 7 11 17 12 7 12 6 17 17 17
split_gain=14146.2 9503.97 1872.09 1384 682.296 721.813 374.718 863.675 354.099 280.473 263.956 255.99 242.785 558.47 256.815 228.52 206.049 205.271 449.971 448.824 154.546 264.918 146.477 139.251 182.65 269.719 290.302 168.29 145.426 144.376
threshold=0 1 7.5000000000000009 2 7.5000000000000009 10.500000000000002 480.04562500000009 3 23.500000000000004 63.500000000000007 7.5000000000000009 4 18.500000000000004 5 7.5000000000000009 6 7 18.500000000000004 8 9 4.5000000000000009 1.0000000180025095e-35 10 5.5000000000000009 1.0000000180025095e-35 53.500000000000007 10.500000000000002 11 12 13
decision_type=9 9 2 9 2 2 2 9 2 2 2 9 2 9 2 9 9 2 9 9 2 2 9 2 2 2 2 9 9 9
left_child=2 10 15 4 5 -3 8 -8 -7 12 -2 -11 16 14 -14 -1 -5 19 -19 -9 21 23 -16 -18 28 26 27 -26 -25 -27
right_child=1 3 -4 9 -6 6 7 17 -10 11 -12 -13 13 -15 22 -17 20 18 -20 -21 -22 -23 -24 24 25 29 -28 -29 -30 -31
leaf_value=-0.0070454598556321194 -0.026206468194930867 -0.0060402799726374749 -0.0011097913290063044 0.039112031031591603 -0.011948383131050289 -0.044729216944021211 -0.012699942988273039 -0.0090915444143095502 -0.011703525100133083 -0.07999579542087365 0.00021340604878252736 -0.015928848774352657 -0.026332395682179245 0.0013339273422874331 -0.26270225193534497 -0.0070454598556321194 -0.0080293564538416635 0.00047023248542110707 -0.012657083366056421 0.017446009014147192 -0.010950120443782652 -0.038426933542607428 -0.033985669880637115 -0.030159883086854758 0.19286370270183398 -0.079860913994037885 0.028037429414567151 0.058149496815458959 0.019626472287442055 0.0074308845924302876
leaf_weight=12258 117 6232 2902 11859 18950 1870 1828 747 8080 1101 10867 1373 974 17145 1476 9591 20162 724 270 1698 51387 11942 6031 9502 6903 4396 52635 7017 8868 7324
leaf_count=12258 117 6232 2902 11859 18950 1870 1828 747 8080 1101 10867 1373 974 17145 1476 9591 20162 724 270 1698 51387 11942 6031 9502 6903 4396 52635 7017 8868 7324
internal_value=-0.00281218 0.000487683 -0.0389908 -0.00143414 -0.00993962 -0.0160497 -0.0219196 -0.0111354 -0.0276281 0.000127439 0.0460251 -0.0166128 0.000317754 -0.00425349 -0.0147391 -0.044018 0.000927889 0.00366773 0.022837 -0.00411043 0.000507366 0.00143263 -0.0116225 0.00215783 0.00294635 0.00399936 0.00523101 0.0116523 -0.00154056 -0.00299488
internal_weight=296229 271478 24751 260494 40399 21449 15217 5267 9950 220095 10984 2474 217621 25626 8481 21849 191995 3439 994 2445 180136 128749 7507 116807 96645 78275 66555 13920 18370 11720
internal_count=296229 271478 24751 260494 40399 21449 15217 5267 9950 220095 10984 2474 217621 25626 8481 21849 191995 3439 994 2445 180136 128749 7507 116807 96645 78275 66555 13920 18370 11720
cat_boundaries=0 3 5 7 9 12 15 18 20 22 24 26 29 32 35
cat_threshold=33587330 1077936128 2 2147483648 1049088 16793616 807403776 16793600 536870912 1611928644 235147424 4 604316672 33636602 1 33587200 0 2 134217728 278528 0 268435456 0 268435456 67109888 65618 1619342340 33753249 13 1686634816 2265591939 4 1342439428 251794449 8
is_linear=0
shrinkage=0.05


Tree=92
num_leaves=31
num_cat=12
split_feature=17 17 0 17 0 6 14 17 8 6 17 17 5 12 0 17 6 17 0 17 7 12 8 17 17 6 17 12 7 6
split_gain=14152.6 9495.21 1881.16 1220.62 614.999 646.339 661.98 655.735 424.935 304.67 516.323 399.778 277.885 272.985 263.956 231.775 229.302 536.538 243.638 228.52 163.64 286.393 175.64 220.203 211.277 222.153 192.987 182.346 195.379 266.986
threshold=0 1 7.5000000000000009 2 7.5000000000000009 10.500000000000002 509.64515833333343 3 23.500000000000004 18.500000000000004 4 5 21.250000000000004 63.500000000000007 7.5000000000000009 6 18.500000000000004 7 7.5000000000000009 8 4.5000000000000009 5.5000000000000009 19.500000000000004 9 10 15.500000000000002 11 49.500000000000007 1.0000000180025095e-35 10.500000000000002
decision_type=9 9 2 9 2 2 2 9 2 2 9 9 2 2 2 9 2 9 2 9 2 2 2 9 9 2 9 2 2 2
left_child=2 14 19 4 5 -3 8 -8 -7 10 -9 12 -11 16 -2 -15 20 18 -18 -1 21 -5 23 -23 25 -24 -27 28 -26 -30
right_child=1 3 -4 13 -6 6 7 9 -10 11 -12 -13 -14 15 -16 -17 17 -19 -20 -21 -22 22 24 -25 27 26 -28 -29 29 -31
leaf_value=-0.0066931868628504979 -0.024896144785184315 -0.0057382659740055969 -0.0010543017625560314 -0.017814482716264114 -0.010438814634518413 -0.042492756096820156 -0.010610017433791131 0.025273016623787295 -0.0061524536829452806 0.00044672086115005172 -0.0086369671935940581 -0.012024229197753611 -0.026424354253571505 -0.075996005649829987 0.00020273574634339654 -0.02665365458497404 -0.023350194496161158 0.00097957674012532085 -0.053505800417493005 -0.0066931868628504979 -0.0095371093285205443 0.031635593664632825 0.28767571085063903 -0.073388510320995137 -0.010785407150590665 0.13381918894273179 -0.22937985772913125 -0.0085340188210180305 0.11896317725681156 0.026635557943838786
leaf_weight=12258 117 6325 2902 28127 19508 2372 820 1403 9081 1041 1107 269 110 825 10867 1626 936 17756 6919 9591 54286 4537 5622 4534 12823 1589 753 18146 12444 47535
leaf_count=12258 117 6325 2902 28127 19508 2372 820 1403 9081 1041 1107 269 110 825 10867 1626 936 17756 6919 9591 54286 4537 5622 4534 12823 1589 753 18146 12444 47535
internal_value=-0.00279193 0.000508678 -0.0389786 -0.00141226 -0.00921372 -0.0148438 -0.0201352 -0.00444211 -0.0266437 0.00408629 -0.0063745 0.0226056 0.0352713 8.92579e-05 0.0460251 -0.0165035 0.000277537 -0.00416423 -0.015035 -0.044018 0.000875018 0.00180075 0.0029713 -0.00368758 0.00358197 0.011387 -0.00153715 0.00289694 0.004015 0.00521266
internal_weight=296229 271478 24751 260494 42036 22528 16203 4750 11453 3930 2510 1420 1151 218458 10984 2451 216007 25611 7855 21849 190396 136110 107983 9071 98912 7964 2342 90948 72802 59979
internal_count=296229 271478 24751 260494 42036 22528 16203 4750 11453 3930 2510 1420 1151 218458 10984 2451 216007 25611 7855 21849 190396 136110 107983 9071 98912 7964 2342 90948 72802 59979
cat_boundaries=0 3 5 7 9 11 13 16 19 22 25 27 29
cat_threshold=33587330 1077936128 2 2147483648 1049088 151011344 807403776 16777216 536870912 0 2097408 16384 268435456 1611927620 168038400 4 604316672 33636570 1 33587200 0 2 1343042624 33822840 9 0 344064 0 278528
is_linear=0
shrinkage=0.05


Tree=93
num_leaves=31
num_cat=13
split_feature=17 17 0 17 0 6 14 17 8 6 17 17 5 0 7 17 17 5 17 6 17 14 2 11 17 0 17 17 5 16
split_gain=14157.4 9483.99 1896.32 1213.77 619.134 643.379 660.112 656.418 428.283 308.481 514.713 401.807 265.924 263.956 234.669 245.713 228.52 163.919 269.225 227.246 212.761 171.061 158.656 155.475 153.892 136.748 146.199 138.911 128.767 128.707
threshold=0 1 7.5000000000000009 2 7.5000000000000009 10.500000000000002 509.64515833333343 3 23.500000000000004 18.500000000000004 4 5 21.250000000000004 7.5000000000000009 1.0000000180025095e-35 6 7 21.250000000000004 8 9.5000000000000018 9 629.53089166666689 7.5000000000000009 1.0000000180025095e-35 10 14.000000000000002 11 12 26.250000000000004 40.011033333333337
decision_type=9 9 2 9 2 2 2 9 2 2 9 9 2 2 2 9 9 2 9 2 9 2 2 2 9 2 9 9 2 2
left_child=2 13 16 4 5 -3 8 -8 -7 10 -9 12 -11 -2 15 23 28 19 -19 21 22 24 -21 -5 -16 26 -22 -27 -1 -10
right_child=1 3 -4 14 -6 6 7 9 29 11 -12 -13 -14 -15 17 -17 -18 18 -20 20 25 -23 -24 -25 -26 27 -28 -29 -30 -31
leaf_value=-0.0063585275197079573 -0.023651337545925077 -0.0054513526753053217 -0.0010015866744282232 -0.028752324653780283 -0.0099168739027924793 -0.040368118291979151 -0.010079516562101577 0.024009365792597936 -0.010133759143275568 0.00042438481809252697 -0.0082051188339143707 -0.011423017737865937 -0.025103136540892912 0.00019259895902621338 0.075201032553943226 0.001808124530969213 -0.0063585275197079573 0.10428219078773573 0.0064324669247188384 -0.049858684177037871 -0.072945218485029981 0.2707148123796243 -0.019620547594171089 -0.089886581843451649 -0.001786922543439662 -0.059492962320678001 0.0080599883225869647 0.0015209209581103168 -0.0063585275197079573 -0.0057962826081651379
leaf_weight=10447 117 6325 2902 12381 19508 2372 820 1403 2043 1041 1107 269 110 10867 8096 16063 9591 19055 52875 5403 913 948 44287 3974 10774 937 7903 34849 1811 7038
leaf_count=10447 117 6325 2902 12381 19508 2372 820 1403 2043 1041 1107 269 110 10867 8096 16063 9591 19055 52875 5403 913 948 44287 3974 10774 937 7903 34849 1811 7038
internal_value=-0.0027656 0.000535567 -0.0389584 -0.00138424 -0.00916377 -0.0148127 -0.020092 -0.00442105 -0.0265913 0.00411168 -0.00641434 0.0227465 0.0354436 0.0460251 0.00011306 -0.0038127 -0.044018 0.00079714 0.00266648 -0.000381211 -0.00140415 0.00448582 -0.00365392 -0.00812405 0.00344462 0.00110284 0.00668103 -0.000271056 -0.0393055 -0.0315329
internal_weight=296229 271478 24751 260494 42036 22528 16203 4750 11453 3930 2510 1420 1151 10984 218458 32418 21849 186040 71930 114110 94292 19818 49690 16355 18870 44602 8816 35786 12258 9081
internal_count=296229 271478 24751 260494 42036 22528 16203 4750 11453 3930 2510 1420 1151 10984 218458 32418 21849 186040 71930 114110 94292 19818 49690 16355 18870 44602 8816 35786 12258 9081
cat_boundaries=0 3 5 7 9 11 13 16 19 22 25 28 31 33
cat_threshold=33587330 1077936128 2 2147483648 1049088 151011344 807403776 16777216 536870912 0 2097408 16384 268435456 1619005764 2248366115 4 33587200 0 2 12544 33966208 4 1612526912 167906450 4 1074081856 201738433 5 335544320 16480 1 0 2164260864
is_linear=0
shrinkage=0.05


Tree=94
num_leaves=31
num_cat=12
split_feature=17 17 0 17 0 6 14 17 8 6 17 17 0 17 7 17 5 5 17 6 17 2 17 0 6 17 5 16 6 5
split_gain=14152.7 9480 1908.49 1177.09 623.951 633.283 681.503 669.45 435.884 337.44 514.713 421.334 263.956 228.52 211.256 224.382 165.418 149.712 242.207 210.206 190.4 157.871 150.471 132.761 146.882 132.104 128.767 128.707 127.162 126.107
threshold=0 1 7.5000000000000009 2 7.5000000000000009 10.500000000000002 509.64515833333343 3 23.500000000000004 18.500000000000004 4 5 7.5000000000000009 6 1.0000000180025095e-35 7 21.250000000000004 21.250000000000004 8 9.5000000000000018 9 7.5000000000000009 10 14.000000000000002 16.500000000000004 11 26.250000000000004 40.011033333333337 15.500000000000002 16.250000000000004
decision_type=9 9 2 9 2 2 2 9 2 2 9 9 2 9 2 9 2 2 9 2 9 2 9 2 2 9 2 2 2 2
left_child=2 12 13 4 5 29 8 -8 -7 10 -9 16 -2 26 15 28 -11 19 -19 22 21 -21 -16 -6 25 -25 -1 -10 -5 -3
right_child=1 3 -4 14 23 6 7 9 27 11 -12 -13 -14 -15 17 -17 -18 18 -20 20 -22 -23 -24 24 -26 -27 -28 -29 -30 -31
leaf_value=-0.0060406011437225795 -0.022468770668628846 -0.022412970550224377 -0.00095150734070679208 -0.033476242773845935 0.0038070838902417138 -0.038349712377380211 -0.0095755407339964908 0.022808897502968065 -0.0096270711861117693 0.0004031655771878917 -0.0077948628922186458 -0.010851866850972636 0.00018296901107488496 -0.0060406011437225795 0.086504930054699086 0.0012876160435194351 -0.023847979713848267 0.11453602520218009 0.0070286965919622805 -0.047365749968185968 0.0027857988212580233 -0.018639520214462559 0.0021065395856162627 -0.11367919746519456 -0.056408551723450544 0.027173779513247356 -0.0060406011437225795 -0.0055064684777568658 -0.066914986942480215 0.10961988351104722
leaf_weight=10447 117 5504 2902 9388 8808 2372 820 1403 2043 1041 1107 269 10867 9591 8466 16860 110 16698 55232 5403 44602 44287 11352 2172 3344 5184 1811 7038 6170 821
leaf_count=10447 117 5504 2902 9388 8808 2372 820 1403 2043 1041 1107 269 10867 9591 8466 16860 110 16698 55232 5403 44602 44287 11352 2172 3344 5184 1811 7038 6170 821
internal_value=-0.00275547 0.000545144 -0.0389423 -0.00137426 -0.00903534 -0.0147061 -0.0199438 -0.00402105 -0.0265476 0.00459391 -0.00641434 0.0240845 0.0460251 -0.044018 0.000100244 -0.00362453 0.0370801 0.000749301 0.0025358 -0.000376829 -0.00136067 -0.00348893 0.00430417 -0.00249129 -0.00623364 -0.00228385 -0.0393055 -0.0315329 -0.00795221 -0.00128854
internal_weight=296229 271478 24751 260494 42036 22528 16203 4750 11453 3930 2510 1420 10984 21849 218458 32418 1151 186040 71930 114110 94292 49690 19818 19508 10700 7356 12258 9081 15558 6325
internal_count=296229 271478 24751 260494 42036 22528 16203 4750 11453 3930 2510 1420 10984 21849 218458 32418 1151 186040 71930 114110 94292 49690 19818 19508 10700 7356 12258 9081 15558 6325
cat_boundaries=0 3 5 7 9 11 13 16 19 22 25 28 30
cat_threshold=33587330 1077936128 2 2147483648 1049088 151011344 807403776 16777216 536870912 0 2097408 16384 268435456 33587200 0 2 1619005764 2248362019 4 12544 411776 4 1612526912 167906450 4 1074081796 201738433 5 0 270532864
is_linear=0
shrinkage=0.05


Tree=95
num_leaves=31
num_cat=13
split_feature=17 17 0 17 0 6 14 17 8 6 17 17 0 17 6 17 0 17 16 5 8 17 13 17 6 8 17 17 5 0
split_gain=14140 9487.37 1908.49 1133.83 601.552 604.779 652.239 669.45 417.597 337.44 514.713 421.334 263.956 228.52 192.19 435.235 319.715 180.546 176.828 165.418 148.767 197.001 173.358 162.246 320.718 189.45 140.264 139.787 128.767 125.276
threshold=0 1 7.5000000000000009 2 7.5000000000000009 10.500000000000002 509.64515833333343 3 23.500000000000004 18.500000000000004 4 5 7.5000000000000009 6 17.500000000000004 7 7.5000000000000009 8 40.011033333333337 21.250000000000004 23.500000000000004 9 11.500000000000002 10 13.500000000000002 28.500000000000004 11 12 26.250000000000004 14.000000000000002
decision_type=9 9 2 9 2 2 2 9 2 2 9 9 2 9 2 9 2 9 2 2 2 9 2 9 2 2 9 9 2 2
left_child=2 12 13 4 5 -3 8 -8 -7 10 -9 19 -2 28 17 16 -16 20 -10 -11 21 22 -5 24 -22 -26 -18 -17 -1 -6
right_child=1 3 -4 14 29 6 7 9 18 11 -12 -13 -14 -15 15 27 26 -19 -20 -21 23 -23 -24 -25 25 -27 -28 -29 -30 -31
leaf_value=-0.0057385710865364373 -0.021345332135197383 -0.0040581365140288208 -0.00090393197367144573 0.31423769988890116 0.003616729695729637 -0.036432226758511189 -0.0090967636972966847 0.02166845262781969 -0.0091457176268061602 0.00038300729832849715 -0.0074051197476077135 -0.010309273508423989 0.00017382056052115403 -0.0057385710865364373 -0.026348699940504483 0.032024994850528454 -0.11830728224753538 -0.00088954548096840122 -0.0052311450538690355 -0.022655580728155836 0.27879050213536 0.031708515839625306 0.029848412935461966 -0.0018740634395715717 -0.24919815961487793 0.18319653695860741 -0.039025113366874975 -0.0039049263930472479 -0.0057385710865364373 -0.04228427604932268
leaf_weight=10447 117 6325 2902 5314 8808 2372 820 1403 2043 1041 1107 269 10867 9591 1518 5685 551 128472 7038 110 3084 8457 2691 27334 1422 963 14492 18475 1811 10700
leaf_count=10447 117 6325 2902 5314 8808 2372 820 1403 2043 1041 1107 269 10867 9591 1518 5685 551 128472 7038 110 3084 8457 2691 27334 1422 963 14492 18475 1811 10700
internal_value=-0.00277167 0.000527463 -0.0389423 -0.00139268 -0.00891167 -0.0144798 -0.0195982 -0.00402105 -0.0260587 0.00459391 -0.00641434 0.0240845 0.0460251 -0.044018 5.44702e-05 -0.00304388 -0.00928429 0.000764332 -0.0309382 0.0370801 0.00333739 0.00721662 0.0128322 0.00139164 0.00924439 -0.00450734 -0.00708303 0.00123707 -0.0393055 -0.00248616
internal_weight=296229 271478 24751 260494 42036 22528 16203 4750 11453 3930 2510 1420 10984 21849 218458 40721 16561 177737 9081 1151 49265 16462 8005 32803 5469 2385 15043 24160 12258 19508
internal_count=296229 271478 24751 260494 42036 22528 16203 4750 11453 3930 2510 1420 10984 21849 218458 40721 16561 177737 9081 1151 49265 16462 8005 32803 5469 2385 15043 24160 12258 19508
cat_boundaries=0 3 5 7 9 11 13 16 18 21 23 25 27 30
cat_threshold=33587330 1077936128 2 2147483648 1049088 151011344 807403776 16777216 536870912 0 2097408 16384 268435456 33587200 0 2 604316736 33646803 73792 346312 1 8256 280576 0 81920 0 65536 1342177280 786432 8
is_linear=0
shrinkage=0.05


Tree=96
num_leaves=31
num_cat=13
split_feature=17 17 0 17 0 6 14 17 8 6 17 17 0 17 6 17 0 16 17 5 17 12 13 6 17 17 11 5 5 17
split_gain=14142.4 9480.92 1917.64 1125.08 610.395 604.37 649.961 668.761 416.817 338.322 513.106 421.334 263.956 228.52 183.84 403.051 309.657 176.227 175.732 165.418 146.3 144.543 147.149 243.286 224.15 153.078 129.756 128.767 117.274 115.394
threshold=0 1 7.5000000000000009 2 7.5000000000000009 10.500000000000002 509.64515833333343 3 23.500000000000004 18.500000000000004 4 5 7.5000000000000009 6 17.500000000000004 7 7.5000000000000009 40.011033333333337 8 21.250000000000004 9 53.500000000000007 23.500000000000004 14.500000000000002 10 11 1.0000000180025095e-35 26.250000000000004 16.250000000000004 12
decision_type=9 9 2 9 2 2 2 9 2 2 9 9 2 9 2 9 2 2 9 2 9 2 2 2 9 9 2 2 2 9
left_child=2 12 13 4 5 28 8 -8 -7 10 -9 19 -2 27 18 16 -16 -10 26 -11 -18 22 -20 25 -25 -24 -5 -1 -3 -17
right_child=1 3 -4 14 -6 6 7 9 17 11 -12 -13 -14 -15 15 29 20 -19 21 -21 -22 -23 23 24 -26 -27 -28 -29 -30 -31
leaf_value=-0.0054516425322096223 -0.020278065528437497 -0.021089415197011709 -0.00085873537498790684 0.024718521805293395 -0.0082987517782480147 -0.034610615420585633 -0.0086419255124318365 0.020585029996428708 -0.0086884317454658522 0.00036385693341207671 -0.0070348637602273278 -0.0097938098330027767 0.00016512953249510077 -0.0054516425322096223 -0.025525125942570795 0.030423745108002012 -0.11239191813515861 -0.0049695878011756017 0.0068218876543667765 -0.021522801691748052 -0.032499224548841354 -0.035710295971914441 -0.013038054163562586 0.058328874308947579 -0.038272322777439527 -0.085113112445833847 -0.020763178496960855 -0.0054516425322096223 0.10434179616119632 -0.0021668224404742809
leaf_weight=10447 117 5504 2902 62359 19508 2372 820 1403 2043 1041 1107 269 10867 9591 1766 5685 551 7038 69787 110 16008 12374 8118 3973 3615 7830 9681 1811 821 16711
leaf_count=10447 117 5504 2902 62359 19508 2372 820 1403 2043 1041 1107 269 10867 9591 1766 5685 551 7038 69787 110 16008 12374 8118 3973 3615 7830 9681 1811 821 16711
internal_value=-0.00275648 0.000542934 -0.0389302 -0.00137656 -0.00886648 -0.0144753 -0.0195921 -0.00404211 -0.0260412 0.00456853 -0.00645418 0.0240845 0.0460251 -0.044018 6.49981e-05 -0.0029653 -0.00846196 -0.0309162 0.000759268 0.0370801 -0.00634398 -0.000538753 0.000134479 -0.00328433 0.0040854 -0.00679082 0.00266343 -0.0393055 -0.00136759 0.0015353
internal_weight=296229 271478 24751 260494 42036 22528 16203 4750 11453 3930 2510 1420 10984 21849 218458 40721 18325 9081 177737 1151 16559 105697 93323 23536 7588 15948 72040 12258 6325 22396
internal_count=296229 271478 24751 260494 42036 22528 16203 4750 11453 3930 2510 1420 10984 21849 218458 40721 18325 9081 177737 1151 16559 105697 93323 23536 7588 15948 72040 12258 6325 22396
cat_boundaries=0 3 5 7 9 11 13 16 18 21 23 25 28 31
cat_threshold=33587330 1077936128 2 2147483648 1049088 151011344 807403776 16777216 536870912 0 2097408 16384 268435456 33587200 0 2 604316736 50424019 75576384 2147829960 1 0 65536 270270724 17313810 537919492 167908385 12 1342177280 786432 8
is_linear=0
shrinkage=0.05


Tree=97
num_leaves=31
num_cat=13
split_feature=17 17 0 0 6 17 5 6 17 16 6 17 17 0 17 17 17 8 17 12 5 5 8 14 17 12 16 17 17 13
split_gain=14191.3 9449.16 1923.76 957.411 700.184 700.676 285.255 305.305 1079.95 434.221 340.469 746.328 452.24 263.956 228.52 210.339 175.144 146.273 140.95 137.095 128.767 128.416 118.544 115.68 110.165 105.629 125.696 98.8103 96.6694 95.7379
threshold=0 1 7.5000000000000009 7.5000000000000009 10.500000000000002 2 23.750000000000004 16.500000000000004 3 40.011033333333337 18.500000000000004 4 5 7.5000000000000009 6 7 8 23.500000000000004 9 63.500000000000007 26.250000000000004 38.750000000000007 23.500000000000004 70.022900000000021 10 12.500000000000002 259.90010000000007 11 12 36.500000000000007
decision_type=9 9 2 2 2 9 2 2 9 2 2 9 9 2 9 9 9 2 9 2 2 2 2 2 9 2 2 9 9 2
left_child=2 13 14 4 16 25 7 9 10 18 12 17 -9 -2 20 -11 -3 -12 -7 21 -1 23 -17 24 -5 26 -6 -10 -23 -25
right_child=1 3 -4 19 5 6 -8 8 27 15 11 -13 -14 -15 -16 22 -18 -19 -20 -21 -22 28 -24 29 -26 -27 -28 -29 -30 -31
leaf_value=-0.0051790604055991455 -0.019264162252015639 -0.093106691398626845 -0.00081579860623848255 0.079804018163329896 -0.0010517854909789738 -0.010154254904569272 -0.011283021610964374 -0.0066831205722159837 -0.012921627673862358 -0.012005278798376963 -0.017376648637936531 -0.010133338148628735 0.010856470436259792 0.0001568730558703102 -0.0051790604055991455 -0.062036880275441457 0.0035527999037579419 0.00034566408674145959 0.00018498067222889604 -0.12108566873655509 -0.0051790604055991455 0.19960029409592012 -0.0047296741752975713 -0.003132959859136886 -0.0011930983740636948 0.0048036689674853424 -0.020265787917772338 -0.013611398832145084 0.031552047309468992 0.069018858692161802
leaf_weight=10447 117 4381 2902 9072 2326 1325 3087 1117 1688 596 199 683 1089 10867 9591 878 12935 1192 869 1325 1811 1784 5785 188979 8674 4060 707 1203 3008 3532
leaf_count=10447 117 4381 2902 9072 2326 1325 3087 1117 1688 596 199 683 1089 10867 9591 878 12935 1192 869 1325 1811 1784 5785 188979 8674 4060 707 1203 3008 3532
internal_value=-0.00268593 0.00061918 -0.0389221 -0.0012971 -0.00800997 -0.0130727 -0.0179174 -0.0205185 -0.0127388 -0.0264202 0.00324009 0.0177917 -0.0104261 0.0460251 -0.044018 -0.0323116 -0.00017325 0.038651 -0.00692799 7.16352e-05 -0.0393055 0.000170426 -0.0348344 -1.40304e-05 0.00384875 0.000415317 -0.00664359 -0.0362806 0.00826377 -0.000370109
internal_weight=296229 271478 24751 260494 44120 26804 19711 16624 7171 9453 4280 2074 2206 10984 21849 7259 17316 1391 2194 216374 12258 215049 6663 210257 17746 7093 3033 2891 4792 192511
internal_count=296229 271478 24751 260494 44120 26804 19711 16624 7171 9453 4280 2074 2206 10984 21849 7259 17316 1391 2194 216374 12258 215049 6663 210257 17746 7093 3033 2891 4792 192511
cat_boundaries=0 3 5 7 9 11 13 16 18 20 22 25 27 30
cat_threshold=33587330 1077936128 2 2147483648 1049088 1351876864 2164261904 16448 270668034 16384 268435456 16384 268566528 33587200 0 2 536870912 738267298 1835072 572522640 17317904 404881410 1099248724 2586200288 1 553648128 536936448 1150828544 218519568 4
is_linear=0
shrinkage=0.05


Tree=98
num_leaves=31
num_cat=13
split_feature=17 17 0 17 0 6 14 17 16 6 17 17 0 17 6 17 0 17 8 6 17 6 17 8 17 8 17 0 8 5
split_gain=14303.1 9384.58 1923.76 942.192 480.496 471.13 498.442 698.526 370.242 327.258 508.06 472.308 263.956 228.52 178.289 382.921 312.198 218.871 171.905 192.376 232.311 162.477 283.489 270.987 265.44 190.403 138.704 133.456 142.545 128.767
threshold=0 1 7.5000000000000009 2 7.5000000000000009 10.500000000000002 509.64515833333343 3 40.02235000000001 18.500000000000004 4 5 7.5000000000000009 6 17.500000000000004 7 7.5000000000000009 8 23.500000000000004 16.500000000000004 9 14.500000000000002 10 28.500000000000004 11 28.500000000000004 12 22.500000000000004 23.500000000000004 26.250000000000004
decision_type=9 9 2 9 2 2 2 9 2 2 9 9 2 9 2 9 2 9 2 2 9 2 9 2 9 2 9 2 2 2
left_child=2 12 13 4 5 -3 8 -8 -7 10 -9 -11 -2 29 17 16 -16 21 -10 -20 -21 24 23 -23 25 27 -18 28 -5 -1
right_child=1 3 -4 14 -6 6 7 9 18 11 -12 -13 -14 -15 15 -17 26 -19 19 20 -22 22 -24 -25 -26 -27 -28 -29 -30 -31
leaf_value=-0.0049201073853192062 -0.018300954139414839 -0.0029783989236646935 -0.00077500867592656959 -0.030643813672991627 -0.0084700600480236421 -0.0071977171940233124 -0.011094368440284087 0.019792262205372158 -0.050766092183195347 0.00032838088240438879 -0.0063489645436051846 -0.0087974524339212053 0.00014902940307681689 -0.0049201073853192062 -0.023074438704743461 0.0044147174946714612 -0.10661567423544382 0.00041418023391424089 -0.010995651520847451 0.00018957061822963973 -0.0090549820223235766 -0.40195018474096006 0.063476260175205121 0.17529171756192632 0.031683927888425605 0.24559936475570865 -0.035485478923198442 0.34101564769907022 0.00014302745023311302 -0.0049201073853192062
leaf_weight=10447 117 6232 2902 1665 18950 2802 1210 1403 1204 1021 847 269 10867 9591 1518 24181 551 151500 5462 545 454 2137 5751 711 11811 1913 14492 2384 1481 1811
leaf_count=10447 117 6232 2902 1665 18950 2802 1210 1403 1204 1021 847 269 10867 9591 1518 24181 551 151500 5462 545 454 2137 5751 711 11811 1913 14492 2384 1481 1811
internal_value=-0.00254347 0.00077462 -0.0389221 -0.00113511 -0.00815289 -0.0132803 -0.0180226 -0.00458947 -0.0241187 0.00664789 -0.00484444 0.0267442 0.0460251 -0.044018 0.000153336 -0.00283246 -0.00868686 0.0008316 -0.0298043 -0.0330367 -0.0128629 0.00490435 -0.000808234 -0.0136809 0.00745819 0.0148464 -0.00651133 0.0101627 0.00340114 -0.0393055
internal_weight=296229 271478 24751 260494 40399 21449 15217 4750 10467 3540 2250 1290 10984 21849 220095 40742 16561 179353 7665 6461 999 27853 8599 2848 19254 7443 15043 5530 3146 12258
internal_count=296229 271478 24751 260494 40399 21449 15217 4750 10467 3540 2250 1290 10984 21849 220095 40742 16561 179353 7665 6461 999 27853 8599 2848 19254 7443 15043 5530 3146 12258
cat_boundaries=0 3 5 7 9 11 13 16 18 20 22 24 26 28
cat_threshold=33587330 1077936128 2 2147483648 1049088 16793616 807403776 16384 536870912 0 2097408 16777216 268435456 33587200 0 2 604316736 33646803 134217728 346304 16384 268435712 0 81920 134217728 81920 0 65536
is_linear=0
shrinkage=0.05


Tree=99
num_leaves=31
num_cat=12
split_feature=17 17 0 17 14 8 17 0 6 6 17 16 5 0 17 0 7 17 7 8 8 6 13 17 17 17 14 17 17 6
split_gain=14301.8 9375.26 1942.16 759.617 425.344 602.256 406.995 405.741 389.861 366.802 543.467 352.958 293.871 263.956 228.52 212.374 165.017 207.155 144.966 245.361 367.601 340.257 393.971 319.98 289.352 237.577 168.779 181.184 154.551 133.04
threshold=0 1 7.5000000000000009 2 640.04790833333345 23.500000000000004 3 7.5000000000000009 10.500000000000002 16.500000000000004 4 40.011033333333337 21.250000000000004 7.5000000000000009 5 14.000000000000002 1.0000000180025095e-35 6 4.5000000000000009 29.500000000000004 24.500000000000004 16.500000000000004 16.500000000000004 7 8 9 549.98386666666681 10 11 13.500000000000002
decision_type=9 9 2 9 2 2 9 2 2 2 9 2 2 2 9 2 2 9 2 2 2 2 2 9 9 9 2 9 9 2
left_child=2 13 14 4 5 -3 12 8 -7 11 -11 -10 15 -2 -1 -6 17 -5 19 20 21 22 23 29 -21 -23 27 -24 -22 -18
right_child=1 3 -4 16 6 7 -8 -9 9 10 -12 -13 -14 -15 -16 -17 18 -19 -20 24 28 25 26 -25 -26 -27 -28 -29 -30 -31
leaf_value=-0.0046741020160532276 -0.017385906432444111 -0.00066503021714456887 -0.00073625824213023887 -0.051062793005939078 0.00031196183828416938 -0.020063664486165811 -0.0083575798122251573 -0.029013042371848742 -0.0092866562996396507 0.0005465767883618966 -0.0060315163164249347 -0.010445868944805082 -0.0023387512618179953 0.00014157793292302046 -0.0046741020160532276 -0.04913679683615535 0.34086123940090585 0.00013587607772147514 -0.0072862932327757875 -0.00042453499642998161 -0.048933911125216459 0.045824537304985882 0.011920710693819414 0.048281564508826418 0.11412370251894573 -0.064715880072119175 0.13098548565946208 -0.093153583737799653 -0.0024735784264683148 0.11514134110273062
leaf_weight=12258 117 12138 2902 14691 1662 4294 2020 8483 1615 1899 1690 5742 760 10867 9591 96 4949 18052 62984 12528 17268 4668 2884 21752 16470 8300 1140 3669 27815 2925
leaf_count=12258 117 12138 2902 14691 1662 4294 2020 8483 1615 1899 1690 5742 760 10867 9591 96 4949 18052 62984 12528 17268 4668 2884 21752 16470 8300 1140 3669 27815 2925
internal_value=-0.00252085 0.000797089 -0.0388979 -0.00111169 -0.00741295 -0.00923984 0.00700749 -0.0138747 -0.0187533 -0.0237621 -0.0106576 -0.030155 0.0203718 0.0460251 -0.044018 0.0316837 4.52057e-05 -0.0032297 0.000617554 0.00160733 0.00038272 0.00332193 0.0057464 0.00836427 0.00563487 -0.00365515 -0.00433511 -0.00742408 -0.00289577 0.0169964
internal_weight=296229 271478 24751 260494 40399 35861 4538 23723 15240 10946 3589 7357 2518 10984 21849 1758 220095 32743 187352 124368 95370 50287 37319 29626 28998 12968 7693 6553 45083 7874
internal_count=296229 271478 24751 260494 40399 35861 4538 23723 15240 10946 3589 7357 2518 10984 21849 1758 220095 32743 187352 124368 95370 50287 37319 29626 28998 12968 7693 6553 45083 7874
cat_boundaries=0 3 5 7 9 11 14 17 19 22 25 28 30
cat_threshold=33587330 1077936128 2 2147483648 1049088 16793616 807403776 16793616 268435456 16384 2097408 33587200 0 2 1619005764 100878467 4 12608 168183808 1843264 2366121018 8 1351090436 218891265 4 1351426112 2147752024 1 270344196 184943640
is_linear=0
shrinkage=0.05


Tree=100
num_leaves=31
num_cat=10
split_feature=17 17 0 17 14 8 0 16 6 5 0 17 6 17 0 6 17 0 17 17 17 0 8 5 6 12 17 6 14 14
split_gain=14520.6 9243.64 1954.48 701.503 621.268 612.498 437.896 362.999 444.57 272.038 263.956 255.355 246.326 228.52 216.144 186.893 396.208 316.764 192.247 182.303 164.487 150.339 180.178 239.76 181.422 141.515 171.153 140.693 129.973 252.053
threshold=0 1 7.5000000000000009 2 649.99237500000015 23.500000000000004 7.5000000000000009 179.8868166666667 18.500000000000004 21.250000000000004 7.5000000000000009 3 15.500000000000002 4 14.000000000000002 18.500000000000004 5 7.5000000000000009 6 7 8 7.5000000000000009 23.500000000000004 21.250000000000004 15.500000000000002 58.500000000000007 9 10.500000000000002 649.99237500000015 619.9678416666668
decision_type=9 9 2 9 2 2 2 2 2 2 2 9 2 9 2 2 9 2 9 9 9 2 2 2 2 2 9 2 2 2
left_child=2 10 13 4 5 12 7 27 -9 11 -2 14 19 -1 -6 18 17 -17 21 -3 -19 22 -5 -24 -25 28 -27 -7 29 -20
right_child=1 3 -4 15 9 6 -8 8 -10 -11 -12 -13 -14 -15 -16 16 -18 20 25 -21 -22 -23 23 24 -26 26 -28 -29 -30 -31
leaf_value=-0.0044403969152505777 -0.016516611110821922 -0.078725154224350294 -0.00069944533002375131 -0.04819453606317832 0.00029636374636994313 -0.038053144728298127 -0.026567701297057145 -0.0099235754975648405 0.00051924794894380182 -0.0059644753572190463 0.00013449903627691385 -0.0065911504404916332 -0.037726253703541129 -0.0044403969152505777 -0.046679956994347599 -0.010741358936569911 0.0025439491788915806 -0.23881268745223716 0.0031855280088725737 0.066887407437408716 -0.020011945407128764 0.029940697621593682 0.00041566007923341534 -0.010360083432924494 0.20360969036154089 -0.072564586551789087 0.0032156433109328478 -0.0088359887615081078 0.085800081912337067 -0.10184988437104599
leaf_weight=12258 117 1689 2902 1381 1548 3921 7209 3612 269 1190 10867 432 3281 9591 94 1295 17196 1480 162636 5200 7295 12876 2895 356 183 5850 5705 4954 4981 2966
leaf_count=12258 117 1689 2902 1381 1548 3921 7209 3612 269 1190 10867 432 3281 9591 94 1295 17196 1480 162636 5200 7295 12876 2895 356 183 5850 5705 4954 4981 2966
internal_value=-0.0022275 0.0011157 -0.0388817 -0.000779643 -0.00754437 -0.00979094 -0.0148785 -0.0204453 -0.0332002 0.013174 0.0460251 0.024108 0.000196657 -0.044018 0.0329903 0.000215539 -0.00366757 -0.0115377 0.000745387 0.00556685 -0.00814245 0.00572002 0.0132606 0.0193943 -0.0112245 0.000261875 -0.00509303 -0.0148676 0.000624623 0.000385261
internal_weight=296229 271478 24751 260494 33399 30135 19965 12756 3881 3264 10984 2074 10170 21849 1642 227095 27266 10070 199829 6889 8775 17691 4815 3434 539 182138 11555 8875 170583 165602
internal_count=296229 271478 24751 260494 33399 30135 19965 12756 3881 3264 10984 2074 10170 21849 1642 227095 27266 10070 199829 6889 8775 17691 4815 3434 539 182138 11555 8875 170583 165602
cat_boundaries=0 3 5 7 9 12 15 17 19 21 24
cat_threshold=33587330 1077936128 2 2147483648 1049088 16793616 807403520 16793600 268435456 33587200 0 2 604316672 33636859 1 134217728 278784 16 2097152 67109888 65618 1343041604 235018257 12
is_linear=0
shrinkage=0.05


Tree=101
num_leaves=31
num_cat=11
split_feature=17 17 0 17 6 8 0 6 8 5 17 0 17 0 17 6 6 17 0 17 0 17 17 5 6 9 5 5 12 17
split_gain=14568.2 9216.67 1954.48 602.138 662.8 814.052 442.325 506.95 422.915 288.875 309.753 263.956 251.606 238.663 228.52 185.546 176.342 368.234 349.933 187.214 189.405 167.399 161.184 159.38 274.511 207.559 128.767 119.061 116.991 209.572
threshold=0 1 7.5000000000000009 2 18.500000000000004 23.500000000000004 7.5000000000000009 10.500000000000002 23.500000000000004 21.250000000000004 3 7.5000000000000009 4 14.000000000000002 5 15.500000000000002 18.500000000000004 6 7.5000000000000009 7 7.5000000000000009 8 9 21.250000000000004 15.500000000000002 5.5000000000000009 26.250000000000004 23.750000000000004 63.500000000000007 10
decision_type=9 9 2 9 2 2 2 2 2 2 9 2 9 2 9 2 2 9 2 9 2 9 9 2 2 2 2 2 2 9
left_child=2 11 14 4 5 15 7 -7 -6 10 13 -2 -9 -10 26 21 19 18 -18 20 23 -3 -20 25 -25 -5 -1 -22 -21 -30
right_child=1 3 -4 16 8 6 -8 12 9 -11 -12 -13 -14 -15 -16 -17 17 -19 22 28 27 -23 -24 24 -26 -27 -28 -29 29 -31
leaf_value=-0.0042183770694880444 -0.015690780555280837 -0.072294447609911661 -0.0006644730635225305 -0.045784809260019405 -0.010941550757821794 -0.030145065631250079 -0.039569285014345645 -0.018360090826485376 0.00050501629900048253 -0.011704846257376202 -0.013687975460307512 0.00012777408446309479 -0.0052337617257254276 -0.025064312067940797 -0.0042183770694880444 -0.074592180704762701 -0.010875724346833371 0.0045448453455674276 -0.22687205307962532 0.0013889514499366485 -0.017836399517683434 0.066004868242771769 -0.019951922104292821 -0.0098420792612782474 0.2098146923176071 0.00039487707527174898 -0.0042183770694880444 0.11404255263836367 -0.074418099745357319 -0.0057748804559039973
leaf_weight=10447 117 1454 2902 515 1346 4058 6970 3779 2065 512 349 10867 4259 131 9591 2692 1431 15963 1480 181735 7441 5784 8392 488 348 2385 1811 4892 570 1455
leaf_count=10447 117 1454 2902 515 1346 4058 6970 3779 2065 512 349 10867 4259 131 9591 2692 1431 15963 1480 181735 7441 5784 8392 488 348 2385 1811 4892 570 1455
internal_value=-0.00216741 0.00118127 -0.0388817 -0.000711313 -0.00697866 -0.00972548 -0.0157715 -0.0215526 0.0110947 0.0213772 0.0282711 0.0460251 -0.0288256 0.0351315 -0.044018 0.00188318 0.000210695 -0.00356121 -0.0104614 0.00072537 0.005899 0.0060514 -0.00712115 0.0157655 -0.0034689 0.0213103 -0.0393055 0.00291494 0.000272623 -0.011679
internal_weight=296229 271478 24751 260494 33399 28996 19066 12096 4403 3057 2545 10984 8038 2196 21849 9930 227095 27266 11303 199829 16069 7238 9872 3736 836 2900 12258 12333 183760 2025
internal_count=296229 271478 24751 260494 33399 28996 19066 12096 4403 3057 2545 10984 8038 2196 21849 9930 227095 27266 11303 199829 16069 7238 9872 3736 836 2900 12258 12333 183760 2025
cat_boundaries=0 3 5 7 9 11 14 17 19 21 23 26
cat_threshold=33587330 1077936128 2 2147483648 1049088 16793616 807403520 16793600 268435456 16777216 538968064 33587200 0 2 604316736 33636859 1 0 278784 0 2097152 67109888 65618 1610616900 167776256 12
is_linear=0
shrinkage=0.05


Tree=102
num_leaves=31
num_cat=10
split_feature=17 17 0 17 0 0 17 6 6 6 17 8 5 17 17 12 17 5 0 1 6 8 5 6 15 7 12 17 17 8
split_gain=14602.6 9197.29 1954.48 550.432 265.495 263.956 228.52 182.625 167.867 222.173 321.381 225.991 189.33 172.143 164.827 145.885 205.705 128.767 118.36 136.677 222.354 168.172 204.597 177.583 117.953 109.178 244.953 183.843 179.692 186.572
threshold=0 1 7.5000000000000009 2 7.5000000000000009 7.5000000000000009 3 12.500000000000002 10.500000000000002 18.500000000000004 4 23.500000000000004 21.250000000000004 5 6 63.500000000000007 7 26.250000000000004 77.500000000000014 7.5000000000000009 18.500000000000004 23.500000000000004 21.250000000000004 15.500000000000002 15.000000000000002 4.5000000000000009 1.5000000000000002 8 9 25.500000000000004
decision_type=9 9 2 9 2 2 9 2 2 2 9 2 2 9 9 2 9 2 2 2 2 2 2 2 2 2 2 9 9 2
left_child=2 5 6 4 8 -2 17 -6 24 13 11 -11 -13 -10 18 25 -17 -1 19 20 21 -5 -23 -24 -3 26 27 -16 29 -27
right_child=1 3 -4 14 7 -7 -8 -9 9 10 -12 12 -14 -15 15 16 -18 -19 -20 -21 -22 22 23 -25 -26 28 -28 -29 -30 -31
leaf_value=-0.0040074582160136265 -0.014906241527516784 -0.034921881458380225 -0.00063124941034637956 -0.043495568797018436 0.082281783327363911 0.00012138538023993562 -0.0040074582160136265 -0.039438570240617921 -0.07145862805700097 -0.034239008580416286 -0.013003576687292151 0.0004909096941791536 -0.018327388460777572 -0.0092200879732031726 -0.00052911912292921139 -0.035605537255856981 0.0056640660316052754 -0.0040074582160136265 0.36084423182507736 0.0044288715901384277 -0.0068588466574437401 0.00037513322150815046 -0.0093499752982143299 0.14830178616142442 0.0079371735970389604 -0.0010374380466669831 0.0024172958868487362 -0.090136424193921982 -0.0040523833390631479 -0.011683666018615479
leaf_weight=10447 117 3347 2902 1457 2702 10867 9591 6671 3248 165 351 514 62 2619 4531 1209 1184 1811 1975 18061 292 3012 355 188 347 4629 141842 4809 51627 5297
leaf_count=10447 117 3347 2902 1457 2702 10867 9591 6671 3248 165 351 514 62 2619 4531 1209 1184 1811 1975 18061 292 3012 355 188 347 4629 141842 4809 51627 5297
internal_value=-0.0021242 0.00122842 -0.0388817 -0.000662178 -0.00862448 0.0460251 -0.044018 -0.0024912 -0.0140289 -0.0186018 0.00210623 0.0207057 0.0357639 -0.0224561 1.24752e-06 -0.000448084 -0.0127246 -0.0393055 0.0038146 0.0028226 0.00987934 0.0123504 0.0182138 -0.0100368 -0.00541419 -0.00031001 0.000412748 -0.00743041 -0.00208519 -0.00824275
internal_weight=296229 271478 24751 260494 20026 10984 21849 9373 10653 6959 1092 741 576 5867 240468 215128 2393 12258 25340 23365 5304 5012 3555 543 3694 212735 151182 9340 61553 9926
internal_count=296229 271478 24751 260494 20026 10984 21849 9373 10653 6959 1092 741 576 5867 240468 215128 2393 12258 25340 23365 5304 5012 3555 543 3694 212735 151182 9340 61553 9926
cat_boundaries=0 3 5 7 10 11 13 15 18 21 23
cat_threshold=33587330 1077936128 2 2147483648 1049088 16400 538968064 33587200 0 2 16384 0 538968064 402653184 278784 1628771396 503322624 12 1686963264 2282234970 1 17563648 301989890
is_linear=0
shrinkage=0.05


Tree=103
num_leaves=31
num_cat=8
split_feature=17 17 0 17 0 0 17 6 6 6 17 8 5 17 17 5 12 17 15 2 1 6 8 5 6 6 0 8 5 8
split_gain=14629.9 9181.87 1954.48 546.193 268.686 263.956 228.52 169.457 166.407 220.941 321.381 225.991 189.33 174.662 154.664 128.767 124.812 170.275 117.953 110.633 137.723 222.354 164.96 209.143 171.352 105.797 93.099 166.044 86.5281 95.7401
threshold=0 1 7.5000000000000009 2 7.5000000000000009 7.5000000000000009 3 12.500000000000002 10.500000000000002 18.500000000000004 4 23.500000000000004 21.250000000000004 5 6 26.250000000000004 58.500000000000007 7 15.000000000000002 77.500000000000014 7.5000000000000009 18.500000000000004 23.500000000000004 21.250000000000004 15.500000000000002 15.500000000000002 14.000000000000002 23.500000000000004 36.250000000000007 21.500000000000004
decision_type=9 9 2 9 2 2 9 2 2 2 9 2 2 9 9 2 2 9 2 2 2 2 2 2 2 2 2 2 2 2
left_child=2 5 6 4 8 -2 15 -6 18 13 11 -11 -13 -10 19 -1 28 -18 -3 20 21 22 25 -24 -25 -5 -4 -28 29 -16
right_child=1 3 26 14 7 -7 -8 -9 9 10 -12 12 -14 -15 16 -17 17 -19 -20 -21 -22 -23 23 24 -26 -27 27 -29 -30 -31
leaf_value=-0.0038070853052129651 -0.014160929451140936 -0.033175787385461231 0.0083131805703429151 -0.046610302154009679 0.078167694160995727 0.00011531611122794772 -0.0038070853052129651 -0.037466641728587026 -0.067885696654150923 -0.032527058151395498 -0.01235339785292755 0.00046636420947021584 -0.017411019037738697 -0.0087590835745430251 0.013140011655883034 -0.0038070853052129651 -0.032541648392024405 0.0011751728093584381 0.007540314917187008 0.36224078669051285 0.0043733350539326924 -0.0065159043245715427 0.00035637656043272517 -0.0088824765333036289 0.14088669685335317 0.12054772494723301 -0.14682585166869719 0.031452990248590405 0.07245164458557643 -0.0012126821778122743
leaf_weight=10447 117 3347 1777 1226 2702 10867 9591 6671 3248 165 351 514 62 2619 42755 1811 6745 6892 347 1901 18135 292 3012 355 188 231 573 552 4463 154273
leaf_count=10447 117 3347 1777 1226 2702 10867 9591 6671 3248 165 351 514 62 2619 42755 1811 6745 6892 347 1901 18135 292 3012 355 188 231 573 552 4463 154273
internal_value=-0.00208977 0.00126599 -0.0388817 -0.000623023 -0.0085546 0.0460251 -0.044018 -0.00238451 -0.0139914 -0.0185443 0.00210623 0.0207057 0.0357639 -0.0223879 3.78413e-05 -0.0393055 -0.000397419 -0.00502677 -0.00541419 0.00373176 0.00279235 0.00987934 0.0123504 0.0181575 -0.0104052 -0.00181881 -0.00034459 -0.0116 -8.41229e-05 -0.000240067
internal_weight=296229 271478 24751 260494 20026 10984 21849 9373 10653 6959 1092 741 576 5867 240468 12258 215128 13637 3694 25340 23439 5304 5012 3555 543 1457 2902 1125 201491 197028
internal_count=296229 271478 24751 260494 20026 10984 21849 9373 10653 6959 1092 741 576 5867 240468 12258 215128 13637 3694 25340 23439 5304 5012 3555 543 1457 2902 1125 201491 197028
cat_boundaries=0 3 5 7 10 11 13 15 18
cat_threshold=33587330 1077936128 2 2147483648 1049088 16400 538968064 33587200 0 2 16384 0 538968064 402653184 278784 18690052 503453745 4
is_linear=0
shrinkage=0.05


Tree=104
num_leaves=31
num_cat=13
split_feature=17 17 0 17 0 0 17 6 6 17 8 5 17 6 17 5 7 7 6 17 17 8 6 17 17 17 12 8 17 8
split_gain=14681.3 9182.78 1899.36 530.862 275.887 263.956 228.52 168.105 220.634 321.381 225.991 189.33 175.295 156.432 135.298 128.767 119.987 155.105 237.417 179.864 167.041 167.114 266.232 217.727 152.795 138.976 132.443 130.541 180.304 148.881
threshold=0 1 7.5000000000000009 2 7.5000000000000009 7.5000000000000009 3 10.500000000000002 18.500000000000004 4 23.500000000000004 21.250000000000004 5 12.500000000000002 6 26.250000000000004 1.0000000180025095e-35 4.5000000000000009 10.500000000000002 7 8 25.500000000000004 18.500000000000004 9 10 11 5.5000000000000009 29.500000000000004 12 24.500000000000004
decision_type=9 9 2 9 2 2 9 2 2 9 2 2 9 2 9 2 2 2 2 9 9 2 2 9 9 9 2 2 9 2
left_child=2 5 6 4 7 -2 15 -3 12 10 -10 -12 -9 -6 -5 -1 24 18 19 26 21 -19 23 -23 -16 -24 -18 29 -29 -20
right_child=1 3 -4 14 13 -7 -8 8 9 -11 11 -13 -14 -15 16 -17 17 20 27 -21 -22 22 25 -25 -26 -27 -28 28 -30 -31
leaf_value=-0.0036167310399523259 -0.01345288297858387 -0.012245687301688069 -0.00087651894798721494 0.00090918268962791871 0.074259309452945926 0.00010955030566659474 -0.0036167310399523259 -0.064491411821443384 -0.03090070524382571 -0.011735727960281174 0.00044304599899671617 -0.016540468085851769 -0.0083211293958158628 -0.035593309642157678 -0.02818656746418571 -0.0036167310399523259 -0.0086794105978754039 -0.00092493203544301576 0.00717859480270624 0.0073112084992331466 -0.0034963573402961414 -0.0043816355664205719 0.00090111215392281181 -0.084818833366321303 -0.00076840777012154859 -0.0053938857806962396 0.132026393082257 -0.0092926498920200117 0.052484830866068415 -0.008912146323573289
leaf_weight=10447 117 3694 2902 23703 2702 10867 9591 3248 165 351 514 62 2619 6671 13310 1811 2361 4629 40092 11494 52203 1549 393 3072 19005 283 9401 9200 14254 35519
leaf_count=10447 117 3694 2902 23703 2702 10867 9591 3248 165 351 514 62 2619 6671 13310 1811 2361 4629 40092 11494 52203 1549 393 3072 19005 283 9401 9200 14254 35519
internal_value=-0.00209787 0.00126378 -0.0389544 -0.000625326 -0.0084448 0.0460251 -0.044018 -0.0139538 -0.01853 0.00210623 0.0207057 0.0357639 -0.0223709 -0.00219247 2.61978e-05 -0.0393055 -0.000366048 0.000126321 0.00115965 0.00570605 -0.00190813 -0.00785024 -0.013923 -0.0182103 -0.00317654 0.0153846 0.0100493 9.23636e-05 0.00335124 -0.000918517
internal_weight=296229 271478 24751 260494 20026 10984 21849 10653 6959 1092 741 576 5867 9373 240468 12258 216765 184450 122321 23256 62129 9926 5297 4621 32315 676 11762 99065 23454 75611
internal_count=296229 271478 24751 260494 20026 10984 21849 10653 6959 1092 741 576 5867 9373 240468 12258 216765 184450 122321 23256 62129 9926 5297 4621 32315 676 11762 99065 23454 75611
cat_boundaries=0 3 5 7 10 11 13 15 18 20 22 25 27 30
cat_threshold=33587330 1077936128 2 2147483648 1049088 16400 538968064 33587200 0 2 16384 0 538968064 268435456 278784 1098985540 503515296 13 17563648 301989890 16777216 268435456 1753223428 369297409 4 16777216 268435456 1075322944 2366120994 8
is_linear=0
shrinkage=0.05


Tree=105
num_leaves=31
num_cat=9
split_feature=17 17 0 17 0 0 17 6 6 8 5 17 5 6 17 5 17 2 1 6 5 8 6 8 5 15 17 6 6 17
split_gain=14674.9 9179.76 1911.54 555.828 322.64 263.956 228.52 227.87 238.149 300.493 196.359 172.892 157.75 141.545 130.185 128.767 112.066 107.323 115.611 214.323 168.132 253.125 111.443 118.615 107.007 126.128 101.763 84.2777 115.872 129.66
threshold=0 1 7.5000000000000009 2 7.5000000000000009 7.5000000000000009 3 10.500000000000002 18.500000000000004 24.500000000000004 21.250000000000004 4 21.250000000000004 12.500000000000002 5 26.250000000000004 6 77.500000000000014 7.5000000000000009 18.500000000000004 21.250000000000004 23.500000000000004 15.500000000000002 26.500000000000004 12.750000000000002 15.000000000000002 7 10.500000000000002 15.500000000000002 8
decision_type=9 9 2 9 2 2 9 2 2 2 2 9 2 2 9 2 9 2 2 2 2 2 2 2 2 2 9 2 2 9
left_child=2 5 6 4 7 -2 15 24 10 -10 16 12 26 -6 17 -1 -9 18 19 20 21 -5 23 -22 25 -3 -11 -23 29 -29
right_child=1 3 -4 14 13 -7 -8 8 9 11 -12 -13 -14 -15 -16 -17 -18 -19 -20 -21 22 27 -24 -25 -26 -27 -28 28 -30 -31
leaf_value=-0.0034358944879547162 -0.01278023882965469 -0.059561258493046769 -0.00083269300058788078 -0.039035734383948431 0.065789509871883353 0.00010407279038329165 -0.0034358944879547162 -0.017056709654434243 -0.019241436012363701 0.00042089369904689815 -0.035237012011530892 -0.011363704920216745 -0.015714135413853737 -0.025777782502497449 -0.00049688511054677418 -0.0034358944879547162 -0.0079050729260250925 0.34408328822150624 0.0041750119573347177 -0.0062355682428243409 -0.0084838118411198604 0.0053195316498913852 0.18299909355928287 -0.0084838118411198604 0.081708849641478398 0.0077755835364120788 0.00018104022708991254 0.00029309859792969739 0.0091741434834563765 0.00054820254081948687
leaf_weight=10447 117 2549 2902 792 3460 10867 9591 3580 615 451 1437 159 79 9049 208961 1811 2254 1901 18135 292 617 791 364 227 1748 334 478 954 755 512
leaf_count=10447 117 2549 2902 792 3460 10867 9591 3580 615 451 1437 159 79 9049 208961 1811 2254 1901 18135 292 617 791 364 227 1748 334 478 954 755 512
internal_value=-0.00208977 0.00127114 -0.0389382 -0.000617649 -0.00752395 0.0460251 -0.044018 -0.0128325 -0.0174473 -0.00106622 -0.021462 0.0138389 0.0214145 -0.00172276 0.000154709 -0.0393055 -0.0255399 0.00353846 0.00261317 0.00910633 0.0115323 0.016693 -0.00471854 -0.0146919 -0.00381127 -0.00972945 0.027395 0.0233068 0.0282981 0.0364939
internal_weight=296229 271478 24751 260494 26193 10984 21849 13684 9053 1782 7271 1167 1008 12509 234301 12258 5834 25340 23439 5304 5012 3804 1208 844 4631 2883 929 3012 2221 1466
internal_count=296229 271478 24751 260494 26193 10984 21849 13684 9053 1782 7271 1167 1008 12509 234301 12258 5834 25340 23439 5304 5012 3804 1208 844 4631 2883 929 3012 2221 1466
cat_boundaries=0 3 5 7 10 11 13 15 16 18
cat_threshold=33587330 1077936128 2 2147483648 1049088 16793616 538968064 33587200 0 2 16793600 402653184 278784 16777216 538968064 16384 0 256
is_linear=0
shrinkage=0.05


Tree=106
num_leaves=31
num_cat=9
split_feature=17 17 0 17 0 0 17 6 6 8 17 5 5 5 6 3 17 6 17 5 15 17 0 5 8 6 17 0 8 12
split_gain=14687.6 9172.66 1911.54 524.182 304.055 263.956 228.52 206.305 314.172 322.11 275.406 196.359 190.124 128.767 127.944 126.313 112.066 106.173 288.697 104.678 126.128 101.436 152.781 159.063 251.614 190.868 96.5309 94.8319 93.1591 90.6048
threshold=0 1 7.5000000000000009 2 7.5000000000000009 7.5000000000000009 3 10.500000000000002 18.500000000000004 23.500000000000004 4 21.250000000000004 21.250000000000004 26.250000000000004 12.500000000000002 112.50000000000001 5 20.500000000000004 6 12.750000000000002 15.000000000000002 7 7.5000000000000009 21.250000000000004 23.500000000000004 18.500000000000004 8 7.5000000000000009 24.500000000000004 63.500000000000007
decision_type=9 9 2 9 2 2 9 2 2 2 9 2 2 2 2 2 9 2 9 2 2 9 2 2 2 2 9 2 2 2
left_child=2 5 6 4 7 -2 13 19 11 -10 12 16 26 -1 -6 17 -9 21 -19 20 -3 22 23 24 -5 -26 -11 -20 -25 -23
right_child=1 3 -4 15 14 -7 -8 8 9 10 -12 -13 -14 -15 -16 -17 -18 18 27 -21 -22 29 -24 28 25 -27 -28 -29 -30 -31
leaf_value=-0.0032640997635569936 -0.012141226888171942 -0.056583195568394418 -0.00079105835055850451 -0.039392931981515569 0.062500034378289146 9.8869150864100419e-05 -0.0032640997635569936 -0.01620387417171254 -0.026491881080215097 0.00039984901409453324 -0.010795519674205912 -0.03347516141095435 -0.01943673335906082 -0.0032640997635569936 -0.024488893377372548 0.86135546528678053 -0.0075098192797238283 0.003086623607056316 -0.014997403081433403 0.077623407159404509 0.0073868043595914923 -0.0001486946029972458 0.011007111590558073 0.058196019824323833 0.00027844366803320142 -0.0059237898306831131 0.00035255112567726958 -0.049704431220533918 -0.0080596212490638749 -0.024580527681327569
leaf_weight=10447 117 2549 2902 766 3460 10867 9591 3580 411 514 221 1437 89 1811 9049 567 2254 1018 802 1748 334 190513 31555 723 2964 147 547 2637 461 2148
leaf_count=10447 117 2549 2902 766 3460 10867 9591 3580 411 514 221 1437 89 1811 9049 567 2254 1018 802 1748 334 190513 31555 723 2964 147 547 2637 461 2148
internal_value=-0.0020739 0.00128845 -0.0389382 -0.000599607 -0.00730642 0.0460251 -0.044018 -0.0124598 -0.0168508 0.00196409 0.0136032 -0.021462 0.0233621 -0.0393055 -0.00167479 0.000150441 -0.0255399 9.32684e-05 -0.00754992 -0.00387605 -0.00972945 0.000241847 0.00265385 0.0107192 0.0156177 0.0219383 0.0294533 -0.0144535 -0.00532095 -0.000216691
internal_weight=296229 271478 24751 260494 26193 10984 21849 13684 9053 1782 1371 7271 1150 12258 12509 234301 5834 233734 4457 4631 2883 229277 36616 5061 3877 3111 1061 3439 1184 192661
internal_count=296229 271478 24751 260494 26193 10984 21849 13684 9053 1782 1371 7271 1150 12258 12509 234301 5834 233734 4457 4631 2883 229277 36616 5061 3877 3111 1061 3439 1184 192661
cat_boundaries=0 3 5 7 10 11 13 16 18 19
cat_threshold=33587330 1077936128 2 2147483648 1049088 16793616 538968064 33587200 0 2 16793600 16777216 538968064 268501056 2415919104 9 402653184 280840 16384
is_linear=0
shrinkage=0.05


Tree=107
num_leaves=31
num_cat=12
split_feature=17 17 0 17 0 17 14 16 3 17 5 6 12 5 0 17 17 8 5 17 3 6 17 6 17 8 8 17 17 6
split_gain=14695.9 9167.98 1911.54 524.627 263.956 228.52 227.073 257.999 269.806 137.445 183.067 186.194 135.06 128.767 127.325 251.614 151.953 127.238 134.445 249.336 116.891 115.15 179.761 114.31 362.723 194.997 125.482 210.4 132.797 122.232
threshold=0 1 7.5000000000000009 2 7.5000000000000009 3 539.75512500000002 180.08532500000004 7.5000000000000009 4 16.250000000000004 10.500000000000002 53.500000000000007 26.250000000000004 14.000000000000002 5 6 23.500000000000004 21.250000000000004 7 112.50000000000001 18.500000000000004 8 16.500000000000004 9 28.500000000000004 23.500000000000004 10 11 14.500000000000002
decision_type=9 9 2 9 2 9 2 2 2 9 2 2 2 2 2 9 9 2 2 9 2 2 9 2 9 2 2 9 9 2
left_child=2 4 5 6 -2 13 7 12 -9 10 -5 -12 -3 -1 16 -16 17 -11 19 -19 21 -17 -23 26 -25 -26 28 -28 -13 -29
right_child=1 3 -4 9 -6 -7 -8 8 -10 14 11 23 -14 -15 15 20 -18 18 -20 -21 -22 22 -24 24 25 -27 27 29 -30 -31
leaf_value=-0.0031008947753791375 -0.011534165543763342 -0.0073378903089292187 -0.00075150543303061925 -0.0085753813899045912 9.3925693320873199e-05 -0.0031008947753791375 0.00037985656338981324 -0.025269358648321118 -0.017714717622157216 -0.0044052279319995785 0.1056818737590012 0.069461686093382546 -0.045040916487162665 -0.0031008947753791375 -0.048019985302993319 0.0093656629688514854 -0.0087980455615209504 0.00026452148463151914 -0.006826617210167152 0.005204979299533008 0.81828769202244167 -0.13933883423319871 -0.0020322814158947543 -0.042634375271093372 -0.014765340882632573 0.049881946227358399 0.060817939837287054 -0.025069240333301313 -0.0027497904162659737 0.019730877865756249
leaf_weight=10447 117 8239 2902 38108 10867 9591 2478 1752 791 6622 3991 8955 891 1811 5524 100410 5123 3979 2242 13615 566 3073 8606 3112 9959 4194 3465 11960 8055 4784
leaf_count=10447 117 8239 2902 38108 10867 9591 2478 1752 791 6622 3991 8955 891 1811 5524 100410 5123 3979 2242 13615 566 3073 8606 3112 9959 4194 3465 11960 8055 4784
internal_value=-0.00206344 0.00129987 -0.0389382 -0.000587707 0.0460251 -0.044018 -0.00994633 -0.0128716 -0.0269564 -4.97254e-05 -0.0015203 0.000236853 -0.00894852 -0.0393055 0.000898711 0.000145119 0.00371901 0.00524407 0.00724945 0.00871888 0.000656371 0.00054198 -0.00415703 -0.00052676 -0.00388937 -0.000483655 0.00103307 -0.00163046 0.00419753 -0.0039513
internal_weight=296229 271478 24751 260494 10984 21849 14151 11673 2543 246343 96583 58475 9130 12258 149760 118179 31581 26458 19836 17594 112655 112089 11679 54484 17265 14153 37219 20209 17010 16744
internal_count=296229 271478 24751 260494 10984 21849 14151 11673 2543 246343 96583 58475 9130 12258 149760 118179 31581 26458 19836 17594 112655 112089 11679 54484 17265 14153 37219 20209 17010 16744
cat_boundaries=0 3 5 7 10 12 14 17 19 22 24 26 28
cat_threshold=33587330 1077936128 2 2147483648 1049088 16400 2097152 33587200 0 2 1628176640 906691602 0 2164261120 143720512 2164283712 9 134217728 320 67183680 72 1 16777216 536936448 536870912 65538 17563648 838991888
is_linear=0
shrinkage=0.05


Tree=108
num_leaves=31
num_cat=11
split_feature=17 17 0 17 0 6 2 6 17 14 17 16 5 6 17 12 17 14 7 12 17 12 17 8 8 17 6 8 17 8
split_gain=14809.2 9099.7 1920.7 506.285 263.956 229.741 235.905 273.336 228.52 205.407 174.015 137.356 128.767 127.885 339.569 158.155 228.67 157.489 121.701 202.991 147.643 122.158 145.812 156.639 131.851 143.043 117.838 115.987 124.803 111.777
threshold=0 1 7.5000000000000009 2 7.5000000000000009 18.500000000000004 7.5000000000000009 10.500000000000002 3 519.85937500000011 4 210.0079666666667 26.250000000000004 17.500000000000004 5 58.500000000000007 6 629.53089166666689 4.5000000000000009 5.5000000000000009 7 2.5000000000000004 8 23.500000000000004 26.500000000000004 9 10.500000000000002 19.500000000000004 10 23.500000000000004
decision_type=9 9 2 9 2 2 2 2 9 2 9 2 2 2 9 2 9 2 2 2 9 2 9 2 2 9 2 2 9 2
left_child=2 4 8 5 -2 6 7 -3 12 11 -5 -9 -1 15 -15 17 -17 18 19 -12 -21 24 23 -23 -20 -26 -19 28 -22 -7
right_child=1 3 -4 10 -6 29 -8 9 -10 -11 13 -13 -14 14 -16 16 -18 26 21 20 27 22 -24 -25 25 -27 -28 -29 -30 -31
leaf_value=-0.002945850036610187 -0.010957457266575155 -0.016203385683860684 -0.00071393016137912826 0.00047997887929485117 8.922940865483398e-05 -0.018757061768795415 -0.007726413250942899 -0.024005890715905046 -0.002945850036610187 -0.0077423451672273382 -0.014677832337072205 -0.024005890715905046 -0.002945850036610187 -0.039415666156853484 -0.0031098976099962709 -0.084310436244283971 0.0039066394397920595 0.22322153922065091 0.07356457189075237 0.049771368081241191 0.14102896778176746 -0.0012669122832807745 -0.0062467773456149622 -0.071145710307007989 -0.13367449833713793 0.015470426609713962 0.046815769018444357 0.0056259843651735421 -0.063303721196714416 0.00036086373522032923
leaf_weight=10447 117 2965 2902 32546 10867 399 4518 2879 9591 1040 25319 1262 1811 4524 35573 5399 5658 1367 4838 40333 375 3749 28465 6372 1282 2279 3444 41427 3393 1088
leaf_count=10447 117 2965 2902 32546 10867 399 4518 2879 9591 1040 25319 1262 1811 4524 35573 5399 5658 1367 4838 40333 375 3749 28465 6372 1282 2279 3444 41427 3393 1088
internal_value=-0.0019095 0.00146673 -0.0389261 -0.000413813 0.0460251 -0.00960737 -0.0117972 -0.0168795 -0.044018 -0.0238081 0.000114673 -0.0287974 -0.0393055 -0.000403869 -0.0029491 0.00018365 -0.00560279 0.000577031 0.000305388 0.00120932 0.00237349 -0.00182718 -0.00301664 -0.008168 0.00363734 -0.0036647 0.00948867 0.000410353 -0.00798832 0.00897781
internal_weight=296229 271478 24751 260494 10984 14151 12664 8146 21849 5181 246343 4141 12258 213797 40097 173700 11057 162643 157832 110847 85528 46985 38586 10121 8399 3561 4811 45195 3768 1487
internal_count=296229 271478 24751 260494 10984 14151 12664 8146 21849 5181 246343 4141 12258 213797 40097 173700 11057 162643 157832 110847 85528 46985 38586 10121 8399 3561 4811 45195 3768 1487
cat_boundaries=0 3 5 7 10 12 14 17 20 22 24 26
cat_threshold=33587330 1077936128 2 2147483648 1049088 16400 2097152 33587200 0 2 402653184 268714240 603979776 536936512 1091383300 771885105 12 25769216 587270376 1 1091305472 637665410 1636042048 134286339 64 16
is_linear=0
shrinkage=0.05


Tree=109
num_leaves=31
num_cat=11
split_feature=17 17 0 17 0 17 6 2 6 14 17 16 5 12 17 6 17 14 8 0 17 5 7 12 17 8 17 8 17 8
split_gain=14810.3 9095.78 1926.82 499.628 263.956 228.52 227.998 242.137 272.782 205.008 173.038 137.839 128.767 115.286 177.976 137.163 310.283 139.666 111.777 123.144 163.507 173.398 109.35 183.363 202.772 124.275 234.504 231.86 275.458 234.691
threshold=0 1 7.5000000000000009 2 7.5000000000000009 3 18.500000000000004 7.5000000000000009 10.500000000000002 519.85937500000011 4 210.0079666666667 26.250000000000004 58.500000000000007 5 17.500000000000004 6 629.53089166666689 23.500000000000004 14.000000000000002 7 21.250000000000004 4.5000000000000009 3.5000000000000004 8 19.500000000000004 9 23.500000000000004 10 29.500000000000004
decision_type=9 9 2 9 2 9 2 2 2 2 9 2 2 2 9 2 9 2 2 2 9 2 2 2 9 2 9 2 9 2
left_child=2 4 5 6 -2 12 7 8 -3 11 -5 -10 -1 15 -15 17 -17 22 -8 20 21 -20 23 24 -12 26 -25 28 -27 -29
right_child=1 3 -4 10 -6 -7 18 -9 9 -11 13 -13 -14 14 -16 16 -18 -19 19 -21 -22 -23 -24 25 -26 27 -28 29 -30 -31
leaf_value=-0.0027985575347796669 -0.010409584403246398 -0.015393216399667642 -0.00067823365331021179 0.00045597993533013086 8.4767938222096717e-05 -0.0027985575347796669 -0.017819208680355646 -0.0073400925883957639 -0.022805596180109779 -0.007355227908865958 -0.073465651411704691 -0.022805596180109779 -0.0027985575347796669 -0.064528214504322182 -0.0067049343724879147 -0.038471287880647555 -0.0031566412753581299 0.090080593489122063 0.00080711006892153492 -0.021291376847176968 -0.0038630112108637427 -0.013992937257843919 -0.009143624391629945 0.064160551600247834 0.0096659571910119105 0.14259285334064487 -0.074702382645673818 -0.012121374356519478 0.011349155697350712 0.030158999494867979
leaf_weight=10447 117 2965 2902 32546 10867 9591 399 4518 2879 1040 7107 1262 1811 2801 10731 4289 33333 4811 613 195 173 107 46985 2679 7831 13698 4493 32546 14356 28137
leaf_count=10447 117 2965 2902 32546 10867 9591 399 4518 2879 1040 7107 1262 1811 2801 10731 4289 33333 4811 613 195 173 107 46985 2679 7831 13698 4493 32546 14356 28137
internal_value=-0.00190005 0.00147631 -0.0389181 -0.000403833 0.0460251 -0.044018 -0.00953676 -0.0117183 -0.0168672 -0.0237888 0.000121168 -0.0287732 -0.0393055 -0.000395918 -0.00486255 -9.41253e-05 -0.00281484 0.000535221 0.00897781 0.0172794 0.02514 0.0353425 0.000279411 0.00113625 -0.0040166 0.00193882 -0.00439208 0.0024505 0.00620945 0.00071272
internal_weight=296229 271478 24751 260494 10984 21849 14151 12664 8146 5181 246343 4141 12258 213797 13532 200265 37622 162643 1487 1088 893 720 157832 110847 14938 95909 7172 88737 28054 60683
internal_count=296229 271478 24751 260494 10984 21849 14151 12664 8146 5181 246343 4141 12258 213797 13532 200265 37622 162643 1487 1088 893 720 157832 110847 14938 95909 7172 88737 28054 60683
cat_boundaries=0 3 5 7 10 12 14 16 17 20 23 26
cat_threshold=33587330 1077936128 2 2147483648 1049088 16400 2097152 33587200 0 2 402653184 268714240 17563648 704774145 603979776 536936512 16384 17838340 587406376 12 17375296 570431608 8 1090859332 704776200 5
is_linear=0
shrinkage=0.05


Tree=110
num_leaves=31
num_cat=9
split_feature=17 17 0 17 0 6 2 6 17 14 17 16 5 8 17 0 5 0 2 13 15 6 17 12 17 14 17 0 13 13
split_gain=14815.9 9092.63 1926.82 496.652 263.956 230.446 240.903 271.123 228.52 203.814 171.13 139.292 128.767 113.109 124.356 175.916 168.731 103.84 128.898 112.947 103.653 102.461 338.286 139.044 209.659 118.597 118.398 154.481 104.704 228.795
threshold=0 1 7.5000000000000009 2 7.5000000000000009 18.500000000000004 7.5000000000000009 10.500000000000002 3 519.85937500000011 4 210.0079666666667 26.250000000000004 23.500000000000004 5 14.000000000000002 21.250000000000004 7.5000000000000009 77.500000000000014 7.5000000000000009 15.000000000000002 17.500000000000004 6 58.500000000000007 7 629.53089166666689 8 7.5000000000000009 23.500000000000004 29.500000000000004
decision_type=9 9 2 9 2 2 2 2 9 2 9 2 2 2 9 2 2 2 2 2 2 2 9 2 9 2 9 2 2 2
left_child=2 4 8 5 -2 6 7 20 12 11 17 -9 -1 -7 15 16 -15 19 -19 -5 -3 23 -23 25 -25 28 -24 -28 -12 -30
right_child=1 3 -4 10 -6 13 -8 9 -10 -11 21 -13 -14 14 -16 -17 -18 18 -20 -21 -22 22 26 24 -26 -27 27 -29 29 -31
leaf_value=-0.0026586296580406901 -0.0098891051830840571 -0.017653291157024943 -0.000644321970644679 0.0010559214892695401 8.0529541310969682e-05 -0.016928248246337853 -0.006973087958975977 -0.021665316371104294 -0.0026586296580406901 -0.0069874665134226806 0.0051819736711465232 -0.021665316371104294 -0.0026586296580406901 0.00076675456547548038 -0.0036698606503205336 -0.020047774583534041 -0.01329329039495173 0.0020915700313236308 0.30640242368101628 0.00020449746966875182 0.0089641887612347936 -0.035546757961720132 0.001470230356545832 -0.078488777971615159 0.0040465541864268323 0.085576563814666079 -0.0093988105170554007 -0.014460555370754458 -0.042717544490919003 0.0056348108768675687
leaf_weight=10447 117 2662 2902 2983 10867 399 4518 2879 9591 1040 120791 1262 1811 613 262 106 107 21227 1901 6435 303 4524 15285 5399 5658 4811 1658 18630 15416 21625
leaf_count=10447 117 2662 2902 2983 10867 399 4518 2879 9591 1040 120791 1262 1811 613 262 106 107 21227 1901 6435 303 4524 15285 5399 5658 4811 1658 18630 15416 21625
internal_value=-0.00189296 0.00148404 -0.0389181 -0.000395771 0.0460251 -0.00950145 -0.0116946 -0.0168303 -0.044018 -0.0237309 0.000127662 -0.0287008 -0.0393055 0.00911231 0.0174632 0.0267943 0.0359722 0.00350473 0.00170356 0.00793162 -0.00477234 -0.000386564 -0.00266479 0.000139321 -0.00528624 0.000508168 -0.00102437 -0.00352744 0.000272442 -0.00205313
internal_weight=296229 271478 24751 260494 10984 14151 12664 8146 21849 5181 246343 4141 12258 1487 1088 826 720 32546 23128 9418 2965 213797 40097 173700 11057 162643 35573 20288 157832 37041
internal_count=296229 271478 24751 260494 10984 14151 12664 8146 21849 5181 246343 4141 12258 1487 1088 826 720 32546 23128 9418 2965 213797 40097 173700 11057 162643 35573 20288 157832 37041
cat_boundaries=0 3 5 7 10 12 13 15 18 21
cat_threshold=33587330 1077936128 2 2147483648 1049088 16400 2097152 33587200 0 2 402653184 268714240 16384 603979776 536936512 1091383300 771885105 12 1090519044 2215252992 12
is_linear=0
shrinkage=0.05


Tree=111
num_leaves=31
num_cat=9
split_feature=17 17 0 17 0 6 2 6 17 14 17 16 5 8 17 0 5 0 0 13 15 6 17 7 11 12 17 8 17 7
split_gain=14808.7 9086.76 1945.24 486.017 263.956 249.671 241.975 270.571 228.52 203.416 160.396 139.778 128.767 111.838 131.164 182.348 134.151 106.477 118.714 114.144 103.653 98.7525 330.275 121.158 237.07 144.746 180.54 230.424 141.237 134.102
threshold=0 1 7.5000000000000009 2 7.5000000000000009 18.500000000000004 7.5000000000000009 10.500000000000002 3 519.85937500000011 4 210.0079666666667 26.250000000000004 23.500000000000004 5 14.000000000000002 23.750000000000004 7.5000000000000009 112.50000000000001 7.5000000000000009 15.000000000000002 17.500000000000004 6 4.5000000000000009 1.0000000180025095e-35 2.5000000000000004 7 23.500000000000004 8 5.5000000000000009
decision_type=9 9 2 9 2 2 2 2 9 2 9 2 2 2 9 2 2 2 2 2 2 2 9 2 2 2 9 2 9 2
left_child=2 4 8 5 -2 6 7 20 12 11 17 -9 -1 -7 15 16 -15 19 -19 -5 -3 23 -23 24 -12 -25 27 -27 -26 -29
right_child=1 3 -4 10 -6 13 -8 9 -10 -11 21 -13 -14 14 -16 -17 -18 18 -20 -21 -22 22 -24 25 28 26 -28 29 -30 -31
leaf_value=-0.0025256981751386577 -0.0093946499239298664 -0.016770626599173701 -0.00061210587211242291 0.0010031254148060499 7.6503064245425639e-05 -0.016081835834020942 -0.0066244335610271994 -0.020582050552549094 -0.0025256981751386577 -0.0066380931877515264 0.011079696865918899 -0.020582050552549094 -0.0025256981751386577 0.00072841683720170636 -0.00348636761780452 -0.019045385854357333 -0.012628625875204148 0.0040659231651508426 1.0481483019886682 0.00019427259618529647 0.0085159793231730507 -0.033769420063634217 -0.0023489939048007002 0.02789315649823898 -0.083917214683529195 0.0050603775292157316 -0.00606648735138613 -0.116060481845342 -0.00061846557936746655 -0.025253835652718416
leaf_weight=10447 117 2662 2902 2983 10867 399 4518 2879 9591 1040 111465 1262 1811 627 262 106 93 22616 512 6435 303 4524 35573 8549 6096 4136 29515 3414 7153 3372
leaf_count=10447 117 2662 2902 2983 10867 399 4518 2879 9591 1040 111465 1262 1811 627 262 106 93 22616 512 6435 303 4524 35573 8549 6096 4136 29515 3414 7153 3372
internal_value=-0.00187777 0.00149841 -0.0388938 -0.0003808 0.0460251 -0.00938846 -0.0116709 -0.0168181 -0.044018 -0.0237116 0.000136999 -0.0286766 -0.0393055 0.00998655 0.0182904 0.0278708 0.0372222 0.00340644 0.0015825 0.00788915 -0.00477234 -0.000360839 -0.00259745 0.00015544 0.000983049 -0.00195158 -0.00320128 -0.00869008 -0.00534003 -0.0143678
internal_weight=296229 271478 24751 260494 10984 14151 12664 8146 21849 5181 246343 4141 12258 1487 1088 826 720 32546 23128 9418 2965 213797 40097 173700 124714 48986 40437 10922 13249 6786
internal_count=296229 271478 24751 260494 10984 14151 12664 8146 21849 5181 246343 4141 12258 1487 1088 826 720 32546 23128 9418 2965 213797 40097 173700 124714 48986 40437 10922 13249 6786
cat_boundaries=0 3 5 7 10 12 13 15 17 20
cat_threshold=33587330 1077936128 2 2147483648 1049088 16400 2097152 33587200 0 2 402653184 268714240 16384 603979776 536936512 1091305472 637665298 1619792900 570628098 12
is_linear=0
shrinkage=0.05


Tree=112
num_leaves=31
num_cat=10
split_feature=17 17 0 17 0 6 2 16 17 14 17 5 8 17 0 5 0 13 3 6 17 8 17 17 13 6 12 7 6 17
split_gain=14823 9078.79 1945.24 466.317 263.956 246.137 233.975 278.296 228.52 161.873 152.605 128.767 112.504 131.932 177.483 134.151 109.35 114.444 110.067 92.6428 319.119 117.297 446.701 404.769 190.674 169.879 141.079 142.655 130.581 317.548
threshold=0 1 7.5000000000000009 2 7.5000000000000009 18.500000000000004 7.5000000000000009 170.09460833333335 3 530.03001666666671 4 26.250000000000004 23.500000000000004 5 14.000000000000002 23.750000000000004 7.5000000000000009 7.5000000000000009 122.50000000000001 17.500000000000004 6 23.500000000000004 7 8 11.500000000000002 14.500000000000002 63.500000000000007 2.5000000000000004 14.500000000000002 9
decision_type=9 9 2 9 2 2 2 2 9 2 9 2 2 9 2 2 2 2 2 2 9 2 9 9 2 2 2 2 2 9
left_child=2 4 8 5 -2 6 7 -3 11 -9 16 -1 -7 14 15 -14 17 -5 -18 21 -21 22 25 26 -24 -12 27 -23 29 -25
right_child=1 3 -4 10 -6 12 -8 9 -10 -11 19 -13 13 -15 -16 -17 18 -19 -20 20 -22 23 24 28 -26 -27 -28 -29 -30 -31
leaf_value=-0.0023994132663817339 -0.0089249174277333584 -0.0068522642972667748 -0.00058150057850676624 0.00095296914406572952 7.2677911033114381e-05 -0.015277744042319874 -0.0062932118829758243 -0.019552948024921649 -0.0023994132663817339 -0.006306188528363954 0.10900565878957594 -0.0023994132663817339 0.00069199599534162113 -0.0033120492369143051 -0.018093116561639457 -0.011997194581443927 0.0044493287278669419 0.00018455896637603608 1.9480798521030651 -0.032080949060452467 -0.0022315442095606655 -0.0085895854368573058 0.0058062306024920579 0.26840651775748192 -0.045225712661815187 0.011836021433761612 -0.058767841800442748 -0.047992693563068123 0.017504399419223392 -0.0031568203987696998
leaf_weight=10447 117 5782 2902 2983 10867 399 4518 1797 9591 567 17872 1811 627 262 106 93 22893 6435 235 4524 35573 18481 21550 2003 11094 8656 707 23139 22996 47202
leaf_count=10447 117 5782 2902 2983 10867 399 4518 1797 9591 567 17872 1811 627 262 106 93 22893 6435 235 4524 35573 18481 21550 2003 11094 8656 707 23139 22996 47202
internal_value=-0.00185988 0.00151793 -0.0388938 -0.000360455 0.0460251 -0.00918367 -0.0114498 -0.0165112 -0.044018 -0.0309645 0.000146741 -0.0393055 0.0100538 0.0183824 0.0279904 0.0372222 0.00333579 0.00787853 0.00148737 -0.000338857 -0.00250517 0.000161197 0.00196884 -0.000772737 -0.00194769 0.00678649 -0.00465432 -0.00427919 0.00150323 4.97917e-05
internal_weight=296229 271478 24751 260494 10984 14151 12664 8146 21849 2364 246343 12258 1487 1088 826 720 32546 9418 23128 213797 40097 173700 59172 114528 32644 26528 42327 41620 72201 49205
internal_count=296229 271478 24751 260494 10984 14151 12664 8146 21849 2364 246343 12258 1487 1088 826 720 32546 9418 23128 213797 40097 173700 59172 114528 32644 26528 42327 41620 72201 49205
cat_boundaries=0 3 5 7 10 12 13 15 18 21 23
cat_threshold=33587330 1077936128 2 2147483648 1049088 16400 2097152 33587200 0 2 402653184 268714240 16384 603979776 536936512 1091383360 704776216 1 1091317828 704774160 8 0 65536
is_linear=0
shrinkage=0.05


Tree=113
num_leaves=31
num_cat=9
split_feature=17 17 0 17 0 6 17 2 6 14 16 17 5 0 13 8 17 0 5 0 17 0 5 14 6 6 17 17 0 7
split_gain=14848.7 9057.92 1957.56 417.334 263.956 234.442 228.52 207.101 255.181 187.915 145.825 143.497 128.767 112.779 114.444 110.694 131.932 177.483 134.151 108.129 107.865 92.2008 167.187 91.2586 89.6222 88.2834 298.269 120.176 157.306 102.871
threshold=0 1 7.5000000000000009 2 7.5000000000000009 18.500000000000004 3 7.5000000000000009 10.500000000000002 480.04562500000009 210.0079666666667 4 26.250000000000004 7.5000000000000009 7.5000000000000009 23.500000000000004 5 14.000000000000002 23.750000000000004 122.50000000000001 6 14.000000000000002 28.750000000000004 1089.8111916666669 9.5000000000000018 17.500000000000004 7 8 7.5000000000000009 4.5000000000000009
decision_type=9 9 2 9 2 2 9 2 2 2 2 9 2 2 2 2 9 2 2 2 9 2 2 2 2 2 9 9 2 2
left_child=2 4 6 5 -2 7 12 8 20 10 -10 13 -1 14 23 -7 17 18 -17 -15 -3 -4 24 -5 -23 29 -27 -28 -29 -13
right_child=1 3 21 11 -6 15 -8 -9 9 -11 -12 25 -14 19 -16 16 -18 -19 -20 -21 -22 22 -24 -25 -26 26 27 28 -30 -31
leaf_value=-0.0022794426030626536 -0.0084786715563466963 0.0084327935718777614 0.0082216149402315249 0.00091480340067935379 6.9044015481445348e-05 -0.014513856840203898 -0.0022794426030626536 -0.0059785512888270503 -0.018575300623675562 -0.0059908791019457567 -0.018575300623675562 0.005231226177767479 -0.0022794426030626536 0.0040617283198865822 0.00017533101805722318 0.00065739619557452227 -0.0031464467750685898 -0.017188460733557464 -0.01139733485237171 1.8456243388197451 -0.070054418907581933 -0.016456743062065817 -0.11762529887589804 -0.005611384825250143 0.048359375826071638 -0.030476901607429864 0.0016257457444366352 -0.0086998430854845488 -0.013508500696498693 -0.0078902211971048075
leaf_weight=10447 117 1940 1777 2865 10867 399 9591 4518 2742 1316 1123 124714 1811 22862 6435 627 262 106 93 266 1025 95 487 118 543 4524 15285 1658 18630 48986
leaf_count=10447 117 1940 1777 2865 10867 399 9591 4518 2742 1316 1123 124714 1811 22862 6435 627 262 106 93 266 1025 95 487 118 543 4524 15285 1658 18630 48986
internal_value=-0.00181161 0.00156913 -0.0388777 -0.000307097 0.0460251 -0.00865405 -0.044018 -0.0108654 -0.0156273 -0.0223219 -0.0278784 0.00017272 -0.0393055 0.00326514 0.00787853 0.010121 0.0183824 0.0279904 0.0372222 0.00138793 -0.00392917 -0.000310131 -0.0115111 0.0159739 0.00532915 -0.000298166 -0.0024129 -0.000872608 -0.00339442 0.000189983
internal_weight=296229 271478 24751 260494 10984 14151 21849 12664 8146 5181 3865 246343 12258 32546 9418 1487 1088 826 720 23128 2965 2902 1125 2983 638 213797 40097 35573 20288 173700
internal_count=296229 271478 24751 260494 10984 14151 21849 12664 8146 5181 3865 246343 12258 32546 9418 1487 1088 826 720 23128 2965 2902 1125 2983 638 213797 40097 35573 20288 173700
cat_boundaries=0 3 5 7 10 12 13 14 16 19
cat_threshold=33587330 1077936128 2 2147483648 1049088 16400 2097152 33587200 0 2 402653184 268714240 16384 16400 603979776 536936512 1090519044 2215252992 12
is_linear=0
shrinkage=0.05


Tree=114
num_leaves=31
num_cat=13
split_feature=17 17 0 17 0 17 14 16 16 17 3 5 6 8 17 3 17 8 17 17 9 12 12 12 17 6 17 17 17 6
split_gain=15043 8958.97 1942.16 300.924 263.956 228.52 187.413 192.355 150.082 280.009 134.937 128.767 117.979 130.776 130.59 111.946 107.845 106.906 313.417 191.603 182.37 167.819 152.957 137.139 126.197 125.304 137.61 114.076 111.752 201.494
threshold=0 1 7.5000000000000009 2 7.5000000000000009 3 519.85937500000011 170.09460833333335 170.0229166666667 4 7.5000000000000009 26.250000000000004 15.500000000000002 22.500000000000004 5 7.5000000000000009 6 21.500000000000004 7 8 5.5000000000000009 3.5000000000000004 16.500000000000004 16.500000000000004 9 13.500000000000002 10 11 12 15.500000000000002
decision_type=9 9 2 9 2 9 2 2 2 9 2 2 2 2 9 2 9 2 9 9 2 2 2 2 9 2 9 9 9 2
left_child=2 4 5 6 -2 11 7 -3 17 10 12 -1 13 -10 -15 -9 -12 18 21 -19 24 -5 25 -20 -21 26 -23 -27 29 -22
right_child=1 3 -4 8 -6 -7 -8 15 9 -11 16 -13 -14 14 -16 -17 -18 19 23 20 28 22 -24 -25 -26 27 -28 -29 -30 -31
leaf_value=-0.0021654704729095367 -0.0080547379785293593 -0.022785083892879143 -0.0001001727684076581 -0.029309905529005142 6.5591814707399718e-05 -0.0021654704729095367 0.037667638224995241 -0.051980988983234555 -0.034978770612320888 0.00025050524297300927 -0.02435564071048715 -0.0021654704729095367 0.00034507313242371218 0.00054287407689455056 -0.040826094320841881 -0.015528926267140575 0.088069471340779165 -0.014732866215405949 -0.00067598653121443426 -0.070275229887926255 0.0049416758665180366 0.0477530240359096 0.01194580680621078 -0.056582617232610932 -0.016095736085372538 0.11512294515813082 0.3125647581365022 -0.013908327881240502 0.00021122782047453548 -0.0057255573566261653
leaf_weight=10447 117 4856 2902 3712 10867 9591 1553 1064 154 28530 1686 1811 1644 993 153 272 4287 51716 15562 2942 13871 2922 5782 5022 7905 2383 4280 2891 90554 5760
leaf_count=10447 117 4856 2902 3712 10867 9591 1553 1064 154 28530 1686 1811 1644 993 153 272 4287 51716 15562 2942 13871 2922 5782 5022 7905 2383 4280 2891 90554 5760
internal_value=-0.00159015 0.0018126 -0.0388979 -5.33581e-05 0.0460251 -0.044018 -0.009755 -0.0136628 0.000244304 0.00316581 0.0108939 -0.0393055 0.0196671 0.0309231 0.0367365 -0.0304641 0.00658798 -0.000263815 0.00198101 -0.000816797 0.000271806 0.00613285 0.00810604 -0.00245217 -0.00591408 0.0112215 0.0155096 0.00536595 0.000880791 0.00429968
internal_weight=296229 271478 24751 260494 10984 21849 7745 6192 252749 37447 8917 12258 2944 1300 1146 1336 5973 215302 42554 172748 121032 21970 18258 20584 10847 12476 7202 5274 110185 19631
internal_count=296229 271478 24751 260494 10984 21849 7745 6192 252749 37447 8917 12258 2944 1300 1146 1336 5973 215302 42554 172748 121032 21970 18258 20584 10847 12476 7202 5274 110185 19631
cat_boundaries=0 3 5 7 10 12 14 16 18 20 22 24 26 28
cat_threshold=33587330 1077936128 2 2147483648 1049088 16 2097152 33587200 0 2 1409376256 786707 16384 256 16384 256 286879812 990271512 1075601472 571080722 16777216 2214667585 270073860 419434496 1577028 956565504 201326592 2147574016
is_linear=0
shrinkage=0.05


Tree=115
num_leaves=31
num_cat=9
split_feature=17 17 0 0 17 17 14 16 16 17 5 17 3 0 17 17 15 5 8 6 3 7 17 13 14 5 13 7 7 10
split_gain=14929.7 9021.33 1942.16 263.956 261.201 228.52 170.975 199.38 131.634 217.318 128.767 125.742 111.895 96.8475 195.226 194.682 90.1053 102.745 87.1949 85.7044 94.0553 83.539 102.094 95.3537 92.516 79.5905 80.2958 78.3851 140.941 187.557
threshold=0 1 7.5000000000000009 7.5000000000000009 2 3 519.85937500000011 170.09460833333335 170.0229166666667 4 26.250000000000004 5 7.5000000000000009 14.000000000000002 6 7 25.000000000000004 8.7500000000000018 22.500000000000004 16.500000000000004 42.500000000000007 1.0000000180025095e-35 8 5.5000000000000009 130.05130833333337 16.250000000000004 31.500000000000004 4.5000000000000009 5.5000000000000009 1.0000000180025095e-35
decision_type=9 9 2 2 9 9 2 2 2 9 2 9 2 2 9 9 2 2 2 2 2 2 9 2 2 2 2 2 2 2
left_child=2 3 5 -2 6 10 7 16 11 -10 -1 27 -9 14 -11 19 -3 -18 -4 20 -15 22 23 -13 -23 -16 -27 -6 29 -29
right_child=1 4 18 -5 8 -7 -8 12 9 13 -12 21 -14 15 25 -17 17 -19 -20 -21 -22 24 -24 -25 -26 26 -28 28 -30 -31
leaf_value=-0.002057196949264073 -0.0076520010796028888 -0.050542570419834121 -0.018992817445711907 6.2312223972060823e-05 -0.0013057823241986899 -0.002057196949264073 0.035784256313745468 -0.049381939534072841 0.0010360843106215877 -0.11178295134216705 -0.002057196949264073 -0.16544407588901358 -0.014752479953783527 -0.050332302995784332 0.00090872638911352341 0.015844511107198402 0.0091504080879278426 -0.0086106890574643383 0.0097353064941442472 -0.080982088341890135 0.1526249986930992 0.020077848953519606 0.00093063015136343188 -0.031498237223551322 0.000137837525575657 0.00013942076330963893 0.036672625531805017 -0.045128073196347179 -8.0519326171524244e-05 0.10547837664193144
leaf_weight=10447 117 4417 1147 10867 47878 9591 1553 1064 5853 1077 1811 1457 272 2393 5486 13181 168 271 1755 2676 843 34655 12452 8148 90542 5463 475 9623 9854 693
leaf_count=10447 117 4417 1147 10867 47878 9591 1553 1064 5853 1077 1811 1457 272 2393 5486 13181 168 271 1755 2676 843 34655 12452 8148 90542 5463 475 9623 9854 693
internal_value=-0.00173092 0.00165901 -0.0388979 0.0460251 -0.000213432 -0.044018 -0.0092521 -0.0129845 6.38949e-05 0.00279996 -0.0393055 -0.000411979 -0.0300898 0.00115808 0.00457963 -0.00108155 -0.00827842 0.0133257 -0.000482426 -0.00861196 -0.00315204 0.000409469 -0.0024278 -0.00629745 0.000909367 0.00649816 0.00249242 -0.00218931 -0.00480416 -0.0088891
internal_weight=296229 271478 24751 10984 260494 21849 7745 6192 252749 37447 12258 215302 1336 31594 12501 19093 4856 439 2902 5912 3236 147254 22057 9605 125197 11424 5938 68048 20170 10316
internal_count=296229 271478 24751 10984 260494 21849 7745 6192 252749 37447 12258 215302 1336 31594 12501 19093 4856 439 2902 5912 3236 147254 22057 9605 125197 11424 5938 68048 20170 10316
cat_boundaries=0 3 5 7 10 12 14 17 20 23
cat_threshold=33587330 1077936128 2 2147483648 1049088 16 2097152 33587200 0 2 1140940800 786450 1746681856 638059794 805568516 131104 4 16777216 2952875264 9 8393028 215201 4
is_linear=0
shrinkage=0.05


Tree=116
num_leaves=31
num_cat=12
split_feature=17 17 0 0 17 17 6 3 5 0 16 14 17 17 0 6 17 17 5 8 5 6 17 16 17 17 17 0 5 6
split_gain=14909.5 9001.27 2001.02 263.956 228.52 215.552 153.883 157.176 128.767 100.259 88.9562 88.7933 202.962 118.791 178.102 320.447 239.47 235.868 336.592 209.294 149.074 139.984 333.828 178.581 196.265 109.695 109.069 105.228 104.587 102.818
threshold=0 1 7.5000000000000009 7.5000000000000009 2 3 16.500000000000004 7.5000000000000009 26.250000000000004 127.50000000000001 120.03351666666667 79.970550000000017 4 5 14.000000000000002 18.500000000000004 6 7 21.250000000000004 23.500000000000004 10.750000000000002 15.500000000000002 8 180.08532500000004 9 10 11 7.5000000000000009 6.2500000000000009 20.500000000000004
decision_type=9 9 2 2 9 9 2 2 2 2 2 2 9 9 2 2 9 9 2 2 2 2 9 2 9 9 9 2 2 2
left_child=2 3 4 -2 8 6 7 10 -1 11 -3 12 -7 14 15 21 -16 -17 19 26 25 23 -23 -13 -25 -15 27 -19 -14 -22
right_child=1 5 -4 -5 -6 9 -8 -9 -10 -11 -12 13 28 20 16 17 -18 18 -20 -21 29 22 -24 24 -26 -27 -28 -29 -30 -31
leaf_value=-0.001954337101800885 -0.0072694010256227244 -0.061000163937655484 0.00054999808130249404 5.9196612773426693e-05 -0.001954337101800885 0.041388162814412516 0.038695279239636275 -0.01289036565183972 -0.001954337101800885 1.7488878440961877 -0.050303012446963405 0.00040684844937557421 -0.040046410707221904 0.0033142478347179872 -0.036610516132292138 0.00083856813230038802 0.0084929148635096048 -0.022859066013293419 -0.0055836059632698113 0.0014264588127760104 -0.0013496291554464968 0.035501538067303516 -0.0031705686942977485 0.00046392615751873479 0.00091766940646071944 -0.027212487374357597 0.0053503547726195151 0.018377742908531804 0.0027808087704205954 -0.029309812294687543
leaf_weight=10447 117 1981 2902 10867 9591 15269 1322 1633 1811 239 996 11422 5461 1160 7654 1821 42116 179 552 2239 132067 1190 4418 548 3092 12510 189 65 10695 1676
leaf_count=10447 117 1981 2902 10867 9591 15269 1322 1633 1811 239 996 11422 5461 1160 7654 1821 42116 179 552 2239 132067 1190 4418 548 3092 12510 189 65 10695 1676
internal_value=-0.00167928 0.00170836 -0.0388211 0.0460251 -0.044018 -0.000161994 -0.0095759 -0.0139046 -0.0393055 5.7744e-05 -0.0207424 2.73275e-05 0.00251551 -0.000323466 0.00128949 0.00466848 -0.000456098 0.0159663 0.0240569 0.0314746 -0.00114941 0.00191098 -0.00483238 0.00442172 0.0140659 -0.0061229 -0.00034642 -0.0220472 -0.00139181 -0.000641155
internal_weight=296229 271478 24751 10984 21849 260494 5932 4610 12258 254562 2977 254323 31425 222898 75485 25715 49770 5045 3224 2672 147413 20670 5608 15062 3640 13670 433 244 16156 133743
internal_count=296229 271478 24751 10984 21849 260494 5932 4610 12258 254562 2977 254323 31425 222898 75485 25715 49770 5045 3224 2672 147413 20670 5608 15062 3640 13670 433 244 16156 133743
cat_boundaries=0 3 5 8 10 13 16 18 20 22 23 25 26
cat_threshold=33587330 1077936128 2 2147483648 1049088 33587200 0 2 0 2097152 1074082900 403069416 1 494944256 2432985096 8 16793600 2432696320 0 2164285440 478150656 16785408 16384 16 69633 16793600
is_linear=0
shrinkage=0.05


Tree=117
num_leaves=31
num_cat=13
split_feature=17 17 0 0 17 17 6 3 5 16 17 3 17 0 17 8 17 13 6 17 12 5 8 17 17 0 17 9 6 17
split_gain=14987.4 8958.38 2001.02 263.956 228.52 218.294 152.85 157.079 128.767 97.0182 271.183 117.937 107.416 100.358 127.117 99.4511 285.641 141.83 147.573 140.163 139.488 134.085 139.633 259.456 150.294 157.914 142.994 153.204 138.133 247.26
threshold=0 1 7.5000000000000009 7.5000000000000009 2 3 16.500000000000004 7.5000000000000009 26.250000000000004 189.90453333333338 4 7.5000000000000009 5 14.000000000000002 6 21.500000000000004 7 11.500000000000002 13.500000000000002 8 16.500000000000004 33.750000000000007 29.500000000000004 9 10 27.500000000000004 11 5.5000000000000009 14.500000000000002 12
decision_type=9 9 2 2 9 9 2 2 2 2 9 2 9 2 9 2 9 2 2 9 2 2 2 9 9 2 9 2 2 9
left_child=2 3 4 -2 8 6 7 -3 -1 15 11 -11 -12 14 -14 16 17 18 19 -7 -18 22 24 -24 28 26 -26 -28 -17 -30
right_child=1 5 -4 -5 -6 9 -8 -9 -10 10 12 -13 13 -15 -16 21 20 -19 -20 -21 -22 -23 23 -25 25 -27 27 -29 29 -31
leaf_value=-0.0018566202467108273 -0.0069059309743416016 -0.048355603591553865 0.0005224981772373738 5.6236782134710955e-05 -0.0018566202467108273 0.4091725472117389 0.036760515277654449 -0.01224584736924772 -0.0018566202467108273 0.00044072984964280696 -0.012510907708854102 0.03729739669599761 -0.11859983070325747 -0.020090767879745553 0.00087178593613770341 -0.011972312488177917 0.0014847511207904064 0.013254626163486362 0.033866978381589252 0.087423998339049194 -0.053786859521455059 0.08305748579011106 -0.0062965364141902569 0.021705312198883855 -0.0017832322933704515 -0.036113241731013893 -0.037393973824910276 0.0059620975881932384 -0.11120657396787728 -0.014111924639999884
leaf_weight=10447 117 2977 2902 10867 9591 2545 1322 1633 1811 3096 721 9615 688 11989 7903 21107 16798 10333 5200 3438 5408 5144 18415 33079 30542 35308 1707 15888 2179 13459
leaf_count=10447 117 2977 2902 10867 9591 2545 1322 1633 1811 3096 721 9615 688 11989 7903 21107 16798 10333 5200 3438 5408 5144 18415 33079 30542 35308 1707 15888 2179 13459
internal_value=-0.00158239 0.00181408 -0.0388211 0.0460251 -0.044018 -5.18226e-05 -0.00952541 -0.0138395 -0.0393055 0.000169304 0.00265495 0.00843094 -0.000795364 -0.000126275 0.00399837 -0.00021401 0.00192123 0.00602527 0.00993025 0.015285 -0.00205708 -0.000741964 -0.000980289 0.0011982 -0.00191364 -0.00073992 0.00112284 0.00471173 -0.00457761 -0.00814043
internal_weight=296229 271478 24751 10984 21849 260494 5932 4610 12258 254562 34012 12711 21301 20580 8591 220550 43722 21516 11183 5983 22206 176828 171684 51494 120190 83445 48137 17595 36745 15638
internal_count=296229 271478 24751 10984 21849 260494 5932 4610 12258 254562 34012 12711 21301 20580 8591 220550 43722 21516 11183 5983 22206 176828 171684 51494 120190 83445 48137 17595 36745 15638
cat_boundaries=0 3 5 8 10 12 15 18 20 22 25 27 30 32
cat_threshold=33587330 1077936128 2 2147483648 1049088 33587200 0 2 0 2097152 2080465156 67903891 16 0 1 262144 131104 4 285831236 990271544 28736 537282560 1225269312 2550792626 8 1612006400 570622992 285737284 486822019 4 0 536936448
is_linear=0
shrinkage=0.05


Tree=118
num_leaves=31
num_cat=15
split_feature=17 17 0 0 17 17 2 14 5 16 0 6 5 17 12 17 17 17 13 17 16 17 5 17 6 17 14 17 17 17
split_gain=14954.5 8976.45 2001.02 263.956 228.684 228.52 137.852 147.214 128.767 98.6992 92.2161 78.0459 217.096 235.154 141.86 126.024 113.32 94.6745 92.0217 128.321 94.4203 126.257 114.403 238.941 109.796 155.473 99.579 118.203 95.5707 88.4699
threshold=0 1 7.5000000000000009 7.5000000000000009 2 3 7.5000000000000009 519.85937500000011 26.250000000000004 170.0229166666667 127.50000000000001 9.5000000000000018 10.750000000000002 4 17.500000000000004 5 6 7 36.500000000000007 8 169.89063333333334 9 12.750000000000002 10 18.500000000000004 11 140.07360833333334 12 13 14
decision_type=9 9 2 2 9 9 2 2 2 2 2 2 2 9 2 9 9 9 2 9 2 9 2 9 2 9 2 9 9 9
left_child=2 3 5 -2 6 8 7 9 -1 -3 11 12 13 29 17 -13 -16 -14 20 -20 22 -22 23 -17 28 -26 27 -24 -25 -6
right_child=1 4 -4 -5 10 -7 -8 -9 -10 -11 -12 15 14 -15 16 18 -18 -19 19 -21 21 -23 26 24 25 -27 -28 -29 -30 -31
leaf_value=-0.0017637892343752794 -0.0065606344256245123 -0.054668184984245638 0.00049637326837554958 5.342494302800205e-05 0.0063253746634011959 -0.0017637892343752794 -0.00033251936988438758 0.037042124571897976 -0.0017637892343752794 -0.042876485172412965 1.659578582056578 -0.011885362323411376 0.069981820818178705 -0.027994669820951581 0.13160584214400012 -0.06530415397337988 -0.052024155572187605 0.25752369945674586 -0.0051026995369123362 0.15660184434641844 0.00043997957571249028 -0.0013305830940912866 0.04844555639036266 -0.042968694836103265 -0.0036898887793694437 0.0044985435122181896 -0.0029846473326847092 -0.00032466516277316341 0.0048723572000451305 0.029806732893814216
leaf_weight=10447 117 2226 2902 10867 1593 9591 2258 777 1811 671 239 1234 1687 11527 988 7896 1224 1858 1805 2087 18407 19137 13688 1462 897 992 136208 19402 3522 8709
leaf_count=10447 117 2226 2902 10867 1593 9591 2258 777 1811 671 239 1234 1687 11527 988 7896 1224 1858 1805 2087 18407 19137 13688 1462 897 992 136208 19402 3522 8709
internal_value=-0.00162324 0.00176951 -0.0388211 0.0460251 -9.8271e-05 -0.044018 -0.00979468 -0.0157866 -0.0393055 -0.02097 0.000128058 9.889e-05 0.00261002 0.000332127 0.0112472 -0.000206627 0.00131103 0.0174471 -0.000119062 0.00750257 -0.000252921 0.00203228 -0.000719032 -0.0049394 0.00188145 0.0121493 -0.000350861 0.0021094 -0.00200642 0.00581846
internal_weight=296229 271478 24751 10984 260494 21849 5932 3674 12258 2897 254562 254323 27586 21829 5757 226737 2212 3545 225503 3892 221611 37544 184067 14769 6873 1889 169298 33090 4984 10302
internal_count=296229 271478 24751 10984 260494 21849 5932 3674 12258 2897 254562 254323 27586 21829 5757 226737 2212 3545 225503 3892 221611 37544 184067 14769 6873 1889 169298 33090 4984 10302
cat_boundaries=0 3 5 7 10 13 14 17 20 23 25 28 30 33 36 38
cat_threshold=33587330 1077936128 2 2147483648 1049088 0 2097152 33587200 0 2 1141191696 201738729 5 16 1636388864 805768368 13 613221376 2231972305 5 1678778692 2232030467 4 1955684612 336331219 1620903232 738872498 4 4100 16785736 1686659140 705317032 5 285233152 301989888 8 1073741840 256
is_linear=0
shrinkage=0.05


Tree=119
num_leaves=31
num_cat=13
split_feature=17 17 0 0 17 17 16 14 5 3 16 17 0 17 17 5 8 17 17 9 12 13 6 17 5 17 17 6 12 17
split_gain=14948 8984.97 1991.67 263.956 233.813 228.52 152.847 145.497 128.767 113.26 93.4947 129.971 95.549 153.15 122.392 98.3759 94.4699 253.393 142.169 124.487 121.157 119.197 129.347 150.187 117.095 152.48 108.355 101.034 100.349 99.1657
threshold=0 1 7.5000000000000009 7.5000000000000009 2 3 170.0229166666667 519.85937500000011 26.250000000000004 7.5000000000000009 169.89063333333334 4 14.000000000000002 5 6 12.750000000000002 21.500000000000004 7 8 5.5000000000000009 20.500000000000004 11.500000000000002 13.500000000000002 9 26.250000000000004 10 11 15.500000000000002 20.500000000000004 12
decision_type=9 9 2 2 9 9 2 2 2 2 2 9 2 9 9 2 2 9 9 2 2 2 2 9 2 9 9 2 2 9
left_child=2 3 5 -2 6 8 -3 9 -1 -8 16 -12 14 -14 -13 -16 17 21 -18 26 -19 22 23 -6 -21 27 -20 -26 -28 -23
right_child=1 4 -4 -5 10 -7 7 -9 -10 -11 11 12 13 -15 15 -17 18 20 19 24 -22 29 -24 -25 25 -27 28 -29 -30 -31
leaf_value=-0.0016755997726565219 -0.0062326027043432932 -0.015202495122478066 0.00047155460495673651 5.0753695876615269e-05 0.01620031609774646 -0.0016755997726565219 -0.039836087496822707 -0.0073403629262946525 -0.0016755997726565219 -0.013344949788661431 0.00095893706684528905 -0.094574831520256808 -0.057107770494467053 0.011246015602092908 0.0017474366544957488 0.000191356579196178 -0.0080111534793076977 -0.0064874287562915363 -0.067478996167905869 0.00042575978027921125 -0.093669201564629878 0.054681254274633773 0.03026738401075604 0.30241691781387242 0.40734486302614886 0.031091540772664673 -0.059397935965606323 -0.0016716576995690958 0.026301030306510501 -0.016579881295919918
leaf_weight=10447 117 5751 2902 10867 2031 9591 1085 629 1811 280 6830 958 5445 13774 2184 9669 54960 19359 2567 95637 1608 3663 5108 3910 1113 9107 3696 437 4169 6524
leaf_count=10447 117 5751 2902 10867 2031 9591 1085 629 1811 280 6830 958 5445 13774 2184 9669 54960 19359 2567 95637 1608 3663 5108 3910 1113 9107 3696 437 4169 6524
internal_value=-0.00164349 0.00174851 -0.0388332 0.0460251 -0.000120152 -0.044018 -0.00867182 -0.0206118 -0.0393055 -0.0297802 0.00014223 0.00239835 0.00106117 -0.00116811 0.00440637 0.00579533 -0.000267662 0.00185176 -0.000788649 0.000198739 -0.00204748 0.0056999 0.00929948 0.0143158 0.000710294 0.00568171 -0.00501342 0.0201282 -0.00208889 0.00180132
internal_weight=296229 271478 24751 10984 260494 21849 7745 1994 12258 1365 252749 38860 32030 19219 12811 11853 213889 42203 171686 116726 20967 21236 11049 5941 106294 10657 10432 1550 7865 10187
internal_count=296229 271478 24751 10984 260494 21849 7745 1994 12258 1365 252749 38860 32030 19219 12811 11853 213889 42203 171686 116726 20967 21236 11049 5941 106294 10657 10432 1550 7865 10187
cat_boundaries=0 3 5 7 10 12 15 18 20 22 24 27 29 31
cat_threshold=33587330 1077936128 2 2147483648 1049088 16 2097152 33587200 0 2 1409376256 786451 16777216 2416004352 9 546045956 131072 4 1091137604 990271544 1075601472 571080978 1074331648 285216784 536870912 83968 4 16777216 2214667329 589888 805310488
is_linear=0
shrinkage=0.05


Tree=120
num_leaves=31
num_cat=10
split_feature=17 17 0 0 17 17 2 14 5 17 0 2 16 0 6 8 0 6 14 17 5 17 5 17 0 17 0 6 9 17
split_gain=15027.1 8941.51 1991.67 263.956 229.747 228.52 142.253 145.672 128.767 103.726 102.598 247.015 98.6992 84.3322 73.6524 72.7114 85.9398 72.3428 159.469 154.039 113.052 109.089 97.0367 155.947 104.703 153.673 138.39 103.045 293.797 247.773
threshold=0 1 7.5000000000000009 7.5000000000000009 2 3 7.5000000000000009 519.85937500000011 26.250000000000004 4 11.500000000000002 22.500000000000004 170.0229166666667 127.50000000000001 19.500000000000004 22.500000000000004 14.000000000000002 9.5000000000000018 629.53089166666689 5 14.500000000000002 6 16.250000000000004 7 14.000000000000002 8 7.5000000000000009 16.500000000000004 6.5000000000000009 9
decision_type=9 9 2 2 9 9 2 2 2 9 2 2 2 2 2 2 2 2 2 9 2 9 2 9 2 9 2 2 2 9
left_child=2 3 5 -2 6 8 7 12 -1 10 -6 14 -3 -13 -12 16 -4 18 19 -11 -21 -19 23 -23 26 -26 -25 -24 29 -29
right_child=1 4 15 -5 9 -7 -8 -9 -10 17 11 13 -14 -15 -16 -17 -18 21 -20 20 -22 22 27 24 25 -27 -28 28 -30 -31
leaf_value=-0.0015918197840236736 -0.0059209725691261378 -0.051174650978909414 -3.525345017916237e-05 4.8216011082757861e-05 0.00034874752503277762 -0.0015918197840236736 0.00044423135473374846 0.035950143099427033 -0.0015918197840236736 0.034622525671719022 -0.038967267769409286 0.035465196191348268 -0.038740856538951186 1.7424275445717379 -0.045635263474335247 0.0091465199628434132 -0.15838842492312361 -0.0092992898323996705 0.25048250984037124 -0.024188309476860861 0.076494368880882402 -0.034444291810737049 0.0079953965795715124 -0.00044307515432748804 -0.047697893471562218 0.0016138058373233123 0.018595522532705865 -0.064508531984861506 0.023402952411875511 -0.0026712251070433626
leaf_weight=10447 117 2226 776 10867 24624 9591 2258 777 1811 6909 6495 16031 671 220 636 1755 371 1234 1003 12421 2409 31652 88716 5687 3076 12177 6692 10707 11925 11948
leaf_count=10447 117 2226 776 10867 24624 9591 2258 777 1811 6909 6495 16031 671 220 636 1755 371 1234 1003 12421 2409 31652 88716 5687 3076 12177 6692 10707 11925 11948
internal_value=-0.00154526 0.0018557 -0.0388332 0.0460251 -8.44517e-06 -0.044018 -0.00972736 -0.0158138 -0.0393055 0.000218406 0.00231173 -5.98751e-05 -0.02097 0.00334441 -0.00781798 6.8918e-05 -0.00972101 -0.000268195 0.00239205 0.00149271 -0.0013814 -0.000597343 -0.000496741 -0.0021591 0.000586065 -0.00218646 0.00400275 0.000302524 -0.00201272 -0.00535643
internal_weight=296229 271478 24751 10984 260494 21849 5932 3674 12258 254562 48006 23382 2897 16251 7131 2902 1147 206556 22742 21739 14830 183814 182580 59284 27632 15253 12379 123296 34580 22655
internal_count=296229 271478 24751 10984 260494 21849 5932 3674 12258 254562 48006 23382 2897 16251 7131 2902 1147 206556 22742 21739 14830 183814 182580 59284 27632 15253 12379 123296 34580 22655
cat_boundaries=0 3 5 7 10 12 15 16 19 21 23
cat_threshold=33587330 1077936128 2 2147483648 1049088 0 2097152 33587200 0 2 268451840 2416198016 1073819664 134351936 5 16 1611478276 738330642 5 17825856 50336768 621093888 570628208
is_linear=0
shrinkage=0.05


Tree=121
num_leaves=31
num_cat=13
split_feature=17 17 0 0 17 17 16 14 5 3 17 0 17 5 5 8 17 8 17 6 12 9 17 7 7 17 17 17 17 13
split_gain=15003.4 8952.85 1994.78 263.956 249.875 228.52 147.599 145.497 128.767 113.26 96.1312 104.046 236.018 78.776 71.7292 75.4403 198.109 117.791 214.321 136.954 128.392 129.048 123.734 122.294 121.199 116.831 113.343 110.971 106.741 99.1736
threshold=0 1 7.5000000000000009 7.5000000000000009 2 3 170.0229166666667 519.85937500000011 26.250000000000004 7.5000000000000009 4 11.500000000000002 5 18.750000000000004 38.750000000000007 21.500000000000004 6 29.500000000000004 7 14.500000000000002 39.500000000000007 7.5000000000000009 8 1.0000000180025095e-35 4.5000000000000009 9 10 11 12 11.500000000000002
decision_type=9 9 2 2 9 9 2 2 2 2 9 2 9 2 2 2 9 2 9 2 2 2 9 2 2 9 9 9 9 2
left_child=2 3 5 -2 6 8 -3 9 -1 -8 11 -6 13 -13 15 16 -12 28 19 24 21 25 -21 -23 27 -20 -18 -19 -17 -28
right_child=1 4 -4 -5 10 -7 7 -9 -10 -11 14 12 -14 -15 -16 17 26 18 20 22 -22 23 -24 -25 -26 -27 29 -29 -30 -31
leaf_value=-0.0015122287948225123 -0.0056249239406698237 -0.013977405874734172 0.00057226950797399927 4.5805210528637735e-05 0.00033131014878113875 -0.0015122287948225123 -0.035907240295034004 -0.0065083802883599169 -0.0015122287948225123 -0.012212737807608322 -0.056982982252299808 -0.015934925829595593 -0.045599324120884611 0.064722605026811306 0.067937079912559997 -0.047721348633117479 0.098561199796918519 0.038054071030519589 0.040634982984312985 0.068139908950349867 0.050905118751836481 -0.038218156058109812 -0.0043218981996311356 0.033812280237579539 -0.094450522697284184 -0.10911676269852265 0.034984235956939093 -0.072300538967702013 -0.005219130802802497 -0.010734830822763186
leaf_weight=10447 117 5751 2902 10867 24624 9591 1085 629 1811 280 4215 7030 4823 11529 3831 6707 5631 2421 861 2571 14621 3054 4220 11482 2259 2090 17624 3063 105732 14361
leaf_count=10447 117 5751 2902 10867 24624 9591 1085 629 1811 280 4215 7030 4823 11529 3831 6707 5631 2421 861 2571 14621 3054 4220 11482 2259 2090 17624 3063 105732 14361
internal_value=-0.00157058 0.00182771 -0.0388292 0.0460251 -3.76194e-05 -0.044018 -0.00887814 -0.0206118 -0.0393055 -0.0297802 0.000233622 0.00224717 -0.000141134 0.0024207 -0.00023858 -0.000367823 0.0015216 -0.000864654 0.0012478 -0.0037885 0.00352762 0.000637617 0.00139155 0.00257292 -0.00833656 -0.00889529 0.00267368 -0.00432166 -0.00174094 0.00152055
internal_weight=296229 271478 24751 10984 260494 21849 7745 1994 12258 1365 252749 48006 23382 18559 204743 200912 41831 159081 46642 14534 32108 17487 6791 14536 7743 2951 37616 5484 112439 31985
internal_count=296229 271478 24751 10984 260494 21849 7745 1994 12258 1365 252749 48006 23382 18559 204743 200912 41831 159081 46642 14534 32108 17487 6791 14536 7743 2951 37616 5484 112439 31985
cat_boundaries=0 3 5 7 10 12 14 16 19 21 23 25 28 30
cat_threshold=33587330 1077936128 2 2147483648 1049088 16 2097152 33587200 0 2 268451840 2416198016 268435456 278656 738197504 65536 151527488 201457714 8 532480 67108882 536875012 602113 8256 536872976 16777216 134348832 8 262144 536870912
is_linear=0
shrinkage=0.05


Tree=122
num_leaves=31
num_cat=12
split_feature=17 17 0 0 17 17 2 14 5 16 0 17 17 8 13 14 5 6 17 17 14 8 17 16 17 17 17 12 6 14
split_gain=15012.4 8947.93 1994.78 263.956 228.52 223.44 145.249 144.848 128.767 99.5116 89.2855 392.248 311.556 122.347 104.756 99.6425 106.652 126.015 108.897 93.923 92.8451 90.6841 140.432 92.6045 144.805 77.0949 74.5895 71.961 66.1157 75.5965
threshold=0 1 7.5000000000000009 7.5000000000000009 2 3 7.5000000000000009 519.85937500000011 26.250000000000004 170.0229166666667 14.000000000000002 4 5 25.500000000000004 3.5000000000000004 70.022900000000021 18.750000000000004 10.500000000000002 6 7 169.90463333333335 31.500000000000004 8 79.848666666666688 9 10 11 51.500000000000007 9.5000000000000018 600.02704166666672
decision_type=9 9 2 2 9 9 2 2 2 2 2 9 9 2 2 2 2 2 9 9 2 2 9 2 9 9 9 2 2 2
left_child=2 3 4 -2 8 6 7 9 -1 27 11 14 13 -12 25 26 19 18 -18 -17 -16 23 -23 -19 -25 -7 -14 -3 29 -21
right_child=1 5 -4 -5 -6 10 -8 -9 -10 -11 12 -13 15 -15 20 16 17 21 -20 28 -22 22 -24 24 -26 -27 -28 -29 -30 -31
leaf_value=-0.0014366173550814044 -0.0053436777436363329 -0.041071837872869436 0.00054365603257533479 4.3514950002165879e-05 -0.0014366173550814044 0.008208484084582723 0.0011208900807337053 0.034851506238192352 -0.0014366173550814044 -0.035008451697251884 -0.024578108832621751 -0.0071175900657497243 0.11679658669923035 -0.052560579051336646 -8.1748293265526694e-05 0.0028106766932666006 0.15040883588263665 -0.012628942683375222 0.016504564605163096 0.0089063382024249915 0.00069517013060786952 0.15419851833524911 -0.0059583097692238246 0.1056045742626126 0.0018460186021727054 0.003347688827664186 0.021231654067290152 -0.048781238713176613 -0.039371735039850544 0.25076413231145284
leaf_weight=10447 117 1931 2902 10867 9591 2693 2258 777 1811 671 10151 23838 3572 4701 13538 20125 3090 56803 3358 2694 28098 3338 3791 6902 25576 5437 10272 295 26344 241
leaf_count=10447 117 1931 2902 10867 9591 2693 2258 777 1811 671 10151 23838 3572 4701 13538 20125 3090 56803 3358 2694 28098 3338 3791 6902 25576 5437 10272 295 26344 241
internal_value=-0.00155944 0.00183986 -0.0388292 0.0460251 -0.044018 -2.49516e-05 -0.00960956 -0.0157594 -0.0393055 -0.0209009 0.000198765 0.00166703 -0.000398435 -0.00733414 0.00419278 0.000222134 -0.000147115 0.000769994 0.00753722 -0.00205651 0.00317994 0.000317394 0.00574414 -0.000115926 0.00201367 0.00938499 0.00428344 -0.0158131 -0.00386323 0.00325383
internal_weight=296229 271478 24751 10984 21849 260494 5932 3674 12258 2897 254562 73604 180958 14852 49766 166106 152262 102858 6448 49404 41636 96410 7129 89281 32478 8130 13844 2226 29279 2935
internal_count=296229 271478 24751 10984 21849 260494 5932 3674 12258 2897 254562 73604 180958 14852 49766 166106 152262 102858 6448 49404 41636 96410 7129 89281 32478 8130 13844 2226 29279 2935
cat_boundaries=0 3 5 8 10 13 15 18 20 23 25 28 31
cat_threshold=33587330 1077936128 2 2147483648 1049088 33587200 0 2 0 2097152 1100038464 2499829185 9 17842176 2432697600 1677996048 772227232 12 881393668 134750313 814027776 570771544 4 402727168 278554 16777216 268436608 8 1610883152 134365352 1
is_linear=0
shrinkage=0.05


Tree=123
num_leaves=31
num_cat=13
split_feature=17 17 0 0 17 17 2 14 5 16 0 17 17 7 6 17 17 8 14 5 17 17 6 17 5 0 17 17 8 13
split_gain=15022.5 8942.41 1994.78 263.956 228.52 224.103 143.962 142.502 128.767 96.8293 85.2511 363.577 286.88 98.5051 202.549 133.912 120.082 110.107 102.177 101.112 150.011 141.392 92.5557 277.392 202.147 187.294 182.065 118.296 115.241 112.446
threshold=0 1 7.5000000000000009 7.5000000000000009 2 3 7.5000000000000009 519.85937500000011 26.250000000000004 170.0229166666667 14.000000000000002 4 5 1.0000000180025095e-35 15.500000000000002 6 7 30.500000000000004 138.16060833333336 21.250000000000004 8 9 18.500000000000004 10 21.250000000000004 7.5000000000000009 11 12 23.500000000000004 3.5000000000000004
decision_type=9 9 2 2 9 9 2 2 2 2 2 9 9 2 2 9 9 2 2 2 9 9 2 9 2 2 9 9 2 2
left_child=2 3 4 -2 8 6 7 9 -1 -3 11 22 -12 14 16 -16 -14 -18 -15 20 -20 -21 27 24 -24 26 28 29 -25 -7
right_child=1 5 -4 -5 -6 10 -8 -9 -10 -11 12 -13 13 18 15 -17 17 -19 19 21 -22 -23 23 25 -26 -27 -28 -29 -30 -31
leaf_value=-0.0013647864873273187 -0.0050764938564545233 -0.045670721221576074 0.00051647323094652366 4.1339202502044259e-05 -0.0013647864873273187 0.0048214807777773767 0.0010648455766970599 0.033108930926282733 -0.0013647864873273187 -0.033258029112389308 -0.040444423703962507 -0.0083401902428099639 0.063481875680820907 0.031045693291356358 -0.12488644088028622 -0.036821280668637615 -0.0059361603431652204 -0.13461133605943046 -0.039603458176731457 0.058405315133595086 0.0018150181969177838 -0.0040989522518724902 0.0019183577580520696 -0.017716103024086129 -0.0049283728239860386 0.020011800181481566 -0.0058431305653793954 0.00099446191254743961 0.00044365854463657151 -0.00075013086844477606
leaf_weight=10447 117 2226 2902 10867 9591 2394 2258 777 1811 671 9986 24048 5320 30507 3264 4950 8463 1252 20430 21453 38602 36731 2380 301 379 3107 455 26637 1614 12289
leaf_count=10447 117 2226 2902 10867 9591 2394 2258 777 1811 671 9986 24048 5320 30507 3264 4950 8463 1252 20430 21453 38602 36731 2380 301 379 3107 455 26637 1614 12289
internal_value=-0.00154695 0.00185349 -0.0388292 0.0460251 -0.044018 -1.07484e-05 -0.00960956 -0.0157322 -0.0393055 -0.0208319 0.000213299 0.00164801 -0.000370252 0.000111123 -0.0029141 -0.00922815 0.000535417 -0.00277121 0.000587248 -8.36063e-05 -0.00154154 0.00139557 0.00409555 0.00893638 0.021831 0.00239657 -0.00818565 0.00313166 -0.00132468 -0.000473014
internal_weight=296229 271478 24751 10984 21849 260494 5932 3674 12258 2897 254562 73604 180958 170972 23249 8214 15035 9715 147723 117216 59032 58184 49556 8236 2759 5477 2370 41320 1915 14683
internal_count=296229 271478 24751 10984 21849 260494 5932 3674 12258 2897 254562 73604 180958 170972 23249 8214 15035 9715 147723 117216 59032 58184 49556 8236 2759 5477 2370 41320 1915 14683
cat_boundaries=0 3 5 8 10 13 15 18 21 24 27 30 32 35
cat_threshold=33587330 1077936128 2 2147483648 1049088 33587200 0 2 0 2097152 1234255936 2499829185 9 16777216 2432697600 537940224 570644497 4 134554624 671170680 8 1075601744 537004160 9 268968208 570837120 5 1224736768 268435456 8 16448 2164262016 1233190912 268435585 8
is_linear=0
shrinkage=0.05


Tree=124
num_leaves=31
num_cat=12
split_feature=17 17 0 0 17 17 2 14 5 16 5 17 0 17 17 13 13 7 17 17 6 8 0 14 16 7 17 17 17 14
split_gain=14986 8962.41 1994.78 263.956 228.52 220.927 143.474 142.094 128.767 97.2313 79.3267 85.955 78.8993 305.081 271.601 99.1762 85.0928 168.756 112.662 107.842 84.843 83.0863 81.7393 81.4428 126.364 90.1185 81.3995 81.1816 80.7808 80.3591
threshold=0 1 7.5000000000000009 7.5000000000000009 2 3 7.5000000000000009 519.85937500000011 26.250000000000004 170.0229166666667 38.750000000000007 4 14.000000000000002 5 6 3.5000000000000004 1.5000000000000002 1.5000000000000002 7 8 13.500000000000002 25.500000000000004 17.500000000000004 640.04790833333345 210.0079666666667 2.5000000000000004 9 10 11 549.98386666666681
decision_type=9 9 2 2 9 9 2 2 2 2 2 9 2 9 9 2 2 2 9 9 2 2 2 2 2 2 9 9 9 2
left_child=2 3 4 -2 8 6 7 9 -1 -3 12 -12 13 23 21 28 17 19 -19 20 -16 22 -14 24 29 -25 -27 -24 -15 -7
right_child=1 5 -4 -5 -6 10 -8 -9 -10 -11 11 -13 14 15 16 -17 -18 18 -20 -21 -22 -23 27 25 -26 26 -28 -29 -30 -31
leaf_value=-0.0012965471629609482 -0.0048226691636318103 -0.04338718516049727 0.00049064956939917084 3.927224237694205e-05 -0.0012965471629609482 -0.012648742151404147 0.0010116032978622514 0.031453484379968623 -0.0012965471629609482 -0.031595127656769861 0.1322240754649851 -0.0033354476373691714 0.001924511962745612 0.0070569981543311851 -0.055972570844509663 0.00043174261518785784 0.0037120316794807097 -0.058536111446855978 0.054044471372264626 -0.046579850329182021 -0.21327715191516428 -0.045597680961683512 -0.10300574934681582 0.0079966418635970989 -0.027047402960021394 -0.013480939154587103 0.0039256117376083475 -0.032237220214995511 0.0025129058173563703 -0.056575798101208455
leaf_weight=10447 117 2226 2902 10867 9591 15656 2258 777 1811 671 2395 2320 5557 3324 953 43840 144531 2145 4226 5717 1330 6165 762 1085 1182 914 716 5019 5472 1253
leaf_count=10447 117 2226 2902 10867 9591 15656 2258 777 1811 671 2395 2320 5557 3324 953 43840 144531 2145 4226 5717 1330 6165 762 1085 1182 914 716 5019 5472 1253
internal_value=-0.00159218 0.00180413 -0.0388292 0.0460251 -0.044018 -6.21871e-05 -0.00959273 -0.015705 -0.0393055 -0.0207974 0.000160269 0.00658537 3.90239e-05 0.00141608 -0.000534282 0.00344186 0.000117046 -0.00355229 0.00251923 -0.0083875 -0.0175534 -0.00644378 -0.00390721 -0.00370869 -0.00492234 0.00436464 -0.00306748 -0.00806954 0.00828786 -0.00381749
internal_weight=296229 271478 24751 10984 21849 260494 5932 3674 12258 2897 254562 4715 249847 73442 176405 52636 158902 14371 6371 8000 2283 17503 11338 20806 18091 2715 1630 5781 8796 16909
internal_count=296229 271478 24751 10984 21849 260494 5932 3674 12258 2897 254562 4715 249847 73442 176405 52636 158902 14371 6371 8000 2283 17503 11338 20806 18091 2715 1630 5781 8796 16909
cat_boundaries=0 3 5 8 10 13 16 18 21 24 27 29 32
cat_threshold=33587330 1077936128 2 2147483648 1049088 33587200 0 2 0 2097152 1703432192 252074256 5 806097940 705101882 4 17842176 2432701696 1074009152 671432704 5 276828160 34029570 4 537133056 131104 4 0 2415920128 150995008 268436608 8
is_linear=0
shrinkage=0.05


Tree=125
num_leaves=31
num_cat=13
split_feature=17 17 0 0 17 17 2 14 5 16 11 17 17 6 17 17 17 8 8 0 17 5 6 7 6 17 12 17 17 12
split_gain=14952.6 8980.78 1994.78 263.956 228.52 214.11 140.563 139.966 128.767 100.153 78.0427 278.186 111.693 157.205 351.213 261.684 203.074 192.39 155.49 173.122 148.72 129.087 105.261 103.366 109.202 331.866 155.75 143.11 131.939 123.695
threshold=0 1 7.5000000000000009 7.5000000000000009 2 3 7.5000000000000009 510.00895000000008 26.250000000000004 170.0229166666667 1.0000000180025095e-35 4 5 15.500000000000002 6 7 8 28.500000000000004 23.500000000000004 27.500000000000004 9 8.7500000000000018 13.500000000000002 2.5000000000000004 14.500000000000002 10 16.500000000000004 11 12 8.5000000000000018
decision_type=9 9 2 2 9 9 2 2 2 2 2 9 9 2 9 9 9 2 2 2 9 2 2 2 2 9 2 9 9 2
left_child=2 3 4 -2 8 6 7 9 -1 -3 12 -12 13 15 17 21 -16 -15 20 -20 -17 -7 -23 -14 26 -26 28 -28 -25 -30
right_child=1 5 -4 -5 -6 10 -8 -9 -10 -11 11 -13 23 14 16 18 -18 -19 19 -21 -22 22 -24 24 25 -27 27 -29 29 -31
leaf_value=-0.0012317198048128919 -0.0045815357054502124 -0.041410560923480055 0.00046611709092925224 3.7308630258081621e-05 -0.0012317198048128919 -0.04489475610414595 0.00096102313296917439 0.018599578410113882 -0.0012317198048128919 -0.03001537127393137 -0.064368461233715341 0.0014222756240553692 0.001867955423247203 -0.073760838537247644 0.17868660697693317 0.18944060302469198 -0.00039759059027826287 0.00024283933411819449 0.0055032262270118711 -0.056111568226818065 0.0050329371789954898 0.18228626904232961 0.0002086759084249046 0.039574599987992801 -0.0058145768234158183 0.015886224421484574 -0.052565864750321191 -0.0045810386028890537 -0.030610650196633494 0.013751920321063871
leaf_weight=10447 117 2221 2902 10867 9591 693 2258 796 1811 657 11631 23296 66388 3671 3944 5313 14152 2019 8607 11159 5376 5934 2520 3919 17848 22444 13613 12557 9559 9919
leaf_count=10447 117 2221 2902 10867 9591 693 2258 796 1811 657 11631 23296 66388 3671 3944 5313 14152 2019 8607 11159 5376 5934 2520 3919 17848 22444 13613 12557 9559 9919
internal_value=-0.0016337 0.00175883 -0.0388292 0.0460251 -0.044018 -0.000109403 -0.00949175 -0.0155416 -0.0393055 -0.0206741 0.000109596 -0.00208578 0.000458716 0.00222878 -0.000983772 0.00415888 0.00242461 -0.011807 0.00192844 -0.000698169 0.00678735 0.0115704 0.0132837 -0.000259508 -0.00136492 0.000568351 -0.00293643 -0.00558655 2.77813e-05 -0.00165743
internal_weight=296229 271478 24751 10984 21849 260494 5932 3674 12258 2878 254562 34927 219635 63388 23786 39602 18096 5690 30455 19766 10689 9147 8454 156247 89859 40292 49567 26170 23397 19478
internal_count=296229 271478 24751 10984 21849 260494 5932 3674 12258 2878 254562 34927 219635 63388 23786 39602 18096 5690 30455 19766 10689 9147 8454 156247 89859 40292 49567 26170 23397 19478
cat_boundaries=0 3 5 8 10 13 16 18 20 22 24 26 28 30
cat_threshold=33587330 1077936128 2 2147483648 1049088 33587200 0 2 0 2097152 1350857732 537200640 5 293629952 2147829760 5 16384 81920 16384 81920 276824064 262144 16789504 264192 536937472 973210857 1142686036 352845938 134217808 134348835
is_linear=0
shrinkage=0.05


Tree=126
num_leaves=31
num_cat=12
split_feature=17 17 0 0 17 17 2 6 5 16 14 17 14 17 6 5 17 5 6 8 6 17 17 17 6 17 6 17 8 13
split_gain=14982.5 8964.35 1994.78 263.956 228.52 216.041 138.038 138.63 128.767 88.0629 82.1792 243.988 187.267 225.946 138.531 130.4 119.404 101.527 111.818 107.369 302.961 522.598 387.618 222.283 168.404 129.249 116.849 370.366 134.311 193.2
threshold=0 1 7.5000000000000009 7.5000000000000009 2 3 7.5000000000000009 16.500000000000004 26.250000000000004 120.03351666666667 679.8634666666668 4 609.91081666666685 5 10.500000000000002 16.250000000000004 6 33.750000000000007 11.500000000000002 29.500000000000004 14.500000000000002 7 8 9 9.5000000000000018 10 14.500000000000002 11 23.500000000000004 11.500000000000002
decision_type=9 9 2 2 9 9 2 2 2 2 2 9 2 9 2 2 9 2 2 2 2 9 9 9 2 9 2 9 2 2
left_child=2 3 4 -2 8 6 7 9 -1 -3 12 15 17 -14 -13 -12 -16 19 -19 25 21 24 -22 -23 -21 26 28 -28 29 -7
right_child=1 5 -4 -5 -6 10 -8 -9 -10 -11 11 14 13 -15 16 -17 -18 18 -20 20 22 23 -24 -25 -26 -27 27 -29 -30 -31
leaf_value=-0.0011701338145722496 -0.0043524589201776823 -0.035604548326447237 0.00044281123638274523 3.5443198745177541e-05 -0.0011701338145722496 0.073850384429643159 0.00091297197632069784 0.047561487466480701 -0.0011701338145722496 -0.031008199182859464 0.003207602873866833 0.14693085036861905 -0.067218739203783337 -0.0020948017266600783 -0.033096502736881077 0.0054850590079634559 0.00078883656499102457 0.27109194483600912 0.039219313696490947 0.0062617423178071624 -0.00076639146877948154 0.076024083948043233 0.095114069003926369 0.00019824211300365491 -0.076883062485827658 0.00052649893497545006 -0.11320138401773723 -0.0042667964447997255 -0.0091203438526189732 -0.036194797838968819
leaf_weight=10447 117 1944 2902 10867 9591 10197 2258 734 1811 996 2273 1374 4154 7519 2264 2766 12804 692 9851 2148 9352 5456 10895 14971 8495 99376 5566 16671 21709 6029
leaf_count=10447 117 1944 2902 10867 9591 10197 2258 734 1811 996 2273 1374 4154 7519 2264 2766 12804 692 9851 2148 9352 5456 10895 14971 8495 99376 5566 16671 21709 6029
internal_value=-0.00159657 0.00179934 -0.0388292 0.0460251 -0.044018 -6.71775e-05 -0.00949175 -0.0154872 -0.0393055 -0.0203401 0.000152805 0.00311205 -0.000119915 -0.0062923 0.000158035 0.0127253 -0.00122777 0.000205503 0.00499383 -3.3908e-05 0.00195549 -0.0011458 0.00671457 0.00353525 -0.0101239 -0.000673778 -0.00250241 -0.00538067 -0.000815869 0.00262542
internal_weight=296229 271478 24751 10984 21849 260494 5932 3674 12258 2940 254562 21481 233081 11673 16442 5039 15068 221408 10543 210865 51317 31070 20247 20427 10643 159548 60172 22237 37935 16226
internal_count=296229 271478 24751 10984 21849 260494 5932 3674 12258 2940 254562 21481 233081 11673 16442 5039 15068 221408 10543 210865 51317 31070 20247 20427 10643 159548 60172 22237 37935 16226
cat_boundaries=0 3 5 8 10 13 16 18 20 23 25 28 30
cat_threshold=33587330 1077936128 2 2147483648 1049088 33587200 0 2 0 2097152 285753360 302327808 9 94272 554392770 1 142935040 134234448 1477189972 84672530 16797776 3120762281 8 536870912 2717991937 1947485204 570622977 4 0 570621952
is_linear=0
shrinkage=0.05


Tree=127
num_leaves=31
num_cat=13
split_feature=17 17 0 0 17 17 2 14 5 16 14 17 14 17 5 6 17 5 6 8 6 17 17 17 17 6 17 8 13 17
split_gain=14988.7 8960.91 1994.78 263.956 228.52 217.219 138.517 138.131 128.767 102.266 79.6075 226.111 143.339 203.968 131.725 126.844 106.603 91.4474 105.27 90.5119 274.831 431.13 355.764 211.075 118.938 119.627 356.638 146.436 183.034 148.436
threshold=0 1 7.5000000000000009 7.5000000000000009 2 3 7.5000000000000009 509.64515833333343 26.250000000000004 170.0229166666667 679.8634666666668 4 610.03180000000009 5 16.250000000000004 10.500000000000002 6 33.750000000000007 11.500000000000002 29.500000000000004 14.500000000000002 7 8 9 10 14.500000000000002 11 23.500000000000004 11.500000000000002 12
decision_type=9 9 2 2 9 9 2 2 2 2 2 9 2 9 2 2 9 2 2 2 2 9 9 9 9 2 9 2 2 9
left_child=2 3 4 -2 8 6 7 9 -1 -3 12 14 17 -14 -12 -13 -17 19 -19 24 21 -21 -22 -23 25 27 -27 28 -7 -29
right_child=1 5 -4 -5 -6 10 -8 -9 -10 -11 11 15 13 -15 -16 16 -18 18 -20 20 22 23 -24 -25 -26 26 -28 29 -30 -31
leaf_value=-0.0011116271238436504 -0.0041348359741688158 -0.038038525995917727 0.00042067067456361687 3.3671038807892016e-05 -0.0011116271238436504 0.079439820401005445 0.00086732337750463631 0.0092892838118867616 -0.0011116271238436504 -0.026964192751091833 0.0030472227301734825 0.13958430785018808 -0.082033592755420284 -0.0011757249146034489 0.0052108060575652981 -0.013694464812090024 0.0023012841514577164 0.25753734759420865 0.036702039497625807 -0.069925444375166818 -0.0013899789005819676 0.1789976658156249 0.084241742574388975 0.00066775352953758478 0.00050387870907941945 -0.12863429504113605 -0.0089765106918566328 0.0028179227616433877 -0.031358059622288083 -0.035380819619562832
leaf_weight=10447 117 2200 2902 10867 9591 10602 2258 832 1811 642 2273 1374 3779 6896 2766 3682 11386 692 9889 10264 8499 2493 11900 18313 97299 4272 19851 11537 6175 10620
leaf_count=10447 117 2200 2902 10867 9591 10602 2258 832 1811 642 2273 1374 3779 6896 2766 3682 11386 692 9889 10264 8499 2493 11900 18313 97299 4272 19851 11537 6175 10620
internal_value=-0.0015888 0.00180781 -0.0388292 0.0460251 -0.044018 -5.83484e-05 -0.00950858 -0.0155144 -0.0393055 -0.02076 0.000162233 0.00307481 -0.000106186 -0.00576581 0.0123292 0.000230975 -0.00109504 0.000165463 0.00470182 -6.11354e-05 0.0017632 -0.0011973 0.00627237 0.00294005 -0.000646686 -0.00233799 -0.00510509 -0.000624133 0.0028998 -0.00329241
internal_weight=296229 271478 24751 10984 21849 260494 5932 3674 12258 2842 254562 21481 233081 10675 5039 16442 15068 222406 10581 211825 51469 31070 20399 20806 160356 63057 24123 38934 16777 22157
internal_count=296229 271478 24751 10984 21849 260494 5932 3674 12258 2842 254562 21481 233081 10675 5039 16442 15068 222406 10581 211825 51469 31070 20399 20806 160356 63057 24123 38934 16777 22157
cat_boundaries=0 3 5 8 10 13 16 18 20 23 25 28 30 33
cat_threshold=33587330 1077936128 2 2147483648 1049088 33587200 0 2 0 2097152 285753360 302327808 9 67186752 554392770 5 679805952 134234480 1477189956 84672530 16797776 3120762017 8 536870912 81921 1947489284 570622977 4 0 537067520 603980804 197633 4
is_linear=0
shrinkage=0.05


Tree=128
num_leaves=31
num_cat=10
split_feature=17 17 0 0 17 17 2 6 5 16 0 17 17 6 17 5 0 8 17 17 0 8 13 7 8 17 5 14 5 6
split_gain=15002.9 8953.15 1994.78 263.956 228.52 213.511 135.657 136.696 128.767 90.558 83.3705 269.435 252.506 139.648 246.877 279.168 164.573 155.779 129.211 117.929 122.808 106.034 101.518 89.4321 89.0963 88.67 108.22 78.1184 83.3025 111.26
threshold=0 1 7.5000000000000009 7.5000000000000009 2 3 7.5000000000000009 16.500000000000004 26.250000000000004 120.03351666666667 14.000000000000002 4 5 18.500000000000004 6 21.250000000000004 7.5000000000000009 23.500000000000004 7 8 7.5000000000000009 28.500000000000004 3.5000000000000004 4.5000000000000009 25.500000000000004 9 23.750000000000004 60.142225000000003 18.750000000000004 10.500000000000002
decision_type=9 9 2 2 9 9 2 2 2 2 2 9 9 2 9 2 2 2 9 9 2 2 2 2 2 9 2 2 2 2
left_child=2 3 4 -2 8 6 7 9 -1 -3 11 13 24 22 15 17 18 19 -16 20 -15 -19 -7 -23 -12 26 -18 -14 -29 -30
right_child=1 5 -4 -5 -6 10 -8 -9 -10 -11 12 -13 27 14 16 -17 25 21 -20 -21 -22 23 -24 -25 -26 -27 -28 28 29 -31
leaf_value=-0.0010560457676514813 -0.0039280941754603841 -0.031929227248754181 0.00039963714083546265 3.1987486867457453e-05 -0.0010560457676514813 0.006382847429711536 0.0008239572086294445 0.044718948902562297 -0.0010560457676514813 -0.028109579586161892 -0.019995321910222331 -0.006351356934207142 0.043979691309703653 -0.017619278359508782 -0.0010115264279807246 -0.005769319327737988 0.023232852869726785 0.0049100786540593692 -0.0062033460568808874 0.0067452616861651384 0.017661067026476119 0.00064789567239573751 0.00047612097794784707 0.0015585716792780868 -0.043224625797386555 -0.01553572989909653 -0.031122645260558725 -0.011858947563653644 0.072575071683029888 0.0024760486893736556
leaf_weight=10447 117 1944 2902 10867 9591 6795 2258 734 1811 996 12313 22844 11372 201 1276 590 1550 1573 409 248 76 674 35682 352 6165 1134 200 50009 6350 94749
leaf_count=10447 117 1944 2902 10867 9591 6795 2258 734 1811 996 12313 22844 11372 201 1276 590 1550 1573 409 248 76 674 35682 352 6165 1134 200 50009 6350 94749
internal_value=-0.00157125 0.00182697 -0.0388292 0.0460251 -0.044018 -3.83871e-05 -0.00940761 -0.0153511 -0.0393055 -0.0201701 0.000180303 0.0015991 -0.000396777 0.00362813 0.00956779 0.0191192 0.00175803 0.025128 -0.0106528 0.000285714 -0.021777 0.0301462 0.00247075 0.0176413 -0.00593358 0.00901526 0.0160227 0.000233245 -6.75014e-05 0.000758168
internal_weight=296229 271478 24751 10984 21849 260494 5932 3674 12258 2940 254562 73604 180958 50760 8283 3714 4569 3124 1685 525 277 2599 42477 1026 18478 2884 1750 162480 151108 101099
internal_count=296229 271478 24751 10984 21849 260494 5932 3674 12258 2940 254562 73604 180958 50760 8283 3714 4569 3124 1685 525 277 2599 42477 1026 18478 2884 1750 162480 151108 101099
cat_boundaries=0 3 5 8 10 13 15 18 20 21 23
cat_threshold=33587330 1077936128 2 2147483648 1049088 33587200 0 2 0 2097152 1234256192 2432720321 9 17842176 2432701696 1224753152 268435456 8 320 2164262016 16793600 64 2147488128
is_linear=0
shrinkage=0.05


Tree=129
num_leaves=31
num_cat=11
split_feature=17 17 0 17 6 5 0 17 6 2 14 17 5 16 12 11 14 17 14 17 5 17 5 8 17 6 17 17 12 8
split_gain=14060.2 8961.96 1866.15 484.084 509.418 285.526 263.956 217.87 185.774 138.997 125.864 112.361 116.323 104.741 78.2442 73.5539 73.2521 184.021 133.051 179.514 123.903 88.007 83.3086 97.6622 304.455 291.121 310.206 298.67 125.707 117.948
threshold=0 1 7.5000000000000009 2 18.500000000000004 21.250000000000004 7.5000000000000009 3 10.500000000000002 7.5000000000000009 509.64515833333343 4 26.250000000000004 170.0229166666667 51.500000000000007 1.0000000180025095e-35 679.8634666666668 5 610.03180000000009 6 16.250000000000004 7 33.750000000000007 29.500000000000004 8 14.500000000000002 9 10 41.500000000000007 21.500000000000004
decision_type=9 9 2 9 2 2 2 9 2 2 2 9 2 2 2 2 2 9 2 9 2 9 2 2 9 2 9 9 2 2
left_child=2 6 3 4 8 -6 -2 9 -1 10 13 12 -5 14 -3 -12 18 20 22 -20 21 -18 23 29 -25 26 -26 -27 -28 -9
right_child=1 7 -4 11 5 -7 -8 16 -10 -11 15 -13 -14 -15 -16 -17 17 -19 19 -21 -22 -23 -24 24 25 27 28 -29 -30 -31
leaf_value=-0.012629987430069845 -0.0037316894666873605 -0.027216207535392334 0.00037965528379366734 -0.0010032434792689227 4.0505140395508125e-05 -0.0035870600757309302 3.0388112524093458e-05 0.011918017520146318 -0.00042127036719254998 0.00078275934819798114 0.16178739048721866 -0.0010032434792689227 -0.0010032434792689227 -0.024210504134229139 -0.034540138333684169 -0.21848091624580893 0.04234929777709593 -0.0017138519959516429 -0.078055715552117988 -0.0011166365204841268 0.0052819486252095871 0.0028001669060594204 0.051207685655332472 0.12076744263100557 -0.095471661413414746 -0.00086349137055221627 -0.005245611690001351 0.088029677970775572 0.024775449992837428 -0.0029656032499695952
leaf_weight=982 117 1907 2902 7027 319 107 10867 42428 2394 2258 705 9591 1429 642 293 127 1950 12378 3779 6896 5204 1949 10581 3463 7080 9062 13691 9991 8182 117928
leaf_count=982 117 1907 2902 7027 319 107 10867 42428 2394 2258 705 9591 1429 642 293 127 1950 12378 3779 6896 5204 1949 10581 3463 7080 9062 13691 9991 8182 117928
internal_value=-0.00148449 0.00180524 -0.037553 -0.0425717 -0.0261018 0.0253521 0.0460251 -6.10355e-05 -0.0326718 -0.00952541 -0.0155416 -0.0460016 -0.0414718 -0.0205489 -0.0153636 0.0015625 0.000159876 0.00295377 -9.76056e-05 -0.00555035 0.00834522 0.0150936 0.000164114 -5.21657e-05 0.00184286 0.000808064 -0.00235036 0.00560804 0.000596353 -0.000660406
internal_weight=296229 271478 24751 21849 3802 426 10984 260494 3376 5932 3674 18047 8456 2842 2200 832 254562 21481 233081 10675 9103 3899 222406 211825 51469 48006 28953 19053 21873 160356
internal_count=296229 271478 24751 21849 3802 426 10984 260494 3376 5932 3674 18047 8456 2842 2200 832 254562 21481 233081 10675 9103 3899 222406 211825 51469 48006 28953 19053 21873 160356
cat_boundaries=0 3 5 8 10 11 14 17 19 21 23 26
cat_threshold=33587330 1077936128 2 2147483648 1049088 0 0 2 0 2097152 33587200 1359499284 839330816 9 67186752 554392770 5 1342181396 142336 671088640 81920 1342972224 67108882 16797776 3120700833 8
is_linear=0
shrinkage=0.05


Tree=130
num_leaves=31
num_cat=9
split_feature=17 17 0 17 6 5 0 17 6 2 6 17 5 16 3 8 0 17 17 13 6 17 5 0 8 6 17 12 7 12
split_gain=14023.4 8984.52 1863.13 484.084 509.418 285.526 263.956 222.196 185.774 143.35 120.236 112.361 116.323 93.0142 72.7469 71.7685 70.3781 238.844 231.186 123.725 97.2879 158.964 142.983 98.9348 94.3515 94.0748 358.473 188.171 152.507 138.268
threshold=0 1 7.5000000000000009 2 18.500000000000004 21.250000000000004 7.5000000000000009 3 10.500000000000002 7.5000000000000009 16.500000000000004 4 26.250000000000004 120.03351666666667 122.50000000000001 23.500000000000004 14.000000000000002 5 6 3.5000000000000004 18.500000000000004 7 21.250000000000004 7.5000000000000009 23.500000000000004 11.500000000000002 8 17.500000000000004 3.5000000000000004 15.500000000000002
decision_type=9 9 2 9 2 2 2 9 2 2 2 9 2 2 2 2 2 9 9 2 2 9 2 2 2 2 9 2 2 2
left_child=2 6 3 4 8 -6 -2 9 -1 10 13 12 -5 -3 16 -10 17 19 -18 -9 -21 22 24 -23 -22 26 -20 28 29 -28
right_child=1 7 -4 11 5 -7 -8 14 15 -11 -12 -13 -14 -15 -16 -17 18 -19 25 20 21 23 -24 -25 -26 -27 27 -29 -30 -31
leaf_value=-0.01199848805856636 -0.0035451049933529879 -0.029964931028316367 0.00036067251960396622 -0.00095308130530549209 3.8479883375730497e-05 -0.0034077070719443995 2.8868706897888785e-05 0.0057827461209979175 -0.0010330828100018064 0.00074362138078809537 0.035840879651399593 -0.00095308130530549209 -0.00095308130530549209 -0.025299198418962866 1.237274167109143 -0.00040020684883290691 -0.029312928933723992 -0.0048187290201152644 0.14066283169125224 0.00046207163689504505 -5.2683333441772007e-05 -0.0036521341231729567 -0.0053073638028584558 0.012127228002482516 0.0016545524101873267 -0.0040835339832752558 0.054969133833954409 -0.034814921106718626 -0.015161664220334005 0.36511155377909915
leaf_weight=982 117 1944 2902 7027 319 107 10867 8075 790 2258 734 9591 1429 996 260 1604 16834 24184 7174 34655 437 1180 525 2088 2460 124236 8927 15160 7579 788
leaf_count=982 117 1944 2902 7027 319 107 10867 8075 790 2258 734 9591 1429 996 260 1604 16834 24184 7174 34655 437 1180 525 2088 2460 124236 8927 15160 7579 788
internal_value=-0.00153581 0.00174962 -0.037557 -0.0425717 -0.0261018 0.0253521 0.0460251 -0.000119 -0.0326718 -0.00967688 -0.0157866 -0.0460016 -0.0414718 -0.0203061 0.000104096 -0.0401838 7.70737e-05 0.00138036 -0.000453796 0.00337245 0.00226751 0.00778774 0.0152972 -0.000122026 0.0196928 0.000119604 0.00224084 3.08034e-06 0.00356771 0.00771487
internal_weight=296229 271478 24751 21849 3802 426 10984 260494 3376 5932 3674 18047 8456 2940 254562 2394 254302 73604 180698 49420 41345 6690 3422 3268 2897 163864 39628 32454 17294 9715
internal_count=296229 271478 24751 21849 3802 426 10984 260494 3376 5932 3674 18047 8456 2940 254562 2394 254302 73604 180698 49420 41345 6690 3422 3268 2897 163864 39628 32454 17294 9715
cat_boundaries=0 3 5 8 10 11 14 16 19 22
cat_threshold=33587330 1077936128 2 2147483648 1049088 0 0 2 0 2097152 33587200 1100038464 2432728513 9 17825792 2432701696 1090535424 268439680 8 16400 570638496 12
is_linear=0
shrinkage=0.05


Tree=131
num_leaves=31
num_cat=11
split_feature=17 17 0 17 6 5 0 17 6 2 6 17 5 16 8 3 14 17 14 17 6 17 14 17 14 17 5 17 12 5
split_gain=14022.9 8984.82 1863.13 484.084 509.418 285.526 263.956 221.378 185.774 142.863 118.074 112.361 116.323 92.5301 71.7685 70.6518 68.3652 171.937 117.413 179.197 106.242 105.506 97.5698 156.906 77.3018 74.262 71.868 70.1369 84.4164 68.4683
threshold=0 1 7.5000000000000009 2 18.500000000000004 21.250000000000004 7.5000000000000009 3 10.500000000000002 7.5000000000000009 16.500000000000004 4 26.250000000000004 120.03351666666667 23.500000000000004 122.50000000000001 679.8634666666668 5 609.91081666666685 6 10.500000000000002 7 580.02688333333344 8 720.0000500000001 9 13.500000000000002 10 2.5000000000000004 38.750000000000007
decision_type=9 9 2 9 2 2 2 9 2 2 2 9 2 2 2 2 2 9 2 9 2 9 2 9 2 9 2 9 2 2
left_child=2 6 3 4 8 -6 -2 9 -1 10 13 12 -5 -3 -10 16 18 26 22 -20 -19 -22 29 -24 25 -23 -18 -26 -29 -9
right_child=1 7 -4 11 5 -7 -8 15 14 -11 -12 -13 -14 -15 -16 -17 17 20 19 -21 21 24 23 -25 27 -27 -28 28 -30 -31
leaf_value=-0.011398563655638051 -0.0033678497436853585 -0.028466684476900553 0.00034263889362380341 -0.00090542724004021307 3.6555889206946192e-05 -0.003237321718347186 2.7425271552949939e-05 -0.00044014711977244939 -0.00098142866950170506 0.00070644031174866846 0.034048835668829637 -0.00090542724004021307 -0.00090542724004021307 -0.02403423849801474 -0.00038019650639125051 1.1754104587536855 0.0064827899795369516 0.13001816341865466 -0.070442220701986621 -0.00079543650431701529 -0.028626449512470044 -0.082847593194848204 -0.0033644762709455381 0.096574569047933156 -0.041383723495491603 0.019007275739813423 0.014998518392726102 0.11581110408393346 -7.609299816278004e-05 0.079190886677177386
leaf_weight=982 117 1944 2902 7027 319 107 10867 212711 790 2258 734 9591 1429 996 1604 260 829 1431 4145 7503 2264 468 1995 2918 2930 4001 3035 480 5993 3599
leaf_count=982 117 1944 2902 7027 319 107 10867 212711 790 2258 734 9591 1429 996 1604 260 829 1431 4145 7503 2264 468 1995 2918 2930 4001 3035 480 5993 3599
internal_value=-0.00153648 0.00174888 -0.037557 -0.0425717 -0.0261018 0.0253521 0.0460251 -0.000119768 -0.0326718 -0.00966005 -0.0157594 -0.0460016 -0.0414718 -0.0202381 -0.0401838 0.000102918 7.62872e-05 0.00277869 -0.000172413 -0.00506525 0.000674176 -0.000483391 8.52081e-05 0.00705272 0.00115257 0.00656746 0.0123129 -0.00141976 0.00148851 -7.30433e-05
internal_weight=296229 271478 24751 21849 3802 426 10984 260494 3376 5932 3674 18047 8456 2940 2394 254562 254302 21431 232871 11648 17567 16136 221223 4913 13872 4469 3864 9403 6473 216310
internal_count=296229 271478 24751 21849 3802 426 10984 260494 3376 5932 3674 18047 8456 2940 2394 254562 254302 21431 232871 11648 17567 16136 221223 4913 13872 4469 3864 9403 6473 216310
cat_boundaries=0 3 5 8 10 11 14 17 19 22 24 27
cat_threshold=33587330 1077936128 2 2147483648 1049088 0 0 2 0 2097152 33587200 285753360 33892352 9 67186752 554392770 5 142935040 134234448 17920000 3120777234 8 67108928 4104 1073742080 67633312 4
is_linear=0
shrinkage=0.05


Tree=132
num_leaves=31
num_cat=9
split_feature=17 17 0 17 6 5 0 17 6 2 14 17 5 16 12 8 0 12 0 6 7 7 17 17 17 8 5 13 13 17
split_gain=14006.9 8993.94 1863.13 484.084 509.418 285.526 263.956 222.637 185.774 144.327 116.505 112.361 116.323 101.296 75.0864 71.7685 66.7826 63.9651 116.128 62.5999 193.839 188.124 174.901 146.866 131.208 112.045 102.515 82.9624 70.9049 118.417
threshold=0 1 7.5000000000000009 2 18.500000000000004 21.250000000000004 7.5000000000000009 3 10.500000000000002 7.5000000000000009 519.85937500000011 4 26.250000000000004 170.0229166666667 51.500000000000007 23.500000000000004 142.50000000000003 4.5000000000000009 14.000000000000002 9.5000000000000018 1.0000000180025095e-35 2.5000000000000004 5 6 7 21.500000000000004 10.750000000000002 3.5000000000000004 36.500000000000007 8
decision_type=9 9 2 9 2 2 2 9 2 2 2 9 2 2 2 2 2 2 2 2 2 2 9 9 9 2 2 2 2 9
left_child=2 6 3 4 8 -6 -2 9 -1 10 13 12 -5 14 -3 -10 19 -4 -19 20 23 24 -23 -9 -22 -25 27 -24 -21 -30
right_child=1 7 17 11 5 -7 -8 16 15 -11 -12 -13 -14 -15 -16 -17 -18 18 -20 28 21 22 26 25 -26 -27 -28 -29 29 -31
leaf_value=-0.010828635472856131 -0.0031994572565011039 -0.022933816383361852 0.042622624828577482 -0.00086015587803820468 3.4728094746583338e-05 -0.0030754556324298133 2.6054007975329088e-05 0.003090320073419273 -0.00093235723602660416 0.00067111829616122169 0.020415645832557328 -0.00086015587803820468 -0.00086015587803820468 -0.020533307081668808 -0.02989155064173912 -0.00036118668107167908 2.2506718230274325 0.0063677190763923091 -0.032420147632177265 -0.00058079184293724495 0.13653967377742737 0.022647139076678525 0.092815618047221368 0.037393227741811329 0.040790994660218252 -0.12912828037353918 0.061352544783785136 -0.0458399572505424 -0.01421806564598418 0.11368883905412996
leaf_weight=982 117 1931 497 7027 319 107 10867 2014 790 2258 777 9591 1429 671 295 1604 129 1515 890 222943 3226 6505 689 515 4974 1769 1621 6274 1258 2645
leaf_count=982 117 1931 497 7027 319 107 10867 2014 790 2258 777 9591 1429 671 295 1604 129 1515 890 222943 3226 6505 689 515 4974 1769 1621 6274 1258 2645
internal_value=-0.00155707 0.00172641 -0.037557 -0.0425717 -0.0261018 0.0253521 0.0460251 -0.000143184 -0.0326718 -0.00971054 -0.015841 -0.0460016 -0.0414718 -0.0204522 -0.015319 -0.0401838 8.01345e-05 6.8918e-05 -0.00330561 6.19023e-05 0.00231087 0.00411138 0.000798595 -0.00744532 0.0102073 -0.0160854 -0.00388643 -0.00652736 -0.000211597 0.00646938
internal_weight=296229 271478 24751 21849 3802 426 10984 260494 3376 5932 3674 18047 8456 2897 2226 2394 254562 2902 2405 254433 27587 23289 15089 4298 8200 2284 8584 6963 226846 3903
internal_count=296229 271478 24751 21849 3802 426 10984 260494 3376 5932 3674 18047 8456 2897 2226 2394 254562 2902 2405 254433 27587 23289 15089 4298 8200 2284 8584 6963 226846 3903
cat_boundaries=0 3 5 8 10 11 14 17 20 23
cat_threshold=33587330 1077936128 2 2147483648 1049088 0 0 2 0 2097152 33587200 1678062928 67127649 5 67449872 2282126680 1 1091588112 503727280 8 1611661392 2164920579 1
is_linear=0
shrinkage=0.05


Tree=133
num_leaves=31
num_cat=9
split_feature=17 17 0 17 6 5 0 17 6 2 6 17 5 16 8 8 3 8 0 0 17 17 13 6 17 17 0 5 7 6
split_gain=13974.1 9001.12 1884.27 484.084 509.418 285.526 263.956 221.78 185.774 144.327 113.808 112.361 116.323 92.5301 71.7685 68.5381 66.7604 66.092 73.7386 58.9516 233.155 218.963 102.632 85.814 126.309 103.799 83.728 109.05 83.2704 188.16
threshold=0 1 7.5000000000000009 2 18.500000000000004 21.250000000000004 7.5000000000000009 3 10.500000000000002 7.5000000000000009 16.500000000000004 4 26.250000000000004 120.03351666666667 23.500000000000004 27.500000000000004 122.50000000000001 22.500000000000004 14.000000000000002 14.000000000000002 5 6 3.5000000000000004 13.500000000000002 7 8 17.500000000000004 26.250000000000004 1.0000000180025095e-35 15.500000000000002
decision_type=9 9 2 9 2 2 2 9 2 2 2 9 2 2 2 2 2 2 2 2 9 9 2 2 9 9 2 2 2 2
left_child=2 6 3 4 8 -6 -2 9 -1 10 13 12 -5 -3 -10 -12 19 18 -4 20 22 26 -9 25 -25 -24 27 -21 29 -23
right_child=1 7 17 11 5 -7 -8 16 14 -11 15 -13 -14 -15 -16 -17 -18 -19 -20 21 -22 28 23 24 -26 -27 -28 -29 -30 -31
leaf_value=-0.010287203699213343 -0.0030394843936760287 -0.026424793164921103 -0.00059863929052124127 -0.00081714808413630997 3.2991690009254171e-05 -0.0029216828508083384 2.4751307576575954e-05 0.0053234208581054432 -0.00088573937422529178 0.00063756238135317391 -0.039052946798335313 -0.00081714808413630997 -0.00081714808413630997 -0.021805861219030567 -0.0003431273470181129 0.18250256179034344 1.1027781958870086 0.0083519935330941489 -0.14909475885438991 -0.039192068680053274 -0.004538380308665069 0.0040516491263518977 -0.0068692739185153067 0.00016986039297539612 0.0033108040437451526 0.00075128868055385212 -0.061290362624409594 0.022924219381127122 0.0030970054676868531 -0.069291292102978727
leaf_weight=982 117 1944 776 7027 319 107 10867 8075 790 2258 392 9591 1429 996 1604 342 260 1755 371 3645 24184 15031 4079 11169 10624 15473 4164 2177 147496 8185
leaf_count=982 117 1944 776 7027 319 107 10867 8075 790 2258 392 9591 1429 996 1604 342 260 1755 371 3645 24184 15031 4079 11169 10624 15473 4164 2177 147496 8185
internal_value=-0.00157091 0.00170873 -0.0375288 -0.0425717 -0.0261018 0.0253521 0.0460251 -0.00016161 -0.0326718 -0.00971054 -0.015841 -0.0460016 -0.0414718 -0.0202381 -0.0401838 0.00177112 6.12793e-05 0.000310131 -0.00902354 3.5391e-05 0.00122819 -0.000450475 0.00319644 0.00219011 0.00434773 -0.000214812 -0.00764306 -0.00377877 -2.92874e-05 -0.00281272
internal_weight=296229 271478 24751 21849 3802 426 10984 260494 3376 5932 3674 18047 8456 2940 2394 734 254562 2902 1147 254302 73604 180698 49420 41345 21793 19552 9986 5822 170712 23216
internal_count=296229 271478 24751 21849 3802 426 10984 260494 3376 5932 3674 18047 8456 2940 2394 734 254562 2902 1147 254302 73604 180698 49420 41345 21793 19552 9986 5822 170712 23216
cat_boundaries=0 3 5 8 10 11 14 16 18 21
cat_threshold=33587330 1077936128 2 2147483648 1049088 0 0 2 0 2097152 33587200 1100038464 2432728513 9 16777216 2432697600 1090584832 2415936577 16640 16777216 8
is_linear=0
shrinkage=0.05


Tree=134
num_leaves=31
num_cat=8
split_feature=17 17 0 17 6 5 0 17 6 2 6 17 5 16 8 8 3 12 0 5 15 12 13 12 17 6 7 17 6 17
split_gain=13912.9 9011.45 1929.97 484.084 509.418 285.526 263.956 214.359 185.774 140.44 118.076 112.361 116.323 94.573 71.7685 64.0474 63.1867 58.1638 85.8925 59.8133 57.8064 55.9129 55.2237 70.3894 54.8956 65.6473 54.1525 180.187 122.557 150.405
threshold=0 1 7.5000000000000009 2 18.500000000000004 21.250000000000004 7.5000000000000009 3 10.500000000000002 7.5000000000000009 16.500000000000004 4 26.250000000000004 120.03351666666667 23.500000000000004 27.500000000000004 127.50000000000001 4.5000000000000009 14.000000000000002 26.250000000000004 235.00000000000003 51.500000000000007 10.500000000000002 3.5000000000000004 5 9.5000000000000018 1.0000000180025095e-35 6 9.5000000000000018 7
decision_type=9 9 2 9 2 2 2 9 2 2 2 9 2 2 2 2 2 2 2 2 2 2 2 2 9 2 2 9 2 9
left_child=2 6 3 4 8 -6 -2 9 -1 10 13 12 -5 21 -10 -12 20 -4 19 -19 26 22 23 -3 25 -20 27 -9 29 -28
right_child=1 7 17 11 5 -7 -8 16 14 -11 15 -13 -14 -15 -16 -17 -18 18 24 -21 -22 -23 -24 -25 -26 -27 28 -29 -30 -31
leaf_value=-0.0097728435142526941 -0.0028875101739922471 -0.020465885905947712 0.04050570287646265 -0.00077629067992948111 3.1342105508791461e-05 -0.0027755987082679124 2.3513742197778242e-05 -0.034639406144938878 -0.00084145240551403155 0.0006056842622855108 -0.037100299458418529 -0.00077629067992948111 -0.00077629067992948111 -0.020715568158079026 -0.00032597097966720058 0.17337743370082626 1.2969683073936076 -0.0061866658887367093 -0.03096817193466013 0.027869026187770721 0.15737291315227964 -0.027075733451406105 -0.030060438055166561 0.11751507583587868 -0.15141090056769713 -0.0001549403502296265 -0.003575838512217544 0.00071922346384010192 -0.0001890081271920252 0.04939641670120274
leaf_weight=982 117 137 497 7027 319 107 10867 14704 790 2258 392 9591 1429 996 1604 342 209 815 76 700 180 244 1108 455 259 555 10545 23176 193025 12723
leaf_count=982 117 137 497 7027 319 107 10867 14704 790 2258 392 9591 1429 996 1604 342 209 815 76 700 180 244 1108 455 259 555 10545 23176 193025 12723
internal_value=-0.00158914 0.00168332 -0.0374682 -0.0425717 -0.0261018 0.0253521 0.0460251 -0.000188097 -0.0326718 -0.0095759 -0.0156233 -0.0460016 -0.0414718 -0.020102 -0.0401838 0.00231608 3.10325e-05 0.000827016 -0.00239085 0.00485149 8.45282e-06 -0.0136831 -0.0104706 0.00185811 -0.0147191 -0.00631825 -1.16063e-05 -0.00175554 0.000293814 0.00372185
internal_weight=296229 271478 24751 21849 3802 426 10984 260494 3376 5932 3674 18047 8456 2940 2394 734 254562 2902 2405 1515 254353 1944 1700 592 890 631 254173 37880 216293 23268
internal_count=296229 271478 24751 21849 3802 426 10984 260494 3376 5932 3674 18047 8456 2940 2394 734 254562 2902 2405 1515 254353 1944 1700 592 890 631 254173 37880 216293 23268
cat_boundaries=0 3 5 8 10 11 12 15 17
cat_threshold=33587330 1077936128 2 2147483648 1049088 0 0 2 0 2097152 33587200 33587200 1686638868 2214807555 4 295175236 2735289370
is_linear=0
shrinkage=0.05


Tree=135
num_leaves=31
num_cat=8
split_feature=17 17 0 17 6 5 0 17 6 2 14 17 5 16 12 8 0 11 12 7 7 13 17 0 6 17 8 8 0 17
split_gain=13925.4 9024.03 1893.37 484.084 509.418 285.526 263.956 213.655 185.774 140.923 118.726 112.361 116.323 105.156 78.5402 71.7685 58.7096 55.7297 53.5652 57.5843 74.3065 54.3652 53.4691 75.0269 157.067 140.073 257.581 146.059 107.102 99.6071
threshold=0 1 7.5000000000000009 2 18.500000000000004 21.250000000000004 7.5000000000000009 3 10.500000000000002 7.5000000000000009 509.64515833333343 4 26.250000000000004 170.0229166666667 51.500000000000007 23.500000000000004 142.50000000000003 1.0000000180025095e-35 8.5000000000000018 1.0000000180025095e-35 2.5000000000000004 30.500000000000004 5 14.000000000000002 18.500000000000004 6 23.500000000000004 29.500000000000004 7.5000000000000009 7
decision_type=9 9 2 9 2 2 2 9 2 2 2 9 2 2 2 2 2 2 2 2 2 2 9 2 2 9 2 2 2 9
left_child=2 6 3 4 8 -6 -2 9 18 10 13 12 -5 14 -3 -10 22 -12 -1 -20 21 -21 23 24 -9 26 -26 -28 -29 -25
right_child=1 7 -4 11 5 -7 -8 16 15 -11 17 -13 -14 -15 -16 -17 -18 -19 19 20 -22 -23 -24 29 25 -27 27 28 -30 -31
leaf_value=-0.0092842013385400438 -0.0027431346652926347 -0.019442591610650341 0.0004013856015819606 -0.00073747614593302482 2.9775000233334126e-05 -0.0026368187728545325 2.233805508788933e-05 0.00083465400695539318 -0.00079937978523831894 0.00057540004917120411 0.14182713165427963 -0.00073747614593302482 -0.00073747614593302482 -0.017380570258729879 -0.025721946778835793 -0.00030967243068382724 2.0294369016269385 -0.20826447617832011 -0.0092842013385400438 0.24071579866145998 -0.0092842013385400438 -0.0092842013385400438 -0.0010133277365577786 -0.019211347239939603 -0.010144449705030745 0.0013225486618799742 0.0046009130713464469 -0.00061279020929401191 0.018707858880061944 0.0073367231064909617
leaf_weight=366 117 1907 2902 7027 319 107 10867 25570 790 2258 705 9591 1429 642 293 1604 129 127 113 136 338 29 139248 15878 559 3272 1800 509 365 67232
leaf_count=366 117 1907 2902 7027 319 107 10867 25570 790 2258 705 9591 1429 642 293 1604 129 127 113 136 338 29 139248 15878 559 3272 1800 509 365 67232
internal_value=-0.00162155 0.00165238 -0.0375167 -0.0425717 -0.0261018 0.0253521 0.0460251 -0.000220342 -0.0326718 -0.00959273 -0.0156505 -0.0460016 -0.0414718 -0.0205137 -0.0153182 -0.0401838 -1.57126e-06 0.000961538 -0.0143585 -0.00535714 0.00188867 0.0293939 -1.8669e-05 0.000778246 0.00283242 0.00976941 0.0171292 0.023635 0.00686499 -1.44387e-05
internal_weight=296229 271478 24751 21849 3802 426 10984 260494 3376 5932 3674 18047 8456 2842 2200 2394 254562 832 982 616 503 165 254433 115185 32075 6505 3233 2674 874 83110
internal_count=296229 271478 24751 21849 3802 426 10984 260494 3376 5932 3674 18047 8456 2842 2200 2394 254562 832 982 616 503 165 254433 115185 32075 6505 3233 2674 874 83110
cat_boundaries=0 3 5 8 10 11 14 17 19
cat_threshold=33587330 1077936128 2 2147483648 1049088 0 0 2 0 2097152 33587200 830500928 2198100136 9 285229056 33554560 8 16793664 2164264960
is_linear=0
shrinkage=0.05


Tree=136
num_leaves=31
num_cat=9
split_feature=17 17 0 17 6 5 0 17 6 2 6 17 5 16 8 8 3 12 12 7 7 13 14 17 6 14 17 6 17 17
split_gain=13938 9016.84 1893.37 484.084 509.418 285.526 263.956 223.036 185.774 143.714 114.513 112.361 116.323 94.5235 71.7685 66.1097 56.8892 54.8896 53.5652 57.5843 74.3065 54.3652 53.5541 167.602 92.6615 84.0114 180.016 107.708 124.29 102.469
threshold=0 1 7.5000000000000009 2 18.500000000000004 21.250000000000004 7.5000000000000009 3 10.500000000000002 7.5000000000000009 16.500000000000004 4 26.250000000000004 120.03351666666667 23.500000000000004 27.500000000000004 137.50000000000003 51.500000000000007 8.5000000000000018 1.0000000180025095e-35 2.5000000000000004 30.500000000000004 680.08799166666688 5 10.500000000000002 609.91081666666685 6 18.500000000000004 7 8
decision_type=9 9 2 9 2 2 2 9 2 2 2 9 2 2 2 2 2 2 2 2 2 2 2 9 2 2 9 2 9 9
left_child=2 6 3 4 8 -6 -2 9 18 10 13 12 -5 17 -10 -12 22 -3 -1 -20 21 -21 25 -24 -25 -9 -27 28 -28 -29
right_child=1 7 -4 11 5 -7 -8 16 14 -11 15 -13 -14 -15 -16 -17 -18 -19 19 20 -22 -23 23 24 -26 26 27 29 -30 -31
leaf_value=-0.0088199912716130594 -0.0026059779320279919 -0.017990734422656907 0.00038131632150282261 -0.00070060233863635803 2.8286250221665199e-05 -0.0025049778342117971 2.122115233351707e-05 1.2971878810930094e-05 -0.00075941079597638969 0.00054663004671260393 -0.035511064058527046 -0.00070060233863635803 -0.00070060233863635803 -0.018810761237238571 -0.00029418880914962032 0.15761720543307095 1.9166790616306828 -0.024435849439894009 -0.0088199912716130594 0.22868000872838695 -0.0088199912716130594 -0.0088199912716130594 -0.0016700496984365376 0.21651997917004451 0.00472550624389454 -0.090199968541569406 -0.024322575791354242 0.0063333836532815553 -0.0042749065768510341 -0.0018453213577767525
leaf_weight=366 117 1700 2902 7027 319 107 10867 221314 790 2258 392 9591 1429 996 1604 342 121 244 113 136 338 29 7585 1195 11637 3311 1027 1751 3382 3239
leaf_count=366 117 1700 2902 7027 319 107 10867 221314 790 2258 392 9591 1429 996 1604 342 121 244 113 136 338 29 7585 1195 11637 3311 1027 1751 3382 3239
internal_value=-0.00160535 0.00167006 -0.0375167 -0.0425717 -0.0261018 0.0253521 0.0460251 -0.000201916 -0.0326718 -0.00977785 -0.0158955 -0.0460016 -0.0414718 -0.0203061 -0.0401838 0.00177112 2.16049e-05 -0.0138889 -0.0143585 -0.00535714 0.00188867 0.0293939 5.30575e-06 0.00246118 0.00594144 -0.000208953 -0.00416208 -0.000621745 -0.00631663 0.00440882
internal_weight=296229 271478 24751 21849 3802 426 10984 260494 3376 5932 3674 18047 8456 2940 2394 734 254562 1944 982 616 503 165 254441 20417 12832 234024 12710 9399 4409 4990
internal_count=296229 271478 24751 21849 3802 426 10984 260494 3376 5932 3674 18047 8456 2940 2394 734 254562 1944 982 616 503 165 254441 20417 12832 234024 12710 9399 4409 4990
cat_boundaries=0 3 5 8 10 11 13 16 18 21
cat_threshold=33587330 1077936128 2 2147483648 1049088 0 0 2 0 2097152 33587200 746915072 470303089 73792 17521730 1 553652224 805306496 1090535428 939524224 8
is_linear=0
shrinkage=0.05


Tree=137
num_leaves=31
num_cat=7
split_feature=17 17 0 17 6 5 0 17 6 2 6 17 5 16 8 8 5 17 12 13 12 12 7 7 13 12 0 17 6 5
split_gain=13936.1 9017.89 1893.37 484.084 509.418 285.526 263.956 222.128 185.774 143.226 112.404 112.361 116.323 94.0355 71.7685 64.8307 56.926 76.3995 55.1446 53.7875 68.8839 53.5652 57.5843 74.3065 54.3652 52.3852 82.4513 54.8956 65.6473 54.7784
threshold=0 1 7.5000000000000009 2 18.500000000000004 21.250000000000004 7.5000000000000009 3 10.500000000000002 7.5000000000000009 16.500000000000004 4 26.250000000000004 120.03351666666667 23.500000000000004 27.500000000000004 38.750000000000007 5 51.500000000000007 10.500000000000002 3.5000000000000004 8.5000000000000018 1.0000000180025095e-35 2.5000000000000004 30.500000000000004 4.5000000000000009 14.000000000000002 6 9.5000000000000018 26.250000000000004
decision_type=9 9 2 9 2 2 2 9 2 2 2 9 2 2 2 2 2 9 2 2 2 2 2 2 2 2 2 9 2 2
left_child=2 6 3 4 8 -6 -2 9 21 10 13 12 -5 18 -10 -12 -9 -18 19 20 -3 -1 -23 24 -24 -4 29 28 -28 -27
right_child=1 7 25 11 5 -7 -8 16 14 -11 15 -13 -14 -15 -16 -17 17 -19 -20 -21 -22 22 23 -25 -26 26 27 -29 -30 -31
leaf_value=-0.0083789917080324024 -0.0024756790354266037 -0.017570925308984988 0.038441282636485233 -0.00066557222170455794 2.6871937710559735e-05 -0.0023797289425012027 2.0160094716814571e-05 -0.00012182846844313034 -0.00072144025617757465 0.00051929854437693379 -0.033735510855600691 -0.00066557222170455794 -0.00066557222170455794 -0.017870223175376631 -0.000279479368692126 0.14973634516141737 0.13146853588620236 -0.0047153576937894572 -0.023214056967899313 -0.026685749850742901 0.11351098834575009 -0.0083789917080324024 0.21724600829196761 -0.0083789917080324024 -0.0083789917080324024 -0.0059164676904541304 -0.029458898434081428 -0.14387949063546657 -0.00018632842887242874 0.026436439782227872
leaf_weight=366 117 137 497 7027 319 107 10867 249847 790 2258 392 9591 1429 996 1604 342 2167 2548 244 1108 455 113 136 338 29 815 76 259 555 700
leaf_count=366 117 137 497 7027 319 107 10867 249847 790 2258 392 9591 1429 996 1604 342 2167 2548 244 1108 455 113 136 338 29 815 76 259 555 700
internal_value=-0.00160771 0.00166748 -0.0375167 -0.0425717 -0.0261018 0.0253521 0.0460251 -0.000204603 -0.0326718 -0.00976102 -0.0158683 -0.0460016 -0.0414718 -0.0202381 -0.0401838 0.00163488 1.84624e-05 0.00546129 -0.0138374 -0.0106471 0.00152027 -0.0143585 -0.00535714 0.00188867 0.0293939 0.000413508 -0.00264033 -0.0147191 -0.00631825 0.00445545
internal_weight=296229 271478 24751 21849 3802 426 10984 260494 3376 5932 3674 18047 8456 2940 2394 734 254562 4715 1944 1700 592 982 616 503 165 2902 2405 890 631 1515
internal_count=296229 271478 24751 21849 3802 426 10984 260494 3376 5932 3674 18047 8456 2940 2394 734 254562 4715 1944 1700 592 982 616 503 165 2902 2405 890 631 1515
cat_boundaries=0 3 5 8 10 11 14 15
cat_threshold=33587330 1077936128 2 2147483648 1049088 0 0 2 0 2097152 33587200 1703432192 218519808 5 33587200
is_linear=0
shrinkage=0.05


Tree=138
num_leaves=31
num_cat=6
split_feature=17 17 0 17 6 5 0 17 6 2 6 17 5 16 8 8 6 8 17 0 5 0 12 12 7 7 13 13 12 12
split_gain=13992.3 9018.63 1833.14 484.084 509.418 285.526 263.956 222.039 185.774 143.226 119.512 112.361 116.323 91.9985 71.7685 60.4653 58.8261 65.3824 75.8015 97.1349 82.4207 55.98 54.1284 53.5652 57.5843 74.3065 54.3652 49.9644 65.9216 49.4781
threshold=0 1 7.5000000000000009 2 18.500000000000004 21.250000000000004 7.5000000000000009 3 10.500000000000002 7.5000000000000009 16.500000000000004 4 26.250000000000004 120.03351666666667 23.500000000000004 27.500000000000004 9.5000000000000018 21.500000000000004 5 14.000000000000002 26.250000000000004 142.50000000000003 51.500000000000007 8.5000000000000018 1.0000000180025095e-35 2.5000000000000004 30.500000000000004 10.500000000000002 3.5000000000000004 5.5000000000000009
decision_type=9 9 2 9 2 2 2 9 2 2 2 9 2 2 2 2 2 2 9 2 2 2 2 2 2 2 2 2 2 2
left_child=2 6 3 4 8 -6 -2 9 23 10 13 12 -5 22 -10 -12 -4 -18 -19 20 -20 29 27 -1 -25 26 -26 28 -3 -9
right_child=1 7 16 11 5 -7 -8 21 14 -11 15 -13 -14 -15 -16 -17 17 18 19 -21 -22 -23 -24 24 25 -27 -28 -29 -30 -31
leaf_value=-0.0079600421226307724 -0.0023518950836552755 -0.016692379043535734 -0.023023835603509291 -0.00063229361061933886 2.5528340825031748e-05 -0.0022607424953761334 1.9152089980956079e-05 -0.0027705927502918119 -0.00068536824336868924 0.00049333361715806487 -0.032048735312820646 -0.00063229361061933886 -0.00063229361061933886 -0.016976712016607821 -0.00026550540025751526 0.14224952790334652 -0.019041218308965036 0.041228727361045617 -0.0067495906564856156 -0.071690647149004069 0.030185941525724937 1.8255576766697474 -0.022053354119504355 -0.0079600421226307724 0.20638370787736926 -0.0079600421226307724 -0.0079600421226307724 -0.025351462358205758 0.10783543892846259 0.0004201382199558346
leaf_weight=366 117 137 139 7027 319 107 10867 52201 790 2258 392 9591 1429 996 1604 342 887 512 610 327 427 129 244 113 136 338 29 1108 455 202232
leaf_count=366 117 137 139 7027 319 107 10867 52201 790 2258 392 9591 1429 996 1604 342 887 512 610 327 427 129 244 113 136 338 29 1108 455 202232
internal_value=-0.00161615 0.00166564 -0.0375974 -0.0425717 -0.0261018 0.0253521 0.0460251 -0.000206523 -0.0326718 -0.00976102 -0.0158683 -0.0460016 -0.0414718 -0.0203741 -0.0401838 0.00217984 -0.000275672 0.00132103 0.00660981 0.000363901 0.00785921 1.64983e-05 -0.0140432 -0.0143585 -0.00535714 0.00188867 0.0293939 -0.0108824 0.000844595 -1.96515e-07
internal_weight=296229 271478 24751 21849 3802 426 10984 260494 3376 5932 3674 18047 8456 2940 2394 734 2902 2763 1876 1364 1037 254562 1944 982 616 503 165 1700 592 254433
internal_count=296229 271478 24751 21849 3802 426 10984 260494 3376 5932 3674 18047 8456 2940 2394 734 2902 2763 1876 1364 1037 254562 1944 982 616 503 165 1700 592 254433
cat_boundaries=0 3 5 8 10 11 12
cat_threshold=33587330 1077936128 2 2147483648 1049088 0 0 2 0 2097152 33587200 33554434
is_linear=0
shrinkage=0.05


Tree=139
num_leaves=31
num_cat=6
split_feature=17 17 0 17 6 5 0 17 6 2 6 17 5 16 8 6 8 12 12 7 7 13 8 0 17 5 0 0 12 13
split_gain=13931.9 9016.99 1899.44 484.084 509.418 285.526 263.956 221.453 185.774 142.74 122.782 112.361 116.323 90.0079 71.7685 61.6698 58.3396 53.6238 53.5652 57.5843 74.3065 54.3652 52.3228 92.0235 75.052 51.0954 68.8855 50.8201 48.7105 48.1057
threshold=0 1 7.5000000000000009 2 18.500000000000004 21.250000000000004 7.5000000000000009 3 10.500000000000002 7.5000000000000009 16.500000000000004 4 26.250000000000004 120.03351666666667 23.500000000000004 9.5000000000000018 27.500000000000004 51.500000000000007 8.5000000000000018 1.0000000180025095e-35 2.5000000000000004 30.500000000000004 23.500000000000004 14.000000000000002 5 26.250000000000004 14.000000000000002 142.50000000000003 13.500000000000002 10.500000000000002
decision_type=9 9 2 9 2 2 2 9 2 2 2 9 2 2 2 2 2 2 2 2 2 2 2 2 9 2 2 2 2 2
left_child=2 6 3 4 8 -6 -2 9 18 10 13 12 -5 17 -10 -4 -12 29 -1 -20 21 -21 23 -17 25 -24 -27 -9 -29 -3
right_child=1 7 15 11 5 -7 -8 27 14 -11 16 -13 -14 -15 -16 22 -18 -19 19 20 -22 -23 24 -25 -26 26 -28 28 -30 -31
leaf_value=-0.0075620400164992498 -0.0022343003294725164 0.013728562703477687 -0.021872643823333784 -0.00060067893008834976 2.425192378376906e-05 -0.0021477053706073336 1.819448548188163e-05 4.9665488520034275e-06 -0.00065109983120024148 0.00046866693630018833 -0.030446298547179618 -0.00060067893008834976 -0.00060067893008834976 -0.016127876415777422 -0.00025223013024464617 0.0040696468106920852 0.13513705150817917 -0.020950686413529152 -0.0075620400164992498 0.19606452248350081 -0.0075620400164992498 -0.0075620400164992498 -0.17071673337202295 -0.10146382558365881 0.01727838904797192 0.03456117539649535 -0.11445355967924541 -0.66902032929253752 1.7590378173924592 -0.024083889240295475
leaf_weight=366 117 592 139 7027 319 107 10867 254433 790 2258 392 9591 1429 996 1604 956 342 244 113 136 338 29 386 542 668 178 33 22 107 1108
leaf_count=366 117 592 139 7027 319 107 10867 254433 790 2258 392 9591 1429 996 1604 956 342 244 113 136 338 29 386 542 668 178 33 22 107 1108
internal_value=-0.00160501 0.00166969 -0.0375086 -0.0425717 -0.0261018 0.0253521 0.0460251 -0.0002023 -0.0326718 -0.00974419 -0.015841 -0.0460016 -0.0414718 -0.0204082 -0.0401838 0.000482426 0.00245232 -0.0141461 -0.0143585 -0.00535714 0.00188867 0.0293939 0.00211726 -0.00420561 0.00960474 -0.00337727 0.0163507 2.04264e-05 0.0313953 -0.011
internal_weight=296229 271478 24751 21849 3802 426 10984 260494 3376 5932 3674 18047 8456 2940 2394 2902 734 1944 982 616 503 165 2763 1498 1265 597 211 254562 129 1700
internal_count=296229 271478 24751 21849 3802 426 10984 260494 3376 5932 3674 18047 8456 2940 2394 2902 734 1944 982 616 503 165 2763 1498 1265 597 211 254562 129 1700
cat_boundaries=0 3 5 8 10 11 14
cat_threshold=33587330 1077936128 2 2147483648 1049088 0 0 2 0 2097152 33587200 0 0 2
is_linear=0
shrinkage=0.05


Tree=140
num_leaves=31
num_cat=9
split_feature=17 17 0 17 6 5 0 17 6 2 6 17 5 16 8 8 12 12 7 7 13 0 13 17 14 6 17 17 14 17
split_gain=13843.3 9016.84 1994.87 484.084 509.418 285.526 263.956 220.691 185.774 142.253 120.598 112.361 116.323 91.0126 71.7685 59.2084 54.1284 53.5652 57.5843 74.3065 54.3652 50.8201 47.8085 142.454 54.1253 168.005 163.655 103.986 71.548 166.951
threshold=0 1 7.5000000000000009 2 18.500000000000004 21.250000000000004 7.5000000000000009 3 10.500000000000002 7.5000000000000009 16.500000000000004 4 26.250000000000004 120.03351666666667 23.500000000000004 28.500000000000004 51.500000000000007 8.5000000000000018 1.0000000180025095e-35 2.5000000000000004 30.500000000000004 142.50000000000003 36.500000000000007 5 680.08799166666688 10.500000000000002 6 7 610.03180000000009 8
decision_type=9 9 2 9 2 2 2 9 2 2 2 9 2 2 2 2 2 2 2 2 2 2 2 9 2 2 9 9 2 9
left_child=2 6 3 4 8 -6 -2 9 17 10 13 12 -5 16 -10 -12 -3 -1 -19 20 -20 22 24 -24 28 27 -27 -26 -9 -30
right_child=1 7 -4 11 5 -7 -8 21 14 -11 15 -13 -14 -15 -16 -17 -18 18 19 -21 -22 -23 23 -25 25 26 -28 -29 29 -31
leaf_value=-0.0071839380156742743 -0.0021225853129988705 -0.015442936213625781 0.00068501034494561353 -0.00057064498358392333 2.3039327594576165e-05 -0.0020403201020769758 1.7284761207747581e-05 -0.00019589159348019081 -0.00061854483964021159 0.00044523358948520556 -0.025604998552135074 -0.00057064498358392333 -0.00057064498358392333 -0.015321482594988556 -0.00023961862373242938 0.13042042949315702 -0.019903152092852674 -0.0071839380156742743 0.18626129635932576 -0.0071839380156742743 -0.0071839380156742743 1.6463279019666375 -0.021415791351659587 0.10440239170272454 0.33323392772163579 -0.0022904830889136198 0.0071033200481807508 0.066761739170152448 -0.096274520279197306 -0.0008772703582121677
leaf_weight=366 117 1700 2902 7027 319 107 10867 218338 790 2258 456 9591 1429 996 1604 278 244 113 136 338 29 129 1393 2947 794 8313 10030 1022 2942 8654
leaf_count=366 117 1700 2902 7027 319 107 10867 218338 790 2258 456 9591 1429 996 1604 278 244 113 136 338 29 129 1393 2947 794 8313 10030 1022 2942 8654
internal_value=-0.00159421 0.00167006 -0.0373834 -0.0425717 -0.0261018 0.0253521 0.0460251 -0.000201916 -0.0326718 -0.00972736 -0.0158138 -0.0460016 -0.0414718 -0.0203401 -0.0401838 0.00231608 -0.0140432 -0.0143585 -0.00535714 0.00188867 0.0293939 2.04264e-05 4.51985e-06 0.00520737 -8.57681e-05 0.00239843 0.00096222 0.0169053 -0.000303565 -0.00413073
internal_weight=296229 271478 24751 21849 3802 426 10984 260494 3376 5932 3674 18047 8456 2940 2394 734 1944 982 616 503 165 254562 254433 4340 250093 20159 18343 1816 229934 11596
internal_count=296229 271478 24751 21849 3802 426 10984 260494 3376 5932 3674 18047 8456 2940 2394 734 1944 982 616 503 165 254562 254433 4340 250093 20159 18343 1816 229934 11596
cat_boundaries=0 3 5 8 10 11 13 16 19 22
cat_threshold=33587330 1077936128 2 2147483648 1049088 0 0 2 0 2097152 33587200 1678770256 2164920579 763692288 469782904 4 1628459028 637884560 12 67182656 17516610 1
is_linear=0
shrinkage=0.05


Tree=141
num_leaves=31
num_cat=8
split_feature=17 17 0 17 6 5 17 6 2 0 6 17 5 16 8 5 8 12 12 7 7 13 5 17 0 17 17 14 13 6
split_gain=13874.6 9096.03 1979.32 484.084 509.418 285.526 220.64 185.774 141.768 140.016 122.052 112.361 116.323 91.0126 71.7685 58.4648 58.3246 54.1284 53.5652 57.5843 74.3065 54.3652 50.1183 72.6596 54.5906 212.829 197.548 94.6071 88.1564 89.881
threshold=0 1 7.5000000000000009 2 18.500000000000004 21.250000000000004 3 10.500000000000002 7.5000000000000009 7.5000000000000009 16.500000000000004 4 26.250000000000004 120.03351666666667 23.500000000000004 18.750000000000004 28.500000000000004 51.500000000000007 8.5000000000000018 1.0000000180025095e-35 2.5000000000000004 30.500000000000004 38.750000000000007 5 14.000000000000002 6 7 640.04790833333345 3.5000000000000004 13.500000000000002
decision_type=9 9 2 9 2 2 9 2 2 2 2 9 2 2 2 2 2 2 2 2 2 2 2 9 2 9 9 2 2 2
left_child=2 9 3 4 7 -6 8 18 10 15 13 12 -5 17 -9 -2 -12 -3 -1 -20 21 -21 24 -24 25 27 -26 -8 -27 -30
right_child=1 6 -4 11 5 -7 22 14 -10 -11 16 -13 -14 -15 -16 -17 -18 -19 19 20 -22 -23 23 -25 26 28 -28 -29 29 -31
leaf_value=-0.0068247411148905542 5.0969170148107429e-05 -0.014670789402944485 0.00065075982769835505 -0.00054211273440474272 2.1887361214867342e-05 -0.0019383040969731093 -0.012479154733801279 -0.00058761759765819661 0.00042297191001097192 1.6420523147342438e-05 -0.024324748624528339 -0.00054211273440474272 -0.00054211273440474272 -0.014555408465239152 -0.00022763769254581235 -0.0040942343826363197 0.12389940801849919 -0.018907994488210057 -0.0068247411148905542 0.1769482315413595 -0.0068247411148905542 -0.0068247411148905542 0.15061334698999645 0.0054863993434000058 -0.028923663406152489 0.0046849801195353539 -0.00033796918524604537 0.0025811734119069122 -0.0003714505125561818 0.00094282559599276903
leaf_weight=366 63 1700 2902 7027 319 107 18908 790 2258 10867 456 9591 1429 996 1604 54 278 244 113 136 338 29 1585 3130 13973 8663 162432 2735 20830 22306
leaf_count=366 63 1700 2902 7027 319 107 18908 790 2258 10867 456 9591 1429 996 1604 54 278 244 113 136 338 29 1585 3130 13973 8663 162432 2735 20830 22306
internal_value=-0.00157395 0.001694 -0.0374036 -0.0425717 -0.0261018 0.0253521 -0.000186178 -0.0326718 -0.00971054 0.0462434 -0.0157866 -0.0460016 -0.0414718 -0.0203401 -0.0401838 -0.00811966 0.00245232 -0.0140432 -0.0143585 -0.00535714 0.00188867 0.0293939 3.61391e-05 0.00514316 -6.02369e-05 0.00108521 -0.000537116 -0.0030781 0.0028248 0.00190096
internal_weight=296229 271478 24751 21849 3802 426 260494 3376 5932 10984 3674 18047 8456 2940 2394 117 734 1944 982 616 503 165 254562 4715 249847 73442 176405 21643 51799 43136
internal_count=296229 271478 24751 21849 3802 426 260494 3376 5932 10984 3674 18047 8456 2940 2394 117 734 1944 982 616 503 165 254562 4715 249847 73442 176405 21643 51799 43136
cat_boundaries=0 3 5 8 10 11 14 17 19
cat_threshold=33587330 1077936128 2 2147483648 1049088 0 0 2 0 2097152 33587200 1149779968 218388736 4 873206804 705101882 4 17842176 2432697600
is_linear=0
shrinkage=0.05


Tree=142
num_leaves=31
num_cat=8
split_feature=17 17 0 17 6 5 17 6 2 0 6 17 5 16 8 5 8 12 12 7 7 13 13 17 13 13 17 17 6 8
split_gain=13862.9 9102.8 1979.32 484.084 509.418 285.526 219.841 185.774 141.768 140.016 122.052 112.361 116.323 91.0126 71.7685 58.4648 58.3246 54.1284 53.5652 57.5843 74.3065 54.3652 50.1198 131.643 53.431 178.825 198.017 107.342 103.694 101.887
threshold=0 1 7.5000000000000009 2 18.500000000000004 21.250000000000004 3 10.500000000000002 7.5000000000000009 7.5000000000000009 16.500000000000004 4 26.250000000000004 120.03351666666667 23.500000000000004 18.750000000000004 28.500000000000004 51.500000000000007 8.5000000000000018 1.0000000180025095e-35 2.5000000000000004 30.500000000000004 36.500000000000007 5 25.500000000000004 29.500000000000004 6 7 11.500000000000002 29.500000000000004
decision_type=9 9 2 9 2 2 9 2 2 2 2 9 2 2 2 2 2 2 2 2 2 2 2 9 2 2 9 9 2 2
left_child=2 9 3 4 7 -6 8 18 10 15 13 12 -5 17 -9 -2 -12 -3 -1 -20 21 -21 24 -24 29 26 28 -27 -26 -8
right_child=1 6 -4 11 5 -7 22 14 -10 -11 16 -13 -14 -15 -16 -17 -18 -19 19 20 -22 -23 23 -25 25 27 -28 -29 -30 -31
leaf_value=-0.0064835040591460398 4.8420711640684289e-05 -0.013937249932797258 0.00061822183631345953 -0.00051500709768452784 2.0792993154117313e-05 -0.0018413888921244405 -0.0002020706729083166 -0.00055823671777530668 0.00040182331451044107 1.5599496989970873e-05 -0.023108511193301953 -0.00051500709768452784 -0.00051500709768452784 -0.013827638041977197 -0.00021625580791853063 -0.0038895226635045077 0.11770443761757426 -0.017962594763799532 -0.0064835040591460398 0.16810081996429149 -0.0064835040591460398 -0.0064835040591460398 -0.030000219482815817 0.10252787370410631 -0.05668523115723776 0.017427857870986687 -0.070894236904578661 -0.004197806944183635 0.0015867330254280888 0.01081648545234204
leaf_weight=366 63 1700 2902 7027 319 107 179744 790 2258 10867 456 9591 1429 996 1604 54 278 244 113 136 338 29 1391 2949 1881 14697 8058 14160 4773 26909
leaf_count=366 63 1700 2902 7027 319 107 179744 790 2258 10867 456 9591 1429 996 1604 54 278 244 113 136 338 29 1391 2949 1881 14697 8058 14160 4773 26909
internal_value=-0.00158914 0.00167742 -0.0374036 -0.0425717 -0.0261018 0.0253521 -0.000203452 -0.0326718 -0.00971054 0.0462434 -0.0157866 -0.0460016 -0.0414718 -0.0203401 -0.0401838 -0.00811966 0.00245232 -0.0140432 -0.0143585 -0.00535714 0.00188867 0.0293939 1.84624e-05 0.00534562 -7.39343e-05 -0.00166517 -0.00615144 0.000622033 0.000240096 0.00026155
internal_weight=296229 271478 24751 21849 3802 426 260494 3376 5932 10984 3674 18047 8456 2940 2394 117 734 1944 982 616 503 165 254562 4340 250222 43569 14712 28857 6654 206653
internal_count=296229 271478 24751 21849 3802 426 260494 3376 5932 10984 3674 18047 8456 2940 2394 117 734 1944 982 616 503 165 254562 4340 250222 43569 14712 28857 6654 206653
cat_boundaries=0 3 5 8 10 11 13 16 19
cat_threshold=33587330 1077936128 2 2147483648 1049088 0 0 2 0 2097152 33587200 1678770256 2232029187 554763332 2433235409 8 269837376 2835700762 9
is_linear=0
shrinkage=0.05


Tree=143
num_leaves=31
num_cat=7
split_feature=17 17 0 17 6 5 17 6 0 6 3 17 5 16 8 5 12 7 7 13 12 13 12 8 14 13 17 8 6 17
split_gain=13861.5 9103.55 1979.32 484.084 509.418 285.526 205.968 185.774 140.016 138.456 158.141 112.361 116.323 89.9558 71.7685 58.4648 53.5652 57.5843 74.3065 54.3652 52.2363 50.4305 55.6852 49.7895 61.0564 48.7642 281.484 174.814 95.434 87.1776
threshold=0 1 7.5000000000000009 2 18.500000000000004 21.250000000000004 3 10.500000000000002 7.5000000000000009 16.500000000000004 7.5000000000000009 4 26.250000000000004 120.03351666666667 23.500000000000004 18.750000000000004 8.5000000000000018 1.0000000180025095e-35 2.5000000000000004 30.500000000000004 51.500000000000007 10.500000000000002 3.5000000000000004 28.500000000000004 619.9678416666668 1.5000000000000002 5 25.500000000000004 12.500000000000002 6
decision_type=9 9 2 9 2 2 9 2 2 2 2 9 2 2 2 2 2 2 2 2 2 2 2 2 2 2 9 2 2 9
left_child=2 8 3 4 7 -6 9 16 15 10 13 12 -5 20 -9 -2 -1 -18 19 -19 21 22 -3 -11 -25 26 27 28 -8 -28
right_child=1 6 -4 11 5 -7 25 14 -10 23 -12 -13 -14 -15 -16 -17 17 18 -20 -21 -22 -23 -24 24 -26 -27 29 -29 -30 -31
leaf_value=-0.0061593288561887505 4.5999676058627874e-05 -0.014341639449064436 0.00058731074449775995 -0.00048925674280031473 1.9753343496420329e-05 -0.0017493194475182161 0.03987510382133657 -0.00053032488188655693 1.4819522140463449e-05 -0.01000660361723469 -0.0080661521357614074 -0.00048925674280031473 -0.00048925674280031473 -0.013136256139878323 -0.00020544301752258856 -0.0036950465303292827 -0.0061593288561887505 0.15969577896607695 -0.0061593288561887505 -0.0061593288561887505 -0.017064465025609543 -0.020677146000812299 0.077312748810243734 0.11594886796706004 -0.10522594936904901 0.00031349865673440118 0.0048296167269494374 -0.13672866299781711 -0.078939399772349012 -0.00035634466924232559
leaf_weight=366 63 138 2902 7027 319 107 1825 790 10867 885 1633 9591 1429 996 1604 54 113 136 338 29 246 1124 473 297 140 230406 4144 2895 3043 12249
leaf_count=366 63 138 2902 7027 319 107 1825 790 10867 885 1633 9591 1429 996 1604 54 113 136 338 29 246 1124 473 297 140 230406 4144 2895 3043 12249
internal_value=-0.00159083 0.00167558 -0.0374036 -0.0425717 -0.0261018 0.0253521 -0.000205371 -0.0326718 0.0462434 -0.00940761 -0.0135141 -0.0460016 -0.0414718 -0.0203729 -0.0401838 -0.00811966 -0.0143585 -0.00535714 0.00188867 0.0293939 -0.01421 -0.0111527 0.000409165 0.00484115 0.0186499 9.42759e-06 -0.00212784 -0.00996398 -0.00419063 0.00158812
internal_weight=296229 271478 24751 21849 3802 426 260494 3376 10984 5932 4610 18047 8456 2977 2394 117 982 616 503 165 1981 1735 611 1322 437 254562 24156 7763 4868 16393
internal_count=296229 271478 24751 21849 3802 426 260494 3376 10984 5932 4610 18047 8456 2977 2394 117 982 616 503 165 1981 1735 611 1322 437 254562 24156 7763 4868 16393
cat_boundaries=0 3 5 8 10 11 14 17
cat_threshold=33587330 1077936128 2 2147483648 1049088 0 0 2 0 2097152 33587200 1350906896 537214978 5 151011328 1256 8
is_linear=0
shrinkage=0.05


Tree=144
num_leaves=31
num_cat=8
split_feature=17 17 0 17 6 5 17 6 6 3 0 17 5 16 8 12 7 7 13 12 13 12 8 14 5 17 8 17 12 17
split_gain=13866 9115.86 1979.32 484.084 509.418 285.526 203.187 185.774 141.57 159.143 123.147 112.361 116.323 89.9558 71.7685 53.5652 57.5843 74.3065 54.3652 52.2363 50.4305 55.6852 49.8032 58.8981 48.505 73.1242 51.3622 228.242 162.543 113.53
threshold=0 1 7.5000000000000009 2 18.500000000000004 21.250000000000004 3 10.500000000000002 16.500000000000004 7.5000000000000009 7.5000000000000009 4 26.250000000000004 120.03351666666667 23.500000000000004 8.5000000000000018 1.0000000180025095e-35 2.5000000000000004 30.500000000000004 51.500000000000007 10.500000000000002 3.5000000000000004 28.500000000000004 619.9678416666668 38.750000000000007 5 21.500000000000004 6 20.500000000000004 7
decision_type=9 9 2 9 2 2 9 2 2 2 2 9 2 2 2 2 2 2 2 2 2 2 2 2 2 9 2 9 2 9
left_child=2 10 3 4 7 -6 8 15 9 13 -2 12 -5 19 -9 -1 -17 18 -18 20 21 -3 -10 -24 26 -26 27 -8 -29 -30
right_child=1 6 -4 11 5 -7 24 14 22 -11 -12 -13 -14 -15 -16 16 17 -19 -20 -21 -22 -23 23 -25 25 -27 -28 28 29 -31
leaf_value=-0.0058513624133793131 -0.0014325158685254192 -0.013624557476611222 0.00055794520727285861 -0.000464793905660299 1.8765676321619298e-05 -0.0016618534751422942 0.036886265887424233 -0.00050380863779224687 -0.0095062734363729369 -0.0076628445289733454 1.407854603341363e-05 -0.000464793905660299 -0.000464793905660299 -0.0124794433328844 -0.00019517086664646579 -0.0058513624133793131 0.15171099001777311 -0.0058513624133793131 -0.0058513624133793131 -0.016211241774329067 -0.019643288700771679 0.073447111369731574 0.11015142456870707 -0.099964651900596557 0.18193249737556202 0.012656528877368345 -0.00053745430381693107 -0.00655490857841734 -0.24312149651738771 -0.038971566503467295
leaf_weight=366 117 138 2902 7027 319 107 26949 790 885 1633 10867 9591 1429 996 1604 113 136 338 29 246 1124 473 297 140 1186 3529 198778 22396 550 1174
leaf_count=366 117 138 2902 7027 319 107 26949 790 885 1633 10867 9591 1429 996 1604 113 136 338 29 246 1124 473 297 140 1186 3529 198778 22396 550 1174
internal_value=-0.00158509 0.00168184 -0.0374036 -0.0425717 -0.0261018 0.0253521 -0.000200381 -0.0326718 -0.00934029 -0.0134924 0.0462798 -0.0460016 -0.0414718 -0.0203729 -0.0401838 -0.0143585 -0.00535714 0.00188867 0.0293939 -0.01421 -0.0111527 0.000409165 0.00506808 0.0188787 1.29629e-05 0.00503712 -8.18501e-05 0.00133251 -0.00220058 -0.0169954
internal_weight=296229 271478 24751 21849 3802 426 260494 3376 5932 4610 10984 18047 8456 2977 2394 982 616 503 165 1981 1735 611 1322 437 254562 4715 249847 51069 24120 1724
internal_count=296229 271478 24751 21849 3802 426 260494 3376 5932 4610 10984 18047 8456 2977 2394 982 616 503 165 1981 1735 611 1322 437 254562 4715 249847 51069 24120 1724
cat_boundaries=0 3 5 8 10 11 14 17 19
cat_threshold=33587330 1077936128 2 2147483648 1049088 0 0 2 0 2097152 33587200 76038144 201611264 4 1359818820 990255128 8 201343248 90112
is_linear=0
shrinkage=0.05


Tree=145
num_leaves=31
num_cat=6
split_feature=17 17 0 17 6 5 17 6 6 3 0 17 5 16 8 12 7 7 13 12 2 13 12 8 14 8 6 8 17 0
split_gain=13854 9122.79 1979.32 484.084 509.418 285.526 200.169 185.774 142.062 159.596 123.147 112.361 116.323 87.5183 71.7685 53.5652 57.5843 74.3065 54.3652 51.9921 48.5723 48.1052 54.3883 47.6314 57.8942 47.445 46.9575 50.7113 69.7183 66.5118
threshold=0 1 7.5000000000000009 2 18.500000000000004 21.250000000000004 3 10.500000000000002 16.500000000000004 7.5000000000000009 7.5000000000000009 4 26.250000000000004 120.03351666666667 23.500000000000004 8.5000000000000018 1.0000000180025095e-35 2.5000000000000004 30.500000000000004 51.500000000000007 122.50000000000001 10.500000000000002 3.5000000000000004 28.500000000000004 619.9678416666668 25.500000000000004 9.5000000000000018 21.500000000000004 5 14.000000000000002
decision_type=9 9 2 9 2 2 9 2 2 2 2 9 2 2 2 2 2 2 2 2 2 2 2 2 2 2 2 2 9 2
left_child=2 10 3 4 7 -6 8 15 9 13 -2 12 -5 19 -9 -1 -17 18 -18 21 -8 22 -3 -10 -25 -24 -4 -28 -29 -30
right_child=1 6 26 11 5 -7 20 14 23 -11 -12 -13 -14 -15 -16 16 17 -19 -20 -21 -22 -23 25 24 -26 -27 27 28 29 -31
leaf_value=-0.0055587942927103565 -0.0013608900750991639 -0.012943329602780641 -0.020933974030203473 -0.00044155421037728182 1.7827392505553874e-05 -0.0015787608013851707 -2.3099191838760193e-05 -0.00047861820590262561 -0.009030959764554326 -0.0072797023025247048 1.3374618731720745e-05 -0.00044155421037728182 -0.00044155421037728182 -0.011855471166240195 -0.00018541232331412694 -0.0055587942927103565 0.14412544051688445 -0.0055587942927103565 -0.0055587942927103565 -0.01540067968561263 1.0093138782332105 -0.018661124265733076 -0.018312633364440511 0.10464385334027169 -0.094966419305566735 0.19884628072428989 -0.018447602132087761 0.039049068162041324 0.010424033545332102 -0.063187885910407277
leaf_weight=366 117 138 139 7027 319 107 254294 790 885 1633 10867 9591 1429 996 1604 113 136 338 29 246 268 1124 340 297 140 133 887 512 1037 327
leaf_count=366 117 138 139 7027 319 107 254294 790 885 1633 10867 9591 1429 996 1604 113 136 338 29 246 268 1124 340 297 140 133 887 512 1037 327
internal_value=-0.00160062 0.0016649 -0.0374036 -0.0425717 -0.0261018 0.0253521 -0.000218039 -0.0326718 -0.0092898 -0.013449 0.0462798 -0.0460016 -0.0414718 -0.0203393 -0.0401838 -0.0143585 -0.00535714 0.00188867 0.0293939 -0.0142605 -6.28506e-06 -0.0112104 8.18331e-05 0.00514372 0.0186499 0.00813953 0.00137836 0.00280492 0.00746269 0.0014556
internal_weight=296229 271478 24751 21849 3802 426 260494 3376 5932 4610 10984 18047 8456 2977 2394 982 616 503 165 1981 254562 1735 611 1322 437 473 2902 2763 1876 1364
internal_count=296229 271478 24751 21849 3802 426 260494 3376 5932 4610 10984 18047 8456 2977 2394 982 616 503 165 1981 254562 1735 611 1322 437 473 2902 2763 1876 1364
cat_boundaries=0 3 5 8 10 11 12
cat_threshold=33587330 1077936128 2 2147483648 1049088 0 0 2 0 2097152 33587200 33554434
is_linear=0
shrinkage=0.05


Tree=146
num_leaves=31
num_cat=9
split_feature=17 17 0 17 6 5 17 6 14 3 0 17 5 16 12 8 8 12 7 7 13 2 5 0 17 17 17 8 0 17
split_gain=13749 9122.34 2095.82 484.084 509.418 285.526 198.737 185.774 140.242 160.086 123.147 112.361 116.323 100.894 73.94 71.7685 54.1836 53.5652 57.5843 74.3065 54.3652 47.1669 46.8864 45.3395 274.256 164.669 105.028 163.394 95.5821 160.55
threshold=0 1 7.5000000000000009 2 18.500000000000004 21.250000000000004 3 10.500000000000002 510.00895000000008 7.5000000000000009 7.5000000000000009 4 26.250000000000004 170.0229166666667 51.500000000000007 23.500000000000004 22.500000000000004 8.5000000000000018 1.0000000180025095e-35 2.5000000000000004 30.500000000000004 112.50000000000001 18.750000000000004 17.500000000000004 5 6 7 25.500000000000004 27.500000000000004 8
decision_type=9 9 2 9 2 2 9 2 2 2 2 9 2 2 2 2 2 2 2 2 2 2 2 2 9 9 9 2 2 9
left_child=2 10 3 4 7 -6 8 17 9 13 22 12 -5 14 -3 -9 -4 -1 -19 20 -20 23 -2 25 -25 -8 27 -26 29 -28
right_child=1 6 16 11 5 -7 21 15 -10 -11 -12 -13 -14 -15 -16 -17 -18 18 19 -21 -22 -23 -24 24 26 -27 28 -29 -30 -31
leaf_value=-0.0052808545780748343 0.00018336998943691007 -0.017728068052446401 -0.0093726158903902675 -0.00041947649985840663 1.6936022880287283e-05 -0.0014998227613159277 -0.0096560356129845593 -0.0004546872956074921 0.016720282068685945 -0.0068013467698082586 1.2705887795139149e-05 -0.00041947649985840663 -0.00041947649985840663 -0.0089634781164829921 -0.014630645701332013 -0.00017614170714841393 0.0063583239643757675 -0.0052808545780748343 0.13691916849104024 -0.0052808545780748343 -0.0052808545780748343 0.57219362852897648 -0.0033706239066316093 -0.067080082470206026 -0.00091182625951446994 0.00095490088565561857 0.058784250455616152 -0.062979590754520531 -0.0052799074598528506 0.0064752079586186014
leaf_weight=366 63 1960 1147 7027 319 107 19054 790 1451 1568 10867 9591 1429 657 296 1604 1755 113 136 338 29 579 54 3127 14485 84460 5436 8407 92405 26609
leaf_count=366 63 1960 1147 7027 319 107 19054 790 1451 1568 10867 9591 1429 657 296 1604 1755 113 136 338 29 579 54 3127 14485 84460 5436 8407 92405 26609
internal_value=-0.00158712 0.001666 -0.0372541 -0.0425717 -0.0261018 0.0253521 -0.000216887 -0.0326718 -0.00925614 -0.0136465 0.0462798 -0.0460016 -0.0414718 -0.0205802 -0.0155585 -0.0401838 0.00265334 -0.0143585 -0.00535714 0.00188867 0.0293939 -5.89224e-06 -0.00470085 -3.83884e-05 -0.000592481 0.000767046 -0.00028096 -0.00339272 0.00029166 0.00264472
internal_weight=296229 271478 24751 21849 3802 426 260494 3376 5932 4481 10984 18047 8456 2913 2256 2394 2902 982 616 503 165 254562 117 253983 150469 103514 147342 22892 124450 32045
internal_count=296229 271478 24751 21849 3802 426 260494 3376 5932 4481 10984 18047 8456 2913 2256 2394 2902 982 616 503 165 254562 117 253983 150469 103514 147342 22892 124450 32045
cat_boundaries=0 3 5 8 10 11 13 16 18 21
cat_threshold=33587330 1077936128 2 2147483648 1049088 0 0 2 0 2097152 33587200 0 2432697600 269222932 671547400 4 1091846208 12306 8400912 526408 1
is_linear=0
shrinkage=0.05


Tree=147
num_leaves=31
num_cat=7
split_feature=17 17 0 17 6 5 17 6 6 3 0 17 5 16 8 12 7 7 13 6 8 17 0 5 11 17 8 13 14 7
split_gain=13807.4 9119.93 2035.58 484.084 509.418 285.526 199.007 185.774 139.92 157.947 123.147 112.361 116.323 91.9387 71.7685 53.5652 57.5843 74.3065 54.3652 49.0342 49.3034 52.4734 91.1655 112.277 48.8482 230.248 85.2883 92.5803 77.459 76.9611
threshold=0 1 7.5000000000000009 2 18.500000000000004 21.250000000000004 3 10.500000000000002 16.500000000000004 7.5000000000000009 7.5000000000000009 4 26.250000000000004 120.03351666666667 23.500000000000004 8.5000000000000018 1.0000000180025095e-35 2.5000000000000004 30.500000000000004 9.5000000000000018 21.500000000000004 5 14.000000000000002 26.250000000000004 1.0000000180025095e-35 6 25.500000000000004 1.5000000000000002 520.05207500000017 4.5000000000000009
decision_type=9 9 2 9 2 2 9 2 2 2 2 9 2 2 2 2 2 2 2 2 2 9 2 2 2 9 2 2 2 2
left_child=2 10 3 4 7 -6 8 15 9 13 -2 12 -5 -3 -9 -1 -17 18 -18 -4 -21 22 23 -22 29 26 -26 28 -28 -8
right_child=1 6 19 11 5 -7 24 14 -10 -11 -12 -13 -14 -15 -16 16 17 -19 -20 20 21 -23 -24 -25 25 -27 27 -29 -30 -31
leaf_value=-0.005016811849171088 -0.0011243143760126361 -0.013899113416265419 -0.020205191526912095 -0.00039850267486549743 1.60892217362818e-05 -0.0014248316232501335 0.0014508900781110114 -0.00043195293082711752 0.02974777869983658 -0.0065756498489080613 1.2070593405422159e-05 -0.00039850267486549743 -0.00039850267486549743 -0.010814523702104051 -0.00016733462179097103 -0.005016811849171088 0.13007321006648823 -0.005016811849171088 -0.005016811849171088 -0.017056591230963838 -0.15149113906351844 0.01075837939116786 -0.14174978917327091 0.03011693696065363 -0.028358176003227653 0.0029210313354556487 -0.11232327935456841 -0.0037941993957251621 -0.00075776301572112465 -0.0017272930796485399
leaf_weight=366 117 1981 139 7027 319 107 162206 790 1322 1633 10867 9591 1429 996 1604 113 136 338 29 887 473 935 136 332 8416 20760 2922 2156 673 57429
leaf_count=366 117 1981 139 7027 319 107 162206 790 1322 1633 10867 9591 1429 996 1604 113 136 338 29 887 473 935 136 332 8416 20760 2922 2156 673 57429
internal_value=-0.00158813 0.0016719 -0.0373309 -0.0425717 -0.0261018 0.0253521 -0.000210745 -0.0326718 -0.00925614 -0.0133839 0.0462798 -0.0460016 -0.0414718 -0.0202385 -0.0401838 -0.0143585 -0.00535714 0.00188867 0.0293939 0.00199862 0.00345639 0.00804904 -0.000368034 0.00602484 3.92816e-07 -0.00173648 -0.00664809 -0.0113459 -0.0162587 0.000276595
internal_weight=296229 271478 24751 21849 3802 426 260494 3376 5932 4610 10984 18047 8456 2977 2394 982 616 503 165 2902 2763 1876 941 805 254562 34927 14167 5751 3595 219635
internal_count=296229 271478 24751 21849 3802 426 260494 3376 5932 4610 10984 18047 8456 2977 2394 982 616 503 165 2902 2763 1876 941 805 254562 34927 14167 5751 3595 219635
cat_boundaries=0 3 5 8 10 11 14 17
cat_threshold=33587330 1077936128 2 2147483648 1049088 0 0 2 0 2097152 33587200 0 0 2 1367684164 537200896 5
is_linear=0
shrinkage=0.05


Tree=148
num_leaves=31
num_cat=10
split_feature=17 17 0 17 6 5 17 6 3 14 0 17 5 16 8 12 12 7 7 13 5 0 17 17 13 17 14 17 6 17
split_gain=13799.8 9094.64 2092.63 484.084 509.418 285.526 207.109 185.774 132.556 150.171 123.147 112.361 116.323 102.508 71.7685 66.6742 53.5652 57.5843 74.3065 54.3652 46.8864 46.7681 256.315 152.338 116.422 116.378 91.8932 169.056 86.7849 282.264
threshold=0 1 7.5000000000000009 2 18.500000000000004 21.250000000000004 3 10.500000000000002 7.5000000000000009 510.00895000000008 7.5000000000000009 4 26.250000000000004 170.0229166666667 23.500000000000004 51.500000000000007 8.5000000000000018 1.0000000180025095e-35 2.5000000000000004 30.500000000000004 18.750000000000004 17.500000000000004 5 6 3.5000000000000004 7 320.12948333333338 8 11.500000000000002 9
decision_type=9 9 2 9 2 2 9 2 2 2 2 9 2 2 2 2 2 2 2 2 2 2 9 9 2 9 2 9 2 9
left_child=2 10 3 4 7 -6 8 16 9 13 20 12 -5 15 -9 -3 -1 -18 19 -19 -2 23 -23 -8 25 -25 -26 -28 29 -24
right_child=1 6 -4 11 5 -7 21 14 -10 -11 -12 -13 -14 -15 -16 -17 17 18 -20 -21 -22 22 28 24 26 -27 27 -29 -30 -31
leaf_value=-0.0047659712567125201 0.0002304172087656653 -0.016146708979010826 0.0018604151179366646 -0.00037857754112220477 1.5284760649469933e-05 -0.0013535900420876157 -0.026612539324743167 -0.00041035528428574609 0.0010615922166171466 0.028260389764844795 1.1467063735182138e-05 -0.00037857754112220477 -0.00037857754112220477 -0.0079745780255536577 -0.00015896789070142249 -0.013204157745452161 -0.0047659712567125201 0.12356954956316382 -0.0047659712567125201 -0.0047659712567125201 -0.0031458769924994192 -0.054020556333312181 0.19182011584379641 0.0076307412634672115 -0.00064396681299205838 0.00024012358854785809 0.0077116231080514019 0.00020556185049209753 -0.0063241105286898861 0.0047756162976860146
leaf_weight=366 63 1960 2902 7027 319 107 17321 790 2208 811 10867 9591 1429 657 1604 296 113 136 338 29 54 4818 3552 8643 39159 5904 8639 23848 112221 30457
leaf_count=366 63 1960 2902 7027 319 107 17321 790 2208 811 10867 9591 1429 657 1604 296 113 136 338 29 54 4818 3552 8643 39159 5904 8639 23848 112221 30457
internal_value=-0.00152534 0.00173378 -0.0372582 -0.0425717 -0.0261018 0.0253521 -0.000146255 -0.0326718 -0.00937395 -0.015145 0.0462798 -0.0460016 -0.0414718 -0.0204428 -0.0401838 -0.0153812 -0.0143585 -0.00535714 0.00188867 0.0293939 -0.00470085 6.91356e-05 -0.000491897 0.000887803 0.00174762 0.00582594 0.0009198 0.00288577 -0.000117615 0.00209503
internal_weight=296229 271478 24751 21849 3802 426 260494 3376 5932 3724 10984 18047 8456 2913 2394 2256 982 616 503 165 117 254562 151048 103514 86193 14547 71646 32487 146230 34009
internal_count=296229 271478 24751 21849 3802 426 260494 3376 5932 3724 10984 18047 8456 2913 2394 2256 982 616 503 165 117 254562 151048 103514 86193 14547 71646 32487 146230 34009
cat_boundaries=0 3 5 8 10 11 13 16 19 22 24
cat_threshold=33587330 1077936128 2 2147483648 1049088 0 0 2 0 2097152 33587200 0 2432701696 269222916 671547400 4 621822288 17307104 8 1140936704 16789521 9 16384 570638496
is_linear=0
shrinkage=0.05


Tree=149
num_leaves=31
num_cat=8
split_feature=17 17 0 17 6 5 17 6 2 0 17 5 14 16 8 12 7 7 13 8 5 0 0 12 0 17 17 17 8 0
split_gain=13803.7 9092.39 2092.63 484.084 509.418 285.526 199.136 185.774 128.347 123.147 112.361 116.323 111.728 115.683 71.7685 53.5652 57.5843 74.3065 54.3652 49.389 46.8864 46.7219 45.7669 46.5069 45.7958 245.064 133.704 93.2423 207.584 91.104
threshold=0 1 7.5000000000000009 2 18.500000000000004 21.250000000000004 3 10.500000000000002 7.5000000000000009 7.5000000000000009 4 26.250000000000004 519.85937500000011 120.03351666666667 23.500000000000004 8.5000000000000018 1.0000000180025095e-35 2.5000000000000004 30.500000000000004 28.500000000000004 18.750000000000004 17.500000000000004 142.50000000000003 13.500000000000002 17.500000000000004 5 6 7 25.500000000000004 27.500000000000004
decision_type=9 9 2 9 2 2 9 2 2 2 9 2 2 2 2 2 2 2 2 2 2 2 2 2 2 9 9 9 2 2
left_child=2 9 3 4 7 -6 8 15 12 20 11 -5 13 -3 -9 -1 -17 18 -18 -14 -2 -10 24 -24 26 -26 -8 28 -27 -29
right_child=1 6 -4 10 5 -7 22 14 21 -11 -12 -13 19 -15 -16 16 17 -19 -20 -21 -22 -23 23 -25 25 27 -28 29 -30 -31
leaf_value=-0.0045276726938769055 0.00021889634832739091 -0.012543949858179549 0.0017673943620398092 -0.00035964866406610344 1.4520522617011978e-05 -0.001285910539983215 -0.059252882339552039 -0.00038983752007144546 0.021032818658423172 1.0893710548387503e-05 -0.00035964866406610344 -0.00035964866406610344 -0.022389402516941992 -0.0096806916345417281 -0.00015101949616633804 -0.0045276726938769055 0.11739107208500564 -0.0045276726938769055 -0.0045276726938769055 0.091545585916225219 -0.0029885831428744683 -0.11363195513339647 -0.79451651551875035 1.5099760168841869 -0.061097595033935727 0.0022628537333541309 0.00087254199907600423 0.014077041748109665 -0.094500702612471704 -0.0053567172209380235
leaf_weight=366 63 1947 2902 7027 319 107 9959 790 1790 10867 9591 1429 510 950 1604 113 136 338 29 267 54 468 22 107 3127 12202 93555 34957 6634 93999
leaf_count=366 63 1947 2902 7027 319 107 9959 790 1790 10867 9591 1429 510 950 1604 113 136 338 29 267 54 468 22 107 3127 12202 93555 34957 6634 93999
internal_value=-0.00152028 0.0017393 -0.0372582 -0.0425717 -0.0261018 0.0253521 -0.000140497 -0.0326718 -0.00918883 0.0462798 -0.0460016 -0.0414718 -0.0149701 -0.0194857 -0.0401838 -0.0143585 -0.00535714 0.00188867 0.0293939 0.00186615 -0.00470085 0.000177148 7.07069e-05 0.029845 5.56139e-05 -0.000499937 0.000865583 -0.000206357 -0.00349146 0.000273716
internal_weight=296229 271478 24751 21849 3802 426 260494 3376 5932 10984 18047 8456 3674 2897 2394 982 616 503 165 777 117 2258 254562 129 254433 150919 103514 147792 18836 128956
internal_count=296229 271478 24751 21849 3802 426 260494 3376 5932 10984 18047 8456 3674 2897 2394 982 616 503 165 777 117 2258 254562 129 254433 150919 103514 147792 18836 128956
cat_boundaries=0 3 5 8 10 11 13 16 18
cat_threshold=33587330 1077936128 2 2147483648 1049088 0 0 2 0 2097152 33587200 0 2432697600 268960772 134676488 4 1091846208 4114
is_linear=0
shrinkage=0.05


Tree=150
num_leaves=31
num_cat=7
split_feature=17 17 0 17 6 5 17 6 2 0 17 5 14 16 8 12 7 7 13 8 5 0 12 12 8 0 12 7 17 17
split_gain=13807.3 9096.9 2079.89 484.084 509.418 285.526 199.37 185.774 127.598 123.147 112.361 116.323 111.728 115.683 71.7685 53.5652 57.5843 74.3065 54.3652 49.389 46.8864 45.8019 46.5069 45.3527 43.6046 47.4705 43.3518 177.316 145.353 124.383
threshold=0 1 7.5000000000000009 2 18.500000000000004 21.250000000000004 3 10.500000000000002 7.5000000000000009 7.5000000000000009 4 26.250000000000004 519.85937500000011 120.03351666666667 23.500000000000004 8.5000000000000018 1.0000000180025095e-35 2.5000000000000004 30.500000000000004 28.500000000000004 18.750000000000004 142.50000000000003 13.500000000000002 35.500000000000007 22.500000000000004 14.000000000000002 5.5000000000000009 2.5000000000000004 5 6
decision_type=9 9 2 9 2 2 9 2 2 2 9 2 2 2 2 2 2 2 2 2 2 2 2 2 2 2 2 2 9 9
left_child=2 9 3 4 7 -6 8 15 12 20 11 -5 13 23 -9 -1 -17 18 -18 -14 -2 26 -23 -3 25 -4 27 28 -8 -29
right_child=1 6 24 10 5 -7 21 14 -10 -11 -12 -13 19 -15 -16 16 17 -19 -20 -21 -22 22 -24 -25 -26 -27 -28 29 -30 -31
leaf_value=-0.0043012890591830558 0.00020795153091102137 -0.0058901012177523084 0.0021605977641609543 -0.00034166623086280269 1.3794496486152497e-05 -0.0012216150129840564 2.0581184272483457e-05 -0.0003703456440678821 0.00094955817873723094 1.0349025020950364e-05 -0.00034166623086280269 -0.00034166623086280269 -0.021269932391094849 -0.0091966570528146281 -0.00014346852135802557 -0.0043012890591830558 0.11152151848075534 -0.0043012890591830558 -0.0043012890591830558 0.086968306620413938 -0.0028391539857307358 -0.75479068974281283 1.4344772160399772 -0.013801903674182237 0.0065381939486869991 -0.11898189666239843 0.0005173063518147281 -0.0026387083377944266 -0.047150496773944409 0.012323035489764678
leaf_weight=366 63 1395 776 7027 319 107 9092 790 2258 10867 9591 1429 510 950 1604 113 136 338 29 267 54 22 107 552 1755 371 202232 15027 12274 15808
leaf_count=366 63 1395 776 7027 319 107 9092 790 2258 10867 9591 1429 510 950 1604 113 136 338 29 267 54 22 107 552 1755 371 202232 15027 12274 15808
internal_value=-0.00153175 0.00172825 -0.0372743 -0.0425717 -0.0261018 0.0253521 -0.000152013 -0.0326718 -0.00920565 0.0462798 -0.0460016 -0.0414718 -0.0149701 -0.0194857 -0.0401838 -0.0143585 -0.00535714 0.00188867 0.0293939 0.00186615 -0.00470085 5.93152e-05 0.029845 -0.0125064 0.00248105 -0.00510026 4.4216e-05 -0.0012404 -0.00474118 0.00118534
internal_weight=296229 271478 24751 21849 3802 426 260494 3376 5932 10984 18047 8456 3674 2897 2394 982 616 503 165 777 117 254562 129 1947 2902 1147 254433 52201 21366 30835
internal_count=296229 271478 24751 21849 3802 426 260494 3376 5932 10984 18047 8456 3674 2897 2394 982 616 503 165 777 117 254562 129 1947 2902 1147 254433 52201 21366 30835
cat_boundaries=0 3 5 8 10 11 13 16
cat_threshold=33587330 1077936128 2 2147483648 1049088 0 0 2 0 2097152 33587200 1812545600 2315400561 1225073924 3003460648 1
is_linear=0
shrinkage=0.05


Tree=151
num_leaves=31
num_cat=8
split_feature=17 17 0 17 6 5 17 6 0 14 3 16 17 5 8 12 7 7 13 8 0 5 12 17 6 5 0 0 17 17
split_gain=13834.2 9076.45 2089.44 484.084 509.418 285.526 186.325 185.774 123.147 122.556 143.023 115.914 112.361 116.323 71.7685 53.5652 57.5843 74.3065 54.3652 50.7453 47.5036 46.8864 46.1584 46.0651 53.2629 47.7695 52.9583 45.8239 222.49 125.647
threshold=0 1 7.5000000000000009 2 18.500000000000004 21.250000000000004 3 10.500000000000002 7.5000000000000009 519.85937500000011 7.5000000000000009 120.03351666666667 4 26.250000000000004 23.500000000000004 8.5000000000000018 1.0000000180025095e-35 2.5000000000000004 30.500000000000004 21.500000000000004 14.000000000000002 18.750000000000004 27.500000000000004 5 10.500000000000002 26.250000000000004 14.000000000000002 17.500000000000004 6 7
decision_type=9 9 2 9 2 2 9 2 2 2 2 2 9 2 2 2 2 2 2 2 2 2 2 9 2 2 2 2 9 9
left_child=2 8 3 4 7 -6 9 15 21 10 11 -3 13 -5 -9 -1 -17 18 -18 20 -4 -2 -11 25 -25 -21 -27 29 -29 -8
right_child=1 6 19 12 5 -7 27 14 -10 22 -12 -13 -14 -15 -16 16 17 -19 -20 23 -22 -23 -24 24 -26 26 -28 28 -30 -31
leaf_value=-0.0040862246062239203 0.0001975539543654925 -0.01122665718156144 0.0012077121972732475 -0.00032458291931964923 1.3104771661831549e-05 -0.0011605342623348669 -0.010473961949320154 -0.00035182836186447024 9.8315737698584375e-06 -0.016961815260126922 -0.0046351937127660841 -0.0087368242001738764 -0.00032458291931964923 -0.00032458291931964923 -0.00013629509529011763 -0.0040862246062239203 0.10594544255671759 -0.0040862246062239203 -0.0040862246062239203 -0.058751400084518672 -0.2242411696004119 -0.0026971962864442037 0.08601006117898749 -0.0024416586640455765 0.038707081363242239 0.024808943678708409 -0.0049623951565229696 -0.058068580599829736 -0.0013659788407256457 0.00101888722356418
leaf_weight=366 63 1984 660 7027 319 107 18932 790 10867 879 1578 950 9591 1429 1604 113 136 338 29 682 277 54 541 135 453 428 267 3127 147921 84582
leaf_count=366 63 1984 660 7027 319 107 18932 790 10867 879 1578 950 9591 1429 1604 113 136 338 29 682 277 54 541 135 453 428 267 3127 147921 84582
internal_value=-0.00148483 0.00177835 -0.0372622 -0.0425717 -0.0261018 0.0253521 -9.98065e-05 -0.0326718 0.0462798 -0.00885224 -0.0128989 -0.0194274 -0.0460016 -0.0414718 -0.0401838 -0.0143585 -0.00535714 0.00188867 0.0293939 0.00258442 -0.00699039 -0.00470085 0.00394366 0.00715013 0.0187291 0.00205479 0.011295 0.000104489 -0.00045085 0.000914852
internal_weight=296229 271478 24751 21849 3802 426 260494 3376 10984 5932 4512 2934 18047 8456 2394 982 616 503 165 2902 937 117 1420 1965 588 1377 695 254562 151048 103514
internal_count=296229 271478 24751 21849 3802 426 260494 3376 10984 5932 4512 2934 18047 8456 2394 982 616 503 165 2902 937 117 1420 1965 588 1377 695 254562 151048 103514
cat_boundaries=0 3 5 8 10 11 14 16 19
cat_threshold=33587330 1077936128 2 2147483648 1049088 0 0 2 0 2097152 33587200 32768 0 2 0 2432697600 403440644 671547400 4
is_linear=0
shrinkage=0.05


Tree=152
num_leaves=31
num_cat=9
split_feature=17 17 0 17 6 5 6 17 0 14 3 16 17 5 8 12 7 7 13 5 8 0 0 0 17 17 13 17 17 5
split_gain=13879 9073.75 2045.04 484.084 509.418 285.526 185.774 175.322 123.147 113.363 135.004 125.389 112.361 116.323 71.7685 53.5652 57.5843 74.3065 54.3652 46.8864 45.7605 47.5036 45.6607 44.7313 211.348 121.784 121.11 95.5006 91.7051 82.5555
threshold=0 1 7.5000000000000009 2 18.500000000000004 21.250000000000004 10.500000000000002 3 7.5000000000000009 510.00895000000008 7.5000000000000009 120.03351666666667 4 26.250000000000004 23.500000000000004 8.5000000000000018 1.0000000180025095e-35 2.5000000000000004 30.500000000000004 18.750000000000004 21.500000000000004 14.000000000000002 142.50000000000003 17.500000000000004 5 6 3.5000000000000004 7 8 21.250000000000004
decision_type=9 9 2 9 2 2 2 9 2 2 2 2 9 2 2 2 2 2 2 2 2 2 2 2 9 9 2 9 9 2
left_child=2 8 3 4 6 -6 15 9 19 10 11 -3 13 -5 -8 -1 -17 18 -18 -2 21 -4 23 25 28 -9 27 -27 -25 -30
right_child=1 7 20 12 5 -7 14 22 -10 -11 -12 -13 -14 -15 -16 16 17 -19 -20 -21 -22 -23 -24 24 -26 26 -28 -29 29 -31
leaf_value=-0.0038819133759127045 0.00018767625664724009 -0.010665324322483372 0.001147326587409614 -0.00030835377335365345 1.2449533078751074e-05 -0.0011025075492181458 -0.00033423694377123783 -0.023134996739977168 9.3399950813477517e-06 0.015908942768014533 -0.0044034340271278177 -0.0082999829901651886 -0.00030835377335365345 -0.00030835377335365345 -0.00012948034052562285 -0.0038819133759127045 0.1006481704288817 -0.0038819133759127045 -0.0038819133759127045 -0.0025623364721219844 0.0067789261110884347 -0.21302911112039136 1.3213925662310873 -0.065714042672423964 0.0011155981351148371 0.0070773072326663746 0.00036182823579269387 0.00077724949114492685 -0.092892612892221754 -0.011165691800622525
leaf_weight=366 63 1977 660 7027 319 107 790 17321 10867 1451 1568 936 9591 1429 1604 113 136 338 29 54 1965 277 129 1652 137137 8766 71646 5781 3998 8132
leaf_count=366 63 1977 660 7027 319 107 790 17321 10867 1451 1568 936 9591 1429 1604 113 136 338 29 54 1965 277 129 1652 137137 8766 71646 5781 3998 8132
internal_value=-0.00148348 0.00178498 -0.0373188 -0.0425717 -0.0261018 0.0253521 -0.0326718 -9.28968e-05 0.0462798 -0.00858297 -0.0125307 -0.018898 -0.0460016 -0.0414718 -0.0401838 -0.0143585 -0.00535714 0.00188867 0.0293939 -0.00470085 0.002102 -0.00699039 0.000105275 9.02006e-05 -0.000458855 0.000890701 0.00165946 0.00581907 -0.00635876 -0.00484349
internal_weight=296229 271478 24751 21849 3802 426 3376 260494 10984 5932 4481 2913 18047 8456 2394 982 616 503 165 117 2902 937 254562 254433 150919 103514 86193 14547 13782 12130
internal_count=296229 271478 24751 21849 3802 426 3376 260494 10984 5932 4481 2913 18047 8456 2394 982 616 503 165 117 2902 937 254562 254433 150919 103514 86193 14547 13782 12130
cat_boundaries=0 3 5 8 10 11 13 16 19 21
cat_threshold=33587330 1077936128 2 2147483648 1049088 0 0 2 0 2097152 33587200 1091829760 2432701696 269222916 671547400 4 756040000 17307104 8 0 2415920384
is_linear=0
shrinkage=0.05


Tree=153
num_leaves=31
num_cat=8
split_feature=17 17 0 17 6 5 6 17 0 17 5 14 3 16 8 12 7 7 13 5 12 12 5 17 8 17 12 6 13 17
split_gain=13921.8 9070.59 2004.23 484.084 509.418 285.526 185.774 162.685 123.147 112.361 116.323 101.481 122.826 140.172 71.7685 53.5652 57.5843 74.3065 54.3652 46.8864 45.5807 82.7603 44.8547 87.8921 53.8075 198.808 113.655 105.131 159.066 129.101
threshold=0 1 7.5000000000000009 2 18.500000000000004 21.250000000000004 10.500000000000002 3 7.5000000000000009 4 26.250000000000004 519.85937500000011 7.5000000000000009 120.03351666666667 23.500000000000004 8.5000000000000018 1.0000000180025095e-35 2.5000000000000004 30.500000000000004 18.750000000000004 5.5000000000000009 7.5000000000000009 33.750000000000007 5 21.500000000000004 6 20.500000000000004 16.500000000000004 11.500000000000002 7
decision_type=9 9 2 9 2 2 2 9 2 9 2 2 2 2 2 2 2 2 2 2 2 2 2 9 2 9 2 2 2 9
left_child=2 8 3 4 6 -6 15 11 19 10 -5 12 13 -3 -8 -1 -17 18 -18 -2 -4 -22 24 -24 25 27 -27 28 -9 -29
right_child=1 7 20 9 5 -7 14 22 -10 -11 -12 -13 -14 -15 -16 16 17 -19 -20 -21 21 -23 23 -25 -26 26 -28 29 -30 -31
leaf_value=-0.0036878177071170805 0.00017829244381486478 -0.010132058106359221 0.031504554956676679 -0.00029293608468599074 1.1827056424795758e-05 -0.0010473821717572386 -0.0003175250965826937 0.12447233951214276 8.8729953272803638e-06 -0.00029293608468599074 -0.00029293608468599074 0.019089996846642789 -0.0041832623257714646 -0.007884983840656945 -0.00012300632349933062 -0.0036878177071170805 0.095615761907437591 -0.0036878177071170805 -0.0036878177071170805 -0.0024342196485158674 -0.20417368035873038 0.0011911266446873903 0.077121009157392714 -0.005795213521390963 -0.00051760698571214905 -0.0057415196309396066 -0.064782505824911893 0.096687097561215837 0.015913785543941652 -0.019627843541551206
leaf_weight=366 63 1984 537 7027 319 107 790 9369 10867 9591 1429 1420 1578 950 1604 113 136 338 29 54 189 2176 6271 7233 193855 20819 1724 1649 9216 4426
leaf_count=366 63 1984 537 7027 319 107 790 9369 10867 9591 1429 1420 1578 950 1604 113 136 338 29 54 189 2176 6271 7233 193855 20819 1724 1649 9216 4426
internal_value=-0.00148078 0.00179271 -0.0373713 -0.0425717 -0.0261018 0.0253521 -0.0326718 -8.48355e-05 0.0462798 -0.0460016 -0.0414718 -0.00826321 -0.0119459 -0.0179959 -0.0401838 -0.0143585 -0.00535714 0.00188867 0.0293939 -0.00470085 0.00165403 -0.00133192 0.00010606 0.00291025 -5.10251e-05 0.00146283 -0.00193101 0.00456425 0.00643261 -0.00114403
internal_weight=296229 271478 24751 21849 3802 426 3376 260494 10984 18047 8456 5932 4512 2934 2394 982 616 503 165 117 2902 2365 254562 13504 241058 47203 22543 24660 18585 6075
internal_count=296229 271478 24751 21849 3802 426 3376 260494 10984 18047 8456 5932 4512 2934 2394 982 616 503 165 117 2902 2365 254562 13504 241058 47203 22543 24660 18585 6075
cat_boundaries=0 3 5 8 10 11 14 16 18
cat_threshold=33587330 1077936128 2 2147483648 1049088 0 0 2 0 2097152 33587200 1158172944 252070288 12 287125572 990271512 270008388 150994944
is_linear=0
shrinkage=0.05


Tree=154
num_leaves=31
num_cat=9
split_feature=17 17 0 17 6 5 6 17 0 17 5 16 0 14 8 5 12 7 7 13 8 5 5 17 0 17 17 13 17 14
split_gain=13832.1 9077.66 2089.44 484.084 509.418 285.526 185.774 155.356 123.147 112.361 116.323 99.9499 96.4912 109.864 71.7685 59.6004 53.5652 57.5843 74.3065 54.3652 49.2957 46.8864 43.9746 64.2812 49.4006 194.227 111.741 87.922 134.402 92.1518
threshold=0 1 7.5000000000000009 2 18.500000000000004 21.250000000000004 10.500000000000002 3 7.5000000000000009 4 26.250000000000004 120.03351666666667 7.5000000000000009 439.99466666666677 23.500000000000004 8.7500000000000018 8.5000000000000018 1.0000000180025095e-35 2.5000000000000004 30.500000000000004 28.500000000000004 18.750000000000004 38.750000000000007 5 17.500000000000004 6 7 3.5000000000000004 8 320.12948333333338
decision_type=9 9 2 9 2 2 2 9 2 9 2 2 2 2 2 2 2 2 2 2 2 2 2 9 2 9 9 2 9 2
left_child=2 8 3 4 6 -6 16 11 21 10 -5 15 13 -13 -8 -3 -1 -18 19 -19 -15 -2 24 -24 26 -26 -9 28 -28 -29
right_child=1 7 -4 9 5 -7 14 22 -10 -11 -12 12 -14 20 -16 -17 17 18 -20 -21 -22 -23 23 -25 25 -27 27 29 -30 -31
leaf_value=-0.0035034268217612134 0.00016937782162411709 -0.012420878872922004 0.0020238180361888069 -0.00027828928045168236 1.1235703603551529e-05 -0.00099501306316938107 -0.00030164884175354345 -0.052690276641915237 8.4293455609341105e-06 -0.00027828928045168236 -0.00027828928045168236 -0.0055160947690116036 -0.0017370635075957708 -0.057612339860214683 -0.00011685600732436185 -0.0028263267237031544 -0.0035034268217612134 0.090834973812065734 -0.0035034268217612134 -0.0035034268217612134 0.071315078531883278 -0.0023125086660900963 0.17236340101349923 0.014478565665531918 -0.03998042476279369 -8.5577679189974279e-05 -0.018415528652681614 -0.00082317826066993229 0.0055587933115760716 0.0011771143231077642
leaf_weight=366 63 284 2902 7027 319 107 790 9949 10867 9591 1429 750 590 346 1604 3731 113 136 338 29 231 54 1186 3529 13938 132797 3403 42089 12250 35421
leaf_count=366 63 284 2902 7027 319 107 790 9949 10867 9591 1429 750 590 346 1604 3731 113 136 338 29 231 54 1186 3529 13938 132797 3403 42089 12250 35421
internal_value=-0.00148753 0.0017754 -0.0372622 -0.0425717 -0.0261018 0.0253521 -0.0326718 -0.000102877 0.0462798 -0.0460016 -0.0414718 -0.00809492 -0.0175013 -0.0249812 -0.0401838 -0.00362391 -0.0143585 -0.00535714 0.00188867 0.0293939 -0.00857886 -0.00470085 8.36698e-05 0.00486744 -6.60404e-06 -0.000595972 0.000832105 0.00137003 0.00478822 0.000679912
internal_weight=296229 271478 24751 21849 3802 426 3376 260494 10984 18047 8456 5932 1917 1327 2394 4015 982 616 503 165 577 117 254562 4715 249847 146735 103112 93163 15653 77510
internal_count=296229 271478 24751 21849 3802 426 3376 260494 10984 18047 8456 5932 1917 1327 2394 4015 982 616 503 165 577 117 254562 4715 249847 146735 103112 93163 15653 77510
cat_boundaries=0 3 5 8 10 11 14 16 19 22
cat_threshold=33587330 1077936128 2 2147483648 1049088 0 0 2 0 2097152 33587200 76038144 201611264 4 1091846144 2432701696 268960772 134676488 4 8720384 637560835 1
is_linear=0
shrinkage=0.05


Tree=155
num_leaves=31
num_cat=8
split_feature=17 17 0 17 6 5 6 17 0 17 5 16 0 14 8 5 12 7 7 13 5 8 3 0 17 17 6 14 17 12
split_gain=13862.9 9059.93 2089.44 484.084 509.418 285.526 185.774 130.102 123.147 112.361 116.323 106.603 95.5947 117.878 71.7685 64.3993 53.5652 57.5843 74.3065 54.3652 46.8864 43.7304 42.5257 43.7668 173.778 105.915 123.048 81.3567 121.817 103.264
threshold=0 1 7.5000000000000009 2 18.500000000000004 21.250000000000004 10.500000000000002 3 7.5000000000000009 4 26.250000000000004 120.03351666666667 7.5000000000000009 439.99466666666677 23.500000000000004 8.7500000000000018 8.5000000000000018 1.0000000180025095e-35 2.5000000000000004 30.500000000000004 18.750000000000004 28.500000000000004 142.50000000000003 17.500000000000004 5 6 14.500000000000002 190.07243333333335 7 49.500000000000007
decision_type=9 9 2 9 2 2 2 9 2 9 2 2 2 2 2 2 2 2 2 2 2 2 2 2 9 9 2 2 9 2
left_child=2 8 3 4 6 -6 16 11 20 10 -5 15 13 -13 -8 -3 -1 -18 19 -19 -2 -15 23 25 -25 26 -9 28 -26 -30
right_child=1 7 -4 9 5 -7 14 22 -10 -11 -12 12 -14 21 -16 -17 17 18 -20 -21 -22 -23 -24 24 27 -27 -28 -29 29 -31
leaf_value=-0.003328255480673148 0.00016090893054290236 -0.011799834929275922 0.00192262713437934 -0.00026437481642909154 1.0673918423353967e-05 -0.00094526241001089426 -0.00028656639966584407 0.001594341039659497 8.0078782828785229e-06 -0.00026437481642909154 -0.00026437481642909154 -0.0052402900305610345 -0.0016502103322159735 -0.054731722867203916 -0.00011101320695816597 -0.0026850103875180054 -0.003328255480673148 0.086293225121462494 -0.003328255480673148 -0.003328255480673148 -0.0021968832327855735 0.06774932460528911 1.2494896266944311 -0.043106516022058908 0.097399753252559063 2.6952125085344394e-05 0.020580072079324642 -0.0075659076763432871 0.014814897284636787 -0.051351273142946144
leaf_weight=366 63 284 2902 7027 319 107 790 12051 10867 9591 1429 750 590 346 1604 3731 113 136 338 29 54 231 108 4818 6650 81348 10115 98772 35341 5359
leaf_count=366 63 284 2902 7027 319 107 790 12051 10867 9591 1429 750 590 346 1604 3731 113 136 338 29 54 231 108 4818 6650 81348 10115 98772 35341 5359
internal_value=-0.0014477 0.00181886 -0.0372622 -0.0425717 -0.0261018 0.0253521 -0.0326718 -5.75807e-05 0.0462798 -0.0460016 -0.0414718 -0.00737126 -0.017084 -0.024529 -0.0401838 -0.00275218 -0.0143585 -0.00535714 0.00188867 0.0293939 -0.00470085 -0.00753899 0.000113131 9.98216e-05 -0.000443222 0.000891667 0.00395473 -0.00013481 0.00156917 0.000542864
internal_weight=296229 271478 24751 21849 3802 426 3376 260494 10984 18047 8456 5932 1917 1327 2394 4015 982 616 503 165 117 577 254562 254454 150940 103514 22166 146122 47350 40700
internal_count=296229 271478 24751 21849 3802 426 3376 260494 10984 18047 8456 5932 1917 1327 2394 4015 982 616 503 165 117 577 254562 254454 150940 103514 22166 146122 47350 40700
cat_boundaries=0 3 5 8 10 11 13 16 18
cat_threshold=33587330 1077936128 2 2147483648 1049088 0 0 2 0 2097152 33587200 0 2432701696 1140854848 17316033 9 532496 570572960
is_linear=0
shrinkage=0.05


Tree=156
num_leaves=31
num_cat=9
split_feature=17 17 0 17 6 5 6 0 17 17 5 16 14 0 8 5 12 7 7 13 5 16 17 6 17 17 13 6 13 17
split_gain=13881.4 9055.88 2076.71 484.084 509.418 285.526 185.774 123.147 119.902 112.361 116.323 93.0919 94.5487 139.163 71.7685 64.3993 53.5652 57.5843 74.3065 54.3652 46.8864 43.6357 125.618 73.8854 133.956 93.3579 63.5252 57.9652 68.1879 64.4369
threshold=0 1 7.5000000000000009 2 18.500000000000004 21.250000000000004 10.500000000000002 7.5000000000000009 3 4 26.250000000000004 120.03351666666667 439.99466666666677 7.5000000000000009 23.500000000000004 8.7500000000000018 8.5000000000000018 1.0000000180025095e-35 2.5000000000000004 30.500000000000004 18.750000000000004 200.02143333333336 5 16.500000000000004 6 7 11.500000000000002 14.500000000000002 3.5000000000000004 8
decision_type=9 9 2 9 2 2 2 2 9 9 2 2 2 2 2 2 2 2 2 2 2 2 9 2 9 9 2 2 2 9
left_child=2 7 3 4 6 -6 16 20 11 10 -5 15 13 -13 -8 -3 -1 -18 19 -19 -2 -10 27 25 -25 -24 -27 -23 -29 -30
right_child=1 8 -4 9 5 -7 14 -9 21 -11 -12 12 -14 -15 -16 -17 17 18 -20 -21 -22 22 23 24 -26 26 -28 28 29 -31
leaf_value=-0.0031618427066395062 0.00015286348401577499 -0.011209843182812131 0.0018264957776604085 -0.00025115607560763923 1.0140222502208474e-05 -0.00089799928951035397 -0.0002722380796825519 7.6074843687656827e-06 -0.00024904820438607093 -0.00025115607560763923 -0.00025115607560763923 -0.0049782755290329831 -0.018624891628077657 0.014767667220430436 -0.00010546254661027988 -0.0025507598681421052 -0.0031618427066395062 0.081978563865389376 -0.0031618427066395062 -0.0031618427066395062 -0.002087039071146313 0.0012377206612236959 0.0020218413166187776 0.0074406251609254077 -0.0031940476828527854 0.0007120526243005632 -0.004537232268560976 -0.00055049048385202859 0.15518810632487404 0.0039956682649305185
leaf_weight=366 63 284 2902 7027 319 107 790 10867 223920 9591 1429 750 906 261 1604 3731 113 136 338 29 54 3202 5921 2127 6129 3285 2472 1580 1990 3936
leaf_count=366 63 284 2902 7027 319 107 790 10867 223920 9591 1429 750 906 261 1604 3731 113 136 338 29 54 3202 5921 2127 6129 3285 2472 1580 1990 3936
internal_value=-0.00143993 0.00182881 -0.0372784 -0.0425717 -0.0261018 0.0253521 -0.0326718 0.0462798 -4.72162e-05 -0.0460016 -0.0414718 -0.00706833 -0.016145 -0.0266568 -0.0401838 -0.00275218 -0.0143585 -0.00535714 0.00188867 0.0293939 -0.00470085 0.000116666 0.0018863 -0.000461292 -0.00408188 0.00209796 -0.00243628 0.00625117 0.00865974 0.0111205
internal_weight=296229 271478 24751 21849 3802 426 3376 10984 260494 18047 8456 5932 1917 1011 2394 4015 982 616 503 165 117 254562 30642 19934 8256 11678 5757 10708 7506 5926
internal_count=296229 271478 24751 21849 3802 426 3376 10984 260494 18047 8456 5932 1917 1011 2394 4015 982 616 503 165 117 254562 30642 19934 8256 11678 5757 10708 7506 5926
cat_boundaries=0 3 5 8 10 11 14 17 20 22
cat_threshold=33587330 1077936128 2 2147483648 1049088 0 0 2 0 2097152 33587200 1946247492 84680883 8 142607376 33555712 4 17829888 2550224960 1 1409351684 17563666
is_linear=0
shrinkage=0.05


Tree=157
num_leaves=31
num_cat=8
split_feature=17 17 0 17 6 5 6 17 17 5 16 14 0 0 8 5 12 7 7 13 3 3 1 0 17 17 6 17 8 8
split_gain=13877 9088.11 2076.71 484.084 509.418 285.526 185.774 114.464 112.361 116.323 97.3266 97.1872 134.177 92.6575 71.7685 65.8046 53.5652 57.5843 74.3065 54.3652 42.5523 41.2932 79.5101 40.7206 169.465 161.103 124.817 428.009 226.728 220.641
threshold=0 1 7.5000000000000009 2 18.500000000000004 21.250000000000004 10.500000000000002 3 4 26.250000000000004 120.03351666666667 439.99466666666677 7.5000000000000009 7.5000000000000009 23.500000000000004 8.7500000000000018 8.5000000000000018 1.0000000180025095e-35 2.5000000000000004 30.500000000000004 142.50000000000003 14.000000000000002 22.500000000000004 27.500000000000004 5 6 13.500000000000002 7 28.500000000000004 25.500000000000004
decision_type=9 9 2 9 2 2 2 9 9 2 2 2 2 2 2 2 2 2 2 2 2 2 2 2 9 9 2 9 2 2
left_child=2 13 3 4 6 -6 16 10 9 -5 15 12 -12 -2 -8 -3 -1 -18 19 -19 23 -15 -23 24 -9 -25 27 -27 -28 -29
right_child=1 7 -4 8 5 -7 14 20 -10 -11 11 -13 -14 21 -16 -17 17 18 -20 -21 -22 22 -24 25 -26 26 28 29 -30 -31
leaf_value=-0.0030037505713075511 9.5091217698417563e-05 -0.010649351023671505 0.0017351709887774014 -0.00023859827182723948 9.6332113770802873e-06 -0.00085309932503485619 -0.00025862617569840653 0.028312056369883543 -0.00023859827182723948 -0.00023859827182723948 -0.0047293617525813406 -0.017693647046673779 0.014029283859408893 7.2271101503318391e-06 -0.00010018941927976145 -0.0024232218747350046 -0.0030037505713075511 0.077879635672119918 -0.0030037505713075511 -0.0030037505713075511 1.1803123500432038 -0.0074690084815056679 1.4018867299555702 -0.04555262776145428 0.00012233536277328483 0.2646332288049198 -0.041851669535446771 0.049512327017970752 0.043899162797056683 -0.047472091830343288
leaf_weight=366 117 284 2902 7027 319 107 790 10129 9591 1429 750 906 261 5352 1604 3731 113 136 338 29 108 57 5458 13650 143444 4285 37130 17276 14183 14357
leaf_count=366 117 284 2902 7027 319 107 790 10129 9591 1429 750 906 261 5352 1604 3731 113 136 338 29 108 57 5458 13650 143444 4285 37130 17276 14183 14357
internal_value=-0.00144567 0.00182255 -0.0372784 -0.0425717 -0.0261018 0.0253521 -0.0326718 -5.68129e-05 -0.0460016 -0.0414718 -0.00691686 -0.0161972 -0.0268546 0.0463526 -0.0401838 -0.00250311 -0.0143585 -0.00535714 0.00188867 0.0293939 0.000103311 0.0468713 0.043835 8.99966e-05 0.000602645 -0.000690417 0.000100297 0.00236093 -0.00148208 0.000349208
internal_weight=296229 271478 24751 21849 3802 426 3376 260494 18047 8456 5932 1917 1011 10984 2394 4015 982 616 503 165 254562 10867 5515 254454 153573 100881 87231 35918 51313 31633
internal_count=296229 271478 24751 21849 3802 426 3376 260494 18047 8456 5932 1917 1011 10984 2394 4015 982 616 503 165 254562 10867 5515 254454 153573 100881 87231 35918 51313 31633
cat_boundaries=0 3 5 8 10 11 14 16 18
cat_threshold=33587330 1077936128 2 2147483648 1049088 0 0 2 0 2097152 33587200 8400896 526401 9 1166278656 2231907330 1064960 537083904
is_linear=0
shrinkage=0.05


Tree=158
num_leaves=31
num_cat=8
split_feature=17 17 0 17 6 5 6 17 17 5 16 14 0 0 8 5 3 1 12 7 7 13 5 17 6 0 17 17 5 14
split_gain=13867.3 8897.5 2070.35 484.084 509.418 285.526 185.774 112.721 112.361 116.323 95.1148 100.062 134.177 90.6104 71.7685 65.8046 55.4515 76.8818 53.5652 57.5843 74.3065 54.3652 40.1959 82.772 57.4639 52.6537 155.295 144.577 80.8721 79.005
threshold=0 1 7.5000000000000009 2 18.500000000000004 21.250000000000004 10.500000000000002 3 4 26.250000000000004 120.03351666666667 439.99466666666677 7.5000000000000009 7.5000000000000009 23.500000000000004 8.7500000000000018 14.000000000000002 22.500000000000004 8.5000000000000018 1.0000000180025095e-35 2.5000000000000004 30.500000000000004 33.750000000000007 5 11.500000000000002 27.500000000000004 6 7 18.750000000000004 359.93155833333338
decision_type=9 9 2 9 2 2 2 9 9 2 2 2 2 2 2 2 2 2 2 2 2 2 2 9 2 2 9 9 2 2
left_child=2 13 3 4 6 -6 18 10 9 -5 15 12 -12 -2 -8 -3 -15 -18 -1 -20 21 -21 25 -24 -25 26 -9 -27 -29 -30
right_child=1 7 -4 8 5 -7 14 22 -10 -11 11 -13 -14 16 -16 -17 17 -19 19 20 -22 -23 23 24 -26 27 -28 28 29 -31
leaf_value=-0.0028535630427421578 9.0336656813505559e-05 -0.010116883472487938 0.0016484124393385535 -0.00022666835823588195 9.1515508082284931e-06 -0.00081044435878312453 -0.00024569486691348178 0.026892689848711984 -0.00022666835823588195 -0.00022666835823588195 -0.0044928936649522916 -0.016808964694340102 0.013327819666438413 6.8657546428596563e-06 -9.5179948315760043e-05 -0.0023020607809982607 -0.0070955580574303852 1.3317923934577918 -0.0028535630427421578 0.073985653888513886 -0.0028535630427421578 -0.0028535630427421578 0.091539032055381858 0.10342669824453168 -0.0063022433845651097 -0.048475761965162081 5.8586729335319282e-05 -0.028437032742881386 0.028543601467583814 -0.016066482978562835
leaf_weight=366 117 284 2902 7027 319 107 790 10122 9591 1429 750 906 261 5352 1604 3731 57 5458 113 136 338 29 4320 605 8579 11837 140017 23871 34017 21194
leaf_count=366 117 284 2902 7027 319 107 790 10122 9591 1429 750 906 261 5352 1604 3731 57 5458 113 136 338 29 4320 605 8579 11837 140017 23871 34017 21194
internal_value=-0.00146626 0.00180082 -0.0372865 -0.0425717 -0.0261018 0.0253521 -0.0326718 -5.87323e-05 -0.0460016 -0.0414718 -0.00686637 -0.0160407 -0.0268546 0.0458614 -0.0401838 -0.00250311 0.0463743 0.0428558 -0.0143585 -0.00535714 0.00188867 0.0293939 0.000100168 0.00275474 6.526e-05 -4.8536e-05 0.000526512 -0.000998141 -0.000226319 0.000825017
internal_weight=296229 271478 24751 21849 3802 426 3376 260494 18047 8456 5932 1917 1011 10984 2394 4015 10867 5515 982 616 503 165 254562 13504 9184 241058 150139 90919 79082 55211
internal_count=296229 271478 24751 21849 3802 426 3376 260494 18047 8456 5932 1917 1011 10984 2394 4015 10867 5515 982 616 503 165 254562 13504 9184 241058 150139 90919 79082 55211
cat_boundaries=0 3 5 8 10 11 14 17 19
cat_threshold=33587330 1077936128 2 2147483648 1049088 0 0 2 0 2097152 33587200 545040 218515840 4 8400896 526401 9 1166295040 84422658
is_linear=0
shrinkage=0.05


Tree=159
num_leaves=31
num_cat=6
split_feature=17 17 0 17 6 5 6 17 5 17 16 14 0 0 8 3 3 5 12 7 7 13 13 12 13 0 12 4 0 17
split_gain=13860.2 8754.75 2064.01 484.084 509.418 285.526 185.774 112.361 116.323 109.302 90.7676 105.938 134.177 89.0714 71.7685 67.5926 83.99 65.8046 53.5652 57.5843 74.3065 54.3652 51.4938 39.4045 43.9501 38.8288 43.2972 37.9198 40.1756 142.311
threshold=0 1 7.5000000000000009 2 18.500000000000004 21.250000000000004 10.500000000000002 3 26.250000000000004 4 120.03351666666667 439.99466666666677 7.5000000000000009 7.5000000000000009 23.500000000000004 14.000000000000002 52.500000000000007 8.7500000000000018 8.5000000000000018 1.0000000180025095e-35 2.5000000000000004 30.500000000000004 2.5000000000000004 16.500000000000004 11.500000000000002 142.50000000000003 13.500000000000002 -15.999999999999998 14.000000000000002 5
decision_type=9 9 2 9 2 2 2 9 2 9 2 2 2 2 2 2 2 2 2 2 2 2 2 2 2 2 2 2 2 9
left_child=2 13 3 4 6 -6 18 8 -5 10 17 12 -12 -2 23 -15 22 -3 -1 -20 21 -21 -17 24 -8 27 -27 -11 -29 -30
right_child=1 9 -4 7 5 -7 14 -9 -10 25 11 -13 -14 15 -16 16 -18 -19 19 20 -22 -23 -24 -25 -26 26 -28 28 29 -31
leaf_value=-0.0027108848906050478 8.5819823972821396e-05 -0.0096110392988635329 0.0015659918173716036 -0.00021533494032408563 8.6939732678370522e-06 -0.00076992214084397053 -0.0038609753396942285 -0.00021533494032408563 -0.00021533494032408563 0.063495774513667017 -0.0042682489817046591 -0.015968516459623116 0.012661428683116505 6.5224669107522011e-06 -9.0420950899972049e-05 0.0069663164376610361 1.2841943525300767 -0.0021869577419483476 -0.0027108848906050478 0.070286371194088204 -0.0027108848906050478 -0.0027108848906050478 0.66510733534334499 -0.0038609753396942285 -0.0002334101235677899 -0.90586057312276447 1.1590737985386554 0.00043877200329367483 -0.036290099238394193 -0.0010780810617617043
leaf_weight=366 117 284 2902 7027 319 107 290 9591 1429 3822 750 906 261 5352 1604 204 4798 3731 113 136 338 29 513 332 168 22 107 73072 4893 172646
leaf_count=366 117 284 2902 7027 319 107 290 9591 1429 3822 750 906 261 5352 1604 204 4798 3731 113 136 338 29 513 332 168 22 107 73072 4893 172646
internal_value=-0.00148348 0.00178277 -0.0372945 -0.0425717 -0.0261018 0.0253521 -0.0326718 -0.0460016 -0.0414718 -6.18033e-05 -0.0067654 -0.0157277 -0.0268546 0.0454884 -0.0401838 0.0459971 0.0421124 -0.00250311 -0.0143585 -0.00535714 0.00188867 0.0293939 0.0261506 -0.0278481 -0.0183406 9.46687e-05 0.0275194 8.07678e-05 5.38683e-06 -0.000400757
internal_weight=296229 271478 24751 21849 3802 426 3376 18047 8456 260494 5932 1917 1011 10984 2394 10867 5515 4015 982 616 503 165 717 790 458 254562 129 254433 250611 177539
internal_count=296229 271478 24751 21849 3802 426 3376 18047 8456 260494 5932 1917 1011 10984 2394 10867 5515 4015 982 616 503 165 717 790 458 254562 129 254433 250611 177539
cat_boundaries=0 3 5 8 9 11 13
cat_threshold=33587330 1077936128 2 2147483648 1049088 0 0 2 33587200 0 2097152 0 2415920384
is_linear=0
shrinkage=0.05


Tree=160
num_leaves=31
num_cat=6
split_feature=17 17 0 17 6 5 6 17 5 3 17 0 16 14 0 3 8 5 13 12 7 7 13 6 12 13 1 13 17 13
split_gain=13806.5 8143.91 2064.01 484.084 509.418 285.526 185.774 112.361 116.323 112.253 108.964 104.92 90.7676 105.938 134.177 83.5391 71.7685 65.8046 57.8103 53.5652 57.5843 74.3065 54.3652 52.8504 39.4045 43.9501 38.921 38.7431 123.824 44.6856
threshold=0 1 7.5000000000000009 2 18.500000000000004 21.250000000000004 10.500000000000002 3 26.250000000000004 14.000000000000002 4 7.5000000000000009 120.03351666666667 439.99466666666677 7.5000000000000009 67.500000000000014 23.500000000000004 8.7500000000000018 1.5000000000000002 8.5000000000000018 1.0000000180025095e-35 2.5000000000000004 30.500000000000004 18.500000000000004 16.500000000000004 11.500000000000002 112.50000000000001 36.500000000000007 5 23.500000000000004
decision_type=9 9 2 9 2 2 2 9 2 2 9 2 2 2 2 2 2 2 2 2 2 2 2 2 2 2 2 2 9 2
left_child=2 9 3 4 6 -6 19 8 -5 11 12 -2 17 14 -14 18 24 -3 -11 -1 -21 22 -22 -20 25 -8 27 29 -29 -12
right_child=1 10 -4 7 5 -7 16 -9 -10 15 26 -13 13 -15 -16 -17 -18 -19 23 20 21 -23 -24 -25 -26 -27 -28 28 -30 -31
leaf_value=-0.0025753406460748089 8.152883277419144e-05 -0.0091304873339203684 0.0014876922265029792 -0.0002045681933078747 8.2592746044607424e-06 -0.00073142603380178535 -0.0036679265727095345 -0.0002045681933078747 -0.0002045681933078747 0.060870135344825022 0.0004127184754733726 6.1963435651790634e-06 -0.0040548365326194434 -0.015170090636641965 0.012028357248960654 1.4699846349035728 -8.5899903354969006e-05 -0.0020776098548509481 0.71998463490357278 -0.0025753406460748089 0.066772052634383794 -0.0025753406460748089 -0.0025753406460748089 0.0031083837165756024 -0.0036679265727095345 -0.00022173961738940486 0.47278812296130257 -0.016914740364042658 0.095509080716648057 -0.0022690807334428522
leaf_weight=366 117 284 2902 7027 319 107 290 9591 1429 301 198767 5352 750 906 261 3388 1604 3731 1713 113 136 338 29 113 332 168 595 1393 2942 50865
leaf_count=366 117 284 2902 7027 319 107 290 9591 1429 301 198767 5352 750 906 261 3388 1604 3731 1713 113 136 338 29 113 332 168 595 1393 2942 50865
internal_value=-0.00155302 0.00170689 -0.0372945 -0.0425717 -0.0261018 0.0253521 -0.0326718 -0.0460016 -0.0414718 0.0438603 -7.21678e-05 0.048976 -0.0067654 -0.0157277 -0.0268546 0.0388667 -0.0401838 -0.00250311 0.0311001 -0.0143585 -0.00535714 0.00188867 0.0293939 0.0344469 -0.0278481 -0.0183406 8.40627e-05 5.41409e-05 0.00474048 -2.72401e-05
internal_weight=296229 271478 24751 21849 3802 426 3376 18047 8456 10984 260494 5469 5932 1917 1011 5515 2394 4015 2127 982 616 503 165 1826 790 458 254562 253967 4335 249632
internal_count=296229 271478 24751 21849 3802 426 3376 18047 8456 10984 260494 5469 5932 1917 1011 5515 2394 4015 2127 982 616 503 165 1826 790 458 254562 253967 4335 249632
cat_boundaries=0 3 5 8 9 11 13
cat_threshold=33587330 1077936128 2 2147483648 1049088 0 0 2 33587200 0 2097152 1678770256 2164920579
is_linear=0
shrinkage=0.05


Tree=161
num_leaves=31
num_cat=6
split_feature=17 17 0 17 1 6 16 5 8 3 17 5 5 0 3 17 14 5 0 6 17 13 13 6 5 13 6 16 16 5
split_gain=13823.7 8159 1414.27 573.717 226.729 332.684 294.817 212.203 154.374 125.934 112.361 116.323 107.081 104.92 87.9164 81.0858 127.466 77.1567 75.6833 63.1347 62.3996 60.0537 61.2556 55.5912 73.6891 53.3483 49.9208 46.9392 41.2479 39.5578
threshold=0 1 7.5000000000000009 2 7.5000000000000009 18.500000000000004 120.03351666666667 21.250000000000004 23.500000000000004 14.000000000000002 3 26.250000000000004 8.7500000000000018 7.5000000000000009 67.500000000000014 4 439.99466666666677 21.250000000000004 14.000000000000002 11.500000000000002 5 11.500000000000002 12.500000000000002 10.500000000000002 21.250000000000004 1.5000000000000002 18.500000000000004 240.10580000000002 170.0229166666667 16.250000000000004
decision_type=9 9 2 9 2 2 2 2 2 2 9 2 2 2 2 9 2 2 2 2 9 2 2 2 2 2 2 2 2 2
left_child=2 9 10 4 5 6 12 -7 17 13 11 -1 -3 -2 25 16 -10 21 -6 29 -20 28 -23 -4 -25 -11 -27 -18 -8 -17
right_child=1 3 23 -5 18 7 8 -9 15 14 -12 -13 -14 -15 -16 19 27 -19 20 -21 -22 22 -24 24 -26 26 -28 -29 -30 -31
leaf_value=-0.00019433978364249429 7.7452391135501852e-05 -0.0024465736137710527 -0.020374509902340066 0.00010696100514953067 0.019886357157359227 7.8463108742266033e-06 -0.0038289046627847604 -0.00069485473211168276 -0.0062154885479599022 0.057826628577583611 -0.00019433978364249429 -0.00019433978364249429 -8.1604908187227218e-05 5.8865263869556379e-06 1.396485403158394 -8.1604908187227218e-05 0.080332085954965313 -0.0034845302440740691 -0.04574664033307814 -8.1604908187227218e-05 -0.11345291751461534 -0.00021065263651993683 0.00014303497205236937 0.03278811228776695 0.00042882368374117522 0.68398540315839407 0.0029529645307469822 -0.037331646336634931 0.00014303497205236937 -8.1604908187227218e-05
leaf_weight=7027 117 556 190 254562 2418 400 58 119 624 301 9591 1429 2544 5352 3388 224 125 585 1147 1261 249 100 207 463 744 1713 113 312 149 161
leaf_count=7027 117 556 190 254562 2418 400 58 119 624 301 9591 1429 2544 5352 3388 224 125 585 1147 1261 249 100 207 463 744 1713 113 312 149 161
internal_value=-0.00151285 0.00135064 -0.0422535 -0.000395206 -0.0114455 -0.0165455 -0.0194469 0.0220617 -0.0287704 0.0435601 -0.046027 -0.0414718 -0.008 0.048976 0.0382684 -0.0351866 -0.0235761 -0.0129663 -0.00154693 -0.0422705 -0.0108166 0.00116732 -0.0128664 0.00619184 0.0101491 0.0303009 0.0335159 -0.00308924 0.0219807 -0.0248052
internal_weight=296229 276785 19444 265801 11239 7425 6906 519 3806 10984 18047 8456 3100 5469 5515 2707 1061 1099 3814 1646 1396 514 307 1397 1207 2127 1826 437 207 385
internal_count=296229 276785 19444 265801 11239 7425 6906 519 3806 10984 18047 8456 3100 5469 5515 2707 1061 1099 3814 1646 1396 514 307 1397 1207 2127 1826 437 207 385
cat_boundaries=0 2 4 7 8 10 12
cat_threshold=33587330 1077936128 2147483648 1049088 0 2097152 2 33587200 0 2097152 0 2097152
is_linear=0
shrinkage=0.05


Tree=162
num_leaves=31
num_cat=5
split_feature=17 17 0 17 6 8 5 0 6 3 17 5 0 17 8 6 16 0 13 14 0 0 5 12 6 12 12 0 5 7
split_gain=13810.5 8097.92 1425.92 577.769 282.279 296.528 279.543 217.849 155.573 133.729 112.361 116.323 104.92 103.907 91.2115 84.5459 102.91 73.2465 65.3273 62.5872 56.7373 55.8757 100.618 93.5168 53.7317 71.436 57.7056 49.6112 66.5788 47.6238
threshold=0 1 7.5000000000000009 2 18.500000000000004 23.500000000000004 21.250000000000004 7.5000000000000009 10.500000000000002 14.000000000000002 3 26.250000000000004 7.5000000000000009 4 24.500000000000004 16.500000000000004 170.0229166666667 7.5000000000000009 8.5000000000000018 439.99466666666677 14.000000000000002 7.5000000000000009 21.250000000000004 6.5000000000000009 10.500000000000002 47.500000000000007 2.5000000000000004 14.000000000000002 26.250000000000004 1.0000000180025095e-35
decision_type=9 9 2 9 2 2 2 2 2 2 9 2 2 9 2 2 2 2 2 2 2 2 2 2 2 2 2 2 2 2
left_child=2 9 10 4 5 20 -6 8 29 12 11 -1 -2 15 -11 16 24 19 -16 -18 21 22 23 -3 25 -5 -26 28 -9 -7
right_child=1 3 -4 13 6 7 -8 27 -10 14 -12 -13 -14 -15 18 -17 17 -19 -20 -21 -22 -23 -24 -25 26 -27 -28 -29 -30 -31
leaf_value=-0.00018462279446036512 7.3579771578735631e-05 -0.00021780438512255531 0.002555261152843347 -0.0089472244093573138 7.453995330530816e-06 -0.0024424933683616871 -0.00066011199550608524 -0.15616020320223251 -7.7524662777861414e-05 1.5766611330004743 -0.00018462279446036512 -0.00018462279446036512 5.5922000676389423e-06 0.00010161295489199419 0.42352874118021194 0.02841567521298698 -0.0034185853682431547 0.00070246482710736304 0.89129562497858328 -0.022894640726573635 -0.10778027163888454 0.02019289531455435 -0.0033103037318703791 0.00013588322344975092 -0.037408658302860685 -0.016037166478405408 0.00082577455518171314 -0.10484529368896532 0.026581111233079647 -0.0023242449330825202
leaf_weight=7027 117 158 1397 951 336 109 172 345 1604 2368 9591 1429 5352 254562 1145 1322 502 222 2002 210 190 651 532 440 324 217 2184 60 177 533
leaf_count=7027 117 158 1397 951 336 109 172 345 1604 2368 9591 1429 5352 254562 1145 1322 502 222 2002 210 190 651 532 440 324 217 2184 60 177 533
internal_value=-0.0015169 0.00134522 -0.0422381 -0.000394077 -0.0167106 -0.0204939 0.0187008 -0.0308699 -0.0379341 0.0433964 -0.046027 -0.0414718 0.048976 -6.10355e-05 0.037942 -0.00659711 -0.00980477 -0.0246253 0.0323642 -0.0324438 -0.00560629 -0.00283549 -0.00955752 0.00451505 -0.00603917 -0.0148973 -0.00191388 -0.00360825 0.001341 -0.017134
internal_weight=296229 276785 19444 265801 5307 4799 508 2828 2246 10984 18047 8456 5469 260494 5515 5932 4610 934 3147 712 1971 1781 1130 598 3676 1168 2508 582 522 642
internal_count=296229 276785 19444 265801 5307 4799 508 2828 2246 10984 18047 8456 5469 260494 5515 5932 4610 934 3147 712 1971 1781 1130 598 3676 1168 2508 582 522 642
cat_boundaries=0 2 4 7 8 10
cat_threshold=33587330 1077936128 2147483648 1049088 0 0 2 33587200 0 2097152
is_linear=0
shrinkage=0.05


Tree=163
num_leaves=31
num_cat=5
split_feature=17 17 0 17 6 8 5 0 3 2 6 17 5 0 17 5 6 16 0 0 0 5 12 6 5 0 5 8 14 7
split_gain=13799.7 7749.92 1414.27 576.81 281.979 295.698 279.543 220.036 183.344 160.706 155.573 112.361 116.323 104.92 92.1141 88.8877 66.0365 71.4996 80.9606 56.7373 55.8757 100.618 93.5168 55.2277 52.299 50.0079 65.5595 48.623 52.2868 47.6238
threshold=0 1 7.5000000000000009 2 18.500000000000004 23.500000000000004 21.250000000000004 7.5000000000000009 14.000000000000002 22.500000000000004 10.500000000000002 3 26.250000000000004 7.5000000000000009 4 21.250000000000004 16.500000000000004 120.03351666666667 7.5000000000000009 14.000000000000002 7.5000000000000009 21.250000000000004 6.5000000000000009 9.5000000000000018 8.7500000000000018 14.000000000000002 26.250000000000004 28.500000000000004 629.53089166666689 1.0000000180025095e-35
decision_type=9 9 2 9 2 2 2 2 2 2 2 9 2 2 9 2 2 2 2 2 2 2 2 2 2 2 2 2 2 2
left_child=2 8 11 4 5 19 -6 10 13 -10 29 12 -1 -2 16 23 17 24 -19 20 21 22 -3 -11 -5 26 -9 -18 -29 -7
right_child=1 3 -4 14 6 7 -8 25 9 15 -12 -13 -14 -15 -16 -17 27 18 -20 -21 -22 -23 -24 -25 -26 -27 -28 28 -30 -31
leaf_value=-0.00017539165473734464 6.9900782999798847e-05 -0.0002069141658664453 0.0024274980952012195 -0.0079270245143417527 7.0812955640153777e-06 -0.0023203686999436093 -0.00062710639573078104 -0.14835219304212086 -0.034200371231572824 1.4978280763504508 -7.364842963895058e-05 -0.00017539165473734464 -0.00017539165473734464 5.3125900642214679e-06 9.6532307147367832e-05 1.7098370698812937 -0.0093029392358564781 -0.0047452069602076374 0.0015014357660209756 -0.10239125805694034 0.019183250548826615 -0.0031447885452768444 0.00012908906227724338 0.56597434942043812 -0.0035562015308845396 -0.099603029004517035 0.025252055671425657 0.080699548624978412 -0.10744783439297734 -0.0022080326864283963
leaf_weight=7027 117 158 1397 282 336 109 172 345 56 617 1604 9591 1429 5352 254562 2002 885 996 390 190 651 532 440 2840 2942 60 177 317 120 533
leaf_count=7027 117 158 1397 282 336 109 172 345 56 617 1604 9591 1429 5352 254562 2002 885 996 390 190 651 532 440 2840 2942 60 177 317 120 533
internal_value=-0.0015483 0.0013127 -0.0422535 -0.00038881 -0.0166917 -0.020473 0.0187008 -0.0308345 0.0424504 0.0360562 -0.0379341 -0.046027 -0.0414718 0.048976 -5.60452e-05 0.0369207 -0.00621003 -0.00904555 -0.0185426 -0.00560629 -0.00283549 -0.00955752 0.00451505 0.0320654 -0.00496278 -0.00343643 0.00153257 0.00363086 0.0172769 -0.017134
internal_weight=296229 276785 19444 265801 5307 4799 508 2828 10984 5515 2246 18047 8456 5469 260494 5459 5932 4610 1386 1971 1781 1130 598 3457 3224 582 522 1322 437 642
internal_count=296229 276785 19444 265801 5307 4799 508 2828 10984 5515 2246 18047 8456 5469 260494 5459 5932 4610 1386 1971 1781 1130 598 3457 3224 582 522 1322 437 642
cat_boundaries=0 2 4 7 8 10
cat_threshold=33587330 1077936128 2147483648 1049088 0 0 2 33587200 0 2097152
is_linear=0
shrinkage=0.05


Tree=164
num_leaves=31
num_cat=5
split_feature=17 17 0 17 6 8 5 0 3 2 6 17 5 0 3 17 5 16 14 0 0 12 7 6 13 12 0 5 12 7
split_gain=13786.4 7534.06 1398.8 582.226 283.481 289.781 279.543 220.036 220.009 156.037 155.573 112.361 116.323 104.92 104.262 89.1369 65.297 62.6152 67.9048 92.0563 55.6344 52.7878 70.6387 51.8612 51.1345 89.9156 50.0079 65.5595 48.7311 47.6238
threshold=0 1 7.5000000000000009 2 18.500000000000004 23.500000000000004 21.250000000000004 7.5000000000000009 14.000000000000002 22.500000000000004 10.500000000000002 3 26.250000000000004 7.5000000000000009 72.500000000000014 4 12.000000000000002 120.03351666666667 439.99466666666677 7.5000000000000009 14.000000000000002 6.5000000000000009 5.5000000000000009 18.500000000000004 1.5000000000000002 21.500000000000004 14.000000000000002 26.250000000000004 62.500000000000007 1.0000000180025095e-35
decision_type=9 9 2 9 2 2 2 2 2 2 2 9 2 2 2 9 2 2 2 2 2 2 2 2 2 2 2 2 2 2
left_child=2 8 11 4 5 20 -6 10 13 -10 29 12 -1 -2 23 16 -5 -18 19 -19 21 22 -3 28 -23 -26 27 -9 -11 -7
right_child=1 3 -4 15 6 7 -8 26 9 14 -12 -13 -14 -15 -16 -17 17 18 -20 -21 -22 24 -24 -25 25 -27 -28 -29 -30 -31
leaf_value=-0.0001666220720004663 6.6405743849795587e-05 -0.0029875491180129999 0.0023061231904411453 -0.0077079218403508509 6.7272307858079474e-06 -0.002204350264946431 -0.0005957510759442286 -0.14093458339001483 -0.032490352669994137 0.61580833888988096 -6.9966008156985288e-05 -0.0001666220720004663 -0.0001666220720004663 5.0469605610281576e-06 1.4038457148344952 9.1705691790000546e-05 -0.00018754566844485511 -0.0054965245041393553 -0.003980658653808789 0.013821109414659506 -0.097271695154093341 0.036472387682304146 0.033816362198099539 0.0017418657669054484 0.00012263460916339675 -0.0029875491180129999 -0.094622877554291218 0.023989452887854413 -0.018776038716289991 -0.0020976310521069854
leaf_weight=7027 117 381 1397 801 336 109 172 345 56 2239 1604 9591 1429 5352 2946 254562 3414 645 812 260 190 94 37 163 1122 147 60 177 111 533
leaf_count=7027 117 381 1397 801 336 109 172 345 56 2239 1604 9591 1429 5352 2946 254562 3414 645 812 260 190 94 37 163 1122 147 60 177 111 533
internal_value=-0.00158847 0.00127116 -0.0422741 -0.000406492 -0.0167858 -0.0205772 0.0187008 -0.0308345 0.0418319 0.0348232 -0.0379341 -0.046027 -0.0414718 0.048976 0.035675 -7.21678e-05 -0.00612588 -0.00406354 -0.0118521 -0.0212707 -0.00585997 -0.00311623 -0.0186603 0.0281934 0.00165077 -0.000985028 -0.00343643 0.00153257 0.0300851 -0.017134
internal_weight=296229 276785 19444 265801 5307 4799 508 2828 10984 5515 2246 18047 8456 5469 5459 260494 5932 5131 1717 905 1971 1781 418 2513 1363 1269 582 522 2350 642
internal_count=296229 276785 19444 265801 5307 4799 508 2828 10984 5515 2246 18047 8456 5469 5459 260494 5932 5131 1717 905 1971 1781 418 2513 1363 1269 582 522 2350 642
cat_boundaries=0 2 4 7 8 10
cat_threshold=33587330 1077936128 2147483648 1049088 0 0 2 33587200 0 2097152
is_linear=0
shrinkage=0.05


Tree=165
num_leaves=31
num_cat=5
split_feature=17 17 0 17 6 8 5 3 0 6 2 8 17 5 0 17 13 5 16 14 0 0 12 7 13 12 0 5 7 7
split_gain=13770.2 7332.08 1398.8 583.349 283.782 288.605 279.543 256.958 220.036 155.573 151.774 123.633 112.361 116.323 104.92 88.563 66.3023 65.4629 61.9937 67.1534 88.4627 55.4152 54.0386 65.4606 51.1345 89.9156 50.0079 65.5595 47.6238 66.5031
threshold=0 1 7.5000000000000009 2 18.500000000000004 23.500000000000004 21.250000000000004 14.000000000000002 7.5000000000000009 10.500000000000002 22.500000000000004 23.500000000000004 3 26.250000000000004 7.5000000000000009 4 8.5000000000000018 12.000000000000002 120.03351666666667 439.99466666666677 7.5000000000000009 14.000000000000002 6.5000000000000009 5.5000000000000009 1.5000000000000002 21.500000000000004 14.000000000000002 26.250000000000004 1.0000000180025095e-35 2.5000000000000004
decision_type=9 9 2 9 2 2 2 2 2 2 2 2 9 2 2 9 2 2 2 2 2 2 2 2 2 2 2 2 2 2
left_child=2 7 12 4 5 21 -6 14 9 28 -9 -12 13 -1 -2 17 -13 -5 -19 20 -20 22 23 -3 -24 -26 27 -10 -7 -30
right_child=1 3 -4 15 6 8 -8 10 26 -11 11 16 -14 -15 -16 -17 -18 18 19 -21 -22 -23 24 -25 25 -27 -28 -29 29 -31
leaf_value=-0.0001582909684004541 6.3085456657319133e-05 -0.0028381716621123324 0.0021908170309190567 -0.0073225257483333197 6.3908692465197705e-06 -0.002094132751699096 -0.00056596352214701719 -0.030865835036494451 -0.13388785422051405 -6.6467707749140462e-05 1.5921439371146613 0.37808842304248674 -0.0001582909684004541 -0.0001582909684004541 4.7946125329545459e-06 8.7120407200580457e-05 0.75423351840220365 -0.00017816838502264788 -0.005221698278932374 -0.0037816257211183315 0.013130053943926568 -0.09240811039638866 0.034648768298188949 0.032125544088194589 0.00011650287870521581 -0.0028381716621123324 -0.089891733676576643 0.022789980243461728 0.063769025681654948 -0.001992749499501656
leaf_weight=7027 117 381 1397 801 336 109 172 56 345 1604 1995 1089 9591 1429 5352 254562 2375 3414 645 812 260 190 94 37 1122 147 60 177 194 339
leaf_count=7027 117 381 1397 801 336 109 172 56 345 1604 1995 1089 9591 1429 5352 254562 2375 3414 645 812 260 190 94 37 1122 147 60 177 194 339
internal_value=-0.00161243 0.00124551 -0.0422741 -0.000409501 -0.0168046 -0.020598 0.0187008 0.0412589 -0.0308345 -0.0379341 0.0336809 0.034521 -0.046027 -0.0414718 0.048976 -7.48549e-05 0.0288106 -0.00610905 -0.00404405 -0.0117938 -0.0211602 -0.00591071 -0.00317238 -0.0188995 0.00165077 -0.000985028 -0.00343643 0.00153257 -0.017134 -0.0109756
internal_weight=296229 276785 19444 265801 5307 4799 508 10984 2828 2246 5515 5459 18047 8456 5469 260494 3464 5932 5131 1717 905 1971 1781 418 1363 1269 582 522 642 533
internal_count=296229 276785 19444 265801 5307 4799 508 10984 2828 2246 5515 5459 18047 8456 5469 260494 3464 5932 5131 1717 905 1971 1781 418 1363 1269 582 522 642 533
cat_boundaries=0 2 4 7 8 10
cat_threshold=33587330 1077936128 2147483648 1049088 0 0 2 33587200 0 2097152
is_linear=0
shrinkage=0.05


Tree=166
num_leaves=31
num_cat=5
split_feature=17 17 0 17 3 14 8 0 6 3 6 5 2 17 5 0 5 6 17 0 0 1 5 16 14 0 9 6 5 0
split_gain=13849.4 7077.49 1300.34 514.673 306.676 270.81 250.118 178.469 221.369 162.931 150.435 145.474 116.34 112.361 116.323 104.92 96.822 96.7724 88.563 87.1 91.1998 75.754 65.4629 61.9937 68.7471 83.7926 57.8463 55.4478 48.2481 48.3394
threshold=0 1 7.5000000000000009 2 14.000000000000002 689.99490000000003 23.500000000000004 7.5000000000000009 18.500000000000004 72.500000000000014 10.500000000000002 21.250000000000004 22.500000000000004 3 26.250000000000004 7.5000000000000009 21.250000000000004 10.500000000000002 4 7.5000000000000009 14.000000000000002 7.5000000000000009 12.000000000000002 120.03351666666667 439.99466666666677 7.5000000000000009 5.5000000000000009 17.500000000000004 26.250000000000004 14.000000000000002
decision_type=9 9 2 9 2 2 2 2 2 2 2 2 2 9 2 2 2 2 9 2 2 2 2 2 2 2 2 2 2 2
left_child=2 4 13 5 15 6 16 8 10 12 -8 -7 -6 14 -1 -2 17 -3 22 -18 -21 26 -5 -24 25 -25 -19 -4 -9 -30
right_child=1 3 27 18 9 11 7 28 -10 -11 -12 -13 -14 -15 -16 -17 19 21 -20 20 -22 -23 23 24 -26 -27 -28 -29 29 -31
leaf_value=-0.00015037641998043584 5.9931183824435409e-05 -0.0034285385573762819 -6.6602473916077548e-05 -0.0069563994609166627 -0.029322543284669766 6.0713257842071048e-06 -0.0018931120245265554 -0.12719346150948835 6.0713257842071048e-06 1.262536740258928 -6.3144322361674562e-05 -0.00053766534603965081 0.48993075168285966 -0.00015037641998043584 -0.00015037641998043584 4.5548819063156998e-06 -0.0026962630790067 0.00011067773476995946 8.2764386840539225e-05 0.02098715242638587 -0.12355404149642808 -0.15703684715312871 -0.0001692599657714844 -0.0049606133649857664 -0.0035925444350624058 0.012473551246730219 -0.0002253254933737292 0.029336103333293728 0.021650481231288678 -0.061562653654236771
leaf_weight=7027 117 355 1081 801 56 240 638 378 114 2946 1604 242 2513 9591 1429 5352 560 263 254562 482 120 82 3414 645 812 260 32 316 173 24
leaf_count=7027 117 355 1081 801 56 240 638 378 114 2946 1604 242 2513 9591 1429 5352 560 263 254562 482 120 82 3414 645 812 260 32 316 173 24
internal_value=-0.00162931 0.00123684 -0.0424077 -0.000389186 0.0405494 -0.015789 -0.0193886 -0.0285397 -0.034635 0.0322665 -0.038091 0.019917 0.0230634 -0.046027 -0.0414718 0.048976 -0.00522703 0.00901639 -7.48549e-05 -0.0141997 -0.000996678 0.0266578 -0.00610905 -0.00404405 -0.0117938 -0.0212707 0.0384746 0.00404438 -0.00356522 0.0164975
internal_weight=296229 276785 19444 265801 10984 5307 4825 2931 2356 5515 2242 482 2569 18047 8456 5469 1894 732 260494 1162 602 377 5932 5131 1717 905 295 1397 575 197
internal_count=296229 276785 19444 265801 10984 5307 4825 2931 2356 5515 2242 482 2569 18047 8456 5469 1894 732 260494 1162 602 377 5932 5131 1717 905 295 1397 575 197
cat_boundaries=0 2 4 7 8 10
cat_threshold=33587330 1077936128 2147483648 1049088 0 0 2 33587200 0 2097152
is_linear=0
shrinkage=0.05


Tree=167
num_leaves=31
num_cat=5
split_feature=17 17 0 17 3 14 8 3 0 6 6 5 17 5 2 0 5 6 0 0 17 0 5 9 16 14 0 5 0 6
split_gain=13852.7 6843.07 1278.12 513.517 358.626 270.524 251.252 180.589 178.469 221.369 150.435 145.474 112.361 116.323 105.447 104.92 97.9648 98.1889 87.1 91.1998 84.6882 76.0726 66.7978 57.7426 57.133 69.4879 62.2941 48.2481 48.3394 46.9569
threshold=0 1 7.5000000000000009 2 14.000000000000002 689.99490000000003 23.500000000000004 67.500000000000014 7.5000000000000009 18.500000000000004 10.500000000000002 21.250000000000004 3 26.250000000000004 22.500000000000004 7.5000000000000009 21.250000000000004 10.500000000000002 7.5000000000000009 14.000000000000002 4 7.5000000000000009 12.000000000000002 5.5000000000000009 120.03351666666667 399.90902500000004 7.5000000000000009 26.250000000000004 14.000000000000002 17.500000000000004
decision_type=9 9 2 9 2 2 2 2 2 2 2 2 9 2 2 2 2 2 2 2 9 2 2 2 2 2 2 2 2 2
left_child=2 4 12 5 15 6 16 14 9 10 -8 -7 13 -1 -6 -2 17 -3 -18 -20 22 23 -5 -19 -24 26 -26 -10 -29 -4
right_child=1 3 29 20 7 11 8 -9 27 -11 -12 -13 -14 -15 -16 -17 18 21 19 -21 -22 -23 24 -25 25 -27 -28 28 -30 -31
leaf_value=-0.00014285759898142737 5.6934624633209198e-05 -0.0032571116295074809 -6.3272350220255899e-05 -0.0066085794878708365 -0.027856416120436302 5.7677594949900882e-06 -0.001798456423300232 1.0742763275838509 -0.12083378843401392 5.7677594949900882e-06 -5.9987106243575285e-05 -0.00051078207873764823 -0.00014285759898142737 -0.00014285759898142737 0.41480501520252738 4.327137810999915e-06 -0.0025614499250563583 0.00010514384803146372 0.019937794805066567 -0.11737633942160669 7.8626167498541122e-05 -0.14918500479547228 -0.0001607969674829235 -0.00021405921870503166 -0.004712582696736467 -0.0013224128071422482 0.011632840643244347 0.020567957169724239 -0.058484520971524928 0.027869298166629086
leaf_weight=7027 117 355 1081 801 56 240 638 3388 378 114 1604 242 9591 1429 2071 5352 560 262 482 120 254562 85 3414 30 550 960 207 173 24 316
leaf_count=7027 117 355 1081 801 56 240 638 3388 378 114 1604 242 9591 1429 2071 5352 560 262 482 120 254562 85 3414 30 550 960 207 173 24 316
internal_value=-0.00165531 0.00121119 -0.0424386 -0.000387681 0.0398672 -0.0157702 -0.0193679 0.0309066 -0.0285397 -0.034635 -0.038091 0.019917 -0.046027 -0.0414718 0.0194875 0.048976 -0.00517423 0.00915301 -0.0141997 -0.000996678 -7.37033e-05 0.0269231 -0.00597442 0.0390411 -0.00388813 -0.0113279 -0.0226552 -0.00356522 0.0164975 0.00361489
internal_weight=296229 276785 19444 265801 10984 5307 4825 5515 2931 2356 2242 482 18047 8456 2127 5469 1894 732 1162 602 260494 377 5932 292 5131 1717 757 575 197 1397
internal_count=296229 276785 19444 265801 10984 5307 4825 5515 2931 2356 2242 482 18047 8456 2127 5469 1894 732 1162 602 260494 377 5932 292 5131 1717 757 575 197 1397
cat_boundaries=0 2 4 7 8 10
cat_threshold=33587330 1077936128 2147483648 1049088 0 0 2 33587200 0 2097152
is_linear=0
shrinkage=0.05


Tree=168
num_leaves=31
num_cat=5
split_feature=17 17 0 17 3 14 8 0 6 3 6 5 17 5 1 0 5 6 0 0 17 0 5 7 16 14 0 5 0 7
split_gain=13842 6651.15 1270.76 524.576 405.404 273.099 242.971 176.477 221.369 169.9 150.435 145.474 112.361 116.323 104.96 104.92 89.0099 87.1454 87.1 91.1998 84.1728 68.5148 65.7278 60.7691 57.133 69.4879 62.2941 46.6564 47.6042 46.3613
threshold=0 1 7.5000000000000009 2 14.000000000000002 689.99490000000003 23.500000000000004 7.5000000000000009 18.500000000000004 67.500000000000014 10.500000000000002 21.250000000000004 3 26.250000000000004 22.500000000000004 7.5000000000000009 21.250000000000004 10.500000000000002 7.5000000000000009 14.000000000000002 4 7.5000000000000009 12.000000000000002 5.5000000000000009 120.03351666666667 399.90902500000004 7.5000000000000009 26.250000000000004 14.000000000000002 1.0000000180025095e-35
decision_type=9 9 2 9 2 2 2 2 2 2 2 2 9 2 2 2 2 2 2 2 9 2 2 2 2 2 2 2 2 2
left_child=2 4 12 5 15 6 16 8 10 14 29 -7 13 -1 -6 -2 17 -3 -18 -20 22 23 -5 -19 -24 26 -26 -9 -29 -8
right_child=1 3 -4 20 9 11 7 27 -10 -11 -12 -13 -14 -15 -16 -17 18 21 19 -21 -22 -23 24 -25 25 -27 -28 28 -30 -31
leaf_value=-0.00013571471903235378 5.4087893401533199e-05 -0.0030942560480321291 0.0020499453712034209 -0.0062781505134772882 -0.026463595314414515 5.4793715202450251e-06 -0.0018048476917228219 -0.1147920990123132 5.4793715202450251e-06 1.0205625112046584 -5.6987750931414288e-05 -0.00048524297480074808 -0.00013571471903235378 -0.00013571471903235378 0.39372200616105801 4.1107809204632422e-06 -0.0024333774288035404 9.9886655629877197e-05 0.018940905064813232 -0.11150752245052634 7.4694859123569662e-05 -0.14172575455569866 -0.00015275711910875956 -0.00020335625776977118 -0.0044769535618996324 -0.0012562921667851334 0.011051198611082126 0.019539559311238009 -0.055560294922948651 -0.0017085336021352316
leaf_weight=7027 117 355 1397 801 57 240 109 378 114 3388 1604 242 9591 1429 2070 5352 560 253 482 120 254562 85 3414 39 550 960 207 173 24 529
leaf_count=7027 117 355 1397 801 57 240 109 378 114 3388 1604 242 9591 1429 2070 5352 560 253 482 120 254562 85 3414 39 550 960 207 173 24 529
internal_value=-0.0016813 0.00118409 -0.0424489 -0.000392196 0.0392942 -0.0159394 -0.0195544 -0.0285739 -0.034635 0.0297643 -0.038091 0.019917 -0.046027 -0.0414718 0.0186883 0.048976 -0.00559662 0.00806011 -0.0141997 -0.000996678 -7.48549e-05 0.0248011 -0.00595759 0.0363014 -0.00388813 -0.0113279 -0.0226552 -0.00373913 0.0159898 -0.0175549
internal_weight=296229 276785 19444 265801 10984 5307 4825 2931 2356 5515 2242 482 18047 8456 2127 5469 1894 732 1162 602 260494 377 5932 292 5131 1717 757 575 197 638
internal_count=296229 276785 19444 265801 10984 5307 4825 2931 2356 5515 2242 482 18047 8456 2127 5469 1894 732 1162 602 260494 377 5932 292 5131 1717 757 575 197 638
cat_boundaries=0 2 4 7 8 10
cat_threshold=33587330 1077936128 2147483648 1049088 0 0 2 33587200 0 2097152
is_linear=0
shrinkage=0.05


Tree=169
num_leaves=31
num_cat=5
split_feature=17 17 0 17 3 14 8 8 0 6 6 5 17 5 1 0 5 8 0 0 6 17 0 7 5 16 14 0 9 6
split_gain=13834.4 6364.05 1256.1 515.855 481.362 271.095 248.986 184.075 178.469 221.369 150.435 145.474 112.361 116.323 111.654 104.92 95.6858 89.2929 87.1 91.1998 86.8966 82.2357 71.3027 67.7332 66.395 54.7771 65.9104 59.5102 54.7723 51.2256
threshold=0 1 7.5000000000000009 2 14.000000000000002 689.99490000000003 23.500000000000004 23.500000000000004 7.5000000000000009 18.500000000000004 10.500000000000002 21.250000000000004 3 26.250000000000004 22.500000000000004 7.5000000000000009 21.250000000000004 29.500000000000004 7.5000000000000009 14.000000000000002 10.500000000000002 4 7.5000000000000009 4.5000000000000009 12.000000000000002 120.03351666666667 399.90902500000004 7.5000000000000009 5.5000000000000009 9.5000000000000018
decision_type=9 9 2 9 2 2 2 2 2 2 2 2 9 2 2 2 2 2 2 2 2 9 2 2 2 2 2 2 2 2
left_child=2 4 12 5 15 6 16 -6 9 10 -8 -7 13 -1 -9 -2 20 29 -18 -20 -3 24 28 -19 -5 -26 27 -27 -22 -16
right_child=1 3 -4 21 7 11 8 14 -10 -11 -12 -13 -14 -15 17 -17 18 23 19 -21 22 -23 -24 -25 25 26 -28 -29 -30 -31
leaf_value=-0.00012892898308072275 5.1383498731460975e-05 -0.0029395432456305048 0.0019474481026432679 -0.0059642429878034257 1.344667961306556 5.205402944241655e-06 -0.0016231069220284501 -0.025140415548693798 -0.05266433368156323 5.205402944241655e-06 -5.4138363384836913e-05 -0.00046098082606071955 -0.00012892898308072275 -0.00012892898308072275 0.85858874005349473 3.9052418744134346e-06 -0.0023117085573633568 1.0744106355768654 0.017993859811572577 -0.10593214632800002 9.4892322848405547e-05 7.096011616740672e-05 -0.1346394668279137 0.42650358551226797 -0.00014511926315332601 -0.0042531058838046311 -0.001193477558445899 0.01049863868052805 -0.00019318844488127598 0.26688494575158511
leaf_weight=7027 117 355 1397 801 1995 240 638 57 575 114 1604 242 9591 1429 270 5352 560 845 482 120 262 254562 85 323 3414 550 960 207 30 2025
leaf_count=7027 117 355 1397 801 1995 240 638 57 575 114 1604 242 9591 1429 270 5352 560 845 482 120 262 254562 85 323 3414 550 960 207 30 2025
internal_value=-0.00171303 0.00115157 -0.0424694 -0.000390315 0.0384301 -0.0158078 -0.0194093 0.0280417 -0.0285397 -0.034635 -0.038091 0.019917 -0.046027 -0.0414718 0.0211648 0.048976 -0.00527983 0.0223072 -0.0141997 -0.000996678 0.00887978 -7.56226e-05 0.0255968 0.0335616 -0.00589027 -0.00381017 -0.0110949 -0.0221268 0.0373288 0.0165795
internal_weight=296229 276785 19444 265801 10984 5307 4825 5515 2931 2356 2242 482 18047 8456 3520 5469 1894 3463 1162 602 732 260494 377 1168 5932 5131 1717 757 292 2295
internal_count=296229 276785 19444 265801 10984 5307 4825 5515 2931 2356 2242 482 18047 8456 3520 5469 1894 3463 1162 602 732 260494 377 1168 5932 5131 1717 757 292 2295
cat_boundaries=0 2 4 7 8 10
cat_threshold=33587330 1077936128 2147483648 1049088 0 0 2 33587200 0 2097152
is_linear=0
shrinkage=0.05


Tree=170
num_leaves=31
num_cat=5
split_feature=17 17 0 17 3 14 8 0 6 8 6 5 17 5 1 0 5 8 0 0 6 17 0 7 5 16 14 0 9 6
split_gain=13830.8 6288.95 1248.81 514.145 503.286 270.81 248.256 180.473 221.369 177.153 150.435 145.474 112.361 116.323 110.56 104.92 95.6858 92.0961 87.1 87.3443 86.8966 82.0295 71.3027 66.5474 66.395 54.7771 65.9104 59.5102 54.7723 47.8991
threshold=0 1 7.5000000000000009 2 14.000000000000002 689.99490000000003 23.500000000000004 7.5000000000000009 18.500000000000004 23.500000000000004 10.500000000000002 21.250000000000004 3 26.250000000000004 22.500000000000004 7.5000000000000009 21.250000000000004 29.500000000000004 7.5000000000000009 14.000000000000002 10.500000000000002 4 7.5000000000000009 4.5000000000000009 12.000000000000002 120.03351666666667 399.90902500000004 7.5000000000000009 5.5000000000000009 9.5000000000000018
decision_type=9 9 2 9 2 2 2 2 2 2 2 2 9 2 2 2 2 2 2 2 2 9 2 2 2 2 2 2 2 2
left_child=2 4 12 5 15 6 16 8 10 -6 -8 -7 13 -1 -11 -2 20 29 -18 -20 -3 24 28 -19 -5 -26 27 -27 -22 -16
right_child=1 3 -4 21 9 11 7 -9 -10 14 -12 -13 -14 -15 17 -17 18 23 19 -21 22 -23 -24 -25 25 26 -28 -29 -30 -31
leaf_value=-0.00012248253392668217 4.8814323794887926e-05 -0.0027925660833489907 0.0018500756975111444 -0.0056660308384132389 1.2774345632412278 4.9451327970295722e-06 -0.0015419515759270475 -0.050031116997485109 4.9451327970295722e-06 -0.023883394771259073 -5.1431445215577298e-05 -0.00043793178475768361 -0.00012248253392668217 -0.00012248253392668217 0.81565930305082013 3.7099797807194079e-06 -0.0021961231294951758 1.0206901037980221 0.017094166820993986 -0.10063553901160004 9.0147706705989711e-05 6.7412110359010854e-05 -0.127907493486518 0.40517840623665474 -0.00013786329999563308 -0.0040404505896144199 -0.0011338036805236041 0.0099737067465016874 -0.00018352902263720774 0.25354069846400584
leaf_weight=7027 117 355 1397 801 1995 240 638 575 114 57 1604 242 9591 1429 270 5352 560 845 482 120 262 254562 85 323 3414 550 960 207 30 2025
leaf_count=7027 117 355 1397 801 1995 240 638 575 114 57 1604 242 9591 1429 270 5352 560 845 482 120 262 254562 85 323 3414 550 960 207 30 2025
internal_value=-0.00172856 0.00113568 -0.0424797 -0.000397087 0.0381936 -0.015789 -0.0193886 -0.0285056 -0.034635 0.0275703 -0.038091 0.019917 -0.046027 -0.0414718 0.0208239 0.048976 -0.00527983 0.0219607 -0.0141997 -0.000996678 0.00887978 -8.29162e-05 0.0255968 0.0333904 -0.00589027 -0.00381017 -0.0110949 -0.0221268 0.0373288 0.0161438
internal_weight=296229 276785 19444 265801 10984 5307 4825 2931 2356 5515 2242 482 18047 8456 3520 5469 1894 3463 1162 602 732 260494 377 1168 5932 5131 1717 757 292 2295
internal_count=296229 276785 19444 265801 10984 5307 4825 2931 2356 5515 2242 482 18047 8456 3520 5469 1894 3463 1162 602 732 260494 377 1168 5932 5131 1717 757 292 2295
cat_boundaries=0 2 4 7 8 10
cat_threshold=33587330 1077936128 2147483648 1049088 0 0 2 33587200 0 2097152
is_linear=0
shrinkage=0.05


Tree=171
num_leaves=31
num_cat=5
split_feature=17 17 0 3 17 6 8 0 0 6 5 17 5 11 0 5 14 6 0 0 17 0 6 12 8 7 13 5 7 7
split_gain=13830.7 5970.76 1245.17 596.796 473.276 351.824 361.176 222.233 199.039 155.573 135.089 112.361 116.323 109.899 104.92 84.9518 95.8565 83.6059 78.1448 98.3617 57.6671 56.4744 56.4627 74.4208 59.3001 53.7539 51.6515 47.8249 47.6238 66.5031
threshold=0 1 7.5000000000000009 14.000000000000002 2 18.500000000000004 23.500000000000004 7.5000000000000009 82.500000000000014 10.500000000000002 21.250000000000004 3 26.250000000000004 1.0000000180025095e-35 7.5000000000000009 21.250000000000004 169.90463333333335 9.5000000000000018 7.5000000000000009 14.000000000000002 4 17.500000000000004 10.500000000000002 47.500000000000007 25.500000000000004 5.5000000000000009 15.500000000000002 23.750000000000004 1.0000000180025095e-35 2.5000000000000004
decision_type=9 9 2 2 9 2 2 2 2 2 2 9 2 2 2 2 2 2 2 2 9 2 2 2 2 2 2 2 2 2
left_child=2 3 11 14 5 6 15 9 13 28 -7 12 -1 17 -2 16 -3 -5 -17 -20 22 -15 23 26 -24 -18 -6 -19 -8 -30
right_child=1 4 -4 8 20 10 7 -9 -10 -11 -12 -13 -14 21 -16 18 25 27 19 -21 -22 -23 24 -25 -26 -27 -28 -29 29 -31
leaf_value=-0.00011635840723034363 4.6373607605154637e-05 -0.0026184532373457973 0.0017575719126355694 0.97682605946488144 0.037745074563500847 4.6978761571558898e-06 -0.0015563523822389237 -0.047529561147610894 1.4255718286100092 -4.8859872954798435e-05 -0.00041603519551980384 -0.00011635840723034363 -0.00011635840723034363 -0.022689225032696127 3.5244807916612331e-06 -0.0020863169730203968 8.5640321370705763e-05 0.28678798044938852 0.017165216927439976 -0.082316001113559883 6.4041504841005906e-05 0.094125228521555832 -0.0077506969142810524 -0.012732305534082666 0.00084083129852268183 -0.00017435257150535401 -0.01588222630941578 0.67903559417644677 0.061008832424968157 -0.0014648539971306995
leaf_weight=7027 117 357 1397 430 520 336 109 582 1803 1604 172 9591 1429 53 5352 532 333 2052 530 176 254562 536 2329 228 2409 43 446 641 194 339
leaf_count=7027 117 357 1397 430 520 336 109 582 1803 1604 172 9591 1429 53 5352 532 333 2052 530 176 254562 536 2329 228 2409 43 446 641 194 339
internal_value=-0.00173396 0.00113026 -0.0424848 0.0372385 -0.000363228 -0.0151307 -0.0193478 -0.0307992 0.0256664 -0.0379341 0.0244094 -0.046027 -0.0414718 0.0190463 0.048976 -0.0029173 0.010573 0.0227826 -0.0109047 0 -6.18033e-05 -0.000764007 -0.004931 -0.0146566 -0.0024905 0.0281915 -0.00859213 0.0195136 -0.017134 -0.0109756
internal_weight=296229 276785 19444 10984 265801 5307 4799 2828 5515 2246 508 18047 8456 3712 5469 1971 733 3123 1238 706 260494 589 5932 1194 4738 376 966 2693 642 533
internal_count=296229 276785 19444 10984 265801 5307 4799 2828 5515 2246 508 18047 8456 3712 5469 1971 733 3123 1238 706 260494 589 5932 1194 4738 376 966 2693 642 533
cat_boundaries=0 2 4 7 8 10
cat_threshold=33587330 1077936128 2147483648 1049088 0 0 2 33587200 0 2097152
is_linear=0
shrinkage=0.05


Tree=172
num_leaves=31
num_cat=5
split_feature=17 17 0 3 17 6 8 0 0 6 5 17 5 6 0 11 5 14 0 0 17 6 12 8 7 13 8 0 7 7
split_gain=13820.8 5826.37 1245.17 644.123 469.835 350.819 365.13 222.233 183.707 155.573 135.089 112.361 116.323 107.711 104.92 95.4977 83.0456 95.8565 80.7838 90.7425 53.7848 58.4388 74.4208 54.8363 53.7539 51.6515 51.3028 48.0792 47.6238 66.5031
threshold=0 1 7.5000000000000009 14.000000000000002 2 18.500000000000004 23.500000000000004 7.5000000000000009 82.500000000000014 10.500000000000002 21.250000000000004 3 26.250000000000004 9.5000000000000018 7.5000000000000009 1.0000000180025095e-35 21.250000000000004 169.90463333333335 7.5000000000000009 14.000000000000002 4 10.500000000000002 47.500000000000007 25.500000000000004 5.5000000000000009 15.500000000000002 23.500000000000004 17.500000000000004 1.0000000180025095e-35 2.5000000000000004
decision_type=9 9 2 2 9 2 2 2 2 2 2 9 2 2 2 2 2 2 2 2 9 2 2 2 2 2 2 2 2 2
left_child=2 3 11 14 5 6 16 9 13 28 -7 12 -1 -5 -2 -15 17 -3 -18 -20 21 22 25 26 -19 -6 -23 -17 -8 -30
right_child=1 4 -4 8 20 10 7 -9 -10 -11 -12 -13 -14 15 -16 27 18 24 19 -21 -22 23 -24 -25 -26 -27 -28 -29 29 -31
leaf_value=-0.00011054048686882646 4.4054927224879141e-05 -0.002487530575478525 0.0016696933170037731 0.91494556550068473 0.035857820835325786 4.4629823492847722e-06 -0.0014785347631269818 -0.045153083090230341 1.3542932371795091 -4.6416879307065173e-05 -0.00039523343574381369 -0.00011054048686882646 -0.00011054048686882646 0.35780126135827467 3.3482567520337627e-06 -0.021554763781061317 -0.0019820011243693704 8.1358305302181583e-05 0.01630695608106798 -0.078200201057881905 6.0839429598913421e-05 -0.0045129442063321255 -0.012095690257378512 0.00079878973359654999 -0.00016563494293007076 -0.01508811499394498 -0.010296103477777452 0.0080919841078102902 0.057958390803719784 -0.0013916112972741424
leaf_weight=7027 117 357 1397 513 520 336 109 582 1803 1604 172 9591 1429 2693 5352 53 532 333 530 176 254562 1656 228 2409 43 446 673 453 194 339
leaf_count=7027 117 357 1397 513 520 336 109 582 1803 1604 172 9591 1429 2693 5352 53 532 333 530 176 254562 1656 228 2409 43 446 673 453 194 339
internal_value=-0.00174848 0.00111472 -0.0424848 0.0367837 -0.000360595 -0.0150743 -0.0192853 -0.0307992 0.0247597 -0.0379341 0.0244094 -0.046027 -0.0414718 0.0183998 0.048976 0.0149891 -0.00276509 0.010573 -0.0106624 0.000424929 -6.02678e-05 -0.00476271 -0.0146566 -0.00227944 0.0281915 -0.00859213 -0.00775011 -0.00494071 -0.017134 -0.0109756
internal_weight=296229 276785 19444 10984 265801 5307 4799 2828 5515 2246 508 18047 8456 3712 5469 3199 1971 733 1238 706 260494 5932 1194 4738 376 966 2329 506 642 533
internal_count=296229 276785 19444 10984 265801 5307 4799 2828 5515 2246 508 18047 8456 3712 5469 3199 1971 733 1238 706 260494 5932 1194 4738 376 966 2329 506 642 533
cat_boundaries=0 2 4 7 8 10
cat_threshold=33587330 1077936128 2147483648 1049088 0 0 2 33587200 0 2097152
is_linear=0
shrinkage=0.05


Tree=173
num_leaves=31
num_cat=5
split_feature=17 17 0 3 17 6 8 0 0 6 5 17 5 6 0 1 5 14 0 0 5 7 17 14 8 12 13 7 7 2
split_gain=13827.9 5702.33 1230.66 686.268 463.061 348.814 373.102 222.233 193.256 155.573 135.089 112.361 116.323 109.369 104.92 89.9994 79.2982 95.8565 86.1934 76.4255 70.7809 53.7539 48.7808 77.4542 110.773 89.6032 47.7684 47.6238 66.5031 47.5837
threshold=0 1 7.5000000000000009 14.000000000000002 2 18.500000000000004 23.500000000000004 7.5000000000000009 82.500000000000014 10.500000000000002 21.250000000000004 3 26.250000000000004 9.5000000000000018 7.5000000000000009 22.500000000000004 21.250000000000004 169.90463333333335 7.5000000000000009 14.000000000000002 16.250000000000004 5.5000000000000009 4 370.0216916666667 29.500000000000004 34.500000000000007 17.500000000000004 1.0000000180025095e-35 2.5000000000000004 7.5000000000000009
decision_type=9 9 2 2 9 2 2 2 2 2 2 9 2 2 2 2 2 2 2 2 2 2 9 2 2 2 2 2 2 2
left_child=2 3 11 14 5 6 16 9 13 27 -7 12 -1 -5 -2 -15 17 -3 -18 -20 26 29 23 25 -25 -6 -17 -8 -29 -19
right_child=1 4 -4 8 22 10 7 -9 -10 -11 -12 -13 -14 15 -16 20 18 21 19 -21 -22 -23 -24 24 -26 -27 -28 28 -30 -31
leaf_value=-0.00010501346252538291 4.1852180863655167e-05 -0.0023631540467046186 0.0015862086511535978 0.86919828722565029 -0.0034205135955704736 4.2398332318338561e-06 -0.0014046080249706439 -0.042895428935718807 1.2865785753205339 -4.4096035341700818e-05 -0.00037547176395662523 -0.00010501346252538291 -0.00010501346252538291 -0.020477025592008237 3.1808439143965473e-06 -0.028026286436951511 -0.0018829010681509217 7.7290390037054737e-05 0.015491608277014547 -0.074290191004987793 0.38516423161366192 -0.00015735319578356056 9.6956764194500172e-05 -0.0039204091117396537 0.067430071769602501 -0.014333709244247751 0.36315648302778919 0.055060471263533819 -0.0013220307324104397 -0.0011605222661942528
leaf_weight=7027 117 357 1397 513 4472 336 109 582 1803 1604 172 9591 1429 57 5352 740 532 260 530 176 1787 43 248200 4606 1243 1973 615 194 339 73
leaf_count=7027 117 357 1397 513 4472 336 109 582 1803 1604 172 9591 1429 57 5352 740 532 260 530 176 1787 43 248200 4606 1243 1973 615 194 339 73
internal_value=-0.00175861 0.00110533 -0.0425054 0.0363926 -0.000354199 -0.0149614 -0.0191602 -0.0307992 0.0239801 -0.0379341 0.0244094 -0.046027 -0.0414718 0.0174569 0.048976 0.01402 -0.00246068 0.010573 -0.0101777 0.00127479 0.0151496 0.0281915 -5.60452e-05 -0.00312906 0.00103436 -0.00691234 0.00653137 -0.017134 -0.0109756 0.034985
internal_weight=296229 276785 19444 10984 265801 5307 4799 2828 5515 2246 508 18047 8456 3712 5469 3199 1971 733 1238 706 3142 376 260494 12294 5849 6445 1355 642 533 333
internal_count=296229 276785 19444 10984 265801 5307 4799 2828 5515 2246 508 18047 8456 3712 5469 3199 1971 733 1238 706 3142 376 260494 12294 5849 6445 1355 642 533 333
cat_boundaries=0 2 4 7 8 10
cat_threshold=33587330 1077936128 2147483648 1049088 0 0 2 33587200 262144 2097152
is_linear=0
shrinkage=0.05


Tree=174
num_leaves=31
num_cat=4
split_feature=17 17 0 3 17 6 8 0 5 6 5 17 5 6 0 1 5 14 0 5 0 7 7 7 2 6 12 0 5 2
split_gain=13827 5556.75 1230.66 736.953 462.966 348.481 374.44 222.233 205.091 155.573 135.089 112.361 116.323 111.149 104.92 93.5393 78.682 95.8565 87.112 77.6463 71.1923 53.7539 47.6238 66.5031 47.5837 46.8528 46.6812 46.6093 65.5595 44.0299
threshold=0 1 7.5000000000000009 14.000000000000002 2 18.500000000000004 23.500000000000004 7.5000000000000009 26.250000000000004 10.500000000000002 21.250000000000004 3 26.250000000000004 9.5000000000000018 7.5000000000000009 22.500000000000004 21.250000000000004 169.90463333333335 7.5000000000000009 16.250000000000004 14.000000000000002 5.5000000000000009 1.0000000180025095e-35 2.5000000000000004 7.5000000000000009 17.500000000000004 6.5000000000000009 14.000000000000002 26.250000000000004 7.5000000000000009
decision_type=9 9 2 2 9 2 2 2 2 2 2 9 2 2 2 2 2 2 2 2 2 2 2 2 2 2 2 2 2 2
left_child=2 3 11 14 5 6 16 9 13 22 29 12 -1 -5 -2 -15 17 26 -18 -17 -20 24 -8 -24 -19 -4 -3 28 -9 -7
right_child=1 4 25 8 -6 10 7 27 -10 -11 -12 -13 -14 15 -16 19 18 21 20 -21 -22 -23 23 -25 -26 -27 -28 -29 -30 -31
leaf_value=-9.9762789399093779e-05 3.9759571820452422e-05 -0.0023632447796485324 -0.00060315588531674187 0.96733966761022361 -4.121301988777582e-05 4.0278415702310609e-06 -0.0013343776237221051 -0.097138817869067084 1.4722496465545072 -4.1891233574631319e-05 -0.00035669817575878504 -9.9762789399093779e-05 -9.9762789399093779e-05 -0.019453174312407829 3.0218017187166882e-06 0.15091473868183308 -0.0017887560147433756 7.3425870535182022e-05 0.014717027863163779 0.44271153674237457 -0.070575681454738429 -0.00014948553599438699 0.052307447700357113 -0.0012559291957899177 -0.0011024961528845801 0.025932786105690209 0.0062998674260510874 -0.078496613183549974 0.030476257538306496 -0.021071788031465477
leaf_weight=7027 117 81 1081 622 260494 313 109 345 1019 1604 172 9591 1429 57 5352 1481 532 260 530 2336 176 43 194 339 73 316 276 60 177 23
leaf_count=7027 117 81 1081 622 260494 313 109 345 1019 1604 172 9591 1429 57 5352 1481 532 260 530 2336 176 43 194 339 73 316 276 60 177 23
internal_value=-0.00175996 0.00110389 -0.0425054 0.0359378 -0.000336894 -0.0149426 -0.0191394 -0.0307992 0.0230734 -0.0379341 0.0244094 -0.046027 -0.0414718 0.0184831 0.048976 0.015333 -0.00240994 0.010573 -0.0100969 0.0162824 0.00141643 0.0281915 -0.017134 -0.0109756 0.034985 0.00268432 -0.00798319 -0.0032646 0.00153257 0.0428571
internal_weight=296229 276785 19444 10984 265801 5307 4799 2828 5515 2246 508 18047 8456 4496 5469 3874 1971 733 1238 3817 706 376 642 533 333 1397 357 582 522 336
internal_count=296229 276785 19444 10984 265801 5307 4799 2828 5515 2246 508 18047 8456 4496 5469 3874 1971 733 1238 3817 706 376 642 533 333 1397 357 582 522 336
cat_boundaries=0 2 4 7 8
cat_threshold=33587330 1077936128 2147483648 1049088 0 0 2 33587200
is_linear=0
shrinkage=0.05


Tree=175
num_leaves=31
num_cat=4
split_feature=17 17 0 3 17 6 8 0 5 6 5 17 5 6 0 1 5 14 0 5 7 0 12 12 7 7 2 6 12 0
split_gain=13821.5 5455.51 1230.66 774.565 449.05 354.96 386.582 222.233 200.451 155.573 139.552 112.361 116.323 108.857 104.92 91.8758 73.2447 95.8565 95.5988 71.3002 53.7539 52.7362 48.1908 52.5589 47.6238 66.5031 47.5837 46.8528 46.6812 46.6093
threshold=0 1 7.5000000000000009 14.000000000000002 2 18.500000000000004 23.500000000000004 7.5000000000000009 26.250000000000004 10.500000000000002 21.250000000000004 3 26.250000000000004 9.5000000000000018 7.5000000000000009 22.500000000000004 21.250000000000004 169.90463333333335 7.5000000000000009 16.250000000000004 5.5000000000000009 14.000000000000002 6.5000000000000009 60.500000000000007 1.0000000180025095e-35 2.5000000000000004 7.5000000000000009 17.500000000000004 6.5000000000000009 14.000000000000002
decision_type=9 9 2 2 9 2 2 2 2 2 2 9 2 2 2 2 2 2 2 2 2 2 2 2 2 2 2 2 2 2
left_child=2 3 11 14 5 6 16 9 13 24 -7 12 -1 -5 -2 -15 17 28 -18 -17 26 -20 -21 -24 -8 -26 -19 -4 -3 -9
right_child=1 4 27 8 -6 10 7 29 -10 -11 -12 -13 -14 15 -16 19 18 20 21 22 -22 -23 23 -25 25 -27 -28 -29 -30 -31
leaf_value=-9.4774649929130206e-05 3.7771593229418701e-05 -0.0022450825406660881 -0.00057299809105089145 0.91897268422971234 -3.9152368893402567e-05 3.8264494917061853e-06 -0.001267658742535982 0.022896429047216407 1.3986371642267821 -3.9796671895908631e-05 -0.00033886326697083472 -9.4774649929130206e-05 -9.4774649929130206e-05 -0.018480515596787407 2.87071163276309e-06 0.14336900174774136 -0.0016993182140061958 6.9754577008440685e-05 0.013981176470005609 0.20756307539080085 -0.00014201125919468537 -0.067046897382001536 0.53344674401342818 -0.1551521295609046 0.049692075315339236 -0.0011931327360004129 -0.001047371345240311 0.024636146800405712 0.0059848740547485237 -0.074571782524372493
leaf_weight=7027 117 81 1081 622 260494 336 109 522 1019 1604 172 9591 1429 57 5352 1481 532 260 530 614 43 176 1614 108 194 339 73 316 276 60
leaf_count=7027 117 81 1081 622 260494 336 109 522 1019 1604 172 9591 1429 57 5352 1481 532 260 530 614 43 176 1614 108 194 339 73 316 276 60
internal_value=-0.00176806 0.00109521 -0.0425054 0.0356103 -0.000332379 -0.0147169 -0.0189519 -0.0307992 0.0224207 -0.0379341 0.025 -0.046027 -0.0414718 0.0178826 0.048976 0.0147651 -0.00195332 0.010573 -0.00936995 0.0157061 0.0281915 0.00269122 0.0211473 0.0254355 -0.017134 -0.0109756 0.034985 0.00268432 -0.00798319 -0.0032646
internal_weight=296229 276785 19444 10984 265801 5307 4799 2828 5515 2246 508 18047 8456 4496 5469 3874 1971 733 1238 3817 376 706 2336 1722 642 533 333 1397 357 582
internal_count=296229 276785 19444 10984 265801 5307 4799 2828 5515 2246 508 18047 8456 4496 5469 3874 1971 733 1238 3817 376 706 2336 1722 642 533 333 1397 357 582
cat_boundaries=0 2 4 7 8
cat_threshold=33587330 1077936128 2147483648 1049088 0 0 2 33587200
is_linear=0
shrinkage=0.05


Tree=176
num_leaves=31
num_cat=4
split_feature=17 17 0 3 17 6 8 0 1 6 5 17 5 0 3 5 14 0 6 7 1 5 7 7 2 5 6 5 12 13
split_gain=13828 5249.94 1205.47 855.929 449.144 354.96 384.277 224.441 186.299 155.573 139.552 112.361 116.323 104.92 91.692 70.6702 98.8485 96.5662 69.2649 53.7539 51.0597 50.6386 47.6238 66.5031 47.5837 46.9462 89.8939 46.2855 45.1272 43.9814
threshold=0 1 7.5000000000000009 14.000000000000002 2 18.500000000000004 23.500000000000004 7.5000000000000009 82.500000000000014 10.500000000000002 21.250000000000004 3 26.250000000000004 7.5000000000000009 27.500000000000004 21.250000000000004 169.90463333333335 7.5000000000000009 9.5000000000000018 5.5000000000000009 14.000000000000002 16.250000000000004 1.0000000180025095e-35 2.5000000000000004 7.5000000000000009 21.250000000000004 10.500000000000002 26.250000000000004 6.5000000000000009 17.500000000000004
decision_type=9 9 2 2 9 2 2 2 2 2 2 9 2 2 2 2 2 2 2 2 2 2 2 2 2 2 2 2 2 2
left_child=2 3 11 13 5 6 15 9 14 22 -7 12 -1 -2 -5 16 28 -17 -16 24 -19 29 -8 -24 -18 26 -4 -10 -3 -20
right_child=1 4 25 8 -6 10 7 -9 27 -11 -12 -13 -14 -15 18 17 19 20 21 -21 -22 -23 23 -25 -26 -27 -28 -29 -30 -31
leaf_value=-9.0035917432684809e-05 3.5883013567961088e-05 -0.0021328284136327815 -0.017404258985738965 -0.017556489816948063 -3.7194750448721337e-05 3.6351270171319785e-06 -0.0012042758054091607 -0.033097237703536744 0.76290814652313943 -3.7806838301124301e-05 -0.00032192010362228632 -9.0035917432684809e-05 -9.0035917432684809e-05 2.7271760511204946e-06 0.73142275527237077 -0.001614352303305866 6.6266848158003105e-05 0.013282117646505311 -0.045344769250022669 -0.00013491069623494667 -0.034558763798129104 0.31553473409768729 0.047207471549572236 -0.0011334760992003812 -0.00099500277797828231 -0.0010089654848837171 0.027780645552243757 1.3666963124846001 0.0056856303520111066 0.33028447185492099
leaf_weight=7027 117 81 168 63 260494 336 109 582 1053 1604 172 9591 1429 5352 483 532 260 541 737 43 165 1780 194 339 73 766 463 785 276 614
leaf_count=7027 117 81 168 63 260494 336 109 582 1053 1604 172 9591 1429 5352 483 532 260 541 737 43 165 1780 194 339 73 766 463 785 276 614
internal_value=-0.00179439 0.00106956 -0.0425414 0.0349281 -0.000330874 -0.0147169 -0.0189519 -0.0307638 0.0210607 -0.0379341 0.025 -0.046027 -0.0414718 0.048976 0.0145635 -0.00200406 0.0103001 -0.00928918 0.015606 0.0281915 0.00283286 0.0128873 -0.017134 -0.0109756 0.034985 0.00218325 0.0122821 0.0340588 -0.00854342 0.00558845
internal_weight=296229 276785 19444 10984 265801 5307 4799 2828 5515 2246 508 18047 8456 5469 3677 1971 733 1238 3614 376 706 3131 642 533 333 1397 631 1838 357 1351
internal_count=296229 276785 19444 10984 265801 5307 4799 2828 5515 2246 508 18047 8456 5469 3677 1971 733 1238 3614 376 706 3131 642 533 333 1397 631 1838 357 1351
cat_boundaries=0 2 4 7 8
cat_threshold=33587330 1077936128 2147483648 1049088 0 0 2 33587200
is_linear=0
shrinkage=0.05


Tree=177
num_leaves=31
num_cat=4
split_feature=17 17 0 3 17 6 8 0 1 6 5 17 5 0 3 5 14 0 6 7 5 6 0 5 12 12 7 7 2 0
split_gain=13805.6 5182.66 1223.43 883.953 452.627 355.971 380.221 224.441 188.382 155.573 139.552 112.361 116.323 104.92 90.197 67.748 103.423 96.5662 63.5389 53.7539 51.0726 71.5732 50.8562 50.2014 48.1374 69.535 47.6238 66.5031 47.5837 43.3303
threshold=0 1 7.5000000000000009 14.000000000000002 2 18.500000000000004 23.500000000000004 7.5000000000000009 82.500000000000014 10.500000000000002 21.250000000000004 3 26.250000000000004 7.5000000000000009 27.500000000000004 21.250000000000004 169.90463333333335 7.5000000000000009 9.5000000000000018 5.5000000000000009 21.250000000000004 10.500000000000002 14.000000000000002 26.250000000000004 8.5000000000000018 58.500000000000007 1.0000000180025095e-35 2.5000000000000004 7.5000000000000009 14.000000000000002
decision_type=9 9 2 2 9 2 2 2 2 2 2 9 2 2 2 2 2 2 2 2 2 2 2 2 2 2 2 2 2 2
left_child=2 3 11 13 5 6 15 9 14 26 -7 12 -1 -2 -5 16 -3 -17 -16 28 21 -4 -19 -10 -20 -26 -8 -28 -18 -9
right_child=1 4 20 8 -6 10 7 29 23 -11 -12 -13 -14 -15 18 17 19 22 24 -21 -22 -23 -24 -25 25 -27 27 -29 -30 -31
leaf_value=-8.5534121561048348e-05 3.4088862889580795e-05 -0.0020197346065345292 -0.016534046036452033 -0.016678665326100628 -3.5335012926296372e-05 3.4533706662731592e-06 -0.0011440620151387027 0.023406469480032402 0.7247627391969822 -3.5916496386079193e-05 -0.00030582409844117644 -8.5534121561048348e-05 -8.5534121561048348e-05 2.5908172485600291e-06 0.69485161750875235 -0.0015336346881405839 6.2953505750096281e-05 0.012618011764180004 0.084044889808866874 -0.00012816516142319934 -0.0009585172106395313 0.026391613274631534 -0.061966614322995023 1.2983614968603696 0.37655869158242156 -0.091016060364965776 0.044847097972093589 -0.0010768022942403645 -0.0009452526390793637 -0.069188331512977014
leaf_weight=7027 117 357 168 63 260494 336 109 522 1053 1604 172 9591 1429 5352 483 532 260 530 1034 43 766 463 176 785 1828 269 194 339 73 60
leaf_count=7027 117 357 168 63 260494 336 109 522 1053 1604 172 9591 1429 5352 483 532 260 530 1034 43 766 463 176 785 1828 269 194 339 73 60
internal_value=-0.00180182 0.00105981 -0.0425157 0.0347007 -0.000331627 -0.0147734 -0.0190144 -0.0307638 0.0206074 -0.0379341 0.025 -0.046027 -0.0414718 0.048976 0.014074 -0.00215627 0.00989086 -0.00928918 0.0151079 0.0281915 0.00254116 0.0130745 0.00283286 0.0336779 0.012504 0.0168574 -0.017134 -0.0109756 0.034985 -0.00309278
internal_weight=296229 276785 19444 10984 265801 5307 4799 2828 5515 2246 508 18047 8456 5469 3677 1971 733 1238 3614 376 1397 631 706 1838 3131 2097 642 533 333 582
internal_count=296229 276785 19444 10984 265801 5307 4799 2828 5515 2246 508 18047 8456 5469 3677 1971 733 1238 3614 376 1397 631 706 1838 3131 2097 642 533 333 582
cat_boundaries=0 2 4 7 8
cat_threshold=33587330 1077936128 2147483648 1049088 0 0 2 33587200
is_linear=0
shrinkage=0.05


Tree=178
num_leaves=31
num_cat=4
split_feature=17 17 0 3 17 6 8 0 1 6 5 17 5 0 3 5 14 0 6 7 13 1 8 7 7 2 5 0 5 12
split_gain=13818.7 5059.17 1198.32 936.697 451.543 355.634 381.571 224.441 175.031 155.573 139.552 112.361 116.323 104.92 88.3865 67.1786 103.423 97.5384 55.897 53.7539 52.6847 49.1305 49.0092 47.6238 66.5031 47.5837 46.3983 43.3303 65.5595 42.8455
threshold=0 1 7.5000000000000009 14.000000000000002 2 18.500000000000004 23.500000000000004 7.5000000000000009 82.500000000000014 10.500000000000002 21.250000000000004 3 26.250000000000004 7.5000000000000009 27.500000000000004 21.250000000000004 169.90463333333335 7.5000000000000009 9.5000000000000018 5.5000000000000009 1.5000000000000002 14.000000000000002 19.500000000000004 1.0000000180025095e-35 2.5000000000000004 7.5000000000000009 16.250000000000004 14.000000000000002 26.250000000000004 6.5000000000000009
decision_type=9 9 2 2 9 2 2 2 2 2 2 9 2 2 2 2 2 2 2 2 2 2 2 2 2 2 2 2 2 2
left_child=2 3 11 13 5 6 15 9 14 23 -7 12 -1 -2 -5 16 29 -17 -16 25 22 -19 -4 -8 -25 -18 -20 28 -9 -3
right_child=1 4 20 8 -6 10 7 27 -10 -11 -12 -13 -14 -15 18 17 19 21 26 -21 -22 -23 -24 24 -26 -27 -28 -29 -30 -31
leaf_value=-8.125741548301591e-05 3.2384419745090655e-05 -0.001925200262624438 -0.24646942332484675 -0.015844732059795596 -3.3568262279981555e-05 3.2807021329794851e-06 -0.0010868589143817609 -0.092942160016799363 0.97801274313439956 -3.4120671566784115e-05 -0.00029053289351912428 -8.125741548301591e-05 -8.125741548301591e-05 2.4612763861675547e-06 0.66010903663331466 -0.0014569529537335592 5.9805830462611453e-05 0.011987111175970977 0.08191739470800137 -0.00012175690335203271 -0.00044597405172215333 -0.030801092065841917 0.035812979547727684 0.042604743073488917 -0.0010229621795283528 -0.00089799000712540442 0.28609215659698056 -0.065728914937328131 0.02829216162020547 0.0055023355647373156
leaf_weight=7027 117 81 25 63 260494 336 109 345 1838 1604 172 9591 1429 5352 483 532 260 541 1351 43 1214 165 158 194 339 73 1780 60 177 276
leaf_count=7027 117 81 25 63 260494 336 109 345 1838 1604 172 9591 1429 5352 483 532 260 541 1351 43 1214 165 158 194 339 73 1780 60 177 276
internal_value=-0.00181836 0.00104464 -0.0425517 0.0342823 -0.000330122 -0.0147546 -0.0189935 -0.0307638 0.0197733 -0.0379341 0.025 -0.046027 -0.0414718 0.048976 0.0134757 -0.00210553 0.00989086 -0.0092084 0.0144992 0.0281915 0.00204009 0.0029745 0.0270492 -0.017134 -0.0109756 0.034985 0.0120569 -0.00309278 0.00153257 -0.00938375
internal_weight=296229 276785 19444 10984 265801 5307 4799 2828 5515 2246 508 18047 8456 5469 3677 1971 733 1238 3614 376 1397 706 183 642 533 333 3131 582 522 357
internal_count=296229 276785 19444 10984 265801 5307 4799 2828 5515 2246 508 18047 8456 5469 3677 1971 733 1238 3614 376 1397 706 183 642 533 333 3131 582 522 357
cat_boundaries=0 2 4 7 8
cat_threshold=33587330 1077936128 2147483648 1049088 0 0 2 33587200
is_linear=0
shrinkage=0.05


Tree=179
num_leaves=31
num_cat=5
split_feature=17 17 0 17 17 6 8 0 3 6 5 5 17 5 0 5 14 0 3 7 6 12 1 7 7 2 0 5 12 12
split_gain=13833.3 4968.17 1173.46 865.188 453.901 356.308 378.873 224.441 205.687 155.573 154.321 139.552 112.361 116.323 104.92 68.3199 103.423 95.5988 66.7648 53.7539 51.8757 52.4741 47.9719 47.6238 66.5031 47.5837 43.3303 65.5595 42.8455 41.7535
threshold=0 1 7.5000000000000009 2 3 18.500000000000004 23.500000000000004 7.5000000000000009 14.000000000000002 10.500000000000002 26.250000000000004 21.250000000000004 4 26.250000000000004 7.5000000000000009 21.250000000000004 169.90463333333335 7.5000000000000009 57.500000000000007 5.5000000000000009 9.5000000000000018 58.500000000000007 14.000000000000002 1.0000000180025095e-35 2.5000000000000004 7.5000000000000009 14.000000000000002 26.250000000000004 6.5000000000000009 9.5000000000000018
decision_type=9 9 2 9 9 2 2 2 2 2 2 2 9 2 2 2 2 2 2 2 2 2 2 2 2 2 2 2 2 2
left_child=2 8 12 10 5 6 15 9 14 23 18 -7 13 -1 -2 16 28 -17 -3 25 -20 -22 -19 -8 29 -18 27 -9 -5 -25
right_child=1 3 -4 4 -6 11 7 26 -10 -11 -12 -13 -14 -15 -16 17 19 22 20 -21 21 -23 -24 24 -26 -27 -28 -29 -30 -31
leaf_value=-7.7194544708847357e-05 3.0765198757842786e-05 0.073153988001773848 0.00061413387132152057 -0.0018289402494932273 -3.1889849165978039e-05 3.1166670263260702e-06 -0.0010325159686626507 -0.088295052015959385 -0.015052495456805827 -3.2414637988464892e-05 1.1760522768387405 -0.0002760062488431636 -7.7194544708847357e-05 -7.7194544708847357e-05 2.3382125668547363e-06 -0.0013841053060468678 5.6815538939503089e-05 0.011387755617172424 0.8922395264894345 -0.00011566905818440888 0.33814855754314765 -0.19196341288341154 -0.029261037462549846 -0.025287269261342216 -0.00097181407055195739 -0.00085309050676913862 -0.062442469190461751 0.026877553539195187 0.0052272187865004763 0.040474505919814434
leaf_weight=7027 117 1026 1397 81 260494 336 109 345 53 1604 1019 172 9591 1429 5352 532 260 541 492 43 2813 112 165 51 339 73 60 177 276 143
leaf_count=7027 117 1026 1397 81 260494 336 109 345 53 1604 1019 172 9591 1429 5352 532 260 541 492 43 2813 112 165 51 339 73 60 177 276 143
internal_value=-0.00183287 0.00103163 -0.0425876 7.50167e-05 -0.000330122 -0.0147922 -0.0190352 -0.0307638 0.0479393 -0.0379341 0.0197551 0.025 -0.046027 -0.0414718 0.048976 -0.002207 0.00989086 -0.00936995 0.0157664 0.0281915 0.019125 0.0165983 0.00269122 -0.017134 -0.0109756 0.034985 -0.00309278 0.00153257 -0.00938375 0.0123711
internal_weight=296229 276785 19444 271263 265801 5307 4799 2828 5522 2246 5462 508 18047 8456 5469 1971 733 1238 4443 376 3417 2925 706 642 533 333 582 522 357 194
internal_count=296229 276785 19444 271263 265801 5307 4799 2828 5522 2246 5462 508 18047 8456 5469 1971 733 1238 4443 376 3417 2925 706 642 533 333 582 522 357 194
cat_boundaries=0 2 4 6 9 10
cat_threshold=33587330 1077936128 2147483648 512 0 1048576 0 0 2 33587200
is_linear=0
shrinkage=0.05


Tree=180
num_leaves=31
num_cat=5
split_feature=17 17 0 17 17 6 8 0 3 0 6 5 17 5 0 5 14 0 7 12 6 12 6 5 7 7 2 11 12 0
split_gain=13827.1 4970.24 1173.46 809.155 448.229 354.624 381.039 228.89 205.687 158.177 155.573 139.552 112.361 116.323 104.92 66.6116 103.423 98.5154 53.7539 51.0026 51.3694 72.9148 53.1595 50.5931 47.6238 66.5031 47.5837 44.5176 42.8455 41.9072
threshold=0 1 7.5000000000000009 2 3 18.500000000000004 23.500000000000004 7.5000000000000009 14.000000000000002 82.500000000000014 10.500000000000002 21.250000000000004 4 26.250000000000004 7.5000000000000009 21.250000000000004 169.90463333333335 7.5000000000000009 5.5000000000000009 58.500000000000007 9.5000000000000018 13.500000000000002 14.500000000000002 26.250000000000004 1.0000000180025095e-35 2.5000000000000004 7.5000000000000009 1.0000000180025095e-35 6.5000000000000009 14.000000000000002
decision_type=9 9 2 9 9 2 2 2 2 2 2 2 9 2 2 2 2 2 2 2 2 2 2 2 2 2 2 2 2 2
left_child=2 8 12 9 5 6 15 10 14 19 24 -7 13 -1 -2 16 28 -17 26 20 -3 -22 -23 -11 -8 -26 -18 29 -5 -19
right_child=1 3 -4 4 -6 11 7 -9 -10 23 -12 -13 -14 -15 -16 17 18 27 -20 -21 21 22 -24 -25 25 -27 -28 -29 -30 -31
leaf_value=-7.3334817473424971e-05 2.9226938819970628e-05 0.63949947874395363 0.00058342717775543567 -0.0017374932370185726 -3.0295356707688015e-05 2.9608336749920031e-06 -0.0009808901702295092 -0.02157439003632158 -0.014299870683965566 0.6321858477499035 -3.0793906089021665e-05 -0.00026220593640102763 -7.3334817473424971e-05 -7.3334817473424971e-05 2.221301938476472e-06 -0.0013149000407445045 5.3974761992536813e-05 0.0094139150735086836 -0.0001098856052752062 -0.076791380744011484 0.06681119027547737 0.20637062413792578 0.51863761550635823 1.1457607518971327 0.038450780623823726 -0.00092322336702435062 -0.00081043598143066837 0.021070812763224825 0.0049658578471754927 -0.063501443803189339
leaf_weight=7027 117 468 1397 81 260494 336 109 582 53 1031 1604 172 9591 1429 5352 532 260 442 43 318 1377 728 768 772 194 339 73 103 276 161
leaf_count=7027 117 468 1397 81 260494 336 109 582 53 1031 1604 172 9591 1429 5352 532 260 442 43 318 1377 728 768 772 194 339 73 103 276 161
internal_value=-0.00184199 0.00102188 -0.0425876 6.50636e-05 -0.000326736 -0.0146981 -0.018931 -0.0306931 0.0479393 0.0190972 -0.0379341 0.025 -0.046027 -0.0414718 0.048976 -0.00205479 0.00989086 -0.00912763 0.0281915 0.0131593 0.0149805 0.0124782 0.0201203 0.0312535 -0.017134 -0.0109756 0.034985 0.00311615 -0.00938375 -0.00207297
internal_weight=296229 276785 19444 271263 265801 5307 4799 2828 5522 5462 2246 508 18047 8456 5469 1971 733 1238 376 3659 3341 2873 1496 1803 642 533 333 706 357 603
internal_count=296229 276785 19444 271263 265801 5307 4799 2828 5522 5462 2246 508 18047 8456 5469 1971 733 1238 376 3659 3341 2873 1496 1803 642 533 333 706 357 603
cat_boundaries=0 2 4 6 9 10
cat_threshold=33587330 1077936128 2147483648 512 0 1048576 0 0 2 33587200
is_linear=0
shrinkage=0.05


Tree=181
num_leaves=31
num_cat=5
split_feature=17 17 0 17 17 6 8 0 3 6 5 17 5 0 3 5 14 0 7 8 8 6 7 7 7 2 7 11 12 13
split_gain=13821.2 5041.42 1173.46 742.06 447.08 354.288 380.098 231.131 166.939 155.573 139.552 112.361 116.323 102.122 91.5463 66.6116 103.423 98.5154 53.7539 52.3673 49.0246 59.498 52.7987 47.6238 66.5031 47.5837 47.0697 44.5176 42.8455 42.0189
threshold=0 1 7.5000000000000009 2 3 18.500000000000004 23.500000000000004 7.5000000000000009 87.500000000000014 10.500000000000002 21.250000000000004 4 26.250000000000004 7.5000000000000009 14.000000000000002 21.250000000000004 169.90463333333335 7.5000000000000009 5.5000000000000009 23.500000000000004 28.500000000000004 14.500000000000002 1.5000000000000002 1.0000000180025095e-35 2.5000000000000004 7.5000000000000009 3.5000000000000004 1.0000000180025095e-35 6.5000000000000009 34.500000000000007
decision_type=9 9 2 9 9 2 2 2 2 2 2 9 2 2 2 2 2 2 2 2 2 2 2 2 2 2 2 2 2 2
left_child=2 13 11 8 5 6 15 9 19 23 -7 12 -1 -2 -15 16 28 -17 25 -3 22 -22 -21 -8 -25 -18 -23 -19 -5 -10
right_child=1 3 -4 4 -6 10 7 -9 29 -11 -12 -13 -14 14 -16 17 18 27 -20 20 21 26 -24 24 -26 -27 -28 -29 -30 -31
leaf_value=-6.9668076599738174e-05 2.7765591878958774e-05 0.46702267907367062 0.00055425581886767714 -0.0016506185751676396 -2.8780588872301394e-05 2.8127919912357414e-06 -0.00093184566171804488 -0.020495670534505541 0.92096601901919972 -2.9254210784568359e-05 -0.00024909563958095407 -6.9668076599738174e-05 -6.9668076599738174e-05 2.1102368415348851e-06 -0.013584877149767305 -0.0012491550387072614 5.1276023892921077e-05 -0.010164689811869821 -0.00010439132501143256 -0.12579488786184517 0.14815508930607529 0.71482363240880853 0.13785077156643341 0.036528241592632509 -0.00087706219867311752 -0.00076991418235916598 0.14946545215169493 0.020017272125063545 0.0047175649548167444 -0.05066114110310025
leaf_weight=7027 117 995 1397 81 260494 336 109 582 1635 1604 172 9591 1429 5352 53 532 260 603 43 562 561 315 1117 194 339 73 243 103 276 34
leaf_count=7027 117 995 1397 81 260494 336 109 582 1635 1604 172 9591 1429 5352 53 532 260 603 43 562 561 315 1117 194 339 73 243 103 276 34
internal_value=-0.00185076 0.00101248 -0.0425876 4.88438e-05 -0.00032636 -0.0146793 -0.0189102 -0.0306577 0.0182749 -0.0379341 0.025 -0.046027 -0.0414718 0.0482646 0.0493525 -0.00205479 0.00989086 -0.00912763 0.0281915 0.0125099 0.00900643 0.0171135 0.00360334 -0.017134 -0.0109756 0.034985 0.0286738 0.00311615 -0.00938375 0.0314859
internal_weight=296229 276785 19444 271263 265801 5307 4799 2828 5462 2246 508 18047 8456 5522 5405 1971 733 1238 376 3793 2798 1119 1679 642 533 333 558 706 357 1669
internal_count=296229 276785 19444 271263 265801 5307 4799 2828 5462 2246 508 18047 8456 5522 5405 1971 733 1238 376 3793 2798 1119 1679 642 533 333 558 706 357 1669
cat_boundaries=0 2 4 6 9 10
cat_threshold=33587330 1077936128 2147483648 512 0 1048576 0 0 2 33587200
is_linear=0
shrinkage=0.05


Tree=182
num_leaves=31
num_cat=5
split_feature=17 17 0 17 17 6 8 0 0 6 5 17 5 0 3 5 14 0 7 13 7 7 2 12 11 12 0 12 13 13
split_gain=13821.3 5044.66 1162.89 679.234 447.127 354.288 380.098 231.131 158.012 155.573 139.552 112.361 116.323 102.122 91.5463 66.6116 103.423 98.5154 53.7539 48.1109 47.6238 66.5031 47.5837 45.4156 44.5176 42.8455 41.9072 41.7535 50.6214 40.3988
threshold=0 1 7.5000000000000009 2 3 18.500000000000004 23.500000000000004 7.5000000000000009 87.500000000000014 10.500000000000002 21.250000000000004 4 26.250000000000004 7.5000000000000009 14.000000000000002 21.250000000000004 169.90463333333335 7.5000000000000009 5.5000000000000009 34.500000000000007 1.0000000180025095e-35 2.5000000000000004 7.5000000000000009 58.500000000000007 1.0000000180025095e-35 6.5000000000000009 14.000000000000002 9.5000000000000018 30.500000000000004 1.5000000000000002
decision_type=9 9 2 9 9 2 2 2 2 2 2 9 2 2 2 2 2 2 2 2 2 2 2 2 2 2 2 2 2 2
left_child=2 13 11 8 5 6 15 9 23 20 -7 12 -1 -2 -15 16 25 -17 22 -10 -8 27 -18 -3 26 -5 -19 -22 -29 -4
right_child=1 3 29 4 -6 10 7 -9 19 -11 -12 -13 -14 14 -16 17 18 24 -20 -21 21 -23 -24 -25 -26 -27 -28 28 -30 -31
leaf_value=-6.6184672769731284e-05 2.6377312285008615e-05 0.24486855539017985 0.026289958849409434 -0.0015680876464092552 -2.7341559428695206e-05 2.6721523916695137e-06 -0.00088525337863214486 -0.019470887007780303 0.98441282600372026 -2.779150024534438e-05 -0.0002366408576019108 -6.6184672769731284e-05 -6.6184672769731284e-05 2.0047249994270543e-06 -0.012905633292278918 -0.0011866972867719207 4.8712222698288349e-05 0.0094514538104267139 -9.9171758760840945e-05 -0.10532122007098793 -0.027771856909097892 -0.00083320908873947281 -0.00073141847324116333 -0.079844350285132579 0.019016408518810392 0.0044816867070759164 -0.05981813712243636 0.034701829513000874 -0.031178194103434899 -0.00051126619253327732
leaf_weight=7027 117 3588 183 81 260494 336 109 582 1529 1604 172 9591 1429 5352 53 532 260 442 43 27 51 339 73 318 103 276 161 114 29 1214
leaf_count=7027 117 3588 183 81 260494 336 109 582 1529 1604 172 9591 1429 5352 53 532 260 442 43 27 51 339 73 318 103 276 161 114 29 1214
internal_value=-0.00186596 0.000997308 -0.0426031 3.33612e-05 -0.000325607 -0.0146793 -0.0189102 -0.0306577 0.0174708 -0.0379341 0.025 -0.046027 -0.0414718 0.0482646 0.0493525 -0.00205479 0.00989086 -0.00912763 0.0281915 0.0309769 -0.017134 -0.0109756 0.034985 0.0121352 0.00311615 -0.00938375 -0.00207297 0.0123711 0.0262238 0.00132427
internal_weight=296229 276785 19444 271263 265801 5307 4799 2828 5462 2246 508 18047 8456 5522 5405 1971 733 1238 376 1556 642 533 333 3906 706 357 603 194 143 1397
internal_count=296229 276785 19444 271263 265801 5307 4799 2828 5462 2246 508 18047 8456 5522 5405 1971 733 1238 376 1556 642 533 333 3906 706 357 603 194 143 1397
cat_boundaries=0 2 4 6 9 10
cat_threshold=33587330 1077936128 2147483648 512 0 1048576 0 0 2 33587200
is_linear=0
shrinkage=0.05


Tree=183
num_leaves=31
num_cat=6
split_feature=17 17 0 17 17 6 8 0 6 5 3 17 5 0 3 5 14 0 7 7 7 2 11 16 12 0 12 13 5 17
split_gain=13796.9 5049.59 1173.46 590.231 447.174 354.288 380.098 231.131 155.573 139.552 137.423 112.361 116.323 102.122 91.5463 66.6116 103.423 98.5154 53.7539 47.6238 66.5031 47.5837 44.5176 42.9026 42.8455 41.9072 41.7535 50.6214 40.3467 60.0926
threshold=0 1 7.5000000000000009 2 3 18.500000000000004 23.500000000000004 7.5000000000000009 10.500000000000002 21.250000000000004 87.500000000000014 4 26.250000000000004 7.5000000000000009 14.000000000000002 21.250000000000004 169.90463333333335 7.5000000000000009 5.5000000000000009 1.0000000180025095e-35 2.5000000000000004 7.5000000000000009 1.0000000180025095e-35 240.10580000000002 6.5000000000000009 14.000000000000002 9.5000000000000018 30.500000000000004 38.750000000000007 5
decision_type=9 9 2 9 9 2 2 2 2 2 2 9 2 2 2 2 2 2 2 2 2 2 2 2 2 2 2 2 2 9
left_child=2 13 11 10 5 6 15 8 19 -7 23 12 -1 -2 -15 16 24 -17 21 -8 26 -18 25 -3 -5 -19 -21 -28 -6 -30
right_child=1 3 -4 4 28 9 7 -9 -10 -11 -12 -13 -14 14 -16 17 18 22 -20 20 -22 -23 -24 -25 -26 -27 27 -29 29 -31
leaf_value=-6.2875439131238056e-05 2.5058446670778167e-05 0.1664243290927363 0.00055210633755091725 -0.0014896832640888037 -0.00014153657364284202 2.5385447720793764e-06 -0.00084099070970053988 -0.018497342657391249 -2.6401925233088265e-05 -0.00022480881472182191 0.82569707676805359 -6.2875439131238056e-05 -6.2875439131238056e-05 1.9044887494601427e-06 -0.012260351627664968 -0.0011273624224333201 4.6276611563378371e-05 0.008978881119905413 -9.421317082281e-05 -0.026383264063642997 -0.00079154863430250808 -0.0006948475495790696 0.018065588092869869 0.547945047101149 0.0042576023717221471 -0.05682723026631456 0.03296673803735084 -0.029619284398263137 0.12663385701920901 0.0062929572372137704
leaf_weight=7027 117 3636 1397 81 255647 336 109 582 1604 172 1669 9591 1429 5352 53 532 260 442 43 51 339 73 103 157 276 161 114 29 1587 3260
leaf_count=7027 117 3636 1397 81 255647 336 109 582 1604 172 1669 9591 1429 5352 53 532 260 442 43 51 339 73 103 157 276 161 114 29 1587 3260
internal_value=-0.00188655 0.000974187 -0.0425876 9.76876e-06 -0.000324855 -0.0146793 -0.0189102 -0.0306577 -0.0379341 0.025 0.0162646 -0.046027 -0.0414718 0.0482646 0.0493525 -0.00205479 0.00989086 -0.00912763 0.0281915 -0.017134 -0.0109756 0.034985 0.00311615 0.0110335 -0.00938375 -0.00207297 0.0123711 0.0262238 -3.18613e-05 0.00448731
internal_weight=296229 276785 19444 271263 265801 5307 4799 2828 2246 508 5462 18047 8456 5522 5405 1971 733 1238 376 642 533 333 706 3793 357 603 194 143 260494 4847
internal_count=296229 276785 19444 271263 265801 5307 4799 2828 2246 508 5462 18047 8456 5522 5405 1971 733 1238 376 642 533 333 706 3793 357 603 194 143 260494 4847
cat_boundaries=0 2 4 6 9 10 13
cat_threshold=33587330 1077936128 2147483648 512 0 1048576 0 0 2 33587200 1149779968 486823936 4
is_linear=0
shrinkage=0.05


Tree=184
num_leaves=31
num_cat=5
split_feature=17 17 0 17 17 6 8 0 6 5 5 17 5 0 3 6 5 14 0 7 7 7 2 11 12 0 12 13 0 13
split_gain=13798.2 5052.45 1162.89 532.96 447.361 354.288 380.098 231.131 155.573 139.552 121.513 112.361 116.323 102.122 91.5463 83.7829 66.6116 103.423 98.5154 53.7539 47.6238 66.5031 47.5837 44.5176 42.8455 41.9072 41.7535 50.6214 41.4014 40.3988
threshold=0 1 7.5000000000000009 2 3 18.500000000000004 23.500000000000004 7.5000000000000009 10.500000000000002 21.250000000000004 21.250000000000004 4 26.250000000000004 7.5000000000000009 14.000000000000002 9.5000000000000018 21.250000000000004 169.90463333333335 7.5000000000000009 5.5000000000000009 1.0000000180025095e-35 2.5000000000000004 7.5000000000000009 1.0000000180025095e-35 6.5000000000000009 14.000000000000002 9.5000000000000018 30.500000000000004 82.500000000000014 1.5000000000000002
decision_type=9 9 2 9 9 2 2 2 2 2 2 9 2 2 2 2 2 2 2 2 2 2 2 2 2 2 2 2 2 2
left_child=2 13 11 10 5 6 16 8 20 -7 15 12 -1 -2 -15 -3 17 24 -18 22 -8 26 -19 25 -5 -20 -22 -28 -12 -4
right_child=1 3 29 4 -6 9 7 -9 -10 -11 28 -13 -14 14 -16 -17 18 19 23 -21 21 -23 -24 -25 -26 -27 27 -29 -30 -31
leaf_value=-5.9731667174656167e-05 2.3805524337250362e-05 0.61450064266584803 0.024947855590061432 -0.0014151991008843458 -2.5300762760949171e-05 2.4116175334931713e-06 -0.00079894117421552835 -0.017572475524521725 -2.5081828971451615e-05 -0.0002135683739857175 0.30244499693944604 -5.9731667174656167e-05 -5.9731667174656167e-05 1.809264311969372e-06 -0.01164733404628171 0.097262448231934695 -0.0010709943013116341 4.3962780985218333e-05 0.0085299370639101649 -8.9502512281658403e-05 -0.025064100860460847 -0.00075197120258736489 -0.00066010517210015609 0.017162308688226349 0.0040447222531360795 -0.053985868752998822 0.031318401135483322 -0.028138320178349965 0.93189833733428884 -0.00051330819978421258
leaf_weight=7027 117 617 183 81 260494 336 109 582 1604 172 795 9591 1429 5352 53 2843 532 260 442 43 51 339 73 103 276 161 114 29 1207 1214
leaf_count=7027 117 617 183 81 260494 336 109 582 1604 172 795 9591 1429 5352 53 2843 532 260 442 43 51 339 73 103 276 161 114 29 1207 1214
internal_value=-0.00190005 0.000960819 -0.0426031 -3.87064e-06 -0.000321845 -0.0146793 -0.0189102 -0.0306577 -0.0379341 0.025 0.0154423 -0.046027 -0.0414718 0.0482646 0.0493525 0.00979769 -0.00205479 0.00989086 -0.00912763 0.0281915 -0.017134 -0.0109756 0.034985 0.00311615 -0.00938375 -0.00207297 0.0123711 0.0262238 0.0252747 0.00132427
internal_weight=296229 276785 19444 271263 265801 5307 4799 2828 2246 508 5462 18047 8456 5522 5405 3460 1971 733 1238 376 642 533 333 706 357 603 194 143 2002 1397
internal_count=296229 276785 19444 271263 265801 5307 4799 2828 2246 508 5462 18047 8456 5522 5405 3460 1971 733 1238 376 642 533 333 706 357 603 194 143 2002 1397
cat_boundaries=0 2 4 6 9 10
cat_threshold=33587330 1077936128 2147483648 512 0 1048576 0 0 2 33587200
is_linear=0
shrinkage=0.05


Tree=185
num_leaves=31
num_cat=6
split_feature=17 17 0 17 17 6 8 0 6 5 3 17 5 0 3 5 14 0 7 7 7 2 11 12 12 13 16 14 17 6
split_gain=13796.5 5055.23 1155.87 485.785 445.09 353.615 382.8 231.131 155.573 139.552 132.872 112.361 116.323 102.122 91.5463 65.4847 103.423 100.484 53.7539 47.6238 66.5031 47.5837 43.6912 42.8455 41.7535 50.6214 41.5543 39.9761 152.403 82.9806
threshold=0 1 7.5000000000000009 2 3 18.500000000000004 23.500000000000004 7.5000000000000009 10.500000000000002 21.250000000000004 87.500000000000014 4 26.250000000000004 7.5000000000000009 14.000000000000002 21.250000000000004 169.90463333333335 7.5000000000000009 5.5000000000000009 1.0000000180025095e-35 2.5000000000000004 7.5000000000000009 1.0000000180025095e-35 6.5000000000000009 9.5000000000000018 30.500000000000004 89.987625000000023 679.8634666666668 5 10.500000000000002
decision_type=9 9 2 9 9 2 2 2 2 2 2 9 2 2 2 2 2 2 2 2 2 2 2 2 2 2 2 2 9 2
left_child=2 13 11 10 5 6 15 8 19 -7 -3 12 -1 -2 -15 16 23 -17 21 -8 24 -18 -19 -5 -21 -26 -12 -6 -29 -30
right_child=1 3 -4 4 27 9 7 -9 -10 -11 26 -13 -14 14 -16 17 18 22 -20 20 -22 -23 -24 -25 25 -27 -28 28 29 -31
leaf_value=-5.6745083815901159e-05 2.2615248120372301e-05 0.1647220986183946 0.0004968411416416352 -0.0013444391458401483 -0.0002780575193624735 2.2910366568318352e-06 -0.00075899411550475195 -0.016693851748295609 -2.38277375228968e-05 -0.00020288995528643385 0.47170223823152502 -5.6745083815901159e-05 -5.6745083815901159e-05 1.7188010963842261e-06 -0.011064967343967603 -0.0010174445862460412 4.1764641935948532e-05 -0.0088794275658445453 -8.5027386667579924e-05 -0.023810895817437807 -0.00071437264245801659 -0.00062709991349514389 0.016304193253815047 0.0038424861404792844 0.029752481078709182 -0.026731404169432472 1.3768129124456836 0.018973763892672538 0.10799694805669596 -0.001327480428138861
leaf_weight=7027 117 3793 1397 81 238762 336 109 582 1604 172 1135 9591 1429 5352 53 532 260 603 43 51 339 73 103 276 114 29 534 9194 1098 11440
leaf_count=7027 117 3793 1397 81 238762 336 109 582 1604 172 1135 9591 1429 5352 53 532 260 603 43 51 339 73 103 276 114 29 534 9194 1098 11440
internal_value=-0.00191288 0.000947813 -0.0426133 -1.71414e-05 -0.000320717 -0.0146417 -0.0188685 -0.0306577 -0.0379341 0.025 0.0147295 -0.046027 -0.0414718 0.0482646 0.0493525 -0.00195332 0.00989086 -0.00896607 0.0281915 -0.017134 -0.0109756 0.034985 0.00339943 -0.00938375 0.0123711 0.0262238 0.0265129 -2.84065e-05 0.00202466 -0.001562
internal_weight=296229 276785 19444 271263 265801 5307 4799 2828 2246 508 5462 18047 8456 5522 5405 1971 733 1238 376 642 533 333 706 357 194 143 1669 260494 21732 12538
internal_count=296229 276785 19444 271263 265801 5307 4799 2828 2246 508 5462 18047 8456 5522 5405 1971 733 1238 376 642 533 333 706 357 194 143 1669 260494 21732 12538
cat_boundaries=0 2 4 6 9 10 13
cat_threshold=33587330 1077936128 2147483648 512 0 1048576 0 0 2 33587200 1342730260 589769730 9
is_linear=0
shrinkage=0.05


Tree=186
num_leaves=31
num_cat=7
split_feature=17 17 0 17 17 6 8 0 6 5 2 17 5 0 3 5 14 0 7 7 7 2 16 11 12 12 13 17 0 17
split_gain=13776.3 5062.02 1155.87 466.446 442.289 353.28 384.154 231.131 155.573 139.552 132.206 112.361 116.323 102.122 91.5463 64.9249 103.423 101.476 53.7539 47.6238 66.5031 47.5837 43.4007 43.2809 42.8455 41.7535 50.6214 39.8016 45.6024 135.919
threshold=0 1 7.5000000000000009 2 3 18.500000000000004 23.500000000000004 7.5000000000000009 10.500000000000002 21.250000000000004 87.500000000000014 4 26.250000000000004 7.5000000000000009 14.000000000000002 21.250000000000004 169.90463333333335 7.5000000000000009 5.5000000000000009 1.0000000180025095e-35 2.5000000000000004 7.5000000000000009 89.987625000000023 1.0000000180025095e-35 6.5000000000000009 9.5000000000000018 30.500000000000004 5 17.500000000000004 6
decision_type=9 9 2 9 9 2 2 2 2 2 2 9 2 2 2 2 2 2 2 2 2 2 2 2 2 2 2 9 2 9
left_child=2 13 11 10 5 6 15 8 19 -7 -3 12 -1 -2 -15 16 24 -17 21 -8 25 -18 -12 -19 -5 -21 -27 -6 -29 -30
right_child=1 3 -4 4 27 9 7 -9 -10 -11 22 -13 -14 14 -16 17 18 23 -20 20 -22 -23 -24 -25 -26 26 -28 28 29 -31
leaf_value=-5.3907829625110537e-05 2.1484485714351467e-05 0.15964433804475819 0.000471999084559549 -0.0012772171885481411 -0.0012358376854530563 2.1764848240124478e-06 -0.00072104440972950998 -0.015859159160880855 -2.263635064676528e-05 -0.00019274545752212546 0.46423219415136008 -5.3907829625110537e-05 -5.3907829625110537e-05 1.6328610415783375e-06 -0.010511718976769214 -0.00096657235693373708 3.9676409839151106e-05 -0.008435456187552327 -8.0776017334205374e-05 -0.022620351026565899 -0.00067865401033513357 -0.00059574491782035113 1.3079722668233993 0.015488983591124317 0.0036503618334553069 0.028264857024773705 -0.02539483396096083 0.00093375320736894813 -0.046482345325285834 0.0011934288859077214
leaf_weight=7027 117 3824 1397 81 61159 336 109 582 1604 172 1104 9591 1429 5352 53 532 260 603 43 51 339 73 534 103 276 114 29 72587 8303 118445
leaf_count=7027 117 3824 1397 81 61159 336 109 582 1604 172 1104 9591 1429 5352 53 532 260 603 43 51 339 73 534 103 276 114 29 72587 8303 118445
internal_value=-0.00194258 0.000916021 -0.0426133 -4.9581e-05 -0.000347051 -0.0146229 -0.0188477 -0.0306577 -0.0379341 0.025 0.0144006 -0.046027 -0.0414718 0.0482646 0.0493525 -0.00190259 0.00989086 -0.0088853 0.0281915 -0.017134 -0.0109756 0.034985 0.0263126 0.00354108 -0.00938375 0.0123711 0.0262238 -5.56613e-05 0.000286689 -0.000285606
internal_weight=296229 276785 19444 271263 265801 5307 4799 2828 2246 508 5462 18047 8456 5522 5405 1971 733 1238 376 642 533 333 1638 706 357 194 143 260494 199335 126748
internal_count=296229 276785 19444 271263 265801 5307 4799 2828 2246 508 5462 18047 8456 5522 5405 1971 733 1238 376 642 533 333 1638 706 357 194 143 260494 199335 126748
cat_boundaries=0 2 4 6 9 10 12 14
cat_threshold=33587330 1077936128 2147483648 512 0 1048576 0 0 2 33587200 1851392 2818322 1073741824 2432701440
is_linear=0
shrinkage=0.05


Tree=187
num_leaves=31
num_cat=5
split_feature=17 17 0 17 17 6 8 0 6 5 3 17 5 0 3 5 14 0 7 7 7 2 5 11 12 12 13 16 5 6
split_gain=13781.1 5060.4 1155.87 460.024 407.993 352.944 385.511 231.131 155.573 139.552 137.234 112.361 116.323 102.122 91.5463 64.3675 103.423 102.472 53.7539 47.6238 66.5031 47.5837 45.3652 42.8725 42.8455 41.7535 50.6214 40.6525 38.9548 76.1358
threshold=0 1 7.5000000000000009 2 3 18.500000000000004 23.500000000000004 7.5000000000000009 10.500000000000002 21.250000000000004 87.500000000000014 4 26.250000000000004 7.5000000000000009 14.000000000000002 21.250000000000004 169.90463333333335 7.5000000000000009 5.5000000000000009 1.0000000180025095e-35 2.5000000000000004 7.5000000000000009 28.750000000000004 1.0000000180025095e-35 6.5000000000000009 9.5000000000000018 30.500000000000004 240.10580000000002 21.250000000000004 10.500000000000002
decision_type=9 9 2 9 9 2 2 2 2 2 2 9 2 2 2 2 2 2 2 2 2 2 2 2 2 2 2 2 2 2
left_child=2 13 11 5 10 6 15 8 19 -7 27 12 -1 -2 -15 16 24 -17 21 -8 25 -18 -12 -19 -3 -21 -27 -5 29 -4
right_child=1 3 28 4 -6 9 7 -9 -10 -11 22 -13 -14 14 -16 17 18 23 -20 20 -22 -23 -24 -25 -26 26 -28 -29 -30 -31
leaf_value=-5.1212438143855016e-05 2.0410261428649436e-05 -0.0012133563291207407 -0.01579745448401244 0.13039502715364293 -5.6657906489321347e-05 2.0676605827940621e-06 -0.00068499218924302776 -0.015066201202836816 -2.1504533114447e-05 -0.0001831081846460414 0.41783925367477404 -5.1212438143855016e-05 -5.1212438143855016e-05 1.5512179895260659e-06 -0.0099861330279307665 -0.00091824373908706576 3.7692589347182449e-05 -0.0080136833781747196 -7.6737216467481778e-05 -0.021489333475237606 -0.00064472130981836357 -0.00056595767192932909 1.0010641615041203 0.014714534411568093 0.003467843741782506 0.026851614173535057 -0.024125092262912776 0.48920722306596148 -0.0010007020994905248 0.023652020799248243
leaf_weight=7027 117 81 168 3636 260494 336 109 582 1604 172 982 9591 1429 5352 53 532 260 603 43 51 339 73 687 103 276 114 29 157 766 463
leaf_count=7027 117 81 168 3636 260494 336 109 582 1604 172 982 9591 1429 5352 53 532 260 603 43 51 339 73 687 103 276 114 29 157 766 463
internal_value=-0.0019355 0.000923608 -0.0426133 -4.18398e-05 0.00024928 -0.0146041 -0.0188268 -0.0306577 -0.0379341 0.025 0.013761 -0.046027 -0.0414718 0.0482646 0.0493525 -0.00185185 0.00989086 -0.00880452 0.0281915 -0.017134 -0.0109756 0.034985 0.025734 0.00368272 -0.00938375 0.0123711 0.0262238 0.00852887 0.0011811 0.0103803
internal_weight=296229 276785 19444 271263 265956 5307 4799 2828 2246 508 5462 18047 8456 5522 5405 1971 733 1238 376 642 533 333 1669 706 357 194 143 3793 1397 631
internal_count=296229 276785 19444 271263 265956 5307 4799 2828 2246 508 5462 18047 8456 5522 5405 1971 733 1238 376 642 533 333 1669 706 357 194 143 3793 1397 631
cat_boundaries=0 2 4 7 9 10
cat_threshold=33587330 1077936128 2147483648 512 0 0 2 0 1048576 33587200
is_linear=0
shrinkage=0.05


Tree=188
num_leaves=31
num_cat=5
split_feature=17 17 0 17 17 6 8 0 6 5 3 17 5 0 3 5 14 0 7 7 7 2 11 12 12 13 12 5 0 3
split_gain=13765.7 5063.42 1162.89 457.93 364.857 352.608 384.565 233.383 155.573 139.552 128.471 112.361 116.323 102.122 91.5463 64.3675 103.423 102.472 53.7539 47.6238 66.5031 47.5837 42.8725 42.8455 41.7535 50.6214 38.7465 38.7319 59.6809 38.0973
threshold=0 1 7.5000000000000009 2 3 18.500000000000004 23.500000000000004 7.5000000000000009 10.500000000000002 21.250000000000004 87.500000000000014 4 26.250000000000004 7.5000000000000009 14.000000000000002 21.250000000000004 169.90463333333335 7.5000000000000009 5.5000000000000009 1.0000000180025095e-35 2.5000000000000004 7.5000000000000009 1.0000000180025095e-35 6.5000000000000009 9.5000000000000018 30.500000000000004 18.500000000000004 26.250000000000004 14.000000000000002 57.500000000000007
decision_type=9 9 2 9 9 2 2 2 2 2 2 9 2 2 2 2 2 2 2 2 2 2 2 2 2 2 2 2 2 2
left_child=2 13 11 5 10 6 15 8 19 -7 29 12 -1 -2 -15 16 23 26 21 -8 24 -18 -19 -3 -21 -26 -17 -9 -29 -5
right_child=1 3 -4 4 -6 9 7 27 -10 -11 -12 -13 -14 14 -16 17 18 22 -20 20 -22 -23 -24 -25 25 -27 -28 28 -30 -31
leaf_value=-4.8651816236677808e-05 1.9389748357223626e-05 -0.0011526885126647013 0.00049843423530608892 -0.0032694217873562082 -5.3825011164820859e-05 1.9642775536343749e-06 -0.00065074257978086085 -0.076618800521534747 -2.0429306458735752e-05 -0.00017395277541374377 0.6540135539286418 -4.8651816236677808e-05 -4.8651816236677808e-05 1.4736570900453217e-06 -0.0094868263765341965 -0.00087233155213271027 3.5807959879807784e-05 -0.0076129992092659471 -7.2900355644112125e-05 -0.02041486680147573 -0.00061248524432744311 -0.00053765978833286709 0.013978807690989649 0.0032944515546933675 0.025509033464858267 -0.022918837649767144 -0.00087233155213271027 0.032795174755862001 -0.027973461421508986 0.20663051715200248
leaf_weight=7027 117 81 1397 1033 260494 336 109 372 1604 172 1669 9591 1429 5352 53 364 260 603 43 51 339 73 103 276 114 29 168 177 33 2760
leaf_count=7027 117 81 1397 1033 260494 336 109 372 1604 172 1669 9591 1429 5352 53 364 260 603 43 51 339 73 103 276 114 29 168 177 33 2760
internal_value=-0.00194799 0.000909518 -0.0426031 -5.62164e-05 0.00023424 -0.0145853 -0.018806 -0.0306223 -0.0379341 0.025 0.0130117 -0.046027 -0.0414718 0.0482646 0.0493525 -0.00185185 0.00989086 -0.00880452 0.0281915 -0.017134 -0.0109756 0.034985 0.00368272 -0.00938375 0.0123711 0.0262238 -0.0253759 -0.0024055 0.0147619 0.00794885
internal_weight=296229 276785 19444 271263 265956 5307 4799 2828 2246 508 5462 18047 8456 5522 5405 1971 733 1238 376 642 533 333 706 357 194 143 532 582 210 3793
internal_count=296229 276785 19444 271263 265956 5307 4799 2828 2246 508 5462 18047 8456 5522 5405 1971 733 1238 376 642 533 333 706 357 194 143 532 582 210 3793
cat_boundaries=0 2 4 7 9 10
cat_threshold=33587330 1077936128 2147483648 512 0 0 2 0 1048576 33587200
is_linear=0
shrinkage=0.05


Tree=189
num_leaves=31
num_cat=5
split_feature=17 17 0 17 6 8 17 0 6 5 0 17 5 0 3 5 14 0 5 6 7 7 7 2 11 12 12 13 12 5
split_gain=13764.7 5067.05 1152.37 456.839 352.608 384.565 315.477 233.383 155.573 139.552 119.161 112.361 116.323 102.122 91.5463 64.3675 103.423 102.472 57.7836 64.9644 53.7539 47.6238 66.5031 47.5837 42.8725 42.8455 41.7535 50.6214 38.7465 38.7319
threshold=0 1 7.5000000000000009 2 18.500000000000004 23.500000000000004 3 7.5000000000000009 10.500000000000002 21.250000000000004 107.50000000000001 4 26.250000000000004 7.5000000000000009 14.000000000000002 21.250000000000004 169.90463333333335 7.5000000000000009 21.250000000000004 9.5000000000000018 5.5000000000000009 1.0000000180025095e-35 2.5000000000000004 7.5000000000000009 1.0000000180025095e-35 6.5000000000000009 9.5000000000000018 30.500000000000004 18.500000000000004 26.250000000000004
decision_type=9 9 2 9 2 2 9 2 2 2 2 9 2 2 2 2 2 2 2 2 2 2 2 2 2 2 2 2 2 2
left_child=2 13 11 4 5 15 10 8 21 -6 18 12 -1 -2 -15 16 25 28 19 -5 23 -7 26 -18 -19 -3 -23 -28 -17 -9
right_child=1 3 -4 6 9 7 -8 29 -10 -11 -12 -13 -14 14 -16 17 20 24 -20 -21 -22 22 -24 -25 -26 -27 27 -29 -30 -31
leaf_value=-4.6219225424826151e-05 1.8420260939366885e-05 -0.0010950540870314552 0.00047351252354079778 0.49051755714136863 1.8660636759371131e-06 -0.00061820545079180897 -5.1133760606592032e-05 -0.072787860495457976 -1.9407841135787865e-05 -0.00016525513664307213 0.95732535671932029 -4.6219225424826151e-05 -4.6219225424826151e-05 1.3999742355608192e-06 -0.009012485057707487 -0.00082871497452607912 3.4017561885812952e-05 -0.0072323492488026277 0.37527141094166655 0.03953225461790133 -6.9255337861928728e-05 -0.019394123461401947 -0.00058186098211105992 -0.00051077679891626821 0.013279867306440174 0.0031297289769587344 0.024233581791615322 -0.02177289576727879 -0.00082871497452607912 0.029433316625573802
leaf_weight=7027 117 81 1397 595 336 109 260494 372 1604 172 582 9591 1429 5352 53 364 260 603 1508 2777 43 51 339 73 103 276 114 29 168 210
leaf_count=7027 117 81 1397 595 336 109 260494 372 1604 172 582 9591 1429 5352 53 364 260 603 1508 2777 43 51 339 73 103 276 114 29 168 210
internal_value=-0.00196487 0.000892538 -0.0426185 -7.35422e-05 -0.0145853 -0.018806 0.000216569 -0.0306223 -0.0379341 0.025 0.012098 -0.046027 -0.0414718 0.0482646 0.0493525 -0.00185185 0.00989086 -0.00880452 0.00956967 0.0059312 0.0281915 -0.017134 -0.0109756 0.034985 0.00368272 -0.00938375 0.0123711 0.0262238 -0.0253759 -0.0024055
internal_weight=296229 276785 19444 271263 5307 4799 265956 2828 2246 508 5462 18047 8456 5522 5405 1971 733 1238 4880 3372 376 642 533 333 706 357 194 143 532 582
internal_count=296229 276785 19444 271263 5307 4799 265956 2828 2246 508 5462 18047 8456 5522 5405 1971 733 1238 4880 3372 376 642 533 333 706 357 194 143 532 582
cat_boundaries=0 2 4 7 9 10
cat_threshold=33587330 1077936128 2147483648 512 0 0 2 0 1048576 33587200
is_linear=0
shrinkage=0.05


Tree=190
num_leaves=31
num_cat=5
split_feature=17 17 0 17 6 8 17 0 6 5 17 5 5 0 3 5 14 0 7 6 6 11 8 8 7 7 2 11 12 12
split_gain=13757.4 5069.52 1152.37 456.096 352.608 384.565 284.871 233.383 155.573 139.552 112.361 116.323 109.278 102.122 91.5463 64.3675 103.423 102.472 53.7539 51.9191 76.3662 60.914 50.3802 47.6986 47.6238 66.5031 47.5837 42.8725 42.8455 41.7535
threshold=0 1 7.5000000000000009 2 18.500000000000004 23.500000000000004 3 7.5000000000000009 10.500000000000002 21.250000000000004 4 26.250000000000004 28.750000000000004 7.5000000000000009 14.000000000000002 21.250000000000004 169.90463333333335 7.5000000000000009 5.5000000000000009 10.500000000000002 12.500000000000002 1.0000000180025095e-35 22.500000000000004 19.500000000000004 1.0000000180025095e-35 2.5000000000000004 7.5000000000000009 1.0000000180025095e-35 6.5000000000000009 9.5000000000000018
decision_type=9 9 2 9 2 2 9 2 2 2 9 2 2 2 2 2 2 2 2 2 2 2 2 2 2 2 2 2 2 2
left_child=2 13 10 4 5 15 12 8 24 -6 11 -1 19 -2 -15 16 28 -17 26 -5 22 -22 -21 -14 -7 29 -18 -19 -3 -26
right_child=1 3 -4 6 9 7 -8 -9 -10 -11 -12 -13 23 14 -16 17 18 27 -20 20 21 -23 -24 -25 25 -27 -28 -29 -30 -31
leaf_value=-4.3908264153591504e-05 1.7499247892382998e-05 -0.001040301382679898 0.00044983689736373124 0.44021677107226193 1.7727604921358165e-06 -0.00058729517825222293 -4.8577072576261318e-05 -0.0143858839028983 -1.8437449078989588e-05 -0.0001569923798109052 -4.3908264153591504e-05 -4.3908264153591504e-05 -0.1108689447469061 1.329975523756133e-06 -0.0085618608048220867 -0.00078727922579977525 3.2316683791533406e-05 -0.0068707317863625052 -6.5792570968836728e-05 0.20460366967735269 0.20975871683506286 -0.12856814361251187 -0.23260326258053896 0.76418496244581746 -0.01842441728833184 -0.00055276793300551574 -0.00048523795897041926 0.01261587394111814 0.0029732425281108199 0.023021902702034594
leaf_weight=7027 117 81 1397 1080 336 109 260494 582 1604 172 9591 1429 68 5352 53 532 260 603 43 194 2290 392 572 866 51 339 73 103 276 143
leaf_count=7027 117 81 1397 1080 336 109 260494 582 1604 172 9591 1429 68 5352 53 532 260 603 43 194 2290 392 572 866 51 339 73 103 276 143
internal_value=-0.00197567 0.000880977 -0.0426185 -8.53384e-05 -0.0145853 -0.018806 0.000204537 -0.0306223 -0.0379341 0.025 -0.046027 -0.0414718 0.0114949 0.0482646 0.0493525 -0.00185185 0.00989086 -0.00880452 0.0281915 0.00830389 0.00530742 0.00928412 -0.00861619 0.0270878 -0.017134 -0.0109756 0.034985 0.00368272 -0.00938375 0.0123711
internal_weight=296229 276785 19444 271263 5307 4799 265956 2828 2246 508 18047 8456 5462 5522 5405 1971 733 1238 376 4528 3448 2682 766 934 642 533 333 706 357 194
internal_count=296229 276785 19444 271263 5307 4799 265956 2828 2246 508 18047 8456 5462 5522 5405 1971 733 1238 376 4528 3448 2682 766 934 642 533 333 706 357 194
cat_boundaries=0 2 4 7 9 10
cat_threshold=33587330 1077936128 2147483648 512 0 0 2 0 1048576 33587200
is_linear=0
shrinkage=0.05


Tree=191
num_leaves=31
num_cat=5
split_feature=17 17 0 17 6 8 17 0 6 5 17 5 0 0 3 5 0 14 7 12 7 7 2 12 3 12 11 12 13 12
split_gain=13751.9 5071.38 1152.37 453.178 351.938 387.283 261.871 233.383 155.573 139.552 112.361 116.323 108.472 102.122 91.5463 63.2599 104.48 103.423 53.7539 52.8647 47.6238 66.5031 47.5837 44.5155 49.7541 42.8455 42.0616 41.7535 50.6214 38.7465
threshold=0 1 7.5000000000000009 2 18.500000000000004 23.500000000000004 3 7.5000000000000009 10.500000000000002 21.250000000000004 4 26.250000000000004 107.50000000000001 7.5000000000000009 14.000000000000002 21.250000000000004 7.5000000000000009 169.90463333333335 5.5000000000000009 56.500000000000007 1.0000000180025095e-35 2.5000000000000004 7.5000000000000009 5.5000000000000009 62.500000000000007 6.5000000000000009 1.0000000180025095e-35 9.5000000000000018 30.500000000000004 18.500000000000004
decision_type=9 9 2 9 2 2 9 2 2 2 9 2 2 2 2 2 2 2 2 2 2 2 2 2 2 2 2 2 2 2
left_child=2 13 10 4 5 15 12 8 20 -6 11 -1 19 -2 -15 17 29 25 22 23 -7 27 -19 24 -5 -3 -18 -22 -29 -17
right_child=1 3 -4 6 9 7 -8 -9 -10 -11 -12 -13 -14 14 -16 16 26 18 -20 -21 21 -23 -24 -25 -26 -27 -28 28 -30 -31
leaf_value=-4.1712850945918591e-05 1.6624285497757185e-05 -0.00098828631354588316 0.00042734505249555357 -0.15094608393275097 1.6841224675268053e-06 -0.00055793041933962508 -4.6148218947461574e-05 -0.013666589707753385 -1.7515576625060093e-05 -0.00014914276082036439 -4.1712850945918591e-05 -4.1712850945918591e-05 0.8963429612365591 1.2634767475816489e-06 -0.0081337677645810132 -0.00074791526450979084 -0.006527195197044389 3.0700849601972279e-05 -6.2502942420383789e-05 -0.11581561653172071 -0.01750319642391527 -0.00052512953635526223 -0.00046097606102186718 0.26124870541689377 0.19244347354885641 0.0028245804017053011 0.011985080244062196 0.021870807566932896 -0.021835346114016607 -0.00074791526450979084
leaf_weight=7027 117 81 1397 419 336 109 260494 582 1604 172 9591 1429 582 5352 53 364 603 260 43 428 51 339 73 3344 689 276 103 114 29 168
leaf_count=7027 117 81 1397 419 336 109 260494 582 1604 172 9591 1429 582 5352 53 364 603 260 43 428 51 339 73 3344 689 276 103 114 29 168
internal_value=-0.00198377 0.000872306 -0.0426185 -9.41856e-05 -0.0145477 -0.0187643 0.000194762 -0.0306223 -0.0379341 0.025 -0.046027 -0.0414718 0.0110197 0.0482646 0.0493525 -0.00175038 -0.00864297 0.00989086 0.0281915 0.00860656 -0.017134 -0.0109756 0.034985 0.0102201 0.0015343 -0.00938375 0.00396601 0.0123711 0.0262238 -0.0253759
internal_weight=296229 276785 19444 271263 5307 4799 265956 2828 2246 508 18047 8456 5462 5522 5405 1971 1238 733 376 4880 642 533 333 4452 1108 357 706 194 143 532
internal_count=296229 276785 19444 271263 5307 4799 265956 2828 2246 508 18047 8456 5462 5522 5405 1971 1238 733 376 4880 642 533 333 4452 1108 357 706 194 143 532
cat_boundaries=0 2 4 7 9 10
cat_threshold=33587330 1077936128 2147483648 512 0 0 2 0 1048576 33587200
is_linear=0
shrinkage=0.05


Tree=192
num_leaves=31
num_cat=5
split_feature=17 17 0 17 6 8 0 17 6 5 17 5 5 0 3 5 0 14 7 6 6 11 8 7 7 2 8 12 12 13
split_gain=13744.6 5073.85 1152.37 451.261 351.603 388.645 233.383 230.741 155.573 139.552 112.361 116.323 108.937 102.122 91.5463 62.7097 105.491 103.423 53.7539 53.3386 71.0197 73.5754 54.1575 47.6238 66.5031 47.5837 44.953 42.8455 41.7535 50.6214
threshold=0 1 7.5000000000000009 2 18.500000000000004 23.500000000000004 7.5000000000000009 3 10.500000000000002 21.250000000000004 4 26.250000000000004 28.750000000000004 7.5000000000000009 14.000000000000002 21.250000000000004 7.5000000000000009 169.90463333333335 5.5000000000000009 10.500000000000002 13.500000000000002 1.0000000180025095e-35 23.500000000000004 1.0000000180025095e-35 2.5000000000000004 7.5000000000000009 19.500000000000004 6.5000000000000009 9.5000000000000018 30.500000000000004
decision_type=9 9 2 9 2 2 2 9 2 2 9 2 2 2 2 2 2 2 2 2 2 2 2 2 2 2 2 2 2 2
left_child=2 13 10 4 5 15 8 12 23 -6 11 -1 19 -2 -15 17 -17 27 25 -5 22 -22 -21 -7 28 -19 -14 -3 -25 -30
right_child=1 3 -4 7 9 6 -8 -9 -10 -11 -12 -13 26 14 -16 16 -18 18 -20 20 21 -23 -24 24 -26 -27 -28 -29 29 -31
leaf_value=-3.9627208398629325e-05 1.579307122288043e-05 -0.00093887199786859556 0.00040597779987079364 0.40561489725184857 1.5999163441637877e-06 -0.00053003389837265053 -0.012983260222365713 -4.3840808000128462e-05 -1.6639797793827072e-05 -0.00014168562277934172 -3.9627208398629325e-05 -3.9627208398629325e-05 -0.11838793278040499 1.2003029102203301e-06 -0.0077270793763519309 -0.00071051950128429029 0.0068026219950533488 2.9165807121867005e-05 -5.937779529938681e-05 0.14632948070134474 0.23254594255707917 -0.16924270666738864 -0.18146957780352635 -0.016628036602719522 -0.00049887305953748577 -0.00043792725797073831 0.71100765603414617 0.0026833513816200139 0.020777267188586281 -0.020743578808315767
leaf_weight=7027 117 81 1397 1080 336 109 582 260494 1604 172 9591 1429 68 5352 53 532 706 260 43 344 1945 335 824 51 339 73 866 276 114 29
leaf_count=7027 117 81 1397 1080 336 109 582 260494 1604 172 9591 1429 68 5352 53 532 706 260 43 344 1945 335 824 51 339 73 866 276 114 29
internal_value=-0.00199457 0.000860745 -0.0426185 -0.000105982 -0.0145289 -0.0187435 -0.0306223 0.000182354 -0.0379341 0.025 -0.046027 -0.0414718 0.0103436 0.0482646 0.0493525 -0.00169964 -0.0085622 0.00989086 0.0281915 0.00715548 0.00411833 0.00925439 -0.00590753 -0.017134 -0.0109756 0.034985 0.0259101 -0.00938375 0.0123711 0.0262238
internal_weight=296229 276785 19444 271263 5307 4799 2828 265956 2246 508 18047 8456 5462 5522 5405 1971 1238 733 376 4528 3448 2280 1168 642 533 333 934 357 194 143
internal_count=296229 276785 19444 271263 5307 4799 2828 265956 2246 508 18047 8456 5462 5522 5405 1971 1238 733 376 4528 3448 2280 1168 642 533 333 934 357 194 143
cat_boundaries=0 2 4 7 9 10
cat_threshold=33587330 1077936128 2147483648 512 0 0 2 0 1048576 33587200
is_linear=0
shrinkage=0.05


Tree=193
num_leaves=31
num_cat=5
split_feature=17 17 0 17 6 8 0 17 6 5 17 5 0 5 3 5 0 14 7 7 7 2 6 6 12 12 8 11 12 13
split_gain=13738.9 5075.78 1152.37 451.861 351.938 387.283 233.383 210.85 155.573 139.552 112.361 116.323 102.122 101.963 91.5463 63.2599 104.48 103.423 53.7539 47.6238 66.5031 47.5837 45.3277 60.1523 58.068 42.8455 42.7671 42.0616 41.7535 50.6214
threshold=0 1 7.5000000000000009 2 18.500000000000004 23.500000000000004 7.5000000000000009 3 10.500000000000002 21.250000000000004 4 26.250000000000004 7.5000000000000009 28.750000000000004 14.000000000000002 21.250000000000004 7.5000000000000009 169.90463333333335 5.5000000000000009 1.0000000180025095e-35 2.5000000000000004 7.5000000000000009 10.500000000000002 12.500000000000002 6.5000000000000009 6.5000000000000009 19.500000000000004 1.0000000180025095e-35 9.5000000000000018 30.500000000000004
decision_type=9 9 2 9 2 2 2 9 2 2 9 2 2 2 2 2 2 2 2 2 2 2 2 2 2 2 2 2 2 2
left_child=2 12 10 4 5 15 8 13 19 -6 11 -1 -2 22 -14 17 -17 25 21 -7 28 -19 -5 -24 -25 -3 -15 -18 -21 -30
right_child=1 3 -4 7 9 6 -8 -9 -10 -11 -12 -13 14 26 -16 16 27 18 -20 20 -22 -23 23 24 -26 -27 -28 -29 29 -31
leaf_value=-3.7645847978717839e-05 1.5003417661718645e-05 -0.00089192839797518357 0.00038567890987728504 0.385334152389256 1.5199205269489369e-06 -0.00050353220345402685 -0.012334097211247386 -4.164876760011094e-05 -1.5807807904133499e-05 -0.00013460134164038353 -3.7645847978717839e-05 -3.7645847978717839e-05 1.1402877647448407e-06 -0.11246853614138459 -0.0073407254075343433 -0.00067499352622006907 -0.0065409665369448259 2.7707516765751451e-05 -5.6408905534421908e-05 -0.015796634772583529 -0.0004739294065605915 -0.00041603089507216142 -0.10844406785885906 -0.0610774055822823 0.21371166294405697 0.0025491838125390135 0.67545727323243909 0.011045695132106383 0.01973840382915695 -0.019706399867899994
leaf_weight=7027 117 81 1397 1080 336 109 582 260494 1604 172 9591 1429 5352 68 53 532 603 260 43 51 339 73 766 739 1943 276 866 103 114 29
leaf_count=7027 117 81 1397 1080 336 109 582 260494 1604 172 9591 1429 5352 68 53 532 603 260 43 51 339 73 766 739 1943 276 866 103 114 29
internal_value=-0.00200301 0.000851713 -0.0426185 -0.000115198 -0.0145477 -0.0187643 -0.0306223 0.00017333 -0.0379341 0.025 -0.046027 -0.0414718 0.0482646 0.0098867 0.0493525 -0.00175038 -0.00864297 0.00989086 0.0281915 -0.017134 -0.0109756 0.034985 0.00680212 0.00400232 0.00753169 -0.00938375 0.0249465 0.00396601 0.0123711 0.0262238
internal_weight=296229 276785 19444 271263 5307 4799 2828 265956 2246 508 18047 8456 5522 5462 5405 1971 1238 733 376 642 533 333 4528 3448 2682 357 934 706 194 143
internal_count=296229 276785 19444 271263 5307 4799 2828 265956 2246 508 18047 8456 5522 5462 5405 1971 1238 733 376 642 533 333 4528 3448 2682 357 934 706 194 143
cat_boundaries=0 2 4 7 9 10
cat_threshold=33587330 1077936128 2147483648 512 0 0 2 0 1048576 33587200
is_linear=0
shrinkage=0.05


Tree=194
num_leaves=31
num_cat=5
split_feature=17 17 0 17 6 8 0 17 6 5 17 5 0 3 3 5 0 14 7 16 7 7 2 12 12 13 11 12 5 0
split_gain=13734.1 5077.41 1152.37 452.555 352.273 385.923 233.383 193.309 155.573 139.552 112.361 116.323 102.122 91.9397 91.5463 63.8125 103.474 103.423 53.7539 49.679 47.6238 66.5031 47.5837 42.8455 41.7535 50.6214 39.7325 38.7465 38.7319 59.6809
threshold=0 1 7.5000000000000009 2 18.500000000000004 23.500000000000004 7.5000000000000009 3 10.500000000000002 21.250000000000004 4 26.250000000000004 7.5000000000000009 87.500000000000014 14.000000000000002 21.250000000000004 7.5000000000000009 169.90463333333335 5.5000000000000009 89.917075000000011 1.0000000180025095e-35 2.5000000000000004 7.5000000000000009 6.5000000000000009 9.5000000000000018 30.500000000000004 1.0000000180025095e-35 18.500000000000004 26.250000000000004 14.000000000000002
decision_type=9 9 2 9 2 2 2 9 2 2 9 2 2 2 2 2 2 2 2 2 2 2 2 2 2 2 2 2 2 2
left_child=2 12 10 4 5 15 8 13 20 -6 11 -1 -2 -5 -14 17 27 23 22 -15 -7 24 -19 -3 -22 -26 -18 -17 -8 -30
right_child=1 3 -4 7 9 6 28 -9 -10 -11 -12 -13 14 19 -16 16 26 18 -20 -21 21 -23 -24 -25 25 -27 -28 -29 29 -31
leaf_value=-3.5763555579793051e-05 1.4253246778617168e-05 -0.00084733197807640437 0.00036639496438342081 0.081064812132032316 1.4439245005881674e-06 -0.00047835559328133218 -0.066479975918471865 -3.9566329220130927e-05 -1.501741750891128e-05 -0.00012787127455835546 -3.5763555579793051e-05 -3.5763555579793051e-05 1.0832733765120395e-06 0.30375872044286256 -0.006973689137157635 -0.00064124384990904559 -0.0062139182100976248 2.6322140927481642e-05 -5.3588460257714132e-05 0.96809436524906833 -0.015006803033954342 -0.00045023293623254191 -0.00039522935031852672 0.0024217246219120805 0.018751483637699098 -0.018721079874504998 0.01049341037550109 -0.00064124384990904559 0.032352241739003508 -0.025377962629498985
leaf_weight=7027 117 81 1397 3793 336 109 372 260494 1604 172 9591 1429 5352 1124 53 364 603 260 43 545 51 339 73 276 114 29 103 168 177 33
leaf_count=7027 117 81 1397 3793 336 109 372 260494 1604 172 9591 1429 5352 1124 53 364 603 260 43 545 51 339 73 276 114 29 103 168 177 33
internal_value=-0.0020101 0.000844127 -0.0426185 -0.000122939 -0.0145665 -0.0187852 -0.0306223 0.000165811 -0.0379341 0.025 -0.046027 -0.0414718 0.0482646 0.00946637 0.0493525 -0.00180112 -0.00872375 0.00989086 0.0281915 0.019263 -0.017134 -0.0109756 0.034985 -0.00938375 0.0123711 0.0262238 0.00382436 -0.0253759 -0.0024055 0.0147619
internal_weight=296229 276785 19444 271263 5307 4799 2828 265956 2246 508 18047 8456 5522 5462 5405 1971 1238 733 376 1669 642 533 333 357 194 143 706 532 582 210
internal_count=296229 276785 19444 271263 5307 4799 2828 265956 2246 508 18047 8456 5522 5462 5405 1971 1238 733 376 1669 642 533 333 357 194 143 706 532 582 210
cat_boundaries=0 2 4 7 9 10
cat_threshold=33587330 1077936128 2147483648 512 0 0 2 0 1048576 33587200
is_linear=0
shrinkage=0.05


Tree=195
num_leaves=31
num_cat=6
split_feature=17 17 0 17 6 8 0 3 6 5 17 5 0 3 17 5 0 14 7 17 7 7 2 12 13 13 12 13 11 12
split_gain=13728.6 5079.27 1152.37 450.823 351.938 387.283 233.383 179.103 155.573 139.552 112.361 116.323 102.122 91.5463 64.5234 63.2599 104.48 103.423 53.7539 53.5342 47.6238 66.5031 47.5837 42.8455 42.4164 63.1154 41.7535 50.6214 39.3413 38.7465
threshold=0 1 7.5000000000000009 2 18.500000000000004 23.500000000000004 7.5000000000000009 92.500000000000014 10.500000000000002 21.250000000000004 3 26.250000000000004 7.5000000000000009 14.000000000000002 4 21.250000000000004 7.5000000000000009 169.90463333333335 5.5000000000000009 5 1.0000000180025095e-35 2.5000000000000004 7.5000000000000009 6.5000000000000009 5.5000000000000009 9.5000000000000018 9.5000000000000018 30.500000000000004 1.0000000180025095e-35 18.500000000000004
decision_type=9 9 2 9 2 2 2 2 2 2 9 2 2 2 9 2 2 2 2 9 2 2 2 2 2 2 2 2 2 2
left_child=2 12 10 4 5 15 8 19 20 -6 11 -1 -2 -14 24 17 29 23 22 -5 -7 26 -19 -3 -9 -26 -22 -28 -18 -17
right_child=1 3 -4 7 9 6 -8 14 -10 -11 -12 -13 13 -15 -16 16 28 18 -20 -21 21 -23 -24 -25 25 -27 27 -29 -30 -31
leaf_value=-3.3975377800787852e-05 1.3540584439697412e-05 -0.00080496537917258422 0.00034807521616428975 0.097035622355999607 1.3717282755454364e-06 -0.00045443781361726999 -0.010448494219210059 0.1353311314081207 -1.4266546633479038e-05 -0.00012147771083044213 -3.3975377800787852e-05 -3.3975377800787852e-05 1.0291097076731148e-06 -0.0066250046802997179 -0.13490958835172862 -0.00060918165741359338 -0.0059032222995927704 2.500603388111422e-05 -5.0909037244828427e-05 -8.1492614976319555e-05 -0.014256462882256616 -0.00042772128942090152 -0.00037546788280256043 0.0023006383908164454 0.91968964698661471 0.35776416416446399 0.01781390945581416 -0.017785025880779771 0.0099687398567260398 -0.00060918165741359338
leaf_weight=7027 117 81 1397 4201 336 109 582 628 1604 172 9591 1429 5352 53 399 364 603 260 43 259011 51 339 73 276 674 1043 114 29 103 168
leaf_count=7027 117 81 1397 4201 336 109 582 628 1604 172 9591 1429 5352 53 399 364 603 260 43 259011 51 339 73 276 674 1043 114 29 103 168
internal_value=-0.0020182 0.000835456 -0.0426185 -0.000131786 -0.0145477 -0.0187643 -0.0306223 0.000156411 -0.0379341 0.025 -0.046027 -0.0414718 0.0482646 0.0493525 0.0128644 -0.00175038 -0.00864297 0.00989086 0.0281915 2.39351e-05 -0.017134 -0.0109756 0.034985 -0.00938375 0.0159873 0.0201223 0.0123711 0.0262238 0.00396601 -0.0253759
internal_weight=296229 276785 19444 271263 5307 4799 2828 265956 2246 508 18047 8456 5522 5405 2744 1971 1238 733 376 263212 642 533 333 357 2345 1717 194 143 706 532
internal_count=296229 276785 19444 271263 5307 4799 2828 265956 2246 508 18047 8456 5522 5405 2744 1971 1238 733 376 263212 642 533 333 357 2345 1717 194 143 706 532
cat_boundaries=0 2 4 7 8 10 12
cat_threshold=33587330 1077936128 2147483648 512 0 0 2 33587200 8192 1310720 0 1048576
is_linear=0
shrinkage=0.05


Tree=196
num_leaves=31
num_cat=5
split_feature=17 17 0 17 6 8 0 3 6 5 17 5 0 3 17 5 0 14 7 0 7 7 2 9 12 12 13 11 12 5
split_gain=13725.7 5080.27 1152.37 450.524 351.938 387.283 233.383 166.469 155.573 139.552 112.361 116.323 102.122 91.5463 79.0995 63.2599 104.48 103.423 53.7539 51.6469 47.6238 66.5031 47.5837 45.0999 42.8455 41.7535 50.6214 39.3413 38.7465 38.7319
threshold=0 1 7.5000000000000009 2 18.500000000000004 23.500000000000004 7.5000000000000009 107.50000000000001 10.500000000000002 21.250000000000004 3 26.250000000000004 7.5000000000000009 14.000000000000002 4 21.250000000000004 7.5000000000000009 169.90463333333335 5.5000000000000009 67.500000000000014 1.0000000180025095e-35 2.5000000000000004 7.5000000000000009 5.5000000000000009 6.5000000000000009 9.5000000000000018 30.500000000000004 1.0000000180025095e-35 18.500000000000004 26.250000000000004
decision_type=9 9 2 9 2 2 2 2 2 2 9 2 2 2 9 2 2 2 2 2 2 2 2 2 2 2 2 2 2 2
left_child=2 12 10 4 5 15 8 14 20 -6 11 -1 -2 -14 19 17 28 24 22 -5 -7 25 -19 -9 -3 -22 -27 -18 -17 -8
right_child=1 3 -4 7 9 6 29 23 -10 -11 -12 -13 13 -15 -16 16 27 18 -20 -21 21 -23 -24 -25 -26 26 -28 -29 -30 -31
leaf_value=-3.2276608910741802e-05 1.2863555217723644e-05 -0.00076471711021395281 0.00033067145535605749 0.01086273856972504 1.3031418617526214e-06 -0.0004317159229364265 -0.062633552411587787 0.35666725445075154 -1.3553219301787324e-05 -0.00011540382528894 -3.2276608910741802e-05 -3.2276608910741802e-05 9.7765422228945904e-07 -0.0062937544462847057 -7.1074686317018629e-05 -0.00057872257454292251 -0.0056080611846131669 2.3755732187069613e-05 -4.8363585382604773e-05 0.24314511545280093 -0.013543639738143787 -0.00040633522494983867 -0.00035669448866242352 0.83571415816812689 0.0021856064712756583 0.016923213983023457 -0.016895774586740766 0.0094703028638897461 -0.00057872257454292251 0.029534954970518702
leaf_weight=7027 117 81 1397 2160 336 109 372 664 1604 172 9591 1429 5352 53 259814 364 603 260 43 2682 51 339 73 636 276 114 29 103 168 210
leaf_count=7027 117 81 1397 2160 336 109 372 664 1604 172 9591 1429 5352 53 259814 364 603 260 43 2682 51 339 73 636 276 114 29 103 168 210
internal_value=-0.00202259 0.000830759 -0.0426185 -0.000136578 -0.0145477 -0.0187643 -0.0306223 0.000151523 -0.0379341 0.025 -0.046027 -0.0414718 0.0482646 0.0493525 6.38565e-05 -0.00175038 -0.00864297 0.00989086 0.0281915 0.00638912 -0.017134 -0.0109756 0.034985 0.018 -0.00938375 0.0123711 0.0262238 0.00396601 -0.0253759 -0.0024055
internal_weight=296229 276785 19444 271263 5307 4799 2828 265956 2246 508 18047 8456 5522 5405 264656 1971 1238 733 376 4842 642 533 333 1300 357 194 143 706 532 582
internal_count=296229 276785 19444 271263 5307 4799 2828 265956 2246 508 18047 8456 5522 5405 264656 1971 1238 733 376 4842 642 533 333 1300 357 194 143 706 532 582
cat_boundaries=0 2 4 7 8 10
cat_threshold=33587330 1077936128 2147483648 512 0 0 2 33587200 0 1048576
is_linear=0
shrinkage=0.05


Tree=197
num_leaves=31
num_cat=5
split_feature=17 17 0 17 6 8 0 6 3 5 17 5 0 3 17 5 0 14 7 8 8 6 7 7 7 2 7 6 12 12
split_gain=13717.5 5083.06 1152.37 449.694 351.938 387.283 233.383 155.573 149.935 139.552 112.361 116.323 102.122 91.5463 65.0626 63.2599 104.48 103.423 53.7539 52.5346 58.8205 56.0009 52.5119 47.6238 66.5031 47.5837 43.3197 57.2003 42.8455 41.7535
threshold=0 1 7.5000000000000009 2 18.500000000000004 23.500000000000004 7.5000000000000009 10.500000000000002 107.50000000000001 21.250000000000004 3 26.250000000000004 7.5000000000000009 14.000000000000002 4 21.250000000000004 7.5000000000000009 169.90463333333335 5.5000000000000009 23.500000000000004 28.500000000000004 14.500000000000002 3.5000000000000004 1.0000000180025095e-35 2.5000000000000004 7.5000000000000009 1.5000000000000002 10.500000000000002 6.5000000000000009 9.5000000000000018
decision_type=9 9 2 9 2 2 2 2 2 2 9 2 2 2 9 2 2 2 2 2 2 2 2 2 2 2 2 2 2 2
left_child=2 12 10 4 5 15 7 23 14 -6 11 -1 -2 -14 19 17 -17 28 25 -5 26 -22 -23 -7 29 -19 -21 -28 -3 -25
right_child=1 3 -4 8 9 6 -8 -9 -10 -11 -12 -13 13 -15 -16 16 -18 18 -20 20 21 22 -24 24 -26 -27 27 -29 -30 -31
leaf_value=-3.0662778465195828e-05 1.2220377456850784e-05 -0.00072648125470324847 0.00031413788258829458 0.34497643731820277 1.2379847686538881e-06 -0.00041013012678958738 -0.011402817256775499 -1.2875558336711279e-05 0.55337361500817106 -0.00010963363402449744 -3.0662778465195828e-05 -3.0662778465195828e-05 9.2877151116610443e-07 -0.0059790667239704833 -6.7520952001176585e-05 -0.00054978644581575868 0.0057251262145972433 2.2567945577733896e-05 -4.5945406113467868e-05 -0.18579858857962961 0.015854395430170243 0.54571996625254016 0.10150318949454516 -0.012866457751236605 -0.00038601846370234227 -0.00033885976422931563 0.33798888254114773 -0.039266293283078117 0.0020763261477118712 0.016077053283872277
leaf_weight=7027 117 81 1397 1568 336 109 582 1604 1300 172 9591 1429 5352 53 259814 532 706 260 43 591 764 390 251 51 339 73 271 1007 276 143
leaf_count=7027 117 81 1397 1568 336 109 582 1604 1300 172 9591 1429 5352 53 259814 532 706 260 43 591 764 390 251 51 339 73 271 1007 276 143
internal_value=-0.00203474 0.000817753 -0.0426185 -0.000149849 -0.0145477 -0.0187643 -0.0306223 -0.0379341 0.000137988 0.025 -0.046027 -0.0414718 0.0482646 0.0493525 5.47881e-05 -0.00175038 -0.00864297 0.00989086 0.0281915 0.00579143 0.00219914 0.00992883 0.0208268 -0.017134 -0.0109756 0.034985 -0.00361156 0.00156495 -0.00938375 0.0123711
internal_weight=296229 276785 19444 271263 5307 4799 2828 2246 265956 508 18047 8456 5522 5405 264656 1971 1238 733 376 4842 3274 1405 641 642 533 333 1869 1278 357 194
internal_count=296229 276785 19444 271263 5307 4799 2828 2246 265956 508 18047 8456 5522 5405 264656 1971 1238 733 376 4842 3274 1405 641 642 533 333 1869 1278 357 194
cat_boundaries=0 2 4 7 8 10
cat_threshold=33587330 1077936128 2147483648 512 0 0 2 33587200 0 1048576
is_linear=0
shrinkage=0.05


Tree=198
num_leaves=31
num_cat=5
split_feature=17 17 0 17 6 8 0 6 0 5 17 5 0 3 5 0 14 17 7 8 8 6 7 9 7 7 2 12 13 12
split_gain=13717.5 5083.06 1152.37 448.52 351.603 388.645 233.383 155.573 140.584 139.552 112.361 116.323 102.122 91.5463 64.1946 104.48 101.886 62.6807 53.7539 50.1776 52.3983 53.0085 50.7342 49.7533 47.6238 66.5031 47.5837 41.7535 50.6214 40.3258
threshold=0 1 7.5000000000000009 2 18.500000000000004 23.500000000000004 7.5000000000000009 10.500000000000002 107.50000000000001 21.250000000000004 3 26.250000000000004 7.5000000000000009 14.000000000000002 21.250000000000004 7.5000000000000009 169.90463333333335 4 5.5000000000000009 23.500000000000004 28.500000000000004 14.500000000000002 3.5000000000000004 5.5000000000000009 1.0000000180025095e-35 2.5000000000000004 7.5000000000000009 9.5000000000000018 30.500000000000004 6.5000000000000009
decision_type=9 9 2 9 2 2 2 2 2 2 9 2 2 2 2 2 2 9 2 2 2 2 2 2 2 2 2 2 2 2
left_child=2 12 10 4 5 14 7 24 17 -6 11 -1 -2 -14 16 -16 29 19 26 -5 -21 -22 -23 -10 -7 27 -18 -26 -29 -3
right_child=1 3 -4 8 9 6 -8 -9 23 -11 -12 -13 13 -15 15 -17 18 -19 -20 20 21 22 -24 -25 25 -27 -28 28 -30 -31
leaf_value=-2.9129639541913834e-05 1.1609358584019347e-05 -0.00069015719196809935 0.00029843098845887543 0.33620112870156016 1.1760855302078711e-06 -0.00038962362045009692 -0.010832676393936681 -1.2231780419869054e-05 0.27875698841753549 -0.00010415195232327257 -2.9129639541913834e-05 -2.9129639541913834e-05 8.8233293560335824e-07 -0.0056801133877719678 -0.0005222971235249841 0.0054388699038673497 2.1439548298829437e-05 -6.8051265654767162e-05 -4.364813580779448e-05 -0.040470306947829472 0.017217172232952296 0.52651499982289918 0.076349078676676646 0.7910071958812438 -0.012223134863674767 -0.00036671754051722518 -0.00032191677601787209 0.015273200619678651 -0.01685483852159737 0.0019725098403262642
leaf_weight=7027 117 81 1397 1574 336 109 582 1604 699 172 9591 1429 5352 53 532 706 260 259752 43 1884 783 391 248 625 51 339 73 114 29 276
leaf_count=7027 117 81 1397 1574 336 109 582 1604 699 172 9591 1429 5352 53 532 706 260 259752 43 1884 783 391 248 625 51 339 73 114 29 276
internal_value=-0.00203474 0.000817753 -0.0426185 -0.000149849 -0.0145289 -0.0187435 -0.0306223 -0.0379341 0.000137612 0.025 -0.046027 -0.0414718 0.0482646 0.0493525 -0.00169964 -0.00864297 0.0100273 5.63046e-05 0.0281915 0.00566462 0.00217786 0.00942335 0.0201095 0.0163897 -0.017134 -0.0109756 0.034985 0.0123711 0.0262238 -0.00910364
internal_weight=296229 276785 19444 271263 5307 4799 2828 2246 265956 508 18047 8456 5522 5405 1971 1238 733 264632 376 4880 3306 1422 639 1324 642 533 333 194 143 357
internal_count=296229 276785 19444 271263 5307 4799 2828 2246 265956 508 18047 8456 5522 5405 1971 1238 733 264632 376 4880 3306 1422 639 1324 642 533 333 194 143 357
cat_boundaries=0 2 4 7 8 10
cat_threshold=33587330 1077936128 2147483648 512 0 0 2 33587200 0 1048576
is_linear=0
shrinkage=0.05


Tree=199
num_leaves=31
num_cat=5
split_feature=17 17 0 17 6 8 0 6 5 0 17 5 0 3 5 0 14 17 7 7 7 2 8 8 7 9 12 13 12 12
split_gain=13718 5085.07 1145.38 450.27 352.273 385.923 233.383 155.573 139.552 127.969 112.361 116.323 102.122 91.5463 65.3104 102.472 101.886 55.2617 53.7539 47.6238 66.5031 47.5837 47.1724 46.8966 47.7216 44.7899 41.7535 50.6214 40.3258 38.7465
threshold=0 1 7.5000000000000009 2 18.500000000000004 23.500000000000004 7.5000000000000009 10.500000000000002 21.250000000000004 107.50000000000001 3 26.250000000000004 7.5000000000000009 14.000000000000002 21.250000000000004 7.5000000000000009 169.90463333333335 4 5.5000000000000009 1.0000000180025095e-35 2.5000000000000004 7.5000000000000009 23.500000000000004 28.500000000000004 2.5000000000000004 5.5000000000000009 9.5000000000000018 30.500000000000004 6.5000000000000009 18.500000000000004
decision_type=9 9 2 9 2 2 2 2 2 2 9 2 2 2 2 2 2 9 2 2 2 2 2 2 2 2 2 2 2 2
left_child=2 12 10 4 5 14 7 19 -6 17 11 -1 -2 -14 16 29 28 22 21 -7 26 -18 -5 -24 -25 -11 -21 -28 -3 -16
right_child=1 3 -4 9 8 6 -8 -9 -10 25 -12 -13 13 -15 15 -17 18 -19 -20 20 -22 -23 23 24 -26 -27 27 -29 -30 -31
leaf_value=-2.7673157564800377e-05 1.1028890654829482e-05 -0.00065564933236967888 0.00028350943903596718 0.31939107226648211 1.1172812536930366e-06 -0.00037014243942761209 -0.01029104257423983 -1.1620191398886703e-05 -9.8944354707120047e-05 0.26481913899665843 -2.7673157564800377e-05 -2.7673157564800377e-05 8.3821628882319033e-07 -0.00539610771838337 -0.00049618226734873263 0.0051669264086739554 2.0367570883905731e-05 -6.4648702372038794e-05 -4.1465729017398095e-05 -0.011611978120491041 -0.00034838166349135949 -0.00030582093721696072 -0.038446791600438249 0.34348541843660457 0.0053194057035600654 0.75145683608718139 0.014509540588694759 -0.0160120965955175 0.0018738843483099288 -0.00049618226734873263
leaf_weight=7027 117 81 1397 1574 336 109 582 1604 172 699 9591 1429 5352 53 364 706 260 259752 43 51 339 73 1884 655 767 625 114 29 276 168
leaf_count=7027 117 81 1397 1574 336 109 582 1604 172 699 9591 1429 5352 53 364 706 260 259752 43 51 339 73 1884 655 767 625 114 29 276 168
internal_value=-0.0020442 0.00080836 -0.0426288 -0.000159433 -0.0145665 -0.0187852 -0.0306223 -0.0379341 0.025 0.000128588 -0.046027 -0.0414718 0.0482646 0.0493525 -0.00180112 -0.00880452 0.0100273 5.10142e-05 0.0281915 -0.017134 -0.0109756 0.034985 0.00531697 0.00193587 0.00879044 0.0156344 0.0123711 0.0262238 -0.00910364 -0.0253759
internal_weight=296229 276785 19444 271263 5307 4799 2828 2246 508 265956 18047 8456 5522 5405 1971 1238 733 264632 376 642 533 333 4880 3306 1422 1324 194 143 357 532
internal_count=296229 276785 19444 271263 5307 4799 2828 2246 508 265956 18047 8456 5522 5405 1971 1238 733 264632 376 642 533 333 4880 3306 1422 1324 194 143 357 532
cat_boundaries=0 2 4 7 8 10
cat_threshold=33587330 1077936128 2147483648 512 0 0 2 33587200 0 1048576
is_linear=0
shrinkage=0.05


end of trees

feature_importances:
ride_id_cat=2065
hour_of_day=924
wait_minutes=707
park_crowd_median=595
week_of_year=395
days_until_next_holiday=266
day_of_week=247
minutes_since_last_status_change=189
wait_lag_3=174
days_since_last_holiday=141
wait_lag_2=99
minutes_at_current_level=89
wait_lag_1=50
is_holiday_weekend=35
month=14
closure_duration_minutes=8
wait_delta_1=1
is_holiday=1

parameters:
[boosting: gbdt]
[objective: regression_l1]
[metric: l1]
[tree_learner: serial]
[device_type: cpu]
[data_sample_strategy: bagging]
[data: ]
[valid: ]
[num_iterations: 200]
[learning_rate: 0.05]
[num_leaves: 31]
[num_threads: 12]
[seed: 0]
[deterministic: 0]
[force_col_wise: 0]
[force_row_wise: 0]
[histogram_pool_size: -1]
[max_depth: -1]
[min_data_in_leaf: 20]
[min_sum_hessian_in_leaf: 0.001]
[bagging_fraction: 1]
[pos_bagging_fraction: 1]
[neg_bagging_fraction: 1]
[bagging_freq: 0]
[bagging_seed: 3]
[bagging_by_query: 0]
[feature_fraction: 1]
[feature_fraction_bynode: 1]
[feature_fraction_seed: 2]
[extra_trees: 0]
[extra_seed: 6]
[early_stopping_round: 0]
[early_stopping_min_delta: 0]
[first_metric_only: 0]
[max_delta_step: 0]
[lambda_l1: 0]
[lambda_l2: 0]
[linear_lambda: 0]
[min_gain_to_split: 0]
[drop_rate: 0.1]
[max_drop: 50]
[skip_drop: 0.5]
[xgboost_dart_mode: 0]
[uniform_drop: 0]
[drop_seed: 4]
[top_rate: 0.2]
[other_rate: 0.1]
[min_data_per_group: 100]
[max_cat_threshold: 32]
[cat_l2: 10]
[cat_smooth: 10]
[max_cat_to_onehot: 4]
[top_k: 20]
[monotone_constraints: ]
[monotone_constraints_method: basic]
[monotone_penalty: 0]
[feature_contri: ]
[forcedsplits_filename: ]
[refit_decay_rate: 0.9]
[cegb_tradeoff: 1]
[cegb_penalty_split: 0]
[cegb_penalty_feature_lazy: ]
[cegb_penalty_feature_coupled: ]
[path_smooth: 0]
[interaction_constraints: ]
[verbosity: -1]
[saved_feature_importance_type: 0]
[use_quantized_grad: 0]
[num_grad_quant_bins: 4]
[quant_train_renew_leaf: 0]
[stochastic_rounding: 1]
[linear_tree: 0]
[max_bin: 255]
[max_bin_by_feature: ]
[min_data_in_bin: 3]
[bin_construct_sample_cnt: 200000]
[data_random_seed: 1]
[is_enable_sparse: 1]
[enable_bundle: 1]
[use_missing: 1]
[zero_as_missing: 0]
[feature_pre_filter: 1]
[pre_partition: 0]
[two_round: 0]
[header: 0]
[label_column: ]
[weight_column: ]
[group_column: ]
[ignore_column: ]
[categorical_feature: 17,18]
[forcedbins_filename: ]
[precise_float_parser: 0]
[parser_config_file: ]
[objective_seed: 5]
[num_class: 1]
[is_unbalance: 0]
[scale_pos_weight: 1]
[sigmoid: 1]
[boost_from_average: 1]
[reg_sqrt: 0]
[alpha: 0.9]
[fair_c: 1]
[poisson_max_delta_step: 0.7]
[tweedie_variance_power: 1.5]
[lambdarank_truncation_level: 30]
[lambdarank_norm: 1]
[label_gain: ]
[lambdarank_position_bias_regularization: 0]
[eval_at: ]
[multi_error_top_k: 1]
[auc_mu_weights: ]
[num_machines: 1]
[local_listen_port: 12400]
[time_out: 120]
[machine_list_filename: ]
[machines: ]
[gpu_platform_id: -1]
[gpu_device_id: -1]
[gpu_use_dp: 0]
[num_gpu: 1]

end of parameters

pandas_categorical:[["05b17c11-fd4c-4b85-ab45-3e269dc56559", "07952343-3498-404b-8337-734de9a185c1", "0de1413a-73ee-46cf-af2e-c491cc7c7d3b", "106c1e5a-a5e7-42d7-96ab-bc100d8faf71", "10a5fc6f-5ad3-414b-9bdd-e6bae097b6ad", "1b23667a-d8fb-436d-8952-c3e3f2e56d13", "1b83fda8-d60e-48e4-9a3d-90ddcbcd1001", "1d24dd7a-372b-4195-8ad0-ba9679d72b08", "1da85181-bf0f-4ccc-b98e-243142f7347b", "2108cc58-80df-4fff-9b91-735e89873ffd", "2295351d-ce6b-4c04-92d5-5b416372c5b5", "24066306-d364-4048-b4c9-a0e81980c5b4", "2aedc657-1ee2-4545-a1ce-14753f28cc66", "34b1d70f-11c4-42df-935e-d5582c9f1a8e", "3638ac09-9fce-4a43-8c79-8ebbe17afce2", "388ad3f1-5cf5-4a9d-8d0e-6dfb817d7822", "40524fba-5d84-49e7-9204-f493dbe2d5a4", "44c1f655-25d3-440c-b1a8-db736a12b105", "46097afe-a1ea-4807-93d3-14d14f36e55f", "4ca6cdbf-4c5f-45bf-b0dc-db83393ec208", "4f0053e7-b8db-4833-b02f-35e1c91b4523", "4f5b28d0-b78e-482b-8e2e-1f90756d6220", "526ada11-4688-442b-96d4-4077eac4f988", "528016ef-db24-47fa-a0f2-b6d26d61e29f", "52a8ef64-d54c-4974-883f-027c3026e3f1", "56d0bd6d-5106-4420-8f60-0005475c04c3", "59647168-d239-4161-8b24-92eb128e96fb", "5bd95ae8-181d-449c-8f04-a621e2448961", "5d07a2b1-49ca-4de7-9d32-6d08edf69b08", "64d44aaa-6857-4693-b24b-bcff6c6dcfa1", "6c225598-91c9-44a3-95e2-7c423475db61", "6c30d5b0-8c0a-406f-9258-0b6c55d4a5e4", "6ce9cdd1-0a43-459e-83cd-f4cace9cfa7b", "6d876f4c-c3ff-4ae3-a2d8-d4b831e1039b", "6e2af074-3a67-4f38-9bcf-2f5a572c87df", "77f205a4-d482-4d91-a5ff-71e54a086ad2", "7a09a2f0-e226-4f3e-86f8-2598ab67ec44", "82aeb29b-504a-416f-b13f-f41fa5b766aa", "86ab3069-110d-49c5-a7e7-29ddf28695a6", "88197808-3c56-4198-a5a4-6066541251cf", "8e686e4c-f3db-4d9c-a185-2d54b1fa8899", "8f586a2f-cef5-46d3-b822-fd622c4e9e33", "90ee50d4-7cc9-4824-b29d-2aac801acc29", "9167db1d-e5e7-46da-a07f-ae30a87bc4c4", "9d401ad3-49b2-469f-ac73-93eb429428fb", "a07f3110-013e-43bb-a182-e66bb8b5e28d", "a9076acd-7630-4bad-a8da-e6bd689ddcac", "b0eca3d3-a519-47f9-a5a7-9911126da2df", "b1d285a7-2444-4a7c-b7bb-d2d4d6428a85", "b2c2549c-e9da-4fdd-98ea-1dcff596fed7", "b7678dab-5544-48d5-8fdc-c1a0127cfbcd", "c23af6ba-8515-406a-8a48-d0818ba0bfc9", "c60c768b-3461-465c-8f4f-b44b087506fc", "c8a4b7b1-c1b2-4dfe-b73c-4e834b4a73db", "c9803366-6f37-4406-82af-7692357e3ca9", "c9e39189-7e99-4e0a-97e0-4a0d5654d257", "cb929138-d77a-4dd2-983c-f651bbd1bd92", "cc718d11-fa15-44ee-87d0-ded989ad61bc", "cc980e8e-192f-48b6-848c-27784084e54b", "cd670bff-81d1-4f34-8676-7bafdf49220a", "e0cfed11-96d7-40f3-907f-5cfed172592a", "e1fbc7a1-2cd1-4282-b373-ac11d9d9d38a", "e27b1db8-9ec9-4f8b-9ca6-fd6377de66ee", "e2d460e9-2bef-4613-b126-092ab7cb37e5", "f44a5072-3cda-4c7c-8574-33ad09d16cca", "f7904912-3f08-4563-b99e-fd59f43cc9f2", "faaa8be9-cc1e-4535-ac20-04a535654bd0", "ff52cb64-c1d5-4feb-9d43-5dbd429bac81"], ["CLOSED", "DOWN", "OPERATING", "REFURBISHMENT"]]
