tree
version=v4
num_class=1
num_tree_per_iteration=1
label_index=0
max_feature_idx=18
objective=regression_l1
feature_names=wait_minutes wait_lag_1 wait_lag_2 wait_lag_3 wait_delta_1 park_crowd_median hour_of_day day_of_week week_of_year month is_holiday is_holiday_weekend days_until_next_holiday days_since_last_holiday minutes_since_last_status_change closure_duration_minutes minutes_at_current_level ride_id_cat status_cat
feature_infos=[0:200] [0:300] [0:240] [0:300] [-245:170] [5:45] [8:23] [0:6] [18:33] [5:8] [0:1] [0:1] [0:64] [0:38] [0:5090.0572833333326] [0:700] [0:300] -1:57:30:29:8:49:60:40:56:58:63:50:6:18:14:35:2:67:24:43:53:61:20:66:12:16:38:26:52:46:42:48:15:44:64:13:51:28:65:23:45:10:19:36:59:32:25:54:39:31:37:7:33:1:41:4:27:62 none
tree_sizes=2513 3014 3055 3086 3073 3084 3100 3095 3105 3073 3107 3116 3118 3093 3103 3111 3120 3092 3115 3142 3131 3138 3114 3095 3145 3103 3101 3102 3121 3122 3126 3126 3138 3149 3128 3135 3138 3155 3176 3154 3142 3137 3149 3167 3131 3127 3127 3107 3142 3138 3151 3141 3165 3123 3157 3127 3141 3152 3131 3139 3134 3107 3146 3153 3125 3167 3113 3121 3155 3144 3111 3137 3103 3156 3124 3132 3111 3137 3138 3149 3156 3109 3116 3147 3170 3160 3113 3151 3143 3146 3151 3145 3133 3132 3094 3084 3133 3146 3130 3099 3160 3120 3119 3120 3145 3133 3137 3110 3134 3126 3117 3112 3137 3124 3099 3099 3107 3069 3081 3048 3063 3060 3054 3034 3053 3015 3012 3033 3029 3041 3033 3024 3046 3027 3032 3033 3011 3015 3012 3026 3017 3068 3096 3092 3086 3056 3024 3026 3025 3016 3053 3093 3072 3062 2997 3039 3041 3036 3017 2999 3006 2992 2988 2993 2977 3019 2998 3011 3018 3019 2998 2998 2998 2992 2998 2996 3007 2998 2998 3007 3006 3001 3004 3004 3002 3005 3005 3001 3002 3004 3001 3001 2998 3001 2998 3001 3003 3002 3000 3002

Tree=0
num_leaves=31
num_cat=11
split_feature=0 2 17 17 17 6 3 0 0 17 6 0 0 6 6 6 17 6 0 6 17 5 17 17 6 17 17 3 17 3
split_gain=177301 16653.7 7359.23 4795.27 1729.84 1606.52 1569.28 1412.18 1226.4 1132.11 1025.14 703.779 671.732 580.821 569.86 534.813 732.242 528.105 397.271 352.312 344.92 344.084 332.034 322.252 285.049 284.004 275.285 275.267 239.88 226.496
threshold=17.500000000000004 27.500000000000004 0 1 2 19.500000000000004 17.500000000000004 22.500000000000004 22.500000000000004 3 19.500000000000004 14.000000000000002 14.000000000000002 18.500000000000004 19.500000000000004 19.500000000000004 4 18.500000000000004 7.5000000000000009 18.500000000000004 5 21.250000000000004 6 7 18.500000000000004 8 9 27.500000000000004 10 22.500000000000004
decision_type=2 2 9 9 9 2 2 2 2 9 2 2 2 2 2 2 9 2 2 2 9 2 9 9 2 9 9 2 9 2
left_child=2 3 5 8 15 9 11 19 17 12 21 -4 -1 20 22 -3 -17 28 -11 23 -9 -6 -10 -5 27 -20 -16 -8 -2 -14
right_child=1 4 6 7 10 -7 24 13 14 18 -12 -13 29 -15 26 16 -18 -19 25 -21 -22 -23 -24 -25 -26 -27 -28 -29 -30 -31
leaf_value=19.5 20 21.25 19.25 20 20.25 19.5 19.75 20 20.25 19.75 19.75 19.75 19.75 19.75 20.25 20.25 21.25 20 20 19.75 20.25 20.5 20.5 19.75 19.5 20.25 19.75 20 20.25 20
leaf_weight=11368 6125 84798 107042 7952 4956 8181 5160 2829 10458 2127 1240 18166 6050 2835 1022 3722 6428 1777 3264 3458 9682 15318 8974 5288 2304 2333 1149 970 2099 1786
leaf_count=11368 6125 84798 107042 7952 4956 8181 5160 2829 10458 2127 1240 18166 6050 2835 1022 3722 6428 1777 3264 3458 9682 15318 8974 5288 2304 2333 1149 970 2099 1786
internal_value=19.9974 20.0319 19.9605 20.0113 20.0431 19.9809 19.9552 19.9977 20.0251 19.9868 20.0302 19.9538 19.9803 20.0086 20.0318 20.046 20.0352 20.0106 20.003 19.9876 20.0132 20.033 20.0345 19.9913 19.9761 20.01 20.0075 19.9817 20.016 19.9916
internal_weight=348861 180110 168751 63648 116462 35109 133642 32044 31604 26928 21514 125208 19204 15346 21603 94948 10150 10001 7724 16698 12511 20274 19432 13240 8434 5597 2171 6130 8224 7836
internal_count=348861 180110 168751 63648 116462 35109 133642 32044 31604 26928 21514 125208 19204 15346 21603 94948 10150 10001 7724 16698 12511 20274 19432 13240 8434 5597 2171 6130 8224 7836
cat_boundaries=0 3 6 9 11 14 16 19 21 24 27 30
cat_threshold=1418269956 202336345 13 378090516 203253833 13 276902916 136144969 13 1351090432 67321872 66560 90185 13 151011584 287311106 344457232 202448896 8 1610875200 2718040240 67108864 8200 8 268972052 796672 1 378011664 67182592 8
is_linear=0
shrinkage=1


Tree=1
num_leaves=31
num_cat=12
split_feature=0 3 17 17 6 0 0 3 6 6 6 5 6 0 17 3 17 17 17 17 17 17 0 17 5 0 17 3 17 5
split_gain=155020 15953.9 8457.83 3356.88 2668.51 2351.32 2161.46 1092.69 1048.61 813.263 802.254 829.282 798.872 782.425 673.127 640.576 564.493 526.187 497.793 463.773 381.118 379.187 349.924 344.417 330.802 319.864 310.942 257.305 253.702 253.733
threshold=17.500000000000004 27.500000000000004 0 1 19.500000000000004 32.500000000000007 14.000000000000002 17.500000000000004 18.500000000000004 18.500000000000004 11.500000000000002 21.250000000000004 11.500000000000002 7.5000000000000009 2 17.500000000000004 3 4 5 6 7 8 22.500000000000004 9 21.250000000000004 14.000000000000002 10 32.500000000000007 11 6.2500000000000009
decision_type=2 2 9 9 2 2 2 2 2 2 2 2 2 2 9 2 9 9 9 9 9 9 2 9 2 2 9 2 9 2
left_child=2 3 4 9 7 8 17 12 14 22 19 23 13 28 -3 -8 -13 24 -7 -5 -10 -6 -2 -12 -4 -14 -15 -9 29 -1
right_child=1 5 6 10 21 18 15 27 20 -11 11 16 25 26 -16 -17 -18 -19 -20 -21 -22 -23 -24 -25 -26 -27 -28 -29 -30 -31
leaf_value=-0.48750000000000004 0.23750000000000002 0.48750000000000004 -0.71250000000000002 0.23750000000000002 -0.22500000000000001 1.1875 -0.23750000000000002 0 0.4375 0.012500000000000001 0 0.23750000000000002 -0.46250000000000002 -0.21250000000000002 0.47500000000000003 -0.23750000000000002 0 -0.71250000000000002 0.72500000000000009 0 0.012500000000000001 -0.47500000000000003 0.47500000000000003 -0.23750000000000002 -0.46250000000000002 -0.23750000000000002 0.23750000000000002 0.48750000000000004 -0.22500000000000001 -0.22500000000000001
leaf_weight=2556 3189 15952 34660 7176 2600 71498 15909 6274 1682 3277 7744 3861 5751 4239 9276 3826 12970 65840 11292 3864 4442 8774 13385 10502 5541 4946 2930 1177 1318 2410
leaf_count=2556 3189 15952 34660 7176 2600 71498 15909 6274 1682 3277 7744 3861 5751 4239 9276 3826 12970 65840 11292 3864 4442 8774 13385 10502 5541 4946 2930 1177 1318 2410
internal_value=-0.00239694 0.0298651 -0.0368306 0.0102906 -0.0176666 0.0411781 -0.0433737 -0.0101959 0.0295165 0.027476 0.0028866 -0.000812498 -0.0153602 -0.00725117 0.0340217 -0.0281834 0.00719209 -0.0462048 0.0455943 0.0146422 0.0109569 -0.0384385 0.0319899 -0.00819632 -0.0416167 -0.0255586 0.00403822 0.00654275 -0.0201305 -0.0252814
internal_weight=348861 180110 168751 65968 42975 114142 125776 31601 31352 19851 46117 35077 24150 13453 25228 19735 16831 106041 82790 11040 6124 11374 16574 18246 40201 10697 7169 7451 6284 4966
internal_count=348861 180110 168751 65968 42975 114142 125776 31601 31352 19851 46117 35077 24150 13453 25228 19735 16831 106041 82790 11040 6124 11374 16574 18246 40201 10697 7169 7451 6284 4966
cat_boundaries=0 3 6 9 12 14 17 20 22 25 28 31 33
cat_threshold=1955140932 202270937 13 310490116 136136777 5 276902916 203188297 13 67633152 67248288 8 18104320 589369378 276902916 136071273 13 1678770176 637677728 8 302002180 135014400 268439812 657408 5 67633424 2415927330 8 872939844 401424 8 881328448 134365328
is_linear=0
shrinkage=0.05


Tree=2
num_leaves=31
num_cat=9
split_feature=0 1 17 17 0 6 17 3 1 5 3 6 6 17 17 17 6 6 6 17 6 5 0 6 3 5 17 3 17 6
split_gain=153328 16108.6 8646.51 3275.69 2761.45 2123.76 2108.11 946.866 925.146 920.816 821.422 803.198 748.181 963.845 633.656 478.316 447.517 393.706 383.507 382.751 377.117 360.265 351.91 346.827 336.26 335.176 301.147 299.545 294.01 292.096
threshold=17.500000000000004 27.500000000000004 0 1 14.000000000000002 19.500000000000004 2 22.500000000000004 11.500000000000002 26.250000000000004 17.500000000000004 18.500000000000004 19.500000000000004 3 4 5 19.500000000000004 19.500000000000004 11.500000000000002 6 11.500000000000002 6.2500000000000009 22.500000000000004 18.500000000000004 32.500000000000007 21.250000000000004 7 27.500000000000004 8 12.500000000000002
decision_type=2 2 9 9 2 2 9 2 2 2 2 2 2 9 9 9 2 2 2 9 2 2 2 2 2 2 9 2 9 2
left_child=2 6 5 12 14 8 11 17 15 23 18 -2 24 -14 25 -1 -9 28 19 -6 -10 -17 -13 -5 -3 29 -7 -22 -8 -4
right_child=1 3 4 9 10 26 7 16 20 -11 -12 22 13 -15 -16 21 -18 -19 -20 -21 27 -23 -24 -25 -26 -27 -28 -29 -30 -31
leaf_value=-0.27437500000000004 0.45124999999999993 0.62812500000000004 -0.42687500000000012 0.26250000000000001 0.02312499999999993 -0.21374999999999994 0.00062499999999996456 0.22562499999999996 0.02312499999999993 0.47500000000000003 -0.22500000000000001 -0.00062499999999996456 0.23687500000000006 1.128125 -0.67687500000000012 -0.26187500000000002 -0.23750000000000002 -0.33750000000000002 -0.22562499999999996 -0.22562499999999996 -0.22562499999999996 0.023750000000000073 0.22437500000000005 -0.025624999999999967 1.128125 -0.43937500000000007 -0.45124999999999993 0.25 -0.011875000000000037 -0.67687500000000012
leaf_weight=9259 11684 18732 14366 10379 775 2600 15050 15073 4483 11835 4525 1018 3645 6410 65840 2400 1636 2946 13383 3373 6746 2730 2118 1920 66346 5673 6444 1591 11318 24563
leaf_count=9259 11684 18732 14366 10379 775 2600 15050 15073 4483 11835 4525 1018 3645 6410 65840 2400 1636 2946 13383 3373 6746 2730 2118 1920 66346 5673 6444 1591 11318 24563
internal_value=-0.00244639 0.0296391 -0.0366916 0.0403192 -0.0426114 -0.0150401 0.00870355 0.0034182 -0.00806718 0.023832 -0.0264622 0.0250978 0.0444946 0.0316012 -0.0458404 -0.0167698 0.0129182 -0.00199563 -0.0313644 -0.018081 0.00170047 -0.00448444 0.00264668 0.0142613 0.0460236 -0.0411705 -0.0360349 -0.00458798 -5.87834e-05 -0.0428344
internal_weight=348861 180110 168751 119267 132498 36253 60843 46023 27209 24134 22056 14820 95133 10055 110442 14389 16709 29314 17531 4148 12820 5130 3136 12299 85078 44602 9044 8337 26368 38929
internal_count=348861 180110 168751 119267 132498 36253 60843 46023 27209 24134 22056 14820 95133 10055 110442 14389 16709 29314 17531 4148 12820 5130 3136 12299 85078 44602 9044 8337 26368 38929
cat_boundaries=0 3 6 9 12 14 16 18 21 24
cat_threshold=1418270020 202270809 13 276902916 136136777 13 268547076 136120393 5 66560 81993 13 554975232 589369506 1342701892 67239952 536887296 536936608 268439812 657408 5 1820852304 67268738 8
is_linear=0
shrinkage=0.05


Tree=3
num_leaves=31
num_cat=10
split_feature=0 2 17 17 17 6 2 0 5 0 6 17 3 3 17 17 17 17 6 6 0 6 17 5 6 17 6 3 6 0
split_gain=152606 16666.5 8600.06 2849.18 2703.77 2571.48 2359.83 1163.58 872.658 847.098 840.53 1062.82 786.534 750.738 561.789 445.663 422.648 378.59 374.405 355.624 341.915 327.572 322.624 312.99 311.983 304.769 297.622 290.889 282.144 257.472
threshold=17.500000000000004 27.500000000000004 0 1 2 19.500000000000004 14.000000000000002 11.500000000000002 23.750000000000004 22.500000000000004 19.500000000000004 3 22.500000000000004 17.500000000000004 4 5 6 7 18.500000000000004 18.500000000000004 32.500000000000007 11.500000000000002 8 6.2500000000000009 19.500000000000004 9 18.500000000000004 17.500000000000004 19.500000000000004 7.5000000000000009
decision_type=2 2 9 9 9 2 2 2 2 2 2 9 2 2 9 9 9 9 2 2 2 2 9 2 2 9 2 2 2 2
left_child=2 4 5 10 9 7 15 14 21 19 20 -12 24 -8 27 29 -9 -7 -11 -2 -3 -5 -10 -16 25 -6 -15 -1 -14 -4
right_child=1 3 6 8 12 17 13 16 22 18 11 -13 28 26 23 -17 -18 -19 -20 -21 -22 -23 -24 -25 -26 -27 -28 -29 -30 -31
leaf_value=-0.42990624999999999 0.20306250000000006 0.60671874999999997 -0.64303125000000017 0.450625 -0.011906250000000007 -0.2030624999999999 -0.21434374999999994 0.22446874999999997 0.20124999999999993 0.42868749999999989 0.22503124999999999 1.0717187500000001 0.21434374999999994 -0.19240625000000017 -0.24940625000000002 -0.64303125000000017 -0.21190625000000002 -0.42868749999999989 0.20440625000000009 -0.00059374999999999294 1.0717187500000001 0.15000000000000002 0.43812499999999999 0.022562500000000086 -0.3206250000000001 0.00059374999999999294 -0.40553125000000012 -0.21128125000000006 -0.22562499999999996 -0.39303125000000017
leaf_weight=10968 3507 15668 21553 1656 5742 2600 15997 2939 2380 11777 3702 6428 13217 4482 2465 65653 11132 8372 2418 1082 67932 4855 13841 2761 2952 21596 1468 1787 1357 16574
leaf_count=10968 3507 15668 21553 1656 5742 2600 15997 2939 2380 11777 3702 6428 13217 4482 2465 65653 11132 8372 2418 1082 67932 4855 13841 2761 2952 21596 1468 1787 1357 16574
internal_value=-0.00258226 0.0294276 -0.0367467 0.0406716 0.00885338 -0.0174374 -0.0433496 -0.0102895 0.0247516 0.0247739 0.0445253 0.0309279 0.00218166 -0.0284572 -0.018717 -0.0465032 0.00047971 -0.0383339 0.0308242 0.00611244 0.0461782 0.00929965 0.0309691 -0.00487013 -0.00241004 -0.000742556 -0.0132941 -0.0243674 0.0117264 -0.0421126
internal_weight=348861 180110 168751 116462 63648 43024 125727 32052 22732 18784 93730 10130 44864 21947 17981 103780 14071 10972 14195 4589 83600 6511 16221 5226 30290 27338 5950 12755 14574 38127
internal_count=348861 180110 168751 116462 63648 43024 125727 32052 22732 18784 93730 10130 44864 21947 17981 103780 14071 10972 14195 4589 83600 6511 16221 5226 30290 27338 5950 12755 14574 38127
cat_boundaries=0 3 6 9 12 14 16 19 22 24 27
cat_threshold=1955140932 202336345 13 276902916 136136777 13 276902916 2283620425 5 66560 81993 13 1879572800 67305488 18104320 589303970 67179524 135030849 1 268439812 657408 5 18104592 2166363394 50364432 287319296 2
is_linear=0
shrinkage=0.05


Tree=4
num_leaves=31
num_cat=10
split_feature=0 2 17 17 6 17 0 3 6 5 6 17 17 3 0 17 0 6 17 5 6 17 0 0 5 6 17 17 6 3
split_gain=151753 16824.6 8743.54 2904.87 2797.71 2663.04 2228.76 1111.45 957.877 859.528 842.708 1066.26 832.908 730.996 674.892 534.324 480.446 463.752 480.372 398.006 389.759 379.187 373.635 341.915 340.695 330.197 316.401 268.55 247.586 247.214
threshold=17.500000000000004 27.500000000000004 0 1 19.500000000000004 2 14.000000000000002 17.500000000000004 19.500000000000004 23.750000000000004 19.500000000000004 3 4 17.500000000000004 22.500000000000004 5 14.000000000000002 19.500000000000004 6 26.250000000000004 18.500000000000004 7 7.5000000000000009 32.500000000000007 21.250000000000004 11.500000000000002 8 9 11.500000000000002 47.500000000000007
decision_type=2 2 9 9 2 9 2 2 2 2 2 9 9 2 2 9 2 2 9 2 2 9 2 2 2 2 9 9 2 2
left_child=2 5 4 10 7 8 15 12 14 25 23 29 16 -8 -2 24 -1 18 -7 -20 27 -6 -14 -3 -4 -5 -16 -11 -18 -12
right_child=1 3 6 9 21 17 13 -9 -10 20 11 -13 22 -15 26 -17 28 -19 19 -21 -22 -23 -24 -25 -26 -27 -28 -29 -30 -31
leaf_value=-0.40416093750000021 0.18040937499999998 0.57638281250000001 -0.61087968750000021 0.42809375000000005 -0.19290937499999983 -0.22443593750000002 -0.20362656249999989 0.032151562500000001 -0.00056406249999998439 0.41806249999999995 0.1550296874999999 1.0181328125 -0.2160656249999999 -0.1947234374999999 0.22618906249999995 -0.61087968750000021 0.010185937500000009 -0.2149687499999999 0.00056406249999998439 0.21550156249999991 0.16812500000000005 -0.40725312499999994 0.020064062499999837 1.0181328125 -0.3977546875000002 0.14250000000000007 0.40725312499999994 0.21553125000000009 -0.20374843750000002 0.6550296874999999
leaf_weight=10155 5705 15668 34660 1656 2600 6647 15909 7451 3078 12578 2869 6428 3152 3826 7518 65840 2192 3845 23613 5429 1549 8774 4399 67932 5541 4855 7813 2094 4252 833
leaf_count=10155 5705 15668 34660 1656 2600 6647 15909 7451 3078 12578 2869 6428 3152 3826 7518 65840 2192 3845 23613 5429 1549 8774 4399 67932 5541 4855 7813 2094 4252 833
internal_value=-0.00258541 0.0293349 -0.0366543 0.0406321 -0.0171699 0.00866327 -0.0433069 -0.00952027 0.0217543 0.0245581 0.0445231 0.0309082 -0.0147288 -0.0278819 0.0255752 -0.0461817 -0.0209856 0.000672668 0.00245033 0.00522511 0.0307287 -0.0384385 -0.000945642 0.0461782 -0.0415595 0.00922285 0.0310384 0.033247 -0.0103197 0.00942888
internal_weight=348861 180110 168751 116462 42975 63648 125776 31601 24114 22732 93730 10130 24150 19735 21036 106041 16599 39534 35689 29042 16221 11374 7551 83600 40201 6511 15331 14672 6444 3702
internal_count=348861 180110 168751 116462 42975 63648 125776 31601 24114 22732 93730 10130 24150 19735 21036 106041 16599 39534 35689 29042 16221 11374 7551 83600 40201 6511 15331 14672 6444 3702
cat_boundaries=0 3 6 9 12 14 16 19 22 25 27
cat_threshold=1955140932 202270937 13 276902916 136136777 13 310457364 136144969 13 66560 81993 13 1879572800 67240080 18104320 589369378 17874944 2434794752 2 268439812 657408 5 276824084 135340032 8 1678245952 637673648
is_linear=0
shrinkage=0.05


Tree=5
num_leaves=31
num_cat=9
split_feature=0 2 17 17 6 3 0 6 6 0 17 3 0 17 17 17 0 3 6 17 5 17 6 3 3 6 5 5 17 6
split_gain=145432 15462.5 8502.07 2786.73 2703.01 2552.74 2228.76 1624.78 1011.04 985.621 908.161 730.996 716.663 663.98 581.911 534.324 461.373 438.245 423.406 379.187 340.695 339.871 419.497 337.812 328.836 312.709 394.971 293.026 281.452 246.278
threshold=17.500000000000004 27.500000000000004 0 1 19.500000000000004 37.500000000000007 14.000000000000002 18.500000000000004 18.500000000000004 11.500000000000002 2 17.500000000000004 22.500000000000004 3 4 5 22.500000000000004 17.500000000000004 11.500000000000002 6 21.250000000000004 7 18.500000000000004 22.500000000000004 17.500000000000004 11.500000000000002 6.2500000000000009 23.750000000000004 8 11.500000000000002
decision_type=2 2 9 9 2 2 2 2 2 2 9 2 2 9 9 9 2 2 2 9 2 9 2 2 2 2 2 2 9 2
left_child=2 3 4 8 9 7 15 10 16 14 27 29 -5 -9 -1 20 -2 -14 -11 -6 -4 -7 -23 -20 25 26 -16 -3 -10 -8
right_child=1 5 6 12 19 21 11 13 28 18 -12 -13 17 -15 24 -17 -18 -19 23 -21 -22 22 -24 -25 -26 -27 -28 -29 -30 -31
leaf_value=0.032237656250000059 0.18388890624999998 0.18599999999999994 -0.58033570312500016 -0.0090814062499999793 -0.18326390624999986 1.2172261718750002 -0.19344523437499994 0.32506367187500002 -0.087614218750000111 0.03205476562499978 0.49035117187499999 -0.18498726562499998 -0.011964140625000043 -0.026468749999999732 -0.40895289062500029 -0.58033570312500016 0.38709992187499992 0.20419210937499985 -0.19356101562500003 -0.38689046874999988 -0.37786695312500013 0.79756367187499999 0.21722617187500007 0.032768984374999914 -0.17311226562500012 -0.39645289062500028 -0.15832789062500013 0.3941609374999997 0.18257328125000002 -0.19344523437499994
leaf_weight=2060 3507 3096 34660 22110 2600 55789 3724 2906 1662 5383 29281 3826 6771 4477 3286 65840 11777 15983 6515 8774 5541 12603 1322 2564 2003 5568 4222 6988 1838 12185
leaf_count=2060 3507 3096 34660 22110 2600 55789 3724 2906 1662 5383 29281 3826 6771 4477 3286 65840 11777 15983 6515 8774 5541 12603 1322 2564 2003 5568 4222 6988 1838 12185
internal_value=-0.00339491 0.0278535 -0.0367467 0.00803639 -0.0175329 0.0386839 -0.0433069 0.029644 0.0241992 -0.0100139 0.0336809 -0.0278819 0.00126354 0.00812001 -0.0181253 -0.0461817 0.0297632 0.00749319 -0.000401051 -0.0384385 -0.0415595 0.0447457 0.0375852 -0.00698866 -0.0215223 -0.0244264 -0.0177677 0.0206657 -2.85714e-05 -0.032601
internal_weight=348861 180110 168751 63648 42975 116462 125776 46748 18784 31601 39365 19735 44864 7383 17139 106041 15284 22754 14462 11374 40201 69714 13925 9079 15079 13076 7508 10084 3500 15909
internal_count=348861 180110 168751 63648 42975 116462 125776 46748 18784 31601 39365 19735 44864 7383 17139 106041 15284 22754 14462 11374 40201 69714 13925 9079 15079 13076 7508 10084 3500 15909
cat_boundaries=0 3 6 8 11 14 16 19 22 25
cat_threshold=1955140932 202270937 13 276902916 2283620425 5 1696350544 2703365138 302526468 796736 1 70656 272457 5 18104320 589369378 268439812 657408 5 276837380 169625800 5 66560 134299721 4
is_linear=0
shrinkage=0.05


Tree=6
num_leaves=31
num_cat=11
split_feature=0 0 17 3 6 0 17 17 6 3 6 17 3 6 2 17 5 0 17 5 17 17 5 17 17 3 2 6 17 6
split_gain=145212 14607.9 8661.12 3175.87 2765.35 2228.76 1921.62 1615.14 1125.28 1084.22 842.393 805.569 730.996 698.882 658.744 534.324 526.59 480.446 423.264 385.806 379.187 341.085 340.695 330.523 304.373 281.506 274.174 321.71 260.193 247.586
threshold=17.500000000000004 27.500000000000004 0 37.500000000000007 19.500000000000004 14.000000000000002 1 2 18.500000000000004 17.500000000000004 19.500000000000004 3 17.500000000000004 18.500000000000004 22.500000000000004 4 23.750000000000004 14.000000000000002 5 6.2500000000000009 6 7 21.250000000000004 8 9 32.500000000000007 47.500000000000007 18.500000000000004 10 11.500000000000002
decision_type=2 2 9 2 2 2 9 9 2 2 2 9 2 2 2 9 2 2 9 2 9 9 2 9 9 2 2 2 9 2
left_child=2 6 4 7 9 15 10 16 -9 11 23 17 -7 14 18 22 -3 -1 -8 28 -6 -10 -4 -2 -18 -16 27 -5 -13 -19
right_child=1 3 5 26 20 12 13 8 21 -11 -12 19 -14 -15 25 -17 24 29 -20 -21 -22 -23 -24 -25 -26 -27 -28 -29 -30 -31
leaf_value=-0.36413024609375033 0.19338875390624982 0.14923281250000003 -0.5513189179687501 0.84481244140624989 -0.17410071093749979 -0.18377297265625003 -0.019252335937500045 0.46770861328125019 0.097637109375000017 0.030862097656249966 -0.0096645234374999958 -0.40631001171875014 -0.17573790234374995 -0.20314124218749985 0.18210750390624977 -0.5513189179687501 0.3756075781249999 0.0080739023437500276 0.00098992968750000188 0.020607660156250065 -0.3675459453124999 0.41114797656249991 -0.35897360546875012 0.36753547265624997 0.14942164062499971 0.36802962890625007 1.4504729882812502 0.48905236328125012 -0.001985628906250092 -0.18388296484375
leaf_weight=10155 6550 5823 34660 26875 2600 15909 4882 32230 3129 7451 2485 1351 3826 8041 11168 65840 8104 2192 16236 4403 8774 2625 5541 6451 2572 2498 35016 5425 1797 4252
leaf_count=10155 6550 5823 34660 26875 2600 15909 4882 32230 3129 7451 2485 1351 3826 8041 11168 65840 8104 2192 16236 4403 8774 2625 5541 6451 2572 2498 35016 5425 1797 4252
internal_value=-0.00335907 0.0278657 -0.0366857 0.0377183 -0.0172932 -0.0433069 0.00728593 0.0287438 0.0344186 -0.00968798 0.0223735 -0.0148323 -0.0278819 0.00182444 0.00489593 -0.0461817 0.015649 -0.0209856 -0.000639265 -0.00127629 -0.0384385 0.0140598 -0.0415595 0.0274863 0.0222555 0.0134494 0.0449819 0.0416594 -0.0146442 -0.0103197
internal_weight=348861 180110 168751 121799 42975 125776 58311 54483 37984 31601 15486 24150 19735 42825 34784 106041 16499 16599 21118 7551 11374 5754 40201 13001 10676 13666 67316 32300 3148 6444
internal_count=348861 180110 168751 121799 42975 125776 58311 54483 37984 31601 15486 24150 19735 42825 34784 106041 16499 16599 21118 7551 11374 5754 40201 13001 10676 13666 67316 32300 3148 6444
cat_boundaries=0 3 6 8 10 12 15 18 21 24 26 28
cat_threshold=1955140932 202270937 13 335623172 136054857 5 1696350528 2736919954 1879572800 67240080 18104320 589369378 50364416 2434802944 2 268439812 657408 5 66560 201408553 13 335544324 134217728 4 1678245952 570556560 75497472 134242304
is_linear=0
shrinkage=0.05


Tree=7
num_leaves=31
num_cat=9
split_feature=0 3 17 17 6 0 0 6 0 6 3 17 1 17 0 17 6 17 5 6 3 17 3 5 17 3 17 5 0 6
split_gain=143219 14877.3 8698.4 2864.75 2779.98 2630.63 2228.76 1631.05 1075.32 957.528 730.996 672.107 598.189 559.127 558.985 534.324 406.523 403.416 396.577 391.922 383.086 379.187 375.967 340.695 334.762 331.435 328.512 325.507 317.177 292.431
threshold=17.500000000000004 27.500000000000004 0 1 19.500000000000004 37.500000000000007 14.000000000000002 18.500000000000004 11.500000000000002 19.500000000000004 17.500000000000004 2 22.500000000000004 3 22.500000000000004 4 11.500000000000002 5 23.750000000000004 11.500000000000002 17.500000000000004 6 17.500000000000004 21.250000000000004 7 47.500000000000007 8 6.2500000000000009 22.500000000000004 18.500000000000004
decision_type=2 2 9 9 2 2 2 2 2 2 2 9 2 9 2 9 2 9 2 2 2 9 2 2 9 2 9 2 2 2
left_child=2 3 4 9 8 7 15 11 13 14 -8 -3 26 22 -2 23 -14 -9 -18 -10 -21 -6 -1 -4 -20 29 -5 -15 -13 -7
right_child=1 5 6 12 21 25 10 17 19 -11 -12 28 16 27 -16 -17 18 -19 24 20 -22 -23 -24 -25 -26 -27 -28 -29 -30 -31
leaf_value=-0.34592373378906277 0.16502502324218754 0.44432318261718767 -0.52375297207031257 -0.018914719140624925 -0.16539567539062486 0.79007181933593729 -0.17458432402343754 0.24532807773437515 0.03004833222656238 -0.0091812972656249766 -0.16695100722656236 0.15922039355468753 0.21702869121093757 -0.23882674199218759 0.34915869902343744 -0.52375297207031257 -0.021684566796874985 -0.01020418398437517 0.21527675742187499 -0.17468881660156246 0.017087430273437398 -0.34916864804687492 -0.18853100722656252 -0.34102492519531258 0.11514268749999985 1.5838412138671876 0.00031543320312508175 0.029595390429687465 0.35682719921874995 0.48866775390625006
leaf_weight=10155 3383 24286 34660 6965 2600 29958 15909 4355 5383 2458 3826 2308 4707 2465 14146 65840 7457 4311 3214 5067 4012 8774 1758 5541 5352 32999 18286 2761 10724 5201
leaf_count=10155 3383 24286 34660 6965 2600 29958 15909 4355 5383 2458 3826 2308 4707 2465 14146 65840 7457 4311 3214 5067 4012 8774 1758 5541 5352 32999 18286 2761 10724 5201
internal_value=-0.00357435 0.0274355 -0.0366715 0.00853293 -0.0172374 0.0383601 -0.0433069 0.0291188 -0.00961204 0.0243311 -0.0278819 0.0336567 0.00166011 -0.0180845 0.0284414 -0.0461817 0.00795466 0.00957766 0.00415965 0.00042871 -0.00590924 -0.0384385 -0.0240585 -0.0415595 0.0114989 0.0445949 -0.00350679 -0.00441176 0.0244211 0.041217
internal_weight=348861 180110 168751 65968 42975 114142 125776 45984 31601 19987 19735 37318 45981 17139 17529 106041 20730 8666 16023 14462 9079 11374 11913 40201 8566 68158 25251 5226 13032 35159
internal_count=348861 180110 168751 65968 42975 114142 125776 45984 31601 19987 19735 37318 45981 17139 17529 106041 20730 8666 16023 14462 9079 11374 11913 40201 8566 68158 25251 5226 13032 35159
cat_boundaries=0 3 6 9 11 13 16 19 22 25
cat_threshold=1955140932 202270937 13 310457364 136136777 5 411120644 236742729 5 1879572800 67240080 18104320 589369378 302002196 1845320 5 268439812 657408 5 1141374976 67248288 8 16826368 2468357376 2
is_linear=0
shrinkage=0.05


Tree=8
num_leaves=31
num_cat=11
split_feature=0 3 17 17 0 3 6 6 17 6 1 17 1 6 6 0 17 5 17 17 0 6 5 17 17 0 0 6 17 17
split_gain=136261 14789.8 7760.65 2899.18 2688.82 2469.33 1817.08 1599.12 1249.99 1033.14 778.765 629.458 573.082 561.2 561.024 471.752 461.902 420.424 412.704 390.668 374.616 365.278 504.434 346.175 332.149 321.02 312.193 295.377 295.364 277.722
threshold=17.500000000000004 27.500000000000004 0 1 37.500000000000007 17.500000000000004 19.500000000000004 18.500000000000004 2 18.500000000000004 11.500000000000002 3 22.500000000000004 11.500000000000002 18.500000000000004 22.500000000000004 4 23.750000000000004 5 6 14.000000000000002 11.500000000000002 23.750000000000004 7 8 22.500000000000004 7.5000000000000009 18.500000000000004 9 10
decision_type=2 2 9 9 2 2 2 2 9 2 2 9 2 2 2 2 9 2 9 9 2 2 2 9 9 2 2 2 9 9
left_child=2 3 6 9 7 8 10 11 13 15 16 -3 24 20 -7 -2 -1 -15 -14 -9 -4 -20 -23 -6 -5 -13 -18 -25 -22 -12
right_child=1 4 5 12 23 14 -8 19 -10 -11 29 25 18 17 -16 -17 26 -19 21 -21 28 22 -24 27 -26 -27 -28 -29 -30 -31
leaf_value=-0.21944177540039078 0.1567737720800782 0.42210702348632839 -0.27256532346679702 -0.017968983183593679 1.0746206502441404 -0.10900492893554681 -0.33171021564453124 0.23306167384765644 -0.49756532346679699 -0.0087222324023437988 -0.0068934285253908108 0.15125937387695318 -0.022891864638671856 -0.40692073282226549 -0.32158677814453135 0.33940156016601564 -0.19985610174804691 -0.24756532346679699 0.21731436993164072 -0.0096939747851564565 0.028545915615234209 -0.017718717167968735 0.18956999062500002 0.73190610629882791 0.00029966154296889869 0.3389858392578125 0.05016171797851552 0.18923436621093759 -0.16585510782226562 0.2319143087597656
leaf_weight=7767 3113 24286 13290 7058 49693 6275 7745 4355 68724 3232 9710 2308 4909 33921 2495 13361 3154 7634 3829 4311 711 6523 5567 16925 18376 10724 2155 1540 3086 2084
leaf_count=7767 3113 24286 13290 7058 49693 6275 7745 4355 68724 3232 9710 2308 4909 33921 2495 13361 3154 7634 3829 4311 711 6523 5567 16925 18376 10724 2155 1540 3086 2084
internal_value=-0.00304319 0.0272039 -0.0353263 0.00835708 0.0380964 -0.0405741 -0.0134054 0.0287535 -0.0423441 0.0244116 -0.00682348 0.0332467 0.00151279 -0.036945 -0.0149145 0.029495 -0.0152264 -0.0400878 0.00766276 0.00940457 -0.0293235 0.011567 0.00731183 0.0443998 -0.00352284 0.0243061 -0.00382591 0.0384114 -0.0154727 0.00249279
internal_weight=348861 180110 168751 65968 114142 136136 32615 45984 127366 19706 24870 37318 46262 58642 8770 16474 13076 41555 20828 8666 17087 15919 12090 68158 25434 13032 5309 18465 3797 11794
internal_count=348861 180110 168751 65968 114142 136136 32615 45984 127366 19706 24870 37318 46262 58642 8770 16474 13076 41555 20828 8666 17087 15919 12090 68158 25434 13032 5309 18465 3797 11794
cat_boundaries=0 3 6 8 11 13 15 18 21 24 26 29
cat_threshold=1418269956 202270809 13 276902916 136136777 5 538181696 589370786 411120644 236742729 5 1342701824 67239952 18104576 287315202 302002196 1845320 5 268448772 1853512 4 16826384 2468357376 2 536870912 536936608 1409810688 67248152 8
is_linear=0
shrinkage=0.05


Tree=9
num_leaves=31
num_cat=9
split_feature=0 0 17 3 6 3 17 17 3 6 6 17 6 6 3 17 5 17 17 0 17 8 5 0 2 0 5 17 3 6
split_gain=126058 14431.7 7636.25 3009.29 2613.63 2082.8 1653.49 1434.37 1339.48 1107.24 785.956 703.563 628.413 510.962 479.243 466.403 463.132 436.986 417.6 359.692 359.055 338.782 336.583 335.084 331.3 293.803 288.898 288.232 279.51 266.476
threshold=17.500000000000004 32.500000000000007 0 27.500000000000004 19.500000000000004 17.500000000000004 1 2 37.500000000000007 19.500000000000004 18.500000000000004 3 18.500000000000004 11.500000000000002 37.500000000000007 4 23.750000000000004 5 6 22.500000000000004 7 23.500000000000004 13.500000000000002 22.500000000000004 27.500000000000004 7.5000000000000009 8.7500000000000018 8 14.000000000000002 11.500000000000002
decision_type=2 2 9 2 2 2 9 9 2 2 2 9 2 2 2 9 2 9 9 2 9 2 2 2 2 2 2 9 2 2
left_child=2 3 11 7 5 6 25 10 12 14 19 16 15 17 23 -3 -1 22 -6 -2 -9 -22 -8 -5 -7 -4 -19 -10 -15 -27
right_child=1 8 4 9 18 24 13 20 27 -11 -12 -13 -14 28 -16 -17 -18 26 -20 -21 21 -23 -24 -25 -26 29 -28 -29 -30 -31
leaf_value=-0.47268705729345717 0.14022774753857412 0.34322428633544927 -0.18986329666064458 0.12479227705810524 -0.14054038083886713 -0.029681406678222721 -0.34203045832959006 -0.20821981398437492 1.0208896177319335 -0.019719760030273294 -0.0097668274228515997 -0.47268705729345717 0.19690845851000979 -0.23971928682568377 0.51778116741210922 0.5508782790327148 -0.23518705729345718 -0.29484303092626957 -0.39550907118115242 0.24085766965771463 0.024659678465820536 -0.0063583289560545713 -0.15756235243115224 0.24519157934326188 0.242796480186035 0.19764052048974606 -0.081155530926269578 0.7139729230541989 -0.15347684164892572 -0.16560970434521477
leaf_weight=26287 4345 6959 3191 3536 2600 9130 4076 7189 48469 3684 2956 54096 4642 16710 8850 21326 8181 2921 14628 9020 10002 20782 4211 15282 2371 3542 5441 13068 9668 1698
leaf_count=26287 4345 6959 3191 3536 2600 9130 4076 7189 48469 3684 2956 54096 4642 16710 8850 21326 8181 2921 14628 9020 10002 20782 4211 15282 2371 3542 5441 13068 9668 1698
internal_value=-0.00301022 0.0260824 -0.0340611 0.0112183 -0.0228731 -0.0181539 -0.0224533 0.00409622 0.039559 0.0235519 0.016487 -0.0441834 0.0314195 -0.026418 0.0269806 0.0342178 -0.0385347 -0.0195657 -0.0401323 0.0216573 -0.00123345 0.0011171 -0.0277028 0.0224678 0.00108251 -0.00218576 -0.0114548 0.0439142 -0.0307529 0.00509542
internal_weight=348861 180110 168751 85646 80187 62959 51458 54294 94464 31352 16321 88564 32927 43027 27668 28285 34468 16649 17228 13365 37973 30784 8287 18818 11501 8431 8362 61537 26378 5240
internal_count=348861 180110 168751 85646 80187 62959 51458 54294 94464 31352 16321 88564 32927 43027 27668 28285 34468 16649 17228 13365 37973 30784 8287 18818 11501 8431 8362 61537 26378 5240
cat_boundaries=0 3 6 9 11 13 15 18 21 24
cat_threshold=2332082322 3495954176 2 75568132 201615433 13 310457348 202197065 5 16793616 2098432 1159479632 690106368 1572864 553717762 268439812 657408 5 16826368 2468349184 2 276837380 136071240 4
is_linear=0
shrinkage=0.05


Tree=10
num_leaves=31
num_cat=12
split_feature=0 1 17 0 6 3 17 17 0 6 6 17 3 17 6 17 5 17 5 6 17 5 17 0 17 6 17 6 2 17
split_gain=121469 13432 7763.66 3035.9 2674.79 1920.49 1697.15 1344.03 1286.07 940.945 771.294 760.828 677.482 611.264 537.71 534.832 497.102 449.569 393.207 387.858 353.39 353.315 453.118 328.751 325.031 298.997 329.815 287.706 286.904 269.669
threshold=17.500000000000004 32.500000000000007 0 22.500000000000004 18.500000000000004 17.500000000000004 1 2 47.500000000000007 19.500000000000004 19.500000000000004 3 27.500000000000004 4 11.500000000000002 5 23.750000000000004 6 8.7500000000000018 11.500000000000002 7 21.250000000000004 8 7.5000000000000009 9 19.500000000000004 10 19.500000000000004 22.500000000000004 11
decision_type=2 2 9 2 2 2 9 9 2 2 2 9 2 9 2 9 2 9 2 2 9 2 9 2 9 2 9 2 2 9
left_child=2 3 11 15 5 7 12 23 10 19 13 16 -5 -3 18 -2 -1 -6 29 -8 -12 22 -21 -4 -20 26 -17 -14 -7 -9
right_child=1 8 4 6 17 28 9 14 -10 -11 20 -13 27 -15 -16 25 -18 -19 24 21 -22 -23 -24 -25 -26 -27 -28 -29 -30 -31
leaf_value=-0.44905270442878431 0.14192369609914551 0.57354464518654802 -0.18037013182761241 0.001371731632373141 -0.29534925130324707 -0.038162256686108446 0.35946100623342264 -0.076663306783276403 1.2033383267061766 0.0099313376006350054 0.39665067894852302 -0.44905270442878431 0.29915196832775859 0.41700936697228991 -0.22773332248439956 -0.0090173462973142555 -0.22342770442878435 -0.37573361762209478 -0.066441504379955954 0.1010630720186768 0.011914703419067153 0.29120654646984845 0.22881478617482892 0.036936874622045937 -0.15350457588483871 -0.22741360445063458 0.0012275949136231646 -0.25562605718500947 0.14792938784514167 -0.47933553437697762
leaf_weight=26287 3214 35697 3136 14211 6304 6327 10095 1479 37275 3669 2989 54096 5898 14957 23687 8324 8181 15612 4434 5173 2331 7573 9370 4297 7337 3330 15542 462 3985 3589
leaf_count=26287 3214 35697 3136 14211 6304 6327 10095 1479 37275 3669 2989 54096 5898 14957 23687 8324 8181 15612 4434 5173 2331 7573 9370 4297 7337 3330 15542 462 3985 3589
internal_value=-0.00334532 0.0252129 -0.0338259 0.0110654 -0.0225451 -0.0169475 0.0179262 -0.0211566 0.0383913 0.0244887 0.0335995 -0.0440321 0.0064647 0.0355016 -0.0247385 -0.0016705 -0.0381635 -0.0374384 -0.0179138 0.0272283 0.0154887 0.0235214 0.018961 -0.0015921 -0.0129003 -0.00395133 -0.00199447 0.0200314 0.00262801 -0.029558
internal_weight=348861 180110 168751 86861 80187 58271 56451 47959 93249 35880 55974 88564 20571 50654 40526 30410 34468 21916 16839 32211 5320 22116 14543 7433 11771 27196 23866 6360 10312 5068
internal_count=348861 180110 168751 86861 80187 58271 56451 47959 93249 35880 55974 88564 20571 50654 40526 30410 34468 21916 16839 32211 5320 22116 14543 7433 11771 27196 23866 6360 10312 5068
cat_boundaries=0 3 5 8 10 13 16 19 22 25 27 30 32
cat_threshold=2332082322 3495954176 2 1629241664 857871762 75568132 134506569 13 16793616 2098432 268514308 1853561 13 631808 2281965641 1 1342181636 17704961 5 268972036 135530496 4 75497472 201334816 8 1879048512 100794528 117702672 287388928 2 1342439488 67108912
is_linear=0
shrinkage=0.05


Tree=11
num_leaves=31
num_cat=13
split_feature=0 1 17 17 6 3 3 6 6 3 17 6 17 5 0 17 5 17 5 17 17 17 17 17 17 6 5 5 17 5
split_gain=117017 12331.6 8133.32 2990.06 2753.29 1849.25 1656.77 1548.87 1422.68 1135.36 882.999 850.934 774.871 762.437 647.174 560.976 492.574 492.505 461.521 455.29 398.097 385.206 305.461 282.037 281.494 279.284 262.377 247.866 277.971 231.78
threshold=17.500000000000004 32.500000000000007 0 1 19.500000000000004 17.500000000000004 47.500000000000007 11.500000000000002 18.500000000000004 22.500000000000004 2 19.500000000000004 3 8.7500000000000018 22.500000000000004 4 23.750000000000004 5 21.250000000000004 6 7 8 9 10 11 11.500000000000002 21.250000000000004 21.250000000000004 12 16.250000000000004
decision_type=2 2 9 9 2 2 2 2 2 2 9 2 9 2 2 9 2 9 2 9 9 9 9 9 9 2 2 2 9 2
left_child=2 3 12 8 5 7 11 10 14 -5 -4 15 16 -12 24 -3 -1 -10 -11 -9 -6 -20 -7 -13 -2 -16 -17 28 -27 -21
right_child=1 6 4 9 20 22 -8 19 17 18 13 23 -14 -15 25 26 -18 -19 21 29 -22 -23 -24 -25 -26 27 -28 -29 -30 -31
leaf_value=-0.42660006920734511 0.0050869113432106877 0.62939519316627823 0.099050555994237052 -0.0085098714233666339 -0.11874589923176143 -0.061254143851803104 1.2049441217905992 -0.13854253824684923 -0.070960281301369763 0.042961573337664843 -0.33304869752138799 0.32623283526496777 -0.42660006920734511 -0.12385122572043078 0.3825502918592516 0.28700314012448608 -0.21225631920734511 0.17633126441224134 0.23610949020385111 -0.2612076944968495 -0.35694693674098998 0.025978255002609797 0.060556722749759297 -0.008225210962335262 0.37612017535668818 0.12019801893422227 0.46613039569398806 0.31593890232446897 0.27073737577233742 -0.19931442682795303
leaf_weight=26287 4267 27627 4100 28088 2600 6193 35374 5161 4414 7774 5795 2996 54096 13359 8809 8444 8181 3079 9108 11923 14628 3448 5308 2126 2018 5317 16682 4692 5847 11120
leaf_count=26287 4267 27627 4100 28088 2600 6193 35374 5161 4414 7774 5795 2996 54096 13359 8809 8444 8181 3079 9108 11923 14628 3448 5308 2126 2018 5317 16682 4692 5847 11120
internal_value=-0.00361161 0.0244184 -0.0335284 0.0108628 -0.0219827 -0.0171389 0.0370454 -0.0211901 0.0212714 0.00259354 -0.0116367 0.031835 -0.0439745 -0.0161396 0.0260097 0.0337241 -0.0380533 0.00172828 0.0115937 -0.0290668 -0.039697 0.0175215 0.000986871 0.012378 0.0116866 0.0296594 0.0282623 0.0256937 0.021641 -0.0320761
internal_weight=348861 180110 168751 86861 80187 62959 93249 51458 38443 48418 23254 57875 88564 19154 30950 52753 34468 7493 20330 28204 17228 12556 11501 5122 6285 24665 25126 15856 11164 23043
internal_count=348861 180110 168751 86861 80187 62959 93249 51458 38443 48418 23254 57875 88564 19154 30950 52753 34468 7493 20330 28204 17228 12556 11501 5122 6285 24665 25126 15856 11164 23043
cat_boundaries=0 3 6 9 11 14 17 19 22 24 27 30 33 36
cat_threshold=2332082322 3495954176 2 444675076 203245641 13 1073812484 67111017 13 16793616 2098432 268448772 1329256 5 66560 201408521 12 344523012 201351170 268439812 657408 5 1678245968 570564784 1611923456 587296930 8 268972036 136054784 4 444596228 67698688 8 276824068 201326592 12
is_linear=0
shrinkage=0.05


Tree=12
num_leaves=31
num_cat=14
split_feature=0 0 17 2 6 3 6 17 6 17 0 17 2 17 17 5 6 3 17 17 6 17 17 17 5 17 6 17 5 17
split_gain=114201 11853.7 8305.75 3379.69 2757.63 1806.19 1637.25 1285.2 1210.22 1062.68 783.63 782.649 734.21 600.777 589.76 502.509 496.906 476.364 461.681 449.77 392.57 387.632 382.998 288.32 287.821 280.27 355.244 254.705 328.335 236.93
threshold=17.500000000000004 27.500000000000004 0 42.500000000000007 19.500000000000004 17.500000000000004 11.500000000000002 1 18.500000000000004 2 7.5000000000000009 3 22.500000000000004 4 5 21.250000000000004 18.500000000000004 22.500000000000004 6 7 19.500000000000004 8 9 10 6.2500000000000009 11 19.500000000000004 12 21.250000000000004 13
decision_type=2 2 9 2 2 2 2 9 2 9 2 9 2 9 9 2 2 2 9 9 2 9 9 9 2 9 2 9 2 9
left_child=2 7 11 8 5 6 10 16 9 27 22 15 25 -10 -12 -1 -2 -11 -5 -8 29 -6 -4 -7 -24 -9 -27 -3 -29 -14
right_child=1 3 4 18 21 23 19 12 13 17 14 -13 20 -15 -16 -17 -18 -19 -20 -21 -22 -23 24 -25 -26 26 -28 28 -30 -31
leaf_value=-0.40527006574697788 0.27771019448372058 0.58815060763052218 -0.15590197180547474 1.0979254335079645 -0.11280860427017335 -0.058191436659213031 -0.13161541133450677 -0.01587625669057733 0.26592718822154798 0.14752050777317391 0.2027778729344446 -0.40527006574697788 -0.025660671064659191 -0.04249787171872299 -0.12553184681462515 -0.20164350324697786 0.0018970847748935428 0.27651665936631975 0.61313416376817487 -0.20328627163533711 -0.18312007884298406 -0.33909958990394051 -0.43871632278205941 0.05752888661227136 -0.21546774429671417 0.001591708739110409 -0.22936971012348356 0.25173483064519536 0.43983638765648103 0.15285834728860268
leaf_weight=25590 6893 13703 2605 36556 2600 6193 5161 6421 5691 5264 3195 54096 1524 4638 9229 8878 1928 12342 17166 23043 2368 14628 3596 5308 4629 19899 2606 15392 11047 16672
leaf_count=25590 6893 13703 2605 36556 2600 6193 5161 6421 5691 5264 3195 54096 1524 4638 9229 8878 1928 12342 17166 23043 2368 14628 3596 5308 4629 19899 2606 15392 11047 16672
internal_value=-0.00384351 0.0238471 -0.033398 0.0327224 -0.0217309 -0.0168832 -0.0208869 0.0053086 0.0253235 0.028143 -0.0110648 -0.0439542 0.00217172 0.00956046 -0.00249517 -0.0380039 0.0228796 0.0178644 0.0420982 -0.0289853 0.00939506 -0.039459 -0.0208957 0.00103035 -0.0261749 -0.00296273 -0.000330891 0.0326385 0.0297157 0.0118872
internal_weight=348861 180110 168751 121799 80187 62959 51458 58311 68077 57748 23254 88564 49490 10329 12424 34468 8821 17606 53722 28204 20564 17228 10830 11501 8225 28926 22505 40142 26439 18196
internal_count=348861 180110 168751 121799 80187 62959 51458 58311 68077 57748 23254 88564 49490 10329 12424 34468 8821 17606 53722 28204 20564 17228 10830 11501 8225 28926 22505 40142 26439 18196
cat_boundaries=0 3 6 9 11 14 17 20 22 25 28 31 34 36 38
cat_threshold=2332082322 3495954176 2 78848 136054857 1 444675076 203245641 13 16793616 2098432 369635348 1845320 5 1073812484 671172841 5 12292 1329224 4 344523012 201351170 268439812 657408 5 1074070532 100671593 5 1611923456 587296930 8 16826384 2434802944 2 13312 1329224 17825792 2166363394
is_linear=0
shrinkage=0.05


Tree=13
num_leaves=31
num_cat=11
split_feature=0 3 17 0 6 3 2 17 17 6 17 6 5 3 5 17 17 6 6 17 2 6 17 17 5 17 6 8 5 17
split_gain=108318 11401.5 9287.32 3080.28 2268.99 2241.8 1621.92 1597.9 963.892 858.722 819.753 818.326 781.972 762.557 567.631 498.495 480 460.056 426.881 398.61 385.54 384.243 365.391 306.142 303.012 388.588 300.332 289.394 253.814 235.57
threshold=17.500000000000004 32.500000000000007 0 22.500000000000004 12.500000000000002 14.000000000000002 47.500000000000007 1 2 17.500000000000004 3 19.500000000000004 8.7500000000000018 22.500000000000004 21.250000000000004 4 5 11.500000000000002 18.500000000000004 6 27.500000000000004 10.500000000000002 7 8 21.250000000000004 9 19.500000000000004 24.500000000000004 8.7500000000000018 10
decision_type=2 2 9 2 2 2 2 9 9 2 9 2 2 2 2 9 9 2 2 9 2 2 9 9 2 9 2 2 2 9
left_child=2 3 10 21 8 -6 9 18 28 19 14 17 -10 16 -1 -11 -7 -9 20 -3 -5 22 -2 -14 25 -19 -17 -21 -4 -13
right_child=1 6 4 7 5 13 -8 11 12 15 -12 29 23 -15 -16 26 -18 24 -20 27 -22 -23 -24 -25 -26 -27 -28 -29 -30 -31
leaf_value=-0.38500656245962905 -0.010987876697845067 0.57331218917631588 -0.018713781993527513 0.11681734531353119 -0.26356378073100917 -0.15381999822468961 1.0552549843457371 0.35577985990185879 -0.31305736422731201 0.0069737665984458633 -0.38500656245962905 -0.17101753491081306 -0.0059301100922160904 -0.0069947842881173733 -0.191561328084629 0.39777030861837126 -0.12641916121538391 0.07608768223150407 -0.18269896283641796 0.41832209001860915 0.25856306243286209 -0.0097714712193294421 0.24933622293106128 -0.15381999822468961 0.24956907375969717 0.19125043654521079 0.19439019947960326 0.19267490621721209 0.20952912586173689 0.1723726003638161
leaf_weight=25590 2289 25796 3227 12191 25907 11620 36548 12227 5415 2865 54096 1748 7218 6235 8878 6594 6855 4592 3658 8700 6215 24165 2328 10510 8016 10802 4715 4835 3200 1826
leaf_count=25590 2289 25796 3227 12191 25907 11620 36548 12227 5415 2865 54096 1748 7218 6235 8878 6594 6855 4592 3658 8700 6215 24165 2328 10510 8016 10802 4715 4835 3200 1826
internal_value=-0.00392205 0.0230459 -0.0327053 0.0104661 -0.0203692 -0.0268003 0.0356262 0.0168038 -0.0093676 0.0300804 -0.0438673 0.0228589 -0.0141213 -0.0160259 -0.0377806 0.0195287 -0.0211286 0.0251522 0.00602972 0.0338829 0.00913289 -0.0030262 0.0101906 -0.00904783 0.0210466 0.0169417 0.024238 0.0268402 0.00775983 5.59597e-05
internal_weight=348861 180110 168751 90057 80187 50617 90053 61275 29570 53505 88564 39211 23143 24710 34468 14174 18475 35637 22064 39331 18406 28782 4617 17728 23410 15394 11309 13535 6427 3574
internal_count=348861 180110 168751 90057 80187 50617 90053 61275 29570 53505 88564 39211 23143 24710 34468 14174 18475 35637 22064 39331 18406 28782 4617 17728 23410 15394 11309 13535 6427 3574
cat_boundaries=0 3 5 8 10 12 15 18 20 22 25 28
cat_threshold=2332082322 3495954176 2 1629241664 857871762 1342247940 201599081 13 16793616 2098432 1610891328 704856449 538182720 587288739 8 78852 135612505 5 1955086592 2233476368 612368704 33702016 75497472 67117088 8 67175424 67190825 12
is_linear=0
shrinkage=0.05


Tree=14
num_leaves=31
num_cat=12
split_feature=1 3 17 0 6 3 17 0 0 17 17 6 6 17 5 6 17 17 17 8 17 6 0 17 5 5 17 5 17 5
split_gain=103602 11166.6 9553.17 3812.68 2659.11 1910.05 1342.81 1006.98 928.124 894.364 783.873 761.146 738.939 721.181 619.822 531.523 527.201 426.01 420.954 478.547 396.64 383.861 358.152 343.496 318.509 282.253 253.831 244.314 228.727 225.246
threshold=17.500000000000004 37.500000000000007 0 22.500000000000004 11.500000000000002 14.000000000000002 1 52.500000000000007 7.5000000000000009 2 3 19.500000000000004 17.500000000000004 4 21.250000000000004 18.500000000000004 5 6 7 23.500000000000004 8 19.500000000000004 14.000000000000002 9 12.000000000000002 26.250000000000004 10 21.250000000000004 11 26.250000000000004
decision_type=2 2 9 2 2 2 9 2 2 9 9 2 2 9 2 2 9 9 9 2 9 2 2 9 2 2 9 2 9 2
left_child=2 3 9 15 8 24 21 12 17 14 -10 18 26 25 -1 16 -2 -4 -8 -20 -14 23 -15 29 -6 -7 -3 -21 -17 -5
right_child=1 7 4 6 5 13 11 -9 10 -11 -12 -13 20 22 -16 28 -18 -19 19 27 -22 -23 -24 -25 -26 -27 -28 -29 -30 -31
leaf_value=-0.36575623433664756 0.24018923231155151 0.60162500508735384 -0.30651322515549034 0.15087611203447829 -0.39067663701672456 -0.16277484123684616 0.49885197294007605 1.3034236737453975 -0.08441619743291523 -0.36575623433664756 0.20613215942494137 0.0418419423459147 0.42180049645750056 -0.23543928602912667 -0.20341763668039745 -0.24141050487548998 -0.0027188702950818214 -0.079294402558810623 0.31036243184643325 0.17195272188796995 0.11994276746993666 -0.22012267880733641 -0.036707249217947345 -0.017800526951802988 -0.20068632511796017 -0.032520837397630585 0.43293559090465011 0.24612658125181108 -0.085478764268387408 0.24563490931121895
leaf_weight=23426 2535 21580 7638 9406 9900 10838 7171 26140 10441 56842 6130 4943 9334 3866 8363 3006 22906 3242 12742 20991 3579 1886 9336 4243 18448 1475 11392 6983 4246 5833
leaf_count=23426 2535 21580 7638 9406 9900 10838 7171 26140 10441 56842 6130 4943 9334 3866 8363 3006 22906 3242 12742 20991 3579 1886 9336 4243 18448 1475 11392 6983 4246 5833
internal_value=-0.00433797 0.0222177 -0.0322954 0.0119641 -0.0199105 -0.0263678 0.0182323 0.0374349 -0.00724746 -0.0436508 0.00020216 0.0225095 0.0329726 -0.0164433 -0.0368738 -0.00226195 0.00114186 -0.0185938 0.0244419 0.0224525 0.0228336 0.00764337 -0.00830306 0.00973206 -0.0353006 -0.025144 0.0369435 0.0187996 -0.014203 0.0132304
internal_weight=348861 178916 169945 106891 81314 53863 74198 72025 27451 88631 16571 52830 45885 25515 31789 32693 25441 10880 47887 40716 12913 21368 13202 19482 28348 12313 32972 27974 7252 15239
internal_count=348861 178916 169945 106891 81314 53863 74198 72025 27451 88631 16571 52830 45885 25515 31789 32693 25441 10880 47887 40716 12913 21368 13202 19482 28348 12313 32972 27974 7252 15239
cat_boundaries=0 3 5 7 9 11 14 16 18 21 23 26 28
cat_threshold=2332082322 3495954176 2 1628717376 3005355410 16793600 2098432 874250560 50475026 538181632 50417826 70660 2281982025 5 613941248 688083090 33567744 1067072 344470788 1845320 5 1610891328 570556560 13316 135546969 5 555041808 723600808
is_linear=0
shrinkage=0.05


Tree=15
num_leaves=31
num_cat=13
split_feature=0 2 17 0 6 3 17 17 17 6 5 17 3 17 6 5 6 17 17 5 17 17 5 17 17 5 5 5 17 2
split_gain=98810.8 11652.1 9355.23 3500.6 1992.76 2195.42 1067.17 907.174 786.732 763.775 717.695 715.839 701.091 700.796 648.846 555.668 473.273 391.924 345.722 341.683 374.929 334.3 317.869 314.161 294.728 290.231 263.442 258.294 247.61 241.587
threshold=17.500000000000004 37.500000000000007 0 27.500000000000004 12.500000000000002 14.000000000000002 1 2 3 18.500000000000004 23.750000000000004 4 22.500000000000004 5 17.500000000000004 10.750000000000002 11.500000000000002 6 7 21.250000000000004 8 9 26.250000000000004 10 11 12.750000000000002 16.250000000000004 21.250000000000004 12 57.500000000000007
decision_type=2 2 9 2 2 2 9 9 9 2 2 9 2 9 2 2 2 9 9 2 9 9 2 9 9 2 2 2 9 2
left_child=2 3 7 8 11 25 29 10 16 13 -1 -4 17 -5 27 23 -2 -7 -16 -10 -21 -11 -15 -13 -17 -6 -18 -8 -29 -3
right_child=1 6 4 9 5 12 14 -9 19 21 -12 15 -14 22 18 24 26 -19 -20 20 -22 -23 -24 -25 -26 -27 -28 28 -30 -31
leaf_value=-0.3474684226198152 0.24931823028502384 0.61830343569549562 0.059169757657914351 0.28184463243430119 -0.37114280516588832 -0.13799025625161274 0.3917192462031327 -0.3474684226198152 -0.011443744329644012 0.22073090877578094 -0.17181237984637765 -0.38580197717381631 -0.0055680154385466807 0.13673096606510357 0.39116273014227976 0.018033114102250281 -0.0074092100307261433 -0.11826284069371731 0.12515074606712578 0.14178140606166087 -0.0096488879326713586 -0.01313702070659737 0.2381276410652137 -0.17506605235831679 -0.11762804260571968 -0.18366036614456666 0.086685414006120981 0.64810647949789058 0.36960428367471715 1.6066293127702307
leaf_weight=24080 5862 16877 6785 29092 10155 10810 10032 56804 19546 2650 7680 2179 6235 8426 6185 4527 7280 7665 3960 4751 10697 5303 7070 7955 8124 15752 6594 15314 5041 15430
leaf_count=24080 5862 16877 6785 29092 10155 10810 10032 56804 19546 2650 7680 2179 6235 8426 6185 4527 7280 7665 3960 4751 10697 5303 7070 7955 8124 15752 6594 15314 5041 15430
internal_value=-0.004608 0.0211493 -0.0320991 0.0106697 -0.0197183 -0.0257453 0.0365827 -0.0433016 0.00181984 0.0198883 -0.0364747 -0.00940818 -0.015083 0.0224343 0.031143 -0.0136499 0.00979945 -0.0199756 0.0202021 -0.00268255 0.00287416 0.00561423 0.013814 -0.0223801 -0.00666746 -0.035915 0.00477152 0.034806 0.0380423 0.0433843
internal_weight=348861 180110 168751 107271 80187 50617 72839 88564 54730 52541 31760 29570 24710 44588 40532 22785 19736 18475 10145 34994 15448 7953 15496 10134 12651 25907 13874 30387 20355 32307
internal_count=348861 180110 168751 107271 80187 50617 72839 88564 54730 52541 31760 29570 24710 44588 40532 22785 19736 18475 10145 34994 15448 7953 15496 10134 12651 25907 13874 30387 20355 32307
cat_boundaries=0 3 5 7 10 13 16 19 22 24 26 28 30 33
cat_threshold=2332082322 3495954176 2 12288 1312832 16793600 2098432 344011796 201656425 13 1342248004 201590889 13 444675092 203245641 13 538182656 587288739 8 344458244 532632 5 1107820864 680080 302526484 796736 524288 536936450 612368640 33710208 336135172 134299657 13
is_linear=0
shrinkage=0.05


Tree=16
num_leaves=31
num_cat=13
split_feature=1 3 0 17 0 17 6 17 0 6 6 17 17 6 17 6 17 5 5 8 5 17 3 17 5 17 17 6 17 17
split_gain=92132 11276.5 9278.25 4658.92 3656.04 2620.55 1609.74 1339.11 1094.52 799.944 716.724 702.067 663.829 531.981 511.352 507.552 477.685 438.869 404.609 396.707 368.96 357.305 340.973 335.037 326.387 323.112 314.99 286.658 281.186 274.005
threshold=17.500000000000004 37.500000000000007 14.000000000000002 0 27.500000000000004 1 11.500000000000002 2 47.500000000000007 11.500000000000002 18.500000000000004 3 4 19.500000000000004 5 18.500000000000004 6 21.250000000000004 8.7500000000000018 23.500000000000004 26.250000000000004 7 14.000000000000002 8 23.750000000000004 9 10 10.500000000000002 11 12
decision_type=2 2 2 9 2 9 2 9 2 2 2 9 9 2 9 2 9 2 2 2 2 9 2 9 2 9 9 2 9 9
left_child=2 4 3 16 11 24 12 -7 10 -6 -3 15 -5 22 -11 29 17 -1 26 28 21 -16 -8 -10 27 -12 -14 -4 -13 -2
right_child=1 8 5 6 9 7 13 -9 23 14 25 19 18 -15 20 -17 -18 -19 -20 -21 -22 -23 -24 -25 -26 -27 -28 -29 -30 -31
leaf_value=-0.33009500148882442 0.29764272258828584 0.47216266689043246 -0.1028122654754336 -0.28243426127980004 0.37891342619674884 0.0016152141557071787 -0.21347729600542614 -0.023202109507158578 1.276297847131719 0.24148815038763535 0.40289513759735041 0.1059764395520217 -0.25472861441915973 -0.35258566490759391 0.15678982201376235 -0.055750976581631667 -0.33009500148882442 -0.16322176085405876 0.017444278845529484 -0.020515461754992262 0.22144678179239749 -0.045623583142469573 -0.17779948891019562 0.59846355228232573 -0.081511545209527192 0.11231584800858574 -0.068045649308829503 -0.13739412303997708 -0.011229552882432792 0.062565114194331528
leaf_weight=19827 3851 31680 2591 7674 13291 2972 17156 18812 21735 16422 2629 5537 2656 12172 10077 4701 51503 4152 5780 19055 7933 4976 5463 11474 6604 4507 2789 9794 6964 14084
leaf_count=19827 3851 31680 2591 7674 13291 2972 17156 18812 21735 16422 2629 5537 2656 12172 10077 4701 51503 4152 5780 19055 7933 4976 5463 11474 6604 4507 2789 9794 6964 14084
internal_value=-0.00430042 0.0207421 -0.0306649 -0.0372287 0.0104382 -0.0098705 -0.0259516 0.00196843 0.036034 0.0198154 0.0303329 0.00131938 -0.0142097 -0.0323374 0.0162378 0.00803674 -0.0452406 -0.0393076 -0.0064397 -0.0035006 0.0114063 0.0068126 -0.0278018 0.0426978 -0.0234407 0.0160174 -0.0162259 -0.0282398 0.00341973 0.0118734
internal_weight=348861 178916 169945 129172 106891 40773 53690 21784 72025 52699 38816 54192 18899 34791 39408 22636 75482 23979 11225 31556 22986 15053 22619 33209 18989 7136 5445 12385 12501 17935
internal_count=348861 178916 169945 129172 106891 40773 53690 21784 72025 52699 38816 54192 18899 34791 39408 22636 75482 23979 11225 31556 22986 15053 22619 33209 18989 7136 5445 12385 12501 17935
cat_boundaries=0 3 6 9 12 14 17 19 22 24 27 30 32 35
cat_threshold=2332082322 3493857024 2 18104320 589305250 2 2315355136 2147485761 1 881406996 201590985 13 537395200 555810946 445133840 1902665 1 16793616 1280 604045316 134234272 12 12292 1329152 268443652 1312768 4 76546048 167923712 8 1107558720 663600 78848 134219849 5
is_linear=0
shrinkage=0.05


Tree=17
num_leaves=31
num_cat=9
split_feature=0 2 2 17 0 17 6 3 6 3 17 17 0 3 6 17 6 17 3 6 6 17 6 5 5 17 5 17 5 5
split_gain=87588.6 10888 8816.95 4861.75 3226.81 1962.01 1865.62 1147.6 724.822 724.229 711.779 683.527 671.125 601.567 537.051 521.557 461.789 430.698 422.661 418.765 372.042 369.652 369.123 313.717 310.833 308.121 304.428 303.329 301.216 295.604
threshold=17.500000000000004 37.500000000000007 11.500000000000002 0 27.500000000000004 1 11.500000000000002 52.500000000000007 11.500000000000002 22.500000000000004 2 3 14.000000000000002 22.500000000000004 19.500000000000004 4 19.500000000000004 5 22.500000000000004 10.500000000000002 15.500000000000002 6 19.500000000000004 21.250000000000004 6.2500000000000009 7 21.250000000000004 8 13.500000000000002 21.250000000000004
decision_type=2 2 2 9 2 9 2 2 2 2 9 9 2 2 2 9 2 9 2 2 2 9 2 2 2 9 2 9 2 2
left_child=2 4 3 12 10 15 11 14 25 19 20 28 21 -10 17 -4 -8 -3 -12 -7 -2 29 -15 -20 27 -6 -19 -13 -5 -1
right_child=1 7 5 6 8 9 16 -9 13 -11 18 24 -14 22 -16 -17 -18 26 23 -21 -22 -23 -24 -25 -26 -27 -28 -29 -30 -31
leaf_value=-0.31359025141438313 0.22819454603816533 0.50860840088918724 0.0015344534479218019 -0.3397232884248344 0.19692677871662065 -0.0098296833527476771 -0.18636499129166043 1.0813875621359903 0.043269139763921598 0.0046570774649544516 -0.010353848980695447 -0.28092115331070255 -0.060087103731277305 0.21037444270277758 0.17563827806823992 0.023469323941814491 -0.33495638166221425 0.21598182556603371 -0.0027375128578926325 -0.098879026449631452 0.0036297473491593737 -0.31359025141438313 0.03554262129026782 0.095919711829310653 -0.001032708081456235 0.42225712502383655 0.4332801765637932 -0.064643366843388075 -0.17089798601351547 -0.15506067281135583
leaf_weight=19142 7504 21804 2075 3343 4608 3359 21406 27403 7237 5807 25811 2816 1526 28596 4092 5932 10481 5788 8161 24320 5587 51162 3600 7667 7674 8500 13752 2906 3286 3516
leaf_count=19142 7504 21804 2075 3343 4608 3359 21406 27403 7237 5807 25811 2816 1526 28596 4092 5932 10481 5788 8161 24320 5587 51162 3600 7667 7674 8500 13752 2906 3286 3516
internal_value=-0.00447986 0.0197707 -0.0303628 -0.0368888 0.00964054 -0.0103475 -0.0250973 0.0346895 0.0184913 -0.0156616 0.0011438 -0.0131411 -0.0450037 0.0151054 0.0298156 0.011881 -0.0326136 0.0315257 -0.00205407 -0.0190343 0.0113083 -0.0456882 0.0180333 0.00437832 -0.0066239 0.0286771 0.0260716 -0.0154491 -0.0262615 -0.0402418
internal_weight=348861 180110 168751 127258 107271 41493 51912 72839 52541 33486 54730 20025 75346 39433 45436 8007 31887 41344 41639 27679 13091 73820 32196 15828 13396 13108 19540 5722 6629 22658
internal_count=348861 180110 168751 127258 107271 41493 51912 72839 52541 33486 54730 20025 75346 39433 45436 8007 31887 41344 41639 27679 13091 73820 32196 15828 13396 13108 19540 5722 6629 22658
cat_boundaries=0 3 6 9 11 14 17 19 21 23
cat_threshold=2332082322 3493857024 2 2659816452 2282498121 5 276902932 134547529 13 268959744 555810818 2315288576 2147485697 1 13316 1329224 4 16793616 1280 882655552 151662736 613416960 167923840
is_linear=0
shrinkage=0.05


Tree=18
num_leaves=31
num_cat=12
split_feature=0 1 2 17 0 17 6 17 17 3 0 6 17 17 6 17 6 3 6 17 17 8 17 6 17 5 5 0 0 17
split_gain=84138.8 10207.9 8660.19 5204.87 2720.5 1948.69 1931.22 1325.66 791.09 718.045 676.223 658.315 630.281 599.142 585.619 522.771 502.795 433.606 414.57 399.697 386.281 380.545 370.96 358.055 314.612 343.297 314.611 313.538 302.817 299.399
threshold=17.500000000000004 37.500000000000007 11.500000000000002 0 27.500000000000004 1 11.500000000000002 2 3 22.500000000000004 14.000000000000002 19.500000000000004 4 5 17.500000000000004 6 19.500000000000004 22.500000000000004 10.500000000000002 7 8 23.500000000000004 9 15.500000000000002 10 21.250000000000004 21.250000000000004 62.500000000000007 7.5000000000000009 11
decision_type=2 2 2 9 2 9 2 9 9 2 2 2 9 9 2 9 2 2 2 9 9 2 9 2 9 2 2 2 2 9
left_child=2 4 3 10 8 15 12 27 23 18 22 13 28 -6 24 -4 19 -10 -7 -8 -16 29 -1 -2 25 -9 -19 -3 -5 -15
right_child=1 7 5 6 11 9 16 14 17 -11 -12 -13 -14 21 20 -17 -18 26 -20 -21 -22 -23 -24 -25 -26 -27 -28 -29 -30 -31
leaf_value=-0.29791073884366404 0.22987766768662254 0.56147317413907272 0.0014577307755256896 -0.32273712400359272 0.30568914723384782 -0.0093381991851102519 -0.085855297761025018 0.35495564633251431 -0.0098361565316606569 0.0044242235917066886 -0.057082748544713451 -0.0059781367823626757 -0.067396958351157818 0.23983061097598962 0.33496450775217179 0.022295857744723781 -0.31820856257910352 -0.0026006372149980808 -0.093935075127149936 -0.18917154372185171 0.064874782350357665 0.10526035749549756 -0.29791073884366404 0.0088796710458900925 0.2884535845350662 0.56322194066146458 0.10704007644253438 1.6584135766683339 -0.090191788914281548 0.12099675742535664
leaf_weight=22658 8024 20010 2075 6124 19565 3359 2255 9334 25801 5807 1526 4507 10867 8186 6063 5932 10481 8380 24320 19151 3859 14384 51162 6107 7079 15043 8102 12525 3034 3141
leaf_count=22658 8024 20010 2075 6124 19565 3359 2255 9334 25801 5807 1526 4507 10867 8186 6063 5932 10481 8380 24320 19151 3859 14384 51162 6107 7079 15043 8102 12525 3034 3141
internal_value=-0.00476537 0.0190028 -0.0301335 -0.0366012 0.00907229 -0.0102969 -0.024402 0.0332709 0.00155458 -0.0155929 -0.0449971 0.0175913 -0.0122372 0.0194054 0.027305 0.0118561 -0.0320491 -0.0018691 -0.0189512 -0.0276558 0.0167204 0.0143676 -0.0456841 0.011792 0.0306523 0.03336 0.00446548 0.0408373 -0.0218914 0.021228
internal_weight=348861 180110 168751 127258 106197 41493 51912 73913 56414 33486 75346 49783 20025 45276 41378 8007 31887 42283 27679 21406 9922 25711 73820 14131 31456 24377 16482 32535 9158 11327
internal_count=348861 180110 168751 127258 106197 41493 51912 73913 56414 33486 75346 49783 20025 45276 41378 8007 31887 42283 27679 21406 9922 25711 73820 14131 31456 24377 16482 32535 9158 11327
cat_boundaries=0 3 6 8 11 13 16 19 21 24 26 29 32
cat_threshold=2332082322 3493857024 2 2659816452 2282498121 5 12288 1312832 276902932 134547529 13 806879232 555810946 436286480 68503625 5 2315288576 2147485697 1 76087552 67117072 344458244 524312 5 16793616 1280 335610884 134299657 13 76021828 671752240 8
is_linear=0
shrinkage=0.05


Tree=19
num_leaves=31
num_cat=14
split_feature=0 1 2 17 0 6 17 17 17 3 0 17 6 17 5 17 6 0 6 17 8 17 17 17 6 17 5 5 17 17
split_gain=82192.9 9287.89 8721.2 5322.02 2353.07 1973.03 1899.82 1382.3 892.433 693.838 678.152 650.783 631.363 639.444 536.741 526.424 493.663 450.087 433.708 409.018 403.024 396.266 376.655 358.363 324.255 407.686 312.906 291.84 281.271 270.861
threshold=17.500000000000004 37.500000000000007 11.500000000000002 0 27.500000000000004 11.500000000000002 1 2 3 22.500000000000004 14.000000000000002 4 17.500000000000004 5 26.250000000000004 6 19.500000000000004 62.500000000000007 11.500000000000002 7 23.500000000000004 8 9 10 19.500000000000004 11 21.250000000000004 6.2500000000000009 12 13
decision_type=2 2 2 9 2 2 9 9 9 2 2 9 2 9 2 9 2 2 2 9 2 9 9 9 2 9 2 2 9 9
left_child=2 4 3 10 8 11 15 17 -2 18 22 27 13 -6 -9 -4 19 -3 -8 -7 -15 -14 26 -22 25 -10 -1 -5 -16 -20
right_child=1 7 6 5 12 16 9 14 24 -11 -12 -13 21 20 28 -17 -18 -19 29 -21 23 -23 -24 -25 -26 -27 -28 -29 -30 -31
leaf_value=-0.28301520190148083 0.089586238107927055 0.52821985444081465 0.0013848442367494053 -0.31926714462971417 0.41596147890187418 -0.081562532872973756 -0.071880773652438459 0.27579922753658936 -0.015715685917522215 0.0042030124121213317 -0.054228611117477857 -0.065448428661490796 0.17166992553602434 0.24250019112432675 0.53474882945577595 0.021181064857487632 -0.3022981344501483 1.5754928978349172 -0.10154888810483449 -0.17971296653575913 -0.062244786065114258 -0.0052787126882163811 -0.28301520190148083 0.14916574495325499 -0.19998971991027689 0.011840072160259042 -0.13241210222860486 -0.16540857262424113 0.24458323696977377 -0.078858872076416731
leaf_weight=19142 15882 22469 2075 2153 7756 2255 5312 21901 11639 5807 1526 11426 4707 11785 12643 5932 10481 13608 9845 19151 2443 7208 51162 15884 4180 24713 3516 6446 3292 12522
leaf_count=19142 15882 22469 2075 2153 7756 2255 5312 21901 11639 5807 1526 11426 4707 11785 12643 5932 10481 13608 9845 19151 2443 7208 51162 15884 4180 24713 3516 6446 3292 12522
internal_value=-0.00492531 0.0185664 -0.0299983 -0.0364889 0.00909395 -0.0241535 -0.0100921 0.0321763 0.00210232 -0.0153212 -0.0449785 -0.0118577 0.0170169 0.0201753 0.0254716 0.0117812 -0.0318829 0.03919 -0.0186224 -0.0275297 0.0168581 0.0069786 -0.0456665 0.0122251 -0.00183513 -0.000319102 -0.0401712 -0.0222384 0.03246 -0.0216726
internal_weight=348861 180110 168751 127258 106197 51912 41493 73913 56414 33486 75346 20025 49783 37868 37836 8007 31887 36077 27679 21406 30112 11915 73820 18327 40532 36352 22658 8599 15935 22367
internal_count=348861 180110 168751 127258 106197 51912 41493 73913 56414 33486 75346 20025 49783 37868 37836 8007 31887 36077 27679 21406 30112 11915 73820 18327 40532 36352 22658 8599 15935 22367
cat_boundaries=0 3 6 8 11 13 15 18 20 23 25 27 30 33 35
cat_threshold=2332082322 3493857024 2 2659816452 2282498121 5 12288 1329216 8500244 134490185 13 806879232 555810818 167777296 1132617 2315288576 2147485697 1 76087552 67117072 379068436 1845320 1 16793616 1280 18612544 553660434 51658752 2435323136 2 344523780 134414345 13 1627390288 874643472
is_linear=0
shrinkage=0.05


Tree=20
num_leaves=31
num_cat=14
split_feature=1 0 0 17 17 3 3 6 17 6 17 17 6 6 17 17 17 5 17 6 17 3 17 17 6 17 8 17 6 6
split_gain=78470.4 9291.28 8952.84 5796.9 2365.71 2038.56 2006.32 1605.84 938.876 931.167 897.945 739.408 733.657 585.188 586.144 564.035 486.274 460.412 434.344 433.126 457.264 452.321 425.826 381.081 345.635 331.466 322.182 352.116 318.497 315.129
threshold=17.500000000000004 11.500000000000002 32.500000000000007 0 1 47.500000000000007 27.500000000000004 19.500000000000004 2 11.500000000000002 3 4 19.500000000000004 17.500000000000004 5 6 7 21.250000000000004 8 11.500000000000002 9 14.000000000000002 10 11 19.500000000000004 12 23.500000000000004 13 18.500000000000004 10.500000000000002
decision_type=2 2 2 9 9 2 2 2 9 2 9 9 2 2 9 9 9 2 9 2 9 2 9 9 2 9 2 9 2 2
left_child=1 3 6 16 15 13 9 10 29 11 -5 -2 18 14 26 -3 17 -1 -8 20 -12 -21 -15 -7 -11 -26 -4 -28 -25 -6
right_child=2 4 5 7 8 23 12 -9 -10 24 19 -13 -14 22 -16 -17 -18 -19 -20 21 -22 -23 -24 28 25 -27 27 -29 -30 -31
leaf_value=-0.26886444180640678 0.26422141386723602 0.0013156020249119216 0.49120108267223606 -0.070409647323553773 -0.072744692938111297 1.2467182529431711 0.34251141392005524 -0.28718322772764093 -0.064419488885575235 -0.0016848210583720658 -0.29832983917220102 0.0071523100707187488 -0.036526456055264056 -0.0025731355145148351 0.21583093130394959 0.060480184074520695 -0.26886444180640678 -0.12579149711717461 0.13362111066029722 -0.17679311342835335 -0.11473192557796948 -0.15686022602514102 0.24368911914833832 0.54541459992998542 0.059899966404732566 -0.23211154795124661 0.41161663693636363 0.22138149544039332 0.28231307060853866 -0.073010503225377305
leaf_weight=19827 5131 2702 10910 8510 2933 17325 8254 11555 19013 33237 4632 7980 4004 3950 12856 4616 51503 4152 20317 15571 7902 4279 9666 14682 1122 5165 11323 10165 2829 12750
leaf_count=19827 5131 2702 10910 8510 2933 17325 8254 11555 19013 33237 4632 7980 4004 3950 12856 4616 51503 4152 20317 15571 7902 4279 9666 14682 1122 5165 11323 10165 2829 12750
internal_value=-0.00531143 -0.0296428 0.0178 -0.0363426 -0.00924216 0.0284656 0.00607088 -0.0235584 -0.0146891 3.51477e-05 -0.0189123 0.0115819 0.0158235 0.0227926 0.025527 0.0165802 -0.0452167 -0.0392326 0.0186325 -0.0227079 -0.015438 -0.0273098 0.0137045 0.0380526 -0.00379516 -0.0145459 0.0291163 0.0255724 0.0327521 -0.0237463
internal_weight=348861 169945 178916 127931 42014 93706 85210 52449 34696 52635 40894 13111 32575 58870 45254 7318 75482 23979 28571 32384 12534 19850 13616 34836 39524 6287 32398 21488 17511 15683
internal_count=348861 169945 178916 127931 42014 93706 85210 52449 34696 52635 40894 13111 32575 58870 45254 7318 75482 23979 28571 32384 12534 19850 13616 34836 39524 6287 32398 21488 17511 15683
cat_boundaries=0 3 6 9 12 15 18 21 23 26 28 31 33 36 38
cat_threshold=2332082322 3493857024 2 2390856708 2282571849 5 1310720 50337058 8 76092676 67133529 5 1073812484 738281577 13 536949764 135612537 13 2315355136 2147485760 1 16793616 1280 436286464 1312969 1 0 539033602 1627734336 704856449 8 8192 1312768 301994004 2148016128 1 12288 1394753
is_linear=0
shrinkage=0.05


Tree=21
num_leaves=31
num_cat=13
split_feature=0 17 1 0 0 6 17 3 17 3 6 0 17 6 17 3 5 6 17 17 17 5 6 17 17 6 5 17 17 17
split_gain=76475.1 9099.05 8408.53 4702.23 2346.59 2247.34 1623.04 1389.23 1268.22 881.843 831.411 778.479 762.208 617.981 615.878 560.616 550.879 506.896 489.03 480.828 476.474 473.752 432.031 375.459 334.764 321.828 293.116 292.184 279.769 277.137
threshold=17.500000000000004 0 37.500000000000007 14.000000000000002 27.500000000000004 18.500000000000004 1 57.500000000000007 2 17.500000000000004 11.500000000000002 14.000000000000002 3 11.500000000000002 4 22.500000000000004 23.750000000000004 17.500000000000004 5 6 7 6.2500000000000009 11.500000000000002 8 9 19.500000000000004 21.250000000000004 10 11 12
decision_type=2 9 2 2 2 2 9 2 9 2 2 2 9 2 9 2 2 2 9 9 9 2 2 9 9 2 2 9 9 9
left_child=1 3 4 12 14 8 -5 17 -3 10 21 23 16 28 22 -15 -1 19 -13 -4 -19 27 -2 -7 -12 -17 -24 -10 -6 -23
right_child=2 5 7 6 13 11 -8 -9 9 -11 24 18 -14 15 -16 25 -18 20 -20 -21 -22 29 26 -25 -26 -27 -28 -29 -30 -31
leaf_value=-0.25542121971608645 0.2150554804415119 0.019716625684143452 0.42918226092320344 0.0012498219236663389 0.34992616038692897 -0.18250297333871812 -0.060201794105122275 1.0910093064459176 -0.049032332871687873 -0.00057791076068269831 -0.093250469255313995 -0.21314720461015935 -0.25542121971608645 -0.011392097100213406 -0.0043705370529558253 0.16905812492960789 -0.17985412077365626 0.3074184525359196 -0.063310635778397642 0.25965937521047738 0.015732550585698314 0.011882968298552933 0.00020168797729169796 -0.27282406634125883 -0.11345043890474101 0.021165811236404333 0.15095495587583196 -0.28838729543961839 0.16564204753008696 -0.09841635974524171
leaf_weight=21904 6090 11949 29684 1743 7101 3838 5795 20785 1309 7245 5960 2657 54032 6357 35330 27823 5090 9904 3882 10103 3437 4414 12266 11539 16525 3604 2728 3362 4898 7507
leaf_count=21904 6090 11949 29684 1743 7101 3838 5795 20785 1309 7245 5960 2657 54032 6357 35330 27823 5090 9904 3882 10103 3437 4414 12266 11539 16525 3604 2728 3362 4898 7507
internal_value=-0.00554648 -0.0297317 0.0171134 -0.0407795 0.00810051 -0.0175225 -0.00301141 0.030063 -0.0123912 -0.0161357 -0.0191097 -0.0311736 -0.0442981 0.0160125 0.00111852 0.0128732 -0.0373574 0.0257755 -0.0167227 0.0286036 0.0173413 -0.0106196 0.00787902 -0.0373187 -0.0253747 0.0156124 0.00332133 -0.0241169 0.025898 -0.00533093
internal_weight=348861 168751 180110 88564 106197 80187 7538 73913 58271 46322 39077 21916 81026 49783 56414 37784 26994 53128 6539 39787 13341 16592 21084 15377 22485 31427 14994 4671 11999 11921
internal_count=348861 168751 180110 88564 106197 80187 7538 73913 58271 46322 39077 21916 81026 49783 56414 37784 26994 53128 6539 39787 13341 16592 21084 15377 22485 31427 14994 4671 11999 11921
cat_boundaries=0 3 5 8 10 13 15 18 21 24 26 28 31 33
cat_threshold=2332082322 3495954176 2 2315288576 2147483648 335615236 135030857 13 16793600 2098432 378090516 201656393 13 1310720 587272354 13316 135612489 13 277361668 1837160 5 1342181636 17440776 4 545783872 67174418 1074004032 67108912 1073820676 638666825 13 1619525632 100663456
is_linear=0
shrinkage=0.05


Tree=22
num_leaves=31
num_cat=13
split_feature=0 17 3 17 6 17 5 6 5 6 17 17 17 0 17 17 5 5 17 5 8 6 3 17 8 8 17 6 17 17
split_gain=56476.4 24048.9 6260.43 4235.47 2410.48 2022.4 1580.51 1147.51 1121.64 1110.67 961.544 812.594 726.799 632.916 583.965 562.699 538.474 535.593 469.385 407.894 386.725 349.548 311.57 286.915 273.218 269.362 260.93 258.567 243.994 226.187
threshold=7.5000000000000009 0 17.500000000000004 1 17.500000000000004 2 26.250000000000004 10.500000000000002 18.750000000000004 13.500000000000002 3 4 5 22.500000000000004 6 7 16.250000000000004 21.250000000000004 8 18.750000000000004 23.500000000000004 11.500000000000002 27.500000000000004 9 23.500000000000004 23.500000000000004 10 19.500000000000004 11 12
decision_type=2 9 2 9 2 9 2 2 2 2 9 9 9 2 9 9 2 2 9 2 2 2 2 9 2 2 9 2 9 9
left_child=5 3 7 11 8 15 13 23 18 28 -9 20 22 27 -8 -1 -14 -12 -5 -17 -2 -15 -6 -3 -20 -10 -27 -4 -7 -23
right_child=1 2 6 4 12 9 14 10 25 -11 17 -13 16 21 -16 19 -18 -19 24 -21 -22 29 -24 -25 -26 26 -28 -29 -30 -31
leaf_value=-0.24265015873028206 0.87983187497371673 0.16349528751741449 -0.0041520102003079987 0.27090562863651119 -0.20324427306230375 -0.25390015873028199 0.24958218009859118 -0.084483283926632069 0.42997692336692062 -0.30882931770193001 -0.10777791695950399 0.0073498412697179383 0.0073498412697179383 0.12543518109900323 0.072208554343347414 -0.24265015873028206 0.19514986978121016 -0.07220690661036358 0.28364050948041941 -0.24265015873028206 0.32592277496471472 0.0745330242862762 -0.026132829336028254 -0.0090675368589812066 0.035819808533494604 0.43026370721397289 0.20891973702378019 -0.15740638226007891 -0.13035358063026622 -0.055010261124448158
leaf_weight=21994 11215 2605 20409 11211 1922 3702 11688 22578 18311 9468 22588 15982 8512 6147 10455 25048 9350 8709 1875 13735 19314 14077 4483 9884 8837 5448 12631 3770 7437 5476
leaf_count=21994 11215 2605 20409 11211 1922 3702 11688 22578 18311 9468 22588 15982 8512 6147 10455 25048 9350 8709 1875 13735 19314 14077 4483 9884 8837 5448 12631 3770 7437 5476
internal_value=-0.00113441 0.00996254 -0.00451819 0.0254843 0.0186814 -0.0376057 0.00568993 -0.0155973 0.0241944 -0.0240263 -0.0187629 0.0375562 0.00544155 0.000754827 0.0168067 -0.042199 0.01062 -0.024437 0.0152602 -0.0385237 0.0327336 0.0062179 -0.00900234 -0.00194171 0.00775042 0.0295768 0.0252475 -0.0050519 -0.013336 0.0029484
internal_weight=348861 267477 138386 129091 82580 81384 72022 66364 58313 20607 53875 46511 24267 49879 22143 60777 17862 31297 21923 38783 30529 25700 6405 12489 10712 36390 18079 24179 11139 19553
internal_count=348861 267477 138386 129091 82580 81384 72022 66364 58313 20607 53875 46511 24267 49879 22143 60777 17862 31297 21923 38783 30529 25700 6405 12489 10712 36390 18079 24179 11139 19553
cat_boundaries=0 3 5 8 10 12 14 16 18 21 23 26 28 30
cat_threshold=2583802886 2551532105 15 2315296770 2148796992 2332082322 4116709634 2 1149763856 604644624 8192 2147747904 65536 134299649 1149763648 67772592 33587330 1077936128 70656 81929 2 1073758208 604635296 4096 81921 2 1048576 134419456 612892752 663728
is_linear=0
shrinkage=0.05


Tree=23
num_leaves=31
num_cat=13
split_feature=17 0 17 0 2 17 5 17 17 0 17 6 6 6 17 5 17 6 6 0 6 3 8 17 5 8 17 17 17 17
split_gain=52484.2 14125.9 8287.62 5895.76 3173.13 3834.91 1749.04 1426.39 1177.1 1073.48 1044.86 853.98 783.955 739.05 738.179 681.331 561.56 536.719 534.757 444.563 428.816 390.954 361.514 346.287 342.442 340.331 322.973 314.524 304.08 300.239
threshold=0 7.5000000000000009 1 22.500000000000004 17.500000000000004 2 21.250000000000004 3 4 11.500000000000002 5 18.500000000000004 11.500000000000002 11.500000000000002 6 21.250000000000004 7 18.500000000000004 16.500000000000004 7.5000000000000009 18.500000000000004 22.500000000000004 23.500000000000004 8 13.500000000000002 25.500000000000004 9 10 11 12
decision_type=9 2 9 2 2 9 2 9 9 2 9 2 2 2 9 2 9 2 2 2 2 2 2 9 2 2 9 9 9 9
left_child=2 7 10 9 5 -3 16 -2 -7 11 19 -4 14 -10 -9 -12 18 21 27 -1 26 -6 -11 -15 -16 -18 -8 -5 -24 -26
right_child=1 4 3 6 17 8 20 12 13 22 15 -13 -14 23 24 -17 25 -19 -20 -21 -22 -23 28 -25 29 -27 -28 -29 -30 -31
leaf_value=-0.23051765079376799 -0.23051765079376799 0.0069823492062320199 -0.12763618642916086 0.47963674605435946 -0.0036548862276049479 -0.065940421853954947 0.17015128399024562 -0.17731058530941307 -0.067335305346943389 0.15179850317316551 0.35328055329514929 -0.28583222218510368 -0.23051765079376799 -0.014163344090980702 -0.243017650793768 0.83584028122503085 0.11476049766648817 -0.12509990061981799 0.084821849240949737 0.0069823492062320199 0.14605485488560338 0.12071756199089433 -0.010499015918913557 -0.090230005480204156 -0.23051765079376799 -0.0051087043671193657 0.4249386589076547 0.17530802619038788 0.007646085398670799 -0.23051765079376799
leaf_weight=146 28617 2546 11135 2956 14345 24452 14164 5107 7732 5341 22392 4123 29932 4278 4517 11236 7752 7425 11216 13222 4219 16925 11992 24396 2328 8859 21816 15546 7933 2213
leaf_count=146 28617 2546 11135 2956 14345 24452 14164 5107 7732 5341 22392 4123 29932 4278 4517 11236 7752 7425 11216 13222 4219 16925 11992 24396 2328 8859 21816 15546 7933 2213
internal_value=-0.00223226 -0.0215827 0.0172035 0.0105657 -0.00958922 -0.0164753 0.0179375 -0.0384259 -0.0189903 -0.00517224 0.0351423 -0.0156443 -0.032751 -0.0246924 -0.0230674 0.030412 0.0113158 0.00169402 0.0154299 0.04701 0.025569 0.00456348 0.00115175 -0.0283985 -0.0316277 0.00394381 0.0273374 0.0206572 -0.00194479 -0.0219665
internal_weight=348861 174813 174048 127052 102099 63404 86528 72714 60858 40524 46996 15258 44097 36406 14165 33628 46329 38695 29718 13368 40199 31270 25266 28674 9058 16611 35980 18502 19925 4541
internal_count=348861 174813 174048 127052 102099 63404 86528 72714 60858 40524 46996 15258 44097 36406 14165 33628 46329 38695 29718 13368 40199 31270 25266 28674 9058 16611 35980 18502 19925 4541
cat_boundaries=0 3 5 6 9 11 13 15 18 21 23 25 27 29
cat_threshold=2492019716 203385433 13 2147495936 1313344 167804930 33587346 1077936128 2 1627406608 536872320 2147483648 1049088 1610875200 33559968 268502020 81929 5 0 2147483648 2 76021760 67772432 0 81920 76021760 67313680 17842176 805306368
is_linear=0
shrinkage=0.05


Tree=24
num_leaves=31
num_cat=15
split_feature=0 17 2 17 6 17 17 6 8 5 17 6 17 6 17 17 17 8 17 17 5 5 17 5 5 5 5 17 17 17
split_gain=49550.6 23235.3 5776.68 4527.6 2410.72 2182.49 1793.14 1449.15 1443.91 1246.56 1130.92 985.642 715.132 603.635 582.219 517.65 505.375 483.751 417.867 393.824 392.655 388.965 421.98 380.435 299.949 278.959 271.804 258.27 246.59 233.053
threshold=7.5000000000000009 0 17.500000000000004 1 18.500000000000004 2 3 11.500000000000002 23.500000000000004 26.250000000000004 4 11.500000000000002 5 11.500000000000002 6 7 8 24.500000000000004 9 10 21.250000000000004 18.750000000000004 11 18.750000000000004 16.250000000000004 18.750000000000004 6.2500000000000009 12 13 14
decision_type=2 9 2 9 2 9 9 2 2 2 9 2 9 2 9 9 9 2 9 9 2 2 9 2 2 2 2 9 9 9
left_child=5 3 6 16 8 19 29 15 27 13 23 -8 -6 28 -11 -7 -2 -18 -13 -1 -20 -15 -23 -10 -14 -21 -17 -5 -4 -3
right_child=1 2 9 4 12 7 11 -9 10 14 -12 18 24 21 -16 26 17 -19 20 25 -22 22 -24 -25 -26 -27 -28 -29 -30 -31
leaf_value=-0.21899176825407959 0.0066332317459203878 -0.00014976079463515648 0.18991879821042978 0.32323331675376576 -0.15101801930899061 -0.23866596715131047 -0.053572608260587275 -0.23221551459941098 0.007074948279382199 0.20947640660488639 0.28940882383621835 -0.01345517688643163 0.0036286857083727142 -0.072331011023542766 0.026065226933532061 -0.23233962152829718 1.0440482671637792 0.28510265486255443 -0.097877520837518536 -0.21899176825407959 -0.071071811907432017 0.039578812584572458 -0.052845286424924434 0.14970397470962515 0.20160253138490775 -0.21899176825407959 0.017017069857581026 0.48846749543540136 0.036999807085390128 -0.080056762021047417
leaf_weight=21994 13357 11621 4247 8466 3594 5538 8560 22041 9585 13006 30219 4278 8488 11222 8646 4906 7692 9566 19610 14010 6993 16200 9787 9132 6761 8290 4605 19180 6599 20668
leaf_count=21994 13357 11621 4247 8466 3594 5538 8560 22041 9585 13006 30219 4278 8488 11222 8646 4906 7692 9566 19610 14010 6993 16200 9787 9132 6761 8290 4605 19180 6599 20668
internal_value=-0.00216834 0.00822594 -0.00568588 0.0238358 0.0184634 -0.0363302 -0.0156476 -0.0273531 0.0224074 0.0045641 0.017247 -0.0227992 0.00244388 7.59546e-05 0.0145252 -0.0153997 0.0405698 0.0348332 -0.0269664 -0.0438313 -0.0245989 -0.00294956 0.00040982 0.00757462 0.00717282 -0.0390498 -0.0082922 0.0315416 0.0104555 -0.00690269
internal_weight=348861 267477 141437 126040 95425 81384 71730 37090 76582 69707 48936 39441 18843 48055 21652 15049 30615 17258 30881 44294 26603 37209 25987 18717 15249 22300 9511 27646 10846 32289
internal_count=348861 267477 141437 126040 95425 81384 71730 37090 76582 69707 48936 39441 18843 48055 21652 15049 30615 17258 30881 44294 26603 37209 25987 18717 15249 22300 9511 27646 10846 32289
cat_boundaries=0 3 5 8 10 13 15 17 19 21 24 26 28 31 33 35
cat_threshold=2592191494 135613001 13 2315288578 1313280 2315305106 3560964096 2 1158152464 873080080 276824068 134217728 12 65536 134299648 1141375056 638197936 17825792 555810818 2147483650 1049088 0 2147483648 2 33587330 1077936128 604504144 537534642 276824064 65537 8 1140850688 637665440 67633168 268968960
is_linear=0
shrinkage=0.05


Tree=25
num_leaves=31
num_cat=12
split_feature=17 0 17 0 2 17 5 17 17 0 6 6 17 6 17 6 17 0 8 17 0 3 17 0 5 5 17 6 17 6
split_gain=50689.1 12325.4 8440 5538.52 3406.61 1802.89 1727.78 1476.68 1030.66 1025.11 943.604 865.383 824.236 793.349 626.103 607.792 596.671 546.067 526.07 451.586 444.563 387.977 354.41 342.41 317.531 313.988 312.081 302.417 288.289 287.489
threshold=0 7.5000000000000009 1 22.500000000000004 17.500000000000004 2 21.250000000000004 3 4 11.500000000000002 11.500000000000002 18.500000000000004 5 11.500000000000002 6 16.500000000000004 7 22.500000000000004 23.500000000000004 8 7.5000000000000009 14.000000000000002 9 14.000000000000002 18.750000000000004 13.500000000000002 10 17.500000000000004 11 10.500000000000002
decision_type=9 2 9 2 2 9 2 9 9 2 2 2 9 2 9 2 9 2 2 9 2 2 9 2 2 2 9 2 9 2
left_child=2 7 8 9 5 -3 14 -2 20 11 22 28 23 16 29 26 -9 -6 -10 -8 -1 -14 -7 -12 -15 -18 -16 -21 -4 -5
right_child=1 4 3 6 17 10 19 13 18 -11 12 -13 21 24 15 -17 25 -19 -20 27 -22 -23 -24 -25 -26 -27 -28 -29 -30 -31
leaf_value=-0.2080421798413756 -0.2080421798413756 -0.013727881871882099 -0.23821928633396167 0.099826353979581228 -0.024338974132182934 0.006301570158624337 0.15932916594464752 -0.17461212581857188 0.97910127676996517 0.0017814399536591808 0.0014228427322708903 -0.24105619779987375 -0.094099530636804388 -0.2080421798413756 0.32389694175499106 0.068416612171549929 -0.21893346989651408 0.10597188519283574 0.33504099320639824 0.40306879310690286 0.006301570158624337 -0.059412034675855985 -0.069783173563169681 -0.16639606233082438 -0.2080421798413756 -0.2080421798413756 0.13004599347050069 0.2514566549898602 -0.049402898997558613 -0.0012367185975861617
leaf_weight=146 28617 7068 3110 3328 17450 4205 18646 4725 9708 28853 6526 4778 16391 19511 9896 13612 4517 17308 17473 19084 13222 14501 7840 3547 9802 4541 12415 6010 9586 12445
leaf_count=146 28617 7068 3110 3328 17450 4205 18646 4725 9708 28853 6526 4778 16391 19511 9896 13612 4517 17308 17473 19084 13222 14501 7840 3547 9802 4541 12415 6010 9586 12445
internal_value=-0.00272874 -0.0226685 0.0154874 0.00973211 -0.0108419 -0.0180499 0.0166185 -0.0383117 0.0356012 -0.00445205 -0.0148774 -0.0140094 -0.0184975 -0.0324317 0.0104302 0.0140748 -0.0225459 0.00161689 0.029975 0.0239323 0.04701 -0.0225455 -0.00257783 -0.00605475 -0.0370911 -0.0300507 0.0191587 0.0283222 -0.00718336 0.00211937
internal_weight=348861 166549 182312 141763 94836 60078 95436 71713 40549 46327 53010 17474 40965 43096 51696 35923 13783 34758 27181 43740 13368 30892 12045 10073 29313 9058 22311 25094 12696 15773
internal_count=348861 166549 182312 141763 94836 60078 95436 71713 40549 46327 53010 17474 40965 43096 51696 35923 13783 34758 27181 43740 13368 30892 12045 10073 29313 9058 22311 25094 12696 15773
cat_boundaries=0 3 5 8 11 13 15 18 20 22 24 26 29
cat_threshold=2492019972 203385433 13 2147491840 1313344 167804928 2147483648 2 33587346 1077936128 2 2147483648 1049088 16777234 268436736 76022016 67772432 8 1610874944 33559968 76022016 67837968 1610629138 805306784 5120 81928 0 196608 8
is_linear=0
shrinkage=0.05


Tree=26
num_leaves=31
num_cat=12
split_feature=17 0 17 0 2 17 5 17 17 0 6 6 6 17 17 17 6 6 3 17 0 17 5 1 0 5 5 6 17 17
split_gain=48514.2 12532.4 8070.65 5147.21 3184.35 1813.54 1636.4 1510.03 1120.53 1002.73 976.145 844.309 792.201 775.153 605.551 571.363 588.162 535.176 513.1 485.065 438.909 427.758 413.588 400.738 327.57 325.176 318.166 304.651 300.734 285.472
threshold=0 7.5000000000000009 1 22.500000000000004 17.500000000000004 2 23.750000000000004 3 4 11.500000000000002 11.500000000000002 18.500000000000004 11.500000000000002 5 6 7 16.500000000000004 19.500000000000004 67.500000000000014 8 7.5000000000000009 9 16.250000000000004 22.500000000000004 14.000000000000002 18.750000000000004 13.500000000000002 19.500000000000004 10 11
decision_type=9 2 9 2 2 9 2 9 9 2 2 2 2 9 9 9 2 2 2 9 2 9 2 2 2 2 2 2 9 9
left_child=2 7 8 9 5 -3 15 -2 20 11 19 29 14 24 26 -5 -17 23 27 -7 -1 -8 -15 -6 -12 -14 -9 -10 -29 -4
right_child=1 4 3 6 17 10 21 12 18 -11 13 -13 25 22 -16 16 -18 -19 -20 -21 -22 -23 -24 -25 -26 -27 -28 28 -30 -31
leaf_value=-0.19764007084930679 -0.19764007084930679 -0.01304148777828802 -0.22612492194748476 0.027861455299075289 -0.011896792005231839 0.0071176732766376821 0.15650468846765372 -0.20798679640168835 0.37559579895495665 0.0016923679559761595 0.0013517005956573238 -0.22900338790988004 -0.19764007084930679 -0.088278668263802373 -0.16569505257067077 0.19804079193578128 0.068225131696095079 -0.17985076395163269 1.3278805008496795 -0.068147397206932858 0.0059864916506930932 0.35860995490494646 -0.077459938078982132 0.10209603191598005 -0.15807625921428309 -0.19764007084930679 -0.19764007084930679 0.35003965807046317 -0.091652862090402118 -0.04693275404768063
leaf_weight=146 28617 7068 3099 16727 14259 5308 17744 4456 18720 28853 6526 4778 19511 14085 4822 23275 14171 3247 5596 6737 13222 23519 16807 17252 3547 9802 4505 1612 1253 9597
leaf_count=146 28617 7068 3099 16727 14259 5308 17744 4456 18720 28853 6526 4778 19511 14085 4822 23275 14171 3247 5596 6737 13222 23519 16807 17252 3547 9802 4505 1612 1253 9597
internal_value=-0.00292165 -0.022429 0.0148995 0.00927151 -0.0105034 -0.0174723 0.0159101 -0.038203 0.0345682 -0.0044024 -0.0142908 -0.0138549 -0.0322577 -0.0179727 -0.022379 0.010196 0.0136267 0.00154209 0.0287062 -0.00178082 0.0464569 0.023412 -0.0218983 0.00353369 -0.00590598 -0.0369137 -0.030058 0.0252189 0.0100349 -0.00711248
internal_weight=348861 166549 182312 141763 94836 60078 95436 71713 40549 46327 53010 17474 43096 40965 13783 54173 37446 34758 27181 12045 13368 41263 30892 31511 10073 29313 8961 21585 2865 12696
internal_count=348861 166549 182312 141763 94836 60078 95436 71713 40549 46327 53010 17474 43096 40965 13783 54173 37446 34758 27181 12045 13368 41263 30892 31511 10073 29313 8961 21585 2865 12696
cat_boundaries=0 3 5 8 11 13 15 17 20 22 24 26 28
cat_threshold=2492019972 203385433 13 2147491840 1313344 167804928 2147483648 2 33587346 1077936128 2 2147483648 1049088 16777234 268436736 152059904 2954887170 76022016 67772432 8 1610629122 570426784 76022016 67837968 0 264192 0 196608
is_linear=0
shrinkage=0.05


Tree=27
num_leaves=31
num_cat=13
split_feature=17 0 17 0 3 17 17 5 17 0 6 6 6 17 6 0 17 6 0 17 6 17 17 1 17 5 5 17 6 17
split_gain=46115.8 13184.1 7426.32 4880.61 2716.23 1774.65 1713.56 1584.33 1289.33 1052.65 990.782 861.717 831.286 708.846 551.294 524.686 501.168 475.265 438.909 399.141 380.083 374.337 336.534 330.939 324.08 312.839 311.28 294.233 288.232 319.1
threshold=0 7.5000000000000009 1 22.500000000000004 17.500000000000004 2 3 23.750000000000004 4 11.500000000000002 11.500000000000002 11.500000000000002 18.500000000000004 5 11.500000000000002 72.500000000000014 6 18.500000000000004 7.5000000000000009 7 18.500000000000004 8 9 22.500000000000004 10 13.500000000000002 16.250000000000004 11 19.500000000000004 12
decision_type=9 2 9 2 2 9 9 2 9 2 2 2 2 9 2 2 9 2 2 9 2 9 9 2 9 2 2 9 2 9
left_child=2 6 8 9 5 -3 27 14 18 12 19 21 -4 -12 24 28 -16 23 -1 -7 22 25 -9 -6 -5 -8 -15 -2 -10 -30
right_child=1 4 3 7 17 10 11 20 15 -11 13 -13 -14 26 16 -17 -18 -19 -20 -21 -22 -23 -24 -25 -26 -27 -28 -29 29 -31
leaf_value=-0.18775806730684144 -0.18775806730684144 -0.012389413389373605 -0.10375971942573524 0.058186248264327035 -0.0068624902512183896 0.0051296838419780501 -0.19857116652646553 0.4281289364647311 0.36827353507525662 0.0022228525244017308 -0.0270559024737854 -0.19162910952180143 -0.217553218514386 -0.084980620691774089 0.16375554095131301 1.4495167934600628 0.029397956180721076 -0.11154982366763129 0.0056871670681584163 -0.068004934913597201 0.11638267883301286 -0.10956283461082778 0.20810053676319129 0.11205861000858236 0.24126174425423114 -0.19927435736197988 -0.073586941175032991 -0.18775806730684144 -0.26973748033909389 0.26077306882090634
leaf_weight=146 17392 7089 11629 3609 13716 5803 2895 11909 19465 27109 10639 22311 4584 13423 16403 4638 23576 7235 13222 7488 4126 5260 24164 15282 9995 2449 18232 21994 672 2406
leaf_count=146 17392 7089 11629 3609 13716 5803 2895 11909 19465 27109 10639 22311 4584 13423 16403 4638 23576 7235 13222 7488 4126 5260 24164 15282 9995 2449 18232 21994 672 2406
internal_value=-0.00292968 -0.0214469 0.0149162 0.00935499 -0.00958527 -0.0158854 -0.0376765 0.0157674 0.0337126 -0.00452426 -0.0128726 -0.0292194 -0.0146025 -0.016617 0.0101385 0.02743 0.00718002 0.00131234 0.0464569 -0.00096682 0.0232705 -0.0174934 0.0249148 0.0041727 0.0188327 -0.0268024 -0.0203679 -0.0447254 0.0242891 0.0100715
internal_weight=348861 171208 177653 137104 98907 62674 72301 93782 40549 43322 55585 32915 16213 42294 53583 27181 39979 36233 13368 13291 40199 10604 36073 28998 13604 5344 31655 39386 22543 3078
internal_count=348861 171208 177653 137104 98907 62674 72301 93782 40549 43322 55585 32915 16213 42294 53583 27181 39979 36233 13368 13291 40199 10604 36073 28998 13604 5344 31655 39386 22543 3078
cat_boundaries=0 3 5 8 11 13 15 17 19 21 24 26 29 31
cat_threshold=2492019716 203385465 13 2147491840 1313344 167804928 2147483648 2 167805074 3493855232 2 2147483648 1049088 274 268436736 268440576 81929 1610629122 838862208 16793600 538968066 5120 134234120 5 344457216 532496 134217744 2415919104 2 0 64
is_linear=0
shrinkage=0.05


Tree=28
num_leaves=31
num_cat=13
split_feature=0 17 17 3 17 5 17 6 6 6 17 17 5 17 8 17 17 17 6 6 17 17 5 5 8 5 16 5 17 6
split_gain=44692.7 18394.2 4917.41 4317.31 2568.37 2145.89 1911.16 1417.56 1141.81 1001.26 1185.41 815.901 774.769 688.248 639.426 533.1 504.543 496.746 443.469 435.562 406.179 387.792 319.835 309.986 300.833 290.87 273.621 268.786 259.127 255.561
threshold=7.5000000000000009 0 1 17.500000000000004 2 21.250000000000004 3 11.500000000000002 11.500000000000002 17.500000000000004 4 5 23.750000000000004 6 24.500000000000004 7 8 9 11.500000000000002 18.500000000000004 10 11 16.250000000000004 28.750000000000004 23.500000000000004 18.750000000000004 39.929175000000008 13.500000000000002 12 17.500000000000004
decision_type=2 9 9 2 9 2 9 2 2 2 9 9 2 9 2 9 9 9 2 2 9 9 2 2 2 2 2 2 9 2
left_child=4 2 11 6 20 9 -3 17 21 10 24 14 18 -10 -2 -14 -11 27 -5 23 -1 -8 -15 -7 -4 -22 -9 -6 -24 -17
right_child=1 3 5 12 7 19 8 26 13 16 -12 -13 15 22 -16 29 -18 -19 -20 -21 25 -23 28 -25 -26 -27 -28 -29 -30 -31
leaf_value=-0.17837016394149938 1.1270409537870596 -0.011769942719904947 0.15792476010444087 0.059395206759980827 -0.20315102575278524 0.26080543413351087 0.0065053054207068863 -0.18204765404571133 -0.032086619870160329 -0.12164256382730798 0.22339358808784163 0.005402808714750496 -0.021980103864301093 -0.08073158965718541 0.29290461781930582 0.1271124557495254 0.015058214857033647 -0.099600461977033039 -0.029100965761053213 0.1408831137725933 -0.17837016394149938 -0.057260390665944176 -0.035824049669357108 0.4219303986531891 -0.0035255891533418019 -0.17837016394149938 -0.1907391708588162 -0.18931063949388094 -0.078696399418539634 0.024977506632634407
leaf_weight=21994 6193 7089 3542 7443 2788 17176 6979 8024 12669 4190 31180 13357 7436 16703 8440 18494 15590 9875 22654 4303 14010 8973 4768 17011 13119 8290 14017 2386 14588 5580
leaf_count=21994 6193 7089 3542 7443 2788 17176 6979 8024 12669 4190 31180 13357 7436 16703 8440 18494 15590 9875 22654 4303 14010 8973 4768 17011 13119 8290 14017 2386 14588 5580
internal_value=-0.00317591 0.00669572 0.0197713 -0.00645195 -0.03562 0.0148505 -0.014787 -0.0258868 -0.0120791 0.00948744 0.0133996 0.0384143 0.00325694 -0.015882 0.0301885 0.00873691 2.52781e-05 -0.0140641 -0.00248031 0.0242764 -0.0437545 -0.00047016 -0.0194031 0.0261635 0.00262432 -0.0389018 -0.0339708 -0.0266011 -0.0150341 0.0123484
internal_weight=348861 267477 134101 133376 81384 106111 71769 37090 64680 67621 47841 27990 61607 48728 14633 31510 19780 15049 30097 38490 44294 15952 36059 34187 16661 22300 22041 5174 19356 24074
internal_count=348861 267477 134101 133376 81384 106111 71769 37090 64680 67621 47841 27990 61607 48728 14633 31510 19780 15049 30097 38490 44294 15952 36059 34187 16661 22300 22041 5174 19356 24074
cat_boundaries=0 3 5 8 11 14 16 18 21 23 25 27 29 31
cat_threshold=2492019718 135613001 13 2147483650 1313280 2315305106 3560964096 2 167804928 2147483648 2 344457220 0 8 0 264192 272 268969232 152092672 2434798850 2 65536 134299649 16777216 539033602 33587330 1077936128 1090535424 906626464 1610612800 67240066
is_linear=0
shrinkage=0.05


Tree=29
num_leaves=31
num_cat=14
split_feature=0 17 3 17 17 17 6 6 8 6 17 17 5 17 8 17 17 6 17 17 17 17 17 6 5 5 5 16 5 5
split_gain=44016.1 17113.1 4612.31 4498.16 2642.34 2048.63 1841.52 1398.59 1194.89 1104.02 946.553 884.945 809.736 737.575 617.341 592.646 503.374 426.946 406.958 382.737 382.662 372.515 311.655 330.472 306.85 291.27 291.113 278.16 273.736 264.023
threshold=7.5000000000000009 0 17.500000000000004 1 2 3 18.500000000000004 11.500000000000002 23.500000000000004 11.500000000000002 4 5 26.250000000000004 6 24.500000000000004 7 8 19.500000000000004 9 10 11 12 13 11.500000000000002 16.250000000000004 18.750000000000004 18.750000000000004 39.929175000000008 13.500000000000002 6.2500000000000009
decision_type=2 9 2 9 9 9 2 2 2 2 9 9 2 9 2 9 9 2 9 9 9 9 9 2 2 2 2 2 2 2
left_child=4 3 5 10 18 -3 8 16 -5 21 14 -10 17 -11 -2 -8 28 22 -1 -14 -17 -7 -4 -24 -15 -25 -20 -9 -6 -18
right_child=1 2 12 6 7 9 15 27 11 13 -12 -13 19 24 -16 20 29 -19 26 -21 -22 -23 23 25 -26 -27 -28 -29 -30 -31
leaf_value=-0.16945165574442439 1.0706889060977065 -0.0111814455839097 -0.064493143246009771 0.3477248264393053 -0.192993474465146 -0.058476761067609219 -0.13126538353120018 -0.17294527134342577 0.047475582381564865 -0.03048228887665232 0.0051326682790129759 0.22474938163647273 0.16645024392839114 -0.076695010174326145 0.27825938692834068 0.37172476728167281 -0.19324911670302722 -0.12278053825402485 -0.16945165574442439 0.0059062556600489209 0.0060446030787651324 0.0061800401496715732 0.096126475560422087 -0.028462174313018986 -0.065972774145354324 0.021122526925875462 -0.16945165574442439 -0.18120221231587541 -0.17984510751918689 0.012874849644772902
leaf_weight=21994 6193 7089 4791 27864 2788 8303 3594 8024 18933 14232 13357 30219 15084 16703 8440 1414 5086 5989 14010 6365 14036 9067 8475 7859 19356 20114 8290 14017 2386 4789
leaf_count=21994 6193 7089 4791 27864 2788 8303 3594 8024 18933 14232 13357 30219 15084 16703 8440 1414 5086 5989 14010 6365 14036 9067 8475 7859 19356 20114 8290 14017 2386 4789
internal_value=-0.00330203 0.00649458 -0.00526747 0.0200927 -0.0354996 -0.0138622 0.0149495 -0.025628 0.0183936 -0.0111769 0.0377321 0.0137044 0.00408652 -0.0149321 0.0288841 0.0010292 -0.0138846 0.000427712 -0.04375 0.0121428 0.00528461 -0.000310881 0.00223939 0.00381535 -0.0187349 0.0011958 -0.0388929 -0.0336577 -0.0265046 -0.00723824
internal_weight=348861 267477 143427 124050 81384 74750 96060 37090 77016 67661 27990 49152 68677 50291 14633 19044 15049 47228 44294 21449 15450 17370 41239 36448 36059 27973 22300 22041 5174 9875
internal_count=348861 267477 143427 124050 81384 74750 96060 37090 77016 67661 27990 49152 68677 50291 14633 19044 15049 47228 44294 21449 15450 17370 41239 36448 36059 27973 22300 22041 5174 9875
cat_boundaries=0 3 5 8 11 13 16 18 20 22 24 26 27 29 31
cat_threshold=2424386582 135613001 13 2147483650 1313280 2315305106 3560964096 2 167804928 2147483648 2 0 264192 276824084 134217728 12 67633408 268969232 65536 134299648 16777216 539033602 33587330 1077936128 1711800640 638197936 276824080 1835264 18886674 51658752 2434798848
is_linear=0
shrinkage=0.05


Tree=30
num_leaves=31
num_cat=12
split_feature=0 17 17 3 17 0 17 6 6 6 5 3 17 17 17 17 8 5 17 17 17 0 5 6 16 6 5 5 17 12
split_gain=42590.5 16184.7 4827.86 4210.96 2826.61 2261.46 1938.83 1388.73 1111.32 1028.98 713.439 709.793 656.164 585.471 487.581 487.221 476.413 425.275 417.535 411.86 352.868 344.864 302.536 275.086 274.63 273.783 243.9 240.352 285.165 237
threshold=7.5000000000000009 0 1 17.500000000000004 2 42.500000000000007 3 11.500000000000002 11.500000000000002 18.500000000000004 21.250000000000004 67.500000000000014 4 5 6 7 23.500000000000004 26.250000000000004 8 9 10 17.500000000000004 18.750000000000004 17.500000000000004 39.929175000000008 11.500000000000002 8.7500000000000018 6.2500000000000009 11 63.500000000000007
decision_type=2 9 9 2 9 2 9 2 2 2 2 2 9 9 9 9 2 2 9 9 9 2 2 2 2 2 2 2 9 2
left_child=4 2 -2 6 18 9 -3 19 20 13 25 17 -10 -4 -11 -12 -15 -7 -1 26 -8 -14 -20 -17 -9 -5 -6 28 -21 -18
right_child=1 3 5 10 7 11 8 24 12 14 15 -13 21 16 -16 23 29 -19 22 27 -22 -23 -24 -25 -26 -27 -28 -29 -30 -31
leaf_value=-0.16097907295720315 0.0048760348650623625 -0.010622373304714206 0.21837826018595249 0.048973141700646039 -0.18666944518173959 0.24827977607889018 0.0058710381421880342 -0.16429800777625447 -0.028958174432819742 -0.11690261305984428 -0.021208176288519277 1.0587092964198153 -0.07174437382444801 0.21271810411732323 0.0057423729248268886 0.11826783153055276 0.054717469292834414 0.40185376456457633 -0.16097907295720315 -0.20014101540790508 -0.053699540692307049 -0.16638834961398247 -0.16097907295720315 0.017401677001825624 -0.17214210170008162 -0.022680747206611507 -0.17085285214322754 0.012231107162534283 0.030235811126359827 -0.31919130163910286
leaf_weight=21994 13357 7089 21768 7486 1501 27204 7120 8024 16427 4147 7664 7407 26448 8407 10158 21270 23608 11980 14010 3498 9547 6579 8290 6320 14017 23080 3891 4708 1451 411
leaf_count=21994 13357 7089 21768 7486 1501 27204 7120 8024 16427 4147 7664 7407 26448 8407 10158 21270 23608 11980 14010 3498 9547 6579 8290 6320 14017 23080 3891 4708 1451 411
internal_value=-0.00348491 0.00615174 0.0189468 -0.00567031 -0.0351568 0.0156412 -0.0139216 -0.0249488 -0.0112512 0.00986219 0.00350653 0.0241409 -0.015016 0.0130107 -0.00206571 0.00835366 0.00874337 0.0214577 -0.0436891 -0.0132467 -8.69983e-05 -0.0190771 -0.0387719 0.0114493 -0.03295 -0.00208401 -0.0243058 -0.00703941 -0.0147404 0.0051605
internal_weight=348861 267477 128447 139030 81384 115090 73210 37090 66121 68499 65820 46591 49454 54194 14305 35254 32426 39184 44294 15049 16667 33027 22300 27590 22041 30566 5392 9657 4949 24019
internal_count=348861 267477 128447 139030 81384 115090 73210 37090 66121 68499 65820 46591 49454 54194 14305 35254 32426 39184 44294 15049 16667 33027 22300 27590 22041 30566 5392 9657 4949 24019
cat_boundaries=0 3 5 8 11 13 16 18 21 23 25 27 30
cat_threshold=2424910854 135613001 13 2147483650 1049088 2315305106 3560964096 2 167804928 2147483648 2 83886352 268969264 70656 18505 1 66560 134299712 152092672 2434798850 2 33587330 1077936128 16777216 539037698 1677737984 873072032 613220352 167920800 1
is_linear=0
shrinkage=0.05


Tree=31
num_leaves=31
num_cat=13
split_feature=0 17 17 3 17 17 5 6 6 6 17 5 17 1 17 8 6 17 17 17 5 17 0 17 5 6 5 17 6 5
split_gain=41542.1 15147.4 4751.88 4340.85 3022.28 2080.47 1852.15 1319.74 1020.81 865.485 915.33 788.713 761.777 511.011 508.832 502.509 440.315 433.905 423.709 413.929 376.741 367.648 357.723 355.088 306.177 273.958 271.83 265.988 248.561 240.073
threshold=7.5000000000000009 0 1 17.500000000000004 2 3 23.750000000000004 11.500000000000002 11.500000000000002 16.500000000000004 4 23.750000000000004 5 67.500000000000014 6 23.500000000000004 16.500000000000004 7 8 9 21.250000000000004 10 11.500000000000002 11 18.750000000000004 21.500000000000004 31.250000000000004 12 11.500000000000002 8.7500000000000018
decision_type=2 9 9 2 9 9 2 2 2 2 9 2 9 2 9 2 2 9 9 9 2 9 2 9 2 2 2 9 2 2
left_child=4 2 -2 5 19 -3 9 17 21 15 -11 28 -10 16 -13 -4 -8 29 -17 24 -14 -7 -12 -18 -1 27 -16 -9 -5 -6
right_child=1 3 6 11 7 8 13 25 12 10 22 14 20 -15 26 18 23 -19 -20 -21 -22 -23 -24 -25 -26 -27 -28 -29 -30 -31
leaf_value=-0.15293011930934297 0.0046322331218092037 -0.010091254639478464 0.32351242064153141 0.050105348278916578 -0.17733597292265266 -0.056132853546624339 0.33655054230099496 -0.11938516010310983 -0.027510265711178761 0.32784794656540694 -0.054714666198377684 -0.0085593327894070374 -0.069273040974387454 1.1249009123691469 0.080822893367394677 0.22934406701524976 -0.20464491942400187 -0.09548405384926735 0.0719683231248716 -0.15293011930934297 -0.03806841160994541 0.0055774862350785881 0.0054552542785855536 0.22133473759478656 -0.15293011930934297 -0.16684395456365994 0.28063951754147143 -0.15608310738744172 -0.014614552180509666 -0.1623102095360662
leaf_weight=13787 13357 7089 10050 8238 1356 8300 18822 1561 17191 5487 1030 9094 26040 5613 22554 15329 1094 9888 17751 21994 7918 9834 20819 8884 8286 3710 5505 16984 27478 3818
leaf_count=13787 13357 7089 10050 8238 1356 8300 18822 1561 17191 5487 1030 9094 26040 5613 22554 15329 1094 9888 17751 21994 7918 9834 20819 8884 8286 3710 5505 16984 27478 3818
internal_value=-0.00357119 0.00594612 0.0193131 -0.00464486 -0.0348508 -0.0129747 0.0157323 -0.0243564 -0.0103293 0.0110905 0.00413008 0.00408473 -0.0139446 0.0252419 0.00918499 0.015502 0.0225521 -0.0129332 0.0125272 -0.0437223 -0.0182849 -0.000137863 -0.000459765 0.0140609 -0.0387878 -0.0320984 0.0125138 -0.0296171 -0.00122074 -0.0246528
internal_weight=348861 267477 118236 149241 81384 76372 104879 37317 69283 70466 27336 72869 51149 34413 37153 43130 28800 15062 33080 44067 33958 18134 21849 9978 22073 22255 28059 18545 35716 5174
internal_count=348861 267477 118236 149241 81384 76372 104879 37317 69283 70466 27336 72869 51149 34413 37153 43130 28800 15062 33080 44067 33958 18134 21849 9978 22073 22255 28059 18545 35716 5174
cat_boundaries=0 3 5 8 11 13 15 18 20 22 25 27 29 31
cat_threshold=2415997958 135613001 13 2147483650 1049088 2315305106 3493855232 2 167804928 2147483648 2 268435456 264192 76022032 271066384 152354816 2434798850 2 16777216 539033602 9216 84041 2281717776 2415919104 2 10223872 18878482 0 81920 337117440 134221826
is_linear=0
shrinkage=0.05


Tree=32
num_leaves=31
num_cat=13
split_feature=0 17 17 17 1 1 17 6 3 6 6 6 17 8 17 17 17 3 17 17 5 5 17 12 12 5 17 17 5 5
split_gain=40005.2 14204.9 5708.78 3436 3067.08 2377.67 2028.56 1122.81 753.603 739.063 734.687 694.245 583.116 545.295 547.51 537.286 475.513 436.971 426.072 386.051 352.149 319.348 314.297 294.6 269.568 240.845 239.319 216.876 201.283 195.502
threshold=7.5000000000000009 0 1 2 17.500000000000004 42.500000000000007 3 18.500000000000004 72.500000000000014 19.500000000000004 11.500000000000002 19.500000000000004 4 23.500000000000004 5 6 7 27.500000000000004 8 9 26.250000000000004 21.250000000000004 10 63.500000000000007 63.500000000000007 18.750000000000004 11 12 6.2500000000000009 18.750000000000004
decision_type=2 9 9 9 2 2 9 2 2 2 2 2 9 2 9 9 9 2 9 9 2 2 9 2 2 2 9 9 2 2
left_child=3 2 -2 15 6 9 -3 16 20 13 19 17 -12 -4 24 -1 28 26 -11 -8 27 -14 -9 -18 29 -17 -6 -7 -5 -15
right_child=1 4 5 7 11 8 10 22 -10 18 12 -13 21 14 -16 25 23 -19 -20 -21 -22 -23 -24 -25 -26 -27 -28 -29 -30 -31
leaf_value=-0.14528361334387579 0.0044006214657187574 -0.0095866919075045416 0.17078600893539397 -0.16846917427652006 -0.065723718564434999 0.27681432072713757 -0.065421516651844772 -0.16827665738701542 1.0954095273593598 -0.11630590890461701 -0.035064315457230592 -0.15989076973367791 -0.06624007631838813 -0.00086828024701972599 0.15349077435881614 -0.14528361334387579 -0.10446117491186016 0.10599597293913075 0.0051824915646562887 0.0019072213885420908 0.36495563854087831 -0.036164991029448146 -0.17584410637717873 -0.24982601260859921 -0.28553104051479306 -0.14528361334387579 0.011918546336790216 0.13980175585882898 -0.15419469905926286 0.068184960732245073
leaf_weight=21994 13357 7038 20471 1346 4320 18931 5009 1463 5839 2923 22718 5309 19464 16186 23218 16254 13545 16349 7627 8478 13079 6023 7601 872 431 9991 26870 9139 8318 14698
leaf_count=21994 13357 7038 20471 1346 4320 18931 5009 1463 5839 2923 22718 5309 19464 16186 23218 16254 13545 16349 7627 8478 13079 6023 7601 872 431 9991 26870 9139 8318 14698
internal_value=-0.00360846 0.00573115 0.0162488 -0.034304 -0.00689131 0.0131066 -0.0138557 -0.0218866 0.022144 0.00814456 -0.0109478 0.0021647 -0.0138357 0.00988747 0.00727541 -0.0428226 -0.0162472 0.00407981 -0.00424645 -0.000633944 0.0197587 -0.0190277 -0.0368932 -0.01047 0.0029577 -0.0379185 0.00060917 0.0166014 -0.0248294 0.00350667
internal_weight=348861 267477 145899 81384 121578 132542 68730 33145 46988 85554 61692 52848 48205 75004 54533 48239 24081 47539 10550 13487 41149 25487 9064 14417 31315 26245 31190 28070 9664 30884
internal_count=348861 267477 145899 81384 121578 132542 68730 33145 46988 85554 61692 52848 48205 75004 54533 48239 24081 47539 10550 13487 41149 25487 9064 14417 31315 26245 31190 28070 9664 30884
cat_boundaries=0 3 5 8 11 13 16 18 20 22 24 27 30 33
cat_threshold=2492019718 136145481 13 2147483650 1049088 2315305106 3493855488 2 167804928 2147483648 2 17039632 337773872 344457220 134750208 12 33587330 1077936128 16777216 539033602 67175424 134299713 1310720 18878466 256 19013642 4 184582144 2434794752 2 268447748 346120 4
is_linear=0
shrinkage=0.05


Tree=33
num_leaves=31
num_cat=14
split_feature=0 17 17 17 2 3 17 6 6 0 6 6 17 17 8 17 17 17 5 5 17 6 17 12 8 17 5 17 17 5
split_gain=39247.6 13579 5748.17 3519.2 3067.58 2119 2077.84 1105.56 820.569 744.502 716.981 659.101 609.376 538.859 510.604 482.338 474.665 422.579 372.156 369.218 360.949 346.87 320.62 297.577 281.856 264.516 256.935 252.076 249.325 242.012
threshold=7.5000000000000009 0 1 2 17.500000000000004 42.500000000000007 3 18.500000000000004 10.500000000000002 67.500000000000014 19.500000000000004 19.500000000000004 4 5 23.500000000000004 6 7 8 16.250000000000004 31.250000000000004 9 17.500000000000004 10 63.500000000000007 24.500000000000004 11 18.750000000000004 12 13 18.750000000000004
decision_type=2 9 9 9 2 2 9 2 2 2 2 2 9 9 2 9 9 9 2 2 9 2 9 2 2 9 2 9 9 2
left_child=3 2 -2 13 6 10 -3 15 25 21 14 19 -10 -1 -4 -5 26 -12 -14 20 -6 24 -9 -17 -7 -8 -16 -11 -23 -15
right_child=1 4 5 7 11 9 8 22 12 27 17 -13 18 29 16 23 -18 -19 -20 -21 -22 28 -24 -25 -26 -27 -28 -29 -30 -31
leaf_value=-0.13801943267668199 0.0041805903924328367 -0.0091073573121293275 0.18805039130962023 -0.14902714252256946 0.021859639306037161 0.34791688567547041 0.0068938089149567011 -0.15986282451766468 -0.024381536652758308 0.27118823479632431 -0.11165108796009129 -0.13781785984849027 -0.069198631989459178 -0.13801943267668199 -0.0052449773579663628 -0.099238116166267168 0.14588239012739948 0.0049233669864234388 -0.050855958321779762 0.15285726388892035 -0.038483471320244794 0.2441646141427242 -0.1670519010583198 -0.23733471197816924 0.20984302223624934 -0.021865717164090803 0.072400144484922532 1.0724556156046101 0.056066203981480101 -0.13801943267668199
leaf_weight=21994 13357 7068 19239 9664 33047 14779 3438 1602 22724 1192 2752 5686 14744 16254 14670 13545 23789 7212 15870 6686 11233 5236 7462 872 12252 6950 13111 6496 5946 9991
leaf_count=21994 13357 7068 19239 9664 33047 14779 3438 1602 22724 1192 2752 5686 14744 16254 14670 13545 23789 7212 15870 6686 11233 5236 7462 872 12252 6950 13111 6496 5946 9991
internal_value=-0.0037899 0.00546084 0.0162078 -0.0341935 -0.00634807 0.0129156 -0.0132878 -0.0216272 -0.010429 0.0214952 0.00804167 0.00232295 -0.0129345 -0.0428144 0.00980878 -0.0160313 0.00721544 -0.00451626 -0.0175385 0.00412432 0.00247064 0.0186389 -0.0365181 -0.0102135 0.0217029 0.00242588 0.00277248 0.035692 0.0112323 -0.0379033
internal_weight=348861 267477 140031 81384 127446 126674 70794 33145 63726 45901 80773 56652 53338 48239 70809 24081 51570 9964 30614 50966 44280 38213 9064 14417 27031 10388 27781 7688 11182 26245
internal_count=348861 267477 140031 81384 127446 126674 70794 33145 63726 45901 80773 56652 53338 48239 70809 24081 51570 9964 30614 50966 44280 38213 9064 14417 27031 10388 27781 7688 11182 26245
cat_boundaries=0 3 5 8 11 13 15 17 20 22 24 27 29 32 35
cat_threshold=2492019718 136137289 13 2147483650 1049088 2315305106 3493855488 2 167804928 2147483648 2 16777488 807413042 33587330 1077936128 16777216 539033602 344457220 134742016 12 67175424 134299713 1778384960 637673650 1073742080 19013642 4 1090535424 603981232 66560 134283336 9 277349380 264200 4
is_linear=0
shrinkage=0.05


Tree=34
num_leaves=31
num_cat=14
split_feature=0 17 17 17 1 17 0 6 6 3 6 17 5 6 17 17 17 5 5 16 17 12 5 17 17 17 6 6 17 17
split_gain=38723 13037.6 5936.33 3645.84 3176.39 1964.56 1913.27 1106.81 768.392 733.174 647.539 622.15 619.104 468.307 455.34 416.703 370.477 418.556 339.978 324.358 321.481 315.809 308.49 266.89 251.613 238.856 231.482 221.575 388.483 278.754
threshold=7.5000000000000009 0 1 2 17.500000000000004 3 42.500000000000007 19.500000000000004 10.500000000000002 72.500000000000014 19.500000000000004 4 18.750000000000004 10.500000000000002 5 6 7 28.750000000000004 21.250000000000004 69.94076666666669 8 63.500000000000007 18.750000000000004 9 10 11 10.500000000000002 17.500000000000004 12 13
decision_type=2 9 9 9 2 9 2 2 2 2 2 9 2 2 9 9 9 2 2 2 9 2 2 9 9 9 2 2 9 9
left_child=3 2 -2 15 5 -3 12 11 24 19 16 -5 13 20 -10 22 -6 26 -16 -8 -4 -13 -1 -9 -7 -15 -18 29 -29 -14
right_child=1 4 6 7 10 8 9 23 14 -11 -12 21 27 25 18 -17 17 -19 -20 -21 -22 -23 -24 -25 -26 -27 -28 28 -30 -31
leaf_value=-0.13111846104284788 0.0039715608728111643 -0.0086519894465229008 -0.0079756563963148796 -0.13603242808132793 -0.070027320489409392 -0.04896184917849631 0.20791316672982632 -0.15186968329178141 -0.039560795902234602 1.0335826146118252 -0.14294058413187294 -0.11280008397705502 0.081059120210565896 0.05705964608840635 -0.063681856534401504 -0.13111846104284788 0.10814247748593697 0.10223087282467312 -0.030987686776909929 0.34631881519120533 0.18933109301853435 -0.2230047351840333 -0.13111846104284788 -0.14135695646370197 0.0065491184692088927 -0.013717183059325323 0.0019103392432023192 -0.24680214332402858 0.056850995052951707 0.16763912711694023
leaf_weight=13787 13357 7038 2916 13869 4285 5082 29213 2532 20875 5731 5375 14072 15286 6900 22439 21994 5003 14394 6742 12269 8897 954 8286 5890 4341 23669 28070 1294 8373 15928
leaf_count=13787 13357 7038 2916 13869 4285 5082 29213 2532 20875 5731 5375 14072 15286 6900 22439 21994 5003 14394 6742 12269 8897 954 8286 5890 4341 23669 28070 1294 8373 15928
internal_value=-0.00376525 0.00542346 0.0156577 -0.0339649 -0.0064826 -0.01391 0.0124052 -0.0224435 -0.0109474 0.0204467 0.00216448 -0.0178007 0.00784682 0.00361238 -0.013415 -0.0437065 0.00388004 0.00515092 -0.0174489 0.0181308 0.0120672 -0.0107276 -0.0387561 -0.0383994 0.002149 0.000345121 0.00205455 0.0122367 0.00562222 0.0142853
internal_weight=348861 267477 143833 81384 123644 66517 130476 37317 59479 47213 57127 28895 83263 42382 50056 44067 51752 47467 29181 41482 11813 15026 22073 8422 9423 30569 33073 40881 9667 31214
internal_count=348861 267477 143833 81384 123644 66517 130476 37317 59479 47213 57127 28895 83263 42382 50056 44067 51752 47467 29181 41482 11813 15026 22073 8422 9423 30569 33073 40881 9667 31214
cat_boundaries=0 3 5 8 11 13 15 18 21 23 26 28 30 32 34
cat_threshold=2492019734 404572745 13 2147483650 1049088 2315305106 3493855232 2 167804928 2147483648 2 16777216 539033858 16777472 606086450 2281717776 2415919104 2 16809984 2166359296 2 344457216 268959744 1073742148 186785803 4 1310976 52563970 16 788553 0 134299648 344469524 524288
is_linear=0
shrinkage=0.05


Tree=35
num_leaves=31
num_cat=15
split_feature=0 17 17 17 2 17 0 6 6 5 17 17 6 17 17 8 17 17 17 6 17 5 3 5 17 12 17 8 17 5
split_gain=37159.7 12517.3 5329.66 3878.51 3589.41 2225.7 1384.64 1189.04 935.065 757.494 744.959 637.276 507.303 497.478 492.904 438.719 420.68 416.841 364.84 354.398 361.366 314.62 306.253 299.967 297.78 285.831 280.595 289.622 270.603 269.587
threshold=7.5000000000000009 0 1 2 17.500000000000004 3 52.500000000000007 19.500000000000004 16.500000000000004 26.250000000000004 4 5 10.500000000000002 6 7 23.500000000000004 8 9 10 19.500000000000004 11 18.750000000000004 82.500000000000014 16.250000000000004 12 63.500000000000007 13 23.500000000000004 14 16.250000000000004
decision_type=2 9 9 9 2 9 2 2 2 2 9 9 2 9 9 2 9 9 9 2 9 2 2 2 9 2 9 2 9 2
left_child=3 2 -2 16 5 -3 8 11 15 19 -7 -5 -12 -10 22 -4 21 -17 -11 26 -21 -1 -8 -14 -15 -13 -6 -28 -9 -26
right_child=1 4 6 7 9 10 14 28 13 18 12 25 23 24 -16 17 -18 -19 -20 20 -22 -23 -24 -25 29 -27 27 -29 -30 -31
leaf_value=-0.12456253799070548 0.0037729828291706013 -0.0082193899741967343 0.26540885198045067 -0.12731217831297534 -0.052491706655376551 -0.0078737449334004058 0.46457765421349856 -0.14481424148600325 -0.20428013041586396 0.19480024174416447 -0.0098830737263956095 -0.12790539773125903 -0.05897703869119289 0.22022624479235944 0.1772187988490222 0.27224679127707108 -0.12456253799070548 0.090815161659793378 0.036593801281643225 0.10203220689259106 -0.12343691357528606 -0.12456253799070548 1.6748815339391285 -0.045129067578970707 -0.023574150821876041 -0.20353850996539916 0.078727411732008798 0.0019758675987707973 -0.13335309041496193 0.094150261744423605
leaf_weight=13787 13357 7068 13977 11240 7119 28375 12844 2719 3112 10719 6900 16597 16118 4112 6440 7281 21994 26592 13369 630 5994 8286 2857 18353 9899 1058 12252 29468 5703 10641
leaf_count=13787 13357 7068 13977 11240 7119 28375 12844 2719 3112 10719 6900 16597 16118 4112 6440 7281 21994 26592 13369 630 5994 8286 2857 18353 9899 1058 12252 29468 5703 10641
internal_value=-0.00405305 0.00494828 0.0177787 -0.0336368 -0.00416978 -0.0118793 0.0137273 -0.021755 0.0105086 0.003274 -0.0091648 -0.0169424 -0.0134446 0.00320919 0.0247256 0.014744 -0.0436838 0.0116686 0.0106775 5.85976e-05 -0.0107941 -0.0387108 0.0295048 -0.015925 0.00558754 -0.0109963 0.00153054 0.00309609 -0.0382926 0.00312409
internal_weight=348861 267477 111112 81384 156365 76814 97755 37317 75614 79551 69746 28895 41371 27764 22141 47850 44067 33873 24088 55463 6624 22073 15701 34471 24652 17655 48839 41720 8422 20540
internal_count=348861 267477 111112 81384 156365 76814 97755 37317 75614 79551 69746 28895 41371 27764 22141 47850 44067 33873 24088 55463 6624 22073 15701 34471 24652 17655 48839 41720 8422 20540
cat_boundaries=0 3 5 8 11 14 16 18 21 24 26 29 31 33 35 38
cat_threshold=2415997958 135613001 5 2147483650 1049088 2315305106 3493855232 2 167804928 2147483648 2 92799248 805840176 8 16777216 2162944 0 81920 268447744 346112 4 2281717776 2415919104 2 0 84032 1183318096 67240080 8 42467344 2148016128 268435456 264192 51659024 2434798848 1073742148 253894667 4
is_linear=0
shrinkage=0.05


Tree=36
num_leaves=31
num_cat=14
split_feature=0 17 17 17 17 3 1 6 6 6 17 17 8 0 8 17 17 17 17 6 17 5 17 12 6 17 6 17 0 3
split_gain=36661.3 11884.2 5519.37 3930.01 3369.66 2262.57 1348.67 1191.06 866.703 739.667 656.655 645.508 590.17 577.054 475.476 472.782 430.276 420.68 380.181 327.523 318.962 314.62 305.533 291.254 273.033 272.946 252.192 250.674 242.097 230.546
threshold=7.5000000000000009 0 1 2 3 22.500000000000004 57.500000000000007 19.500000000000004 16.500000000000004 10.500000000000002 4 5 24.500000000000004 17.500000000000004 24.500000000000004 6 7 8 9 19.500000000000004 10 18.750000000000004 11 63.500000000000007 19.500000000000004 12 18.500000000000004 13 17.500000000000004 82.500000000000014
decision_type=2 9 9 9 9 2 2 2 2 2 9 9 2 2 2 9 9 9 9 2 9 2 9 2 2 9 2 9 2 2
left_child=3 2 -2 17 28 9 8 10 14 20 -5 -11 26 -13 -4 -10 29 21 -16 -15 -6 -1 -17 -12 -24 -9 27 -7 -3 -8
right_child=1 4 6 7 5 12 16 25 15 11 23 13 -14 19 18 22 -18 -19 -20 -21 -22 -23 24 -25 -26 -27 -28 -29 -30 -31
leaf_value=-0.11833441109117021 0.0035843336877120716 -0.007808420475486866 0.25025816817767982 -0.12094656939732658 0.049216866209879133 0.18694324369359594 0.50629055403029033 -0.13757352941170309 -0.1901405004876347 -0.0081160859781752148 -0.12151012784469609 -0.051788622907834106 5.5559610868094472e-05 -0.017577224786247302 0.21128748249522147 0.21680054367462578 0.18920574634020682 -0.11833441109117021 0.068262066154827217 -0.29681358566776128 -0.011643829034390497 -0.11833441109117021 0.083575407509112062 -0.19336158446712917 -0.024502380907586829 -0.12668543589421383 -0.0063331687415779216 0.066266684479756144 -0.030376710763125203 1.5911374572421721
leaf_weight=13787 13357 7004 19602 11240 5413 10093 9241 2719 3293 30404 16597 33504 23988 14128 11074 4788 4103 21994 21116 1878 10297 8286 13478 1058 8202 5703 4263 14709 684 2858
leaf_count=13787 13357 7004 19602 11240 5413 10093 9241 2719 3293 30404 16597 33504 23988 14128 11074 4788 4103 21994 21116 1878 10297 8286 13478 1058 8202 5703 4263 14709 684 2858
internal_value=-0.00418576 0.00475499 0.0172567 -0.0335705 -0.0041295 -0.00245919 0.013134 -0.0216104 0.0105177 -0.00705367 -0.0167936 -0.00900343 0.00582154 -0.0125242 0.014425 0.00371795 0.0263116 -0.0436838 0.0106865 -0.00471698 0.00286442 -0.0387108 0.00594078 -0.0107586 0.00341171 -0.038162 0.0106124 0.0125433 -0.0363861 0.0310554
internal_weight=348861 267477 111112 81384 156365 148677 97755 37317 81553 95624 28895 79914 53053 49510 51792 29761 16202 44067 32190 16006 15710 22073 26468 17655 21680 8422 29065 24802 7688 12099
internal_count=348861 267477 111112 81384 156365 148677 97755 37317 81553 95624 28895 79914 53053 49510 51792 29761 16202 44067 32190 16006 15710 22073 26468 17655 21680 8422 29065 24802 7688 12099
cat_boundaries=0 3 5 8 11 13 16 18 21 24 26 29 31 34 37
cat_threshold=2415997958 135613001 5 2147483650 1049088 2315305106 3493855232 2 167804928 2147483648 2 16777216 2162944 92799248 336077858 8 0 81920 268447744 346112 4 2281717776 2415919104 2 1024 84033 1090535424 604636576 8 268435456 264192 1073742148 253894667 4 9175104 131120 8
is_linear=0
shrinkage=0.05


Tree=37
num_leaves=31
num_cat=16
split_feature=0 17 17 17 2 17 0 6 6 17 5 17 17 8 17 17 17 6 17 6 17 5 12 17 17 6 0 17 17 5
split_gain=35632.7 11602.9 5712.39 4062.18 3502.19 2203.61 1276.34 1237.53 781.419 717.238 649.544 608.96 450.941 433.99 433.958 420.68 355.528 352.085 342.418 341.348 321.519 314.62 284.22 277.524 274.086 271.091 258.633 275.941 254.978 265.009
threshold=7.5000000000000009 0 1 2 17.500000000000004 3 57.500000000000007 19.500000000000004 17.500000000000004 4 28.750000000000004 5 6 23.500000000000004 7 8 9 11.500000000000002 10 19.500000000000004 11 18.750000000000004 63.500000000000007 12 13 21.500000000000004 14.000000000000002 14 15 18.750000000000004
decision_type=2 9 9 9 2 9 2 2 2 9 2 9 9 2 9 9 9 2 9 2 9 2 2 9 9 2 2 9 9 2
left_child=3 2 -2 15 5 -3 8 9 13 -5 19 -7 -10 -4 -8 21 -15 23 -12 28 -21 -1 -11 -13 -9 -14 27 -19 -6 -30
right_child=1 4 6 7 10 11 14 24 12 22 18 17 25 16 -16 -17 -18 26 -20 20 -22 -23 -24 -25 -26 -27 -28 -29 29 -31
leaf_value=-0.11241769053661171 0.0034051170033264633 -0.0074179994517125543 0.24039739424520479 -0.11489924092746025 -0.047527047880226415 -0.0070742533878216385 0.65738763754549723 -0.13069485294111791 -0.099885670136681884 -0.11543462145246126 0.19283415921700264 -0.046456870418893285 0.094532348053281201 0.23888330981641062 0.18289655988530384 -0.11241769053661171 0.079559313351950864 -0.049199191762442411 0.038212288842184354 0.098449432086117741 -0.11566013489478184 -0.11241769053661171 -0.18369350524377276 0.035830729137474648 -0.12035116409950311 -0.096356314275884536 -0.030909182301397831 -0.055651879183341184 -0.0052900901948634178 0.035203814008580102
leaf_weight=13787 13357 7068 17462 11240 7458 28284 11715 2719 5953 16597 9858 5292 15704 8977 4570 21994 31288 6970 12490 635 6073 8286 1058 4446 5703 2086 15662 9092 13958 29079
leaf_count=13787 13357 7068 17462 11240 7458 28284 11715 2719 5953 16597 9858 5292 15704 8977 4570 21994 31288 6970 12490 635 6073 8286 1058 4446 5703 2086 15662 9092 13958 29079
internal_value=-0.00443257 0.00438187 0.0167348 -0.0334021 -0.0043968 -0.0120121 0.0125408 -0.0212433 0.00998773 -0.0163333 0.00295597 -0.00931103 0.00235227 0.0131282 0.0253208 -0.0436838 0.0102732 -0.0131703 0.0101844 0.000131986 -0.0104651 -0.0387108 -0.0100283 -0.00485726 -0.0381145 0.00633708 -0.0157263 -0.0201843 0.00153976 0.00301879
internal_weight=348861 267477 111112 81384 156365 76814 97755 37317 81470 28895 79551 69746 23743 57727 16285 44067 40265 41462 22348 57203 6708 22073 17655 9738 8422 17790 31724 16062 50495 43037
internal_count=348861 267477 111112 81384 156365 76814 97755 37317 81470 28895 79551 69746 23743 57727 16285 44067 40265 41462 22348 57203 6708 22073 17655 9738 8422 17790 31724 16062 50495 43037
cat_boundaries=0 3 5 8 11 13 16 18 20 23 25 28 30 32 35 37 39
cat_threshold=2415997958 135613001 5 2147483650 1049088 2315305106 3493855232 2 167804928 2147483648 2 16777216 2162944 93061392 805839920 8 65536 134299649 268447744 346112 2281717776 2415919104 2 0 84032 1149763664 67240080 8 42467344 2148016128 1048576 18878722 1073742148 253894667 4 16384 102764802 51659008 2434798848
is_linear=0
shrinkage=0.05


Tree=38
num_leaves=31
num_cat=15
split_feature=0 17 1 17 17 17 6 3 17 17 6 8 6 5 17 5 17 17 17 6 5 12 17 17 17 17 8 16 14 17
split_gain=35435.6 10958.3 6466.77 4167.91 2859.16 1827.66 1267.99 930.088 795.012 763.73 696.499 655.014 500.537 497.221 420.68 389.326 368.292 366.199 347.032 338.776 314.62 296.785 289.171 280.895 273.723 259.582 223.523 220.333 214.246 200.646
threshold=7.5000000000000009 0 22.500000000000004 1 2 3 19.500000000000004 42.500000000000007 4 5 11.500000000000002 23.500000000000004 11.500000000000002 16.250000000000004 6 18.750000000000004 7 8 9 17.500000000000004 18.750000000000004 63.500000000000007 10 11 12 13 23.500000000000004 69.961041666666674 590.07578333333345 14
decision_type=2 9 2 9 9 9 2 2 9 9 2 2 2 2 9 2 9 9 9 2 2 2 9 9 9 9 2 2 2 9
left_child=3 5 4 14 -3 11 9 10 -6 28 23 -2 18 16 20 29 -14 -15 -10 27 -1 25 -17 -4 -8 -11 -20 -9 -5 -12
right_child=1 2 7 6 8 -7 24 19 12 21 15 -13 13 17 -16 22 -18 -19 26 -21 -22 -23 -24 -25 -26 -27 -28 -29 -30 -31
leaf_value=-0.10679680600978113 0.86769242915084388 -0.0071036290466870433 0.026569553769670941 -0.11107290724537343 0.0043323185987264702 0.0032348611531601182 -0.12416011029406203 0.1861078563321632 0.03221984876280537 -0.12079805996897353 0.047294534751209219 0.19592827011245728 -0.040916683955804257 -0.0016477495207658068 -0.10679680600978113 0.0066849562807705714 -0.065232532770147067 -0.044934338428778101 0.018864551625307781 0.093969607503172625 -0.10679680600978113 -0.17450882998158415 0.088378582214541188 0.16562061344274498 -0.11433360589452796 -0.0004813129995452137 -0.055209873843139162 0.34165321762542544 -0.1004027736926446 -0.036219795104360845
leaf_weight=13787 5165 7527 4009 10105 25414 13357 2719 17362 6005 10072 6720 9468 7874 14842 21994 18925 16920 22506 3936 10295 8286 1058 30058 15475 5703 6525 7673 10241 1135 13705
leaf_count=13787 5165 7527 4009 10105 25414 13357 2719 17362 6005 10072 6720 9468 7874 14842 21994 18925 16920 22506 3936 10295 8286 1058 30058 15475 5703 6525 7673 10241 1135 13705
internal_value=-0.00438011 0.00440991 0.000949281 -0.0332694 -0.00776551 0.0340071 -0.020954 0.00869548 -0.00563225 -0.0159837 0.00589929 0.0217613 -0.00808615 -0.010196 -0.0436838 0.00355435 -0.0156852 -0.00655189 -0.000647212 0.0152541 -0.0387108 -0.0094792 0.00597248 0.0142527 -0.0380313 -0.0078478 -0.00569326 0.0181411 -0.0261689 -0.0022448
internal_weight=348861 267477 239487 81384 112697 27990 37317 126790 105170 28895 88892 14633 79756 62142 44067 69408 24794 37348 17614 37898 22073 17655 48983 19484 8422 16597 11609 27603 11240 20425
internal_count=348861 267477 239487 81384 112697 27990 37317 126790 105170 28895 88892 14633 79756 62142 44067 69408 24794 37348 17614 37898 22073 17655 48983 19484 8422 16597 11609 27603 11240 20425
cat_boundaries=0 2 5 8 10 13 15 18 20 22 24 26 28 31 33 35
cat_threshold=2147483650 1313280 2315305106 3493855232 2 167804928 2147483648 2 0 264192 76100628 403202121 13 16777216 2162944 2281717776 2415919104 2 805568768 2098464 1090519360 67244178 1610629120 604176800 1226064128 3072947458 277610768 19402754 1073742148 253894667 4 9175040 704791570 436760592 2147549289
is_linear=0
shrinkage=0.05


Tree=39
num_leaves=31
num_cat=14
split_feature=0 17 1 17 17 6 17 3 17 17 8 6 5 17 5 6 17 0 17 5 5 17 12 17 17 17 17 6 14 12
split_gain=35081.7 10822 6802.57 4186.96 2869.55 1269.29 1069.41 943.333 829.132 772.601 679.111 636.749 515.097 421.478 412.038 351.583 389.903 334.588 329.711 314.866 308.596 287.388 279.602 271.723 271.083 256.375 223.096 261.203 214.246 206.898
threshold=7.5000000000000009 0 22.500000000000004 1 2 19.500000000000004 3 42.500000000000007 4 5 24.500000000000004 11.500000000000002 16.250000000000004 6 28.750000000000004 10.500000000000002 7 14.000000000000002 8 18.750000000000004 26.250000000000004 9 63.500000000000007 10 11 12 13 17.500000000000004 590.07578333333345 63.500000000000007
decision_type=2 9 2 9 9 2 9 2 9 9 2 2 2 9 2 2 9 2 9 2 2 9 2 9 9 9 9 2 2 2
left_child=3 6 4 13 -3 9 10 11 29 28 -2 24 15 19 -9 -10 -17 -18 -14 -1 21 -13 25 -7 -4 -11 27 -20 -5 -6
right_child=1 2 7 5 8 23 -8 14 12 22 -12 20 18 -15 -16 16 17 -19 26 -21 -22 -23 -24 -25 -26 -27 -28 -29 -30 -31
leaf_value=-0.10145696570929208 1.3000841201921221 -0.0067484475943526689 0.025241076081187332 -0.10551926188310477 0.0041157026687901775 -0.11795210477935894 0.0030731180955021033 0.15026075654206805 -0.010553714440311168 -0.1147581569705249 0.16630005239386403 -0.041520981829639682 0.00060507529335058769 -0.10145696570929208 0.30557801464736517 0.012314065388773977 -0.059834939490752248 -0.086893321903373719 0.0024475203912749603 -0.10145696570929208 0.082273483447880311 0.03717875332720446 -0.16578338848250498 -0.10861692559980157 0.16060752065684616 -0.00045724734956795746 -0.05062256830273526 -0.094261555331858746 -0.095382635008012348 -0.21965407060785955
leaf_weight=13787 3192 7527 4009 10105 26961 2719 13357 27928 8500 10072 4194 15759 17170 21994 15088 2181 11854 11432 9561 8286 17699 37213 1058 5703 16186 6525 13439 3590 1135 637
leaf_count=13787 3192 7527 4009 10105 26961 2719 13357 27928 8500 10072 4194 15759 17170 21994 15088 2181 11854 11432 9561 8286 17699 37213 1058 5703 16186 6525 13439 3590 1135 637
internal_value=-0.00449649 0.00424952 0.00133256 -0.0332412 -0.0077101 -0.0208977 0.0389269 0.0089549 -0.00557602 -0.0159249 0.0235668 0.00606718 -0.00821938 -0.0436792 0.0150549 -0.0128404 -0.0157792 -0.0176683 -0.00463437 -0.0387017 0.00382972 0.00191988 -0.00938296 -0.0379839 0.013897 -0.0077996 -0.0081203 -0.00348378 -0.0261689 0.00186902
internal_weight=348861 267477 246734 81384 112852 37317 20743 133882 105325 28895 7386 90866 77727 44067 43016 33967 25467 23286 43760 22073 70671 52972 17655 8422 20195 16597 26590 13151 11240 27598
internal_count=348861 267477 246734 81384 112852 37317 20743 133882 105325 28895 7386 90866 77727 44067 43016 33967 25467 23286 43760 22073 70671 52972 17655 8422 20195 16597 26590 13151 11240 27598
cat_boundaries=0 2 5 8 10 13 15 18 20 22 24 27 29 31 33
cat_threshold=2147483650 1311232 2315305106 3493855232 2 167804928 2147483648 2 0 262144 76100628 403204201 13 16777216 2162944 2281717776 2415919104 2 0 2098432 1073742144 604180626 1091912000 925004050 1073742148 253894667 4 277610768 19402754 9175040 704791570 823394304 33554432
is_linear=0
shrinkage=0.05


Tree=40
num_leaves=31
num_cat=15
split_feature=0 17 1 17 17 17 6 0 6 17 8 17 0 6 17 5 17 5 17 3 17 12 17 5 17 17 17 5 6 17
split_gain=34561.5 10690.4 6053.03 4300.67 2944.29 1162.36 1044.57 938.253 806.147 721.59 629.674 601.707 790.12 535.593 483.277 426.689 393.111 373.129 371.047 335.106 287.01 247.134 261.498 298.621 227.855 222.822 218.081 201.42 195.915 182.221
threshold=7.5000000000000009 0 22.500000000000004 1 2 3 18.500000000000004 42.500000000000007 10.500000000000002 4 23.500000000000004 5 14.000000000000002 11.500000000000002 6 18.750000000000004 7 26.250000000000004 8 32.500000000000007 9 63.500000000000007 10 6.2500000000000009 11 12 13 18.750000000000004 19.500000000000004 14
decision_type=2 9 2 9 9 9 2 2 2 9 2 9 2 2 9 2 9 2 9 2 9 2 9 2 9 9 9 2 2 9
left_child=3 5 4 9 -3 10 14 13 16 15 -2 -10 18 25 -5 -1 -6 24 -13 27 -8 22 23 -16 -9 -4 -19 -15 -14 -21
right_child=1 2 7 6 8 -7 20 17 11 -11 -12 12 28 19 21 -17 -18 26 -20 29 -22 -23 -24 -25 -26 -27 -28 -29 -30 -31
leaf_value=-0.096384117423827492 1.3128860810175398 -0.0064110252146350362 0.18090930031045396 -0.12348688928471613 -0.011636970773804923 0.0029194621907270069 -0.11027682959611096 0.20506340331568432 -0.0046202160525000485 -0.096384117423827492 0.19231609360028123 -0.049897159868976186 -0.016254285172089666 -0.027938938661411328 -0.1229601204538624 -0.096384117423827492 0.096322024187633026 0.49586954130408895 -0.048091439887598501 0.02970559128809587 -0.15169922185998735 -0.15749421905837979 -0.0026774952494615701 -0.097885079532863281 0.069499834967125196 0.046050721756363447 0.2043692809846899 0.017681911731071764 -0.14679935038379394 0.11886961562832443
leaf_weight=16940 2663 7527 10434 3561 10718 13357 1221 16586 29027 26342 4723 9025 29798 12558 2420 8861 8116 5062 12811 13195 6318 977 7354 7390 11487 8214 11676 26394 5830 18276
leaf_count=16940 2663 7527 10434 3561 10718 13357 1221 16586 29027 26342 4723 9025 29798 12558 2420 8861 8116 5062 12811 13195 6318 977 7354 7390 11487 8214 11676 26394 5830 18276
internal_value=-0.00457646 0.00410447 0.0012053 -0.0331072 -0.00732464 0.0385703 -0.0177379 0.00839545 -0.00516305 -0.0417148 0.0225663 -0.0072048 -0.0101681 0.00542657 -0.012174 -0.0357076 0.00421047 0.0142967 -0.0176589 0.00343141 -0.0337777 -0.00885075 -0.0074633 -0.0128004 0.0107737 0.0129612 0.0202055 0.000331177 -0.00557988 0.0072686
internal_weight=348861 267477 246734 81384 112852 20743 29241 133882 105325 52143 7386 86491 57464 89071 21702 25801 18834 44811 21836 70423 7539 18141 17164 9810 28073 18648 16738 38952 35628 31471
internal_count=348861 267477 246734 81384 112852 20743 29241 133882 105325 52143 7386 86491 57464 89071 21702 25801 18834 44811 21836 70423 7539 18141 17164 9810 28073 18648 16738 38952 35628 31471
cat_boundaries=0 2 5 8 10 12 15 17 19 22 25 27 29 32 34 37
cat_threshold=2147483650 1311232 2332082322 3493855488 2 167804928 2147483648 2 0 262144 2298494992 2415919360 92874004 403205161 9 0 2097152 899416400 321007634 278528 539037970 4 1073742080 18882562 4 9175040 671302674 268447744 215080 1140929540 570640617 12 536576 83968 1099247620 69824768 4
is_linear=0
shrinkage=0.05


Tree=41
num_leaves=31
num_cat=14
split_feature=0 17 1 17 1 6 17 17 0 6 17 17 17 17 5 8 0 17 17 17 6 12 17 5 17 5 17 6 6 6
split_gain=35248.6 10354.1 5425.52 4328.85 1311.73 1050.09 961.19 722.553 655.564 582.09 581.06 520.824 469.617 445.744 428.112 406.134 393.405 386.22 308.018 288.129 279.553 248.138 257.669 302.374 231.536 225.594 221.281 217.415 211.445 188.484
threshold=7.5000000000000009 0 22.500000000000004 1 57.500000000000007 18.500000000000004 2 3 11.500000000000002 19.500000000000004 4 5 6 7 18.750000000000004 23.500000000000004 82.500000000000014 8 9 10 11.500000000000002 63.500000000000007 11 8.7500000000000018 12 31.250000000000004 13 19.500000000000004 17.500000000000004 10.500000000000002
decision_type=2 9 2 9 2 2 9 9 2 2 9 9 9 9 2 2 2 9 9 9 2 2 9 2 9 2 9 2 2 2
left_child=3 -2 6 7 9 12 -3 14 13 11 -10 25 -5 -8 -1 28 24 -11 -17 -7 -15 22 23 -14 -6 -4 -22 -12 -13 -20
right_child=1 2 4 5 16 19 8 -9 10 17 27 15 21 20 -16 18 -18 -19 29 -21 26 -23 -24 -25 -26 -27 -28 -29 -30 -31
leaf_value=-0.091564911552636116 0.002773489081190661 0.00012856605589179894 0.0035748321163220353 -0.11731254482048033 0.08636137043166664 -0.10476298811630542 -0.037875244126729601 -0.091564911552636116 -0.044037754568964443 0.061404150871944556 -0.014439807982618326 0.19307487105488549 -0.11681211443116926 -0.0046922904618480034 -0.091564911552636116 0.14175912118674533 1.3046780709847632 -0.1411548441297116 0.17079217100710534 -0.14411426076698799 -0.043504918541762465 -0.14961950810546076 -0.0025436204869885072 -0.092990825556220097 0.36373352639406814 0.13476713872243309 -0.045260973847755542 -0.1407789462719963 0.063864393800940444 0.032126190225807254
leaf_weight=16940 13357 36004 25814 3561 2902 1221 11621 26342 1174 6481 39916 23577 2578 3584 8861 21841 3335 5803 3136 6318 7645 977 7354 7232 10647 4514 7298 5994 5066 27768
leaf_count=16940 13357 36004 25814 3561 2902 1221 11621 26342 1174 6481 39916 23577 2578 3584 8861 21841 3335 5803 3136 6318 7645 977 7354 7232 10647 4514 7298 5994 5066 27768
internal_value=-0.0042623 0.0045045 0.00224806 -0.0330753 0.00879802 -0.0176558 -0.00590095 -0.0417109 -0.0090456 0.00701774 -0.00536063 0.00815371 -0.0120772 -0.0148036 -0.0356999 0.0102374 0.0218728 -0.00331325 0.00763579 -0.0337379 -0.0196175 -0.00880117 -0.00741086 -0.0127088 0.0180862 0.00255785 -0.022636 -0.00446646 0.0150316 0.00441871
internal_weight=348861 267477 254120 81384 140884 29241 113236 52143 77232 124000 47084 111716 21702 30148 25801 81388 16884 12284 52745 7539 18527 18141 17164 9810 13549 30328 14943 45910 28643 30904
internal_count=348861 267477 254120 81384 140884 29241 113236 52143 77232 124000 47084 111716 21702 30148 25801 81388 16884 12284 52745 7539 18527 18141 17164 9810 13549 30328 14943 45910 28643 30904
cat_boundaries=0 2 5 8 10 11 13 15 17 20 22 25 27 30 32
cat_threshold=2147483650 1049088 2332082322 3493855488 2 76100628 2550754409 13 2298494992 2415919360 167804928 26493188 3072865538 0 2097152 184860928 539234322 268972308 2282498080 4 671089680 346312 1073742080 18882562 4 9175040 671302674 66560 704643137 9 269484032 117440768
is_linear=0
shrinkage=0.05


Tree=42
num_leaves=31
num_cat=15
split_feature=0 17 3 17 3 6 17 17 6 0 17 17 17 8 5 17 17 0 12 6 6 6 13 17 8 17 17 17 17 17
split_gain=34833.1 10409.2 4931.83 4428.34 1183.43 1071.68 1035.36 724.962 571.869 504.634 546.112 494.102 492.725 448.748 431.682 344.108 298.013 293.766 273.235 270.706 265.125 252.416 238.234 231.6 217.089 209.256 201.87 200.839 199.605 180.16
threshold=7.5000000000000009 0 22.500000000000004 1 62.500000000000007 18.500000000000004 2 3 19.500000000000004 17.500000000000004 4 5 6 23.500000000000004 18.750000000000004 7 8 72.500000000000014 63.500000000000007 19.500000000000004 16.500000000000004 10.500000000000002 8.5000000000000018 9 24.500000000000004 10 11 12 13 14
decision_type=2 9 2 9 2 2 9 9 2 2 9 9 9 2 2 9 9 2 2 2 2 2 2 9 2 9 9 9 9 9
left_child=3 -2 6 7 8 12 21 14 11 10 -8 24 -5 20 -1 -10 -7 -6 28 25 29 -3 -15 -12 -4 -11 -22 -24 -14 -13
right_child=1 2 4 5 17 16 9 -9 15 19 23 13 18 22 -16 -17 -18 -19 -20 -21 26 -23 27 -25 -26 -27 -28 -29 -30 -31
leaf_value=-0.086986665975004318 0.0026348146271311101 0.080965134150353446 0.055186006009797776 -0.11144691757945631 0.28060404703381753 -0.099524838710490171 -0.025609369635285352 -0.086986665975004318 0.075503040811952013 -0.15243564602525997 -0.038708010735878422 0.30382618274700129 -0.09108774222699148 0.027008718981877067 -0.086986665975004318 -0.094353311710459853 -0.13690854772863861 0.98944416743552499 -0.14218480107435924 -0.24959196927046082 -0.35529675590426457 -0.0029687134213382651 0.14934993928163501 -0.034209119853109461 -0.0014912555252107218 0.003108911011506166 0.10846395253715305 0.06248377322509855 -0.0089710364908370376 0.16576040804215816
leaf_weight=16940 13357 9552 18130 4890 6563 1221 25269 26342 6199 4301 16330 8924 7757 14985 8861 7171 6318 4763 964 2644 568 27007 19457 12544 15082 18951 7562 16306 8091 11812
leaf_count=16940 13357 9552 18130 4890 6563 1221 25269 26342 6199 4301 16330 8924 7757 14985 8861 7171 6318 4763 964 2644 568 27007 19457 12544 15082 18951 7562 16306 8091 11812
internal_value=-0.0043245 0.00439047 0.00212804 -0.0329672 0.00854191 -0.0173721 -0.00543663 -0.0417013 0.00715237 -0.00862035 -0.0113671 0.00831103 -0.0117362 0.0104479 -0.0356805 -0.00262528 -0.0336185 0.0240244 -0.00765664 -0.00288075 0.0154265 0.00153545 0.00761803 -0.0160643 0.00318464 -0.00115689 0.00777368 0.00983558 -0.0060891 0.0184269
internal_weight=348861 267477 254120 81384 137522 29241 116598 52143 126196 80039 54143 112826 21702 79614 25801 13370 7539 11326 16812 25896 28866 36559 50748 28874 33212 23252 8130 35763 15848 20736
internal_count=348861 267477 254120 81384 137522 29241 116598 52143 126196 80039 54143 112826 21702 79614 25801 13370 7539 11326 16812 25896 28866 36559 50748 28874 33212 23252 8130 35763 15848 20736
cat_boundaries=0 2 5 8 10 12 14 16 19 22 24 27 29 31 33 35
cat_threshold=2147483650 1049088 2332082322 3493855488 2 76100628 2550753387 13 2298494992 2415919360 956580096 539235344 1133789444 3072865570 0 2162688 277352724 796673 4 1073742080 18882562 4 1074790400 33685888 419463168 18875648 2 0 81920 671093776 346313 8650752 671237138 77888 134629384
is_linear=0
shrinkage=0.05


Tree=43
num_leaves=31
num_cat=12
split_feature=0 17 17 3 6 3 17 17 3 6 17 17 6 5 5 17 6 8 12 1 17 17 17 12 17 14 17 14 14 8
split_gain=34457.4 10464.8 4480.4 4479.87 1344.72 1144.19 942.268 757.679 648.392 586.616 449.238 421.877 317.31 315.482 302.671 291.396 290.646 278.768 277.842 272.737 259.379 256.873 245.043 232.435 228.305 216.505 202.105 200.341 197.483 192.603
threshold=7.5000000000000009 0 1 22.500000000000004 19.500000000000004 42.500000000000007 2 3 82.500000000000014 11.500000000000002 4 5 19.500000000000004 18.750000000000004 18.750000000000004 6 17.500000000000004 23.500000000000004 63.500000000000007 17.500000000000004 7 8 9 63.500000000000007 10 130.04130833333335 11 590.07578333333345 199.90795000000003 23.500000000000004
decision_type=2 9 9 2 2 2 9 9 2 2 9 9 2 2 2 9 2 2 2 2 9 9 9 2 9 2 9 2 2 2
left_child=2 -2 11 6 7 9 23 27 16 -5 12 13 -8 -1 26 -6 17 -7 22 21 -18 -12 -9 25 -16 -3 -11 28 -4 -27
right_child=1 3 4 5 15 8 10 18 -10 14 19 -13 -14 -15 24 -17 20 -19 -20 -21 -22 -23 -24 -25 -26 29 -28 -29 -30 -31
leaf_value=-0.082637332676254088 0.0025030738957745771 0.044201587155952821 -0.088174338519830017 0.12153472875657877 -0.095788224360434757 0.26209741906494538 -0.015943132333721445 -0.09243594934351114 1.0661886114005397 0.030118514475016414 -0.034701013438628879 -0.082637332676254088 -0.096728564805140319 -0.082637332676254088 0.0034795511016758596 -0.083024038386396673 0.34855718860444829 0.13348685276340663 -0.13502929264646976 -0.037309196768362619 0.0408435390017182 -0.033872950276106907 -0.0014928729502962314 -0.22695345821100243 0.075120743836295578 -0.015300057198759643 -0.039521435604738288 -0.076866718510038332 -0.083338258091620834 0.00027057342416414443
leaf_weight=13787 13357 11511 4598 17107 2719 16776 38063 9335 3286 10597 14954 21994 6241 8286 18765 5703 1904 16062 1058 7840 11045 11631 7262 713 30177 6686 11803 1135 5507 18959
leaf_count=13787 13357 11511 4598 17107 2719 16776 38063 9335 3286 10597 14954 21994 6241 8286 18765 5703 1904 16062 1058 7840 11045 11631 7262 713 30177 6686 11803 1135 5507 18959
internal_value=-0.00439215 0.00427569 -0.0328799 0.00200724 -0.0201128 0.00812016 -0.00520249 -0.0149939 0.0142431 0.00472306 -0.00831926 -0.043677 -0.00498714 -0.0386972 0.00272911 -0.0376989 0.0127034 0.0152049 -0.00851684 -0.0126049 0.00635956 -0.0150254 -0.006938 0.00127907 0.00493237 0.00182205 -0.00208482 -0.0251378 -0.0273973 -0.000735036
internal_weight=348861 267477 81384 254120 37317 137522 116598 28895 49073 88449 78729 44067 44304 22073 71342 8422 45787 32838 17655 34425 12949 26585 16597 37869 48942 37156 22400 11240 10105 25645
internal_count=348861 267477 81384 254120 37317 137522 116598 28895 49073 88449 78729 44067 44304 22073 71342 8422 45787 32838 17655 34425 12949 26585 16597 37869 48942 37156 22400 11240 10105 25645
cat_boundaries=0 2 5 8 10 12 15 18 20 22 24 26 28
cat_threshold=2147483650 1049088 2315305106 3493855232 2 76100628 2617862249 13 16777216 2162944 1627652352 537269394 2281717776 2415919104 2 1073742148 253894667 4 1351090240 262144 135282688 35651840 8650752 704791570 1226064128 3072947458 403206164 136644713
is_linear=0
shrinkage=0.05


Tree=44
num_leaves=31
num_cat=15
split_feature=0 17 17 1 6 0 17 17 6 5 17 17 17 17 5 17 0 17 12 6 17 6 17 6 17 17 5 5 17 12
split_gain=34234.1 10418.4 4605.89 3928.46 1114.38 1068.54 897.118 758.121 495.69 481.698 466.848 418.756 415.196 377.399 373.713 351.358 304.738 301.271 289.117 273.598 251.686 263.507 229.655 224.755 249.414 211.871 202.46 199.327 196.039 169.166
threshold=7.5000000000000009 0 1 22.500000000000004 18.500000000000004 62.500000000000007 2 3 19.500000000000004 18.750000000000004 4 5 6 7 26.250000000000004 8 17.500000000000004 9 63.500000000000007 10.500000000000002 10 19.500000000000004 11 19.500000000000004 12 13 18.750000000000004 33.750000000000007 14 63.500000000000007
decision_type=2 9 9 2 2 2 9 9 2 2 9 9 9 9 2 9 2 9 2 2 9 2 9 2 9 9 2 2 9 2
left_child=2 -2 7 6 12 8 20 9 11 -1 23 27 -4 -7 19 -10 25 -6 -14 -13 21 -3 -21 -8 -25 -12 -24 -5 -11 -22
right_child=1 3 4 5 17 13 10 -9 15 28 16 14 18 -15 -16 -17 -18 -19 -20 22 29 -23 26 24 -26 -27 -28 -29 -30 -31
leaf_value=-0.078505466042441407 0.0023779202009858837 0.0032290462968407319 -0.10170765879590249 0.0047306500185168689 -0.089759185556943913 0.88666252849372218 -0.0060049207509710106 -0.078505466042441407 0.059623292535525611 -0.070229448943370312 -0.00048448271899417252 0.1723897735673858 -0.038999461915782609 0.27428588798616715 0.19570821287840678 -0.13105721460797248 -0.036850901870004192 -0.12591191842288688 -0.13659381647357868 0.13709155855148189 0.0040186995581038337 -0.067662777744529029 -0.011535279433592116 -0.026298062998058924 -0.13765765720201317 -0.032965962766697478 0.069525674212851038 0.13045577668877489 -0.078505466042441407 -0.17937900869210141
leaf_weight=16940 13357 4082 8910 31021 1221 4807 39677 26342 6855 871 704 9680 11958 6878 17889 5937 9981 6318 834 16857 20825 715 12062 3377 3164 30206 24135 4763 7990 505
leaf_count=16940 13357 4082 8910 31021 1221 4807 39677 26342 6855 871 704 9680 11958 6878 17889 5937 9981 6318 834 16857 20825 715 12062 3377 3164 30206 24135 4763 7990 505
internal_value=-0.00426832 0.0043714 -0.0326637 0.00210798 -0.0167601 0.0076815 -0.0048262 -0.041571 0.00637195 -0.0354171 -0.00726305 0.00739861 -0.0110128 0.0221609 0.00939628 -0.00297061 -0.011155 -0.0333267 -0.00522575 0.00757962 0.00329992 0.0136364 0.00616919 -0.00381803 -0.0124064 -0.0136105 0.00392051 0.00289434 -0.0259847 0.000970009
internal_weight=348861 267477 81384 254120 29241 140884 113236 52143 129199 25801 87109 116407 21702 11685 80623 12792 40891 7539 12792 62734 26127 4797 53054 46218 6541 30910 36197 35784 8861 21330
internal_count=348861 267477 81384 254120 29241 140884 113236 52143 129199 25801 87109 116407 21702 11685 80623 12792 40891 7539 12792 62734 26127 4797 53054 46218 6541 30910 36197 35784 8861 21330
cat_boundaries=0 2 5 8 10 12 14 16 18 21 24 27 29 31 32 33
cat_threshold=2147483650 1049088 2332082322 3493855488 2 76100628 134768745 15 2298494992 2415919360 553910528 3019969682 93602052 3072865554 8388608 2311184 268435456 475136 277360916 2282498080 4 1073742080 18882562 4 74752 2113 3 167772160 346184 262400 2415924226 33554432 16777216
is_linear=0
shrinkage=0.05


Tree=45
num_leaves=31
num_cat=15
split_feature=0 17 17 1 6 0 17 17 1 5 6 17 17 0 17 17 12 17 6 17 5 17 3 17 17 6 6 6 17 17
split_gain=33969.3 10432 4726.26 3493.52 1130.92 1026.22 823.885 758.121 511.461 481.698 421.104 417.632 384.795 358.508 315.817 309.452 284.061 271.872 241.347 236.637 228.374 201.604 208.406 197.241 196.039 185.218 176.16 176.025 172.487 169.92
threshold=7.5000000000000009 0 1 22.500000000000004 18.500000000000004 72.500000000000014 2 3 42.500000000000007 18.750000000000004 11.500000000000002 4 5 17.500000000000004 6 7 63.500000000000007 8 19.500000000000004 9 16.250000000000004 10 14.000000000000002 11 12 12.500000000000002 16.500000000000004 10.500000000000002 13 14
decision_type=2 9 9 2 2 2 9 9 2 2 2 9 9 2 9 9 2 9 2 9 2 9 2 9 9 2 2 2 9 9
left_child=2 -2 7 6 11 8 15 9 10 -1 23 -4 25 21 -6 18 -13 -7 -3 -12 -10 -14 27 -5 -11 -8 28 -23 -22 -28
right_child=1 3 4 5 14 17 12 -9 20 24 19 16 13 -15 -16 -17 -18 -19 -20 -21 26 22 -24 -25 -26 -27 29 -29 -30 -31
leaf_value=-0.074580192740319309 0.002259024190936554 0.011021158718519164 -0.096622275856107373 0.15703215691449124 -0.087048896223376734 0.83789978158754297 0.00086107340830459127 -0.074580192740319309 0.051151078228711636 -0.066717976496201814 0.045316028681438247 -0.038289116405462578 -0.00046025858304448168 -0.023446568493967403 -0.11837669491627345 -0.0010345827605888758 -0.12976412564989973 0.11021561068530304 -0.060668314011577622 -0.0043209945124820237 0.27536857957750593 -0.033470148063798 -0.036691028654308157 0.039748321362570317 -0.074580192740319309 -0.026359632678799372 0.27029534831099084 -0.030929080275597445 0.12124518725373648 0.061765495696931794
leaf_weight=16940 13357 4961 8164 10033 1825 5208 12596 26342 9204 871 36184 12677 704 8963 5714 29306 861 1121 839 34858 12181 2450 10518 9563 7990 31231 2533 11668 10318 9681
leaf_count=16940 13357 4961 8164 10033 1825 5208 12596 26342 9204 871 36184 12677 704 8963 5714 29306 861 1121 839 34858 12181 2450 10518 9563 7990 31231 2533 11668 10318 9681
internal_value=-0.00426287 0.00434336 -0.0325482 0.00207846 -0.0164388 0.0073344 -0.0044606 -0.041571 0.0064089 -0.0354171 0.00426311 -0.0106488 -0.00731891 -0.0112858 -0.0331277 0.00190227 -0.00524801 0.0270106 0.0124441 0.00247318 0.0108375 -0.0143291 -0.013556 0.0107522 -0.0259847 -0.0042122 0.0126941 -0.0175308 0.0153185 0.00785983
internal_weight=348861 267477 81384 254120 29241 140884 113236 52143 134555 25801 90638 21702 78130 34303 7539 35106 13538 6329 5800 71042 43917 25340 24636 19596 8861 43827 34713 14118 22499 12214
internal_count=348861 267477 81384 254120 29241 140884 113236 52143 134555 25801 90638 21702 78130 34303 7539 35106 13538 6329 5800 71042 43917 25340 24636 19596 8861 43827 34713 14118 22499 12214
cat_boundaries=0 2 5 8 10 12 14 17 20 22 25 26 29 30 32 34
cat_threshold=2147483650 1049088 2332082322 3493855488 2 76100628 470313067 15 2298494992 2415919360 8388608 2180112 553910528 2686522768 1073742080 86122499 4 74752 134219841 3 77824 346112 1049101392 2282494185 9 33554432 1677800448 570640617 12 16777216 552960 485496 277348352 264192
is_linear=0
shrinkage=0.05


Tree=46
num_leaves=31
num_cat=15
split_feature=0 17 17 3 6 17 0 17 5 17 5 17 6 6 17 17 6 17 12 17 17 0 17 5 17 17 17 16 12 14
split_gain=33150.9 10631.2 4764.27 3504.32 1128.65 948.534 829.377 758.614 482.454 467.608 429.846 426.754 373.597 355.88 353.623 315.523 310.613 305.713 275.428 264.837 252.518 557.965 249.588 220.828 202.292 197.863 192.935 187.107 175.28 168.59
threshold=7.5000000000000009 0 1 27.500000000000004 18.500000000000004 2 72.500000000000014 3 18.750000000000004 4 33.750000000000007 5 12.500000000000002 11.500000000000002 6 7 12.500000000000002 8 63.500000000000007 9 10 14.000000000000002 11 16.250000000000004 12 13 14 70.047658333333345 63.500000000000007 569.8828666666667
decision_type=2 9 9 2 2 9 2 9 2 9 2 9 2 2 9 9 2 9 2 9 9 2 9 2 9 9 9 2 2 2
left_child=2 -2 7 5 11 16 10 8 -1 29 13 -4 22 -5 -15 -6 17 -3 -13 -8 -14 24 -11 -16 -22 -10 -25 -26 -18 -7
right_child=1 3 4 6 15 9 19 -9 25 12 -12 18 20 14 23 -17 28 -19 -20 -21 21 -23 -24 26 27 -27 -28 -29 -30 -31
leaf_value=-0.070851183103303364 0.0021460729813897574 0.0022015570398947306 -0.091791162063301984 0.12932242751201831 -0.082696451412207897 -0.034948913763005067 1.1144150476763408 -0.070851183103303364 -0.063382077671391729 0.060658217048883502 0.21460308997977295 -0.036374660585189476 -0.01606665453837337 0.1287409829047915 -0.02734427658472276 -0.11245786017045978 -0.002983012261355267 0.13027003278295801 -0.12327591936740473 0.37577663623512569 -0.0297712106145827 -0.035337498115770229 -0.018029019544311443 -0.04313061588555929 -0.05348175668332953 -0.070851183103303364 0.054840234860385098 -0.028718202907922308 -0.23668321063276665 -0.019610428659120771
leaf_weight=16940 13357 11081 8164 16596 1825 7011 2828 26342 871 7219 9192 12677 28664 24372 12968 5714 31291 10082 861 3442 2263 17269 16146 3990 4595 7990 38565 3293 580 2673
leaf_count=16940 13357 11081 8164 16596 1825 7011 2828 26342 871 7219 9192 12677 28664 24372 12968 5714 31291 10082 861 3442 2263 17269 16146 3990 4595 7990 38565 3293 580 2673
internal_value=-0.00456758 0.00393436 -0.0325101 0.00164798 -0.0163362 -0.00356236 0.00826463 -0.041569 -0.0354132 -0.00671225 0.00721639 -0.010552 -0.0054462 0.00623219 0.00484824 -0.0330084 0.00173252 0.00642867 -0.005093 0.025933 -0.00765994 -0.01109 -0.000134817 0.00264257 -0.020397 -0.0259734 0.00438374 -0.0241707 -0.00138527 -0.0170827
internal_weight=348861 267477 81384 254120 29241 142167 111953 52143 25801 89133 105683 21702 79449 96491 79895 7539 53034 21163 13538 6270 56084 27420 23365 55523 10151 8861 42555 7888 31871 9684
internal_count=348861 267477 81384 254120 29241 142167 111953 52143 25801 89133 105683 21702 79449 96491 79895 7539 53034 21163 13538 6270 56084 27420 23365 55523 10151 8861 42555 7888 31871 9684
cat_boundaries=0 2 5 8 10 13 15 17 20 22 24 26 28 29 30 32
cat_threshold=2147483650 1049088 2332082322 3493855488 2 612971540 470116457 13 2298494992 2415919360 33587200 16777216 2 8388608 2180112 436731968 280648 1073742080 86122499 4 76021780 335814664 0 278528 268697856 2150110482 1090535424 570556544 151011328 16777216 1075068928 85995778
is_linear=0
shrinkage=0.05


Tree=47
num_leaves=31
num_cat=14
split_feature=0 17 17 17 6 5 3 17 17 5 17 6 17 17 0 17 6 12 12 5 17 17 8 17 17 5 14 0 9 17
split_gain=33586.7 10507.5 4779.81 2840.05 1123.43 918.599 767.018 758.614 565.98 482.454 429.379 402.82 496.662 337.364 336.309 316.615 280.927 271.657 220.783 218.174 215.744 210.364 389.994 476.883 197.863 197.744 191.169 181.78 178.012 472.678
threshold=7.5000000000000009 0 1 2 18.500000000000004 21.250000000000004 17.500000000000004 3 4 18.750000000000004 5 10.500000000000002 6 7 14.000000000000002 8 19.500000000000004 63.500000000000007 63.500000000000007 33.750000000000007 9 10 24.500000000000004 11 12 33.750000000000007 179.93702500000003 87.500000000000014 5.5000000000000009 13
decision_type=2 9 9 9 2 2 2 9 9 2 9 2 9 9 2 9 2 2 2 2 9 9 2 9 9 2 2 2 2 9
left_child=2 -2 7 5 10 13 11 9 27 -1 -4 20 28 -3 21 -6 19 -12 26 -8 -5 22 -14 -24 -11 -10 -15 -7 -13 -30
right_child=1 3 4 6 15 8 16 -9 25 24 17 12 14 18 -16 -17 -18 -19 -20 -21 -22 -23 23 -25 -26 -27 -28 -29 29 -31
leaf_value=-0.067308623948138191 0.0020387693323202782 0.075702335785947927 -0.087201603960136875 -0.02219057087866716 -0.078561628841597522 0.19143541526758964 0.0034544874591243336 -0.067308623948138191 0.10132969694468166 -0.060212973787822137 -0.034555927555930045 -0.018211597656006353 -0.028282650083853601 0.059357891417486291 -0.033968392330049023 -0.10683496716193677 -0.07066752288884981 -0.11711212339903448 -0.26849099986212172 0.10805861032293454 0.019664397371753496 -0.035165320619404652 0.0096646305312076755 -0.1518615954042602 -0.067308623948138191 0.27164746539600204 -0.0015737822612178487 1.3188653382330076 0.0026786051513632003 -0.019459165508386
leaf_weight=16940 13357 27368 8164 5637 1825 6500 48982 26342 31280 871 12677 8059 1433 18959 15017 5714 6144 861 624 6149 5524 10181 548 1311 7990 5843 31668 1614 3566 17713
leaf_count=16940 13357 27368 8164 5637 1825 6500 48982 26342 31280 871 12677 8059 1433 18959 15017 5714 6144 861 624 6149 5524 10181 548 1311 7990 5843 31668 1614 3566 17713
internal_value=-0.00436979 0.00418784 -0.0324953 0.00191477 -0.0162952 0.00733535 -0.00323933 -0.041569 0.0130126 -0.0354132 -0.0105244 -0.00685544 -0.00853393 0.00406963 -0.0132351 -0.0329288 0.000831497 -0.00504872 0.00167476 0.00196169 0.00184123 -0.018975 -0.0079043 0.00718128 -0.0259734 0.0103883 0.00203943 0.0249754 -0.00396279 -0.00156727
internal_weight=348861 267477 81384 254120 29241 123856 130264 52143 45237 25801 21702 68989 57828 78619 28490 7539 61275 13538 51251 55131 11161 13473 3292 1859 8861 37123 50627 8114 29338 21279
internal_count=348861 267477 81384 254120 29241 123856 130264 52143 45237 25801 21702 68989 57828 78619 28490 7539 61275 13538 51251 55131 11161 13473 3292 1859 8861 37123 50627 8114 29338 21279
cat_boundaries=0 2 5 8 10 13 15 17 20 23 25 27 28 29 31
cat_threshold=2147483650 1049088 2332082322 3493855488 2 378090516 134563913 15 2298494992 2415919360 0 280576 2 8388608 2180112 553910272 2485663010 33562640 280648 2 1073742080 86122499 4 538214656 2434805762 134267136 16 134250496 16777216 0 2416443392
is_linear=0
shrinkage=0.05


Tree=48
num_leaves=31
num_cat=15
split_feature=0 17 17 3 6 17 17 3 17 5 17 5 6 17 6 5 17 17 6 17 12 17 8 17 3 17 17 14 0 17
split_gain=32780.4 10718.1 4792.78 2940.36 1122.68 861.248 758.614 722.59 543.5 482.454 432.45 370.576 349.952 330.712 328.551 350.246 402.225 319.102 273.489 399.618 268.059 227.875 281.685 368.767 290.589 204.477 197.863 189.009 187.135 186.81
threshold=7.5000000000000009 0 1 27.500000000000004 18.500000000000004 2 3 77.500000000000014 4 18.750000000000004 5 31.250000000000004 11.500000000000002 6 10.500000000000002 16.250000000000004 7 8 15.500000000000002 9 63.500000000000007 10 23.500000000000004 11 14.000000000000002 12 13 569.8828666666667 14.000000000000002 14
decision_type=2 9 9 2 2 9 9 2 9 2 9 2 2 9 2 2 9 9 2 9 2 9 2 9 2 9 9 2 2 9
left_child=2 -2 6 5 10 18 9 11 27 -1 -4 12 -5 -14 -10 16 -16 -6 19 -3 -12 22 23 -20 28 -17 -11 -7 -24 -26
right_child=1 3 4 7 17 8 -8 -9 14 26 20 -13 13 -15 15 25 -18 -19 21 -21 -22 -23 24 -25 29 -27 -28 -29 -30 -31
leaf_value=-0.063943192750731279 0.0019368308657043089 -0.0025509933920082163 -0.082841523762130012 0.12174868969305096 -0.074633547399517663 -0.031503048458352369 -0.063943192750731279 0.72557628430074006 0.0060757794100126722 -0.057202325098431039 -0.032828131178133546 0.19454927664948052 0.12157293157998428 0.022955963603631703 0.016132171337384271 -0.0012391286405033953 -0.049380713850760399 -0.10149321880383995 -0.023357591463154484 0.085378056562962545 -0.11125651722908275 -0.038547772977756981 0.0025446748937950404 0.0055876865044069751 -0.027608157536754163 -0.02686851757966089 -0.063943192750731279 -0.017502387789597052 -0.036078479206587133 0.017515606140142914
leaf_weight=16940 13357 17261 8164 16780 1825 7011 26342 4229 10875 871 12677 10821 25124 54999 1623 21143 21192 5714 981 15162 861 12337 2201 2294 1158 21800 7990 2673 479 3977
leaf_count=16940 13357 17261 8164 16780 1825 7011 26342 4229 10875 871 12677 10821 25124 54999 1623 21143 21192 5714 981 15162 861 12337 2201 2294 1158 21800 7990 2673 479 3977
internal_value=-0.00469714 0.00375715 -0.032483 0.00146146 -0.016261 -0.00331125 -0.041569 0.00752235 -0.00644121 -0.0354132 -0.0104921 0.00672645 0.00574647 0.0043714 -0.00502916 -0.0063612 -0.0113675 -0.032889 0.00152703 0.00450143 -0.00499705 -0.00258889 0.00261261 -0.00969466 0.00777351 -0.00370142 -0.0259734 -0.0175985 0.0211194 0.000808179
internal_weight=348861 267477 81384 254120 29241 142167 52143 111953 86317 25801 21702 107724 96903 80123 76633 65758 22815 7539 55850 32423 13538 23427 11090 3275 7815 42943 8861 9684 2680 5135
internal_count=348861 267477 81384 254120 29241 142167 52143 111953 86317 25801 21702 107724 96903 80123 76633 65758 22815 7539 55850 32423 13538 23427 11090 3275 7815 42943 8861 9684 2680 5135
cat_boundaries=0 2 5 8 10 13 15 17 19 22 24 27 29 31 32 35
cat_threshold=2147483650 1049088 2332082322 3493855488 2 612971524 2617600105 13 2298494992 2415919360 33587200 16777216 2 8388608 2180112 436731984 280648 134217744 2098176 1073742080 86122499 4 76021764 2483298304 76034048 2416191488 9 0 2147483648 1342439744 659602 16777216 0 2415919104 8
is_linear=0
shrinkage=0.05


Tree=49
num_leaves=31
num_cat=15
split_feature=0 17 17 3 6 3 17 17 6 5 17 6 0 17 17 17 17 3 12 17 8 17 17 8 6 17 14 9 17 17
split_gain=32493 10764.9 4858.46 2848.3 1139.13 774.15 759.107 718.642 602.711 483.211 453.357 400.59 383.279 357.398 335.267 318.649 306.068 305.304 274.997 258.328 251.262 237.541 199.696 190.184 175.159 196.89 170.373 167.811 440.9 325.466
threshold=7.5000000000000009 0 1 22.500000000000004 18.500000000000004 57.500000000000007 2 3 10.500000000000002 18.750000000000004 4 19.500000000000004 92.500000000000014 5 6 7 8 14.000000000000002 63.500000000000007 9 23.500000000000004 10 11 28.500000000000004 16.500000000000004 12 569.97155000000009 5.5000000000000009 13 14
decision_type=2 9 9 2 2 2 9 9 2 2 9 2 2 9 9 9 9 2 2 9 2 9 9 2 2 9 2 2 9 9
left_child=2 -2 6 7 10 11 9 26 13 -1 -4 16 -7 -9 27 -6 20 21 -12 -13 24 -16 -11 -22 -5 -26 -3 28 -10 -29
right_child=1 3 4 5 15 12 -8 8 14 22 18 19 -14 -15 17 -17 -18 -19 -20 -21 23 -23 -24 -25 25 -27 -28 29 -30 -31
leaf_value=-0.060746033113194736 0.0018399893224191111 -0.024913233477984065 -0.078699447574023529 0.18832799002735784 -0.070363827670730836 0.23213191348572126 -0.060746033113194736 -0.006577009479835816 -0.02320018876554002 -0.054342208843509487 -0.03118672461922687 0.047368358301506854 1.3924915794791546 0.081109153734814407 -0.02611220125419136 -0.096956600222458889 0.018860741513651649 -0.026630532046733005 -0.10569369136762861 -0.084878563551264108 0.034010769094284403 -0.036878564212720288 -0.060746033113194736 0.10073177295030328 -0.41486936749163111 0.098774734482203641 -0.018537220594139647 0.0024174411491053151 -0.0047248938749870463 -0.0040706118921599813
leaf_weight=16940 13357 6812 8164 15043 1638 14665 26342 8502 1188 871 12677 5963 1866 12306 9526 5901 45795 27027 861 6923 21949 11038 7990 19677 522 5119 2453 2177 8074 27495
leaf_count=16940 13357 6812 8164 15043 1638 14665 26342 8502 1188 871 12677 5963 1866 12306 9526 5901 45795 27027 861 6923 21949 11038 7990 19677 522 5119 2453 2177 8074 27495
internal_value=-0.00475533 0.00366181 -0.0324191 0.00136111 -0.0160866 0.00623537 -0.0415671 -0.00438773 -0.00323309 -0.0354093 -0.0102756 0.00484871 0.0163844 0.00440696 -0.00507079 -0.0328359 0.00584201 -0.00788534 -0.00465013 -0.0034844 0.00812259 -0.0124781 -0.0259621 0.00588574 0.0126281 0.00511434 -0.0177412 -0.00162798 -0.00750378 0.000205581
internal_weight=348861 267477 81384 254120 29241 137522 52143 116598 107333 25801 21702 120991 16531 20808 86525 7539 108105 47591 13538 12886 62310 20564 8861 41626 20684 5641 9265 38934 9262 29672
internal_count=348861 267477 81384 254120 29241 137522 52143 116598 107333 25801 21702 120991 16531 20808 86525 7539 108105 47591 13538 12886 62310 20564 8861 41626 20684 5641 9265 38934 9262 29672
cat_boundaries=0 2 5 7 10 12 14 17 20 23 26 29 30 32 34 36
cat_threshold=2147483650 1049088 2332082322 3493855488 2 2298494992 2415919360 33587200 16777216 2 8388608 2180112 882639120 2418291714 612967424 2617867299 9 1073742080 19013635 4 940127296 134695113 1 268964116 796705 4 150999376 2097432 4 16777216 0 81920 0 2147483648 0 2147483648
is_linear=0
shrinkage=0.05


Tree=50
num_leaves=31
num_cat=15
split_feature=0 17 17 1 6 17 0 17 5 17 6 17 17 16 17 17 8 12 8 17 17 17 13 17 6 0 5 17 17 8
split_gain=32150.1 10796.6 4993.97 2581.11 1163.73 759.107 755.296 570.451 483.211 466.46 370.583 563.296 534.867 350.382 336.28 300.458 296.411 274.035 258.104 257.344 200.233 199.696 178.295 164.896 162.66 154.145 152.244 309.906 242.363 161.693
threshold=7.5000000000000009 0 1 22.500000000000004 18.500000000000004 2 62.500000000000007 3 18.750000000000004 4 17.500000000000004 5 6 100.00643333333335 7 8 24.500000000000004 63.500000000000007 25.500000000000004 9 10 11 11.500000000000002 12 19.500000000000004 11.500000000000002 16.250000000000004 13 14 21.500000000000004
decision_type=2 9 9 2 2 9 2 9 2 9 2 9 9 2 9 9 2 2 2 9 9 9 2 9 2 2 2 9 9 2
left_child=2 -2 5 7 9 8 10 25 -1 -4 12 -12 18 23 -6 -13 22 -11 -5 -9 -18 -10 -14 -8 -17 -3 27 -21 -28 -29
right_child=1 3 4 6 14 -7 13 19 21 17 11 15 16 -15 -16 24 20 -19 -20 26 -22 -23 -24 -25 -26 -27 28 29 -30 -31
leaf_value=-0.057708731457534995 0.0017479898562981157 -0.02340023397265778 -0.074764475195322352 0.040660032503986712 -0.06684563628719431 -0.057708731457534995 0.43307505783744848 0.0041770002225483436 -0.051625098401334002 -0.032417095013681861 -0.14501394526559838 0.1275655562800706 0.19254156286533669 0.66256015967146709 -0.092108770211335955 0.038786177452889349 0.11821399068149674 -0.10040900679924719 -0.031865062996615734 0.0025513525059401411 0.041468679715620564 -0.057708731457534995 0.094565565694836096 0.085433675267727702 -0.048325302821153264 -0.030467992294359727 0.025069679834977522 0.01869967079313142 -0.0080393520212425074 -0.037698066972718186
leaf_weight=16940 13357 15030 7057 19048 1592 26342 2497 13007 871 13759 6687 5764 15070 4721 5947 12306 10110 886 11598 1968 27559 7990 12351 4467 8706 16216 11861 2426 25751 26977
leaf_count=16940 13357 15030 7057 19048 1592 26342 2497 13007 871 13759 6687 5764 15070 4721 5947 12306 10110 886 11598 1968 27559 7990 12351 4467 8706 16216 11861 2426 25751 26977
internal_value=-0.00477511 0.00359751 -0.0322926 0.00129343 -0.0157345 -0.0415671 0.00581116 -0.00432725 -0.0354093 -0.00986084 0.00471018 0.000180797 0.00629335 0.0179846 -0.0326635 0.00342343 0.00885714 -0.00475947 0.000844859 -0.00213537 0.00597972 -0.0259621 0.0128132 0.0108558 0.000646941 -0.0100749 -0.00335179 -0.00592426 -0.00120706 -0.0072094
internal_weight=348861 267477 81384 254120 29241 52143 140884 113236 25801 21702 129199 33463 95736 11685 7539 26776 65090 14645 30646 81990 37669 8861 27421 6964 21012 31246 68983 31371 37612 29403
internal_count=348861 267477 81384 254120 29241 52143 140884 113236 25801 21702 129199 33463 95736 11685 7539 26776 65090 14645 30646 81990 37669 8861 27421 6964 21012 31246 68983 31371 37612 29403
cat_boundaries=0 2 5 7 10 12 14 16 19 21 24 26 27 29 31 34
cat_threshold=2147483650 1049088 2332082322 3493855488 2 2298494992 2415919360 1477492752 50594048 2 0 2163728 553926656 3122873731 1402732820 354956562 1073742080 19013634 4 310902800 788480 33629184 134768713 9 671088640 84160 16777216 8392708 475136 0 2147484672 76026180 67240066 4
is_linear=0
shrinkage=0.05


Tree=51
num_leaves=31
num_cat=13
split_feature=0 17 17 3 6 17 17 3 0 17 5 17 17 5 17 14 6 12 6 3 17 17 17 6 17 7 7 17 12 5
split_gain=31953.8 10835 5028.47 2332.03 1175.99 894.469 759.107 604.192 483.595 533.987 483.211 459.566 364.305 352.298 336.28 289.042 271.894 266.572 253.605 288.821 212.83 211.481 203.633 202.197 199.696 188.921 189.92 187.961 170.35 164.234
threshold=7.5000000000000009 0 1 32.500000000000007 18.500000000000004 2 3 92.500000000000014 14.000000000000002 4 18.750000000000004 5 6 26.250000000000004 7 179.93702500000003 11.500000000000002 63.500000000000007 17.500000000000004 14.000000000000002 8 9 10 19.500000000000004 11 1.0000000180025095e-35 4.5000000000000009 12 63.500000000000007 26.250000000000004
decision_type=2 9 9 2 2 9 9 2 2 9 2 9 9 2 9 2 2 2 2 2 9 9 9 2 9 2 2 9 2 2
left_child=2 -2 6 5 11 15 10 13 9 -7 -1 -4 29 27 -6 22 -11 -13 19 -18 -15 -20 -3 25 -12 -14 -27 -5 -17 -10
right_child=1 3 4 7 14 8 -8 -9 12 16 24 17 23 20 -16 28 18 -19 21 -21 -22 -23 -24 -25 -26 26 -28 -29 -30 -31
leaf_value=-0.05482329488465823 0.0016605903634832053 -0.0036962232807839614 -0.071026251435556229 0.1151727519211482 -0.063503354472834603 -0.0040406551821464912 -0.05482329488465823 1.2201720471866566 -0.1627005620416731 -0.0024529841120912721 -0.049043843481267314 -0.03079624026299781 -0.049982424950682974 0.34500733559423297 -0.087503331700769141 0.00045763973980612606 -0.026067624953431335 -0.095388556459284818 -0.050285909337267488 -0.053211326954802553 0.11711749133529281 -0.0011917241893806719 0.077978708942423758 -0.10297783848135121 -0.05482329488465823 0.014277209083534359 -0.018225157835134544 0.029947714268898553 -0.18015113642217973 -0.0076373844201803823
leaf_weight=16940 13357 5285 7057 25254 1592 15461 26342 1870 5805 4343 871 13759 7427 5200 5947 38503 6566 886 4015 2220 20401 2698 17230 7190 7990 32658 13923 32841 650 4580
leaf_count=16940 13357 5285 7057 25254 1592 15461 26342 1870 5805 4343 871 13759 7427 5200 5947 38503 6566 886 4015 2220 20401 2698 17230 7190 7990 32658 13923 32841 650 4580
internal_value=-0.00482728 0.00351974 -0.0322606 0.00121158 -0.0156456 -0.00220108 -0.0415671 0.00793423 -0.00496744 -0.00975696 -0.0354093 -0.00974104 -0.00260607 0.0073062 -0.0326635 0.00259412 -0.0151823 -0.00467758 -0.0182883 -0.0238789 0.0121929 -0.0109712 0.00710859 -0.00113547 -0.0259621 -8.70241e-05 0.00109379 0.00515277 -1.27704e-06 -0.0112602
internal_weight=348861 267477 81384 254120 29241 168554 52143 85566 106886 35303 25801 21702 71583 83696 7539 61668 19842 14645 15499 8786 25601 6713 22515 61198 8861 54008 46581 58095 39153 10385
internal_count=348861 267477 81384 254120 29241 168554 52143 85566 106886 35303 25801 21702 71583 83696 7539 61668 19842 14645 15499 8786 25601 6713 22515 61198 8861 54008 46581 58095 39153 10385
cat_boundaries=0 2 5 8 10 12 14 17 20 22 24 26 27 29
cat_threshold=2147483650 1049088 2332082322 3493855488 2 109655044 2282580073 13 2298494992 2415919360 151306576 337642512 0 2163728 151027712 285213952 2 1073742080 19013634 4 528384 411648 1611661312 570556544 76021760 2147491840 16777216 805314624 346168
is_linear=0
shrinkage=0.05


Tree=52
num_leaves=31
num_cat=16
split_feature=0 17 17 3 6 17 0 17 0 5 17 6 17 17 17 8 17 17 12 17 8 17 6 6 3 17 17 17 12 17
split_gain=31579.1 10901.4 5111.22 2195.49 1181.47 759.107 657.277 587.011 512.532 483.211 435.591 415.9 557.788 496.247 349.547 343.404 259.63 236.423 235.178 226.363 222.705 218.129 247.409 285.042 210.728 199.696 183.305 179.534 179.263 153.689
threshold=7.5000000000000009 0 1 22.500000000000004 18.500000000000004 2 82.500000000000014 3 11.500000000000002 18.750000000000004 4 17.500000000000004 5 6 7 23.500000000000004 8 9 63.500000000000007 10 24.500000000000004 11 11.500000000000002 17.500000000000004 14.000000000000002 12 13 14 63.500000000000007 15
decision_type=2 9 9 2 2 9 2 9 2 2 9 2 9 9 9 2 9 9 2 9 2 9 2 2 2 9 9 9 2 9
left_child=2 -2 5 7 10 9 11 28 21 -1 -4 12 20 -13 -6 27 -10 -17 29 -15 -5 -9 -23 24 -24 -11 -25 -14 -3 -12
right_child=1 3 4 6 14 -7 -8 8 16 25 18 13 15 19 -16 17 -18 -19 -20 -21 -22 22 23 26 -26 -27 -28 -29 -30 -31
leaf_value=-0.052082130140425335 0.0015775608453090229 0.002146119479362696 -0.067474938863778408 0.049076719455339382 -0.060328186749192853 -0.052082130140425335 0.82592795159982879 -0.022847437180228081 -0.042990536789469048 -0.046591651307203955 0.023777192476637943 0.08859081764857564 0.31641494828615324 -0.13952566560962429 -0.083128165115730693 0.22101493215330878 -0.0066954456241448135 0.056285768416035609 -0.082349408551059711 -0.014176796804885329 -0.022167104199277966 -0.0023303349064867085 -0.024764243705759803 -0.069495754908809201 -0.05388330746584629 -0.052082130140425335 -0.0011580545195386982 0.12602687713230587 -0.19903456215029625 -0.046172007353228975
leaf_weight=16940 13357 40733 5254 18439 1592 26342 3406 10194 9646 871 3951 13273 7481 5299 5947 3791 36836 35594 943 17822 15703 4117 6262 3293 1835 7990 2969 16714 713 11554
leaf_count=16940 13357 40733 5254 18439 1592 26342 3406 10194 9646 871 3951 13273 7481 5299 5947 3791 36836 35594 943 17822 15703 4117 6262 3293 1835 7990 2969 16714 713 11554
internal_value=-0.00491241 0.00338552 -0.0321845 0.00107032 -0.0154337 -0.0415671 0.00534969 -0.00397691 -0.00661105 -0.0354093 -0.00951525 0.00479883 0.00649803 0.000236303 -0.032491 0.00926561 -0.00336905 0.00638695 -0.00549885 -0.00418702 0.00134106 -0.0118696 -0.0151087 -0.0182151 -0.0244103 -0.0259621 -0.0102044 0.0139554 0.000800849 -0.00402773
internal_weight=348861 267477 81384 254120 29241 52143 137522 116598 75152 25801 21702 134116 97722 36394 7539 63580 46482 39385 16448 23121 34142 28670 18476 14359 8097 8861 6262 24195 41446 15505
internal_count=348861 267477 81384 254120 29241 52143 137522 116598 75152 25801 21702 134116 97722 36394 7539 63580 46482 39385 16448 23121 34142 28670 18476 14359 8097 8861 6262 24195 41446 15505
cat_boundaries=0 2 5 7 10 12 15 18 21 24 26 28 30 31 33 35 38
cat_threshold=2147483650 1049088 2332082322 3493855488 2 2298494992 2415919360 76100612 2617863273 13 0 2162704 1402208516 354956562 9 310903060 788488 1 1073742080 19013634 4 453033984 16777472 2 134217728 81920 553926656 3120649474 184861008 2097170 16777216 1610612736 570556544 12288 411648 1879115076 67113185 4
is_linear=0
shrinkage=0.05


Tree=53
num_leaves=31
num_cat=13
split_feature=0 17 17 3 6 17 17 0 5 17 17 5 17 6 5 14 6 17 6 17 5 6 17 17 12 17 16 12 17 15
split_gain=31363.7 10931.8 5177.09 1988.24 1184.47 759.107 755.506 525.891 483.211 429.301 384.364 372.932 363.968 313.43 310.243 299.805 298.072 292.901 283.802 242.087 207.45 307.944 231.598 199.696 182.684 179.16 167.488 161.751 161.24 155.403
threshold=7.5000000000000009 0 1 32.500000000000007 18.500000000000004 2 3 92.500000000000014 18.750000000000004 4 5 16.250000000000004 6 10.500000000000002 26.250000000000004 130.19322500000001 11.500000000000002 7 17.500000000000004 8 6.2500000000000009 11.500000000000002 9 10 63.500000000000007 11 60.004275000000007 63.500000000000007 12 25.000000000000004
decision_type=2 9 9 2 2 9 9 2 2 9 9 2 9 2 2 2 2 9 2 9 2 2 9 9 2 9 2 2 9 2
left_child=2 -2 5 6 9 8 16 14 -1 -4 18 15 -6 -13 28 -12 19 -17 -8 -3 22 -22 -11 -10 -24 -16 -23 29 -5 -18
right_child=1 3 4 7 12 -7 10 -9 23 20 11 13 -14 -15 25 17 27 -19 -20 -21 21 26 24 -25 -26 -27 -28 -29 -30 -31
leaf_value=-0.049478023633404082 0.0014986828030435718 0.16702518588885101 -0.064101191920589481 0.10225813561130011 -0.05731177741173319 -0.049478023633404082 -0.026413196619159241 1.1874339925822994 -0.044262068741843755 -0.07852665426684502 -0.00024220712358502539 0.095159847894026942 -0.078971756859944175 -0.0073628211731395334 0.31104826149437381 0.015496252524965294 -0.0014996601048542502 -0.052486277413557492 -0.0057610761685871203 0.018852949023812474 0.069630947494458084 -0.020365646410036933 0.0084300910349884191 -0.049478023633404082 -0.11155045019185694 0.10845500830285709 -0.10478413937506668 -0.18860496934825255 0.024058540701405919 0.11017083922160156
leaf_weight=16940 13357 6678 5254 26505 1592 26342 9085 1944 871 2447 9378 3445 5947 51371 5157 1399 44871 21744 4576 13311 5338 3422 2640 7990 477 20401 2124 756 31559 1940
leaf_count=16940 13357 6678 5254 26505 1592 26342 9085 1944 871 2447 9378 3445 5947 51371 5157 1399 44871 21744 4576 13311 5338 3422 2640 7990 477 20401 2124 756 31559 1940
internal_value=-0.00494538 0.00332421 -0.0321243 0.00100578 -0.0152661 -0.0415671 -0.00214531 0.00721315 -0.0354093 -0.00934015 -0.00488278 -0.00366183 -0.0323451 -0.00114565 0.00661548 -0.00790412 0.00194773 -0.0109601 -0.0126801 0.00707139 -0.00535302 -0.00134142 -0.0132099 -0.0259621 -0.00410937 0.0112059 -0.0095925 -0.000204974 0.00459493 0.000165559
internal_weight=348861 267477 81384 254120 29241 52143 168554 85566 25801 21702 100998 87337 7539 54816 83622 32521 67556 23143 13661 19989 16448 10884 5564 8861 3117 25558 5546 47567 58064 46811
internal_count=348861 267477 81384 254120 29241 52143 168554 85566 25801 21702 100998 87337 7539 54816 83622 32521 67556 23143 13661 19989 16448 10884 5564 8861 3117 25558 5546 47567 58064 46811
cat_boundaries=0 2 5 7 10 12 15 18 20 23 25 26 28 30
cat_threshold=2147483650 1049088 2332082322 3493855488 2 2298494992 2415919360 612971540 2282580073 13 0 2162704 33587200 16777472 2 1073742080 19013634 4 134217728 2098176 78848 84065 4 545849344 671106050 16777216 528384 411648 805314624 477240
is_linear=0
shrinkage=0.05


Tree=54
num_leaves=31
num_cat=14
split_feature=0 17 17 1 6 17 2 5 17 17 17 14 5 0 6 17 17 0 17 17 5 6 17 17 8 12 17 16 17 5
split_gain=31229.4 10956.1 5204.7 1836.42 1185.24 759.6 616.654 483.968 452.387 417.414 372.611 337.345 330.303 326.995 270.858 281.189 259.287 246.966 214.587 211.815 207.465 297.296 230.681 199.499 196.096 182.684 168.467 168.128 144.648 138.458
threshold=7.5000000000000009 0 1 22.500000000000004 18.500000000000004 2 67.500000000000014 18.750000000000004 3 4 5 170.10554166666668 28.750000000000004 11.500000000000002 11.500000000000002 6 7 102.50000000000001 8 9 6.2500000000000009 11.500000000000002 10 11 23.500000000000004 63.500000000000007 12 60.004275000000007 13 16.250000000000004
decision_type=2 9 9 2 2 9 2 2 9 9 9 2 2 2 2 9 9 2 9 9 2 2 9 9 2 2 9 2 9 2
left_child=2 -2 5 8 9 7 11 -1 -3 -4 -6 26 16 14 18 -16 -13 -8 -10 -15 22 -22 -11 -9 -21 -24 -5 -23 -14 -18
right_child=1 3 4 6 10 -7 17 23 13 20 -12 12 28 19 15 -17 29 -19 -20 24 21 27 25 -25 -26 -27 -28 -29 -30 -31
leaf_value=-0.047004122451733868 0.0014237486628913667 0.00075847876659205235 -0.060896132324559996 0.12449633035288664 -0.054446188541146516 -0.047004122451733868 0.28618917781353304 -0.042048965304751551 0.013983081258782627 -0.074600321553502755 -0.075023169016946945 0.059198890460595878 0.17050935061262162 -0.038238982061100928 -0.02133692426255971 -0.023513921164292562 -0.046577722712897618 1.6337994204990354 -0.0008931583302043578 0.014619848553157011 0.066149400119735177 -0.019347364089535104 0.0080085864832390111 -0.047004122451733868 -0.020745275525591824 -0.10597292768226413 0.036694969928419856 -0.099544932406313347 0.041403452653993617 0.0031722159245973105
leaf_weight=16940 13357 42524 5254 19285 1592 26342 6943 871 560 2447 5947 23914 9288 8593 11000 11990 14091 1136 5296 10158 5338 3422 2640 7990 23115 477 16557 2124 16273 33397
leaf_count=16940 13357 42524 5254 19285 1592 26342 6943 871 560 2447 5947 23914 9288 8593 11000 11990 14091 1136 5296 10158 5338 3422 2640 7990 23115 477 16557 2124 16273 33397
internal_value=-0.00497662 0.00327523 -0.0320972 0.000954236 -0.0151944 -0.0415652 0.00476491 -0.0354054 -0.00378678 -0.00926643 -0.0322788 0.00394902 0.0024169 -0.0062371 -0.0103342 -0.0127795 0.00067085 0.0181768 -0.00073429 -0.00341566 -0.00533479 -0.00132304 -0.0131919 -0.0259508 -0.00160592 -0.00410937 0.00809386 -0.00943022 0.00729432 -0.00146743
internal_weight=348861 267477 81384 254120 29241 52143 140884 25801 113236 21702 7539 132805 96963 70712 28846 22990 71402 8079 5856 41866 16448 10884 5564 8861 33273 3117 35842 5546 25561 47488
internal_count=348861 267477 81384 254120 29241 52143 140884 25801 113236 21702 7539 132805 96963 70712 28846 22990 71402 8079 5856 41866 16448 10884 5564 8861 33273 3117 35842 5546 25561 47488
cat_boundaries=0 2 5 7 10 12 15 17 19 22 25 27 28 31 34
cat_threshold=2147483650 1049088 2332082322 3493855488 2 2298494992 2415919360 612971524 2617797737 13 0 2162704 1073742080 19013634 4 185893184 2097426 973078544 2147829833 33554432 536936448 2 184598528 17039616 2 545849344 671106050 16777216 1073819716 705054952 4 344465424 411848 5
is_linear=0
shrinkage=0.05


Tree=55
num_leaves=31
num_cat=14
split_feature=0 17 17 17 6 17 5 5 17 17 17 3 12 12 0 17 17 5 6 17 6 3 14 17 6 8 17 17 17 5
split_gain=31628.5 10884 5100.45 1649.12 1149.03 763.553 719.109 490.047 450.63 411.002 372.152 309.925 259.873 239.301 226.524 212.344 209.34 208.711 206.763 195.11 193.44 152.886 149.579 145.544 138.277 130.238 137.524 123.974 114.267 112.151
threshold=7.5000000000000009 0 1 2 18.500000000000004 3 18.750000000000004 18.750000000000004 4 5 6 17.500000000000004 63.500000000000007 63.500000000000007 87.500000000000014 7 8 33.750000000000007 18.500000000000004 9 10.500000000000002 14.000000000000002 50.05037500000001 10 16.500000000000004 24.500000000000004 11 12 13 16.250000000000004
decision_type=2 9 9 9 2 9 2 2 9 9 9 2 2 2 2 9 9 2 2 9 2 2 2 9 2 2 9 9 9 2
left_child=2 -2 5 6 9 7 13 -1 14 -4 -6 19 29 16 24 -9 -3 20 23 -5 -10 -21 -22 -13 -8 -25 -27 -20 -26 -11
right_child=1 3 4 11 10 -7 8 15 17 12 -12 18 -14 -15 -16 -17 -18 -19 27 21 22 -23 -24 25 28 26 -28 -29 -30 -31
leaf_value=-0.044653916329147197 0.0013525612297468294 -0.015784339814540083 -0.057597655040282761 -0.0038094432044672999 -0.051723879114089183 -0.044653916329147197 0.15957740335689963 -0.039946517039513997 0.1606518915965115 -0.069065886104824517 -0.071272010566099595 -0.046672696072197623 -0.078199638944860136 -0.18905526073077389 0.97680537659326638 -0.044653916329147197 0.012700312049358509 0.18819164813117928 -0.02221267991002316 -0.02027007804943173 0.17955686179401589 -0.018265279474485929 0.041140113767968958 0.037363605478056262 -0.099117224745945628 0.022956215474499511 -0.033695873935759478 -0.13541376337069075 0.076852454060627198 0.053496130051465057
leaf_weight=16940 13357 24997 8164 29567 1592 26342 7270 871 4374 10898 5947 2731 861 1177 1851 7990 32452 6808 5916 22530 2235 13377 57274 17444 1222 6202 11064 3204 2425 1779
leaf_count=16940 13357 24997 8164 29567 1592 26342 7270 871 4374 10898 5947 2731 861 1177 1851 7990 32452 6808 5916 22530 2235 13377 57274 17444 1222 6202 11064 3204 2425 1779
internal_value=-0.00488375 0.00342067 -0.0321771 0.00110731 -0.0154439 -0.0415499 0.00468384 -0.0353745 0.00766544 -0.00960741 -0.0322656 -0.00342853 -0.00425155 0.000440078 0.0163093 -0.0258605 0.000897318 0.00610105 -0.000310346 -0.00564652 0.005215 -0.00812289 0.00446907 0.0013341 0.0135797 0.0022091 -0.000868759 -0.0070614 0.00563477 -0.00244932
internal_weight=348861 267477 81384 254120 29241 52143 142085 25801 83459 21702 7539 112035 13538 58626 12768 8861 57449 70691 46561 65474 63883 35907 59509 37441 10917 34710 17266 9120 3647 12677
internal_count=348861 267477 81384 254120 29241 52143 142085 25801 83459 21702 7539 112035 13538 58626 12768 8861 57449 70691 46561 65474 63883 35907 59509 37441 10917 34710 17266 9120 3647 12677
cat_boundaries=0 2 5 8 10 13 15 18 19 22 24 26 28 30 32
cat_threshold=2147483650 1049088 2332082322 3493855488 2 378090500 135227465 15 2298494992 2415919360 0 280576 2 8388608 2180112 1073742080 19013634 4 16777216 344522756 131072 13 537133136 3019900082 32768 2434794752 671088640 33554592 1074790736 2499805234 0 16384
is_linear=0
shrinkage=0.05


Tree=56
num_leaves=31
num_cat=14
split_feature=0 17 17 3 6 17 17 6 17 5 3 17 17 17 0 5 17 17 5 6 17 14 17 6 12 17 6 17 12 16
split_gain=31051.5 10995.9 5200.26 1585.84 1181.61 766.028 631.002 608.938 494.888 493.865 479.096 416.434 375.634 363.769 390.359 261.13 250.612 211.329 205.57 298.595 232.137 196.571 186.75 185.233 178.156 168.703 168.417 244.167 159.862 157.186
threshold=7.5000000000000009 0 1 32.500000000000007 18.500000000000004 2 3 11.500000000000002 4 18.750000000000004 92.500000000000014 5 6 7 14.000000000000002 31.250000000000004 8 9 6.2500000000000009 11.500000000000002 10 569.8828666666667 11 19.500000000000004 63.500000000000007 12 16.500000000000004 13 63.500000000000007 60.004275000000007
decision_type=2 9 9 2 2 9 9 2 9 2 2 9 9 9 2 2 9 9 2 2 9 2 9 2 2 9 2 9 2 2
left_child=2 -2 5 6 11 9 21 8 -8 -1 15 -4 -6 28 16 22 -15 -11 20 -20 -13 -3 26 -16 -22 -25 -5 -28 -9 -21
right_child=1 3 4 10 12 -7 7 13 -10 17 -12 18 -14 14 23 -17 -18 -19 19 29 24 -23 -24 25 -26 -27 27 -29 -30 -31
leaf_value=-0.042421220512689845 0.0012849331682595279 -0.023364775568380926 -0.054971442956317867 0.14168957961735665 -0.049137685158384729 -0.042421220512689845 0.0815628402735456 0.0022366757383000648 -0.0037812698189343408 -0.037949191187538305 0.99753205309856985 -0.067417011170586391 -0.067708410037794625 -0.019389983474353036 -0.0067556331856557968 0.17504360379229916 -0.025051096345622439 -0.042421220512689845 0.066295224418989648 -0.021054802387631622 0.011061451464318318 -0.013845605161238074 0.026883264039530633 -0.22892986406530813 -0.096764299350907912 -0.047754918005829698 0.13602391394615587 -0.045290158964274956 -0.17735151456419718 -0.091636190417074936
leaf_weight=16940 13357 6328 5254 20938 1592 26342 20089 41336 19932 871 1870 2447 5947 9997 46529 9639 11582 7990 5338 3422 2640 2615 40150 2208 477 7280 6357 6612 658 2124
leaf_count=16940 13357 6328 5254 20938 1592 26342 20089 41336 19932 871 1870 2447 5947 9997 46529 9639 11582 7990 5338 3422 2640 2615 40150 2208 477 7280 6357 6612 658 2124
internal_value=-0.00503309 0.00319523 -0.0320763 0.000870027 -0.0151807 -0.0415403 -0.00194418 -0.00121945 0.00411909 -0.0353551 0.00641376 -0.00926182 -0.032239 -0.0030061 -0.0050344 0.00585452 -0.0107489 -0.0258041 -0.00533479 -0.00134142 -0.013156 -0.0148609 0.00484694 -0.00283396 -0.00404541 -0.0092011 0.0075788 0.00310355 0.000742786 -0.00946628
internal_weight=348861 267477 81384 254120 29241 52143 168554 159611 40021 25801 85566 21702 7539 119590 77596 83696 21579 8861 16448 10884 5564 8943 74057 56017 3117 9488 33907 12969 41994 5546
internal_count=348861 267477 81384 254120 29241 52143 168554 159611 40021 25801 85566 21702 7539 119590 77596 83696 21579 8861 16448 10884 5564 8943 74057 56017 3117 9488 33907 12969 41994 5546
cat_boundaries=0 2 5 7 10 13 15 18 21 24 25 27 29 31 33
cat_threshold=2147483650 1049088 2332082322 3493855488 2 2298494992 2415919360 32768 16777216 2 1140945924 738413033 13 0 2162704 1073742080 19013634 4 344536068 2550934593 9 184811840 69222704 4 16777216 545849344 671106050 805838912 34031768 17842176 570507650 805830720 264208
is_linear=0
shrinkage=0.05


Tree=57
num_leaves=31
num_cat=16
split_feature=0 17 17 17 6 17 5 5 17 17 17 17 6 6 12 17 6 17 17 12 0 17 17 7 7 5 17 17 17 8
split_gain=30992.5 11047.5 5123.5 1506.71 1152.94 766.028 627.253 493.865 430.451 413.744 377.382 376.191 274.604 271.57 261.754 211.329 201.289 255.305 246.422 195.581 191.489 190.86 177.423 162.244 161.847 159.46 541.852 208.466 208.056 410.087
threshold=7.5000000000000009 0 1 2 18.500000000000004 3 18.750000000000004 18.750000000000004 4 5 6 7 17.500000000000004 11.500000000000002 63.500000000000007 8 16.500000000000004 9 10 63.500000000000007 87.500000000000014 11 12 1.0000000180025095e-35 4.5000000000000009 16.250000000000004 13 14 15 23.500000000000004
decision_type=2 9 9 9 2 9 2 2 9 9 9 9 2 2 2 9 2 9 9 2 2 9 9 2 2 2 9 9 9 2
left_child=2 -2 5 6 9 7 19 -1 12 -4 -6 20 -5 21 -11 -9 18 -18 -13 22 -8 -10 -3 -23 -25 26 -15 -27 -29 -30
right_child=1 3 4 8 10 -7 11 15 13 14 -12 16 -14 25 -16 -17 17 -19 -20 -21 -22 23 -24 24 -26 27 -28 28 29 -31
leaf_value=-0.040300159487055343 0.0012206865098465692 0.017829356538526398 -0.051346921729739314 -0.022196536789961918 -0.046680800900465474 -0.040300159487055343 0.2059043153943991 -0.036051731628161401 -0.011812335611389635 -0.024204961882279188 -0.064322989535904901 0.01644384047147476 -0.013153324903176156 0.0031691680579704062 -0.071219723941057342 -0.040300159487055343 -0.23626154602947411 0.037701366565836031 0.12203714279707648 -0.18601797194453448 0.89864072608069356 -0.041940516761670571 -0.01500033611181264 0.085257630698616457 -0.0021014863896343882 0.0027840602835722096 -0.034598485006896863 -0.010087314367591027 -0.021652702246937938 0.0016759125322068692
leaf_weight=16940 13357 28109 8164 8577 1592 26342 9419 871 5715 12677 5947 12485 4256 3762 861 7990 1234 21329 32215 1097 1851 2165 26800 9152 4091 33189 21912 18782 4466 3514
leaf_count=16940 13357 28109 8164 8577 1592 26342 9419 871 5715 12677 5947 12485 4256 3762 861 7990 1234 21329 32215 1097 1851 2165 26800 9152 4091 33189 21912 18782 4466 3514
internal_value=-0.00512883 0.00309167 -0.0321464 0.000761028 -0.0153755 -0.0415403 0.00439059 -0.0353551 -0.00332257 -0.00952908 -0.0322258 0.00727401 -0.0119715 -0.0022818 -0.00415559 -0.0258041 0.0058545 0.0020055 0.00779866 0.000348177 0.015727 0.00279553 0.000765813 0.00568816 0.00776637 -0.0035346 -0.00683181 -0.00212257 -0.0054049 -0.0121652
internal_weight=348861 267477 81384 254120 29241 52143 134539 25801 119581 21702 7539 78533 12833 106748 13538 8861 67263 22563 44700 56006 11270 21123 54909 15408 13243 85625 25674 59951 26762 7980
internal_count=348861 267477 81384 254120 29241 52143 134539 25801 119581 21702 7539 78533 12833 106748 13538 8861 67263 22563 44700 56006 11270 21123 54909 15408 13243 85625 25674 59951 26762 7980
cat_boundaries=0 2 5 8 10 13 15 18 20 21 23 25 27 29 31 33 35
cat_threshold=2147483650 1049088 2332082322 3493855488 2 378090500 134703177 13 2298494992 2415919360 32768 16777472 2 8388608 2180112 1073742080 19013634 4 0 280576 16777216 33554432 65536 310902788 8192 135528448 270536706 33567744 354377 134217744 2150106112 537133376 872419506 1091567616 34079744
is_linear=0
shrinkage=0.05


Tree=58
num_leaves=31
num_cat=14
split_feature=0 17 17 17 6 17 5 5 17 17 17 17 14 6 17 8 17 5 6 17 17 12 16 12 6 17 14 16 17 6
split_gain=30332.9 11100.1 5424.29 1442.8 1044.8 766.028 590.494 493.865 475.178 426.753 419.661 365.322 272.559 223.72 244.546 223.03 225.815 219.218 271.919 232.137 211.329 178.156 158.692 156.35 149.764 155.15 139.018 151.209 169.281 231.814
threshold=7.5000000000000009 0 1 2 18.500000000000004 3 23.750000000000004 18.750000000000004 4 5 6 7 569.8828666666667 12.500000000000002 8 23.500000000000004 9 6.2500000000000009 11.500000000000002 10 11 63.500000000000007 60.004275000000007 63.500000000000007 16.500000000000004 12 49.901133333333341 150.13881666666668 13 21.500000000000004
decision_type=2 9 9 9 2 9 2 2 9 9 9 9 2 2 9 2 9 2 2 9 9 2 2 2 2 9 2 2 9 2
left_child=2 -2 5 6 9 7 15 -1 -6 -4 12 -8 -5 14 -12 -3 -17 19 -19 -11 -9 -21 -20 -18 -13 -26 -15 28 -28 -30
right_child=1 3 4 10 8 -7 11 20 -10 17 13 24 -14 26 -16 16 23 18 22 21 -22 -23 -24 -25 25 -27 27 -29 29 -31
leaf_value=-0.038285151512702599 0.001159652184354254 0.071632958452664042 -0.049655524722015003 -0.021086709950463779 -0.018021611107430325 -0.038285151512702599 0.39258435040884482 -0.034249145046753339 -0.064417046615199786 -0.06283591251794314 0.027505185849156535 0.10578772474389525 -0.0036346502297637251 0.030001061859966073 -0.011221718830820127 0.032849783503949494 -0.011139935264251478 0.064190711292154132 -0.018791814174136071 0.011718626985216397 -0.038285151512702599 -0.088365098186309651 -0.084049208306814505 -0.19642282949944559 -0.21462659888197244 0.044327159766736117 -0.0081801478409737182 -0.0020546182753427011 -0.028305455383208146 -0.20738650171688644
leaf_weight=16940 13357 20471 5254 8807 1919 26342 6409 871 5620 2447 18016 25783 4026 1949 12499 28701 39633 5338 3422 2640 7990 477 2124 596 796 12150 29814 21213 22010 1247
leaf_count=16940 13357 20471 5254 8807 1919 26342 6409 871 5620 2447 18016 25783 4026 1949 12499 28701 39633 5338 3422 2640 7990 477 2124 596 796 12150 29814 21213 22010 1247
internal_value=-0.00514632 0.00298624 -0.0318748 0.000650061 -0.01462 -0.0415403 0.00420181 -0.0353551 -0.0306606 -0.00905447 -0.00334599 0.00886393 -0.0118859 -0.00231833 0.00129936 0.00184841 0.000487451 -0.0050796 -0.000955531 -0.013156 -0.0258041 -0.00404541 -0.00870898 -0.00192972 0.0070278 0.00264174 -0.00376674 -0.00411259 -0.00553881 -0.00873555
internal_weight=348861 267477 81384 254120 29241 52143 134539 25801 7539 21702 119581 45138 12833 106748 30515 89401 68930 16448 10884 5564 8861 3117 5546 40229 38729 12946 76233 74284 53071 23257
internal_count=348861 267477 81384 254120 29241 52143 134539 25801 7539 21702 119581 45138 12833 106748 30515 89401 68930 16448 10884 5564 8861 3117 5546 40229 38729 12946 76233 74284 53071 23257
cat_boundaries=0 2 5 8 10 13 15 18 20 22 24 26 27 29 31
cat_threshold=2147483650 1049088 2332082322 3493855488 2 378090500 134703177 13 2298494992 2415919360 1073742080 19014658 4 0 2162704 32768 16777472 2 0 280576 1627406400 638059680 33563648 346185 545849344 671106050 16777216 33554432 65536 262464 2483557426
is_linear=0
shrinkage=0.05


Tree=59
num_leaves=31
num_cat=15
split_feature=0 17 17 3 6 17 17 3 5 17 17 5 6 6 17 17 17 17 0 17 9 17 17 2 8 12 6 17 5 17
split_gain=30027.1 11129.8 5556.21 1350.75 867.24 766.028 736.519 502.224 493.865 430.882 391.972 329.052 304.744 276.232 281.168 254.569 211.329 206.272 215.603 209.171 193.102 455.344 246.515 530.48 218.25 193.042 188.37 182.224 157.567 170.008
threshold=7.5000000000000009 0 1 22.500000000000004 18.500000000000004 2 3 92.500000000000014 18.750000000000004 4 5 33.750000000000007 10.500000000000002 11.500000000000002 6 7 8 9 11.500000000000002 10 5.5000000000000009 11 12 14.000000000000002 23.500000000000004 63.500000000000007 16.500000000000004 13 16.250000000000004 14
decision_type=2 9 9 2 2 9 9 2 2 9 9 2 2 2 9 9 9 9 2 9 2 9 9 2 2 2 2 9 2 9
left_child=2 -2 5 10 9 8 27 11 -1 -4 26 13 15 -5 -15 -12 -10 20 19 -19 21 -14 23 24 -22 -11 -3 -6 -16 -30
right_child=1 3 4 7 6 -7 -8 -9 16 25 12 -13 17 14 28 -17 -18 18 -20 -21 22 -23 -24 -25 -26 -27 -28 -29 29 -31
leaf_value=-0.036370893937067453 0.0011016695751365547 -0.019113411760732738 -0.045637780017355217 0.075481568661333764 0.00073958470902519842 -0.036370893937067453 -0.068065132869539011 0.88309419661916455 -0.032536687794415674 -0.02424814904735131 0.1671497250323517 0.13666421730042427 -0.020182977946516713 0.079290551309770765 -0.028109207980701448 0.0031357909724500036 -0.036370893937067453 -0.0099233682550771366 -0.019633758222020514 -0.038354829837632658 -0.022202093104335852 -0.0031612163740383004 0.00060147378336017354 -0.0073855652213950414 0.0027029814591319479 -0.063240482834688999 -0.01231392614652922 -0.020412070111981429 -0.022751378918393073 0.030997249281896802
leaf_weight=16940 13357 11087 8164 22455 327 26342 6198 1870 871 12677 3917 11304 1188 27421 18754 15433 7990 9021 31197 5803 155 7418 23200 423 1599 861 6157 1014 12353 43365
leaf_count=16940 13357 11087 8164 22455 327 26342 6198 1870 871 12677 3917 11304 1188 27421 18754 15433 7990 9021 31197 5803 155 7418 23200 423 1599 861 6157 1014 12353 43365
internal_value=-0.00516466 0.00292679 -0.0317581 0.000587495 -0.0142952 -0.0415403 -0.0289097 0.0039441 -0.0353551 -0.00922496 -0.00337141 0.00358933 -0.00216276 0.00284685 0.00174055 0.0034677 -0.0258041 -0.00352482 -0.00570594 -0.0106719 -0.000569235 -0.0070416 0.00162549 0.0176726 0.0298746 -0.00374225 -0.010328 0.00477424 0.000146344 0.00148067
internal_weight=348861 267477 81384 254120 29241 52143 7539 137522 25801 21702 116598 135652 99354 124348 101893 19350 8861 80004 46021 14824 33983 8606 25377 2177 1754 13538 17244 1341 74472 55718
internal_count=348861 267477 81384 254120 29241 52143 7539 137522 25801 21702 116598 135652 99354 124348 101893 19350 8861 80004 46021 14824 33983 8606 25377 2177 1754 13538 17244 1341 74472 55718
cat_boundaries=0 2 5 7 10 12 15 17 20 21 24 27 29 31 33 35
cat_threshold=2147483650 1049088 2332082322 3493855488 2 2298494992 2415919360 256 18875392 4 8388608 2180112 436256768 16777472 2 436731920 280648 1073820672 536954976 1 16777216 612967440 2550692867 9 17826112 102760496 4 0 2147483648 0 2147483648 0 1024 1091846144 388510978
is_linear=0
shrinkage=0.05


Tree=60
num_leaves=31
num_cat=15
split_feature=0 17 17 17 6 17 17 5 5 17 2 17 6 17 17 6 17 6 17 17 12 7 7 17 6 5 17 8 8 17
split_gain=29714.8 11137.3 5746.41 1220.82 921.294 766.028 735.94 563.367 493.865 455.274 344.15 339.33 258.043 272.935 266.582 222.621 211.329 195.602 224.879 182.224 163.843 163.815 224.273 246.477 188.782 193.121 169.33 156.166 154.616 173.906
threshold=7.5000000000000009 0 1 2 18.500000000000004 3 4 16.250000000000004 18.750000000000004 5 92.500000000000014 6 17.500000000000004 7 8 16.500000000000004 9 10.500000000000002 10 11 58.500000000000007 1.0000000180025095e-35 4.5000000000000009 12 10.500000000000002 21.250000000000004 13 23.500000000000004 24.500000000000004 14
decision_type=2 9 9 9 2 9 9 2 2 9 2 9 2 9 9 2 9 2 9 9 2 2 2 9 2 2 9 2 2 9
left_child=2 -2 5 7 9 8 19 17 -1 -4 12 15 14 -14 -9 -5 -10 18 -3 -6 -19 26 23 24 -23 -26 -13 -11 -16 -30
right_child=1 3 4 11 6 -7 -8 10 16 27 -12 21 13 -15 28 -17 -18 20 -20 -21 -22 22 -24 -25 25 -27 -28 -29 29 -31
leaf_value=-0.034552349240214088 0.0010465860963797091 -0.028649142278949036 -0.044890859485046522 -0.019076703864903968 0.00070260547357392511 -0.034552349240214088 -0.064661876226062051 0.030274002354833664 -0.0309098534046949 0.062193583179913949 0.83893948678820607 0.0022699108618096098 -0.12139475835851954 0.043462937897194999 0.18249089995301021 -0.011488462448246041 -0.034552349240214088 -0.0079127990636504112 0.089779013884872333 -0.019391466606382402 -0.085711285225390288 0.090930219163816078 -0.016342401696240395 -0.011226058423470776 -0.010437058303865633 0.01541168387428833 -0.041389528230807306 -0.033503588329447179 0.25171810218660529 0.057007205584808679
leaf_weight=16940 13357 3445 4890 6136 327 26342 6198 24246 871 2898 1653 4452 4709 14745 20162 3684 7990 35752 11034 1014 3573 5880 28416 22463 16778 19589 9852 13914 2310 15241
leaf_count=16940 13357 3445 4890 6136 327 26342 6198 24246 871 2898 1653 4452 4709 14745 20162 3684 7990 35752 11034 1014 3573 5880 28416 22463 16778 19589 9852 13914 2310 15241
internal_value=-0.00513743 0.00291184 -0.0315922 0.000571755 -0.0138337 -0.0415403 -0.0288964 0.00377922 -0.0353551 -0.0086075 0.00636121 -0.00317244 0.00590262 0.000878997 0.00747995 -0.0120651 -0.0258041 -0.000206304 0.00476207 0.00477424 -0.0020356 -0.00235853 -0.00159354 3.24525e-05 0.00228246 0.000939038 -0.0073406 -0.00469029 0.0101092 0.00668053
internal_weight=348861 267477 81384 254120 29241 52143 7539 136870 25801 21702 83066 117250 81413 19454 61959 9820 8861 53804 14479 1341 39325 107430 93126 64710 42247 36367 14304 16812 37713 17551
internal_count=348861 267477 81384 254120 29241 52143 7539 136870 25801 21702 83066 117250 81413 19454 61959 9820 8861 53804 14479 1341 39325 107430 93126 64710 42247 36367 14304 16812 37713 17551
cat_boundaries=0 2 5 8 10 13 15 18 20 23 24 26 28 30 32 34
cat_threshold=2147483650 1049088 2332082322 3493855488 2 344536068 134703209 13 2298494992 2415919360 256 18875392 4 0 2162688 33587200 16777216 2 67108864 134430721 344457220 8224 12 16777216 344457216 139264 0 1024 1611661632 369627280 151257168 2684355600 0 81920
is_linear=0
shrinkage=0.05


Tree=61
num_leaves=31
num_cat=16
split_feature=0 17 17 17 17 6 17 5 0 5 17 17 6 17 17 17 6 17 17 17 8 17 6 17 14 12 14 17 5 12
split_gain=28753.1 11138.6 6412.45 1100.83 769.466 814.205 766.028 493.865 482.65 408.936 340.465 304.068 247.278 311.339 301.247 211.329 185.707 216.086 168.845 147.901 146.637 170.057 143.419 193.695 139.621 134.913 130.599 129.86 125.289 123.633
threshold=7.5000000000000009 0 1 2 3 18.500000000000004 4 18.750000000000004 92.500000000000014 18.750000000000004 5 6 16.500000000000004 7 8 9 10.500000000000002 10 11 12 24.500000000000004 13 11.500000000000002 14 520.08348333333345 58.500000000000007 649.99379166666665 15 26.250000000000004 63.500000000000007
decision_type=2 9 9 9 9 2 9 2 2 2 9 9 2 9 9 9 2 9 9 9 2 9 2 9 2 2 2 9 2 2
left_child=2 -2 6 8 -4 11 7 -1 9 16 24 28 13 -11 -14 -9 17 -3 -7 -16 27 -22 23 -12 -5 -18 -25 -15 -6 -13
right_child=1 3 4 10 5 18 -8 15 -10 12 22 29 14 20 19 -17 25 -19 -20 -21 21 -23 -24 26 -26 -27 -28 -29 -30 -31
leaf_value=-0.03282473177820338 0.00099425679156075488 -0.025443821401170297 -0.014218758618993733 -0.018122868671658753 -0.042646316510794202 -0.0091322736869111631 -0.03282473177820338 -0.029364360734460162 0.86437302458307108 0.030036554008356475 0.12114920615854166 -0.056806530023206084 0.14906045117650921 0.37947112071223277 -0.2180310365112991 -0.03282473177820338 -0.0055164451806898112 0.081311744477497075 -0.061966824773569851 0.0019354737185814487 0.27336456214128763 0.057437129258090996 -0.0094265778135268277 -0.0022641872256606633 -0.011123806716790431 -0.078191108878102974 0.14699645200580777 0.15877407484844783 0.025124261203373258 -0.077545755395560662
leaf_weight=16940 13357 3536 12242 5965 4480 308 26342 871 1955 22494 3384 6871 6427 3562 2278 7990 38876 11398 4431 17731 1882 11603 85765 17318 2994 3793 963 12196 410 499
leaf_count=16940 13357 3536 12242 5965 4480 308 26342 871 1955 22494 3384 6871 6427 3562 2278 7990 38876 11398 4431 17731 1882 11603 85765 17318 2994 3793 963 12196 410 499
internal_value=-0.00500873 0.00290922 -0.0310319 0.000569 -0.0122748 -0.0191575 -0.0415403 -0.0353551 0.00359406 0.00323916 -0.00301076 -0.0123654 0.00559464 0.00760481 0.00166061 -0.0258041 4.25325e-05 0.0048413 -0.0367694 -0.0013662 0.0110057 0.00718205 -0.00222915 0.00140549 -0.0123704 -0.00163702 -0.000631458 0.0142848 -0.0220204 -0.00592141
internal_weight=348861 267477 81384 254120 29241 16999 52143 25801 137731 135776 116389 12260 78173 51737 26436 8861 57603 14934 4739 20009 29243 13485 107430 21665 8959 42669 18281 15758 4890 7370
internal_count=348861 267477 81384 254120 29241 16999 52143 25801 137731 135776 116389 12260 78173 51737 26436 8861 57603 14934 4739 20009 29243 13485 107430 21665 8959 42669 18281 15758 4890 7370
cat_boundaries=0 2 5 8 11 13 16 18 21 24 25 27 29 31 33 35 37
cat_threshold=2147483650 1049088 2332082322 3493855488 2 378090500 134703209 13 1351155968 184681507 5 2298494992 2415919360 32768 16777216 2 0 2162688 378011652 8224 13 277348352 264192 1 16777216 344457216 139264 0 2097152 0 81920 0 81920 1073758208 536871040 0 409600
is_linear=0
shrinkage=0.05


Tree=62
num_leaves=31
num_cat=17
split_feature=0 17 17 17 17 17 6 5 0 17 5 17 6 17 6 6 17 17 3 8 17 17 17 6 17 7 7 17 17 17
split_gain=27928.2 11176.3 6929.65 1047.19 890.505 766.028 621.621 493.865 446.218 375.912 331.952 280.483 221.531 211.329 205.515 204.117 253.068 213.993 198.439 178.991 171.937 156.024 134.894 183.271 130.695 130.606 189.406 231.688 142.94 126.636
threshold=7.5000000000000009 0 1 2 3 4 18.500000000000004 18.750000000000004 92.500000000000014 5 16.250000000000004 6 16.500000000000004 7 10.500000000000002 16.500000000000004 8 9 32.500000000000007 24.500000000000004 10 11 12 20.500000000000004 13 1.0000000180025095e-35 4.5000000000000009 14 15 16
decision_type=2 9 9 9 9 9 2 2 2 9 2 9 2 9 2 2 9 9 2 2 9 9 9 2 9 2 2 9 9 9
left_child=2 -2 5 8 6 7 11 -1 10 12 14 -4 -5 -9 24 17 -17 -12 25 -19 -8 -18 23 -6 -3 28 27 -27 -11 -28
right_child=1 3 4 9 22 -7 20 13 -10 18 15 -13 -14 -15 -16 16 21 19 -20 -21 -22 -23 -24 -25 -26 26 29 -29 -30 -31
leaf_value=-0.031183495189293222 0.00094454395198271266 -0.059006399008443115 -0.040514000685254507 -0.017216725238075804 -0.016009305720322199 -0.031183495189293222 -0.0086756600025656109 -0.027896142697737148 0.82258043441439321 -0.048265498276702394 0.24020795026555819 -0.0539662035220458 -0.010357848989994168 -0.031183495189293222 -0.013042434954516581 0.17155781746763063 -0.32181030169204683 0.11470398865029843 0.043208585332277144 0.028218280103515705 -0.065855114685512375 0.00563387028120701 -0.018618106488630205 0.0021627465990238458 0.081361362381167632 0.0039067406763067863 0.00016254000071267428 -0.0092145085827792361 -0.0065042918960070755 -0.019314218694812448
leaf_weight=16940 13357 1524 4890 6136 2746 26342 308 871 1944 8898 6592 4929 3684 7990 34347 4517 1077 20812 13857 18470 3717 18455 11627 1024 11019 38035 6850 26394 7121 24388
leaf_count=16940 13357 1524 4890 6136 2746 26342 308 871 1944 8898 6592 4929 3684 7990 34347 4517 1077 20812 13857 18470 3717 18455 11627 1024 11019 38035 6850 26394 7121 24388
internal_value=-0.00496946 0.00283408 -0.0306166 0.000489907 -0.0111193 -0.0415403 -0.020319 -0.0353551 0.00391649 -0.00251638 0.00352144 -0.0135503 -0.0119329 -0.0258041 0.000266581 0.00570413 0.00197306 0.00766011 -0.00177893 0.00625573 -0.036882 -0.000496367 -0.00283962 0.00537037 0.00574424 -0.00247927 -0.00177961 -0.000230486 -0.00665772 -0.00497471
internal_weight=348861 267477 81384 254120 29241 52143 13844 25801 118757 135363 116813 9819 9820 8861 46890 69923 24049 45874 125543 39282 4025 19532 15397 3770 12543 111686 95667 64429 16019 31238
internal_count=348861 267477 81384 254120 29241 52143 13844 25801 118757 135363 116813 9819 9820 8861 46890 69923 24049 45874 125543 39282 4025 19532 15397 3770 12543 111686 95667 64429 16019 31238
cat_boundaries=0 2 5 8 10 12 15 17 18 20 22 24 26 28 29 31 33 35
cat_threshold=2147483650 1049088 2332082322 3493855488 2 336147460 134563945 13 603980864 606159056 2298494992 2415919360 33587200 16777216 2 0 2162688 16777216 268959744 264192 0 344064 0 2097152 0 65536 268435712 33558560 336068608 1620050240 2483171456 1611677952 371331202 134217744 2630914
is_linear=0
shrinkage=0.05


Tree=63
num_leaves=31
num_cat=16
split_feature=0 17 17 17 17 17 5 6 0 17 17 5 17 6 6 17 17 3 6 6 17 17 17 6 8 17 17 3 6 17
split_gain=27831.5 11068.2 7281.84 908.467 788.294 766.028 493.865 414.185 386.07 300.131 284.557 278.074 211.329 183.838 171.993 223.71 223.303 167.064 159.798 158.562 197.767 143.868 139.941 245.637 138.198 171.666 135.828 149.272 146 131.136
threshold=7.5000000000000009 0 1 2 3 4 18.750000000000004 18.500000000000004 82.500000000000014 5 6 16.250000000000004 7 10.500000000000002 16.500000000000004 8 9 32.500000000000007 16.500000000000004 12.500000000000002 10 11 12 20.500000000000004 23.500000000000004 13 14 14.000000000000002 20.500000000000004 15
decision_type=2 9 9 9 9 9 2 2 2 9 9 2 9 2 2 9 9 2 2 2 9 9 9 2 2 9 9 2 2 9
left_child=2 -2 5 8 7 6 -1 10 11 18 -4 13 -8 -3 16 -16 -13 19 -5 20 -11 -9 23 -6 25 -22 -21 28 -28 -10
right_child=1 3 4 9 22 -7 12 21 29 17 -12 14 -14 -15 15 -17 -18 -19 -20 26 24 -23 -24 -25 -26 -27 27 -29 -30 -31
leaf_value=-0.029624320429828543 0.00089731675438358143 0.053068662901823063 -0.038488300650991784 -0.029716478581062411 -0.016448468019775175 -0.029624320429828543 -0.026501335562850281 -0.05093590139280884 0.80184532815701892 0.018365608620261219 -0.051267893345943533 0.0082599733935237122 -0.029624320429828543 -0.011933556791478939 -0.088582971368223448 0.018114387881489693 0.097938781597564181 0.041046162214526664 -0.010049723931451204 -0.0046954509876663058 -0.017647232749938003 -0.063732177846619692 -0.019086207002577106 0.0020546092690726602 -0.024832100266478196 0.028969690574828101 -0.035334763762873055 -0.023393206864655448 0.0011863561958748827 0.20332471536900379
leaf_weight=16940 13357 12589 4890 4892 3459 26342 871 1730 2074 16100 4929 20046 7990 34693 4661 20521 28272 13842 3312 40394 265 2295 10789 1149 10371 5333 11398 21727 2311 1319
leaf_count=16940 13357 12589 4890 4892 3459 26342 871 1730 2074 16100 4929 20046 7990 34693 4661 20521 28272 13842 3312 40394 265 2295 10789 1149 10371 5333 11398 21727 2311 1319
internal_value=-0.00473985 0.00305017 -0.0303426 0.000717349 -0.0103569 -0.0415403 -0.0353551 -0.0190126 0.00377542 -0.00220499 -0.0134892 0.00330844 -0.0258041 0.000317245 0.00523265 0.0018823 0.00697877 -0.00158069 -0.0114561 -0.00224423 0.000703171 -0.0325342 -0.00256701 0.00472066 -0.00323863 0.00309039 -0.0034907 -0.00574959 -0.0098366 0.0204097
internal_weight=348861 267477 81384 254120 29241 52143 25801 13844 124175 129945 9819 120782 8861 47282 73500 25182 48318 121741 8204 107899 32069 4025 15397 4608 15969 5598 75830 35436 13709 3393
internal_count=348861 267477 81384 254120 29241 52143 25801 13844 124175 129945 9819 120782 8861 47282 73500 25182 48318 121741 8204 107899 32069 4025 15397 4608 15969 5598 75830 35436 13709 3393
cat_boundaries=0 2 5 8 10 12 14 16 17 19 22 24 26 28 30 32 34
cat_threshold=2147483650 1049088 2332082322 3493855488 2 336147476 402999401 15 603980864 606159056 2298494992 2415919360 33587200 16777216 0 2162688 16777216 0 134299681 336068628 268435488 13 1627406400 637666688 64 606076928 269484288 33558560 134217728 2147483648 545521920 2215130130 4096 344064
is_linear=0
shrinkage=0.05


Tree=64
num_leaves=31
num_cat=14
split_feature=0 17 17 17 17 17 5 17 6 3 5 17 17 14 14 5 17 17 5 6 6 8 6 17 0 17 8 3 17 17
split_gain=27327.8 11198.6 7337.91 903.3 798.306 766.028 493.865 422.243 416.651 375.272 309.935 290.035 211.329 192.887 162.402 161.665 378.013 311.488 437.121 279.735 273.362 261.186 181.784 175.902 175.081 157.033 152.503 151.551 144.776 134.356
threshold=7.5000000000000009 0 1 2 3 4 18.750000000000004 5 18.500000000000004 102.50000000000001 23.750000000000004 6 7 129.87888333333336 520.08348333333345 16.250000000000004 8 9 21.250000000000004 10.500000000000002 10.500000000000002 21.500000000000004 19.500000000000004 10 14.000000000000002 11 23.500000000000004 14.000000000000002 12 13
decision_type=2 9 9 9 9 9 2 9 2 2 2 9 9 2 2 2 9 9 2 2 2 2 2 9 2 9 2 2 9 9
left_child=2 -2 5 9 8 6 -1 14 11 10 13 -4 -8 -3 -5 16 19 18 24 -9 -19 -18 27 -23 -17 -12 -21 -22 -10 -6
right_child=1 3 4 7 29 -7 12 15 28 -11 25 -13 -14 -15 -16 17 21 20 -20 26 22 23 -24 -25 -26 -27 -28 -29 -30 -31
leaf_value=-0.028143104408337116 0.00085245091666443786 0.057957382008969743 -0.03656388561844217 -0.014870065047118963 0.001822333208249205 -0.028143104408337116 -0.02517626878470778 -0.0020984605435450557 -0.048389106323168375 1.1725525730910717 0.25137846728640412 -0.048704498678646374 -0.028143104408337116 0.00090268538314894906 -0.0095472377348786008 0.0056178247383592787 0.031788818004875589 0.10336555998699969 -0.02260514561254845 -0.016684896589578547 -0.010264880111578379 -0.037981753271002908 -0.08367865110657835 -0.013551820820394057 -0.039197873186839073 0.045188103139204919 0.0047073502574304094 0.010584580197163308 -0.060545568954288691 -0.018131896652448277
leaf_weight=16940 13357 20209 4890 5965 4608 26342 871 423 1730 1115 5707 4929 7990 60329 2994 2880 4288 4009 10102 400 7213 17720 3857 18020 1670 34564 1863 50792 2295 10789
leaf_count=16940 13357 20209 4890 5965 4608 26342 871 423 1730 1115 5707 4929 7990 60329 2994 2880 4288 4009 10102 400 7213 17720 3857 18020 1670 34564 1863 50792 2295 10789
internal_value=-0.00492961 0.00278959 -0.0302996 0.00044308 -0.0102373 -0.0415403 -0.0353551 -0.00241971 -0.0189476 0.003547 0.0032808 -0.0134077 -0.0258041 0.00148998 -0.0128944 -0.00165724 -0.00414384 -0.000338413 -0.00692948 0.0139837 0.00112855 -0.00536241 0.000308752 -0.00676273 0.00593407 0.00686226 0.0210119 0.00100767 -0.0325093 -0.00239826
internal_weight=348861 267477 81384 254120 29241 52143 25801 132196 13844 121924 120809 9819 8861 80538 8959 123237 42714 80523 14652 2686 65871 40028 61862 35740 4550 40271 2263 58005 4025 15397
internal_count=348861 267477 81384 254120 29241 52143 25801 132196 13844 121924 120809 9819 8861 80538 8959 123237 42714 80523 14652 2686 65871 40028 61862 35740 4550 40271 2263 58005 4025 15397
cat_boundaries=0 2 5 8 10 12 15 17 18 20 22 24 26 28 30
cat_threshold=2147483650 1049088 2332082322 3493855488 2 336147460 402999401 13 603980864 606159056 2298494992 2415919360 32768 16777216 2 0 2162688 16777216 167772176 2147484672 167788560 2149582080 18104384 637669504 0 280576 64 606076928 269484288 33558560
is_linear=0
shrinkage=0.05


Tree=65
num_leaves=31
num_cat=15
split_feature=0 17 17 3 17 17 5 17 6 3 17 0 17 5 17 6 17 17 9 17 17 8 5 5 16 6 17 17 3 17
split_gain=27383.7 11178.5 7345.94 806.05 798.795 766.028 493.865 449.793 417.54 344.054 291.412 247.205 211.329 210.486 167.605 167.596 255.24 199.524 218.328 511.189 422.803 318.871 194.069 169.348 160.784 151.15 144.776 141.803 135.265 133.625
threshold=7.5000000000000009 0 1 32.500000000000007 2 3 18.750000000000004 4 18.500000000000004 102.50000000000001 5 32.500000000000007 6 31.250000000000004 7 10.500000000000002 8 9 5.5000000000000009 10 11 23.500000000000004 16.250000000000004 10.750000000000002 109.95748333333334 19.500000000000004 12 13 14.000000000000002 14
decision_type=2 9 9 2 9 9 2 9 2 2 9 2 9 2 9 2 9 9 2 9 9 2 2 2 2 2 9 9 2 9
left_child=2 -2 5 7 8 6 -1 -3 10 13 -4 15 -8 14 24 16 23 18 19 -17 21 -20 -19 -9 -5 28 -10 -21 -24 -6
right_child=1 3 4 9 29 -7 12 11 26 -11 -12 -13 -14 -15 -16 17 -18 22 20 27 -22 -23 25 -25 -26 -27 -28 -29 -30 -31
leaf_value=-0.026735949187920261 0.00080982837083123373 -0.012768816725718236 -0.03473569133752008 0.050546378886799914 0.0017312165478367448 -0.026735949187920261 -0.023917455345472405 0.017410772645453855 -0.045969651007009962 1.1139249444365185 -0.04626927374471404 0.053561686098429907 -0.026735949187920261 0.14240453235688175 0.0095964173165658199 -0.017410109551101095 -0.0053615351228168077 -0.041913015347861293 -0.019332987442942387 -0.0060630018032560079 0.0015775653933057577 0.0038149913104287949 -0.018306299608717238 0.15389209431104833 0.16695795953803538 -0.094111676733944105 -0.057518290506574268 0.025359754061807974 0.0046330563015878571 -0.017225301819825845
leaf_weight=16940 13357 12404 4890 28015 4608 26342 871 5860 1730 1117 4929 19682 7990 9824 38905 1412 11543 27398 352 6680 31953 2320 8814 5437 7705 3617 2295 3474 27608 10789
leaf_count=16940 13357 12404 4890 28015 4608 26342 871 5860 1730 1117 4929 19682 7990 9824 38905 1412 11543 27398 352 6680 31953 2320 8814 5437 7705 3617 2295 3474 27608 10789
internal_value=-0.00489751 0.00282959 -0.0302934 0.000485185 -0.0102202 -0.0415403 -0.0353551 -0.00152117 -0.0189332 0.00443751 -0.0133873 -0.000792777 -0.0258041 0.00407287 0.00316717 -0.00154835 0.00235989 -0.00233393 0.000198048 -0.00574961 0.00218484 0.0212528 -0.00406764 0.00769877 0.00563952 -0.00184945 -0.0325093 -0.00181031 -0.000881335 -0.00237879
internal_weight=348861 267477 81384 254120 29241 52143 25801 168554 13844 85566 9819 156150 8861 84449 74625 136468 22840 113628 46191 11566 34625 2672 67437 11297 35720 40039 4025 10154 36422 15397
internal_count=348861 267477 81384 254120 29241 52143 25801 168554 13844 85566 9819 156150 8861 84449 74625 136468 22840 113628 46191 11566 34625 2672 67437 11297 35720 40039 4025 10154 36422 15397
cat_boundaries=0 2 5 7 9 12 14 15 17 20 23 25 27 29 32 34
cat_threshold=2147483650 1049088 2332082322 3493855488 2 603980864 606159056 2298494992 2415919360 134266880 16777216 2 0 2162688 16777216 805839168 572999832 1073820736 771967225 13 646524944 2550676513 8 33554432 2147483648 33554432 2147483648 64 606076928 603979776 268444672 8 269484288 33558560
is_linear=0
shrinkage=0.05


Tree=66
num_leaves=31
num_cat=14
split_feature=0 17 17 17 17 3 5 17 6 0 17 14 17 17 5 5 17 5 17 16 17 17 6 3 6 14 5 17 5 17
split_gain=27386.6 11170.3 7365.22 791.774 766.028 710.477 493.865 456.449 420.91 346.079 298.348 229.523 352.495 211.329 192.167 159.007 153.988 205.796 149.16 156.313 145.686 133.382 245.105 130.876 129.383 126.481 125.289 112.502 127.241 111.735
threshold=7.5000000000000009 0 1 2 3 32.500000000000007 18.750000000000004 4 18.500000000000004 102.50000000000001 5 130.19322500000001 6 7 33.750000000000007 8.7500000000000018 8 16.250000000000004 9 109.95748333333334 10 11 20.500000000000004 14.000000000000002 19.500000000000004 69.840633333333344 26.250000000000004 12 12.000000000000002 13
decision_type=2 9 9 9 9 2 2 9 2 2 9 2 9 9 2 2 9 2 9 2 9 9 2 2 2 2 2 9 2 9
left_child=2 -2 4 8 6 7 -1 -3 10 14 26 12 -9 -8 18 -14 -13 29 19 -7 -10 22 -5 27 -19 -12 -4 -24 -29 -18
right_child=1 5 3 21 -6 9 13 11 20 -11 25 16 15 -15 -16 -17 17 24 -20 -21 -22 -23 23 -25 -26 -27 -28 28 -30 -31
leaf_value=-0.025399151728524229 0.00076933695228964538 -0.012130375889432355 -0.032998906770644078 -0.015803722106590711 -0.025399151728524229 0.048019059942459918 -0.022721582578198785 0.058974491731720313 -0.043671168456659484 1.1018693868703822 -0.050318233908898696 0.0019598247947699046 -0.048396848536416397 -0.025399151728524229 0.14191165356480048 0.00083576786029029295 -0.040953246322860265 -0.00031117916018796876 0.0098153505391373134 0.16045119248957962 -0.05464237598124555 -0.016364036728834554 -0.23265978821685424 -0.027303747401019818 -0.072397451783681802 0.012986619096392005 0.031383142057814964 0.002475786544472891 -0.016397851001531329 -0.030950449296496707
leaf_weight=16940 13357 12404 4480 3459 26342 28129 871 14868 1730 1177 1801 39609 2545 7990 8698 16551 13564 46566 39809 7753 2295 10789 142 195 4305 3128 410 721 91 18142
leaf_count=16940 13357 12404 4480 3459 26342 28129 871 14868 1730 1177 1801 39609 2545 7990 8698 16551 13564 46566 39809 7753 2295 10789 142 195 4305 3128 410 721 91 18142
internal_value=-0.00488146 0.00284604 -0.0302787 -0.0101791 -0.0415403 0.000502499 -0.0353551 -0.00138116 -0.0188538 0.00421312 -0.0132855 -0.000647413 0.00298846 -0.0258041 0.00383759 -0.00150738 -0.00165813 -0.00288726 0.00302876 0.0053661 -0.0324845 -0.0023723 0.00474231 0.0247607 -0.000917025 -0.0045657 -0.0220204 0.0323899 0.0392944 -0.00604933
internal_weight=348861 267477 81384 29241 52143 254120 25801 168554 13844 85566 9819 156150 33964 8861 84389 19096 122186 82577 75691 35882 4025 15397 4608 1149 50871 4929 4890 954 812 31706
internal_count=348861 267477 81384 29241 52143 254120 25801 168554 13844 85566 9819 156150 33964 8861 84389 19096 122186 82577 75691 35882 4025 15397 4608 1149 50871 4929 4890 954 812 31706
cat_boundaries=0 2 5 7 9 12 14 17 18 21 23 25 27 28 30
cat_threshold=2147483650 1049088 2332082322 3493855488 2 603980864 606159056 2298494992 2415919360 134266880 16777216 2 0 2162688 1073820752 672090600 5 16777216 110638080 2282237025 8 805839168 36128952 64 606076928 269484288 33558560 256 17039616 637669506
is_linear=0
shrinkage=0.05


Tree=67
num_leaves=31
num_cat=16
split_feature=0 17 17 17 17 0 17 5 17 6 17 17 12 3 17 6 7 7 6 17 17 17 6 17 17 5 17 17 5 14
split_gain=27138.8 11216.1 7442.6 766.028 720.596 683.006 514.91 493.865 369.463 336.097 294.869 211.329 204.622 200.204 193.343 216.18 150.388 160.982 198.864 159.19 150.503 138.516 137.343 131.251 129.567 125.604 187.525 174.151 125.095 120.614
threshold=7.5000000000000009 0 1 2 3 42.500000000000007 4 18.750000000000004 5 18.500000000000004 6 7 63.500000000000007 102.50000000000001 8 17.500000000000004 4.5000000000000009 1.0000000180025095e-35 10.500000000000002 9 10 11 21.500000000000004 12 13 12.750000000000002 14 15 26.250000000000004 69.840633333333344
decision_type=2 9 9 9 9 2 9 2 9 2 9 9 2 2 9 2 2 2 2 9 9 9 2 9 9 2 9 9 2 2
left_child=2 -2 3 7 9 6 -3 -1 13 10 28 -9 14 -7 15 -8 17 21 19 -19 22 -16 -20 -24 25 26 -11 -27 -4 -12
right_child=1 5 4 -5 -6 8 12 11 -10 24 29 -13 -14 -15 16 -17 -18 18 20 -21 -22 -23 23 -25 -26 27 -28 -29 -30 -31
leaf_value=-0.02412919414209802 0.00073087010467514095 -0.012881602164005468 -0.031348961432111855 -0.02412919414209802 -0.0090365432534281979 0.17947382818059393 0.056672667867309207 -0.021585503449288848 0.039764607669697229 0.010927247787518635 -0.047802322213453777 -0.02412919414209802 -0.16015234692470451 1.2531352278711738 -0.048787658045698915 -0.01419320534985289 -0.014293301403596283 0.1334592813941767 0.0036513284542207813 0.0016237595018730568 -0.0066679561667502447 0.00049008610841454474 0.0043831032847442943 -0.16244766595536975 -0.053114067592254434 -0.0091860173439546784 -0.074164814758617317 0.11401638004046376 0.029813984954924246 0.012337288141572422
leaf_weight=16940 13357 19608 4480 26342 15397 11960 30093 871 37605 213 1801 7990 1448 878 9222 11871 39867 6306 38763 4857 29007 10341 711 1583 2772 545 225 270 410 3128
leaf_count=16940 13357 19608 4480 26342 15397 11960 30093 871 37605 213 1801 7990 1448 878 9222 11871 39867 6306 38763 4857 29007 10341 711 1583 2772 545 225 270 410 3128
internal_value=-0.00493764 0.00275482 -0.0302197 -0.0415403 -0.010015 0.000406485 -0.000883507 -0.0353551 0.00561525 -0.0182907 -0.013316 -0.0258041 -6.27448e-05 0.0129359 8.56966e-05 0.0030638 -0.00080296 0.000225221 0.00120588 0.00740392 0.000218372 -0.00384655 0.00216597 -0.00972101 -0.030472 -0.0166667 0.00479452 -0.0284049 -0.022 -0.00464669
internal_weight=348861 267477 81384 52143 29241 254120 203677 25801 50443 13844 9819 8861 184069 12838 182621 41964 140657 100790 81227 11163 70064 19563 41057 2294 4025 1253 438 815 4890 4929
internal_count=348861 267477 81384 52143 29241 254120 203677 25801 50443 13844 9819 8861 184069 12838 182621 41964 140657 100790 81227 11163 70064 19563 41057 2294 4025 1253 438 815 4890 4929
cat_boundaries=0 2 5 7 9 12 14 16 17 20 23 26 29 31 33 35 37
cat_threshold=2147483650 1049088 2332082322 3493855488 2 2298494992 2415919360 603980864 606159056 134266880 18874624 2 1342717952 352304 0 2162688 16777216 67175424 134498377 9 1074016580 637730992 4 545788228 2516725888 4 1619001600 369299586 4 64 2416054272 0 606076928 0 536870912 0 536870912
is_linear=0
shrinkage=0.05


Tree=68
num_leaves=31
num_cat=15
split_feature=0 17 17 17 17 17 5 3 6 16 17 17 15 17 12 17 17 14 17 5 17 6 17 17 8 16 16 17 14 16
split_gain=27023.9 11217.2 7531.77 766.028 734.69 676.321 493.865 422.292 342.443 292.343 277.435 245.588 221.788 211.329 182.668 174.309 166.512 163.029 161.126 140.934 142.6 140.794 354.415 144.003 142.397 137.513 133.433 131.062 129.581 125.344
threshold=7.5000000000000009 0 1 2 3 4 18.750000000000004 42.500000000000007 12.500000000000002 90.241941666666676 5 6 25.000000000000004 7 58.500000000000007 8 9 759.94213333333335 10 14.500000000000002 11 11.500000000000002 12 13 23.500000000000004 30.184641666666671 20.068450000000002 14 40.129983333333335 50.144300000000008
decision_type=2 9 9 9 9 9 2 2 2 2 9 9 2 9 2 9 9 2 9 2 9 2 9 9 2 2 2 9 2 2
left_child=2 -2 3 6 17 -3 -1 12 11 26 -11 -6 14 -8 21 -16 25 -4 -19 20 29 22 -7 -23 -24 -10 -9 -28 -14 -13
right_child=1 5 4 -5 8 7 13 9 16 10 -12 19 28 -15 15 -17 -18 18 -20 -21 -22 23 24 -25 -26 -27 27 -29 -30 -31
leaf_value=-0.022922734434993111 0.000694326599441375 -0.012237522055805174 -0.0085847160907567954 -0.022922734434993111 -0.033230690360242891 0.081584287153066273 -0.020506228276824426 0.075051644697480671 -0.031021140945975346 0.34832078123809929 0.08078352043840252 -0.1390848021645005 0.21230691740441535 -0.022922734434993111 -0.098063838987769714 -0.0052068413616789934 -0.050494181388039655 0.0028038243799206608 -0.035119875709257363 0.089550188921633384 0.02830269430287613 0.0027000815010080007 0.019202169221114486 -0.0082050939017586973 -0.013903545276225594 -0.029781513360506252 0.070671471875601452 -0.047534515569105554 0.017291116466729674 -0.039049782251360736
leaf_weight=16940 13357 22968 10819 26342 2865 18866 871 17777 2124 5053 8548 1086 2038 7990 4659 6489 2597 747 549 1135 1587 42342 8258 83234 12749 4408 8002 9600 3537 1324
leaf_count=16940 13357 22968 10819 26342 2865 18866 871 17777 2124 5053 8548 1086 2038 7990 4659 6489 2597 747 549 1135 1587 42342 8258 83234 12749 4408 8002 9600 3537 1324
internal_value=-0.00492359 0.00275257 -0.0301521 -0.0415403 -0.00982701 0.000404124 -0.0353551 0.00121733 -0.0164916 0.00533891 0.011569 -0.00894711 0.000109237 -0.0258041 -0.00020074 -0.00639577 -0.0231186 -0.0004 0.016358 -0.00237262 -0.00679259 0.000216683 0.00280516 -0.000605211 -0.00166294 -0.0187557 0.00294384 -0.000142029 0.00992825 -0.0144215
internal_weight=348861 267477 81384 52143 29241 254120 25801 231152 17126 48980 13601 7997 182172 8861 176597 11148 9129 12115 1296 5132 3997 165449 39873 125576 21007 6532 35379 17602 5575 2410
internal_count=348861 267477 81384 52143 29241 254120 25801 231152 17126 48980 13601 7997 182172 8861 176597 11148 9129 12115 1296 5132 3997 165449 39873 125576 21007 6532 35379 17602 5575 2410
cat_boundaries=0 2 5 7 10 13 15 17 18 21 23 25 27 30 33 35
cat_threshold=2147483650 1049088 2332082322 3493855488 2 2298494992 2415919360 1352204548 50336803 5 151044096 18874624 2 268968192 278536 0 2162688 16777216 278724612 772145297 1 262208 740433936 1048576 33559584 603979776 671105024 1073820676 705120489 12 379069456 403449953 1 1350578240 537215016
is_linear=0
shrinkage=0.05


Tree=69
num_leaves=31
num_cat=13
split_feature=0 17 17 17 17 17 5 0 17 6 17 12 0 17 17 6 17 6 3 6 17 7 7 6 17 14 14 16 16 17
split_gain=26914.5 11234.7 7574.1 766.028 731.182 648.966 493.865 399.159 312.695 310.311 211.329 182.473 165.175 158.167 138.066 247.258 137.652 269.884 133.329 123.931 123.942 120.837 135.911 186.216 157.691 117.215 113.492 139.689 110.726 110.573
threshold=7.5000000000000009 0 1 2 3 4 18.750000000000004 42.500000000000007 5 21.500000000000004 6 63.500000000000007 122.50000000000001 7 8 20.500000000000004 9 18.500000000000004 14.000000000000002 19.500000000000004 10 4.5000000000000009 1.0000000180025095e-35 11.500000000000002 11 69.840633333333344 60.001741666666668 69.94076666666669 109.91902500000002 12
decision_type=2 9 9 9 9 9 2 2 9 2 9 2 2 9 9 2 9 2 2 2 9 2 2 2 9 2 2 2 2 9
left_child=2 -2 3 6 9 -3 -1 11 12 16 -8 13 28 19 15 -6 -4 25 -17 -7 -21 22 -15 24 -24 -18 -10 -28 -9 -25
right_child=1 5 4 -5 14 7 10 8 26 -11 -12 -13 -14 21 -16 18 17 -19 -20 20 -22 -23 23 29 -26 -27 27 -29 -30 -31
leaf_value=-0.021776597713243452 0.00065961026946927961 -0.011625645953014897 -0.028292437692480955 -0.021776597713243452 -0.014132473034051962 0.017048081734463417 -0.019480916862983214 0.11491525814265008 0.16416711175305229 -0.048969288544616421 -0.021776597713243452 -0.15159078400595424 2.1730624274157102 -0.017715677070783541 -0.015009340029075792 0.0026636331609246168 -0.043459716990213074 -0.039813022272633704 -0.025626924087293459 0.0081013562802534807 -0.070873111993973573 -0.013953217757015324 0.11600360938681789 0.0034543197950697825 0.003219554032154548 0.013209499402519054 -0.0054946657658877743 0.080952513256490208 0.2852493675678584 -0.0068767940889659764
leaf_weight=16940 13357 22968 5677 26342 3459 45956 871 9250 2758 1362 7990 1448 389 17585 10789 954 1801 1876 195 3684 3734 35898 8082 32278 7819 3128 22311 11248 4391 24321
leaf_count=16940 13357 22968 5677 26342 3459 45956 871 9250 2758 1362 7990 1448 389 17585 10789 954 1801 1876 195 3684 3734 35898 8082 32278 7819 3128 22311 11248 4391 24321
internal_value=-0.0049428 0.0027178 -0.0301202 -0.0415403 -0.00973813 0.000367528 -0.0353551 0.00116412 0.00510159 -0.0180742 -0.0258041 6.77526e-05 0.0114387 0.000210474 -0.002236 0.00500217 -0.0156145 -0.010763 0.0251088 0.00249138 -0.00350499 -0.000755994 0.000221458 0.00117793 0.00595874 -0.00463583 0.00264954 0.00184898 0.0105308 -0.000165197
internal_weight=348861 267477 81384 52143 29241 254120 25801 231152 50347 13844 8861 180805 14030 179357 15397 4608 12482 6805 1149 53374 7418 125983 90085 72500 15901 4929 36317 33559 13641 56599
internal_count=348861 267477 81384 52143 29241 254120 25801 231152 50347 13844 8861 180805 14030 179357 15397 4608 12482 6805 1149 53374 7418 125983 90085 72500 15901 4929 36317 33559 13641 56599
cat_boundaries=0 2 5 7 9 12 14 15 18 20 22 25 28 31
cat_threshold=2147483650 1049088 2332082322 3493855488 2 2298494992 2415919360 603980864 606159056 151044096 18874624 2 1342701568 483376 16777216 67703824 402933833 9 269484288 33558560 0 2162688 528400 402917376 8 1610621252 637730944 4 546308420 2214736000 4
is_linear=0
shrinkage=0.05


Tree=70
num_leaves=31
num_cat=15
split_feature=0 17 17 17 17 17 5 0 6 17 5 17 6 17 17 8 17 8 17 6 17 6 0 17 5 3 17 5 14 17
split_gain=26848.6 11249.4 7588.79 766.028 728.986 627.264 493.865 380.393 311.499 268.835 220.454 328.432 263.768 214.981 211.329 191.239 173.441 151.879 137.56 236.78 134.063 269.392 133.828 125.478 124.13 118.257 123.115 127.241 116.747 112.619
threshold=7.5000000000000009 0 1 2 3 4 18.750000000000004 57.500000000000007 21.500000000000004 5 16.250000000000004 6 10.500000000000002 7 8 25.500000000000004 9 23.500000000000004 10 20.500000000000004 11 18.500000000000004 122.50000000000001 12 36.250000000000007 14.000000000000002 13 12.000000000000002 69.840633333333344 14
decision_type=2 9 9 9 9 9 2 2 2 9 2 9 2 9 9 2 9 2 9 2 9 2 2 9 2 2 9 2 2 9
left_child=2 -2 3 6 8 -3 -1 10 20 22 11 15 23 24 -8 29 17 -13 19 -6 -4 28 -9 -12 -14 26 -21 -28 -22 -7
right_child=1 5 4 -5 18 7 14 9 -10 -11 12 16 13 -15 -16 -17 -18 -19 -20 25 21 -23 -24 -25 -26 -27 27 -29 -30 -31
leaf_value=-0.020687767827581284 0.00062662975599581117 -0.011044363655364188 -0.026877815807856909 -0.020687767827581284 -0.013425849382349364 0.026684966000906529 -0.018506871019834038 0.22791181158570029 -0.04652082411738561 0.014293405877741173 -0.0017186724706732992 -0.012984730333469675 0.015805501511332486 -0.0024445922081691054 -0.020687767827581284 -0.037958319469185667 0.0036491962304790351 0.0038874992660737464 -0.014258873027621988 -0.21895215951592351 -0.041286731140702408 -0.037822371159002 2.0644093060449245 0.13672781478417625 0.19285996366462968 -0.023807535524117851 0.0025304515028783839 -0.015399504165825651 0.012549024432393098 -0.015817607018321311
leaf_weight=16940 13357 22968 5677 26342 3546 4960 871 9601 1362 6968 1984 530 58973 61100 7990 28110 40419 1951 10649 170 1801 1876 403 6143 1607 220 721 91 3128 8403
leaf_count=16940 13357 22968 5677 26342 3546 4960 871 9601 1362 6968 1984 530 58973 61100 7990 28110 40419 1951 10649 170 1801 1876 403 6143 1607 220 721 91 3128 8403
internal_value=-0.00496258 0.00268864 -0.0301091 -0.0415403 -0.00970736 0.000336835 -0.0353551 0.00111999 -0.0180309 0.00832548 0.000549071 -0.00144063 0.00184235 0.00125986 -0.0258041 -0.00461273 0.00162666 0.014432 -0.00221652 0.00485498 -0.0155664 -0.0107777 0.013571 0.0105636 0.00337019 0.0240433 0.0314664 0.0392944 -0.00465612 0.000310559
internal_weight=348861 267477 81384 52143 29241 254120 25801 231152 13844 16972 214180 84373 129807 121680 8861 41473 42900 2481 15397 4748 12482 6805 10004 8127 60580 1202 982 812 4929 13363
internal_count=348861 267477 81384 52143 29241 254120 25801 231152 13844 16972 214180 84373 129807 121680 8861 41473 42900 2481 15397 4748 12482 6805 10004 8127 60580 1202 982 812 4929 13363
cat_boundaries=0 2 5 7 9 12 15 18 21 22 24 27 29 31 34 36
cat_threshold=2147483650 1049088 2332082322 3493855488 2 2298494992 2415919360 603980864 606159056 151044096 18874624 2 277360640 475136 4 1419575616 1040322706 1 76100672 470157513 13 16777216 33554448 2147484672 269484288 33558560 4 0 2162688 638058576 2483033090 256 0 4 852032 134348818
is_linear=0
shrinkage=0.05


Tree=71
num_leaves=31
num_cat=15
split_feature=0 17 17 17 17 17 5 3 6 16 17 17 15 12 17 17 6 16 17 6 6 17 5 14 17 17 17 5 12 17
split_gain=26822.6 11267.2 7562.69 766.028 719.424 617.883 493.865 349.91 311.499 246.937 261.461 211.329 176.047 156.284 150.224 134.063 269.392 124.868 120.099 197.167 116.346 261.715 157.575 115.472 112.559 107.836 107.504 106.098 104.371 103.875
threshold=7.5000000000000009 0 1 2 3 4 18.750000000000004 42.500000000000007 21.500000000000004 90.241941666666676 5 6 25.000000000000004 58.500000000000007 7 8 18.500000000000004 20.068450000000002 9 20.500000000000004 10.500000000000002 10 10.750000000000002 69.840633333333344 11 12 13 26.250000000000004 60.500000000000007 14
decision_type=2 9 9 9 9 9 2 2 2 2 9 9 2 2 9 9 2 2 9 2 2 9 2 2 9 9 9 2 2 9
left_child=2 -2 3 6 8 -3 -1 12 15 17 -11 -8 13 20 -15 27 23 -9 19 28 21 -7 -23 25 -19 -17 -22 -4 -6 -16
right_child=1 5 4 -5 18 7 11 9 -10 10 -12 -13 -14 14 29 16 -18 24 -20 -21 26 22 -24 -25 -26 -27 -28 -29 -30 -31
leaf_value=-0.019653379436202201 0.00059529826819604281 -0.010492145472596005 -0.025533925017464078 -0.019653379436202201 0.0073587082182414061 -0.0078817847119137426 -0.017581527468842319 0.06885541936633359 -0.044194782911516309 0.28403609946193137 0.057686915331038695 -0.019653379436202201 0.064389737390842333 -0.091873752007847823 0.0032369351974844921 0.17321319217162473 -0.035931252601051879 0.059610853591212987 -0.013545929376240906 0.002206997925925225 0.0070208485594105419 0.016393433385517308 0.12043137407991278 0.011921573210773407 -0.047097637122116613 -0.1231083810742617 -0.0035630673722552688 0.027931950324336263 -0.025138151128517805 -0.0069089448838846939
leaf_weight=16940 13357 22968 5199 26342 3079 9767 871 17777 1362 6252 7349 7990 5575 4659 147 318 1876 8002 10649 1202 18997 7196 8956 3128 9600 1483 120533 478 467 6342
leaf_count=16940 13357 22968 5199 26342 3079 9767 871 17777 1362 6252 7349 7990 5575 4659 147 318 1876 8002 10649 1202 18997 7196 8956 3128 9600 1483 120533 478 467 6342
internal_value=-0.0049944 0.00265313 -0.0301288 -0.0415403 -0.00976206 0.000299453 -0.0353551 0.00107673 -0.0180309 0.0048285 0.0105544 -0.0258041 6.80675e-05 -0.000208101 -0.00593828 -0.0155664 -0.0107777 0.00262726 -0.00232037 0.00428752 0.000178 0.00325437 0.00715877 -0.00465612 -0.000357914 -0.0147418 -0.000393464 -0.0212502 -0.00163565 -0.00100785
internal_weight=348861 267477 81384 52143 29241 254120 25801 231152 13844 48980 13601 8861 182172 176597 11148 12482 6805 35379 15397 4748 165449 25919 16152 4929 17602 1801 139530 5677 3546 6489
internal_count=348861 267477 81384 52143 29241 254120 25801 231152 13844 48980 13601 8861 182172 176597 11148 12482 6805 35379 15397 4748 165449 25919 16152 4929 17602 1801 139530 5677 3546 6489
cat_boundaries=0 2 5 7 9 12 14 15 18 20 23 25 27 29 31 33
cat_threshold=2147483650 1049088 2332082322 3493855488 2 2298494992 2415919360 603980864 606159056 151044096 18874624 2 268968192 280616 16777216 278724612 772145297 1 0 2162688 269484288 33558560 4 915931472 2416456706 1350578240 537215016 1088 67108944 102236160 264257 0 2147483648
is_linear=0
shrinkage=0.05


Tree=72
num_leaves=31
num_cat=15
split_feature=0 17 17 17 17 17 5 17 6 6 17 17 5 17 17 5 17 14 17 14 5 6 17 3 8 17 12 17 16 14
split_gain=26943.3 11189.4 7670.61 766.028 685.57 501.323 493.865 330.617 320.085 279.963 228.973 226.789 220.525 211.329 185.322 176.35 145.628 139.503 143.442 120.96 119.232 119.047 463.003 169.125 155.411 107.355 104.307 205.48 102.371 130.527
threshold=7.5000000000000009 0 1 2 3 4 18.750000000000004 5 18.500000000000004 12.500000000000002 6 7 26.250000000000004 8 9 33.750000000000007 10 69.840633333333344 11 129.87888333333336 6.2500000000000009 20.500000000000004 12 14.000000000000002 23.500000000000004 13 49.500000000000007 14 30.036158333333336 589.96595833333345
decision_type=2 9 9 9 9 9 2 9 2 2 9 9 2 9 9 2 9 2 9 2 2 2 9 2 2 9 2 9 2 2
left_child=2 -2 3 6 21 8 -1 -7 12 11 -10 20 19 -8 28 26 -12 18 -13 -3 -6 24 23 -23 -4 -14 -9 -28 -11 -30
right_child=1 5 4 -5 9 7 13 15 10 14 16 17 25 -15 -16 -17 -18 -19 -20 -21 -22 22 -24 -25 -26 -27 27 -29 29 -31
leaf_value=-0.018670710464392084 0.00056553335478621853 0.08510096015082845 0.095987970830692687 -0.018670710464392084 -0.0061427327145400674 -0.011368418755801191 -0.016702451095400184 -0.00066169836612166581 0.22363923051427861 -0.025434874972786493 -0.32920070800124784 0.16455253256304347 0.35054681976513891 -0.018670710464392084 -0.042863654847573998 0.060552566050331796 -0.042120930842776086 0.062963672094035333 -0.075650690715134417 0.015114265708930576 -0.02753394691634066 0.0028316213902491063 -0.033251518009730807 -0.025725922043957673 -0.021037515336768609 0.072302703293841475 0.0030750884376102407 -0.022682196771532093 -0.02425722876659089 -0.0082875491573907393
leaf_weight=16940 13357 13248 1651 26342 536 14212 871 128156 1594 1868 552 480 3180 7990 2614 9135 12859 2519 1885 37345 2329 1006 1067 125 9124 11027 664 22148 2535 1502
leaf_count=16940 13357 13248 1651 26342 536 14212 871 128156 1594 1868 552 480 3180 7990 2614 9135 12859 2519 1885 37345 2329 1006 1067 125 9124 11027 664 22148 2535 1502
internal_value=-0.00485681 0.0028079 -0.0300477 -0.0415403 -0.00953643 0.000462362 -0.0353551 -0.0010403 0.00374428 -0.0163718 -0.00283572 -0.00950445 0.00526852 -0.0258041 -0.0226376 -0.000391286 -0.0049661 -0.00292195 -0.011649 0.00372285 -0.0206435 -0.000958946 0.00964513 0.0317704 -0.00312297 0.0107729 -0.000799507 -0.00391461 -0.0176247 -0.0221328
internal_weight=348861 267477 81384 52143 29241 254120 25801 174315 79805 16268 15005 7749 64800 8861 8519 160103 13411 4884 2365 50593 2865 12973 2198 1131 10775 14207 150968 22812 5905 4037
internal_count=348861 267477 81384 52143 29241 254120 25801 174315 79805 16268 15005 7749 64800 8861 8519 160103 13411 4884 2365 50593 2865 12973 2198 1131 10775 14207 150968 22812 5905 4037
cat_boundaries=0 2 5 7 10 13 15 18 20 21 23 25 27 29 31 33
cat_threshold=2147483650 1049088 2332082322 3493855488 2 2298494992 2415919360 1352204548 50467875 4 603136 346185 3 134266880 18874368 524288 262144 2 0 2162688 16777216 262208 740302864 0 65536 263232 67108944 1048576 33559584 0 280576 33554432 2415919104
is_linear=0
shrinkage=0.05


Tree=73
num_leaves=31
num_cat=15
split_feature=0 17 17 17 17 17 5 6 3 17 5 14 17 17 6 17 3 17 5 8 17 6 2 8 17 17 17 0 17 6
split_gain=26180.3 11292.9 8023.16 772.923 766.524 565.472 494.631 358.058 321.038 211.127 191.299 197.943 330.041 190.365 171.108 583.313 208.034 149.581 200.416 147.932 145.25 237.128 124.939 376.821 504.736 358.004 287.48 185.991 119.195 118.747
threshold=7.5000000000000009 0 1 2 3 4 18.750000000000004 21.500000000000004 57.500000000000007 5 33.750000000000007 130.19322500000001 6 7 20.500000000000004 8 14.000000000000002 9 16.250000000000004 23.500000000000004 10 18.500000000000004 14.000000000000002 23.500000000000004 11 12 13 14.000000000000002 14 20.500000000000004
decision_type=2 9 9 9 9 9 2 2 2 9 2 2 9 9 2 9 2 9 2 2 9 2 2 2 9 9 9 2 9 2
left_child=2 -2 4 7 6 -3 -1 20 10 -8 11 12 -7 -10 19 16 -16 18 29 -5 -4 -22 23 25 -25 -19 -24 -26 -12 -13
right_child=1 5 3 14 -6 8 9 -9 13 -11 28 17 -14 -15 15 -17 -18 22 -20 -21 21 -23 26 24 27 -27 -28 -29 -30 -31
leaf_value=-0.017737174941172464 0.00053725668704691649 -0.0093991172611761278 -0.023044367328261341 0.055531217677352897 -0.017737174941172464 0.057016899322230863 -0.015867328540630155 -0.041570666308070964 0.30965374127213396 -0.017737174941172464 -0.011453672068258048 -0.044806674897187287 -0.0039461753383450929 0.057382431337919648 0.0026900403207366533 -0.031588942109244254 -0.023901583582948849 -0.015054578394128271 -0.0025124550966280526 -0.019985639569930182 -0.027854928943498704 -0.043414621143923388 -0.021217088836363196 0.0044733649637203497 0.0047796202905599832 0.00027104127140340498 0.0021589608955554953 -0.076905507479403223 0.094819623525313021 0.00014434838541674822
leaf_weight=16940 13357 15828 5677 2431 26342 23843 871 1272 5403 7990 1906 20117 20961 11119 1223 1289 141 880 47299 12676 3324 1208 2505 1505 5327 2914 77437 1992 8746 6338
leaf_count=16940 13357 15828 5677 2431 26342 23843 871 1272 5403 7990 1906 20117 20961 11119 1223 1289 141 880 47299 12676 3324 1208 2505 1505 5327 2914 77437 1992 8746 6338
internal_value=-0.00495312 0.00260228 -0.0297847 -0.00880825 -0.0415384 0.000245937 -0.0353512 -0.0189148 0.000853958 -0.0257928 0.000353068 2.32098e-05 0.00297295 0.00757778 -0.00226787 0.00944214 0.0320961 -0.000771432 -0.00245106 -0.00432581 -0.0158145 -0.00907089 0.000567138 0.005191 0.0108568 -0.00798629 -0.000162618 0.00539637 0.00689072 -0.0059365
internal_weight=348861 267477 81384 29241 52143 254120 25801 11481 238292 8861 221770 211118 44804 16522 17760 2653 1364 166314 73754 15107 10209 4532 92560 12618 8824 3794 79942 7319 10652 26455
internal_count=348861 267477 81384 29241 52143 254120 25801 11481 238292 8861 221770 211118 44804 16522 17760 2653 1364 166314 73754 15107 10209 4532 92560 12618 8824 3794 79942 7319 10652 26455
cat_boundaries=0 2 5 7 9 12 13 16 18 20 23 25 27 30 32 34
cat_threshold=2147483650 1049088 2332082322 3493855488 2 603980864 69288144 2298494992 2415919360 134266880 18874368 2 16777216 1610691652 671566312 5 276824064 278528 1048576 570430496 1627664720 637669762 4 0 2162688 0 2147483648 67109888 2147483720 1 0 2415920128 33554432 2416509968
is_linear=0
shrinkage=0.05


Tree=74
num_leaves=31
num_cat=14
split_feature=0 17 17 17 17 17 5 6 0 5 17 17 8 17 17 8 17 6 17 17 6 6 17 5 3 8 6 17 12 12
split_gain=26157.1 11331.7 7937.8 766.524 724.372 621.381 494.631 362.31 289.026 219.344 291.574 233.577 224.992 227.019 211.127 178.647 154.563 246.597 144.751 141.912 140.762 139.598 548.492 304.938 198.345 146.959 129.222 122.007 121.848 115.734
threshold=7.5000000000000009 0 1 2 3 4 18.750000000000004 21.500000000000004 72.500000000000014 18.750000000000004 5 6 21.500000000000004 7 8 23.500000000000004 9 18.500000000000004 10 11 10.500000000000002 19.500000000000004 12 12.000000000000002 14.000000000000002 23.500000000000004 19.500000000000004 13 57.500000000000007 63.500000000000007
decision_type=2 9 9 9 9 9 2 2 2 2 9 9 2 9 9 2 9 2 9 9 2 2 9 2 2 2 2 9 2 2
left_child=2 -2 3 6 7 -3 -1 16 9 10 15 26 18 -14 -8 -7 -4 29 -12 -10 -13 25 23 24 -23 -6 28 -27 -11 -18
right_child=1 5 4 -5 21 8 14 -9 19 11 12 20 13 -15 -16 -17 17 -19 -20 -21 -22 22 -24 -25 -26 27 -28 -29 -30 -31
leaf_value=-0.016850316194113858 0.00051039385269460171 -0.0089291613981172802 -0.021892148961848257 -0.016850316194113858 0.058631521631307942 -0.0114930761370605 -0.015073962113598639 -0.039492132992667406 0.37684651238913602 0.06093901790968026 -0.032309630471388399 0.066563091493802781 -0.033368987278027618 -0.0034862867628265627 -0.016850316194113858 0.0037283523540832422 0.0036657428348181756 -0.041243890086727221 0.053111443570648745 0.03376285462958855 -0.0013283215438972817 0.0027948347997774903 -0.030009495003782052 -3.9805479795473889e-05 -0.037012831096749424 -0.022972443125485145 -0.050687662974286951 -0.0061680696570301846 -0.049649347390269188 -0.083048423827281337
leaf_weight=16940 13357 22968 5677 26342 2291 595 871 1272 4078 57211 2496 3853 26871 53010 7990 2095 3071 1208 7091 2256 64587 1161 1618 646 96 7397 3919 4551 3090 253
leaf_count=16940 13357 22968 5677 26342 2291 595 871 1272 4078 57211 2496 3853 26871 53010 7990 2095 3071 1208 7091 2256 64587 1161 1618 646 96 7397 3919 4551 3090 253
internal_value=-0.00502679 0.00252526 -0.0298474 -0.0415384 -0.0089826 0.000164876 -0.0353512 -0.0187669 0.000944359 0.000647635 -0.00122616 0.00194934 -0.00171439 -0.00258322 -0.0257928 0.014963 -0.015648 -0.00869661 0.0055231 0.0114777 -8.32725e-05 -0.00265053 0.00626243 0.0243858 0.0388624 -0.00485638 0.0041149 -0.00708068 0.00468732 -0.00168472
internal_weight=348861 267477 81384 52143 29241 254120 25801 11481 231152 224818 92158 132660 89468 79881 8861 2690 10209 4532 9587 6334 68440 17760 3521 1903 1257 14239 64220 11948 60301 3324
internal_count=348861 267477 81384 52143 29241 254120 25801 11481 231152 224818 92158 132660 89468 79881 8861 2690 10209 4532 9587 6334 68440 17760 3521 1903 1257 14239 64220 11948 60301 3324
cat_boundaries=0 2 5 7 9 12 14 17 19 20 22 25 27 29 31
cat_threshold=2147483650 1049088 2332082322 3493855488 2 2298494992 2415919360 603980864 69288144 151044096 18874624 2 33554448 2147484672 344536128 134629577 5 9175360 1040322706 16777216 0 2162688 880805120 570490944 1 77824 344064 1048576 570430496 1835008 704775168
is_linear=0
shrinkage=0.05


Tree=75
num_leaves=31
num_cat=12
split_feature=0 17 17 17 17 17 5 6 0 17 17 12 17 6 17 6 0 12 17 17 6 5 6 5 17 12 14 5 7 7
split_gain=26381.1 11302.9 7828.02 766.524 691.307 499.472 494.631 362.31 270.134 214.306 211.127 155.158 154.563 246.597 153.323 148.769 140.339 137.992 131.06 121.525 163.179 128.035 180.931 116.135 119.201 115.734 107.845 105.105 104.632 139.25
threshold=7.5000000000000009 0 1 2 3 4 18.750000000000004 21.500000000000004 57.500000000000007 5 6 58.500000000000007 7 18.500000000000004 8 18.500000000000004 122.50000000000001 30.500000000000004 9 10 20.500000000000004 6.2500000000000009 11.500000000000002 10.750000000000002 11 63.500000000000007 129.87888333333336 26.250000000000004 4.5000000000000009 1.0000000180025095e-35
decision_type=2 9 9 9 9 9 2 2 2 9 9 2 9 2 9 2 2 2 9 9 2 2 2 2 9 2 2 2 2 2
left_child=2 -2 3 6 7 -3 -1 12 11 16 -8 14 27 25 15 26 -10 -17 -13 20 -6 -21 23 24 -23 -14 -7 -4 29 -16
right_child=1 5 4 -5 19 8 10 -9 9 -11 -12 18 13 -15 28 17 -18 -19 -20 21 -22 22 -24 -25 -26 -27 -28 -29 -30 -31
leaf_value=-0.016007800384408143 0.00048487416005986721 -0.010259440544224141 -0.020797541513755836 -0.016007800384408143 -0.0094119263459472094 0.08681872695139746 -0.014320264007918705 -0.037517526343034027 0.19256867966311547 0.0035770384151375015 -0.016007800384408143 -0.079179284488914897 0.0034824556930773023 -0.039181695582390846 -0.014361747226584143 -0.056276443030538914 1.8951346820982615 0.035292624643444091 -0.0016319469111055085 -0.030276946243984248 0.0018777542059000398 0.10943082641279167 -0.0055614512115452546 0.097175864864321504 -0.093596710890698154 -0.078896002635917298 0.026177632505478245 0.030158875968442002 -0.0086092642655945188 0.0032330023096617923
leaf_weight=16940 13357 21352 5199 26342 3515 12813 871 1272 9601 6968 7990 5690 3071 1208 19701 8051 403 4110 6834 3510 1079 683 6318 1442 1213 253 37526 478 39296 81775
leaf_count=16940 13357 21352 5199 26342 3515 12813 871 1272 9601 6968 7990 5690 3071 1208 19701 8051 403 4110 6834 3510 1079 683 6318 1442 1213 253 37526 478 39296 81775
internal_value=-0.00500185 0.00258247 -0.0299285 -0.0415384 -0.00920823 0.000225082 -0.0353512 -0.0187669 0.000896562 0.0069703 -0.0257928 0.000418914 -0.015648 -0.00869661 0.000751702 0.00281235 0.0116537 -0.00215032 -0.00498243 -0.00302195 0.0039748 -0.00546448 -0.00249586 0.00692031 -0.00121308 -0.00168472 0.0040118 -0.0211447 -0.000163373 0.000684891
internal_weight=348861 267477 81384 52143 29241 254120 25801 11481 232768 16972 8861 215796 10209 4532 203272 62500 10004 12161 12524 17760 4594 13166 9656 3338 1896 3324 50339 5677 140772 101476
internal_count=348861 267477 81384 52143 29241 254120 25801 11481 232768 16972 8861 215796 10209 4532 203272 62500 10004 12161 12524 17760 4594 13166 9656 3338 1896 3324 50339 5677 140772 101476
cat_boundaries=0 2 5 7 9 11 14 15 17 20 23 26 28
cat_threshold=2147483650 1049088 2332082322 3493855488 2 2298494992 2415919360 603980864 69288144 151044096 18874624 277360640 475136 4 16777216 0 2162688 603136 134498409 1 278736916 772145171 1 269484288 33558528 5 1082195968 16908321
is_linear=0
shrinkage=0.05


Tree=76
num_leaves=31
num_cat=15
split_feature=0 17 17 17 17 5 17 6 0 5 17 6 17 3 17 8 17 17 6 17 5 17 6 8 17 6 8 17 17 8
split_gain=26105.1 11317.6 8019.8 766.524 749.417 494.631 493.384 362.31 249.005 214.548 211.127 193.106 646.768 274.487 175.509 207.241 311.017 200.221 194.483 270.009 168.825 157.887 156.025 186.319 154.563 246.597 141.02 139.071 129.039 189.346
threshold=7.5000000000000009 0 1 2 3 18.750000000000004 4 21.500000000000004 102.50000000000001 38.750000000000007 5 19.500000000000004 6 14.000000000000002 7 23.500000000000004 8 9 16.500000000000004 10 12.000000000000002 11 16.500000000000004 28.500000000000004 12 18.500000000000004 23.500000000000004 13 14 23.500000000000004
decision_type=2 9 9 9 9 2 9 2 2 2 9 2 9 2 9 2 9 9 2 9 2 9 2 2 9 2 2 9 9 2
left_child=2 -2 3 5 7 -1 -3 24 9 14 -7 26 13 20 22 16 -16 18 -17 -20 -13 -22 27 28 -4 -26 -6 -8 29 -24
right_child=1 6 4 -5 11 10 8 -9 -10 -11 -12 12 -14 -15 15 17 -18 -19 19 -21 21 -23 23 -25 25 -27 -28 -29 -30 -31
leaf_value=-0.015207410365187758 0.00046063045205686494 -0.0097464685170129076 -0.019757664438068059 -0.015207410365187758 0.056170541867039958 -0.01360425080752279 0.2103233648909143 -0.035641650025882314 0.86612187564141085 0.13647398340550759 -0.015207410365187758 0.0025612053494936228 -0.027442232070901573 -0.03525607725220694 0.044923355584173846 -0.026181693445129019 -0.0031665318022289671 0.0010698883311826002 -0.062950468359230349 0.012943383619355897 0.0013740413493049442 -0.010598747987521851 -0.019945191954551602 0.0081506812723715072 -0.02453396032316504 -0.037222610803271293 -0.019026502057304918 0.02320677570894443 -0.011298507253346024 0.001539544058920983
leaf_weight=16940 13357 21352 5677 26342 2291 871 3113 1272 1184 4475 7990 1161 1618 222 31993 40780 30370 54103 6580 15378 339 181 1572 5980 3324 1208 11948 26064 9798 1378
leaf_count=16940 13357 21352 5677 26342 2291 871 3113 1272 1184 4475 7990 1161 1618 222 31993 40780 30370 54103 6580 15378 339 181 1572 5980 3324 1208 11948 26064 9798 1378
internal_value=-0.00499124 0.0025533 -0.0297872 -0.0415384 -0.00881508 -0.0353512 0.000194389 -0.0187669 0.000861765 0.00074487 -0.0257928 -0.00237479 0.00810849 0.0277836 0.000531243 -0.000187485 0.00213989 -0.00142972 -0.0033515 0.000441752 0.0348305 0.0111538 0.00321924 -0.000341734 -0.015648 -0.00869661 -0.00496875 0.00550605 -0.00375745 -0.0129054
internal_weight=348861 267477 81384 52143 29241 25801 254120 11481 232768 231584 8861 17760 3521 1903 227109 179204 62363 116841 62738 21958 1681 520 47905 18728 10209 4532 14239 29177 12748 2950
internal_count=348861 267477 81384 52143 29241 25801 254120 11481 232768 231584 8861 17760 3521 1903 227109 179204 62363 116841 62738 21958 1681 520 47905 18728 10209 4532 14239 29177 12748 2950
cat_boundaries=0 2 5 7 9 11 12 14 16 19 21 23 25 27 29 31
cat_threshold=2147483650 1049088 2332082322 3493855488 2 2298494992 2415919360 603980864 69288144 151044096 18874624 16777216 1048576 570430496 12288 2147764296 1352466516 671219760 9 1352401232 772411410 64 704774144 0 536871936 0 2162688 0 16384 0 2147500032
is_linear=0
shrinkage=0.05


Tree=77
num_leaves=31
num_cat=16
split_feature=0 17 17 17 17 5 17 6 0 5 17 17 6 17 3 8 17 17 8 14 17 5 13 6 17 17 6 17 17 17
split_gain=26169.7 11294.9 8026.51 766.524 746.237 494.631 412.725 363.314 245.023 218.279 265.68 211.127 194.153 644.912 274.487 181.332 491.122 306.002 435.99 221.501 205.602 168.825 159.624 207.185 157.887 154.796 247.724 146.7 145.289 144.345
threshold=7.5000000000000009 0 1 2 3 18.750000000000004 4 21.500000000000004 102.50000000000001 28.750000000000004 5 6 19.500000000000004 7 14.000000000000002 21.500000000000004 8 9 23.500000000000004 129.94150833333336 10 12.000000000000002 11.500000000000002 17.500000000000004 11 12 18.500000000000004 13 14 15
decision_type=2 9 9 9 9 2 9 2 2 2 9 9 2 9 2 2 9 9 2 2 9 2 2 2 9 9 2 9 9 9
left_child=2 -2 3 5 7 -1 -3 25 9 15 -11 -7 -6 14 21 16 -8 18 -17 -20 -19 -14 23 29 -23 -4 -27 -24 -25 -18
right_child=1 6 4 -5 12 11 8 -9 -10 10 -12 -13 13 -15 -16 17 22 20 19 -21 -22 24 27 28 -26 26 -28 -29 -30 -31
leaf_value=-0.01444703984692839 0.00043759892945400837 -0.0081144693897381888 -0.018769781216164641 -0.01444703984692839 -0.016608337771716865 -0.012924038267146632 -0.016597752201714579 -0.033859567524588206 0.82281578185934023 -0.016291475723432924 0.045710298967554325 -0.01444703984692839 0.0024331450820189284 -0.026070120467356486 -0.033493273389596602 -0.014512548584644503 0.21941767505515841 -0.01469952686359708 -0.00078755159785774968 0.0032788643678933306 0.0033098419189302678 0.0013053392818397126 0.042295099636104005 0.047266350459214838 -0.010068810588145773 -0.023307262307006794 -0.035361480263107752 -0.014513200489239786 -0.048859106436282308 0.043991301238266445
leaf_weight=16940 13357 22968 5677 26342 14239 871 1543 1272 1184 2148 38196 7990 1161 1618 222 393 4477 69057 339 1877 84773 339 8413 1885 181 3324 1208 8582 3101 5184
leaf_count=16940 13357 22968 5677 26342 14239 871 1543 1272 1184 2148 38196 7990 1161 1618 222 393 4477 69057 339 1877 84773 339 8413 1885 181 3324 1208 8582 3101 5184
internal_value=-0.0049557 0.00259817 -0.0297823 -0.0415384 -0.00880141 -0.0353512 0.000241609 -0.0187321 0.000876874 0.000760106 0.00409974 -0.0257928 -0.00237479 0.00813689 0.0277836 4.95718e-05 0.00340666 -0.000662559 0.0162848 0.0249549 -0.000950988 0.0348305 0.00475167 0.00857855 0.0111538 -0.0156088 -0.00865258 0.00145631 0.000300842 0.0128506
internal_weight=348861 267477 81384 52143 29241 25801 254120 11481 231152 229968 40344 8861 17760 3521 1903 189624 33185 156439 2609 2216 153830 1681 31642 14647 520 10209 4532 16995 4986 9661
internal_count=348861 267477 81384 52143 29241 25801 254120 11481 231152 229968 40344 8861 17760 3521 1903 189624 33185 156439 2609 2216 153830 1681 31642 14647 520 10209 4532 16995 4986 9661
cat_boundaries=0 2 5 7 9 12 14 15 17 19 21 23 25 27 29 32 35
cat_threshold=2147483650 1049088 2332082322 3493855488 2 2298494992 2415919360 603980864 69288144 151044096 18874624 2 33554432 2147484672 16777216 1048576 570430496 570425344 2147483648 33554432 2147483648 1352401232 1040846992 0 536871936 0 2162688 277684304 672012408 278397268 403187712 4 1323076 705120280 8
is_linear=0
shrinkage=0.05


Tree=78
num_leaves=31
num_cat=16
split_feature=0 17 17 17 17 5 17 6 5 17 17 6 17 3 17 8 6 17 17 17 6 5 17 8 17 14 17 16 6 17
split_gain=26067.5 11321.9 8039.95 766.524 723.055 494.631 419.262 368.607 237.661 234.101 211.127 172.331 607.74 261.397 165.297 227.151 155.258 163.436 157.195 147.632 248.852 146.513 154.935 138.208 128.804 124.613 122.725 120.823 118.939 280.734
threshold=7.5000000000000009 0 1 2 3 18.750000000000004 4 21.500000000000004 28.750000000000004 5 6 19.500000000000004 7 14.000000000000002 8 23.500000000000004 16.500000000000004 9 10 11 18.500000000000004 12.000000000000002 12 23.500000000000004 13 609.9758833333334 14 29.758508333333335 17.500000000000004 15
decision_type=2 9 9 9 9 2 9 2 2 9 9 2 9 2 9 2 2 9 9 9 2 2 9 2 9 2 9 2 2 9
left_child=2 -2 3 5 7 -1 -3 19 14 -10 -7 23 13 21 15 16 18 -18 -8 25 -21 -13 -23 -6 -17 -4 -25 -11 -16 -30
right_child=1 6 4 -5 11 10 8 -9 9 27 -12 12 -14 -15 28 24 17 -19 -20 20 -22 22 -24 26 -26 -27 -28 -29 29 -31
leaf_value=-0.013724687854581986 0.00041571898298133905 -0.0059319746021539114 -0.017831292155356417 -0.013724687854581986 0.05419243166227377 -0.012277836353789297 0.11070673068924908 -0.032166589148358814 0.095396318461324014 0.071949337544754854 -0.013724687854581986 0.0023114878279179686 -0.024766614443988644 -0.03181860972011679 0.0075643188026192302 -0.044250187426989031 0.14640839823704008 -0.028528699858925678 0.012699670783571282 -0.022141899191656433 -0.033593406249952378 0.0012400723177477424 -0.0095653700587384986 -0.019764006417182501 -0.0079817820186562482 -0.0016283099441112725 -0.0025640768705284425 -0.0065175049102485618 -0.095541005993978356 0.0035107895165570114
leaf_weight=16940 13357 26135 4909 26342 2291 871 5451 1272 22086 3728 7990 1161 1618 222 60746 16091 1571 8990 12887 3324 1208 339 181 7397 58439 768 4551 14004 8043 15949
leaf_count=16940 13357 26135 4909 26342 2291 871 5451 1272 22086 3728 7990 1161 1618 222 60746 16091 1571 8990 12887 3324 1208 339 181 7397 58439 768 4551 14004 8043 15949
internal_value=-0.0049944 0.0025447 -0.0297724 -0.0415384 -0.00877406 -0.0353512 0.000185338 -0.0185493 0.000873045 0.00438244 -0.0257928 -0.00244795 0.00745527 0.026529 0.000130469 -0.00121086 0.00255199 -0.00227725 0.00533319 -0.0154031 -0.00860854 0.0334027 0.0113462 -0.00489852 -0.00267007 -0.0207755 -0.00705557 0.000101454 0.00176759 -0.0012129
internal_weight=348861 267477 81384 52143 29241 25801 254120 11481 227985 39818 8861 17760 3521 1903 188167 103429 28899 10561 18338 10209 4532 1681 520 14239 74530 5677 11948 17732 84738 23992
internal_count=348861 267477 81384 52143 29241 25801 254120 11481 227985 39818 8861 17760 3521 1903 188167 103429 28899 10561 18338 10209 4532 1681 520 14239 74530 5677 11948 17732 84738 23992
cat_boundaries=0 2 5 7 9 12 15 16 18 21 22 25 27 29 31 33 35
cat_threshold=2147483650 1049088 2332082322 3493855488 2 2298494992 2415919360 603980864 69288144 151044096 287310080 2 1150824772 570837193 1 16777216 1048576 570430496 1956380996 637669522 12 277348416 262208 537002000 8 0 2162688 0 536871936 262208 537002000 1835008 704775168 66560 134299713
is_linear=0
shrinkage=0.05


Tree=79
num_leaves=31
num_cat=14
split_feature=0 17 17 17 17 5 6 17 6 5 17 17 14 5 17 17 5 8 13 5 6 17 6 16 17 17 17 16 17 14
split_gain=25132 11324.6 8852.36 766.524 644.892 494.631 467.059 412.142 227.46 223.496 211.127 177.719 172.809 141.005 156.874 139.203 140.956 138.793 129.157 124.304 201.601 190.912 174.061 210.407 166.372 146.123 118.983 115.644 118.853 115.368
threshold=7.5000000000000009 0 1 2 3 18.750000000000004 11.500000000000002 4 21.500000000000004 38.750000000000007 5 6 709.96699166666679 6.2500000000000009 7 8 12.750000000000002 21.500000000000004 11.500000000000002 13.500000000000002 10.500000000000002 9 20.500000000000004 29.758508333333335 10 11 12 30.184641666666671 13 40.129983333333335
decision_type=2 9 9 9 9 2 2 9 2 2 9 9 2 2 9 9 2 2 2 2 2 9 2 2 9 9 9 2 9 2
left_child=2 -2 3 5 12 -1 -6 -3 27 11 -7 17 13 -4 -15 -14 -17 18 -9 21 24 -13 -23 26 -21 -25 -24 28 -8 -22
right_child=1 7 4 -5 6 10 8 9 -10 -11 -12 19 15 14 -16 16 -18 -19 -20 20 29 22 23 25 -26 -27 -28 -29 -30 -31
leaf_value=-0.013038453461852884 0.00039493303383224547 -0.0055756402690811061 -0.018971952076133072 -0.013038453461852884 -0.019748197386668845 -0.011663944536099848 -0.054956370301691093 0.22317240205571878 -0.030558259690940882 0.14790149872309541 -0.013038453461852884 -0.051220681737241508 -0.0004008150080273332 -0.021434036683050883 0.0093608006459261258 0.0019566169414444003 4.4284707327024722e-05 0.023030431789520734 0.029988603236834877 0.10851667962892027 0.063286601744794085 -0.019290431150931299 0.033537585963961371 -0.048207558886817076 0.0021277353247725729 0.011536032274085707 -0.040273680539425261 -0.019102126528518771 -0.0097734345221517152 -0.0014042622244163638
leaf_weight=16940 13357 26770 3659 26342 6896 871 699 5219 1476 4332 7990 12316 666 4658 3415 752 495 36058 4340 7289 3044 8643 632 708 6515 2282 643 4559 1966 135329
leaf_count=16940 13357 26770 3659 26342 6896 871 699 5219 1476 4332 7990 12316 666 4658 3415 752 495 36058 4340 7289 3044 8643 632 708 6515 2282 643 4559 1966 135329
internal_value=-0.00486311 0.00253947 -0.0291925 -0.0415384 -0.00716044 -0.0353512 -0.0141035 0.000179829 -0.0218161 0.000870866 -0.0257928 0.000652414 0.000779934 -0.00149165 0.00219869 0.0147151 0.024463 0.00343547 0.00879276 -6.34121e-05 0.000475433 -0.0033143 0.000936678 0.00920281 0.00623732 0.0164548 -0.00780392 -0.0181617 -0.00988743 -9.93691e-05
internal_weight=348861 267477 81384 52143 29241 25801 15596 254120 8700 227350 8861 223018 13645 11732 8073 1913 1247 45617 9559 177401 152177 25224 12908 4265 13804 2990 1275 7224 2665 138373
internal_count=348861 267477 81384 52143 29241 25801 15596 254120 8700 227350 8861 223018 13645 11732 8073 1913 1247 45617 9559 177401 152177 25224 12908 4265 13804 2990 1275 7224 2665 138373
cat_boundaries=0 2 5 7 10 13 14 16 19 22 25 28 30 32 34
cat_threshold=2147483650 1049088 2332082322 3493855488 2 2298494992 2415919360 1352204548 587207713 5 151044112 287310080 2 16777216 12288 280648 1074790400 587206656 1 1073807616 16777248 4 343998720 637674643 5 1074069508 638255281 13 536871940 134217728 1572868 2148012064 536870976 81920
is_linear=0
shrinkage=0.05


Tree=80
num_leaves=31
num_cat=14
split_feature=0 17 17 17 5 17 6 17 5 6 17 5 6 17 3 17 8 17 17 5 16 17 6 6 17 17 3 6 17 8
split_gain=25326.1 11334.7 8649.08 766.524 494.631 493.74 476.525 401.279 214.767 211.63 565.072 302.477 211.553 211.127 195.533 161.134 157.808 202.516 156.378 134.516 217.753 202.652 198.106 175.782 189.476 140.757 148.105 129.711 127.179 124.414
threshold=7.5000000000000009 0 1 2 18.750000000000004 3 21.500000000000004 4 33.750000000000007 19.500000000000004 5 12.000000000000002 10.500000000000002 6 14.000000000000002 7 21.500000000000004 8 9 18.750000000000004 29.933975000000004 10 10.500000000000002 20.500000000000004 11 12 14.000000000000002 12.500000000000002 13 29.500000000000004
decision_type=2 9 9 9 2 9 2 9 2 2 9 2 2 9 2 9 2 9 9 2 2 9 2 2 9 9 2 2 9 2
left_child=2 -2 3 4 -1 6 12 -3 15 -7 11 14 -4 -6 -11 -9 17 -17 -10 20 28 -22 -21 24 -23 -25 -27 -26 -18 -24
right_child=1 7 5 -5 13 9 -8 8 18 10 -12 -13 -14 -15 -16 16 19 -19 -20 22 21 23 29 25 27 26 -28 -29 -30 -31
leaf_value=-0.012386530788760243 0.00037518638214066873 -0.0053565938585921737 -0.0076227559011082142 -0.012386530788760243 -0.011080747309294869 -0.015257760594568204 -0.029030346706393841 0.0052393565988811735 0.13899086261670687 0.0079003764440881419 -0.023508242971387851 4.2070471960675709e-05 -0.017569819717366864 -0.012386530788760243 -0.030325510081183185 0.060247657935716604 -0.051645906926152743 -0.0043753811453717262 0.015873644261736253 0.1118476125333645 -0.025129629027116532 -0.011449419665202677 -0.0082431304447759153 -0.047023218320379728 -0.0032429591782275227 0.015168829585769129 0.03710611647052682 0.0095084279091478766 -0.025037237544693804 0.019553837347667448
leaf_weight=16940 13357 26135 4799 26342 871 13854 1312 49617 6342 1127 1442 812 5808 7990 87 16985 9812 16804 6174 3947 16715 8849 45113 674 2545 1229 986 4338 18027 19828
leaf_count=16940 13357 26135 4799 26342 871 13854 1312 49617 6342 1127 1442 812 5808 7990 87 16985 9812 16804 6174 3947 16715 8849 45113 674 2545 1229 986 4338 18027 19828
internal_value=-0.00491184 0.00251928 -0.029335 -0.0415384 -0.0353512 -0.00755701 -0.0153869 0.00015858 0.000831378 -0.00216363 0.0088812 0.025835 -0.0118837 -0.0257928 0.0417628 0.000461551 -0.000286383 0.00276273 0.00719879 -0.00106654 -0.00273288 -0.000127349 0.000461619 0.00345929 0.00137935 0.0147975 0.0208315 0.00759466 -0.00604009 -0.000199412
internal_weight=348861 267477 81384 52143 25801 29241 11919 254120 227985 17322 3468 2026 10607 8861 1214 215469 165852 33789 12516 132063 63175 35336 68888 18621 15732 2889 2215 6883 27839 64941
internal_count=348861 267477 81384 52143 25801 29241 11919 254120 227985 17322 3468 2026 10607 8861 1214 215469 165852 33789 12516 132063 63175 35336 68888 18621 15732 2889 2215 6883 27839 64941
cat_boundaries=0 2 5 7 9 12 14 15 17 20 23 26 29 31 34
cat_threshold=2147483650 1049088 2332082322 3493855488 2 2298494992 2415919360 603980864 203514072 151044096 287310080 2 1310720 570430464 16777216 13312 2147765312 277676100 671744056 8 1150030160 67533000 4 590084 738394267 5 1350828096 4128 8 603979776 33562624 614203456 570429570 8
is_linear=0
shrinkage=0.05


Tree=81
num_leaves=31
num_cat=15
split_feature=0 17 17 17 17 5 6 17 6 17 3 6 17 5 17 17 6 17 5 17 5 17 17 17 16 0 6 12 17 6
split_gain=24700.1 11325.7 9246.17 766.524 593.497 494.631 396.667 363.497 218.124 491.946 232.24 214.729 211.127 204.581 167.072 166.94 168.161 162.866 157.405 158.063 141.914 183.7 171.628 128.234 172.431 125.233 132.068 120.517 139.653 108.67
threshold=7.5000000000000009 0 1 2 3 18.750000000000004 21.500000000000004 4 19.500000000000004 5 14.000000000000002 10.500000000000002 6 38.750000000000007 7 8 9.5000000000000018 9 12.000000000000002 10 6.2500000000000009 11 12 13 30.184641666666671 112.50000000000001 17.500000000000004 49.500000000000007 14 18.500000000000004
decision_type=2 9 9 9 9 2 2 9 2 9 2 2 9 2 9 9 2 9 2 9 2 9 9 9 2 2 2 2 9 2
left_child=2 -2 3 5 8 -1 11 -3 20 10 18 15 -7 17 -8 16 -6 25 -10 -20 22 29 -4 -13 -25 26 -9 -19 -29 -22
right_child=1 7 4 -5 6 12 14 13 9 -11 -12 23 -14 -15 -16 -17 -18 27 19 -21 21 -23 -24 24 -26 -27 -28 28 -30 -31
leaf_value=-0.01176720424932225 0.00035642706303367082 -0.0050419668203158354 0.015657644973407693 -0.01176720424932225 -0.041068892294359394 -0.010526709943830115 0.00092458052676875908 0.074430719783013188 0.0027494922181243277 -0.02260792771999234 -0.028809234577124032 -0.031908911413940588 -0.01176720424932225 0.1364964959172344 -0.027578829371074143 0.0016375913662485253 0.07323375976981765 0.001806612794767304 0.0011737509428960014 -0.0080175032452470592 -0.019770652825118341 0.01501174767967255 -0.024281670985939741 -0.016691328731498523 -0.017417397124388591 1.0104236121975774 -0.019258121910928596 -0.049059614713228505 0.00059217181409030326 -0.047764502004274956
leaf_weight=16940 13357 26770 1170 26342 1667 871 161 22099 1161 952 222 1406 7990 4332 1315 3821 664 162483 339 181 3691 3418 2133 2363 4199 705 9338 12252 16141 378
leaf_count=16940 13357 26770 1170 26342 1667 871 161 22099 1161 952 222 1406 7990 4332 1315 3821 664 162483 339 181 3691 3418 2133 2363 4199 705 9338 12252 16141 378
internal_value=-0.00480148 0.00253723 -0.0289209 -0.0415384 -0.00640491 -0.0353512 -0.0130655 0.000177468 0.00121201 0.0135026 0.0280972 -0.0104958 -0.0257928 0.000826443 -0.0377371 -0.00347854 -0.0139897 0.000617439 0.0345925 0.0117308 -0.00203892 0.00176973 -0.0106721 -0.0159137 -0.0188375 0.00390955 0.00344339 6.28647e-05 -0.00294263 -0.00540574
internal_weight=348861 267477 81384 52143 29241 25801 15596 254120 13645 2855 1903 14120 8861 227350 1476 6152 2331 223018 1681 520 10790 7487 3303 7968 6562 32142 31437 190876 28393 4069
internal_count=348861 267477 81384 52143 29241 25801 15596 254120 13645 2855 1903 14120 8861 227350 1476 6152 2331 223018 1681 520 10790 7487 3303 7968 6562 32142 31437 190876 28393 4069
cat_boundaries=0 2 5 7 10 13 15 16 18 20 22 24 26 29 31 33
cat_threshold=2147483650 1049088 2332082322 3493855488 2 2298494992 2415919360 1352204548 587207713 5 151044112 287310080 2 1048576 570430496 16777216 262144 131072 67108864 134283266 8192 280640 0 536871936 1074790400 587202560 1342177540 16781313 5 67109888 201392130 1351421956 771883025
is_linear=0
shrinkage=0.05


Tree=82
num_leaves=31
num_cat=12
split_feature=0 17 17 17 5 17 6 17 6 17 5 17 3 0 6 12 14 17 6 17 17 5 6 16 17 6 6 8 17 6
split_gain=25092.8 11312.9 8921.24 766.524 494.631 490.833 495.271 345.919 233.355 563.046 286.124 211.127 210.052 192.946 182.166 148.831 139.257 231.306 176.378 134.146 132.33 147.697 127.4 121.431 118.328 147.655 116.169 140.961 135.551 99.0054
threshold=7.5000000000000009 0 1 2 18.750000000000004 3 21.500000000000004 4 19.500000000000004 5 12.750000000000002 6 14.000000000000002 72.500000000000014 10.500000000000002 63.500000000000007 190.08587500000002 7 10.500000000000002 8 9 16.250000000000004 18.500000000000004 119.93754166666669 10 9.5000000000000018 14.500000000000002 28.500000000000004 11 11.500000000000002
decision_type=2 9 9 9 2 9 2 9 2 9 2 9 2 2 2 2 2 9 2 9 9 2 2 2 9 2 2 2 9 2
left_child=2 -2 3 4 29 6 14 -3 20 10 12 -6 -10 15 24 16 17 22 -18 26 -7 -22 -9 -15 25 -4 -20 -28 -29 -1
right_child=1 7 5 -5 11 8 -8 13 9 -11 -12 -13 -14 23 -16 -17 18 -19 19 -21 21 -23 -24 -25 -26 -27 27 28 -30 -31
leaf_value=-0.01117884403685614 0.00033860570988197836 -0.0076237763499414695 -0.038611095494270886 -0.01117884403685614 -0.010000374446638594 0.0089050612593746699 -0.026199887902520438 0.054370804986413293 0.0063589543719823729 -0.041472432052179431 0.0001044362390904663 -0.01117884403685614 -0.02562981314350923 0.070244746712307557 -0.015856762294923589 -0.14459703339037031 0.13525073096162485 -0.0017236136260832425 -0.010561206835723258 -0.0064493277491213703 -0.023067587436642747 0.03822717669406428 -0.016040620622059975 0.3853878720528805 -0.00086015633450671209 0.10655267561251375 0.0015250597113558584 0.0028726472582842003 0.035957705735810697 -0.01117884403685614
leaf_weight=5978 13357 17478 587 26342 871 3192 1312 35332 1301 1278 775 7990 114 3525 5808 1494 1536 30627 21312 100897 8485 2177 5408 2809 3825 387 23181 691 9830 10962
leaf_count=5978 13357 17478 587 26342 871 3192 1312 35332 1301 1278 775 7990 114 3525 5808 1494 1536 30627 21312 100897 8485 2177 5408 2809 3825 387 23181 691 9830 10962
internal_value=-0.00483416 0.00256265 -0.0291445 -0.0415384 -0.0353512 -0.00702711 -0.0148336 0.000204226 -0.00165013 0.0099481 0.0252727 -0.0257928 0.0387633 0.000705678 -0.0112614 0.000468937 0.000571643 0.00240377 -0.000258817 -0.000424922 -0.00455464 -0.00722451 0.00487117 0.00931481 -0.00405293 -0.0195122 0.00156114 0.00338852 0.00818839 -0.0403719
internal_weight=348861 267477 81384 52143 25801 29241 11919 254120 17322 3468 2190 8861 1415 236642 10607 230308 228814 71367 157447 155911 13854 10662 40740 6334 4799 974 55014 33702 10521 16940
internal_count=348861 267477 81384 52143 25801 29241 11919 254120 17322 3468 2190 8861 1415 236642 10607 230308 228814 71367 157447 155911 13854 10662 40740 6334 4799 974 55014 33702 10521 16940
cat_boundaries=0 2 5 7 9 11 13 14 17 20 23 25 27
cat_threshold=2147483650 1049088 2332082322 3493855488 2 2298494992 2415919360 603980864 203514072 151044096 18874368 1310720 570430496 16777216 1073820740 671566312 13 378012672 2147761227 1 1350631684 4097 5 0 65536 0 2147483648
is_linear=0
shrinkage=0.05


Tree=83
num_leaves=31
num_cat=14
split_feature=0 17 17 17 17 6 5 17 17 3 6 6 17 16 5 5 17 17 6 8 17 17 13 17 5 17 14 8 17 6
split_gain=24806.4 11325.7 9147.36 766.524 545.891 495.558 494.631 356.693 211.127 186.6 181.69 149.556 494.501 362.657 177.521 141.304 237.296 214.336 157.548 165.694 157.396 149.919 149.717 131.485 133.654 126.382 126.138 122.178 118.328 147.655
threshold=7.5000000000000009 0 1 2 3 21.500000000000004 18.750000000000004 4 5 97.500000000000014 10.500000000000002 19.500000000000004 6 29.758508333333335 12.750000000000002 18.750000000000004 7 8 17.500000000000004 24.500000000000004 9 10 11.500000000000002 11 16.250000000000004 12 160.10355000000001 23.500000000000004 13 9.5000000000000018
decision_type=2 9 9 9 9 2 2 9 9 2 2 2 9 2 2 2 9 9 2 2 9 9 2 9 2 9 2 2 9 2
left_child=2 -2 3 6 5 10 -1 -3 -8 15 28 23 13 -13 -15 16 26 18 19 22 -18 -20 -17 24 -6 -21 -9 -28 29 -4
right_child=1 7 4 -5 11 -7 8 9 -10 -11 -12 12 -14 14 -16 17 20 -19 21 25 -22 -23 -24 -25 -26 -27 27 -29 -30 -31
leaf_value=-0.010619901835013313 0.00032167542438790166 -0.007376924026671095 -0.036680540719557356 -0.010619901835013313 -0.037862068307809298 -0.024889893507394414 -0.0095003557243066531 -0.00044432114815080582 -0.010619901835013313 0.58680635394835756 -0.015063924180177414 -0.00076932500161754904 -0.039398810449570457 0.0065252019652741302 0.00067937955410162236 0.13090968555512142 -0.025910007956299764 -0.00075799130379579089 0.093845516046510286 0.058507531698949226 0.0015761985613535147 -0.033770115447156267 0.031160330703032105 0.00093066159520525113 0.044971028880201214 -0.0080670624758307774 -0.0096208546448006693 0.0039663406620649155 -0.00081714851778138533 0.10122504183188803
leaf_weight=16940 13357 21352 587 26342 4719 1312 871 842 7990 1408 5808 569 1278 1141 480 18155 36464 64556 3886 10530 53622 14160 11353 7985 1150 15826 405 1561 3825 387
leaf_count=16940 13357 21352 587 26342 4719 1312 871 842 7990 1408 5808 569 1278 1141 480 18155 36464 64556 3886 10530 53622 14160 11353 7985 1150 15826 405 1561 3825 387
internal_value=-0.00481725 0.00253723 -0.0289885 -0.0415384 -0.00659294 -0.0148252 -0.0353512 0.000177468 -0.0257928 0.000744916 -0.011252 -0.000923148 0.00836217 0.0227273 0.0348859 0.000634509 -0.000874115 0.00164661 0.00348485 0.00479737 -0.00132081 -0.000576305 0.00737088 -0.00324816 -0.00892159 0.00191607 0.0134138 0.0203967 -0.00405293 -0.0195122
internal_weight=348861 267477 81384 52143 29241 11919 25801 254120 8861 232768 10607 17322 3468 2190 1621 231360 92894 138466 73910 55864 90086 18046 29508 13854 5869 26356 2808 1966 4799 974
internal_count=348861 267477 81384 52143 29241 11919 25801 254120 8861 232768 10607 17322 3468 2190 1621 231360 92894 138466 73910 55864 90086 18046 29508 13854 5869 26356 2808 1966 4799 974
cat_boundaries=0 2 5 7 9 11 12 14 17 20 23 26 28 31 33
cat_threshold=2147483650 1049088 2332082322 3493855488 2 2298494992 2415919360 603980864 203514072 151044096 18874624 16777216 1310720 570430496 33554448 2147484672 2 344536128 168184011 5 1418264896 637665426 1 277348352 262146 1 1310720 570425346 67175424 33571009 4 0 65536
is_linear=0
shrinkage=0.05


Tree=84
num_leaves=31
num_cat=14
split_feature=0 17 17 17 17 6 5 17 17 6 3 15 14 7 11 6 17 6 6 17 17 17 17 17 6 17 16 5 17 5
split_gain=24955.6 11336.8 8977.95 766.524 503.632 495.558 494.631 339.115 211.127 181.69 175.103 140.508 142.525 142.089 272.832 134.33 331.995 187.044 314.628 224.58 185.901 174.65 132.043 129.243 122.165 451.871 324.505 153.506 127.011 123.25
threshold=7.5000000000000009 0 1 2 3 21.500000000000004 18.750000000000004 4 5 10.500000000000002 102.50000000000001 25.000000000000004 49.966441666666675 4.5000000000000009 1.0000000180025095e-35 21.500000000000004 6 20.500000000000004 19.500000000000004 7 8 9 10 11 19.500000000000004 12 29.758508333333335 12.750000000000002 13 16.250000000000004
decision_type=2 9 9 9 9 2 2 9 9 2 2 2 2 2 2 2 9 2 2 9 9 9 9 9 2 9 2 2 9 2
left_child=2 -2 3 6 5 9 -1 -3 -8 -4 11 13 -13 14 15 17 -17 18 21 -19 -20 -9 -16 -15 28 26 -26 -28 -6 -30
right_child=1 7 4 -5 24 -7 8 10 -10 -11 -12 12 -14 23 22 16 -18 19 20 -21 -22 -23 -24 -25 25 -27 27 -29 29 -31
leaf_value=-0.010088906743262661 0.00030559165316850216 -0.0070080778253375445 -0.0072396324317508315 -0.010088906743262661 0.00088412851544497075 -0.023645398832024701 -0.0090253379380913056 0.026540655668836167 -0.010088906743262661 -0.014310727971168547 0.67343768389511005 0.18289332741634923 0.0133280624745737 -0.015293588801560088 -0.070173494385832855 -0.14680643829477164 0.010414206431895457 -0.03723770115811318 0.0025975441910709666 0.071132002736240499 -0.11101279716797717 0.00037047901824411867 -0.0030841354016971413 0.0015572358121339392 -0.0006853372581718365 -0.018440720801648249 0.0067236751941147426 0.00064541057639653241 -0.035968964892418812 0.03843918014376007
leaf_weight=16940 13357 21352 4799 26342 4506 1312 871 71224 7990 5808 1117 2898 5119 27760 6494 2892 1726 1465 3252 3436 5105 57311 9540 33429 556 1374 1063 475 7685 1663
leaf_count=16940 13357 21352 4799 26342 4506 1312 871 71224 7990 5808 1117 2898 5119 27760 6494 2892 1726 1465 3252 3436 5105 57311 9540 33429 556 1374 1063 475 7685 1663
internal_value=-0.00486139 0.00251517 -0.0291052 -0.0415384 -0.00691771 -0.0148252 -0.0353512 0.000154252 -0.0257928 -0.011252 0.000707541 0.000612344 0.00711613 0.000379191 0.0011527 0.00183081 -0.00656128 0.00210412 0.00176051 0.0117017 -0.0076403 0.00237173 -0.00503929 -0.00167432 -0.00147127 0.00692042 0.0214829 0.03342 -0.00357298 -0.0068925
internal_weight=348861 267477 81384 52143 29241 11919 25801 254120 8861 10607 232768 231651 8017 223634 162445 146411 4618 141793 136892 4901 8357 128535 16034 61189 17322 3468 2094 1538 13854 9348
internal_count=348861 267477 81384 52143 29241 11919 25801 254120 8861 10607 232768 231651 8017 223634 162445 146411 4618 141793 136892 4901 8357 128535 16034 61189 17322 3468 2094 1538 13854 9348
cat_boundaries=0 2 5 7 9 11 12 15 18 21 24 27 29 31 34
cat_threshold=2147483650 1049088 2332082322 3493855488 2 2298494992 2415919360 603980864 203514072 151044096 18874624 16777216 1677726980 235169993 4 872489984 302268506 1 1375995140 2416707592 2 612971520 2785495240 5 1350635540 2751924224 5 1889014084 3053584528 1310720 570426400 1342243076 5121 5
is_linear=0
shrinkage=0.05


Tree=85
num_leaves=31
num_cat=15
split_feature=0 17 17 17 5 17 17 6 8 17 17 17 6 17 6 17 6 17 17 13 8 17 17 2 6 12 17 6 5 6
split_gain=24731.6 11379.6 9061.56 766.524 494.631 454.97 389.626 384.024 250.579 342.077 211.127 197.415 167.22 174.323 159.898 243.141 155.908 147.627 131.957 139.688 124.77 677.856 636.701 241.953 121.69 120.758 110.676 147.655 108.392 99.0054
threshold=7.5000000000000009 0 1 2 18.750000000000004 3 4 21.500000000000004 23.500000000000004 5 6 7 16.500000000000004 8 16.500000000000004 9 10.500000000000002 10 11 10.500000000000002 23.500000000000004 12 13 14.000000000000002 20.500000000000004 1.5000000000000002 14 9.5000000000000018 21.250000000000004 11.500000000000002
decision_type=2 9 9 9 2 9 9 2 2 9 9 9 2 9 2 9 2 9 9 2 2 9 9 2 2 2 9 2 2 2
left_child=2 -2 3 4 29 7 20 16 9 12 -6 28 -8 -14 18 -16 26 -7 19 -11 21 -3 23 24 -22 -17 27 -4 -10 -1
right_child=1 6 5 -5 10 17 8 -9 11 14 -12 -13 13 -15 15 25 -18 -19 -20 -21 22 -23 -24 -25 -26 -27 -28 -29 -30 -31
leaf_value=-0.0095844614060995436 0.00029031207051009037 -0.010024520251648728 -0.034484532061991938 -0.0095844614060995436 -0.0085740710411867493 0.00083992208967274004 0.11663308088282305 -0.03006136247838849 -0.02017519406837831 0.092464577471430331 -0.0095844614060995436 0.0029180542036320034 0.18903078010399527 -0.011645402836068186 -0.10003827414753363 -0.080953805755007088 -0.013768175362310632 -0.0041351956903010745 -0.00092379616898998764 0.00026652420830117766 0.0035690181108748221 -0.026169742020316369 -0.04255835816834859 -0.0029177924277314915 -0.00032840017522937085 0.0049487879263775628 -0.0033764604243765373 0.09652577136188123 0.0062117698293833179 -0.0095844614060995436
leaf_weight=5978 13357 2588 587 26342 871 5841 18426 1106 52692 11627 7990 78198 2380 8262 4509 1068 5414 12458 15491 7602 1891 8752 10836 404 328 12785 3448 387 16281 10962
leaf_count=5978 13357 2588 587 26342 871 5841 18426 1106 52692 11627 7990 78198 2380 8262 4509 1068 5414 12458 15491 7602 1891 8752 10836 404 328 12785 3448 387 16281 10962
internal_value=-0.0049127 0.00243068 -0.0290475 -0.0415384 -0.0353512 -0.00675703 6.53209e-05 -0.0148192 0.000709237 0.00292149 -0.0257928 -0.000525579 0.00728042 0.0022928 0.000533037 -0.00324039 -0.0116917 -0.00193074 0.0025288 0.00529393 -0.00588698 -0.00975309 -0.00263393 0.0194265 0.0259802 4.68874e-05 -0.00472637 -0.0195122 -0.00247525 -0.0403719
internal_weight=348861 267477 81384 52143 25801 29241 254120 10942 229321 82150 8861 147171 29068 10642 53082 18362 9836 18299 34720 19229 24799 11340 13459 2623 2219 13853 4422 974 68973 16940
internal_count=348861 267477 81384 52143 25801 29241 254120 10942 229321 82150 8861 147171 29068 10642 53082 18362 9836 18299 34720 19229 24799 11340 13459 2623 2219 13853 4422 974 68973 16940
cat_boundaries=0 2 5 7 9 11 14 15 18 20 22 25 28 30 32 34
cat_threshold=2147483650 1049088 2332082322 3493855488 2 2298494992 2415919360 603980864 203513944 151044096 2166358272 864336 134629424 1 16777216 1352401236 771887248 1 524368 262144 637534208 570490944 277872896 5152 5 1141900292 637599816 12 134250496 2147483648 134250496 2147483648 0 65536
is_linear=0
shrinkage=0.05


Tree=86
num_leaves=31
num_cat=16
split_feature=0 17 17 17 17 5 6 17 17 0 6 8 17 6 17 17 17 17 17 17 6 8 7 13 17 6 7 6 17 17
split_gain=24360.3 11383.9 9396.28 766.524 529.645 494.631 384.024 325.157 211.127 173.282 155.908 140.028 320.553 200.815 195.827 177.302 171.169 144.818 133.558 125.225 192.087 124.247 113.042 142.151 110.676 147.655 106.938 99.0054 201.766 111.145
threshold=7.5000000000000009 0 1 2 3 18.750000000000004 21.500000000000004 4 5 112.50000000000001 10.500000000000002 23.500000000000004 6 16.500000000000004 7 8 9 10 11 12 20.500000000000004 24.500000000000004 4.5000000000000009 1.5000000000000002 13 9.5000000000000018 4.5000000000000009 11.500000000000002 14 15
decision_type=2 9 9 9 9 2 2 9 9 2 2 2 9 2 9 9 9 9 9 9 2 2 2 2 9 2 2 2 9 9
left_child=2 -2 3 5 6 27 10 -3 -7 11 24 12 13 17 22 -14 -15 -9 21 20 -6 -16 23 -13 25 -4 -19 28 -1 -30
right_child=1 7 4 -5 19 8 -8 9 -10 -11 -12 14 15 16 18 -17 -18 26 -20 -21 -22 -23 -24 -25 -26 -27 -28 -29 29 -31
leaf_value=-0.0091052383357945743 0.00027579646698461247 -0.0075373213780251195 -0.032760305458892351 -0.0091052383357945743 0.00079792598518908526 -0.0081453674891274197 -0.028558294354469063 0.18812471055793695 -0.0091052383357945743 0.92412432116913057 -0.01307976659419512 -0.098109169421951858 -0.0050269354289879335 -0.19574169274997077 -0.0056022512094598305 -0.00097211039394871088 0.016879543512361827 0.079572409038860675 0.0024658750151688837 -0.0051033748667723257 0.00055266086920808817 0.033340062306443131 -0.03774519314762817 -0.0044452489569065893 -0.0032076374031576819 0.091699482793787201 -0.00071955684139037859 -0.0091052383357945743 -0.043376737758112419 -0.010431727826619941
leaf_weight=2216 13357 20059 587 26342 6042 871 1106 6848 7990 825 5414 2426 789 1404 44 38515 14576 15617 83796 10971 1286 296 17154 45742 3448 387 6029 10962 600 3162
leaf_count=2216 13357 20059 587 26342 6042 871 1106 6848 7990 825 5414 2426 789 1404 44 38515 14576 15617 83796 10971 1286 296 17154 45742 3448 387 6029 10962 600 3162
internal_value=-0.00486598 0.00242208 -0.0288189 -0.0415384 -0.00612116 -0.0353512 -0.0148192 5.62704e-05 -0.0257928 0.000579952 -0.0116917 0.000499065 0.00213541 0.00504226 -0.000418178 -0.0011548 0.000556946 0.00755949 0.00117653 -0.000914851 0.00414282 0.032 -0.00247199 -0.00123111 -0.00472637 -0.0195122 0.00554581 -0.0403719 -0.0351957 -0.0278632
internal_weight=348861 267477 81384 52143 29241 25801 10942 254120 8861 234061 9836 233236 83778 44474 149458 39304 15980 28494 84136 18299 7328 340 65322 48168 4422 974 21646 16940 5978 3762
internal_count=348861 267477 81384 52143 29241 25801 10942 254120 8861 234061 9836 233236 83778 44474 149458 39304 15980 28494 84136 18299 7328 340 65322 48168 4422 974 21646 16940 5978 3762
cat_boundaries=0 2 5 7 9 11 12 15 18 19 21 23 24 27 29 31 33
cat_threshold=2147483650 1049088 2332082322 3493855488 2 2298494992 2415919360 603980864 203513944 151011328 2166358016 16777216 1351430212 671500344 9 1352401236 771883152 1 33587200 0 536887296 64 537280544 32768 277872896 33559552 5 0 65536 134217744 2147483648 0 256
is_linear=0
shrinkage=0.05


Tree=87
num_leaves=31
num_cat=13
split_feature=17 17 0 17 17 8 17 0 17 5 5 6 3 6 17 16 14 5 16 2 12 17 17 17 5 17 6 17 17 5
split_gain=23610.2 11295.8 8413.47 694.841 602.26 519.474 665.725 438.909 408.358 378.946 330.723 309.948 358.075 306.29 298.239 279.606 218.428 204.846 186.018 171.712 162.23 187.289 160.664 150.431 141.629 135.605 128.964 139.748 115.908 258.47
threshold=0 1 7.5000000000000009 2 3 23.500000000000004 4 7.5000000000000009 5 10.750000000000002 18.750000000000004 21.500000000000004 7.5000000000000009 10.500000000000002 6 69.995191666666685 60.034641666666673 33.750000000000007 119.97083333333335 14.000000000000002 63.500000000000007 7 8 9 26.250000000000004 10 11.500000000000002 11 12 6.2500000000000009
decision_type=9 9 2 9 9 2 9 2 9 2 2 2 2 2 9 2 2 2 2 2 2 9 9 9 2 9 2 9 9 2
left_child=2 7 4 11 10 6 -4 -2 19 14 -1 12 18 23 16 -13 -5 22 28 -7 25 -22 -15 -11 -14 -16 27 -12 29 -3
right_child=1 3 5 9 -6 8 -8 -9 -10 13 26 15 24 17 20 -17 -18 -19 -20 -21 21 -23 -24 -25 -26 -27 -28 -29 -30 -31
leaf_value=-0.0086499764190048466 -0.0086499764190048466 0.0023307635535147141 -0.0093242188795039215 -0.031122290185947723 -0.0086499764190048466 0.0026432986702572773 -0.0008415935875297543 0.00026200664363535965 -0.00067791002714709956 0.12763136387149851 0.22942583808375205 -0.013159664175413033 -0.0150053346322653 0.011026108988170824 -0.02208683997408625 0.0001640830388771608 -0.011505762400394737 0.075746914210779795 -0.010631292558936157 -0.0023950367374436787 -0.079784063076482961 -0.0024783638113771824 -0.0061323931076197272 0.038264500133472094 0.023962827492838647 0.00052502782574768145 -0.0086499764190048466 -0.0086499764190048466 -0.0037876862533130495 -0.010631292558936157
leaf_weight=16174 146 480 2851 1488 21994 2295 6465 13222 6352 5863 540 444 8979 80234 17102 505 3627 12038 2464 404 1186 1202 90893 14548 3230 18891 7781 1604 2484 3375
leaf_count=16174 146 480 2851 1488 21994 2295 6465 13222 6352 5863 540 444 8979 80234 17102 505 3627 12038 2464 404 1186 1202 90893 14548 3230 18891 7781 1604 2484 3375
internal_value=-0.00469686 0.00161378 -0.0315074 -0.000616073 -0.0425062 -0.002725 -0.0110133 0.0464569 0.00580599 0.000141653 -0.0372917 -0.00913704 -0.0104036 0.00104678 -0.00409463 0.0188093 -0.0154244 0.000399367 -0.0180904 0.0220561 -0.00258003 -0.015201 -4.41193e-05 0.0068566 -0.00486117 -0.00174339 -0.0301209 -0.0192631 -0.0135589 -0.00805951
internal_weight=348861 282401 66460 269033 48093 18367 9316 13368 9051 247072 26099 21961 21012 203576 43496 949 5115 183165 8803 2699 38381 2388 171127 20411 12209 35993 9925 2144 6339 3855
internal_count=348861 282401 66460 269033 48093 18367 9316 13368 9051 247072 26099 21961 21012 203576 43496 949 5115 183165 8803 2699 38381 2388 171127 20411 12209 35993 9925 2144 6339 3855
cat_boundaries=0 3 5 7 10 12 14 16 19 22 25 28 30 32
cat_threshold=167821458 3493855488 2 2147483648 1049088 16777216 18874368 134234128 2415919360 2 167804928 2147483648 134250498 2147483648 603979776 536936450 1074860100 235155585 5 344470532 134499531 1 1073815552 570572834 13 277348672 201483409 5 16384 268435456 0 18874368
is_linear=0
shrinkage=0.05


Tree=88
num_leaves=31
num_cat=14
split_feature=17 17 0 17 1 17 8 17 0 17 5 6 17 5 17 17 3 6 17 6 16 17 5 2 14 17 17 16 6 17
split_gain=23501.4 11289.6 8549.9 602.26 591.978 500.891 470.786 564.593 438.909 398.025 330.723 300.738 421.574 216.415 270.827 187.513 185.15 176.038 329.079 462.903 364.102 157.478 366.69 157.328 142.788 139.331 138.854 134.528 128.964 139.748
threshold=0 1 7.5000000000000009 2 7.5000000000000009 3 23.500000000000004 4 7.5000000000000009 5 18.750000000000004 19.500000000000004 6 28.750000000000004 7 8 14.000000000000002 11.500000000000002 9 21.500000000000004 39.929175000000008 10 14.500000000000002 14.000000000000002 130.19322500000001 11 12 19.980325000000004 11.500000000000002 13
decision_type=9 9 2 9 2 9 2 9 2 9 2 2 9 2 9 9 2 2 9 2 2 9 2 2 2 9 9 2 2 9
left_child=2 8 3 10 5 11 7 -4 -2 23 -1 -3 16 14 -6 -15 -13 21 19 26 -21 22 -7 -8 25 -16 -19 -17 29 -12
right_child=1 4 6 -5 13 17 9 -9 -10 -11 28 12 -14 15 24 27 -18 18 -20 20 -22 -23 -24 -25 -26 -27 -28 -29 -30 -31
leaf_value=-0.008217477598054624 -0.008217477598054624 -0.0052887451504207489 -0.0088580079355287111 -0.008217477598054624 -0.037987844562939799 -0.029566175676650319 0.002511133736744409 -0.00079951390815322662 0.00024890631145355616 -0.00064401452578977114 0.21795454617956445 0.0028860663300252832 -0.0037438641247293791 0.10060296109324654 0.085231963458535898 0.077047507300749551 -0.018221224264519754 -0.014003715530379336 -0.017629320069616261 -0.013331669269150727 0.00015587888693331388 -0.0049626273019367064 0.068497363147449072 -0.0022752849005715169 -0.0045747708033349712 0.0053116772546802698 -0.0016145936479640801 -0.0033652930782649194 -0.008217477598054624 -0.008217477598054624
leaf_weight=16174 146 11402 2851 21994 7597 1876 2295 6465 13222 6352 540 1246 979 16684 8728 4740 122 1993 5834 236 730 5475 1521 404 144727 31941 3045 20157 7781 1604
leaf_count=16174 146 11402 2851 21994 7597 1876 2295 6465 13222 6352 540 1246 979 16684 8728 4740 122 1993 5834 236 730 5475 1521 404 144727 31941 3045 20157 7781 1604
internal_value=-0.00466991 0.00162618 -0.0314187 -0.0425062 -0.000603063 -0.00672248 -0.00240377 -0.0102941 0.0464569 0.0057176 -0.0372917 0.000679555 0.0169791 0.000295855 -0.000409082 0.00356774 0.0347605 -0.0116313 -0.0156276 -0.00736615 0.0243271 -0.00631199 -0.014749 0.0217608 -2.96646e-05 0.00258797 -0.0134577 0.000817039 -0.0301209 -0.0192631
internal_weight=348861 282401 66460 48093 269033 34459 18367 9316 13368 9051 26099 13749 2347 234574 192993 41581 1368 20710 11838 6004 966 8872 3397 2699 185396 40669 5038 24897 9925 2144
internal_count=348861 282401 66460 48093 269033 34459 18367 9316 13368 9051 26099 13749 2347 234574 192993 41581 1368 20710 11838 6004 966 8872 3397 2699 185396 40669 5038 24897 9925 2144
cat_boundaries=0 3 5 8 11 13 15 17 19 21 23 25 27 29 31
cat_threshold=167821458 3493855488 2 2147483648 1049088 134234128 2415919360 2 1352466688 536876201 5 167804928 2147483648 134250498 2147483648 1310720 536876064 16777216 16777216 1091055936 554059976 16777216 50397186 16777216 134283266 1074343936 537018528 0 16842754 16384 268435456
is_linear=0
shrinkage=0.05


Tree=89
num_leaves=31
num_cat=14
split_feature=17 17 0 17 1 17 0 8 17 6 17 5 17 16 5 6 17 6 17 17 5 17 17 15 8 17 17 2 14 5
split_gain=23650.5 11244.5 8526.7 602.26 540.057 525.086 438.909 412.42 504.177 368.341 356.287 330.723 319.344 226.34 202.323 174.438 319.284 497.576 211.716 164.341 360.875 163.191 150.836 149.726 140.761 216.715 190.378 137.327 133.688 129.284
threshold=0 1 7.5000000000000009 2 7.5000000000000009 3 7.5000000000000009 23.500000000000004 4 19.500000000000004 5 18.750000000000004 6 29.758508333333335 33.750000000000007 11.500000000000002 7 21.500000000000004 8 9 14.500000000000002 10 11 25.000000000000004 21.500000000000004 12 13 14.000000000000002 49.966441666666675 6.2500000000000009
decision_type=9 9 2 9 2 9 2 2 9 2 9 2 9 2 2 2 9 2 9 9 2 9 9 2 2 9 9 2 2 2
left_child=2 6 3 11 5 9 -2 8 -4 21 13 -1 27 -11 23 19 17 22 -19 20 -7 -3 -17 24 25 -6 -26 -9 -25 -23
right_child=1 4 7 -5 14 15 -8 12 -10 10 -12 -13 -14 -15 -16 16 -18 18 -20 -21 -22 29 -24 28 26 -27 -28 -29 -30 -31
leaf_value=-0.0078066037181518944 -0.0078066037181518944 -0.036723976963442963 -0.0084151075387522319 -0.0078066037181518944 0.056846266080462726 -0.028087866892817816 0.00023646099588088277 0.0028304440966728352 -0.00075953821274552533 -0.00046298685646264384 -0.0018143053130609934 -0.0078066037181518944 -0.00030553732121880729 0.0017337235506681649 0.071599422383943082 -0.0013434729103390275 -0.016747854066135437 0.00014808494258664596 -0.013175662271703548 -0.0022699867767272063 0.06507249499007664 -0.020718060717860889 -0.013303529753860356 0.17687766783092088 -0.029552939334356765 -0.0035645374642874652 -0.0008378354259200194 -0.0021615206555429369 0.012516232532049766 0.011498610213748872
leaf_weight=16174 146 4505 2851 21994 21971 1876 13222 2219 6465 443 1130 9925 6428 1475 13108 2146 5834 549 122 4757 1521 3064 1993 2600 27202 22346 142543 404 4804 5044
leaf_count=16174 146 4505 2851 21994 21971 1876 13222 2219 6465 443 1130 9925 6428 1475 13108 2146 5834 549 122 4757 1521 3064 1993 2600 27202 22346 142543 404 4804 5044
internal_value=-0.00460026 0.00171576 -0.0314337 -0.0425062 -0.000509026 -0.00635393 0.0464569 -0.00245821 -0.00984328 0.000411588 0.0160105 -0.0372917 0.00514308 0.0290456 0.00034957 -0.0119843 -0.0162063 -0.00661826 0.0333085 -0.00648761 -0.0148665 -0.00335765 -0.013107 -7.67612e-06 -0.00024946 0.00225986 -0.000904592 0.0198063 0.00698271 0.000886918
internal_weight=348861 282401 66460 48093 269033 34459 13368 18367 9316 15661 3048 26099 9051 1918 234574 18798 10644 4810 671 8154 3397 12613 4139 221466 214062 44317 169745 2623 7404 8108
internal_count=348861 282401 66460 48093 269033 34459 13368 18367 9316 15661 3048 26099 9051 1918 234574 18798 10644 4810 671 8154 3397 12613 4139 221466 214062 44317 169745 2623 7404 8108
cat_boundaries=0 3 5 8 11 13 15 17 19 20 22 24 25 28 30
cat_threshold=167821458 3493855488 2 2147483648 1049088 134234128 2415919360 2 1352466688 570430633 5 167804928 2147483648 1310720 570430464 134250496 2147483648 16777216 16842754 16777216 16777216 134283266 262144 570425344 16777216 294465600 672008312 8 17039424 553779216
is_linear=0
shrinkage=0.05


Tree=90
num_leaves=31
num_cat=14
split_feature=17 17 0 17 1 17 0 8 17 17 5 6 17 8 17 17 8 3 6 17 13 6 17 6 16 17 5 6 17 17
split_gain=23463.1 11269.1 8654.69 602.26 586.225 473.725 438.909 375.283 395.363 356.724 330.723 296.153 413.082 185.3 294.975 291.165 182.57 177.308 162.391 332.815 206.882 159.016 358.761 583.533 200.369 160.871 359.428 153.426 213.092 141.518
threshold=0 1 7.5000000000000009 2 7.5000000000000009 3 7.5000000000000009 24.500000000000004 4 5 18.750000000000004 19.500000000000004 6 24.500000000000004 7 8 29.500000000000004 14.000000000000002 16.500000000000004 9 16.500000000000004 11.500000000000002 10 21.500000000000004 49.974041666666672 11 14.500000000000002 16.500000000000004 12 13
decision_type=9 9 2 9 2 9 2 2 9 9 2 2 9 2 9 9 2 2 2 9 2 2 9 2 2 9 2 2 9 9
left_child=2 6 3 10 5 11 -2 9 -9 -4 -1 -3 17 14 27 -15 -17 -13 20 -20 -16 25 23 -23 -25 26 -7 -6 -29 -18
right_child=1 4 7 -5 13 21 -8 8 -10 -11 -12 12 -14 15 18 16 29 -19 19 -21 -22 22 -24 24 -26 -27 -28 28 -30 -31
leaf_value=-0.0074162735322443225 -0.0074162735322443225 -0.004601144025977044 -0.0064209496697143825 -0.0074162735322443225 0.1215185946021439 -0.026683473548176906 0.00022463794608684751 0.030548412827816486 0.00050226285801011625 -0.00075577896153804507 -0.0074162735322443225 0.0026550768359906219 -0.0034659556528398917 -0.039302564579496262 0.028742221379793612 -0.0080347183219956261 0.061942852660442686 -0.017287013708470633 -0.083488549173135598 0.0059396716778808761 -0.017860843479097888 -0.0024884250052379375 -0.015910461362828653 -0.0049562157605400397 0.00014068069545731811 -0.0041475321889898886 0.061818870240572824 0.37995745765299616 -0.016234488974254547 0.0047444398993791385
leaf_weight=16174 146 11402 3425 21994 16567 1876 13222 637 7064 7241 9925 1246 979 20924 35426 68133 10007 122 8703 17392 12131 5038 5834 294 672 5475 1521 1630 8160 35501
leaf_count=16174 146 11402 3425 21994 16567 1876 13222 637 7064 7241 9925 1246 979 20924 35426 68133 10007 122 8703 17392 12131 5038 5834 294 672 5475 1521 1630 8160 35501
internal_value=-0.00462405 0.0016669 -0.031351 -0.0425062 -0.000560319 -0.00664993 0.0464569 -0.00215876 0.00625243 -0.00823176 -0.0372917 0.000548732 0.0167235 0.000334223 0.00196432 -0.000877271 0.000120984 0.0343251 0.000339388 -0.00283004 0.00207856 -0.0114237 -0.0152222 -0.00660126 0.0289855 -0.00636835 -0.0148958 0.00650245 0.00154239 0.00257317
internal_weight=348861 282401 66460 48093 269033 34459 13368 18367 7701 10666 26099 13749 2347 234574 100009 134565 113641 1368 73652 26095 47557 20710 11838 6004 966 8872 3397 26357 9790 45508
internal_count=348861 282401 66460 48093 269033 34459 13368 18367 7701 10666 26099 13749 2347 234574 100009 134565 113641 1368 73652 26095 47557 20710 11838 6004 966 8872 3397 26357 9790 45508
cat_boundaries=0 3 5 8 11 12 14 16 18 20 22 24 26 28 30
cat_threshold=167821458 3493855488 2 2147483648 1049088 134234128 2415919360 2 1352466688 536876201 5 134250496 167804928 2147483648 1310720 536876064 536640 134629392 17563712 16908304 620758016 572589121 16777216 50397186 16777216 134283266 524288 262144 536876032 2181121
is_linear=0
shrinkage=0.05


Tree=91
num_leaves=31
num_cat=12
split_feature=17 17 0 17 0 1 17 6 16 17 6 8 17 5 17 17 5 6 17 5 17 6 17 15 6 17 12 12 7 6
split_gain=23607.2 11163.1 8826.04 602.26 438.909 361.465 504.923 916.134 539.836 436.603 356.615 333.761 485.482 330.723 312.344 279.256 198.605 191.253 224.416 174.97 154.094 153.671 131.416 130.848 128.964 139.748 126.039 137.258 220.538 191.243
threshold=0 1 7.5000000000000009 2 7.5000000000000009 7.5000000000000009 3 19.500000000000004 39.929175000000008 4 21.500000000000004 23.500000000000004 5 18.750000000000004 6 7 18.750000000000004 10.500000000000002 8 38.750000000000007 9 9.5000000000000018 10 65.000000000000014 11.500000000000002 11 49.500000000000007 5.5000000000000009 4.5000000000000009 11.500000000000002
decision_type=9 9 2 9 2 2 9 2 2 9 2 2 9 2 9 9 2 2 9 2 9 2 9 2 2 9 2 2 2 2
left_child=2 4 3 13 -2 6 7 15 22 -10 17 12 -4 -1 -13 16 -3 20 -19 23 21 -8 -9 26 25 -15 27 -7 29 -29
right_child=1 5 11 -5 -6 19 10 8 9 -11 -12 14 -14 24 -16 -17 -18 18 -20 -21 -22 -23 -24 -25 -26 -27 -28 28 -30 -31
leaf_value=-0.0070454598556321194 -0.0070454598556321194 -0.0055038813167410444 -0.013535438546095869 -0.0070454598556321194 0.00021340604878252736 -0.010293064203815306 -0.027935597804764536 -0.0011518780145602038 -0.00059167012101699621 0.00039726227780736425 -0.015913422275147228 0.0020142987002289559 -0.00048599912787272714 0.20781796273310602 -0.00031537359805833276 -0.0020776925736869958 0.050676971800985987 -0.012513932015905472 -0.0098528895530816119 0.11544266487203672 0.0027832326892216486 0.058727926728544148 0.00015155171552030391 0.13760235910807239 -0.0070454598556321194 -0.0070454598556321194 -0.016517580336902427 0.057895032805453897 -0.010405408220703107 0.0066290415807245045
leaf_weight=16174 146 4092 1827 21994 13222 47220 1779 267 595 2229 1361 2623 7489 540 6428 9631 1202 2487 4926 4573 3965 760 1165 2540 7781 1604 33487 23112 41002 82640
leaf_count=16174 146 4092 1827 21994 13222 47220 1779 267 595 2229 1361 2623 7489 540 6428 9631 1202 2487 4926 4573 3965 760 1165 2540 7781 1604 33487 23112 41002 82640
internal_value=-0.00443228 0.00187794 -0.0312412 -0.0425062 0.0464569 -0.000338793 -0.00512058 0.000283987 0.0207472 0.0334278 -0.0118982 -0.00176131 -0.00840489 -0.0372917 0.00507679 -0.00555109 -0.0147624 -0.00951714 -0.0150074 0.000363638 -0.00325953 -0.0128482 -0.00425978 0.000171086 -0.0301209 -0.0192631 4.50627e-05 0.000534092 0.00128855 0.00249546
internal_weight=348861 282401 66460 48093 13368 269033 34459 19181 4256 2824 15278 18367 9316 26099 9051 14925 5294 13917 7413 234574 6504 2539 1432 230001 9925 2144 227461 193974 146754 105752
internal_count=348861 282401 66460 48093 13368 269033 34459 19181 4256 2824 15278 18367 9316 26099 9051 14925 5294 13917 7413 234574 6504 2539 1432 230001 9925 2144 227461 193974 146754 105752
cat_boundaries=0 3 5 8 11 14 16 18 20 22 24 25 27
cat_threshold=167821458 3493855488 2 2147483648 1049088 134234128 2415919360 2 1369243904 570430624 5 1073807616 160 5 33554432 2147483648 134250496 2147483648 17039360 33554432 67108864 218169346 67108864 134283266 16777216 16384 268435456
is_linear=0
shrinkage=0.05


Tree=92
num_leaves=31
num_cat=11
split_feature=17 17 0 17 0 1 17 6 17 6 16 5 8 17 17 17 5 17 15 17 8 16 6 17 16 5 5 6 16 14
split_gain=23581.7 11170.6 8830.75 602.26 438.909 348.259 500.437 658.281 670.231 365.422 361.968 330.723 318.848 480.812 294.881 255.21 165.346 160.965 144.039 137.125 136.565 135.375 128.964 139.748 122.986 122.81 122.097 128.745 141.63 119.906
threshold=0 1 7.5000000000000009 2 7.5000000000000009 7.5000000000000009 3 20.500000000000004 4 20.500000000000004 39.912291666666668 18.750000000000004 23.500000000000004 5 6 7 28.750000000000004 8 1.0000000180025095e-35 9 22.500000000000004 19.980325000000004 11.500000000000002 10 209.9545416666667 33.750000000000007 18.750000000000004 19.500000000000004 39.929175000000008 619.99841666666669
decision_type=9 9 2 9 2 2 9 2 9 2 2 2 2 9 9 9 2 9 2 9 2 2 2 9 2 2 2 2 2 2
left_child=2 4 3 11 -2 6 9 15 10 24 -9 -1 13 -4 18 26 19 -18 25 20 -7 -19 23 -13 -3 -14 27 -8 -29 -26
right_child=1 5 12 -5 -6 16 7 8 -10 -11 -12 22 14 -15 -16 -17 17 21 -20 -21 -22 -23 -24 -25 29 -27 -28 28 -30 -31
leaf_value=-0.0066931868628504979 -0.0066931868628504979 -0.0087796911307786111 -0.012858666618791049 -0.0066931868628504979 0.00020273574634339654 0.013757695979105389 -0.0052286872509039739 4.7901214684653587e-05 -0.00330023545597391 -0.021493932697514852 0.00029475981624851324 0.19742706459645071 0.0021857159056565935 -0.00046169917147906861 -0.0011461646554694394 -0.0028700481049015458 0.1045229537379055 0.078935642051981253 -0.0065038335531959037 0.0027110734550120697 -0.025858074125408415 -0.0022387475267652947 -0.0066931868628504979 -0.0066931868628504979 -0.007092701678406233 -0.0047602139858346606 -0.002293252414695779 -0.0010942841138322113 0.00041006677229971089 0.010587693916370178
leaf_weight=16174 146 9224 1827 21994 13222 13699 2924 616 1547 1711 1699 540 2962 7489 5754 14133 11196 6359 238 136191 43103 24026 7781 1604 953 97 1018 123 228 283
leaf_count=16174 146 9224 1827 21994 13222 13699 2924 616 1547 1711 1699 540 2962 7489 5754 14133 11196 6359 238 136191 43103 24026 7781 1604 953 97 1018 123 228 283
internal_value=-0.00444375 0.00186306 -0.0312382 -0.0425062 0.0464569 -0.000354404 -0.00504803 -0.000591981 0.0181771 -0.0131968 0.0351183 -0.0372917 -0.00175042 -0.00824388 0.00493316 -0.00452621 0.000335075 0.00319497 0.0168279 -0.000281098 -0.00234458 0.00130449 -0.0301209 -0.0192631 -0.00970363 0.0197941 -0.0151871 -0.0199237 0.00868946 -0.0245146
internal_weight=348861 282401 66460 48093 13368 269033 34459 22288 3862 12171 2315 26099 18367 9316 9051 18426 234574 41581 3297 192993 56802 30385 9925 2144 10460 3059 4293 3275 351 1236
internal_count=348861 282401 66460 48093 13368 269033 34459 22288 3862 12171 2315 26099 18367 9316 9051 18426 234574 41581 3297 192993 56802 30385 9925 2144 10460 3059 4293 3275 351 1236
cat_boundaries=0 3 5 8 10 12 14 16 18 20 22 24
cat_threshold=167821458 3493855488 2 2147483648 1049088 134234128 2415919360 2 603980864 203513938 18087936 570430464 33554432 2147483648 167804930 2147483648 16777216 33554432 1091047424 17189056 1099694400 555876496 16384 268435456
is_linear=0
shrinkage=0.05


Tree=93
num_leaves=31
num_cat=12
split_feature=17 17 0 17 0 17 5 1 8 17 17 12 6 17 16 17 8 0 5 0 6 17 14 6 17 5 17 14 17 16
split_gain=23601.7 11171.8 8804.82 602.26 438.909 338.056 330.723 320.489 307.054 405.05 283.275 191.68 179.599 1129.2 538.718 212.853 171.316 152.735 143.026 133.724 128.964 139.748 118.493 189.241 263.762 135.962 139.504 137.431 133.271 121.04
threshold=0 1 7.5000000000000009 2 7.5000000000000009 3 18.750000000000004 7.5000000000000009 24.500000000000004 4 5 58.500000000000007 19.500000000000004 6 39.929175000000008 7 23.500000000000004 127.50000000000001 18.750000000000004 14.000000000000002 11.500000000000002 8 779.82257500000014 21.500000000000004 9 18.750000000000004 10 190.08587500000002 11 99.982308333333336
decision_type=9 9 2 9 2 9 2 2 2 9 9 2 2 9 2 9 2 2 2 2 2 9 2 2 9 2 9 2 9 2
left_child=2 4 3 6 -2 7 -1 12 10 -10 16 17 15 14 -14 -3 -4 22 -16 -18 21 -8 25 28 -25 26 -7 -27 -24 -28
right_child=1 5 8 -5 -6 11 20 -9 9 -11 -12 -13 13 -15 18 -17 19 -19 -20 -21 -22 -23 23 24 -26 27 29 -29 -30 -31
leaf_value=-0.0063585275197079573 -0.0063585275197079573 -0.0066537171218672871 -0.0088964509175506919 -0.0063585275197079573 0.00019259895902621338 -0.020259612704082299 0.18755571136662816 -0.0076115923704774607 0.028810991456131418 0.00037643987933724257 -0.00080634707728539652 -0.024405921953903498 -0.001039569908140603 -0.011723223642311487 9.9045555981680533e-05 -0.021948014125330054 0.0022765758874735199 1.754767863655236 -0.0071815907169839217 -0.013479695519887348 -0.0063585275197079573 -0.0063585275197079573 0.12325576373581137 0.010051544675712521 -0.053281468468598006 0.039783313769491804 -0.00028679710917325354 0.0042672080551091618 0.032260408188875545 0.008299523881951076
leaf_weight=16174 146 8028 2353 21994 13222 38133 540 37840 637 7064 7798 13345 406 1418 1148 3764 287 352 108 228 7781 1604 2938 377 3262 27832 38258 81348 4632 5844
leaf_count=16174 146 8028 2353 21994 13222 38133 540 37840 637 7064 7798 13345 406 1418 1148 3764 287 352 108 228 7781 1604 2938 377 3262 27832 38258 81348 4632 5844
internal_value=-0.00444891 0.00186059 -0.0312547 -0.0425062 0.0464569 -0.000357006 -0.0372917 -0.00394712 -0.00181031 0.00579795 -0.00730358 0.000517956 -0.0101668 0.000584416 0.0284689 -0.0129749 -0.0207088 0.000899614 0.0448248 0.00533981 -0.0301209 -0.0192631 0.000842447 0.00583906 -0.00353119 0.000549852 -0.00098559 0.00170636 0.0103435 0.000929452
internal_weight=348861 282401 66460 48093 13368 269033 26099 52712 18367 7701 10666 216321 14872 3080 1662 11792 2868 202976 1256 515 9925 2144 202624 11209 3639 191415 82235 109180 7570 44102
internal_count=348861 282401 66460 48093 13368 269033 26099 52712 18367 7701 10666 216321 14872 3080 1662 11792 2868 202976 1256 515 9925 2144 202624 11209 3639 191415 82235 109180 7570 44102
cat_boundaries=0 3 5 8 10 11 13 15 17 19 22 25 28
cat_threshold=167821458 3493855488 2 2147483648 1049088 134234128 2415919360 2 553648192 18939922 134250496 33587200 2147483648 16777216 2162688 16777216 2162688 16384 268435456 268697600 536876032 8 1418526976 235028608 8 1073746180 570714112 4
is_linear=0
shrinkage=0.05


Tree=94
num_leaves=31
num_cat=13
split_feature=17 17 0 17 0 1 17 6 17 16 6 5 8 17 17 17 8 5 6 17 5 5 17 6 17 17 17 15 16 0
split_gain=23358.4 11213.9 8941.99 602.26 438.909 404.981 428.511 549.103 572.461 456.969 356.95 330.723 282.094 405.05 280.225 244.322 238.553 193.423 174.478 157.724 156.202 141.483 134.374 128.964 139.748 114.514 114.388 122.026 108.769 106.672
threshold=0 1 7.5000000000000009 2 7.5000000000000009 7.5000000000000009 3 19.500000000000004 4 39.929175000000008 11.500000000000002 18.750000000000004 24.500000000000004 5 6 7 23.500000000000004 18.750000000000004 21.500000000000004 8 36.250000000000007 18.750000000000004 9 11.500000000000002 10 11 12 15.000000000000002 189.90248333333338 22.500000000000004
decision_type=9 9 2 9 2 2 9 2 9 2 2 2 2 9 9 9 2 2 2 9 2 2 9 2 9 9 9 2 2 2
left_child=2 4 3 11 -2 6 10 15 9 19 -3 -1 14 -14 16 17 29 -8 -12 -9 25 -11 -10 24 -13 -7 27 -15 -17 -4
right_child=1 5 12 -5 -6 20 7 8 22 21 18 23 13 26 -16 28 -18 -19 -20 -21 -22 -23 -24 -25 -26 -27 -28 -29 -30 -31
leaf_value=-0.0060406011437225795 -0.0060406011437225795 -0.0053716163177520929 -0.011900650839895645 -0.0060406011437225795 0.00018296901107488496 0.034586348453315097 -0.0046345670322653909 -0.00098759141273356836 0.0027494602668985736 0.00039037650368820568 -0.0076993872584361972 0.17817792579829672 0.02737044188332485 0.0011907888605620976 -0.00090648309752259246 -0.0041093599352901135 0.00087226340243313778 0.049904469461117533 -0.018977214691049182 0.00099172908847697814 0.099193151559871143 -0.0058827663613544526 -0.040972991199196201 -0.0060406011437225795 -0.0060406011437225795 -0.0018165036708894357 -0.0011047097185753253 -0.0072299530168373318 -0.025624870312430926 0.078646320023064223
leaf_weight=16174 146 5580 1717 21994 13222 31996 2924 267 1353 1843 4664 540 637 1941 8368 13198 471 932 1056 424 5242 110 971 7781 1604 197336 4978 145 1137 110
leaf_count=16174 146 5580 1717 21994 13222 31996 2924 267 1353 1843 4664 540 637 1941 8368 13198 471 932 1056 424 5242 110 971 7781 1604 197336 4978 145 1137 110
internal_value=-0.00450022 0.00177667 -0.0311674 -0.0425062 0.0464569 -0.000445096 -0.00550654 -0.00160775 0.013124 0.0289751 -0.0134836 -0.0372917 -0.00149453 0.00579795 -0.0067598 -0.00563191 -0.0221837 -0.0167874 -0.0222727 -0.00586107 0.000298413 0.0414491 -0.00501285 -0.0301209 -0.0192631 0.000103344 0.00231835 0.0121183 -0.00261764 -0.0304598
internal_weight=348861 282401 66460 48093 13368 269033 34459 23159 4968 2644 11300 26099 18367 7701 10666 18191 2298 3856 5720 691 234574 1953 2324 9925 2144 229332 7064 2086 14335 1827
internal_count=348861 282401 66460 48093 13368 269033 34459 23159 4968 2644 11300 26099 18367 7701 10666 18191 2298 3856 5720 691 234574 1953 2324 9925 2144 229332 7064 2086 14335 1827
cat_boundaries=0 3 5 8 10 12 13 15 17 18 20 22 24 26
cat_threshold=167821458 3493855488 2 2147483648 1049088 134234128 2415919360 2 603980864 203513936 18087936 536876064 134250496 33554432 2147483648 16777216 33554432 16777216 256 33554560 16384 268435456 8192 280640 33554434 2147483648
is_linear=0
shrinkage=0.05


Tree=95
num_leaves=31
num_cat=13
split_feature=17 17 0 17 0 1 17 6 16 17 6 5 8 17 17 17 8 5 6 17 17 6 0 5 17 6 5 6 17 17
split_gain=23400.2 11187.8 8977.64 602.26 438.909 337.82 466.206 675.987 433.744 387.684 346.553 330.723 278.799 404.215 268.689 263.598 232.054 175.862 165.007 248.478 155.841 220.726 151.343 135.087 132.3 176.609 149.561 128.964 139.748 128.404
threshold=0 1 7.5000000000000009 2 7.5000000000000009 7.5000000000000009 3 19.500000000000004 39.929175000000008 4 21.500000000000004 18.750000000000004 24.500000000000004 5 6 7 23.500000000000004 18.750000000000004 10.500000000000002 8 9 9.5000000000000018 127.50000000000001 36.250000000000007 10 21.500000000000004 18.750000000000004 11.500000000000002 11 12
decision_type=9 9 2 9 2 2 9 2 2 9 2 2 2 9 9 9 2 2 2 9 9 2 2 2 9 2 2 2 9 9
left_child=2 4 3 11 -2 6 7 15 29 -10 18 -1 14 -14 16 17 -4 -3 20 -20 21 -8 23 -7 26 -26 -11 28 -13 -9
right_child=1 5 12 -5 -6 22 10 8 9 24 -12 27 13 -15 -16 -17 -18 -19 19 -21 -22 -23 -24 -25 25 -27 -28 -29 -30 -31
leaf_value=-0.0057385710865364373 -0.0057385710865364373 -0.004402838680652099 -0.011175878199979117 -0.0057385710865364373 0.00017382056052115403 0.000364394385070721 -0.024796964654956358 -0.00093821184209690327 -0.08823687869370006 0.00036509233070121106 -0.012508032609846032 0.16926902950838191 0.026001919789158646 0.00031478801539437385 -0.00086115894264642283 -0.00030568359939291416 0.00082865023231146759 0.045822225085284579 -0.0088735636304167805 -0.0081828103564008711 0.0036843222832804836 0.057533383651686879 1.6704779895488031 0.085687399749332205 -0.00048018936405722637 0.0028892615831895619 -0.0055886280432867258 -0.0057385710865364373 -0.0057385710865364373 0.00022943670039072829
leaf_weight=16174 146 4092 1827 21994 13222 229041 1232 267 267 1660 1305 540 637 7064 8368 9921 471 1202 2359 5047 4305 680 353 5180 435 375 110 7781 1604 1202
leaf_count=16174 146 4092 1827 21994 13222 229041 1232 267 267 1660 1305 540 637 7064 8368 9921 471 1202 2359 5047 4305 680 353 5180 435 375 110 7781 1604 1202
internal_value=-0.00445378 0.00182872 -0.0311449 -0.0425062 0.0464569 -0.000390458 -0.0050132 7.4203e-05 0.0175394 0.0289252 -0.0116615 -0.0372917 -0.00141286 0.0058369 -0.00664729 -0.00488005 -0.0217504 -0.0138763 -0.00931146 -0.0143532 -0.00330545 -0.0151405 0.000288608 0.000239304 0.0347876 0.017439 0.0425843 -0.0301209 -0.0192631 -0.00452689
internal_weight=348861 282401 66460 48093 13368 269033 34459 19531 4316 2847 14928 26099 18367 7701 10666 15215 2298 5294 13623 7406 6217 1912 234574 234221 2580 810 1770 9925 2144 1469
internal_count=348861 282401 66460 48093 13368 269033 34459 19531 4316 2847 14928 26099 18367 7701 10666 15215 2298 5294 13623 7406 6217 1912 234574 234221 2580 810 1770 9925 2144 1469
cat_boundaries=0 3 5 8 11 14 15 17 19 21 23 25 27 28
cat_threshold=167821458 3493855488 2 2147483648 1049088 134234128 2415919360 2 1369243904 570430625 5 1073807616 1 1 134250496 33554432 2147483648 17039360 33554432 67108864 16842754 0 134283266 18087936 536871936 16384 268435456 16777216
is_linear=0
shrinkage=0.05


Tree=96
num_leaves=31
num_cat=12
split_feature=17 17 0 17 0 5 8 17 1 17 6 17 16 17 8 6 17 0 6 17 5 17 17 8 16 17 0 15 5 15
split_gain=23495.5 11158.7 8963.38 602.26 438.909 330.723 273.349 406.443 269.944 369.607 517.507 542.19 383.277 267.816 231.409 208.056 180.062 151.445 128.964 139.748 128.657 132.671 112.93 114.148 112.611 109.411 103.998 102.289 100.623 96.7402
threshold=0 1 7.5000000000000009 2 7.5000000000000009 18.750000000000004 24.500000000000004 3 7.5000000000000009 4 21.500000000000004 5 20.111325000000004 6 23.500000000000004 21.500000000000004 7 127.50000000000001 11.500000000000002 8 28.750000000000004 9 10 22.500000000000004 209.9545416666667 11 22.500000000000004 15.000000000000002 26.250000000000004 65.000000000000014
decision_type=9 9 2 9 2 2 2 9 2 9 2 9 2 9 2 2 9 2 2 9 2 9 9 2 2 9 2 2 2 2
left_child=2 4 3 5 -2 -1 13 -8 9 15 16 12 -12 14 26 24 -11 20 19 -7 22 -22 23 -10 -3 27 -4 -9 -20 -24
right_child=1 8 6 -5 -6 18 7 25 17 10 11 -13 -14 -15 -16 -17 -18 -19 28 -21 21 -23 29 -25 -26 -27 -28 -29 -30 -31
leaf_value=-0.0054516425322096223 -0.0054516425322096223 -0.008790322548100438 -0.010746824387901911 -0.0054516425322096223 0.00016512953249510077 0.1608055780329628 0.024701823799700675 0.0011155100167642652 0.013126008931432854 0.00082771189854620182 -0.009877531590846856 -0.0098840604621768698 0.0006928961646762489 -0.00081810099551411504 0.0007872177206959208 -0.019054045114230214 -0.0038405164313383812 1.5869540900713632 -0.0054516425322096223 -0.0054516425322096223 0.067892755348158224 -0.0013958301026941291 0.0016304272219907824 -0.024063126411934824 -0.0056112708576506526 -0.0010652136334162955 0.075272797931909885 -0.0068841947667651841 -0.0054516425322096223 0.13259571459492533
leaf_weight=16174 146 8643 1717 21994 13222 540 637 1941 13698 9216 313 653 1500 8368 471 743 12179 353 6538 1604 21765 19636 133970 43103 1212 4978 110 145 1243 2049
leaf_count=16174 146 8643 1717 21994 13222 540 637 1941 13698 9216 313 653 1500 8368 471 743 12179 353 6538 1604 21765 19636 133970 43103 1212 4978 110 145 1243 2049
internal_value=-0.00440849 0.00188679 -0.0311539 -0.0425062 0.0464569 -0.0372917 -0.00144553 0.00573302 -0.000329501 -0.00446182 -0.0010075 0.0206813 0.0346407 -0.00662854 -0.0217071 -0.0122266 -0.00350783 0.000277524 -0.0301209 -0.0192631 0.000228203 0.00275718 -0.000314801 -0.00218708 -0.0103146 0.00224767 -0.0298577 0.0118321 -0.0331127 0.00046718
internal_weight=348861 282401 66460 48093 13368 26099 18367 7701 269033 34459 23861 2466 1813 10666 2298 10598 21395 234574 9925 2144 234221 41401 192820 56801 9855 7064 1827 2086 7781 136019
internal_count=348861 282401 66460 48093 13368 26099 18367 7701 269033 34459 23861 2466 1813 10666 2298 10598 21395 234574 9925 2144 234221 41401 192820 56801 9855 7064 1827 2086 7781 136019
cat_boundaries=0 3 5 8 9 11 13 15 18 20 23 25 27
cat_threshold=167821458 3493855488 2 2147483648 1049088 134234128 2415919360 2 134250496 67109952 203513938 553910272 570430624 33554432 2147483648 1083244800 536876073 1 16384 268435456 1099444548 587614409 1 1099694400 555876496 33554434 2147483648
is_linear=0
shrinkage=0.05


Tree=97
num_leaves=31
num_cat=13
split_feature=17 17 0 17 0 5 17 5 8 17 17 8 5 17 3 6 14 17 6 17 5 6 17 17 6 17 16 16 17 6
split_gain=23464.5 11158.3 9038.61 597.264 438.909 323.862 257.017 370.388 246.998 410.916 279.196 230.122 227.175 258.513 218.03 167.455 150.16 213.135 165.683 166.735 144.155 235.89 374.761 230.108 185.806 254.969 156.074 146.371 139.881 136.728
threshold=0 1 7.5000000000000009 2 7.5000000000000009 18.750000000000004 3 6.2500000000000009 24.500000000000004 4 5 23.500000000000004 6.2500000000000009 6 7.5000000000000009 17.500000000000004 190.08587500000002 7 10.500000000000002 8 21.250000000000004 20.500000000000004 9 10 21.500000000000004 11 30.08120833333334 59.872441666666667 12 14.500000000000002
decision_type=9 9 2 9 2 2 9 2 2 9 9 2 2 9 2 2 2 9 2 9 2 2 9 9 2 9 2 2 9 2
left_child=2 4 3 5 -2 -1 7 -3 10 -10 11 -4 13 -8 15 -9 17 -14 -18 29 21 23 27 -21 25 -24 -26 -23 -28 -20
right_child=1 6 8 -5 -6 -7 12 14 9 -11 -12 -13 16 -15 -16 -17 18 -19 19 20 -22 22 24 -25 26 -27 28 -29 -30 -31
leaf_value=-0.0051790604055991455 -0.0051790604055991455 0.0039396222965214726 -0.010079743070585146 -0.0051790604055991455 0.0001568730558703102 -0.0051790604055991455 -0.021232904391857099 -0.0053307073147681018 0.023466732609715636 0.00028747902513721614 -0.00077719594573837374 0.00074785683466114259 0.039190921023435271 0.0010717576421737096 -0.0085504175922324517 0.011435137021715214 0.12751426394979043 -0.0012287826340903864 -0.0083988159560719929 -0.027403792155200304 0.0044248641250305811 0.00065825135644241865 0.15856483369874971 -0.014226872948153968 -0.076734483200683642 -0.0028901551189353561 0.0027101536957962582 0.00020244856825448745 -0.039629268632381233 0.020562051348368374
leaf_weight=16174 146 325 1827 21994 13222 9925 7449 3059 637 7064 8368 471 36171 7321 2874 714 1613 40514 14689 10282 50063 752 2388 57711 2375 3645 1407 988 1400 23293
leaf_count=16174 146 325 1827 21994 13222 9925 7449 3059 637 7064 8368 471 36171 7321 2874 714 1613 40514 14689 10282 50063 752 2388 57711 2375 3645 1407 988 1400 23293
internal_value=-0.00440362 0.0018875 -0.0311313 -0.0425311 0.0464569 -0.0373377 -0.000328758 -0.00979662 -0.00129852 0.00552526 -0.00622539 -0.0216205 -7.6506e-05 -0.0061002 -0.012359 -0.0202624 0.00028327 0.00212101 -0.000542771 -0.000694999 -0.00154059 -0.00284504 0.00333848 -0.00402321 -2.22717e-05 0.00594232 -0.00696642 0.0248571 0.00101532 0.00222152
internal_weight=348861 282401 66460 48093 13368 26099 269033 6972 18367 7701 10666 2298 262061 14770 6647 3773 247291 76685 170606 168993 131011 80948 12955 67993 11215 6033 5182 1740 2807 37982
internal_count=348861 282401 66460 48093 13368 26099 269033 6972 18367 7701 10666 2298 262061 14770 6647 3773 247291 76685 170606 168993 131011 80948 12955 67993 11215 6033 5182 1740 2807 37982
cat_boundaries=0 3 5 8 10 11 13 16 19 21 23 25 28 31
cat_threshold=167821458 3493855488 2 2147483648 1049088 134234128 2415919360 2 0 2097152 134250496 33554432 2147483648 898171200 218199043 4 1073819908 705055912 13 336068608 269379 18087936 554246144 1090519104 131072 1073746180 0 12 536936512 33554592 9
is_linear=0
shrinkage=0.05


Tree=98
num_leaves=31
num_cat=13
split_feature=17 17 0 17 0 5 17 5 8 17 17 8 3 5 6 17 17 17 6 17 17 0 6 17 16 6 17 3 16 0
split_gain=23395.6 11170.6 9076.84 597.264 438.909 323.862 255.627 370.388 239.805 411.196 277.128 220.734 218.03 216.731 213.164 976.212 272.167 258.694 246.515 275.383 261.949 187.85 179.586 210.013 179.488 167.455 162.107 161.404 125.213 123.16
threshold=0 1 7.5000000000000009 2 7.5000000000000009 18.750000000000004 3 6.2500000000000009 24.500000000000004 4 5 23.500000000000004 7.5000000000000009 16.250000000000004 20.500000000000004 6 7 8 21.500000000000004 9 10 7.5000000000000009 11.500000000000002 11 29.922475000000002 17.500000000000004 12 7.5000000000000009 119.93754166666669 7.5000000000000009
decision_type=9 9 2 9 2 2 9 2 2 9 9 2 2 2 2 9 9 9 2 9 9 2 2 9 2 2 9 2 2 2
left_child=2 4 3 5 -2 -1 7 -3 10 -10 11 -4 25 14 17 27 21 -8 19 -18 -20 -17 26 -24 -22 28 -15 -16 -9 -21
right_child=1 6 8 -5 -6 -7 13 12 9 -11 -12 -13 -14 22 15 16 18 -19 20 29 24 -23 23 -25 -26 -27 -28 -29 -30 -31
leaf_value=-0.0049201073853192062 -0.0049201073853192062 0.0037426411816953832 -0.0095757559170558618 -0.0049201073853192062 0.00014902940307681689 -0.0049201073853192062 -0.0136213225295434 -0.0048208698918885684 0.022293395979229837 0.00027310507388031983 -0.00073833614845142392 0.00071046399292811206 -0.0081228967126208314 0.11340600489245918 0.00053450645512294066 -0.025626355251306299 0.20786726823226875 -0.0063142396009046031 -0.084197938782138465 -0.0058951204283456795 -0.027289456551821537 -0.032325519592240858 0.022211650535043148 -0.00614110010210065 0.0025746460110064543 0.010863380170629445 0.014168916791256337 0.067329979386275704 -0.005064171949029684 0.01939608475913426
leaf_weight=16174 146 325 1827 21994 13222 9925 19238 1889 637 7064 8368 471 2874 9092 1598 619 2459 74292 4213 1220 1224 1264 60928 64776 2477 714 14715 1142 1170 2804
leaf_count=16174 146 325 1827 21994 13222 9925 19238 1889 637 7064 8368 471 2874 9092 1598 619 2459 74292 4213 1220 1224 1264 60928 64776 2477 714 14715 1142 1170 2804
internal_value=-0.00441881 0.00186306 -0.0311073 -0.0425311 0.0464569 -0.0373377 -0.000354404 -0.00979662 -0.00121141 0.00551227 -0.006066 -0.0214038 -0.012359 -0.000102835 -0.00176011 0.00306519 -0.00158993 -0.00274137 0.000753106 0.00798242 -0.00516806 -0.0194136 0.00114473 0.0003906 0.00454056 -0.0202624 0.00512664 0.0306182 -0.0253514 -9.91572e-05
internal_weight=348861 282401 66460 48093 13368 26099 269033 6972 18367 7701 10666 2298 6647 262061 112550 19020 16280 93530 14397 6483 7914 1883 149511 125704 3701 3773 23807 2740 3059 4024
internal_count=348861 282401 66460 48093 13368 26099 269033 6972 18367 7701 10666 2298 6647 262061 112550 19020 16280 93530 14397 6483 7914 1883 149511 125704 3701 3773 23807 2740 3059 4024
cat_boundaries=0 3 5 8 10 11 13 15 17 19 22 25 28 30
cat_threshold=167821458 3493855488 2 2147483648 1049088 134234128 2415919360 2 0 2097152 134250496 33554432 2147483648 27000832 537728000 67109888 16473 16777280 50528386 1073745924 151005184 4 1073746180 218114048 4 277419076 201738442 5 1694573568 570900609
is_linear=0
shrinkage=0.05


Tree=99
num_leaves=31
num_cat=13
split_feature=17 17 0 17 0 5 17 5 5 6 17 2 17 3 6 17 8 8 17 6 17 17 6 17 16 17 6 17 5 5
split_gain=23302.6 11190.6 9117.55 597.264 438.909 323.862 253.357 370.388 271.809 249.817 234.584 233.503 301.148 218.03 167.455 166.627 158.225 150.341 318.669 142.94 305.842 164.254 138.594 332.381 125.213 119.126 118.751 119.241 101.586 100.623
threshold=0 1 7.5000000000000009 2 7.5000000000000009 18.750000000000004 3 6.2500000000000009 13.500000000000002 9.5000000000000018 4 14.000000000000002 5 7.5000000000000009 17.500000000000004 6 24.500000000000004 23.500000000000004 7 19.500000000000004 8 9 20.500000000000004 10 119.93754166666669 11 11.500000000000002 12 36.250000000000007 26.250000000000004
decision_type=9 9 2 9 2 2 9 2 2 2 9 2 9 2 2 9 2 2 9 2 9 9 2 9 2 9 2 9 2 2
left_child=2 4 3 5 -2 -1 7 -3 10 -10 -8 12 16 14 24 -13 -4 18 -14 21 -21 28 -12 -24 -9 -19 27 -7 -11 -28
right_child=1 6 11 -5 -6 26 8 13 9 19 22 15 17 -15 -16 -17 -18 25 -20 20 -22 -23 23 -25 -26 -27 29 -29 -30 -31
leaf_value=-0.0046741020160532276 -0.0046741020160532276 0.0035555091226106231 0.00031171173535753387 -0.0046741020160532276 0.00014157793292302046 0.15327025752086057 -0.010845593894242845 -0.0045798263972941294 0.12991540487120373 0.019092450482141032 -0.010664302034354379 -0.005664337521928609 -0.0053216445337105796 -0.0077167518769897915 0.010320211162097959 -0.013279855555577758 0.019822824568775755 -0.10821048715263953 -2.0502381550091545e-05 0.046791198784075588 -0.029870097801355522 -0.0011269408072554833 0.011892741320168376 0.0022720271611973877 -0.0048109633515781795 0.0011481963901795566 -0.0046741020160532276 -0.0046741020160532276 0.19384264154967426 -0.0046741020160532276
leaf_weight=16174 146 325 850 21994 13222 540 25436 1889 4522 65368 18741 4182 849 2874 714 2430 644 879 3698 5775 13127 120279 914 6154 1170 4835 6538 1604 1745 1243
leaf_count=16174 146 325 850 21994 13222 540 25436 1889 4522 65368 18741 4182 849 2874 714 2430 644 879 3698 5775 13127 120279 914 6154 1170 4835 6538 1604 1745 1243
internal_value=-0.00444633 0.00182305 -0.0310817 -0.0425311 0.0464569 -0.0373377 -0.000396405 -0.00979662 -0.000145953 0.000647958 -0.00341204 -0.00111885 0.00310932 -0.012359 -0.0202624 -0.00863581 0.0240027 4.38127e-05 -0.00674071 0.000393128 -0.00375093 0.000811134 -5.22871e-05 0.00591398 -0.0253514 0.00544277 -0.0302418 -0.0198228 0.00279263 -0.0331127
internal_weight=348861 282401 66460 48093 13368 26099 269033 6972 262061 210816 51245 18367 11755 6647 3773 6612 1494 10261 4547 206294 18902 187392 25809 7068 3059 5714 9925 2144 67113 7781
internal_count=348861 282401 66460 48093 13368 26099 269033 6972 262061 210816 51245 18367 11755 6647 3773 6612 1494 10261 4547 206294 18902 187392 25809 7068 3059 5714 9925 2144 67113 7781
cat_boundaries=0 3 5 8 10 13 14 16 18 21 24 26 27 29
cat_threshold=167821458 3493855488 2 2147483648 1049088 134234128 2415919360 2 0 2097152 898171200 218316819 5 134250498 33570832 256 0 2147483648 1352139012 797729 4 620831744 280779 1 1310720 537138176 16400 16384 268435456
is_linear=0
shrinkage=0.05


Tree=100
num_leaves=31
num_cat=12
split_feature=17 17 0 17 0 5 17 5 8 17 17 3 8 5 17 6 16 17 6 17 14 17 6 17 17 0 5 16 5 16
split_gain=23407.5 11159.6 9098.38 597.264 438.909 323.862 256.876 370.388 228.119 413.723 269.195 218.03 209.085 194.062 238.625 167.455 140.317 215.412 207.52 185.343 155.798 194.432 135.995 173.434 137.895 130.186 127.593 132.104 129.149 125.213
threshold=0 1 7.5000000000000009 2 7.5000000000000009 18.750000000000004 3 6.2500000000000009 24.500000000000004 4 5 7.5000000000000009 23.500000000000004 6.2500000000000009 6 17.500000000000004 79.962241666666685 7 20.500000000000004 8 129.87888333333336 9 14.500000000000002 10 11 14.000000000000002 16.250000000000004 29.758508333333335 23.750000000000004 119.93754166666669
decision_type=9 9 2 9 2 2 9 2 2 9 9 2 2 2 9 2 2 9 2 9 2 9 2 9 9 2 2 2 2 2
left_child=2 4 3 5 -2 -1 7 -3 10 -10 12 15 -4 14 -8 29 20 18 -18 -20 21 -15 24 25 -19 -24 -22 28 -28 -9
right_child=1 6 8 -5 -6 -7 13 11 9 -11 -12 -13 -14 16 -16 -17 17 22 19 -21 26 -23 23 -25 -26 -27 27 -29 -30 -31
leaf_value=-0.0044403969152505777 -0.0044403969152505777 0.0033777336664801098 -0.0088308858945175938 -0.0044403969152505777 0.00013449903627691385 -0.0044403969152505777 -0.018947913351074954 -0.0043508350774294161 0.020187584951829596 0.00037481592580022042 -0.00071700492779669389 -0.007330914283140322 0.00061753097377277306 0.05543378432912216 0.00093322021685597893 0.0098042006039930751 0.016829024590339439 0.068506040070139121 0.00070788051179775384 0.0014618030570063834 -0.013536751495342081 -0.0034416823056965477 -0.058502063831358524 0.00016922966615902092 -0.0017305118700456036 -0.055973267208622883 -0.0049116695771015632 -0.014717175077010404 0.041616895861908892 -0.0045704151839992772
leaf_weight=16174 146 325 1827 21994 13222 9925 7449 1889 637 7064 8368 2874 471 19762 7321 714 26514 8926 811 1187 50401 17999 1735 19372 10895 5312 26811 34924 22642 1170
leaf_count=16174 146 325 1827 21994 13222 9925 7449 1889 637 7064 8368 2874 471 19762 7321 714 26514 8926 811 1187 50401 17999 1735 19372 10895 5312 26811 34924 22642 1170
internal_value=-0.00439846 0.00188502 -0.0310937 -0.0425311 0.0464569 -0.0373377 -0.00033136 -0.00979662 -0.00116241 0.0053954 -0.00589724 -0.012359 -0.0210139 -7.9177e-05 -0.00564658 -0.0202624 0.000253345 0.00206282 0.00547998 0.021021 -0.000530605 0.00230794 -4.54054e-05 -0.00239411 0.00308511 -0.00910444 -0.00132588 -0.000136886 0.00152569 -0.0253514
internal_weight=348861 282401 66460 48093 13368 26099 269033 6972 18367 7701 10666 6647 2298 262061 14770 3773 247291 74752 28512 1998 172539 37761 46240 26419 19821 7047 134778 84377 49453 3059
internal_count=348861 282401 66460 48093 13368 26099 269033 6972 18367 7701 10666 6647 2298 262061 14770 3773 247291 74752 28512 1998 172539 37761 46240 26419 19821 7047 134778 84377 49453 3059
cat_boundaries=0 3 5 8 10 11 13 16 18 20 23 25 28
cat_threshold=167821458 3493855488 2 2147483648 1049088 134234128 2415919360 2 0 2097152 134250496 33554432 2147483648 898171200 218199043 4 899166208 50595968 17825792 17039360 1074869572 671500328 13 1073742848 213057 1073807360 537084011 12
is_linear=0
shrinkage=0.05


Tree=101
num_leaves=31
num_cat=12
split_feature=17 17 0 17 0 5 17 5 3 2 17 5 17 6 8 17 5 6 17 5 17 6 17 6 17 3 5 17 16 16
split_gain=23319.9 11170.9 9160.75 597.264 438.909 323.862 255.586 370.388 218.03 204.826 306.073 191.424 228.575 167.455 158.225 155.035 141.042 134.93 190.511 164.981 185.331 133.362 132.045 198 363.164 292.604 159.155 128.972 161.588 125.213
threshold=0 1 7.5000000000000009 2 7.5000000000000009 18.750000000000004 3 6.2500000000000009 7.5000000000000009 14.000000000000002 4 6.2500000000000009 5 17.500000000000004 24.500000000000004 6 33.750000000000007 10.500000000000002 7 13.500000000000002 8 9.5000000000000018 9 20.500000000000004 10 7.5000000000000009 18.750000000000004 11 29.97004166666667 119.93754166666669
decision_type=9 9 2 9 2 2 9 2 2 2 9 2 9 2 2 9 2 2 9 2 9 2 9 2 9 2 2 9 2 2
left_child=2 4 3 5 -2 -1 7 -3 13 10 14 12 -8 29 -4 -11 17 18 -13 20 -20 -12 23 -19 -25 -26 27 -24 -29 -9
right_child=1 6 9 -5 -6 -7 11 8 -10 15 21 16 -14 -15 -16 -17 -18 22 19 -21 -22 -23 26 24 25 -27 -28 28 -30 -31
leaf_value=-0.0042183770694880444 -0.0042183770694880444 0.0032088469831561108 0.00033197639497952738 -0.0042183770694880444 0.00012777408446309479 -0.0042183770694880444 -0.018000517683521223 -0.0041332933235579631 -0.0069643685689833035 -0.0053725659207823021 0.002258741727177771 0.10178624842285303 0.00088655920601317113 0.0093139905737934289 0.017822304092745524 -0.012174318483072977 0.05664549101498189 0.0016535522886305999 -0.013503869819587112 0.03447474948768852 -0.0077316551198940431 -0.00015635773707973756 -0.025767846003279971 -0.08050959890995818 0.0010146668014890281 0.05859205543000421 0.00045451146913135789 -0.022729170141026378 0.0022592221995459297 -0.0043418944247993084
leaf_weight=16174 146 325 850 21994 13222 9925 7449 1889 2874 4182 363 9160 7321 714 644 2430 12811 45058 1159 14738 8307 9898 25848 540 983 1941 90725 16572 19449 1170
leaf_count=16174 146 325 850 21994 13222 9925 7449 1889 2874 4182 363 9160 7321 714 644 2430 12811 45058 1159 14738 8307 9898 25848 540 983 1941 90725 16572 19449 1170
internal_value=-0.00440935 0.00186236 -0.0310546 -0.0425311 0.0464569 -0.0373377 -0.000355148 -0.00979662 -0.012359 -0.00102085 0.00293917 -0.000103598 -0.00563304 -0.0202624 0.0240027 -0.0080611 0.000226656 -5.24565e-05 0.00289234 0.000565788 -0.00458483 -0.00015091 -0.000540981 0.00173082 0.0132506 0.0201772 -0.0012634 -0.0032189 -0.00128362 -0.0253514
internal_weight=348861 282401 66460 48093 13368 26099 269033 6972 6647 18367 11755 262061 14770 3773 1494 6612 247291 234480 33364 24204 9466 10261 201116 48522 3464 2924 152594 61869 36021 3059
internal_count=348861 282401 66460 48093 13368 26099 269033 6972 6647 18367 11755 262061 14770 3773 1494 6612 247291 234480 33364 24204 9466 10261 201116 48522 3464 2924 152594 61869 36021 3059
cat_boundaries=0 3 5 8 10 11 14 16 19 21 23 25 28
cat_threshold=167821458 3493855488 2 2147483648 1049088 134234128 2415919360 2 0 2097152 134250498 898171200 218199043 4 33570832 256 1073819648 67258528 12 16777216 536936450 352321536 277569 67108864 65 1074332992 67256464 1
is_linear=0
shrinkage=0.05


Tree=102
num_leaves=31
num_cat=13
split_feature=17 17 0 17 0 5 17 5 3 17 8 2 17 6 16 17 6 17 17 5 5 6 0 17 6 17 17 9 17 16
split_gain=23521.1 11124.9 9081.62 597.264 438.909 323.862 260.846 370.388 218.03 194.329 259.706 210.96 169.929 167.455 159.453 247.098 412.417 213.551 151.246 141.315 136.021 131.236 160.86 248.629 460.241 144.525 133.754 125.286 370.213 125.213
threshold=0 1 7.5000000000000009 2 7.5000000000000009 18.750000000000004 3 6.2500000000000009 7.5000000000000009 4 24.500000000000004 14.000000000000002 5 17.500000000000004 79.962241666666685 6 20.500000000000004 7 8 12.000000000000002 26.250000000000004 14.500000000000002 7.5000000000000009 9 19.500000000000004 10 11 5.5000000000000009 12 119.93754166666669
decision_type=9 9 2 9 2 2 9 2 2 9 2 2 9 2 2 9 2 9 9 2 2 2 2 9 2 9 9 2 9 2
left_child=2 4 3 5 -2 -1 7 -3 13 10 11 -4 -12 29 18 16 -16 -18 19 -8 -14 26 23 24 -23 -24 -17 28 -11 -9
right_child=1 6 9 -5 -6 -7 14 8 -10 27 12 -13 20 -15 15 21 17 -19 -20 -21 -22 22 25 -25 -26 -27 -28 -29 -30 -31
leaf_value=-0.0040074582160136265 -0.0040074582160136265 0.003048404633998292 0.00031537757523052439 -0.0040074582160136265 0.00012138538023993562 -0.0040074582160136265 -0.017100491799345141 -0.0039266286573800711 -0.0066161501405341385 -0.0077212379872941385 0.018382826698454213 -0.0061166383382783357 0.0023368699984560592 0.0088482910451037396 0.0094991912485598469 0.053092984457907201 0.00096393346141456784 0.0028646003534286372 0.00013530083303381346 -0.010811446254149005 -0.0011270626470306412 -0.080927854286000411 -0.052883042919519063 -0.04367482881482232 0.015382321426630164 0.0045285203278438773 -0.0062393451410668989 -1.1171411133137355e-05 -0.0030876855049020158 -0.0041247997035593455
leaf_weight=16174 146 325 1720 21994 13222 9925 8912 1889 2874 1215 637 853 834 714 35044 8171 928 2123 136711 38690 197 630 8975 1355 527 11214 8781 8665 4246 1170
leaf_count=16174 146 325 1720 21994 13222 9925 8912 1889 2874 1215 637 853 834 714 35044 8171 928 2123 136711 38690 197 630 8975 1355 527 11214 8781 8665 4246 1170
internal_value=-0.00434428 0.00195442 -0.0311043 -0.0425311 0.0464569 -0.0373377 -0.000258509 -0.00979662 -0.012359 -0.00120052 0.00817455 -0.00176836 0.0235612 -0.0202624 -4.38812e-06 0.00189458 0.00476972 0.0224025 -0.000805423 -0.00323238 0.0106148 -0.000868568 -0.00335448 -0.0152866 0.00184233 -0.00186983 0.00245989 -0.00401811 -0.00995239 -0.0253514
internal_weight=348861 282401 66460 48093 13368 26099 269033 6972 6647 18367 4241 2573 1668 3773 262061 77748 38095 3051 184313 47602 1031 39653 22701 2512 1157 20189 16952 14126 5461 3059
internal_count=348861 282401 66460 48093 13368 26099 269033 6972 6647 18367 4241 2573 1668 3773 262061 77748 38095 3051 184313 47602 1031 39653 22701 2512 1157 20189 16952 14126 5461 3059
cat_boundaries=0 3 5 8 10 13 14 17 19 21 23 26 29 31
cat_threshold=167821458 3493855488 2 2147483648 1049088 134234128 2415919360 2 0 2097152 167804928 0 2 134250496 899166208 50597032 8 17825792 263168 881852480 50397202 262144 536940562 1073742848 671301697 4 1073807360 537092163 4 0 2147483648
is_linear=0
shrinkage=0.05


Tree=103
num_leaves=31
num_cat=15
split_feature=17 17 0 17 0 5 17 5 3 8 17 17 8 6 5 17 6 17 16 17 6 17 6 17 17 17 17 16 7 17
split_gain=23457.3 11145 9088.8 597.264 438.909 323.862 257.754 370.184 218.861 178.472 430.762 245.25 198.059 167.455 156.826 206.135 294.596 605.147 249.267 172.823 184.357 216.841 160.765 600.443 354.179 170.314 129.67 125.213 123.172 120.845
threshold=0 1 7.5000000000000009 2 7.5000000000000009 18.750000000000004 3 6.2500000000000009 7.5000000000000009 24.500000000000004 4 5 23.500000000000004 17.500000000000004 16.250000000000004 6 20.500000000000004 7 29.858275000000003 8 21.500000000000004 9 17.500000000000004 10 11 12 13 119.93754166666669 1.0000000180025095e-35 14
decision_type=9 9 2 9 2 2 9 2 2 2 9 9 2 2 2 9 2 9 2 9 2 9 2 9 9 9 9 2 2 9
left_child=2 4 3 5 -2 -1 7 -3 13 11 -11 12 -4 27 15 28 -17 18 -18 -19 26 -22 24 -24 -16 -25 -21 -9 -8 -12
right_child=1 6 9 -5 -6 -7 14 8 -10 10 29 -13 -14 -15 22 16 17 19 -20 20 21 -23 23 25 -26 -27 -28 -29 -30 -31
leaf_value=-0.0038070853052129651 -0.0038070853052129651 0.0028959844022983907 -0.0079954618135730012 -0.0038070853052129651 0.00011531611122794772 -0.0038070853052129651 -0.031896638653808831 -0.0037302972245110591 -0.0062853426335074403 0.017463685363531489 -0.099937960823784616 -0.0006826780579213044 0.00059503088249472928 0.0084058764928485637 0.052187089142962509 -0.0010840766008856308 -0.0043609391613563808 -0.095312735062506176 0.0018561074922643916 -0.00060356315461707055 -0.1174160382196876 0.0066903869823851997 -0.10287113894626287 0.054303344830693948 -0.0026362960036253828 -0.0095592182318348772 0.24563461163874445 -0.0039185597183813764 -0.0085757491539227189 0.00070052834676008762
leaf_weight=16174 146 325 1827 21994 13222 9925 11885 1889 2874 637 1333 8368 471 714 50332 46207 213 699 1634 839 2150 1387 7685 10994 62071 18429 1772 1170 45764 5731
leaf_count=16174 146 325 1827 21994 13222 9925 11885 1889 2874 637 1333 8368 471 714 50332 46207 213 699 1634 839 2150 1387 7685 10994 62071 18429 1772 1170 45764 5731
internal_value=-0.0043761 0.00191405 -0.0310997 -0.0425311 0.0464569 -0.0373377 -0.000300881 -0.0097823 -0.0123439 -0.00118419 0.00461628 -0.00537221 -0.0198007 -0.0202624 -4.82694e-05 -0.00145802 0.000734825 0.00917874 0.0344911 0.00229692 0.00498538 -0.00244558 0.00101297 -0.00184057 0.00195502 0.00141168 0.0150709 -0.0253514 -0.00354585 0.00103195
internal_weight=348861 282401 66460 48093 13368 26099 269033 6972 6647 18367 7701 10666 2298 3773 262061 112550 54901 8694 1847 6847 6148 3537 149511 37108 112403 29423 2611 3059 57649 7064
internal_count=348861 282401 66460 48093 13368 26099 269033 6972 6647 18367 7701 10666 2298 3773 262061 112550 54901 8694 1847 6847 6148 3537 149511 37108 112403 29423 2611 3059 57649 7064
cat_boundaries=0 3 5 8 10 11 13 16 18 20 23 25 28 31 34 35
cat_threshold=167821458 3493855488 2 2147483648 1049088 134234128 2415919360 2 0 2097152 134250496 33554432 2147483648 1955135808 251871378 1 17039360 537134080 1024 73 4100 10240 4 553648128 704724993 620831744 705120449 1 1351090436 84672514 1 8192 4128 8 16386
is_linear=0
shrinkage=0.05


Tree=104
num_leaves=31
num_cat=12
split_feature=17 17 0 17 0 5 17 5 17 8 3 6 8 17 6 17 17 8 13 17 6 6 17 2 16 6 6 17 17 6
split_gain=23270.4 11119.9 9380.74 597.264 438.909 323.862 264.561 345.4 238.698 374.909 218.228 167.048 149.06 300.327 214.094 233.774 212.875 167.841 164.942 147.502 186.53 165.284 144.822 143.306 125.851 124.385 118.751 119.241 118.075 113.037
threshold=0 1 7.5000000000000009 2 7.5000000000000009 18.750000000000004 3 6.2500000000000009 4 24.500000000000004 7.5000000000000009 17.500000000000004 23.500000000000004 5 16.500000000000004 6 7 28.500000000000004 10.500000000000002 8 17.500000000000004 16.500000000000004 9 14.000000000000002 119.93754166666669 9.5000000000000018 11.500000000000002 10 11 20.500000000000004
decision_type=9 9 2 9 2 2 9 2 9 2 2 2 2 9 2 9 9 2 2 9 2 2 9 2 2 2 2 9 9 2
left_child=2 4 3 5 -2 -1 7 -3 9 23 11 24 13 -8 18 -16 -14 29 22 20 -19 28 -15 -4 -9 -10 27 -7 -21 -18
right_child=1 6 8 -5 -6 26 12 10 25 -11 -12 -13 16 14 15 -17 17 19 -20 21 -22 -23 -24 -25 -26 -27 -28 -29 -30 -31
leaf_value=-0.0036167310399523259 -0.0036167310399523259 0.0027511851821834911 0.00033374259936511666 -0.0036167310399523259 0.00010955030566659474 0.14643041052011579 0.057064456083693926 -0.0035437823632855194 0.0015227303821767181 0.015897490863434883 -0.0059710755018320683 0.0079855826682061481 -0.018323110888916805 0.096401186190176708 -0.055086631782035461 -0.00067830138533064854 -0.0067532469046726719 0.10351244757895933 -0.008786318216478772 -0.015205574367995878 -0.01710065002989487 0.0060427792451313248 0.0050262193641663622 -0.0019946299859224582 -0.0037226317324623006 -0.0011057359320171046 -0.0036167310399523259 -0.0036167310399523259 0.0077883605247320636 0.00098804120385853622
leaf_weight=16174 146 325 850 21994 13222 540 19641 1889 533 713 2874 714 39543 13449 8153 16147 66596 7738 18210 13773 3280 18698 13424 336 1170 15935 7781 1604 17582 5827
leaf_count=16174 146 325 850 21994 13222 540 19641 1889 533 713 2874 714 39543 13449 8153 16147 66596 7738 18210 13773 3280 18698 13424 336 1170 15935 7781 1604 17582 5827
internal_value=-0.00430071 0.00196434 -0.0309177 -0.0425311 0.0464569 -0.0373377 -0.000248102 -0.00985391 -0.000525399 0.0162127 -0.0123289 -0.0202359 7.82231e-06 0.00167034 0.000124652 -0.00365844 -0.000847507 0.000107113 0.00216379 0.00203779 0.0072724 0.000883886 0.00465337 -0.000927487 -0.0253187 -0.00246389 -0.0302418 -0.0198228 -0.00133472 -0.00152093
internal_weight=348861 282401 66460 48093 13368 26099 269033 6972 18367 1899 6647 3773 262061 89024 69383 24300 173037 133494 45083 61071 11018 50053 26873 1186 3059 16468 9925 2144 31355 72423
internal_count=348861 282401 66460 48093 13368 26099 269033 6972 18367 1899 6647 3773 262061 89024 69383 24300 173037 133494 45083 61071 11018 50053 26873 1186 3059 16468 9925 2144 31355 72423
cat_boundaries=0 3 5 8 10 11 13 15 17 19 22 24 27
cat_threshold=167821458 3493855488 2 2147483648 1049088 134234128 2415919360 2 0 2097152 134250498 17567808 395296 603980800 570515521 1074528320 151126034 536871936 536952833 1140860164 704659544 5 16384 268435456 360710404 67642368 8
is_linear=0
shrinkage=0.05


Tree=105
num_leaves=31
num_cat=13
split_feature=17 17 0 17 0 5 17 5 17 8 3 6 5 17 16 17 6 17 2 17 16 8 17 6 17 14 5 17 15 17
split_gain=23078.9 11166.7 9448.95 597.264 438.909 323.862 259.184 345.4 234.376 374.909 218.228 167.048 161.957 163.727 169.792 161.284 143.661 169.252 143.306 140.874 125.851 125.583 400.737 118.751 119.241 108.942 100.623 100.469 110.006 92.3783
threshold=0 1 7.5000000000000009 2 7.5000000000000009 18.750000000000004 3 6.2500000000000009 4 24.500000000000004 7.5000000000000009 17.500000000000004 16.250000000000004 5 59.911775000000013 6 11.500000000000002 7 14.000000000000002 8 119.93754166666669 23.500000000000004 9 11.500000000000002 10 819.96135833333335 26.250000000000004 11 1.0000000180025095e-35 12
decision_type=9 9 2 9 2 2 9 2 9 2 2 2 2 9 2 9 2 9 2 9 2 2 9 2 9 2 2 9 2 9
left_child=2 4 3 5 -2 29 7 -3 9 18 11 20 13 -8 -15 -16 19 -18 -4 -14 -9 22 -10 24 -7 -17 -25 28 -23 -1
right_child=1 6 8 -5 -6 23 12 10 21 -11 -12 -13 16 14 15 25 17 -19 -20 -21 -22 27 -24 26 -26 -27 -28 -29 -30 -31
leaf_value=-0.0032423423772066865 -0.0034358944879547162 0.0026136259230743254 0.00031705546939688747 -0.0034358944879547162 0.00010407279038329165 0.13910888999410997 -0.014901946244895737 -0.0033665932451212299 -0.0072908224909284947 0.015102616320263175 -0.0056725217267404654 0.0075863035347958352 0.09375736176073346 -0.0031880014737767138 -0.00052860353912902451 0.0073989424984954866 0.025162647470099487 -0.0047854454641499625 -0.0018948984866263175 0.0061660246249223951 -0.003536500145839172 0.0012039234626250563 -0.00090150047133059636 -0.0034358944879547162 -0.0034358944879547162 0.003725443038759968 -0.0034358944879547162 -0.00078243916039979491 -0.0078870655471800621 -0.0034358944879547162
leaf_weight=5571 146 325 850 21994 13222 540 55764 1889 1564 713 2874 714 11469 37961 5701 12216 43057 82647 336 12338 1170 2274 6669 6538 1604 908 1243 5754 207 10603
leaf_count=5571 146 325 850 21994 13222 540 55764 1889 1564 713 2874 714 11469 37961 5701 12216 43057 82647 336 12338 1170 2274 6669 6538 1604 908 1243 5754 207 10603
internal_value=-0.00436836 0.00187085 -0.0308756 -0.0425311 0.0464569 -0.0373377 -0.000346227 -0.00985391 -0.000372951 0.0162127 -0.0123289 -0.0202359 -9.29138e-05 -0.00152554 0.000364462 0.00424701 0.000985546 0.000311048 -0.000927487 0.00454698 -0.0253187 -0.00229397 -0.00666221 -0.0302418 -0.0198228 0.00729405 -0.0331127 0.00207043 0.0104576 -0.0417151
internal_weight=348861 282401 66460 48093 13368 26099 269033 6972 18367 1899 6647 3773 262061 112550 56786 18825 149511 125704 1186 23807 3059 16468 8233 9925 2144 13124 7781 8235 2481 16174
internal_count=348861 282401 66460 48093 13368 26099 269033 6972 18367 1899 6647 3773 262061 112550 56786 18825 149511 125704 1186 23807 3059 16468 8233 9925 2144 13124 7781 8235 2481 16174
cat_boundaries=0 3 5 8 10 11 14 17 20 23 25 27 29 31
cat_threshold=167821458 3493855488 2 2147483648 1049088 134234128 2415919360 2 0 2097152 134250498 1418527040 755187858 1 16782340 72 4 269025280 67520714 5 1694577920 570900609 9 0 2147483648 16384 268435456 33554432 2147483648 16384 256
is_linear=0
shrinkage=0.05


Tree=106
num_leaves=31
num_cat=11
split_feature=17 17 0 17 0 5 17 5 3 2 17 8 6 17 14 5 17 6 6 17 14 16 6 17 2 17 5 12 7 17
split_gain=23176.3 11144.2 9409.94 597.264 438.909 323.862 261.764 345.4 218.228 213.792 297.01 233.451 167.048 151.215 145.901 161.838 194.731 190.318 144.802 245.058 133.246 125.851 121.812 193.937 191.248 179.551 156.103 122.688 159.445 127.308
threshold=0 1 7.5000000000000009 2 7.5000000000000009 18.750000000000004 3 6.2500000000000009 7.5000000000000009 14.000000000000002 4 24.500000000000004 17.500000000000004 5 779.82257500000014 13.500000000000002 6 9.5000000000000018 20.500000000000004 7 40.129983333333335 119.93754166666669 19.500000000000004 8 7.5000000000000009 9 21.250000000000004 5.5000000000000009 4.5000000000000009 10
decision_type=9 9 2 9 2 2 9 2 2 2 9 2 2 9 2 2 9 2 2 9 2 2 2 9 2 9 2 2 2 9
left_child=2 4 3 5 -2 -1 7 -3 12 10 11 -4 21 -11 15 16 -8 -17 -18 -20 -19 -9 27 -24 26 -26 -25 29 -29 -22
right_child=1 6 9 -5 -6 -7 14 8 -10 13 -12 -13 -14 -15 -16 17 18 20 19 -21 22 -23 23 24 25 -27 -28 28 -30 -31
leaf_value=-0.0032640997635569936 -0.0032640997635569936 0.0024829446269206026 0.00030120269592703863 -0.0032640997635569936 9.8869150864100419e-05 -0.0032640997635569936 -0.019418757618423488 -0.0031982635828651687 -0.0053888956404034355 -0.0050152745106929689 0.00013653902372006145 0.013588857925824005 0.0072069883580560658 -0.010359939647728744 0.0047549537028722891 0.1155669390676716 -0.0035699487406974486 0.065066006324355649 0.0014382995300640468 -0.00099947848161510157 0.0030241661861969862 -0.0033596751385472248 -0.050044702370809005 0.0038750619003484754 -0.1440508385980237 0.0087810371671768646 -0.061979079604529246 0.010111182996400193 -0.0075174476386572486 -0.025725792495540259
leaf_weight=16174 146 325 850 21994 13222 9925 22025 1889 2874 4182 10261 644 714 2430 16088 4272 18222 4740 1578 2680 19706 1170 7180 798 693 6486 75 101348 36258 19912
leaf_count=16174 146 325 850 21994 13222 9925 22025 1889 2874 4182 10261 644 714 2430 16088 4272 18222 4740 1578 2680 19706 1170 7180 798 693 6486 75 101348 36258 19912
internal_value=-0.00433654 0.00191582 -0.0308997 -0.0425311 0.0464569 -0.0373377 -0.000299023 -0.00985391 -0.0123289 -0.000460064 0.00358571 0.0243351 -0.0202359 -0.00765275 -4.44536e-05 -0.000346176 -0.00307494 0.000256616 0.000200089 0.00850164 3.04266e-05 -0.0253187 -0.000173546 -0.00446429 0.000868271 -0.0018178 0.0229668 0.000195233 0.000901123 -0.00225655
internal_weight=348861 282401 66460 48093 13368 26099 269033 6972 6647 18367 11755 1494 3773 6612 262061 245973 44505 201468 22480 4258 197196 3059 192456 15232 8052 7179 873 177224 137606 39618
internal_count=348861 282401 66460 48093 13368 26099 269033 6972 6647 18367 11755 1494 3773 6612 262061 245973 44505 201468 22480 4258 197196 3059 192456 15232 8052 7179 873 177224 137606 39618
cat_boundaries=0 3 5 8 10 11 13 16 18 21 23 26
cat_threshold=167821458 3493855488 2 2147483648 1049088 134234128 2415919360 2 0 2097152 134250498 33570832 256 881393988 755187715 5 17039360 34346016 605094976 50483442 9 16777216 536936448 604569664 235300051 9
is_linear=0
shrinkage=0.05


Tree=107
num_leaves=31
num_cat=11
split_feature=17 17 0 17 0 5 17 5 3 17 8 6 0 5 17 16 6 17 16 6 17 6 17 2 5 5 17 6 17 14
split_gain=23121.5 11149.3 9456.27 597.264 438.909 323.862 260.39 345.203 219.059 213.666 394.45 167.048 134.063 128.771 147.057 187.936 132.873 125.887 125.851 118.751 119.241 115.785 111.985 106.089 100.623 99.2902 165.891 106.695 134.177 96.6043
threshold=0 1 7.5000000000000009 2 7.5000000000000009 18.750000000000004 3 6.2500000000000009 7.5000000000000009 4 24.500000000000004 17.500000000000004 127.50000000000001 16.250000000000004 5 59.911775000000013 10.500000000000002 6 119.93754166666669 11.500000000000002 7 9.5000000000000018 8 14.000000000000002 26.250000000000004 8.7500000000000018 9 10.500000000000002 10 819.96135833333335
decision_type=9 9 2 9 2 2 9 2 2 9 2 2 2 2 9 2 2 9 2 2 9 2 9 2 2 2 9 2 9 2
left_child=2 4 3 5 -2 -1 7 -3 11 10 23 18 13 14 25 -16 -15 -18 -9 20 -7 -11 -17 -4 -21 26 -8 28 -27 -24
right_child=1 6 9 -5 -6 19 12 8 -10 21 -12 -13 -14 16 15 22 17 -19 -20 24 -22 -23 29 -25 -26 27 -28 -29 -30 -31
leaf_value=-0.0031008947753791375 -0.0031008947753791375 0.0023587973955745858 0.0002861425611307311 -0.0031008947753791375 9.3925693320873199e-05 0.13231665048258234 -0.015069184917016365 -0.0030383504037219122 -0.0051194508583832571 0.0014788888699018622 0.013668042607958864 0.006846638940153249 1.4922066803384135 0.061192856084203662 -0.0032733674208692779 -4.7646203379025925e-05 0.019335115001780246 -0.0038382649362127767 -0.0031916913816198546 -0.0031008947753791375 -0.0031008947753791375 -0.00099978734202634824 0.0068484348216525607 -0.0012821565799086443 -0.0031008947753791375 0.079979234055841092 -0.01776242966158641 -0.016843773827302046 -0.015015306241439853 0.0028717042052494261
leaf_weight=16174 146 325 850 21994 13222 540 540 1889 2874 533 713 714 353 9534 37595 6527 68377 71324 1170 6538 1604 15935 11251 336 1243 4314 7302 36616 7419 909
leaf_count=16174 146 325 850 21994 13222 540 540 1889 2874 533 713 714 353 9534 37595 6527 68377 71324 1170 6538 1604 15935 11251 336 1243 4314 7302 36616 7419 909
internal_value=-0.00433941 0.00190556 -0.0308711 -0.0425311 0.0464569 -0.0373377 -0.000309802 -0.00983959 -0.0123138 -0.000356618 0.0154793 -0.0202359 -5.59009e-05 -9.74368e-05 -0.001375 0.000431678 0.000865414 0.000475659 -0.0253187 -0.0302418 -0.0198228 -0.0021908 0.00452989 -0.00210793 -0.0331127 -0.00318411 -0.00840347 -0.00233821 0.00181113 0.00736237
internal_weight=348861 282401 66460 48093 13368 26099 269033 6972 6647 18367 1899 3773 262061 261708 112473 56282 149235 139701 3059 9925 2144 16468 18687 1186 7781 56191 7842 48349 11733 12160
internal_count=348861 282401 66460 48093 13368 26099 269033 6972 6647 18367 1899 3773 262061 261708 112473 56282 149235 139701 3059 9925 2144 16468 18687 1186 7781 56191 7842 48349 11733 12160
cat_boundaries=0 3 5 8 10 11 14 17 19 21 23 26
cat_threshold=167821458 3493855488 2 2147483648 1049088 134234128 2415919360 2 0 2097152 134250498 1418527040 755187730 5 336143680 67520715 5 16384 268435456 16782340 786504 0 65538 1073807616 67256320 4
is_linear=0
shrinkage=0.05


Tree=108
num_leaves=31
num_cat=13
split_feature=17 17 0 17 0 5 17 5 3 2 17 6 17 5 17 16 8 16 6 17 14 17 6 5 6 17 6 17 17 17
split_gain=23008.2 11162.4 9544.37 597.264 438.909 323.862 258.889 345.203 219.059 214.511 273.289 167.048 140.158 133.738 138.086 135.253 130.845 125.851 118.751 119.241 112.153 129.715 130.991 110.753 178.83 166.623 117.534 160.845 108.9 108.545
threshold=0 1 7.5000000000000009 2 7.5000000000000009 18.750000000000004 3 6.2500000000000009 7.5000000000000009 14.000000000000002 4 17.500000000000004 5 26.250000000000004 6 19.980325000000004 23.500000000000004 119.93754166666669 11.500000000000002 7 779.82257500000014 8 21.500000000000004 13.500000000000002 9.5000000000000018 9 20.500000000000004 10 11 12
decision_type=9 9 2 9 2 2 9 2 2 2 9 2 9 2 9 2 2 2 2 9 2 9 2 2 2 9 2 9 9 9
left_child=2 4 3 5 -2 -1 7 -3 11 10 -4 17 -11 20 -15 -16 -12 -9 19 -7 23 22 -22 25 -25 -8 -27 -28 -26 -18
right_child=1 6 9 -5 -6 18 13 8 -10 12 16 -13 -14 14 15 -17 29 -19 -20 -21 21 -23 -24 24 28 26 27 -29 -30 -31
leaf_value=-0.002945850036610187 -0.002945850036610187 0.0022408575257958584 0.0017180604854903692 -0.002945850036610187 8.922940865483398e-05 0.1257008179584532 -0.018522807691612943 -0.0028864328835358057 -0.0048634783154640985 -0.004714521418056972 -0.0026549855741389906 0.0065043069931455706 -0.0097919532982410299 0.083945450440890745 0.068479481099368397 -0.0055896139997065226 -0.12165751872778233 -0.0030321068125388709 -0.002945850036610187 -0.002945850036610187 0.032654020794514342 0.0056893739777874597 -0.035602477934261766 0.10693777352454586 -0.011069819693433637 -0.0037578610311457261 -0.0012319206165969376 0.0018962286130178585 0.00097403634396417979 0.0010788019607458567
leaf_weight=16174 146 325 2972 21994 13222 540 20598 1889 2874 4182 3694 714 2430 13607 6544 24520 734 1170 7781 1604 4289 5506 2532 4241 39038 19300 2465 2142 117279 4355
leaf_count=16174 146 325 2972 21994 13222 540 20598 1889 2874 4182 3694 714 2430 13607 6544 24520 734 1170 7781 1604 4289 5506 2532 4241 39038 19300 2465 2142 117279 4355
internal_value=-0.0043503 0.00187935 -0.0308169 -0.0425311 0.0464569 -0.0373377 -0.000337307 -0.00983959 -0.0123138 -0.000160614 0.00389196 -0.0202359 -0.0073654 -8.41375e-05 0.0024076 0.00056639 -0.000551575 -0.0253187 -0.0302418 -0.0198228 -0.000596164 0.00403586 -0.000578246 -0.000874609 -0.000262833 -0.00308168 -0.000240415 0.0069351 -0.000537689 0.00464728
internal_weight=348861 282401 66460 48093 13368 26099 269033 6972 6647 18367 11755 3773 6612 262061 44671 31064 8783 3059 9925 2144 217390 12327 6821 205063 160558 44505 23907 4607 156317 5089
internal_count=348861 282401 66460 48093 13368 26099 269033 6972 6647 18367 11755 3773 6612 262061 44671 31064 8783 3059 9925 2144 217390 12327 6821 205063 160558 44505 23907 4607 156317 5089
cat_boundaries=0 3 5 8 10 13 15 17 19 22 25 28 30 31
cat_threshold=167821458 3493855488 2 2147483648 1049088 134234128 2415919360 2 0 2097152 167804930 0 2 33570832 256 1091047680 17189056 16384 268435456 1677800704 201474138 5 881393988 738410499 5 1074803712 10328 8 1090781504 553779216 16384
is_linear=0
shrinkage=0.05


Tree=109
num_leaves=31
num_cat=10
split_feature=17 17 0 17 0 5 17 5 17 8 3 6 0 16 6 6 17 7 11 17 17 8 6 8 17 17 13 16 5 16
split_gain=23013 11138.1 9618.1 597.264 438.909 323.862 261.672 345.203 219.571 282.763 219.059 167.048 125.979 125.851 121.967 118.751 119.241 112.389 240.461 130.622 118.338 112.473 160.921 147.538 105.135 105.111 101.792 100.818 100.623 100.101
threshold=0 1 7.5000000000000009 2 7.5000000000000009 18.750000000000004 3 6.2500000000000009 4 24.500000000000004 7.5000000000000009 17.500000000000004 137.50000000000003 119.93754166666669 9.5000000000000018 11.500000000000002 5 4.5000000000000009 1.0000000180025095e-35 6 7 23.500000000000004 18.500000000000004 29.500000000000004 8 9 12.500000000000002 249.88739166666667 26.250000000000004 69.780566666666672
decision_type=9 9 2 9 2 2 9 2 9 2 2 2 2 2 2 2 9 2 2 9 9 2 2 2 9 9 2 2 2 2
left_child=2 4 3 5 -2 -1 7 -3 9 -4 11 13 17 -9 -10 16 -7 18 20 27 21 22 26 -23 -19 -24 -8 -20 -17 -26
right_child=1 6 8 -5 -6 15 12 10 14 -11 -12 -13 -14 -15 -16 28 -18 24 19 -21 -22 23 25 -25 29 -27 -28 -29 -30 -31
leaf_value=-0.0027985575347796669 -0.0027985575347796669 0.0021288146495060723 0.00018593240879969387 -0.0027985575347796669 8.4767938222096717e-05 0.11941577706053055 0.12567261365400945 -0.0027421112393590354 0.0013510043283694096 0.012898737453286381 -0.0046203043996908997 0.0061790916434883107 1.9371251364039841 -0.002880501471911945 -0.00094875216328418335 -0.0027985575347796669 -0.0027985575347796669 -0.018032727839617336 -0.0014852565757904391 -0.037916083958863214 -6.0834800364784059e-05 -0.0064844545847840612 -0.074405219170068856 0.035893822660500875 -0.0077387983248520704 0.060971262362644212 0.019228005399730821 0.0033603472071905395 -0.0027985575347796669 0.0033269110988473297
leaf_weight=16174 146 325 1186 21994 13222 540 14334 1889 533 713 2874 714 230 1170 15935 6538 1604 28348 5221 14216 89252 32691 2334 21092 31207 2322 5585 592 1243 14637
leaf_count=16174 146 325 1186 21994 13222 540 14334 1889 533 713 2874 714 230 1170 15935 6538 1604 28348 5221 14216 89252 32691 2334 21092 31207 2322 5585 592 1243 14637
internal_value=-0.00430243 0.00192786 -0.0307718 -0.0425311 0.0464569 -0.0373377 -0.000286385 -0.00983959 2.72227e-06 0.0160555 -0.0123138 -0.0202359 -3.18616e-05 -0.0253187 -0.00185702 -0.0302418 -0.0198228 -6.43545e-05 0.000587031 -0.00459084 0.00120578 0.00262352 0.00542625 0.00134336 -0.00171177 -0.00294244 0.0073824 0.00172591 -0.0331127 -0.000231168
internal_weight=348861 282401 66460 48093 13368 26099 269033 6972 18367 1899 6647 3773 262061 3059 16468 9925 2144 261831 187639 20029 167610 78358 24575 53783 74192 4656 19919 5813 7781 45844
internal_count=348861 282401 66460 48093 13368 26099 269033 6972 18367 1899 6647 3773 262061 3059 16468 9925 2144 261831 187639 20029 167610 78358 24575 53783 74192 4656 19919 5813 7781 45844
cat_boundaries=0 3 5 8 10 11 13 16 19 21 24
cat_threshold=167821458 3493855488 2 2147483648 1049088 134234128 2415919360 2 0 2097152 134250498 16384 268435456 17826048 34088176 8 277427204 570820840 5 278663488 587399186 74752 570425416 1
is_linear=0
shrinkage=0.05


Tree=110
num_leaves=31
num_cat=10
split_feature=17 17 0 17 0 5 17 5 17 8 3 6 16 0 6 17 15 16 17 6 3 17 14 7 11 17 6 6 17 2
split_gain=23092.4 11131.8 9546.83 597.264 438.909 323.862 260.836 344.809 223.906 282.763 220.727 167.048 125.851 122.948 118.751 119.241 111.747 120.979 203.908 132.244 131.247 151.648 118.901 111.645 162.055 106.928 121.33 100.97 156.601 201.478
threshold=0 1 7.5000000000000009 2 7.5000000000000009 18.750000000000004 3 6.2500000000000009 4 24.500000000000004 7.5000000000000009 17.500000000000004 119.93754166666669 137.50000000000003 11.500000000000002 5 25.000000000000004 79.962241666666685 6 21.500000000000004 7.5000000000000009 7 40.129983333333335 4.5000000000000009 1.0000000180025095e-35 8 21.500000000000004 14.500000000000002 9 37.500000000000007
decision_type=9 9 2 9 2 2 9 2 9 2 2 2 2 2 2 9 2 2 9 2 2 9 2 2 2 9 2 2 9 2
left_child=2 4 3 5 -2 -1 7 -3 9 -4 11 12 -9 16 15 -7 17 23 19 -19 -21 -22 -18 24 25 26 -8 -20 29 -29
right_child=1 6 8 -5 -6 14 13 10 -10 -11 -12 -13 -14 -15 -16 -17 22 18 27 20 21 -23 -24 -25 -26 -27 -28 28 -30 -31
leaf_value=-0.0026586296580406901 -0.0026586296580406901 0.002022373917030773 0.00017663578835973583 -0.0026586296580406901 8.0529541310969682e-05 0.11344498820750402 0.01429538788692657 -0.0026050056773911038 -0.00058878556787043132 0.012253800580622087 -0.0043892891797063351 0.0058701370613138742 -0.0027364763983163346 1.8402688795837852 -0.0026586296580406901 -0.0026586296580406901 0.1597802879169411 0.013715599648522803 0.0073173201506693715 0.0037947823982209528 -0.13392102608490677 0.0092019307435823091 0.0062737039074511449 -0.013902963435673588 -0.025645749901133687 -0.0047555697271844726 -0.04886249402650869 -0.10329422604529417 -0.00013703358384269395 -0.023399828792928547
leaf_weight=16174 146 325 1186 21994 13222 540 59123 1889 16468 713 2874 714 1170 230 7781 1604 2571 31486 18822 400 380 458 5948 51474 13141 49918 2674 3101 18226 4109
leaf_count=16174 146 325 1186 21994 13222 540 59123 1889 16468 713 2874 714 1170 230 7781 1604 2571 31486 18822 400 380 458 5948 51474 13141 49918 2674 3101 18226 4109
internal_value=-0.00430042 0.00194061 -0.0308154 -0.0425311 0.0464569 -0.0373377 -0.000273005 -0.00981094 -0.00015517 0.0160555 -0.0122837 -0.0202359 -0.0253187 -1.8888e-05 -0.0302418 -0.0198228 -5.09871e-05 -0.000240415 0.00141332 0.00440521 0.0204362 0.00918854 0.00558164 -0.0009624 -0.000154578 0.000463232 0.00185335 -0.000799675 -0.00285422 -0.00908587
internal_weight=348861 282401 66460 48093 13368 26099 269033 6972 18367 1899 6647 3773 3059 262061 9925 2144 261831 253312 76982 32724 1238 838 8519 176330 124856 111715 61797 44258 25436 7210
internal_count=348861 282401 66460 48093 13368 26099 269033 6972 18367 1899 6647 3773 3059 262061 9925 2144 261831 253312 76982 32724 1238 838 8519 176330 124856 111715 61797 44258 25436 7210
cat_boundaries=0 3 5 8 10 11 13 16 18 21 24
cat_threshold=167821458 3493855488 2 2147483648 1049088 134234128 2415919360 2 0 2097152 134250498 16384 268435456 882388992 50597000 8 536875008 33556608 1098978564 101582937 5 1024 134430785 4
is_linear=0
shrinkage=0.05


Tree=111
num_leaves=31
num_cat=12
split_feature=17 17 0 17 0 5 17 5 17 3 8 6 17 8 5 16 14 5 14 17 17 6 3 17 6 17 9 17 17 5
split_gain=22921 11135.5 9744.45 596.018 438.909 322.158 260.409 344.809 240.33 220.727 195.931 167.048 166.056 130.388 129.842 125.851 125.506 136.173 159.66 149.287 136.915 159.484 332.298 138.861 116.263 114.358 105.602 209.075 101.829 100.623
threshold=0 1 7.5000000000000009 2 7.5000000000000009 18.750000000000004 3 6.2500000000000009 4 7.5000000000000009 24.500000000000004 17.500000000000004 5 23.500000000000004 26.250000000000004 119.93754166666669 779.82257500000014 13.500000000000002 130.04130833333335 6 7 19.500000000000004 14.000000000000002 8 11.500000000000002 9 5.5000000000000009 10 11 26.250000000000004
decision_type=9 9 2 9 2 2 9 2 9 2 2 2 9 2 2 2 2 2 2 9 9 2 2 9 2 9 2 9 9 2
left_child=2 4 3 5 -2 -1 7 -3 10 11 13 15 -12 -4 -14 -9 17 20 19 -19 -8 -22 23 -23 25 -7 27 -10 -18 -26
right_child=1 6 8 -5 -6 24 16 9 26 -11 12 -13 14 -15 -16 -17 28 18 -20 -21 21 22 -24 -25 29 -27 -28 -29 -30 -31
leaf_value=-0.0025256981751386577 -0.0025256981751386577 0.0019212552211792301 0.00020546770453266916 -0.0025256981751386577 7.6503064245425639e-05 0.10777273879712884 -0.016974850712544322 -0.0024747553935215551 -0.0058398281245979795 -0.0041698247207210054 0.012743807733502166 0.0055766302082481903 0.0017090343477735638 -0.0042770140091549008 -0.000977190899197744 -0.0025996525784005354 0.011665634714312902 0.071251917607871293 -0.0013724907859524295 0.0011963310208671807 -0.0047560835985958512 0.00039277195065579029 -0.022703268103575883 0.011842708479840081 -0.0025256981751386577 -0.0025256981751386577 0.00012607905500541249 -0.0036386433328616796 0.0006506435958610002 -0.0025256981751386577
leaf_weight=16174 146 325 2331 21994 13222 540 20450 1889 1215 2874 637 714 903 301 204 1170 6602 15315 167790 18363 17843 1644 3211 1357 6538 1604 8589 4187 9486 1243
leaf_count=16174 146 325 2331 21994 13222 540 20450 1889 1215 2874 637 714 903 301 204 1170 6602 15315 167790 18363 17843 1644 3211 1357 6538 1604 8589 4187 9486 1243
internal_value=-0.00428466 0.00193318 -0.0307011 -0.0425374 0.0464569 -0.0373492 -0.00028081 -0.00981094 0.00027495 -0.0122837 0.0104879 -0.0202359 0.0235092 0.0018997 0.0114145 -0.0253187 -2.69011e-05 -0.000306741 0.000246193 0.00338797 -0.0028098 -0.000251402 0.00664842 0.0186105 -0.030272 -0.0199627 -0.00292479 -0.00840429 0.00425162 -0.0331127
internal_weight=348861 282401 66460 48093 13368 26099 269033 6972 18367 6647 4376 3773 1744 2632 1107 3059 262061 245973 201468 33678 44505 24055 6212 3001 9925 2144 13991 5402 16088 7781
internal_count=348861 282401 66460 48093 13368 26099 269033 6972 18367 6647 4376 3773 1744 2632 1107 3059 262061 245973 201468 33678 44505 24055 6212 3001 9925 2144 13991 5402 16088 7781
cat_boundaries=0 3 5 8 10 13 14 17 20 22 24 26 29
cat_threshold=167821458 3493855488 2 2147483648 1049088 134234128 2415919360 2 0 2097152 167804930 0 2 134250496 1610887236 705054888 13 881393988 201539603 5 1091568640 17309888 16384 268435456 0 2147483648 270270532 587544704 8
is_linear=0
shrinkage=0.05


Tree=112
num_leaves=31
num_cat=12
split_feature=17 17 0 17 0 5 17 5 3 17 8 6 16 6 17 1 14 5 6 17 14 17 6 17 5 17 8 17 17 15
split_gain=23015.4 11136.5 9630.78 596.018 438.909 322.158 260.287 344.809 220.727 217.547 283.961 167.048 125.851 116.263 114.358 114.188 101.475 119.634 151.513 134.535 108.595 256.789 106.878 146.925 100.623 100.494 100.124 311.474 121.676 112.309
threshold=0 1 7.5000000000000009 2 7.5000000000000009 18.750000000000004 3 6.2500000000000009 7.5000000000000009 4 24.500000000000004 17.500000000000004 119.93754166666669 11.500000000000002 5 127.50000000000001 779.82257500000014 13.500000000000002 9.5000000000000018 6 669.82667500000014 7 20.500000000000004 8 26.250000000000004 9 23.500000000000004 10 11 1.0000000180025095e-35
decision_type=9 9 2 9 2 2 9 2 2 9 2 2 2 2 9 2 2 2 2 9 2 9 2 9 2 9 2 9 9 2
left_child=2 4 3 5 -2 -1 7 -3 11 10 -4 12 -9 14 -7 16 17 19 -19 -8 25 -22 -21 -24 -15 -20 27 -11 29 -28
right_child=1 6 9 -5 -6 13 15 8 -10 26 -12 -13 -14 24 -16 -17 -18 18 20 22 21 -23 23 -25 -26 -27 28 -29 -30 -31
leaf_value=-0.0023994132663817339 -0.0023994132663817339 0.0018251924601202507 0.00015753061371510669 -0.0023994132663817339 7.2677911033114381e-05 0.10238410185727238 -0.020184784441756309 -0.0023510176238454861 -0.0039613334846849485 -0.0062461405963436974 0.011003920164915915 0.005297798697835799 -0.0024696699494805244 -0.0023994132663817339 -0.0023994132663817339 1.2575447599730296 0.004617979453773069 0.10099268951265597 0.015605120093203695 -0.0043454863983455553 -0.057504095637924385 0.0045431002077213735 0.01364284803104443 0.00018586420506205847 -0.0023994132663817339 -0.0017676441434297807 0.0012559399677002149 -0.00043621987466107019 -0.00066186121251288199 -0.0070265171171286058
leaf_weight=16174 146 325 1186 21994 13222 540 16358 1889 2874 1564 713 714 1170 6538 1604 341 15993 4271 71863 22814 5138 7750 901 4426 1243 112206 2274 6669 5754 207
leaf_count=16174 146 325 1186 21994 13222 540 16358 1889 2874 1564 713 714 1170 6538 1604 341 15993 4271 71863 22814 5138 7750 901 4426 1243 112206 2274 6669 5754 207
internal_value=-0.00429956 0.00193105 -0.0307703 -0.0425374 0.0464569 -0.0373492 -0.00028304 -0.00981094 -0.0122837 2.45005e-05 0.0160031 -0.0202359 -0.0253187 -0.030272 -0.0199627 -2.91906e-05 -6.68654e-05 -0.000318036 0.000200767 -0.0026641 -1.26931e-06 -0.00443824 -0.000566587 0.00581002 -0.0331127 0.000309395 -0.00182668 -0.00572695 0.00207043 0.0113007
internal_weight=348861 282401 66460 48093 13368 26099 269033 6972 6647 18367 1899 3773 3059 9925 2144 262061 261720 245727 201228 44499 196957 12888 28141 5327 7781 184069 16468 8233 8235 2481
internal_count=348861 282401 66460 48093 13368 26099 269033 6972 6647 18367 1899 3773 3059 9925 2144 262061 261720 245727 201228 44499 196957 12888 28141 5327 7781 184069 16468 8233 8235 2481
cat_boundaries=0 3 5 8 10 11 13 16 19 21 24 26 28
cat_threshold=167821458 3493855488 2 2147483648 1049088 134234128 2415919360 2 0 2097152 134250498 16384 268435456 881393924 201539586 4 604046400 570642626 12 262144 537662496 604053504 33966283 5 0 2147483648 33554432 2147483648
is_linear=0
shrinkage=0.05


Tree=113
num_leaves=31
num_cat=10
split_feature=17 17 0 17 0 5 17 5 17 3 8 6 17 8 5 16 6 6 17 0 15 16 17 12 7 12 7 17 6 17
split_gain=22911.2 11133.7 9761.81 596.018 438.909 322.158 247.471 373.472 238.542 219.388 195.931 166.83 166.056 130.388 129.842 126.047 121.289 116.263 114.358 109.249 100.927 102.878 176.716 103.296 108.896 137.796 106.171 129.931 114.516 187.173
threshold=0 1 7.5000000000000009 2 7.5000000000000009 18.750000000000004 3 8.7500000000000018 4 7.5000000000000009 24.500000000000004 17.500000000000004 5 23.500000000000004 26.250000000000004 119.93754166666669 9.5000000000000018 11.500000000000002 6 142.50000000000003 65.000000000000014 79.962241666666685 7 63.500000000000007 4.5000000000000009 5.5000000000000009 1.0000000180025095e-35 8 11.500000000000002 9
decision_type=9 9 2 9 2 2 9 2 9 2 2 2 9 2 2 2 2 2 9 2 2 2 9 2 2 2 2 9 2 9
left_child=2 4 3 5 -2 -1 7 -3 10 11 13 15 -12 -4 -14 -9 -10 18 -7 20 21 23 -23 24 25 -8 27 -27 29 -28
right_child=1 6 8 -5 -6 17 19 9 16 -11 12 -13 14 -15 -16 -17 -18 -19 -20 -21 -22 22 -24 -25 -26 26 28 -29 -30 -31
leaf_value=-0.0022794426030626536 -0.0022794426030626536 0.0017339328371142493 0.00018859160177822078 -0.0022794426030626536 6.9044015481445348e-05 0.097264896764408804 -0.013834526077260502 -0.0022334667426532119 0.0013396824982198298 -0.0037632668104507164 0.011556421338581303 0.0050329087629440222 0.0016566756910105342 -0.0040710398393828838 -0.00089523829361226603 -0.0023461864520065048 -0.0013073510416351298 -0.0022794426030626536 -0.0022794426030626536 1.8923789617328994 0.11217051508535542 0.011532707852740477 -0.00042548695202047074 -0.083371499012426048 -0.012523207513353452 0.013128246362125751 -0.0027987023315891868 -0.024788162884077994 0.0019399251066626101 0.083415190877301981
leaf_weight=16174 146 349 2331 21994 13222 540 27697 1866 390 2874 637 714 903 301 204 1169 13601 7781 1604 212 2709 31559 45836 1155 53082 7493 9116 12104 57191 13907
leaf_count=16174 146 349 2331 21994 13222 540 27697 1866 390 2874 637 714 903 301 204 1169 13601 7781 1604 212 2709 31559 45836 1155 53082 7493 9116 12104 57191 13907
internal_value=-0.00427978 0.00193672 -0.0306905 -0.0425374 0.0464569 -0.0373492 -0.000277093 -0.00956746 0.000313061 -0.0122377 0.0104879 -0.0202054 0.0235092 0.0018997 0.0114145 -0.0253213 -0.00287479 -0.030272 -0.0199627 -2.95721e-05 -5.86216e-05 -0.000158987 0.00136766 -0.000809101 -0.000713772 7.84265e-05 0.000944285 -0.00235495 0.00175032 0.00472788
internal_weight=348861 282401 66460 48093 13368 26099 269033 6972 18367 6623 4376 3749 1744 2632 1107 3035 13991 9925 2144 262061 261849 259140 77395 181745 180590 127508 99811 19597 80214 23023
internal_count=348861 282401 66460 48093 13368 26099 269033 6972 18367 6623 4376 3749 1744 2632 1107 3035 13991 9925 2144 262061 261849 259140 77395 181745 180590 127508 99811 19597 80214 23023
cat_boundaries=0 3 5 8 10 13 14 16 19 22 24
cat_threshold=167821458 3493855488 2 2147483648 1049088 134234128 2415919360 2 0 2097152 167804930 0 2 134250496 16384 268435456 882388992 50612360 8 285283332 671353928 9 898105344 151598154
is_linear=0
shrinkage=0.05


Tree=114
num_leaves=31
num_cat=13
split_feature=17 17 0 17 0 5 17 5 3 17 8 6 17 5 16 8 6 17 12 17 0 5 17 6 17 14 17 17 6 17
split_gain=23017.9 11126.6 9660.37 596.018 438.909 322.158 249.029 373.685 220.026 215.576 211.716 165.095 164.786 139.575 126.047 123.214 116.263 114.358 112.673 128.193 104.707 100.623 92.3783 167.623 176.775 90.3075 106.991 106.971 125.919 107.703
threshold=0 1 7.5000000000000009 2 7.5000000000000009 18.750000000000004 3 8.7500000000000018 7.5000000000000009 4 24.500000000000004 17.500000000000004 5 26.250000000000004 119.93754166666669 23.500000000000004 11.500000000000002 6 58.500000000000007 7 142.50000000000003 26.250000000000004 8 9.5000000000000018 9 779.82257500000014 10 11 17.500000000000004 12
decision_type=9 9 2 9 2 2 9 2 2 9 2 2 9 2 2 2 2 9 2 9 2 2 9 2 9 2 9 9 2 9
left_child=2 4 3 5 -2 22 7 -3 11 10 15 14 -12 -14 -9 -4 17 -7 20 -20 25 -18 23 24 -1 27 -27 28 -8 -30
right_child=1 6 9 -5 -6 16 18 8 -10 -11 12 -13 13 -15 -16 -17 21 -19 19 -21 -22 -23 -24 -25 -26 26 -28 -29 29 -31
leaf_value=0.2152669274703512 -0.0021654704729095367 0.0016472361952585503 0.00014022450294044476 -0.0021654704729095367 6.5591814707399718e-05 0.092401651926188322 0.012696058851939897 -0.0021217934055205666 -0.0035751034699281984 -0.00084322021260128119 0.010978600271652273 0.0047812633247968257 0.0022732805495127464 -0.00085047637893165273 -0.0022288771294061596 -0.0038674878474137309 -0.0021654704729095367 -0.0021654704729095367 0.00082611668434817709 -0.040010712127794085 1.7977600136462542 -0.0021654704729095367 -0.0021654704729095367 -0.0019815959676988903 -0.012381267862548652 0.044086381122019527 0.0005986869921317695 -0.0036627187079219859 -0.036502292966203602 0.00035087945023457582
leaf_weight=387 146 349 2272 21994 13222 540 77158 1866 2874 14126 637 714 834 197 1169 301 6538 1604 6403 9952 212 1243 10603 4552 632 4382 9633 125677 11303 17341
leaf_count=387 146 349 2272 21994 13222 540 77158 1866 2874 14126 637 714 834 197 1169 301 6538 1604 6403 9952 212 1243 10603 4552 632 4382 9633 125677 11303 17341
internal_value=-0.00428007 0.00195088 -0.0307522 -0.0425374 0.0464569 -0.0373492 -0.000262226 -0.00958178 -0.0122528 8.9835e-05 0.00996236 -0.0202321 0.0238609 0.0110951 -0.0253213 0.000991061 -0.030272 -0.0199627 -1.39275e-05 -0.00403241 0.000253555 -0.0331127 -0.0417151 -0.0360778 -0.0178116 0.000223223 0.00412059 -1.27441e-05 0.00115866 -0.00167225
internal_weight=348861 282401 66460 48093 13368 26099 269033 6972 6623 18367 4241 3749 1668 1031 3035 2573 9925 2144 262061 16355 245706 7781 16174 5571 1019 245494 14015 231479 105802 28644
internal_count=348861 282401 66460 48093 13368 26099 269033 6972 6623 18367 4241 3749 1668 1031 3035 2573 9925 2144 262061 16355 245706 7781 16174 5571 1019 245494 14015 231479 105802 28644
cat_boundaries=0 3 5 8 10 13 14 16 19 21 23 25 28 30
cat_threshold=167821458 3493855488 2 2147483648 1049088 134234128 2415919360 2 0 2097152 167804928 0 2 134250496 16384 268435456 621019392 17306858 8 16384 256 0 256 270008388 621100032 25244672 168057065 5 66560 167788737
is_linear=0
shrinkage=0.05


Tree=115
num_leaves=31
num_cat=10
split_feature=17 17 0 17 0 5 17 5 3 17 8 6 16 6 17 5 6 5 6 17 6 17 17 5 6 0 6 2 17 5
split_gain=23033.2 11126.5 9643.1 596.018 438.909 322.158 262.231 345.006 221.363 179.353 330.453 165.311 125.851 116.263 114.358 105.52 103.808 100.623 97.211 328.62 216.269 352.17 270.477 166.461 164.693 153.489 151.878 221.129 208.167 136.487
threshold=0 1 7.5000000000000009 2 7.5000000000000009 18.750000000000004 3 6.2500000000000009 7.5000000000000009 4 24.500000000000004 17.500000000000004 119.93754166666669 11.500000000000002 5 38.750000000000007 9.5000000000000018 26.250000000000004 20.500000000000004 6 21.500000000000004 7 8 13.500000000000002 9.5000000000000018 7.5000000000000009 19.500000000000004 7.5000000000000009 9 21.250000000000004
decision_type=9 9 2 9 2 2 9 2 2 9 2 2 2 2 9 2 2 2 2 9 2 9 9 2 2 2 2 2 9 2
left_child=2 4 3 5 -2 -1 7 -3 11 10 -4 12 -9 14 -7 18 -11 -15 23 -20 21 25 -22 -8 -25 -21 -26 29 -29 -28
right_child=1 6 9 -5 -6 13 15 8 -10 16 -12 -13 -14 17 -16 -17 -18 -19 19 20 22 -23 -24 24 26 -27 27 28 -30 -31
leaf_value=-0.002057196949264073 -0.002057196949264073 0.0015648743854956406 -7.9821987742789707e-05 -0.002057196949264073 6.2312223972060823e-05 0.087781569329878906 -0.010301663457121579 -0.0020157037352445339 -0.0033963482964317841 0.0013148593839389378 0.010429670258069646 0.0045422001585569971 -0.0021174332729358538 -0.002057196949264073 -0.002057196949264073 0.084012448679124857 -0.00057241174189197612 -0.002057196949264073 0.014102641853097665 -0.012346151598869516 0.00056875264252518318 0.062746594272691344 -0.065477383833728239 0.0993631837252726 0.0012300723064289087 -0.00094219422591468316 0.0069356852931989899 -0.12743232460380269 -0.010065932656116595 -0.054143984815294303
leaf_weight=16174 146 325 1127 21994 13222 540 37026 1889 2874 540 637 714 1170 6538 1604 4453 16063 1243 2936 727 4764 5348 4627 4522 182970 2749 679 4764 6426 70
leaf_count=16174 146 325 1127 21994 13222 540 37026 1889 2874 540 637 714 1170 6538 1604 4453 16063 1243 2936 727 4764 5348 4627 4522 182970 2749 679 4764 6426 70
internal_value=-0.00428179 0.00195123 -0.0307628 -0.0425374 0.0464569 -0.0373492 -0.000261854 -0.00982526 -0.0122988 5.17232e-05 0.0151635 -0.0202624 -0.0253187 -0.030272 -0.0199627 -7.05916e-06 -0.00156203 -0.0331127 -0.000138971 0.0031086 0.000600823 0.00622167 -0.00468001 -0.000429465 0.000142154 -0.00616753 -7.67025e-05 -0.00554067 -0.00730116 0.020761
internal_weight=348861 282401 66460 48093 13368 26099 269033 6972 6647 18367 1764 3773 3059 9925 2144 262061 16603 7781 257608 21151 18215 8824 9391 236457 199431 3476 194909 11939 11190 749
internal_count=348861 282401 66460 48093 13368 26099 269033 6972 6647 18367 1764 3773 3059 9925 2144 262061 16603 7781 257608 21151 18215 8824 9391 236457 199431 3476 194909 11939 11190 749
cat_boundaries=0 3 5 8 10 11 13 15 18 21 24
cat_threshold=167821458 3493855488 2 2147483648 1049088 134234128 2415919360 2 0 2097152 134250496 16384 268435456 278659072 554505216 604054592 67125338 9 553721920 33702048 9 621875264 553862338 1
is_linear=0
shrinkage=0.05


Tree=116
num_leaves=31
num_cat=13
split_feature=17 17 0 17 0 5 17 5 3 17 8 17 6 2 16 5 8 17 17 6 17 5 17 17 16 17 6 6 17 5
split_gain=22716 11177.9 9846.33 596.018 438.909 322.158 243.321 373.685 220.026 204.458 165.991 167.33 165.095 129.601 126.047 118.387 117.11 270.653 129.497 116.263 114.358 103.696 131.598 122.48 115.328 124.642 138.749 107.66 114.88 100.623
threshold=0 1 7.5000000000000009 2 7.5000000000000009 18.750000000000004 3 8.7500000000000018 7.5000000000000009 4 24.500000000000004 5 17.500000000000004 14.000000000000002 119.93754166666669 26.250000000000004 23.500000000000004 6 7 11.500000000000002 8 16.250000000000004 9 10 40.016641666666672 11 21.500000000000004 11.500000000000002 12 26.250000000000004
decision_type=9 9 2 9 2 2 9 2 2 9 2 9 2 2 2 2 2 9 9 2 9 2 9 9 2 9 2 2 9 2
left_child=2 4 3 5 -2 -1 7 -3 12 10 13 -12 14 -4 -9 -13 17 -11 -18 20 -7 22 -8 -23 -24 -26 -27 28 -25 -21
right_child=1 6 9 -5 -6 19 21 8 -10 16 11 15 -14 -15 -16 -17 18 -19 -20 29 -22 23 24 27 25 26 -28 -29 -30 -31
leaf_value=-0.001954337101800885 -0.001954337101800885 0.0014866306662208563 0.00039484747204756589 -0.001954337101800885 5.9196612773426693e-05 0.08339249086338496 -0.004055812368957779 -0.0019149185484823141 -0.003226530881610179 -0.005797684416720017 0.0099081867451661591 0.0014887984660789224 0.0043150901506291417 -0.0040174188502303922 -0.0020115616092890587 -0.00077933197289041804 0.00091885042673958142 -0.0019063405359803554 -0.00081933651568437686 -0.001954337101800885 -0.001954337101800885 0.051225356573621289 -0.0088860990853147481 0.077320507934797486 -0.0028179274788628032 0.0056676133428167578 0.0045673547054525089 -0.0027635964467004116 0.00032343733483628515 -0.001954337101800885
leaf_weight=16174 146 349 1779 21994 13222 540 34564 1866 2874 1564 637 903 714 853 1169 204 1883 5421 5123 6538 1604 25861 44129 8756 15782 16356 1719 103758 11136 1243
leaf_count=16174 146 349 1779 21994 13222 540 34564 1866 2874 1564 637 903 714 853 1169 204 1883 5421 5123 6538 1604 25861 44129 8756 15782 16356 1719 103758 11136 1243
internal_value=-0.00434141 0.00184855 -0.0306394 -0.0425374 0.0464569 -0.0373492 -0.000369644 -0.00958178 -0.0122528 0.000498176 0.00991792 0.0219037 -0.0202321 0.00201368 -0.0253213 0.00980304 -0.0024534 -0.00703651 0.00211248 -0.030272 -0.0199627 -0.000124203 -0.00127055 0.000738742 -0.000132058 0.00206309 0.00489632 8.41016e-05 0.00345365 -0.0331127
internal_weight=348861 282401 66460 48093 13368 26099 269033 6972 6623 18367 4376 1744 3749 2632 3035 1107 13991 6985 7006 9925 2144 262061 112550 149511 77986 33857 18075 123650 19892 7781
internal_count=348861 282401 66460 48093 13368 26099 269033 6972 6623 18367 4376 1744 3749 2632 3035 1107 13991 6985 7006 9925 2144 262061 112550 149511 77986 33857 18075 123650 19892 7781
cat_boundaries=0 3 5 8 10 13 14 16 18 20 22 25 28 31
cat_threshold=167821458 3493855488 2 2147483648 1049088 134234128 2415919360 2 0 2097152 167804930 0 2 134250496 0 2147483648 0 2147483648 16384 268435456 1158218048 134414466 0 411840 1 267268 603998328 5 1694577920 570490881 8
is_linear=0
shrinkage=0.05


Tree=117
num_leaves=31
num_cat=12
split_feature=17 17 0 17 0 5 17 5 3 17 8 6 17 5 16 6 17 3 5 17 6 17 12 17 12 17 2 15 8 17
split_gain=22747.9 11164.9 9851.32 596.018 438.909 322.158 257.826 345.006 221.363 194.733 168.741 165.311 165.266 128.365 125.851 116.263 114.358 101.21 100.623 92.3783 167.623 176.775 89.9383 102.955 99.267 92.6335 88.9068 84.1223 81.9246 241.161
threshold=0 1 7.5000000000000009 2 7.5000000000000009 18.750000000000004 3 6.2500000000000009 7.5000000000000009 4 24.500000000000004 17.500000000000004 5 26.250000000000004 119.93754166666669 11.500000000000002 6 127.50000000000001 26.250000000000004 7 9.5000000000000018 8 49.500000000000007 9 47.500000000000007 10 14.000000000000002 65.000000000000014 23.500000000000004 11
decision_type=9 9 2 9 2 2 9 2 2 9 2 2 9 2 2 2 9 2 2 9 2 9 2 9 2 9 2 2 2 9
left_child=2 4 3 5 -2 19 7 -3 11 10 26 14 -12 -14 -9 16 -7 22 -17 20 21 -1 24 -24 27 -26 -4 -8 29 -11
right_child=1 6 9 -5 -6 15 17 8 -10 28 12 -13 13 -15 -16 18 -18 -19 -20 -21 -22 -23 23 -25 25 -27 -28 -29 -30 -31
leaf_value=0.20470415779938689 -0.0018566202467108273 0.0014122991329098334 0.00024290854099411343 -0.0018566202467108273 5.6236782134710955e-05 0.07922286632021569 1.2688698954121948e-05 -0.0018191726210582183 -0.0030652043375296589 -0.0055078001958840167 0.009412777407907847 0.0040993356430977018 0.002113797185827737 -0.00074036537424593263 -0.0019109835288245948 -0.0018566202467108273 -0.0018566202467108273 1.1807644160521649 -0.0018566202467108273 -0.0018566202467108273 -0.0016819394667606958 -0.011561627766867977 -0.042467732436372391 -0.0005864953799836315 0.24631598636881052 0.018467193789974745 -0.0038165479077188814 0.12032121832444176 0.00018905832025568615 -0.0017038735936110605
leaf_weight=387 146 325 1720 21994 13222 540 213825 1889 2874 1564 637 714 834 197 1170 6538 1604 319 1243 10603 4552 632 14766 25672 1326 4010 853 2143 7082 5480
leaf_count=387 146 325 1720 21994 13222 540 213825 1889 2874 1564 637 714 834 197 1170 6538 1604 319 1243 10603 4552 632 14766 25672 1326 4010 853 2143 7082 5480
internal_value=-0.00431992 0.0018744 -0.0306364 -0.0425374 0.0464569 -0.0373492 -0.00034251 -0.00982526 -0.0122988 0.000509065 0.00989179 -0.0202624 0.0223022 0.00955812 -0.0253187 -0.030272 -0.0199627 -8.98611e-05 -0.0331127 -0.0417151 -0.0360778 -0.0178116 -0.000124168 -0.0022924 0.000272024 0.007009 0.00188496 0.000105571 -0.00231324 -0.00613288
internal_weight=348861 282401 66460 48093 13368 26099 269033 6972 6647 18367 4241 3773 1668 1031 3059 9925 2144 262061 7781 16174 5571 1019 261742 40438 221304 5336 2573 215968 14126 7044
internal_count=348861 282401 66460 48093 13368 26099 269033 6972 6647 18367 4241 3773 1668 1031 3059 9925 2144 262061 7781 16174 5571 1019 261742 40438 221304 5336 2573 215968 14126 7044
cat_boundaries=0 3 5 8 10 13 14 16 18 20 22 24 26
cat_threshold=167821458 3493855488 2 2147483648 1049088 134234128 2415919360 2 0 2097152 167804928 0 2 134250496 16384 268435456 16384 256 0 256 1351421956 218497041 1073811712 33703968 0 2147483648
is_linear=0
shrinkage=0.05


Tree=118
num_leaves=31
num_cat=12
split_feature=17 17 0 17 0 5 17 5 3 17 8 6 16 6 17 2 17 5 0 17 6 17 17 5 6 7 17 7 6 17
split_gain=22836.2 11160.5 9761.81 596.018 438.909 322.158 245.249 373.685 220.026 204.773 274.294 165.095 126.047 116.263 114.358 102.014 117.362 100.623 95.6843 92.3783 167.623 176.775 87.6986 93.2599 143.851 84.1582 194.528 123.864 146.456 194.414
threshold=0 1 7.5000000000000009 2 7.5000000000000009 18.750000000000004 3 8.7500000000000018 7.5000000000000009 4 24.500000000000004 17.500000000000004 119.93754166666669 11.500000000000002 5 14.000000000000002 6 26.250000000000004 142.50000000000003 7 9.5000000000000018 8 9 28.750000000000004 17.500000000000004 1.0000000180025095e-35 10 4.5000000000000009 11.500000000000002 11
decision_type=9 9 2 9 2 2 9 2 2 9 2 2 2 2 9 2 9 2 2 9 2 9 9 2 2 2 9 2 2 9
left_child=2 4 3 5 -2 19 7 -3 11 10 -4 12 -9 14 -7 22 -17 -15 25 20 21 -1 -11 -24 -25 26 -8 28 29 -27
right_child=1 6 9 -5 -6 13 18 8 -10 15 -12 -13 -14 17 -16 16 -18 -19 -20 -21 -22 -23 23 24 -26 27 -28 -29 -30 -31
leaf_value=0.19446894990941754 -0.0017637892343752794 0.0013416841762643461 0.00010531657652848026 -0.0017637892343752794 5.342494302800205e-05 0.075261723004204931 -0.026149951701582543 -0.0017282139900053118 -0.0029119441206531872 -0.056646865057428379 0.0089421385375124448 0.0038943688609428318 -0.0018154343523833828 -0.0017637892343752794 -0.0017637892343752794 0.00092537139529467191 -0.025716790669568959 -0.0017637892343752794 1.7069378787010656 -0.0017637892343752794 -0.0015978424934226521 -0.010983546378524568 0.0010780468941077538 -0.00070334710553368043 0.0091412185065589575 -0.0011216887301958246 0.0022066197680753684 -0.003966626417926067 0.00034263367620761547 0.070227724184877258
leaf_weight=387 146 349 1127 21994 13222 540 19903 1866 2874 1644 637 714 1169 6538 1604 2763 3444 1243 212 10603 4552 632 6769 1582 401 15921 19336 74194 112310 20185
leaf_count=387 146 349 1127 21994 13222 540 19903 1866 2874 1644 637 714 1169 6538 1604 2763 3444 1243 212 10603 4552 632 6769 1582 401 15921 19336 74194 112310 20185
internal_value=-0.00432307 0.00188325 -0.0306905 -0.0425374 0.0464569 -0.0373492 -0.000333218 -0.00958178 -0.0122528 0.000313061 0.01646 -0.0202321 -0.0253213 -0.030272 -0.0199627 -0.00141155 -0.00648461 -0.0331127 -8.68085e-05 -0.0417151 -0.0360778 -0.0178116 0.00161601 0.00360648 -0.00592537 -0.000113997 -0.00224904 0.000262342 0.00109624 0.00386639
internal_weight=348861 282401 66460 48093 13368 26099 269033 6972 6623 18367 1764 3749 3035 9925 2144 16603 6207 7781 262061 16174 5571 1019 10396 8752 1983 261849 39239 222610 148416 36106
internal_count=348861 282401 66460 48093 13368 26099 269033 6972 6623 18367 1764 3749 3035 9925 2144 16603 6207 7781 262061 16174 5571 1019 10396 8752 1983 261849 39239 222610 148416 36106
cat_boundaries=0 3 5 8 10 11 13 14 16 18 19 22 24
cat_threshold=167821458 3493855488 2 2147483648 1049088 134234128 2415919360 2 0 2097152 134250496 16384 268435456 33570832 16384 256 0 256 16402 1686114628 84635809 4 354156548 151598154
is_linear=0
shrinkage=0.05


Tree=119
num_leaves=31
num_cat=11
split_feature=17 17 0 17 6 17 0 5 17 8 17 5 6 3 5 5 17 6 16 16 17 3 15 2 17 4 17 5 7 17
split_gain=20025.2 11156.2 8874.74 1423.11 1971.61 750.069 438.909 266.401 264.555 282.692 258.818 345.006 258.019 221.363 217.659 214.836 186.806 165.311 125.851 94.9548 177.873 113.355 96.1719 90.407 96.9699 86.4396 86.3225 103.677 82.3331 79.4582
threshold=0 1 7.5000000000000009 2 9.5000000000000018 3 7.5000000000000009 13.500000000000002 4 24.500000000000004 5 6.2500000000000009 11.500000000000002 7.5000000000000009 13.500000000000002 18.750000000000004 6 17.500000000000004 119.93754166666669 79.962241666666685 7 52.500000000000007 15.000000000000002 14.000000000000002 8 -15.999999999999998 9 23.750000000000004 4.5000000000000009 10
decision_type=9 9 2 9 2 9 2 2 9 2 9 2 2 2 2 2 9 2 2 2 9 2 2 2 9 2 9 2 2 9
left_child=2 6 3 4 5 -1 -2 16 9 28 11 -3 14 17 -6 -14 -7 18 -13 22 21 -21 25 29 -25 -12 27 -5 -4 -10
right_child=1 10 8 26 12 7 -8 -9 23 -11 19 13 15 -15 -16 -17 -18 -19 -20 20 -22 -23 -24 24 -26 -27 -28 -29 -30 -31
leaf_value=-0.01043436905959836 -0.0016755997726565219 0.00127459996745114 0.00024674466671088525 -0.0016755997726565219 1.1301007719399792e-05 7.762548226066813e-05 5.0753695876615269e-05 -0.0016092752981152537 -0.097308158865977754 0.0073923344287256222 0.084300856392842155 -0.0016418032905050506 -0.0016755997726565219 -0.0027663469146205436 -0.0016755997726565219 -0.0016755997726565219 0.18474550241394666 0.003699650417895706 -0.0017246626347642291 0.0057202121426482844 -0.00060117616845318806 0.16961229413327994 0.018464726239172613 0.00087910282552989833 -0.024430951136090506 -0.0049941081182422135 -0.0016755997726565219 -0.0016755997726565219 -0.0011261155942203338 0.00055213745944167065
leaf_weight=647 146 325 967 5450 407 1089 13222 260 1243 713 3685 1889 8351 2874 2622 5737 363 714 1170 23758 47703 6287 12295 2763 3444 168333 21994 1173 219 9018
leaf_count=647 146 325 967 5450 407 1089 13222 260 1243 713 3685 1889 8351 2874 2622 5737 363 714 1170 23758 47703 6287 12295 2763 3444 168333 21994 1173 219 9018
internal_value=-0.00392004 0.00189175 -0.0286114 -0.0399071 -0.0294211 0.0134167 0.0464569 0.030662 0.000950074 0.0185699 -0.000324298 -0.00982526 -0.0353421 -0.0122988 -0.022103 -0.0381885 0.0391873 -0.0202624 -0.0253187 -7.11639e-05 0.00139425 0.00440692 -0.000689317 -0.00109237 -0.00585629 -0.000994663 -0.0470168 -0.0415121 0.00370995 0.00178832
internal_weight=348861 282401 66460 48093 19476 2359 13368 1712 18367 1899 269033 6972 17117 6647 3029 14088 1452 3773 3059 262061 77748 30045 184313 16468 6207 172018 28617 6623 1186 10261
internal_count=348861 282401 66460 48093 19476 2359 13368 1712 18367 1899 269033 6972 17117 6647 3029 14088 1452 3773 3059 262061 77748 30045 184313 16468 6207 172018 28617 6623 1186 10261
cat_boundaries=0 3 5 7 8 9 11 13 15 16 19 20
cat_threshold=167821458 3493855488 2 2147483648 1049088 134234112 2415919360 16384 134250498 0 2097152 0 2415919104 882388992 50612360 33570832 16 0 2 16384
is_linear=0
shrinkage=0.05


Tree=120
num_leaves=31
num_cat=9
split_feature=17 17 0 17 6 17 0 5 17 8 6 17 5 3 5 5 17 6 16 0 17 5 7 14 12 12 7 7 6 17
split_gain=19988.3 11150.7 8936.34 1423.11 1971.61 750.069 438.909 266.401 260.324 282.692 258.019 246.334 373.685 220.026 217.659 214.836 186.806 165.095 126.047 92.897 86.3225 103.677 82.3331 81.3545 80.7917 98.3806 170.829 128.063 125.366 250.441
threshold=0 1 7.5000000000000009 2 9.5000000000000018 3 7.5000000000000009 13.500000000000002 4 24.500000000000004 11.500000000000002 5 8.7500000000000018 7.5000000000000009 13.500000000000002 18.750000000000004 6 17.500000000000004 119.93754166666669 142.50000000000003 7 23.750000000000004 4.5000000000000009 230.04623333333333 49.500000000000007 5.5000000000000009 4.5000000000000009 2.5000000000000004 18.500000000000004 8
decision_type=9 9 2 9 2 9 2 2 9 2 2 9 2 2 2 2 9 2 2 2 9 2 2 2 2 2 2 2 2 9
left_child=2 6 3 4 5 -1 -2 16 9 22 14 12 23 17 -6 -12 -7 18 -14 24 21 -5 -4 -3 25 27 28 -13 -27 -30
right_child=1 11 8 20 10 7 -8 -9 -10 -11 15 19 13 -15 -16 -17 -18 -19 -20 -21 -22 -23 -24 -25 -26 26 -28 -29 29 -31
leaf_value=-0.0099126506066184571 -0.0015918197840236736 0.0012108699690785763 0.00023440743337532766 -0.0015918197840236736 1.0735957333452007e-05 7.374420814763028e-05 4.8216011082757861e-05 -0.0015288115332094954 -0.00014264251672186924 0.0070227177072893282 -0.0015918197840236736 -0.017359684044519288 -0.0015597131259797782 -0.0026280295688895007 -0.0015918197840236736 -0.0015918197840236736 0.17550822729324933 0.0035146678970009006 -0.0016384295030260178 1.6131103700593485 -0.0015918197840236736 -0.0015918197840236736 -0.0010698098145093483 -0.0073457358813481038 -0.0065544556797929587 0.016148404808619166 -0.0046275552810483237 0.0010676396088588058 0.020252350030381106 -0.010568514255617424
leaf_weight=647 146 305 967 5450 407 1089 13222 260 16468 713 8351 22286 1866 2874 2622 5737 363 714 1169 212 21994 1173 219 44 40439 95345 47830 31590 10346 14013
leaf_count=647 146 305 967 5450 407 1089 13222 260 16468 713 8351 22286 1866 2874 2622 5737 363 714 1169 212 21994 1173 219 44 40439 95345 47830 31590 10346 14013
internal_value=-0.0039037 0.00190272 -0.0285723 -0.0399071 -0.0294211 0.0134167 0.0464569 0.030662 0.00109163 0.0185699 -0.0353421 -0.000312775 -0.00958178 -0.0122528 -0.022103 -0.0381885 0.0391873 -0.0202321 -0.0253213 -6.58219e-05 -0.0470168 -0.0415121 0.00370995 0.0408309 -9.26106e-05 0.000282733 0.000880418 -0.00157584 0.00188966 -0.00131163
internal_weight=348861 282401 66460 48093 19476 2359 13368 1712 18367 1899 17117 269033 6972 6623 3029 14088 1452 3749 3035 262061 28617 6623 1186 349 261849 221410 167534 53876 119704 24359
internal_count=348861 282401 66460 48093 19476 2359 13368 1712 18367 1899 17117 269033 6972 6623 3029 14088 1452 3749 3035 262061 28617 6623 1186 349 261849 221410 167534 53876 119704 24359
cat_boundaries=0 3 5 7 8 9 11 13 16 19
cat_threshold=167821458 3493855488 2 2147483648 1049088 134234112 2415919360 16384 134250498 0 2097152 0 2415919104 16 0 2 1352405252 84683776 4
is_linear=0
shrinkage=0.05


Tree=121
num_leaves=31
num_cat=10
split_feature=17 17 0 17 6 17 0 5 6 17 5 17 8 3 5 5 17 6 16 6 16 17 0 12 15 14 6 1 17 17
split_gain=20062.9 11141.9 8874.74 1423.11 1971.61 750.069 438.909 266.401 258.019 247.323 373.685 223.789 231.504 220.026 217.659 214.836 186.806 165.095 126.047 93.9286 92.9671 162.913 103.836 90.2354 91.6478 95.5665 89.2111 90.1818 89.0734 86.3225
threshold=0 1 7.5000000000000009 2 9.5000000000000018 3 7.5000000000000009 13.500000000000002 11.500000000000002 4 8.7500000000000018 5 24.500000000000004 7.5000000000000009 13.500000000000002 18.750000000000004 6 17.500000000000004 119.93754166666669 10.500000000000002 79.962241666666685 7 62.500000000000007 63.500000000000007 25.000000000000004 49.966441666666675 21.500000000000004 14.000000000000002 8 9
decision_type=9 9 2 9 2 9 2 2 2 9 2 9 2 2 2 2 9 2 2 2 2 9 2 2 2 2 2 2 9 9
left_child=2 6 3 4 5 -1 -2 16 14 10 -3 12 -4 17 -6 -10 -7 18 -12 -14 23 22 26 24 -11 28 -22 -28 -26 -5
right_child=1 9 11 29 8 7 -8 -9 15 20 13 -13 19 -15 -16 -17 -18 -19 -20 -21 21 -23 -24 -25 25 -27 27 -29 -30 -31
leaf_value=-0.0094170180762875432 -0.0015122287948225123 0.001150326470624652 7.5993142697772248e-05 -0.0015122287948225123 1.0199159466761643e-05 7.0056997740231005e-05 4.5805210528637735e-05 -0.0014523709565490428 -0.0015122287948225123 -0.0033454847906365438 -0.0014817274696807825 -0.00013551039088581797 -0.0001799454239384879 -0.0024966280904450411 -0.0015122287948225123 -0.0015122287948225123 0.16673281592858685 0.0033389345021508591 -0.0015565080278747258 0.007141916839817331 0.0083463916530034151 -0.00047925703019604529 0.21016593428725905 -0.076364648004888028 0.22043602763044776 0.0017557021587937705 0.0041412092391177385 -0.06481887914226192 0.012960412150775548 -0.0015122287948225123
leaf_weight=647 146 349 1186 6623 407 1089 13222 260 8351 175235 1866 16468 28 2874 2622 5737 363 714 1169 685 26045 45910 4478 1188 1603 4977 926 389 1310 21994
leaf_count=647 146 349 1186 6623 407 1089 13222 260 8351 175235 1866 16468 28 2874 2622 5737 363 714 1169 685 26045 45910 4478 1188 1603 4977 926 389 1310 21994
internal_value=-0.00389682 0.00192043 -0.0286114 -0.0399071 -0.0294211 0.0134167 0.0464569 0.030662 -0.0353421 -0.000294191 -0.00958178 0.000950074 0.0171556 -0.0122528 -0.022103 -0.0381885 0.0391873 -0.0202321 -0.0253213 0.0397616 -4.67431e-05 0.00140325 0.00415097 -0.000658391 -0.000569283 0.00470215 0.00299708 0.0157034 0.011895 -0.0470168
internal_weight=348861 282401 66460 48093 19476 2359 13368 1712 17117 269033 6972 18367 1899 6623 3029 14088 1452 3749 3035 713 262061 77748 31838 184313 183125 7890 27360 1315 2913 28617
internal_count=348861 282401 66460 48093 19476 2359 13368 1712 17117 269033 6972 18367 1899 6623 3029 14088 1452 3749 3035 713 262061 77748 31838 184313 183125 7890 27360 1315 2913 28617
cat_boundaries=0 3 5 7 8 10 11 13 16 19 22
cat_threshold=167821458 3493855488 2 2147483648 1049088 134234112 2415919360 16384 0 2097152 134250498 0 2415919104 882388992 50612360 8 813704260 603998314 13 16 0 2
is_linear=0
shrinkage=0.05


Tree=122
num_leaves=31
num_cat=11
split_feature=17 17 0 17 6 17 0 5 17 5 6 3 17 8 5 5 17 6 16 6 6 17 14 17 17 2 17 5 7 14
split_gain=20067.5 11143.1 8865.28 1423.11 1971.61 750.069 438.909 266.401 260.319 345.006 258.019 221.363 218.633 232.954 217.659 214.836 186.806 165.311 125.851 93.6353 87.72 352.562 94.7646 109.713 92.6049 92.0881 86.3225 103.677 80.8354 78.8402
threshold=0 1 7.5000000000000009 2 9.5000000000000018 3 7.5000000000000009 13.500000000000002 4 6.2500000000000009 11.500000000000002 7.5000000000000009 5 24.500000000000004 13.500000000000002 18.750000000000004 6 17.500000000000004 119.93754166666669 10.500000000000002 8.5000000000000018 7 40.129983333333335 8 9 142.50000000000003 10 23.750000000000004 4.5000000000000009 789.82953333333342
decision_type=9 9 2 9 2 9 2 2 9 2 2 2 9 2 2 2 9 2 2 2 2 9 2 9 9 2 9 2 2 2
left_child=2 6 3 4 5 -1 -2 16 9 -3 14 17 13 28 -6 -12 -7 18 -11 -15 21 -10 23 -22 -23 29 27 -5 -4 -24
right_child=1 8 12 26 10 7 -8 -9 20 11 15 -13 -14 19 -16 -17 -18 -19 -20 -21 22 24 25 -25 -26 -27 -28 -29 -30 -31
leaf_value=-0.0089461671724731847 -0.0014366173550814044 0.001092810147093415 0.00021888740457169932 -0.0014366173550814044 9.689201493401357e-06 6.6554147853237208e-05 4.3514950002165879e-05 -0.0013797524087215685 0.0189160770228467 -0.0014076410961967323 -0.0014366173550814044 -0.002371796685922778 -0.00012873487134155149 -0.00017094815274152353 -0.0014366173550814044 -0.0014366173550814044 0.15839617513215754 0.0031719877770433058 -0.0014786826264809871 0.0067848209978264686 0.075066518851422084 -0.011768676587740013 -0.00093713912057054045 0.0012172341573305268 -0.081305174898368374 1.7307094911744927 -0.0014366173550814044 -0.0014366173550814044 -0.0010201189809187384 0.0043452474348077089
leaf_weight=647 146 325 967 5450 407 1089 13222 260 2631 1889 8351 2874 16468 28 2622 5737 363 714 1170 685 2700 556 233804 4585 2741 193 21994 1173 219 14851
leaf_count=647 146 325 967 5450 407 1089 13222 260 2631 1889 8351 2874 16468 28 2622 5737 363 714 1170 685 2700 556 233804 4585 2741 193 21994 1173 219 14851
internal_value=-0.00389998 0.00191795 -0.0286174 -0.0399071 -0.0294211 0.0134167 0.0464569 0.030662 -0.000296793 -0.00982526 -0.0353421 -0.0122988 0.000928295 0.016946 -0.022103 -0.0381885 0.0391873 -0.0202624 -0.0253187 0.0396213 -4.29273e-05 -0.00605601 9.62391e-05 0.00571723 -0.0169187 -6.83148e-05 -0.0470168 -0.0415121 0.003457 -9.51117e-05
internal_weight=348861 282401 66460 48093 19476 2359 13368 1712 269033 6972 17117 6647 18367 1899 3029 14088 1452 3773 3059 713 262061 5928 256133 7285 3297 248848 28617 6623 1186 248655
internal_count=348861 282401 66460 48093 19476 2359 13368 1712 269033 6972 17117 6647 18367 1899 3029 14088 1452 3773 3059 713 262061 5928 256133 7285 3297 248848 28617 6623 1186 248655
cat_boundaries=0 3 5 7 8 10 11 13 16 19 21 24
cat_threshold=167821458 3493855488 2 2147483648 1049088 134234112 2415919360 16384 0 2097152 134250498 0 2415919104 1090790468 84803672 5 815341828 537807880 5 536870912 66562 16 0 2
is_linear=0
shrinkage=0.05


Tree=123
num_leaves=31
num_cat=12
split_feature=17 17 0 17 6 17 0 5 17 5 5 17 17 3 8 6 16 6 6 17 17 5 5 14 2 17 8 17 17 5
split_gain=20938.8 11154.4 9354.15 1052.92 823.699 1035.32 438.909 252.106 245.159 373.472 244.719 244.541 220.88 220.859 211.735 165.095 126.047 93.6353 89.2748 330.083 86.3225 103.677 84.7911 81.3545 79.3365 84.0408 76.0776 75.216 72.4198 71.0816
threshold=0 1 7.5000000000000009 2 10.500000000000002 3 7.5000000000000009 13.500000000000002 4 8.7500000000000018 18.750000000000004 5 6 7.5000000000000009 24.500000000000004 17.500000000000004 119.93754166666669 10.500000000000002 8.5000000000000018 7 8 23.750000000000004 38.750000000000007 230.04623333333333 14.000000000000002 9 22.500000000000004 10 11 28.750000000000004
decision_type=9 9 2 9 2 9 2 2 9 2 2 9 9 2 2 2 2 2 2 9 9 2 2 2 2 9 2 9 9 2
left_child=2 6 3 4 5 7 -2 12 9 23 -6 14 -1 15 -4 16 -11 -16 19 28 21 -5 -20 -3 27 -26 -15 -13 -10 -12
right_child=1 8 11 20 10 -7 -8 -9 18 13 29 24 -14 26 17 -17 -18 -19 22 -21 -22 -23 -24 -25 25 -27 -28 -29 -30 -31
leaf_value=6.3226440460573133e-05 -0.0013647864873273187 0.0010381696397387507 6.1249115334316434e-05 -0.0013647864873273187 -0.0013647864873273187 -0.0013647864873273187 4.1339202502044259e-05 -0.0012984620127860502 -0.011180242758353033 -0.0013372590413868847 -0.0013647864873273187 -0.092422406533731488 0.12860256868705708 -0.091745680016312212 -0.00016240074510447401 0.0030133883881911187 -0.0014047484951569267 0.0064455799479351764 -0.00014747563335140159 0.0070596594334153108 -0.0013647864873273187 -0.0013647864873273187 0.077093369511178983 -0.0070906059181666155 0.00085549207320072544 -0.02318905919033858 0.038990343595066881 0.00054487497541693135 -0.16173005828538214 -0.0013647864873273187
leaf_weight=701 146 305 1186 5450 9011 2202 13222 536 556 1866 5834 1243 405 1001 28 714 1169 685 251680 3322 21994 1173 4453 44 2763 3444 1873 9018 2050 787
leaf_count=701 146 305 1186 5450 9011 2202 13222 536 556 1866 5834 1243 405 1001 28 714 1169 685 251680 3322 21994 1173 4453 44 2763 3444 1873 9018 2050 787
internal_value=-0.0040476 0.00189529 -0.0292959 -0.0408926 -0.0318536 -0.0111342 0.0464569 0.0188862 -0.000320581 -0.00956746 -0.036969 0.00105352 0.0326401 -0.0122377 0.0179937 -0.0202321 -0.0253213 0.0396213 -7.42165e-05 -0.00614035 -0.0470168 -0.0415121 6.61766e-05 0.0408309 -0.000910305 -0.00537297 -0.00180932 0.00178832 -0.019419 -0.0296707
internal_weight=348861 282401 66460 48093 19476 3844 13368 1642 269033 6972 15632 18367 1106 6623 1899 3749 3035 713 262061 5928 28617 6623 256133 349 16468 6207 2874 10261 2606 6621
internal_count=348861 282401 66460 48093 19476 3844 13368 1642 269033 6972 15632 18367 1106 6623 1899 3749 3035 713 262061 5928 28617 6623 256133 349 16468 6207 2874 10261 2606 6621
cat_boundaries=0 3 5 7 9 11 12 14 17 20 21 22 24
cat_threshold=167821458 3493855488 2 2147483648 1049088 134234112 2415919360 0 268435712 0 2097152 134250498 0 268435456 881393920 167867554 8 16 0 2 33570832 16384 536870912 66562
is_linear=0
shrinkage=0.05


Tree=124
num_leaves=31
num_cat=10
split_feature=17 17 0 17 6 17 0 5 6 17 17 5 3 5 5 8 17 6 16 6 17 6 17 5 2 14 3 14 17 16
split_gain=20031.7 11156.7 8855.48 1425.63 1970.19 750.069 438.909 266.401 257.336 248.643 243.388 341.082 238.407 217.659 216.627 211.735 186.806 165.311 125.851 94.1359 300.869 93.6353 86.3225 103.677 80.6986 77.5677 75.5412 71.0626 97.5213 75.1127
threshold=0 1 7.5000000000000009 2 9.5000000000000018 3 7.5000000000000009 13.500000000000002 11.500000000000002 4 5 6.2500000000000009 7.5000000000000009 13.500000000000002 18.750000000000004 24.500000000000004 6 17.500000000000004 119.93754166666669 8.5000000000000018 7 10.500000000000002 8 23.750000000000004 142.50000000000003 230.04623333333333 14.000000000000002 40.129983333333335 9 79.937633333333352
decision_type=9 9 2 9 2 9 2 2 2 9 9 2 2 2 2 2 9 2 2 2 9 2 9 2 2 2 2 2 9 2
left_child=2 6 3 4 5 -1 -2 16 13 15 11 25 17 -6 -10 -4 -7 18 -13 20 -12 -17 23 -5 27 -3 -16 28 -21 -29
right_child=1 10 9 22 8 7 -8 -9 14 -11 19 12 -14 -15 26 21 -18 -19 -20 24 -22 -23 -24 -25 -26 -27 -28 29 -30 -31
leaf_value=-0.0084306194894831609 -0.0012965471629609482 0.0009862611577517999 5.8186659567560644e-05 -0.0012965471629609482 7.2367893936942096e-05 6.0065118437524492e-05 3.927224237694205e-05 -0.0012458416876461875 -0.0012965471629609482 -0.00013723681195312309 -0.050123853296560356 -0.0012703960893175382 -0.0021580521113762074 -0.0012965471629609482 -0.0012965471629609482 -0.00015428070784926363 0.14404623794119678 0.0028627189687815413 -0.0013345110703991026 0.082665691804916452 0.0091673157151499051 0.0061233009505384578 -0.0012965471629609482 -0.0012965471629609482 1.6403193481402099 -0.0067360756222582642 0.042509689975165445 -0.00311563398393222 8.1197597681770262e-05 0.0015286224439868157
leaf_weight=647 146 282 1186 5450 407 1089 13222 260 8351 16468 2405 1889 2874 2622 5566 28 363 714 1170 3030 3523 685 21994 1173 193 43 171 170845 4255 77810
leaf_count=647 146 282 1186 5450 407 1089 13222 260 8351 16468 2405 1889 2874 2622 5566 28 363 714 1170 3030 3523 685 21994 1173 193 43 171 170845 4255 77810
internal_value=-0.00392205 0.00189068 -0.0286174 -0.0399008 -0.0294057 0.0134167 0.0464569 0.030662 -0.0353245 0.000911962 -0.000325413 -0.00953881 -0.0119979 -0.022103 -0.0381672 0.0179937 0.0391873 -0.0202624 -0.0253187 -7.99402e-05 -0.00630904 0.0396213 -0.0470168 -0.0415121 6.42244e-05 0.0404615 -0.0306868 3.98531e-05 0.00490734 -0.000102753
internal_weight=348861 282401 66460 48093 19476 2359 13368 1712 17117 18367 269033 6972 6647 3029 14088 1899 1452 3773 3059 262061 5928 713 28617 6623 256133 325 5737 255940 7285 248655
internal_count=348861 282401 66460 48093 19476 2359 13368 1712 17117 18367 269033 6972 6647 3029 14088 1899 1452 3773 3059 262061 5928 713 28617 6623 256133 325 5737 255940 7285 248655
cat_boundaries=0 3 5 7 8 9 11 13 16 19 22
cat_threshold=167821458 3493855488 2 2147483648 1049088 134234112 2415919360 16384 134250498 0 2097152 0 2415919104 898171136 167855266 8 16 0 2 814293252 537808024 5
is_linear=0
shrinkage=0.05


Tree=125
num_leaves=31
num_cat=12
split_feature=17 17 0 17 6 0 0 16 17 8 5 17 17 5 6 17 14 5 6 17 6 16 17 17 17 7 5 17 5 3
split_gain=19770.9 11827.1 5512.35 2143.71 1824.83 2462.4 438.909 324.339 275.64 232.972 181.95 260.587 169.941 139.768 135.033 131.418 149.743 149.082 262.311 254.321 262.201 240.046 126.588 124.964 115.636 105.794 145.059 95.4476 88.3334 84.0584
threshold=0 1 7.5000000000000009 2 9.5000000000000018 7.5000000000000009 7.5000000000000009 160.01770833333336 3 23.500000000000004 13.500000000000002 4 5 18.750000000000004 11.500000000000002 6 609.9758833333334 12.750000000000002 11.500000000000002 7 21.500000000000004 39.940725000000008 8 9 10 4.5000000000000009 21.250000000000004 11 23.750000000000004 14.000000000000002
decision_type=9 9 2 9 2 2 2 2 9 2 2 9 9 2 2 9 2 2 2 9 2 2 9 9 9 2 2 9 2 2
left_child=2 6 8 4 10 7 -2 15 13 23 11 -3 -4 -1 -15 16 -6 18 -17 20 -20 -22 25 -7 -12 26 27 -11 -9 -16
right_child=1 3 12 -5 5 9 -8 28 -10 22 24 -13 -14 14 29 17 -18 -19 19 -21 21 -23 -24 -25 -26 -27 -28 -29 -30 -31
leaf_value=-0.0012317198048128919 -0.0012317198048128919 5.7061862515661589e-05 0.0026436160672846931 -0.0002252704090677682 -0.0020346089033879355 -0.0009578537497971773 3.7308630258081621e-05 -0.0012317198048128919 -0.0012317198048128919 0.0045586160128832992 -0.0012465578540780343 0.00093694809986422101 3.675825066551397e-06 -0.0012317198048128919 -0.0012317198048128919 7.3825671088245676e-05 0.17866977755412844 -0.0012317198048128919 -0.0017431106010274977 -0.0012317198048128919 -0.0012050682422165783 3.4559343252515975e-05 6.3291396392362037e-05 -0.0059348234668867407 0.080972357077959689 0.0046336037950004188 0.0016700100612719205 -0.00040114420140282549 -0.0012317198048128919 0.040384205476407156
leaf_weight=6978 146 1094 1001 262061 1818 4019 13222 6808 21994 111 115 1153 5980 967 3073 262 316 4851 233 560 77 272 4909 2877 390 587 695 889 1263 140
leaf_count=6978 146 1094 1001 262061 1818 4019 13222 6808 21994 111 115 1153 5980 967 3073 262 316 4851 233 560 77 272 4909 2877 390 587 695 889 1263 140
internal_value=-0.003818 0.000474188 -0.0368271 -0.00160849 -0.0135564 -0.0170737 0.0464569 -0.0302066 -0.0453396 -0.00172854 0.025436 0.0315309 0.00354534 -0.0387267 -0.0315311 -0.0233222 -0.0124067 -0.0269832 -0.0126781 -0.0230298 0.000506757 0.027937 0.00456821 -0.00829466 -0.00168317 0.014267 0.0079941 -0.0042 -0.0373622 -0.0364613
internal_weight=348861 308728 40133 295360 33299 30547 13368 16460 33152 14087 2752 2247 6981 11158 4180 8389 2134 6255 1404 1142 582 349 7191 6896 505 2282 1695 1000 8071 3213
internal_count=348861 308728 40133 295360 33299 30547 13368 16460 33152 14087 2752 2247 6981 11158 4180 8389 2134 6255 1404 1142 582 349 7191 6896 505 2282 1695 1000 8071 3213
cat_boundaries=0 3 5 7 10 12 13 15 17 19 21 23 24
cat_threshold=33603730 1077936128 2 2147483648 1049088 134217728 2418016512 16400 0 2 0 2415919104 32770 0 2097152 0 256 134217728 2147483648 134217728 268435712 0 2147483648 134217728
is_linear=0
shrinkage=0.05


Tree=126
num_leaves=31
num_cat=12
split_feature=17 17 0 17 6 0 0 16 17 8 5 17 17 5 6 17 17 5 6 17 6 16 14 17 14 7 5 17 17 8
split_gain=19801.8 11830.1 5467.21 2170.7 1728.31 2490.17 438.909 318.855 275.64 225.676 196.336 288.519 149.372 139.768 135.033 126.588 122.825 149.082 262.311 254.321 262.201 240.046 125.406 120.491 105.878 105.794 145.059 104.286 95.4476 92.4556
threshold=0 1 7.5000000000000009 2 9.5000000000000018 7.5000000000000009 7.5000000000000009 160.01770833333336 3 23.500000000000004 13.500000000000002 4 5 18.750000000000004 11.500000000000002 6 7 12.750000000000002 11.500000000000002 8 21.500000000000004 39.940725000000008 609.9758833333334 9 560.02936666666676 4.5000000000000009 21.250000000000004 10 11 24.500000000000004
decision_type=9 9 2 9 2 2 2 2 9 2 2 9 9 2 2 9 9 2 2 9 2 2 2 9 2 2 2 9 9 2
left_child=2 6 8 4 10 7 -2 16 13 23 11 -3 24 -1 -15 25 22 18 -18 20 -20 -22 -6 -7 -4 26 28 -12 -11 -26
right_child=1 3 12 -5 5 9 -8 -9 -10 15 27 -13 -14 14 -16 -17 17 -19 19 -21 21 -23 -24 -25 29 -27 -28 -29 -30 -31
leaf_value=-0.0011701338145722496 -0.0011701338145722496 5.4208769389862971e-05 0.0037111741313876402 -0.0002140068886143709 -0.0019328784582185233 -0.0009099610623072963 3.5443198745177541e-05 -0.0011701338145722496 -0.0011701338145722496 0.0043306852122391602 -0.0011842299613741504 0.0008901006948709878 3.4920338132238271e-06 -0.0011701338145722496 -0.0011701338145722496 6.0126826572748371e-05 7.0134387533826728e-05 -0.0011701338145722496 -0.001655955070976134 -0.0011701338145722496 -0.0011448148301057338 3.2831376089870189e-05 0.16973628867642199 -0.0056380822935423684 -0.0020849076676117129 0.0044019236052504239 0.0015865095582083379 0.076923739224061649 -0.00038108699133267978 0.0027868827503702677
leaf_weight=6978 146 1094 639 262061 1818 4019 13222 8071 21994 111 115 1153 5980 967 3213 4909 262 4851 233 560 77 272 316 2877 263 587 695 390 889 99
leaf_count=6978 146 1094 639 262061 1818 4019 13222 8071 21994 111 115 1153 5980 967 3213 4909 262 4851 233 560 77 272 316 2877 263 587 695 390 889 99
internal_value=-0.00382717 0.000468358 -0.036862 -0.00161459 -0.0136375 -0.0170606 0.0464569 -0.0302673 -0.0453396 -0.00162916 0.0243096 0.0306409 0.00334479 -0.0387267 -0.0315311 0.00456821 -0.0234414 -0.0269832 -0.0126781 -0.0230298 0.000506757 0.027937 -0.0128731 -0.00809165 0.0211177 0.014267 0.0079941 -0.00386139 -0.0042 -0.000276243
internal_weight=348861 308728 40133 295360 33299 30547 13368 16460 33152 14087 2752 2247 6981 11158 4180 7191 8389 6255 1404 1142 582 349 2134 6896 1001 2282 1695 505 1000 362
internal_count=348861 308728 40133 295360 33299 30547 13368 16460 33152 14087 2752 2247 6981 11158 4180 7191 8389 6255 1404 1142 582 349 2134 6896 1001 2282 1695 505 1000 362
cat_boundaries=0 3 5 7 10 12 13 15 17 19 21 23 24
cat_threshold=33603730 1077936128 2 2147483648 1049088 134217728 2418016512 16400 0 2 0 2415919104 32770 134217728 2147483648 0 2097152 0 256 134217728 268435712 0 2147483648 134217728
is_linear=0
shrinkage=0.05


Tree=127
num_leaves=31
num_cat=12
split_feature=17 17 0 17 6 0 0 16 17 8 5 17 5 6 17 17 5 5 6 17 6 16 17 17 7 5 17 17 8 6
split_gain=19891.1 11821.4 5380.69 2139.23 1715.45 2553.34 438.909 314.501 275.64 207.367 198.596 288.519 139.768 135.033 129.711 121.313 120.53 149.323 221.938 246.221 248.811 240.046 141.799 113.449 103.776 142.238 103.279 92.6891 90.4202 189.386
threshold=0 1 7.5000000000000009 2 9.5000000000000018 7.5000000000000009 7.5000000000000009 160.01770833333336 3 23.500000000000004 13.500000000000002 4 18.750000000000004 11.500000000000002 5 6 26.250000000000004 12.750000000000002 11.500000000000002 7 21.500000000000004 39.940725000000008 8 9 4.5000000000000009 18.750000000000004 10 11 24.500000000000004 17.500000000000004
decision_type=9 9 2 9 2 2 2 2 9 2 2 9 2 2 9 9 2 2 2 9 2 2 9 9 2 2 9 9 2 2
left_child=2 6 8 4 10 7 -2 16 12 15 11 -3 -1 -14 24 -7 17 18 22 20 -20 -22 -6 28 25 -11 -12 -19 29 -4
right_child=1 3 23 -5 5 9 -8 -9 -10 14 26 -13 13 -15 -16 -17 -18 27 19 -21 21 -23 -24 -25 -26 -27 -28 -29 -30 -31
leaf_value=-0.0011116271238436504 -0.0011116271238436504 5.1498330920374261e-05 0.0019472585923026031 -0.00020330654418367902 -3.0188204187941992e-05 -0.00086446300919194039 3.3671038807892016e-05 -0.0011116271238436504 -0.0011116271238436504 -0.00087109626842600822 -0.0011250184633054606 0.00084559566012742948 -0.0011116271238436504 -0.0011116271238436504 5.7120485244155365e-05 -0.0053561781788652677 -0.0011116271238436504 -0.0026300038326199982 -0.0015731573174273096 -0.0011116271238436504 -0.0010875740886004514 3.1189807285381124e-05 6.6627668157126507e-05 3.3174321226070448e-06 0.0041818274249878938 0.0012009076020162547 0.073077552262858614 -0.0011116271238436504 0.0063517379463726266 -0.0032696247063839223
leaf_weight=6978 146 1094 420 262061 146 4019 13222 8071 21994 587 115 1153 967 3213 4909 2877 822 1593 335 546 77 272 211 5980 587 1108 390 4387 372 209
leaf_count=6978 146 1094 420 262061 146 4019 13222 8071 21994 587 115 1153 967 3213 4909 2877 822 1593 335 546 77 272 211 5980 587 1108 390 4387 372 209
internal_value=-0.00382 0.000485201 -0.0369292 -0.00159698 -0.0135324 -0.0169427 0.0464569 -0.0303159 -0.0453396 -0.00131682 0.0242733 0.0306409 -0.0387267 -0.0315311 0.00462384 -0.0075116 -0.0235368 -0.0255121 -0.0118778 -0.0219512 -0.00158501 0.027937 0.0228291 0.00295803 0.0144415 0.00823009 -0.00405941 -0.0291304 0.0184471 0.00707472
internal_weight=348861 308728 40133 295360 33299 30547 13368 16460 33152 14087 2752 2247 11158 4180 7191 6896 8389 7567 1587 1230 684 349 357 6981 2282 1695 505 5980 1001 629
internal_count=348861 308728 40133 295360 33299 30547 13368 16460 33152 14087 2752 2247 11158 4180 7191 6896 8389 7567 1587 1230 684 349 357 6981 2282 1695 505 5980 1001 629
cat_boundaries=0 3 5 7 10 12 14 16 18 20 21 23 25
cat_threshold=33603730 1077936128 2 2147483648 1049088 134217728 2418016512 16400 0 2 0 2415919104 134217728 2147483648 134217728 268435712 134217728 2097408 0 2097408 32770 0 2147483648 0 2097152
is_linear=0
shrinkage=0.05


Tree=128
num_leaves=31
num_cat=11
split_feature=17 17 0 17 0 6 0 16 17 5 17 8 17 17 5 6 5 5 5 6 17 6 16 17 17 14 7 5 17 8
split_gain=19829.5 11817.9 5464 2122.44 1656.36 2616.63 438.909 314.501 275.64 214.418 278.708 180.29 147.953 143.345 139.768 135.033 131.826 120.53 149.323 221.938 246.221 248.811 240.046 141.799 112.924 104.901 96.6837 127.604 92.6891 92.4556
threshold=0 1 7.5000000000000009 2 7.5000000000000009 9.5000000000000018 7.5000000000000009 160.01770833333336 3 13.500000000000002 4 23.500000000000004 5 6 18.750000000000004 11.500000000000002 6.2500000000000009 26.250000000000004 12.750000000000002 11.500000000000002 7 21.500000000000004 39.940725000000008 8 9 560.02936666666676 4.5000000000000009 21.250000000000004 10 24.500000000000004
decision_type=9 9 2 9 2 2 2 2 9 2 9 2 9 9 2 2 2 2 2 2 9 2 2 9 9 2 2 2 9 2
left_child=2 6 8 4 5 9 -2 17 14 10 -3 24 25 26 -1 -16 -12 18 19 23 21 -21 -23 -7 -6 -4 27 -13 -20 -27
right_child=1 3 12 -5 11 7 -8 -9 -10 -11 16 13 -14 -15 15 -17 -18 -19 28 20 -22 22 -24 -25 -26 29 -28 -29 -30 -31
leaf_value=-0.0010560457676514813 -0.0010560457676514813 4.8923414374346663e-05 0.0034282524952031325 -0.00019314121697453502 -0.00078357774540060987 -2.8678793978542674e-05 3.1987486867457453e-05 -0.0010560457676514813 -0.0010560457676514813 -0.0010687675401401808 0.00080331587712105805 -6.8348755019087551e-05 3.1515605164678107e-06 5.4264460981912067e-05 -0.0010560457676514813 -0.0010560457676514813 -0.0005445876201251032 -0.0010560457676514813 -0.0024985036409889807 -0.001494499451555953 -0.0010560457676514813 -0.0010331953841704155 2.9630316921114287e-05 6.3296284749281281e-05 -0.0050883692699220445 -0.0020780252138462353 0.0039727360537384904 0.0014471387001971259 -0.0010560457676514813 0.002329951715533074
leaf_weight=6978 146 1089 639 262061 4175 146 13222 8071 21994 355 512 1001 5980 5118 967 3213 394 822 1593 335 546 77 272 211 2913 263 587 695 4387 99
leaf_count=6978 146 1089 639 262061 4175 146 13222 8071 21994 355 512 1001 5980 5118 967 3213 394 822 1593 335 546 77 272 211 2913 263 587 695 4387 99
internal_value=-0.00380653 0.000492003 -0.0368645 -0.00158987 -0.0134783 -0.0232695 0.0464569 -0.0303159 -0.0453396 0.0260851 0.0324561 -0.000776451 0.00333047 0.0046818 -0.0387267 -0.0315311 0.0114629 -0.0235368 -0.0255121 -0.0118778 -0.0219512 -0.00158501 0.027937 0.0228291 -0.00647573 0.0210188 0.0150676 0.00908019 -0.0291304 -0.000276243
internal_weight=348861 308728 40133 295360 33299 18810 13368 16460 33152 2350 1995 14489 6981 7401 11158 4180 906 8389 7567 1587 1230 684 349 357 7088 1001 2283 1696 5980 362
internal_count=348861 308728 40133 295360 33299 18810 13368 16460 33152 2350 1995 14489 6981 7401 11158 4180 906 8389 7567 1587 1230 684 349 357 7088 1001 2283 1696 5980 362
cat_boundaries=0 3 5 7 10 12 13 15 17 19 21 23
cat_threshold=33603730 1077936128 2 2147483648 1049088 134217728 2418016512 16400 0 2 0 2415919104 32770 134217728 2147483648 134217728 2097408 0 2097408 134217728 268435712 0 2097152
is_linear=0
shrinkage=0.05


Tree=129
num_leaves=31
num_cat=11
split_feature=17 17 0 17 0 6 0 16 17 5 17 8 17 5 6 5 5 5 6 17 6 16 17 17 6 7 5 17 17 5
split_gain=20028.7 11808.8 5247.48 2104.47 1678.01 2616.07 438.909 315.044 275.64 214.418 278.708 166.946 140.041 139.768 135.033 131.826 120.372 149.034 221.938 246.221 248.811 240.046 141.799 99.1404 113.888 98.6305 120.216 97.7976 93.5517 88.3334
threshold=0 1 7.5000000000000009 2 7.5000000000000009 9.5000000000000018 7.5000000000000009 160.01770833333336 3 13.500000000000002 4 23.500000000000004 5 18.750000000000004 11.500000000000002 6.2500000000000009 26.250000000000004 12.750000000000002 11.500000000000002 6 21.500000000000004 39.940725000000008 7 8 15.500000000000002 4.5000000000000009 21.250000000000004 9 10 23.750000000000004
decision_type=9 9 2 9 2 2 2 2 9 2 9 2 9 2 2 2 2 2 2 9 2 2 9 9 2 2 2 9 9 2
left_child=2 6 8 4 5 9 -2 16 13 10 -3 27 25 -1 -15 -12 17 18 22 20 -20 -22 -7 24 -4 26 -13 -6 -19 -9
right_child=1 3 23 -5 11 7 -8 29 -10 -11 15 12 -14 14 -16 -17 -18 28 19 -21 21 -23 -24 -25 -26 -27 -28 -29 -30 -31
leaf_value=-0.0010032434792689227 -0.0010032434792689227 4.6477243655651539e-05 0.0051613768964679178 -0.0001834841561257683 -0.00074439885813060158 -2.7244854279606658e-05 3.0388112524093458e-05 -0.0010032434792689227 -0.0010032434792689227 -0.0010153291631331829 0.00076315008326499623 -6.4931317268168706e-05 5.155123793283423e-05 -0.0010032434792689227 -0.0010032434792689227 -0.00051735823911887031 -0.0010032434792689227 -0.0023735784589395516 -0.0014197744789781642 -0.0010032434792689227 -0.00098153561496188151 2.8148801075067455e-05 6.01314705118039e-05 0.0012111719740153682 -0.10786429546593648 0.0037740992510515883 0.0013747817651872829 -0.0048339508064259469 -0.0010032434792689227 -0.0010032434792689227
leaf_weight=6978 146 1089 1729 262061 4175 146 13222 6808 21994 355 512 1001 5118 967 3213 394 822 1593 335 546 77 272 211 3978 1274 587 695 2913 4387 1263
leaf_count=6978 146 1089 1729 262061 4175 146 13222 6808 21994 355 512 1001 5118 967 3213 394 822 1593 335 546 77 272 211 3978 1274 587 695 2913 4387 1263
internal_value=-0.00381026 0.000509817 -0.0370339 -0.00157125 -0.0134093 -0.0232642 0.0464569 -0.0303098 -0.0453396 0.0260851 0.0324561 -0.000624612 0.00462775 -0.0387267 -0.0315311 0.0114629 -0.0235249 -0.0254989 -0.0118778 -0.0219512 -0.00158501 0.027937 0.0228291 0.0023564 -0.00449718 0.0148932 0.00884434 -0.00610892 -0.0291137 -0.0373622
internal_weight=348861 308728 40133 295360 33299 18810 13368 16460 33152 2350 1995 14489 7401 11158 4180 906 8389 7567 1587 1230 684 349 357 6981 3003 2283 1696 7088 5980 8071
internal_count=348861 308728 40133 295360 33299 18810 13368 16460 33152 2350 1995 14489 7401 11158 4180 906 8389 7567 1587 1230 684 349 357 6981 3003 2283 1696 7088 5980 8071
cat_boundaries=0 3 5 7 10 12 14 16 18 19 21 23
cat_threshold=33603730 1077936128 2 2147483648 1049088 134217728 2418016512 16400 0 2 0 2415919104 134217728 2147483648 134217728 2097408 0 2097408 16386 134217728 268435712 0 2097152
is_linear=0
shrinkage=0.05


Tree=130
num_leaves=31
num_cat=10
split_feature=17 17 0 17 0 6 0 16 17 5 17 8 5 17 6 5 5 5 6 17 6 16 17 7 5 17 8 6 17 5
split_gain=20172.4 11802.4 5094.17 2072.87 1711.14 2615.51 438.909 315.517 275.64 214.418 278.708 151.96 139.768 139.221 135.033 131.826 120.283 149.835 229.272 247.436 250.432 240.046 141.51 99.1203 118.941 98.724 131.551 164.735 92.4582 88.1977
threshold=0 1 7.5000000000000009 2 7.5000000000000009 9.5000000000000018 7.5000000000000009 160.08538333333334 3 13.500000000000002 4 23.500000000000004 18.750000000000004 5 11.500000000000002 6.2500000000000009 26.250000000000004 12.750000000000002 11.500000000000002 6 21.500000000000004 39.940725000000008 7 4.5000000000000009 21.250000000000004 8 24.500000000000004 17.500000000000004 9 23.750000000000004
decision_type=9 9 2 9 2 2 2 2 9 2 9 2 2 9 2 2 2 2 2 9 2 2 9 2 2 9 2 2 9 2
left_child=2 6 8 4 5 9 -2 16 12 10 -3 -6 -1 23 -14 -12 17 18 22 20 -20 -22 -7 24 -13 26 27 -4 -19 -9
right_child=1 3 25 -5 11 7 -8 29 -10 -11 15 13 14 -15 -16 -17 -18 28 19 -21 21 -23 -24 -25 -26 -27 -28 -29 -30 -31
leaf_value=-0.00095308130530549209 -0.00095308130530549209 4.4153381472877845e-05 0.0005345189119591254 -0.00017430994831943992 -0.0023970395527344482 -2.5882611565641869e-05 2.8868706897888785e-05 -0.00095308130530549209 -0.00095308130530549209 -0.00096456270497653491 0.00072499257910174641 -6.1684751404733615e-05 -0.00095308130530549209 4.8973676036201398e-05 -0.00095308130530549209 -0.00049149032716293566 -0.00095308130530549209 -0.0022548995359925605 -0.0013487857550292582 -0.00095308130530549209 -0.00093245883421380074 2.6741361021320742e-05 5.712489698619372e-05 0.0035853942884989999 0.0013060426769278878 -5.7564616210115106e-05 0.0064537546388207193 -0.003062800809073174 -0.00095308130530549209 -0.00095308130530549209
leaf_weight=6978 146 1089 361 262061 7088 149 13222 6753 21994 355 512 1001 967 5118 3213 394 826 1606 337 554 77 272 214 587 695 6115 296 209 4426 1246
leaf_count=6978 146 1089 361 262061 7088 149 13222 6753 21994 355 512 1001 967 5118 3213 394 826 1606 337 554 77 272 214 587 695 6115 296 209 4426 1246
internal_value=-0.00381341 0.000522126 -0.0371559 -0.00155838 -0.0133072 -0.0232589 0.0464569 -0.0303038 -0.0453396 0.0260851 0.0324561 -0.000396853 -0.0387267 0.00461424 -0.0315311 0.0114629 -0.0235729 -0.0255337 -0.0119464 -0.0221774 -0.00172414 0.027937 0.0230028 0.0148495 0.00878538 0.00165449 0.0173516 0.00350877 -0.0291446 -0.0374234
internal_weight=348861 308728 40133 295360 33299 18810 13368 16460 33152 2350 1995 14489 11158 7401 4180 906 8461 7635 1603 1240 686 349 363 2283 1696 6981 866 570 6032 7999
internal_count=348861 308728 40133 295360 33299 18810 13368 16460 33152 2350 1995 14489 11158 7401 4180 906 8461 7635 1603 1240 686 349 363 2283 1696 6981 866 570 6032 7999
cat_boundaries=0 3 5 7 10 12 14 16 18 19 21
cat_threshold=33603730 1077936128 2 2147483648 1049088 134217728 2418016512 16400 0 2 0 2415919104 134217728 2147483648 134217728 2097408 0 2097408 32768 0 2097152
is_linear=0
shrinkage=0.05


Tree=131
num_leaves=31
num_cat=10
split_feature=17 17 0 17 0 6 0 16 17 5 17 8 5 17 6 17 5 5 5 6 17 6 16 17 14 7 5 17 8 6
split_gain=20113.1 11797.6 5175.23 2069.98 1717.35 2615.51 438.909 315.517 275.64 214.418 278.708 145.423 139.768 135.157 135.033 134.073 131.826 120.283 149.835 229.272 247.436 250.432 240.046 141.51 105.956 101.587 112.67 92.4582 91.1565 114.344
threshold=0 1 7.5000000000000009 2 7.5000000000000009 9.5000000000000018 7.5000000000000009 160.08538333333334 3 13.500000000000002 4 23.500000000000004 18.750000000000004 5 11.500000000000002 6 6.2500000000000009 26.250000000000004 12.750000000000002 11.500000000000002 7 21.500000000000004 39.940725000000008 8 569.8828666666667 4.5000000000000009 21.250000000000004 9 24.500000000000004 16.500000000000004
decision_type=9 9 2 9 2 2 2 2 9 2 9 2 2 9 2 9 2 2 2 2 9 2 2 9 2 2 2 9 2 2
left_child=2 6 8 4 5 9 -2 17 12 10 -3 -6 -1 25 -14 24 -12 18 19 23 21 -21 -23 -7 -4 26 -13 -20 29 -26
right_child=1 3 15 -5 11 7 -8 -9 -10 -11 16 13 14 -15 -16 -17 -18 -19 27 20 -22 22 -24 -25 28 -27 -28 -29 -30 -31
leaf_value=-0.00090542724004021307 -0.00090542724004021307 4.1945712399238388e-05 0.0031695553261442914 -0.00016559445090349458 -0.0022771875750977168 -2.4588480987342012e-05 2.7425271552949939e-05 -0.00090542724004021307 -0.00090542724004021307 -0.00091633456972770597 0.00068874295014667022 -5.8600513834505823e-05 -0.00090542724004021307 4.65249922344313e-05 -0.00090542724004021307 -5.4686385399627113e-05 -0.00046691581080477996 -0.00090542724004021307 -0.0021421545591929106 -0.0012813464672777998 -0.00090542724004021307 -0.00088583589250310632 2.5404292970243605e-05 5.4268652136890695e-05 0.00045157046288695217 0.0034061245740740101 0.0012407405430814756 -0.00090542724004021307 0.0018302077991146249 -0.00290966076861956
leaf_weight=6978 146 1089 508 262061 7088 149 13222 7999 21994 355 512 1001 967 5118 3213 6115 394 826 1606 337 554 77 272 214 86 587 695 4426 98 174
leaf_count=6978 146 1089 508 262061 7088 149 13222 7999 21994 355 512 1001 967 5118 3213 6115 394 826 1606 337 554 77 272 214 86 587 695 4426 98 174
internal_value=-0.00379764 0.000531519 -0.0370911 -0.00154857 -0.0132892 -0.0232589 0.0464569 -0.0303038 -0.0453396 0.0260851 0.0324561 -0.000355442 -0.0387267 0.00454668 -0.0315311 0.00202693 0.0114629 -0.0235729 -0.0255337 -0.0119464 -0.0221774 -0.00172414 0.027937 0.0230028 0.0203196 0.0146315 0.00849057 -0.0291446 -0.00027933 -0.0157692
internal_weight=348861 308728 40133 295360 33299 18810 13368 16460 33152 2350 1995 14489 11158 7401 4180 6981 906 8461 7635 1603 1240 686 349 363 866 2283 1696 6032 358 260
internal_count=348861 308728 40133 295360 33299 18810 13368 16460 33152 2350 1995 14489 11158 7401 4180 6981 906 8461 7635 1603 1240 686 349 363 866 2283 1696 6032 358 260
cat_boundaries=0 3 5 7 10 12 14 15 17 19 21
cat_threshold=33603730 1077936128 2 2147483648 1049088 134217728 2418016512 16400 0 2 0 2415919104 134217728 2147483648 32768 134217728 2097408 0 2097408 0 2097152
is_linear=0
shrinkage=0.05


Tree=132
num_leaves=31
num_cat=10
split_feature=17 17 0 17 0 6 0 16 17 5 17 5 6 17 16 6 5 17 5 6 5 8 17 14 7 5 17 5 17 7
split_gain=20247.7 11783 5053.87 1995.42 1682.27 2579 438.909 351.488 275.64 214.418 278.708 173.006 180.606 360.528 293.387 190.908 162.727 141.51 139.768 135.033 131.826 122.977 118.745 96.4772 97.763 103.164 94.1781 88.1977 84.737 113.918
threshold=0 1 7.5000000000000009 2 7.5000000000000009 9.5000000000000018 7.5000000000000009 160.08538333333334 3 13.500000000000002 4 12.750000000000002 11.500000000000002 5 39.929175000000008 19.500000000000004 26.250000000000004 6 18.750000000000004 11.500000000000002 6.2500000000000009 23.500000000000004 7 110.06254166666669 4.5000000000000009 21.250000000000004 8 23.750000000000004 9 4.5000000000000009
decision_type=9 9 2 9 2 2 2 2 9 2 9 2 2 9 2 2 2 9 2 2 2 2 9 2 2 2 9 2 9 2
left_child=2 6 8 4 5 9 -2 11 18 10 -3 12 17 14 -14 -16 26 -7 -1 -20 -12 28 23 -23 25 -25 -13 -9 -6 -30
right_child=1 3 -4 -5 21 7 -8 27 -10 -11 20 16 13 -15 15 -17 -18 -19 19 -21 -22 22 -24 24 -26 -27 -28 -29 29 -31
leaf_value=-0.00086015587803820468 -0.00086015587803820468 3.9848426779265372e-05 0.00034931520005399008 -0.0001573147283583154 -0.00047346755883239668 -2.3359056937977131e-05 2.6054007975329088e-05 -0.00086015587803820468 -0.00086015587803820468 -0.0008705178412413251 0.00065430580263932121 -0.0020350468312332558 -0.0012172791439139187 -0.00086015587803820468 -0.00075574895033025946 2.413407832171366e-05 -0.00086015587803820468 5.1555219530063924e-05 -0.00086015587803820468 -0.00086015587803820468 -0.00044357002026456098 -0.0018630450503468233 4.4198742622736376e-05 -2.3551546228794962e-05 0.0033991029784017357 0.0012517462953899995 -0.00086015587803820468 -0.00086015587803820468 -0.006222541463087517 0.00058649558057988216
leaf_weight=6978 146 1089 6981 262061 4175 149 13222 6753 21994 355 512 1606 261 554 75 350 826 214 967 3213 394 164 5118 922 540 657 4426 1246 2205 708
leaf_count=6978 146 1089 6981 262061 4175 149 13222 6753 21994 355 512 1606 261 554 75 350 826 214 967 3213 394 164 5118 922 540 657 4426 1246 2205 708
internal_value=-0.0037836 0.000560022 -0.0371883 -0.00151877 -0.013046 -0.0229133 0.0464569 -0.0299089 -0.0453396 0.0260851 0.0324561 -0.0228046 -0.00801622 -0.0170968 0.00732759 0.0330588 -0.0262613 0.0230028 -0.0387267 -0.0315311 0.0114629 -0.000245013 0.00426294 0.0137157 0.0166352 0.0103547 -0.0291114 -0.0374234 -0.00495203 -0.0114779
internal_weight=348861 308728 40133 295360 33299 18810 13368 16460 33152 2350 1995 8461 1603 1240 686 425 6858 363 11158 4180 906 14489 7401 2283 2119 1579 6032 7999 7088 2913
internal_count=348861 308728 40133 295360 33299 18810 13368 16460 33152 2350 1995 8461 1603 1240 686 425 6858 363 11158 4180 906 14489 7401 2283 2119 1579 6032 7999 7088 2913
cat_boundaries=0 3 5 7 10 12 14 16 18 20 22
cat_threshold=33603730 1077936128 2 2147483648 1049088 134217728 2418016512 16400 0 2 0 2415919104 134217728 2097408 0 2097408 134217728 2147483648 0 2097152 134217728 268435712
is_linear=0
shrinkage=0.05


Tree=133
num_leaves=31
num_cat=11
split_feature=17 17 0 17 0 6 0 16 17 5 17 5 6 17 16 6 5 17 5 6 17 8 5 14 5 17 2 0 17 17
split_gain=20269.6 11772.5 5053.87 1948.01 1707.64 2642.1 438.909 351.488 275.64 222.651 252.442 173.006 180.606 360.528 293.387 190.908 162.727 141.51 139.768 135.033 126.25 136.185 120.637 111.178 106.252 121.36 167.492 114.145 94.1781 93.4939
threshold=0 1 7.5000000000000009 2 7.5000000000000009 9.5000000000000018 7.5000000000000009 160.08538333333334 3 13.500000000000002 4 12.750000000000002 11.500000000000002 5 39.929175000000008 19.500000000000004 26.250000000000004 6 18.750000000000004 11.500000000000002 7 25.500000000000004 8.7500000000000018 160.01779166666668 23.750000000000004 8 14.000000000000002 14.000000000000002 9 10
decision_type=9 9 2 9 2 2 2 2 9 2 9 2 2 9 2 2 2 9 2 2 9 2 2 2 2 9 2 2 9 9
left_child=2 6 8 4 5 9 -2 11 18 10 -3 12 17 14 -14 -16 28 -7 -1 -20 21 23 29 -6 -22 26 -26 -27 -13 -12
right_child=1 3 -4 -5 20 7 -8 -9 -10 -11 22 16 13 -15 15 -17 -18 -19 19 -21 24 -23 -24 -25 25 27 -28 -29 -30 -31
leaf_value=-0.00081714808413630997 -0.00081714808413630997 3.7856005440284336e-05 0.00033184944005126837 -0.00014944899194038188 -0.0019158358825886346 -2.2191104091096038e-05 2.4751307576575954e-05 -0.00081714808413630997 -0.00081714808413630997 -0.00082699194917927881 0.00062159051250736401 -0.0019332944896715888 -0.0011564151867182292 -0.00081714808413630997 -0.00071796150281375768 2.2927374405634638e-05 -0.00081714808413630997 4.8977458553567393e-05 -0.00081714808413630997 -0.00081714808413630997 0.00066403988416627877 0.0029501611538659493 -0.00042139151925133514 0.00052567478216376535 0.0010275813304011729 -0.040430760646625874 -0.0083755472766498858 -0.071859962033497385 -0.00081714808413630997 0.13652856845678008
leaf_weight=6978 146 1089 6981 262061 144 149 13222 7999 21994 355 297 1606 261 554 75 350 826 214 967 3213 7007 309 358 445 2051 1392 1476 1665 4426 251
leaf_count=6978 146 1089 6981 262061 144 149 13222 7999 21994 355 297 1606 261 554 75 350 826 214 967 3213 7007 309 358 445 2051 1392 1476 1665 4426 251
internal_value=-0.00376554 0.000580427 -0.0371883 -0.00149744 -0.0128869 -0.0228283 0.0464569 -0.0299089 -0.0453396 0.026766 0.0332581 -0.0228046 -0.00801622 -0.0170968 0.00732759 0.0330588 -0.0262613 0.0230028 -0.0387267 -0.0315311 1.03527e-05 0.0180617 0.0132096 0.00415959 -0.00119477 -0.00575638 0.000579587 -0.0130258 -0.0291114 0.0281022
internal_weight=348861 308728 40133 295360 33299 18810 13368 16460 33152 2350 1995 8461 1603 1240 686 425 6858 363 11158 4180 14489 898 906 589 13591 6584 3527 3057 6032 548
internal_count=348861 308728 40133 295360 33299 18810 13368 16460 33152 2350 1995 8461 1603 1240 686 425 6858 363 11158 4180 14489 898 906 589 13591 6584 3527 3057 6032 548
cat_boundaries=0 3 5 7 10 12 14 16 17 19 21 23
cat_threshold=33603730 1077936128 2 2147483648 1049088 134217728 2418016512 16400 0 2 0 2415919104 134217728 2097408 0 2097408 134217728 0 2415919104 0 2097152 0 2097152
is_linear=0
shrinkage=0.05


Tree=134
num_leaves=31
num_cat=10
split_feature=17 17 0 17 0 6 0 16 17 5 17 5 6 17 16 6 17 17 5 6 5 14 8 17 14 7 5 5 3 17
split_gain=20272.3 11776.3 5041.51 1990.76 1686.05 2577.32 438.909 353.195 275.64 214.418 278.708 172.177 180.606 360.528 293.387 190.908 163.76 141.51 139.768 135.033 131.826 112.746 102.484 106.018 92.0925 108.85 104.887 88.1977 84.0584 83.7357
threshold=0 1 7.5000000000000009 2 7.5000000000000009 9.5000000000000018 7.5000000000000009 160.08538333333334 3 13.500000000000002 4 12.750000000000002 11.500000000000002 5 39.929175000000008 19.500000000000004 6 7 18.750000000000004 11.500000000000002 6.2500000000000009 609.9758833333334 23.500000000000004 8 109.90533333333335 4.5000000000000009 21.250000000000004 23.750000000000004 14.000000000000002 9
decision_type=9 9 2 9 2 2 2 2 9 2 9 2 2 9 2 2 9 9 2 2 2 2 2 9 2 2 2 2 2 9
left_child=2 6 8 4 5 9 -2 11 18 10 -3 12 17 14 -14 -16 21 -7 -1 -20 -12 -13 -6 24 -24 26 -26 -9 -21 -4
right_child=1 3 29 -5 22 7 -8 27 -10 -11 20 16 13 -15 15 -17 -18 -19 19 28 -22 -23 23 -25 25 -27 -28 -29 -30 -31
leaf_value=-0.00077629067992948111 -0.00077629067992948111 3.5963205168254579e-05 0.0017046391771535774 -0.00014197654234333613 -0.0017479047901525658 -2.1081548886536795e-05 2.3513742197778242e-05 -0.00077629067992948111 -0.00077629067992948111 -0.00078564235172029484 0.00059051098688200909 -0.0018955120754978072 -0.0010985944273823379 -0.00077629067992948111 -0.00068206342767305203 2.1781005685372892e-05 -0.00077629067992948111 4.6528585625882361e-05 -0.00077629067992948111 -0.00077629067992948111 -0.00040032194328878392 0.19821439394276472 -0.001868151170967991 -9.3902610284857253e-06 -5.8834940381746749e-05 0.0031383430503741927 0.0011377799141004453 -0.00077629067992948111 0.038758838337229665 -8.6010298134908686e-05
leaf_weight=6978 146 1089 866 262061 7088 149 13222 6753 21994 355 512 1685 261 554 75 350 4894 214 967 3073 394 279 151 5118 927 543 662 1246 140 6115
leaf_count=6978 146 1089 866 262061 7088 149 13222 6753 21994 355 512 1685 261 554 75 350 4894 214 967 3073 394 279 151 5118 927 543 662 1246 140 6115
internal_value=-0.00377328 0.000572978 -0.0371983 -0.00150523 -0.013019 -0.0228974 0.0464569 -0.0298906 -0.0453396 0.0260851 0.0324561 -0.0227692 -0.00801622 -0.0170968 0.00732759 0.0330588 -0.0262176 0.0230028 -0.0387267 -0.0315311 0.0114629 -0.0137791 -0.000203603 0.00391163 0.0128434 0.0155722 0.0089679 -0.0374234 -0.0364613 0.00141097
internal_weight=348861 308728 40133 295360 33299 18810 13368 16460 33152 2350 1995 8461 1603 1240 686 425 6858 363 11158 4180 906 1964 14489 7401 2283 2132 1589 7999 3213 6981
internal_count=348861 308728 40133 295360 33299 18810 13368 16460 33152 2350 1995 8461 1603 1240 686 425 6858 363 11158 4180 906 1964 14489 7401 2283 2132 1589 7999 3213 6981
cat_boundaries=0 3 5 7 10 12 14 16 18 20 21
cat_threshold=33603730 1077936128 2 2147483648 1049088 134217728 2418016512 16400 0 2 0 2415919104 134217728 2097408 0 2097152 0 2097408 134217728 2147483648 32768
is_linear=0
shrinkage=0.05


Tree=135
num_leaves=31
num_cat=10
split_feature=17 17 0 17 0 6 0 16 17 5 17 17 5 6 17 16 5 6 5 2 17 5 6 17 5 6 3 17 0 16
split_gain=20352.2 11759.9 4989.12 1903.66 1630.65 2601.47 438.909 392.363 275.64 222.651 252.442 163.255 228.856 216.914 389.591 389.684 139.768 135.033 120.637 103.453 102.697 283.143 170.957 93.4939 88.0174 85.7777 84.0584 82.8068 80.6782 78.9409
threshold=0 1 7.5000000000000009 2 7.5000000000000009 9.5000000000000018 7.5000000000000009 160.08538333333334 3 13.500000000000002 4 5 12.750000000000002 11.500000000000002 6 39.929175000000008 18.750000000000004 11.500000000000002 8.7500000000000018 14.000000000000002 7 23.750000000000004 11.500000000000002 8 23.750000000000004 20.500000000000004 14.000000000000002 9 14.000000000000002 79.937633333333352
decision_type=9 9 2 9 2 2 2 2 9 2 9 9 2 2 9 2 2 2 2 2 9 2 2 9 2 2 2 9 2 2
left_child=2 6 8 4 5 9 -2 11 16 10 -3 -7 13 -13 15 -15 -1 -18 23 20 22 28 -6 -12 -9 -17 -19 -11 -22 -5
right_child=1 3 -4 29 19 7 -8 24 -10 27 18 12 -14 14 -16 25 17 26 -20 -21 21 -23 -24 -25 -26 -27 -28 -29 -30 -31
leaf_value=-0.00073747614593302482 -0.00073747614593302482 3.4165044909828524e-05 0.00024894792753018538 -0.0024889925662471505 -0.0029742621719655916 -0.00020242029655590522 2.233805508788933e-05 -0.00073747614593302482 -0.00073747614593302482 -0.00074636023413425794 0.00056098543753790864 4.4202156344574922e-05 -0.00073747614593302482 -0.0010436647060132031 -0.00073747614593302482 -0.0012998815050999203 -0.00073747614593302482 -0.00073747614593302482 -0.0003803058461243403 -0.014685454993193226 0.037147498144146064 -0.037516604765527185 0.00074978192642412018 0.12967261448459697 -0.00073747614593302482 2.0691955401108686e-05 0.036820896420368142 0.22692032546097077 -0.11415387825618764 0.0017658285339114067
leaf_weight=6978 146 1089 6981 183503 573 2150 13222 6753 21994 111 297 266 4894 221 569 25 967 3073 358 4815 1971 1594 4996 251 1246 336 140 244 540 78558
leaf_count=6978 146 1089 6981 183503 573 2150 13222 6753 21994 111 297 266 4894 221 569 25 967 3073 358 4815 1971 1594 4996 251 1246 336 140 244 540 78558
internal_value=-0.00374977 0.000605044 -0.0372406 -0.00147171 -0.0127308 -0.0224455 0.0464569 -0.0294714 -0.0453396 0.026766 0.0332581 -0.0219655 -0.0260165 -0.00836274 -0.0177672 0.0111486 -0.0387267 -0.0315311 0.0132096 -0.000127683 0.00285301 -0.00314702 0.00726833 0.0281022 -0.0374109 0.0433518 -0.0364613 -0.00971831 0.00730785 -4.06378e-05
internal_weight=348861 308728 40133 295360 33299 18810 13368 16460 33152 2350 1995 8461 6311 1417 1151 582 11158 4180 906 14489 9674 4105 5569 548 7999 361 3213 355 2511 262061
internal_count=348861 308728 40133 295360 33299 18810 13368 16460 33152 2350 1995 8461 6311 1417 1151 582 11158 4180 906 14489 9674 4105 5569 548 7999 361 3213 355 2511 262061
cat_boundaries=0 3 5 7 10 12 14 16 18 20 22
cat_threshold=33603730 1077936128 2 2147483648 1049088 134217728 2418016512 16400 0 2 0 2415919104 0 2097152 0 256 134217728 2415919104 0 2097152 0 2147483648
is_linear=0
shrinkage=0.05


Tree=136
num_leaves=31
num_cat=9
split_feature=17 17 0 17 0 6 0 16 17 5 17 17 6 16 17 5 17 8 6 5 6 14 6 5 5 6 8 3 5 17
split_gain=20337.9 11771.8 4976.84 1938.21 1536.13 2513.39 438.909 390.332 275.64 214.418 278.708 174.879 403.254 325.919 166.239 139.768 135.272 136.185 135.033 131.826 120.79 111.178 110.203 387.67 100.755 90.7721 88.6067 84.0584 83.7449 82.8068
threshold=0 1 7.5000000000000009 2 7.5000000000000009 9.5000000000000018 7.5000000000000009 160.08538333333334 3 13.500000000000002 4 5 17.500000000000004 39.940725000000008 6 18.750000000000004 7 25.500000000000004 11.500000000000002 6.2500000000000009 20.500000000000004 160.01779166666668 10.500000000000002 13.500000000000002 23.750000000000004 20.500000000000004 23.500000000000004 14.000000000000002 23.750000000000004 8
decision_type=9 9 2 9 2 2 2 2 9 2 9 9 2 2 9 2 9 2 2 2 2 2 2 2 2 2 2 2 2 9
left_child=2 6 8 4 5 9 -2 11 15 10 -3 12 14 20 -7 -1 17 21 -17 -12 -14 -6 23 -13 -24 -15 -23 -20 -9 -11
right_child=1 3 -4 -5 16 7 -8 28 -10 29 19 22 13 25 -16 18 -18 -19 27 -21 -22 26 24 -25 -26 -27 -28 -29 -30 -31
leaf_value=-0.00070060233863635803 -0.00070060233863635803 3.2456792664348204e-05 0.00023650053115371606 -0.00010280074088120372 -0.0017701379452728539 -0.00053471403438929419 2.122115233351707e-05 -0.00070060233863635803 -0.00070060233863635803 -0.00070904222242753614 0.00053293616566101325 4.199204852732841e-05 0.072982558810294404 0.13549742689381425 -0.0026061090687038661 -0.00070060233863635803 -0.00049660313608796975 0.0030061149639697862 -0.00070060233863635803 -0.0003612905538181277 -0.00099148147071255184 0.00054929718624192609 -0.00070060233863635803 -0.00070060233863635803 -0.00070060233863635803 1.9657357631075458e-05 -0.0021545525846498495 0.034979851599349757 -0.00070060233863635803 0.21557430918792223
leaf_weight=6978 146 1089 6981 262061 144 1725 13222 6753 21994 111 512 188 313 247 1388 967 13591 309 3073 394 297 385 2464 776 674 389 60 140 1246 244
leaf_count=6978 146 1089 6981 262061 144 1725 13222 6753 21994 111 512 188 313 247 1388 967 13591 309 3073 394 297 385 2464 776 674 389 60 140 1246 244
internal_value=-0.00377156 0.000581723 -0.0372506 -0.00149609 -0.0128569 -0.022286 0.0464569 -0.029192 -0.0453396 0.0260851 0.0324561 -0.0217055 -0.0146143 0.00939005 -0.0242692 -0.0387267 -0.000624612 0.0180617 -0.0315311 0.0114629 -0.0167213 0.00415959 -0.0291342 -0.0144191 -0.0337476 0.034434 0.0165169 -0.0364613 -0.0371109 -0.00971831
internal_weight=348861 308728 40133 295360 33299 18810 13368 16460 33152 2350 1995 8461 4359 1246 3113 11158 14489 898 4180 906 610 589 4102 964 3138 636 445 3213 7999 355
internal_count=348861 308728 40133 295360 33299 18810 13368 16460 33152 2350 1995 8461 4359 1246 3113 11158 14489 898 4180 906 610 589 4102 964 3138 636 445 3213 7999 355
cat_boundaries=0 3 5 7 10 12 14 16 17 19
cat_threshold=33603730 1077936128 2 2147483648 1049088 134217728 2418016512 16400 0 2 0 2415919104 0 2097408 0 2097152 134217728 0 2147483648
is_linear=0
shrinkage=0.05


Tree=137
num_leaves=31
num_cat=10
split_feature=17 17 0 17 0 6 0 16 17 5 17 17 6 16 17 5 6 5 6 6 6 5 6 17 5 17 8 3 5 17
split_gain=20378.6 11769 4937.01 1927.9 1504.72 2570.65 438.909 395.741 275.64 222.651 252.442 180.02 354.794 302.485 188.153 139.768 135.033 120.637 119.263 117.347 110.203 387.67 104.077 188.376 100.755 93.4939 91.2233 84.0584 83.7449 82.8068
threshold=0 1 7.5000000000000009 2 7.5000000000000009 9.5000000000000018 7.5000000000000009 160.08538333333334 3 13.500000000000002 4 5 17.500000000000004 39.940725000000008 6 18.750000000000004 11.500000000000002 8.7500000000000018 20.500000000000004 20.500000000000004 10.500000000000002 13.500000000000002 12.500000000000002 7 23.750000000000004 8 23.500000000000004 14.000000000000002 23.750000000000004 9
decision_type=9 9 2 9 2 2 2 2 9 2 9 9 2 2 9 2 2 2 2 2 2 2 2 9 2 9 2 2 2 9
left_child=2 6 8 4 5 9 -2 11 15 10 -3 12 14 19 -7 -1 -17 25 -15 -14 21 -13 -6 -24 -22 -12 -25 -18 -9 -11
right_child=1 3 -4 -5 22 7 -8 28 -10 29 17 20 13 18 -16 16 27 -19 -20 -21 24 -23 23 26 -26 -27 -28 -29 -30 -31
leaf_value=-0.00066557222170455794 -0.00066557222170455794 3.083395303113967e-05 0.00022467550459603913 -9.766070383712134e-05 -0.0019131264424535389 -0.00050797833266984509 2.0160094716814571e-05 -0.00066557222170455794 -0.00066557222170455794 -0.00067359011130614383 0.00050628935737795366 3.989244610096421e-05 0.069333430869779722 0.12872255554912351 -0.0024758036152686905 -0.00066557222170455794 -0.00066557222170455794 -0.00034322602612721912 1.8674489749503922e-05 -0.00094190739717694429 -0.00066557222170455794 -0.00066557222170455794 0.00056198708190438043 -0.00211663379143916 -0.00066557222170455794 0.12316233695208406 0.00079251273511289362 0.033230859019382296 -0.00066557222170455794 0.2047955937285261
leaf_weight=6978 146 1089 6981 262061 3356 1725 13222 6753 21994 111 297 188 313 247 1388 967 3073 358 389 297 2464 776 671 5051 674 251 5411 140 1246 244
leaf_count=6978 146 1089 6981 262061 3356 1725 13222 6753 21994 111 297 188 313 247 1388 967 3073 358 389 297 2464 776 671 5051 674 251 5411 140 1246 244
internal_value=-0.00377041 0.000587229 -0.037283 -0.00149033 -0.0128209 -0.0221531 0.0464569 -0.0291373 -0.0453396 0.026766 0.0332581 -0.0215991 -0.0144083 0.00810594 -0.0234661 -0.0387267 -0.0315311 0.0132096 0.0322327 -0.0170492 -0.0291342 -0.0144191 -0.000714335 0.00161232 -0.0337476 0.0281022 -4.77464e-05 -0.0364613 -0.0371109 -0.00971831
internal_weight=348861 308728 40133 295360 33299 18810 13368 16460 33152 2350 1995 8461 4359 1246 3113 11158 4180 906 636 610 4102 964 14489 11133 3138 548 10462 3213 7999 355
internal_count=348861 308728 40133 295360 33299 18810 13368 16460 33152 2350 1995 8461 4359 1246 3113 11158 4180 906 636 610 4102 964 14489 11133 3138 548 10462 3213 7999 355
cat_boundaries=0 3 5 7 10 12 14 16 17 19 21
cat_threshold=33603730 1077936128 2 2147483648 1049088 134217728 2418016512 16400 0 2 0 2415919104 0 2097408 0 2097152 134217728 0 2097152 0 2147483648
is_linear=0
shrinkage=0.05


Tree=138
num_leaves=31
num_cat=9
split_feature=17 17 0 17 0 6 0 16 17 5 17 17 6 16 17 5 6 17 8 5 6 6 14 6 5 5 8 3 5 17
split_gain=20385.6 11765.7 4937.01 1911.84 1548.2 2507.86 438.909 396.344 275.64 214.418 278.708 180.596 354.072 302.485 189.056 139.768 135.033 133.285 136.185 131.826 119.263 117.347 111.178 110.203 387.67 100.755 88.6067 84.0584 83.7449 82.8068
threshold=0 1 7.5000000000000009 2 7.5000000000000009 9.5000000000000018 7.5000000000000009 160.08538333333334 3 13.500000000000002 4 5 17.500000000000004 39.940725000000008 6 18.750000000000004 11.500000000000002 7 25.500000000000004 6.2500000000000009 20.500000000000004 20.500000000000004 160.01779166666668 10.500000000000002 13.500000000000002 23.750000000000004 23.500000000000004 14.000000000000002 23.750000000000004 8
decision_type=9 9 2 9 2 2 2 2 9 2 9 9 2 2 9 2 2 9 2 2 2 2 2 2 2 2 2 2 2 9
left_child=2 6 8 4 5 9 -2 11 15 10 -3 12 14 21 -7 -1 -17 18 22 -12 -15 -14 -6 24 -13 -25 -24 -18 -9 -11
right_child=1 3 -4 -5 17 7 -8 28 -10 29 19 23 13 20 -16 16 27 -19 -20 -21 -22 -23 26 25 -26 -27 -28 -29 -30 -31
leaf_value=-0.00063229361061933886 -0.00063229361061933886 2.9292255379598233e-05 0.0002134417293662594 -9.2777668645283032e-05 -0.0015859747258865299 -0.00048257941603635501 1.9152089980956079e-05 -0.00063229361061933886 -0.00063229361061933886 -0.00063991060574082332 0.0004809748895090671 3.7897823795907121e-05 0.065866759326290755 0.12228642777166732 -0.0023520134345052404 -0.00063229361061933886 -0.00063229361061933886 -0.00041791912119668598 0.0029514655378939381 -0.00032606472482084038 1.7740765262042048e-05 -0.0008948120273180927 0.00049373297283468183 -0.00063229361061933886 -0.00063229361061933886 -0.00063229361061933886 -0.0020749243095125715 0.031569316068413227 -0.00063229361061933886 0.19455581404209982
leaf_weight=6978 146 1089 6981 262061 144 1725 13222 6753 21994 111 512 188 313 247 1388 967 3073 13591 309 394 389 297 385 2464 776 674 60 140 1246 244
leaf_count=6978 146 1089 6981 262061 144 1725 13222 6753 21994 111 512 188 313 247 1388 967 3073 13591 309 394 389 297 385 2464 776 674 60 140 1246 244
internal_value=-0.00376468 0.000593707 -0.037283 -0.00148356 -0.0127668 -0.0222329 0.0464569 -0.0291312 -0.0453396 0.0260851 0.0324561 -0.0215873 -0.0143854 0.00810594 -0.023434 -0.0387267 -0.0315311 -0.000486576 0.0180617 0.0114629 0.0322327 -0.0170492 0.00415959 -0.0291342 -0.0144191 -0.0337476 0.0165169 -0.0364613 -0.0371109 -0.00971831
internal_weight=348861 308728 40133 295360 33299 18810 13368 16460 33152 2350 1995 8461 4359 1246 3113 11158 4180 14489 898 906 636 610 589 4102 964 3138 445 3213 7999 355
internal_count=348861 308728 40133 295360 33299 18810 13368 16460 33152 2350 1995 8461 4359 1246 3113 11158 4180 14489 898 906 636 610 589 4102 964 3138 445 3213 7999 355
cat_boundaries=0 3 5 7 10 12 14 16 17 19
cat_threshold=33603730 1077936128 2 2147483648 1049088 134217728 2418016512 16400 0 2 0 2415919104 0 2097408 0 2097152 134217728 0 2147483648
is_linear=0
shrinkage=0.05


Tree=139
num_leaves=31
num_cat=10
split_feature=17 17 0 17 0 6 0 16 17 5 17 17 6 16 17 5 6 5 6 6 6 5 5 6 17 3 5 7 17 17
split_gain=20372.7 11771.8 4937.01 1953.61 1514.6 2511.18 438.909 392.732 275.64 214.418 278.708 177.155 343.343 302.732 189.056 139.768 135.033 131.826 125.874 112.276 110.203 387.67 100.755 99.0054 162.562 84.0584 83.7449 83.7075 143.962 82.8068
threshold=0 1 7.5000000000000009 2 7.5000000000000009 9.5000000000000018 7.5000000000000009 160.08538333333334 3 13.500000000000002 4 5 17.500000000000004 39.940725000000008 6 18.750000000000004 11.500000000000002 6.2500000000000009 20.500000000000004 20.500000000000004 10.500000000000002 13.500000000000002 23.750000000000004 12.500000000000002 7 14.000000000000002 23.750000000000004 4.5000000000000009 8 9
decision_type=9 9 2 9 2 2 2 2 9 2 9 9 2 2 9 2 2 2 2 2 2 2 2 2 9 2 2 2 9 9
left_child=2 6 8 4 5 9 -2 11 15 10 -3 12 14 19 -7 -1 -17 -12 -15 -14 21 -13 -22 -6 -25 -18 -9 -26 -29 -11
right_child=1 3 -4 -5 23 7 -8 26 -10 29 17 20 13 18 -16 16 25 -19 -20 -21 22 -23 -24 24 27 -27 -28 28 -30 -31
leaf_value=-0.00060067893008834976 -0.00060067893008834976 2.7827642610622761e-05 0.00020276964289793755 -8.813878521305441e-05 -0.0017965741642710143 -0.00045845044523451506 1.819448548188163e-05 -0.00060067893008834976 -0.00060067893008834976 -0.000607915075453791 0.00045692614503360933 3.6002932606127305e-05 0.062573421359976233 0.11617210638308394 -0.0022344127627799805 -0.00060067893008834976 -0.00060067893008834976 -0.00030976148857981834 1.6853726998933282e-05 -0.00085007142595219245 -0.00060067893008834976 -0.00060067893008834976 -0.00060067893008834976 0.00046904632419293436 -0.0004601979677524071 0.029990850264992555 -0.00060067893008834976 0.0028443554295106924 -0.00035497843417022781 0.18482802333999482
leaf_weight=6978 146 1089 6981 262061 3356 1725 13222 6753 21994 111 512 188 313 247 1388 967 3073 394 389 297 2464 776 674 671 7918 140 1246 783 1761 244
leaf_count=6978 146 1089 6981 262061 3356 1725 13222 6753 21994 111 512 188 313 247 1388 967 3073 394 389 297 2464 776 674 671 7918 140 1246 783 1761 244
internal_value=-0.00377529 0.000581723 -0.037283 -0.00149609 -0.0129019 -0.0222648 0.0464569 -0.0291677 -0.0453396 0.0260851 0.0324561 -0.0216582 -0.0145228 0.0076244 -0.023434 -0.0387267 -0.0315311 0.0114629 0.031761 -0.017541 -0.0291342 -0.0144191 -0.0337476 -0.000755746 0.00151352 -0.0364613 -0.0371109 -2.86478e-05 0.00786164 -0.00971831
internal_weight=348861 308728 40133 295360 33299 18810 13368 16460 33152 2350 1995 8461 4359 1246 3113 11158 4180 906 636 610 4102 964 3138 14489 11133 3213 7999 10462 2544 355
internal_count=348861 308728 40133 295360 33299 18810 13368 16460 33152 2350 1995 8461 4359 1246 3113 11158 4180 906 636 610 4102 964 3138 14489 11133 3213 7999 10462 2544 355
cat_boundaries=0 3 5 7 10 12 14 16 17 19 21
cat_threshold=33603730 1077936128 2 2147483648 1049088 134217728 2418016512 16400 0 2 0 2415919104 0 2097408 0 2097152 134217728 0 2147483648 0 2147483648
is_linear=0
shrinkage=0.05


Tree=140
num_leaves=31
num_cat=10
split_feature=17 17 0 17 0 6 0 16 17 5 17 17 6 16 17 17 5 6 6 5 6 6 5 5 17 3 5 8 6 17
split_gain=20412.5 11752.9 4937.01 1852.97 1597.02 2573.45 438.909 392.732 275.64 222.651 252.442 177.155 343.343 302.732 189.056 142.025 139.768 135.033 125.874 120.637 112.276 110.203 387.67 100.755 93.4939 84.0584 83.7449 83.1043 96.3117 82.8068
threshold=0 1 7.5000000000000009 2 7.5000000000000009 9.5000000000000018 7.5000000000000009 160.08538333333334 3 13.500000000000002 4 5 17.500000000000004 39.940725000000008 6 7 18.750000000000004 11.500000000000002 20.500000000000004 8.7500000000000018 20.500000000000004 10.500000000000002 13.500000000000002 23.750000000000004 8 14.000000000000002 23.750000000000004 23.500000000000004 11.500000000000002 9
decision_type=9 9 2 9 2 2 2 2 9 2 9 9 2 2 9 9 2 2 2 2 2 2 2 2 9 2 2 2 2 9
left_child=2 6 8 4 5 9 -2 11 16 10 -3 12 14 20 -7 -6 -1 -18 -15 24 -14 22 -13 -23 -12 -19 -9 -17 -29 -11
right_child=1 3 -4 -5 15 7 -8 26 -10 29 19 21 13 18 -16 27 17 25 -20 -21 -22 23 -24 -25 -26 -27 -28 28 -30 -31
leaf_value=-0.00057064498358392333 -0.00057064498358392333 2.6436260480089405e-05 0.00019263116075300958 -8.3731845952428335e-05 0.00044559400798327431 -0.00043552792297276712 1.7284761207747581e-05 -0.00057064498358392333 -0.00057064498358392333 -0.00057751932168108593 0.00043407983778194216 3.4202785975834264e-05 0.059444750291977405 0.11036350106392973 -0.0021226921246409792 -0.0028229955578046532 -0.00057064498358392333 -0.00057064498358392333 1.601104064898884e-05 -0.00029427341415084741 -0.00080756785465458953 -0.00057064498358392333 -0.00057064498358392333 -0.00057064498358392333 0.11695732505275275 0.028491307751742936 -0.00057064498358392333 -0.0017067454560574903 0.00084434705881379917 0.17558662217299512
leaf_weight=6978 146 1089 6981 262061 898 1725 13222 6753 21994 111 297 188 313 247 1388 6590 967 3073 389 358 297 2464 776 674 251 140 1246 1091 5910 244
leaf_count=6978 146 1089 6981 262061 898 1725 13222 6753 21994 111 297 188 313 247 1388 6590 967 3073 389 358 297 2464 776 674 251 140 1246 1091 5910 244
internal_value=-0.00374261 0.000618648 -0.037283 -0.00145749 -0.0125657 -0.0221797 0.0464569 -0.0291677 -0.0453396 0.026766 0.0332581 -0.0216582 -0.0145228 0.0076244 -0.023434 -9.31741e-05 -0.0387267 -0.0315311 0.031761 0.0132096 -0.017541 -0.0291342 -0.0144191 -0.0337476 0.0281022 -0.0364613 -0.0371109 -0.00137122 0.00242108 -0.00971831
internal_weight=348861 308728 40133 295360 33299 18810 13368 16460 33152 2350 1995 8461 4359 1246 3113 14489 11158 4180 636 906 610 4102 964 3138 548 3213 7999 13591 7001 355
internal_count=348861 308728 40133 295360 33299 18810 13368 16460 33152 2350 1995 8461 4359 1246 3113 14489 11158 4180 636 906 610 4102 964 3138 548 3213 7999 13591 7001 355
cat_boundaries=0 3 5 7 10 12 14 16 17 19 21
cat_threshold=33603730 1077936128 2 2147483648 1049088 134217728 2418016512 16400 0 2 0 2415919104 0 2097408 0 2097152 134217728 0 2097152 0 2147483648
is_linear=0
shrinkage=0.05


Tree=141
num_leaves=31
num_cat=10
split_feature=17 17 0 17 0 6 0 17 5 16 5 6 17 16 17 5 6 2 6 17 17 0 6 16 14 8 17 6 17 13
split_gain=20451.2 11734.5 4937.01 1791.22 1700.07 2408.38 438.909 275.64 266.401 194.48 223.963 219.03 394.162 396.423 186.806 139.768 135.033 109.807 108.263 121.435 106.877 132.489 147.711 126.297 105.757 99.3961 198.132 174.88 149.18 143.285
threshold=0 1 7.5000000000000009 2 7.5000000000000009 9.5000000000000018 7.5000000000000009 3 13.500000000000002 160.08538333333334 13.500000000000002 11.500000000000002 4 39.929175000000008 5 18.750000000000004 11.500000000000002 14.000000000000002 12.500000000000002 6 7 32.500000000000007 14.500000000000002 170.08050000000003 599.90458333333345 23.500000000000004 8 17.500000000000004 9 11.500000000000002
decision_type=9 9 2 9 2 2 2 9 2 2 2 2 9 2 9 2 2 2 2 9 9 2 2 2 2 2 9 2 9 2
left_child=2 6 7 4 5 8 -2 15 14 10 11 -7 13 -13 -3 -1 -17 18 -6 -20 21 23 -23 -5 -25 26 -22 29 -29 -28
right_child=1 3 -4 20 17 9 -8 -9 -10 -11 -12 12 -14 -15 -16 16 -18 -19 19 -21 25 22 -24 24 -26 -27 27 28 -30 -31
leaf_value=-0.00054211273440474272 -0.00054211273440474272 2.5114447456076051e-05 0.00018299960271539462 -0.003597536066629914 -0.00052038326298404775 3.2492646677040327e-05 1.6420523147342438e-05 -0.00054211273440474272 -0.00054864335559701161 -0.00054211273440474272 -0.00054211273440474272 -0.00076718946192184674 -0.00054211273440474272 1.521048861654606e-05 0.11110945880011509 -0.00054211273440474272 -0.00054211273440474272 -0.0094102853276854422 0.00042331430758411063 0.000650975585885405 0.10713382938546588 0.21840740768643024 -0.074202665047210556 -0.00057817844647098935 0.011174577906699535 -0.0015532705803434689 0.032249326510412769 0.06673121663159419 -0.017906013661767164 -0.0073444329204061633
leaf_weight=6978 146 1089 6981 8629 1961 267 13222 21994 260 6918 4879 224 576 365 363 967 3213 3362 530 5533 9859 1294 1564 1386 438 168934 36296 2124 19420 19089
leaf_count=6978 146 1089 6981 8629 1961 267 13222 21994 260 6918 4879 224 576 365 363 967 3213 3362 530 5533 9859 1294 1564 1386 438 168934 36296 2124 19420 19089
internal_value=-0.00371079 0.0006546 -0.037283 -0.00141991 -0.0138645 -0.0249615 0.0464569 -0.0453396 0.0308411 -0.0321831 -0.0258358 -0.00844972 -0.0178112 0.0111018 0.0391873 -0.0387267 -0.0315311 0.000685052 0.00386341 0.00716642 -0.000201641 -0.00456798 0.00496851 -0.00717976 -0.0191338 2.58083e-05 0.00140112 0.000545237 -0.00327701 0.00203214
internal_weight=348861 308728 40133 295360 26327 14941 13368 33152 1712 13229 6311 1432 1165 589 1452 11158 4180 11386 8024 6063 269033 13311 2858 10453 1824 255722 86788 76929 21544 55385
internal_count=348861 308728 40133 295360 26327 14941 13368 33152 1712 13229 6311 1432 1165 589 1452 11158 4180 11386 8024 6063 269033 13311 2858 10453 1824 255722 86788 76929 21544 55385
cat_boundaries=0 3 5 7 10 12 14 15 17 19 21
cat_threshold=33603730 1077936128 2 2147483648 1049088 134217728 2415919360 16400 0 2 0 256 0 2415919104 134217728 0 2162688 524352 393216 276824064 17301504
is_linear=0
shrinkage=0.05


Tree=142
num_leaves=31
num_cat=11
split_feature=17 17 0 17 0 6 0 17 5 16 5 6 17 16 17 5 6 17 17 0 16 6 14 8 8 17 17 13 6 17
split_gain=20506.8 11708.1 4937.01 1733.94 1778.98 2408.38 438.909 275.64 266.401 194.48 223.963 219.03 394.162 396.423 186.806 139.768 135.033 124.758 91.1674 122.462 136.494 133.457 103.656 93.2488 89.867 196.076 162.237 105.863 173.146 158.144
threshold=0 1 7.5000000000000009 2 7.5000000000000009 9.5000000000000018 7.5000000000000009 3 13.500000000000002 160.08538333333334 13.500000000000002 11.500000000000002 4 39.929175000000008 5 18.750000000000004 11.500000000000002 6 7 32.500000000000007 160.08538333333334 14.500000000000002 599.90458333333345 25.500000000000004 24.500000000000004 8 9 16.500000000000004 16.500000000000004 10
decision_type=9 9 2 9 2 2 2 9 2 2 2 2 9 2 9 2 2 9 9 2 2 2 2 2 2 9 9 2 2 9
left_child=2 6 7 4 5 8 -2 15 14 10 11 -7 13 -13 -3 -1 -17 -6 19 20 23 -21 -22 -5 25 -20 -26 28 -27 -30
right_child=1 3 -4 18 17 9 -8 -9 -10 -11 -12 12 -14 -15 -16 16 -18 -19 24 21 22 -23 -24 -25 26 27 -28 -29 29 -31
leaf_value=-0.00051500709768452784 -0.00051500709768452784 2.3858725083281131e-05 0.00017384962257960268 -0.025543943115988378 0.00040214859220490953 3.0868014343177209e-05 1.5599496989970873e-05 -0.00051500709768452784 -0.0005212111878171833 -0.00051500709768452784 -0.00051500709768452784 -0.00072882998882577437 -0.00051500709768452784 1.4449964185736519e-05 0.10555398586010933 -0.00051500709768452784 -0.00051500709768452784 -3.0777901258982612e-05 0.07212845086536035 0.20748703730210885 -0.00054926952414744432 -0.070492531794850072 0.010615849011364566 0.00019060808015991526 -0.026183475385179379 0.023682023651503271 -9.6410861748541524e-05 -0.011817182395974868 -0.030441356147208866 0.0043426622092752609
leaf_weight=6978 146 1089 6981 4394 898 267 13222 21994 260 6918 4879 224 576 365 363 967 3213 10488 17223 1294 1510 1564 462 4087 22975 40950 128169 21899 11103 13403
leaf_count=6978 146 1089 6981 4394 898 267 13222 21994 260 6918 4879 224 576 365 363 967 3213 10488 17223 1294 1510 1564 462 4087 22975 40950 128169 21899 11103 13403
internal_value=-0.00366521 0.0007061 -0.037283 -0.00136608 -0.0136101 -0.0249615 0.0464569 -0.0453396 0.0308411 -0.0321831 -0.0258358 -0.00844972 -0.0178112 0.0111018 0.0391873 -0.0387267 -0.0315311 0.00127349 -0.000167445 -0.00420014 -0.00671099 0.00496851 -0.0185598 -0.0039559 4.26227e-05 0.00116946 -0.000737045 0.000207749 0.00121456 -0.00210969
internal_weight=348861 308728 40133 295360 26327 14941 13368 33152 1712 13229 6311 1432 1165 589 1452 11158 4180 11386 269033 13311 10453 2858 1972 8481 255722 104578 151144 87355 65456 24506
internal_count=348861 308728 40133 295360 26327 14941 13368 33152 1712 13229 6311 1432 1165 589 1452 11158 4180 11386 269033 13311 10453 2858 1972 8481 255722 104578 151144 87355 65456 24506
cat_boundaries=0 3 5 7 10 12 14 15 17 19 21 23
cat_threshold=33603730 1077936128 2 2147483648 1049088 134217728 2415919360 16400 0 2 0 256 0 2415919104 134217728 0 2162688 524352 134613120 786496 134348816 620831744 570450009
is_linear=0
shrinkage=0.05


Tree=143
num_leaves=31
num_cat=12
split_feature=17 17 0 17 0 6 0 17 5 16 5 6 17 16 17 5 6 6 17 16 6 17 17 17 6 0 17 17 5 2
split_gain=20545.6 11689.7 4937.01 1778.21 1742.25 2408.38 438.909 275.64 266.401 194.48 223.963 219.03 394.162 396.423 186.806 139.768 135.033 95.0583 264.482 143.806 155.513 201.418 150.027 122.596 106.105 382.715 104.167 92.8828 88.7457 88.6649
threshold=0 1 7.5000000000000009 2 7.5000000000000009 9.5000000000000018 7.5000000000000009 3 13.500000000000002 160.08538333333334 13.500000000000002 11.500000000000002 4 39.929175000000008 5 18.750000000000004 11.500000000000002 20.500000000000004 6 40.049800000000012 21.500000000000004 7 8 9 19.500000000000004 7.5000000000000009 10 11 21.250000000000004 14.000000000000002
decision_type=9 9 2 9 2 2 2 9 2 2 2 2 9 2 9 2 2 2 9 2 2 9 9 9 2 2 9 9 2 2
left_child=2 6 7 4 5 8 -2 15 14 10 11 -7 13 -13 -3 -1 -17 23 -19 20 21 -20 -22 24 -5 29 -27 -21 -11 -26
right_child=1 3 -4 17 -6 9 -8 -9 -10 28 -12 12 -14 -15 -16 16 -18 18 19 27 22 -23 -24 -25 25 26 -28 -29 -30 -31
leaf_value=-0.00048925674280031473 -0.00048925674280031473 2.266578882910153e-05 0.00016515714145057814 0.0048259730026053889 0.00016494152732295932 2.9324613626036111e-05 1.4819522140463449e-05 -0.00048925674280031473 -0.00049515062842631075 -0.00048925674280031473 -0.00048925674280031473 -0.00069238848938448785 -0.00048925674280031473 1.3727465976431931e-05 0.10027628656710386 -0.00048925674280031473 -0.00048925674280031473 -0.0068994229183157348 -0.0025903451567717674 0.0093395725870661257 0.0090883344613482912 0.1762075599557382 -0.05563268067326399 -0.0038737396894010347 0.0062808124487979018 -0.17474688939063565 -0.030975722519841754 0.0019943614176376246 -0.00048925674280031473 -0.048699200035501058
leaf_weight=6978 146 1089 6981 96024 11386 267 13222 21994 260 5716 4879 224 576 365 363 967 3213 8542 1138 1438 921 2182 2354 145201 517 2375 3597 4666 1202 78
leaf_count=6978 146 1089 6981 96024 11386 267 13222 21994 260 5716 4879 224 576 365 363 967 3213 8542 1138 1438 921 2182 2354 145201 517 2375 3597 4666 1202 78
internal_value=-0.0036334 0.000742053 -0.037283 -0.0013285 -0.0137278 -0.0249615 0.0464569 -0.0453396 0.0308411 -0.0321831 -0.0258358 -0.00844972 -0.0178112 0.0111018 0.0391873 -0.0387267 -0.0315311 -0.000114666 0.00309543 0.00766779 0.00255497 0.0101807 -0.00517557 -0.000389843 0.000933227 -0.00521547 -0.00902545 0.0132045 -0.0379734 0.0330252
internal_weight=348861 308728 40133 295360 26327 14941 13368 33152 1712 13229 6311 1432 1165 589 1452 11158 4180 269033 21241 12699 6595 3320 3275 247792 102591 6567 5972 6104 6918 595
internal_count=348861 308728 40133 295360 26327 14941 13368 33152 1712 13229 6311 1432 1165 589 1452 11158 4180 269033 21241 12699 6595 3320 3275 247792 102591 6567 5972 6104 6918 595
cat_boundaries=0 3 5 7 10 12 14 16 19 22 25 28 31
cat_threshold=33603730 1077936128 2 2147483648 1049088 134217728 2415919360 16400 0 2 0 256 0 2415919104 1140925696 237133915 822345792 0 9 814481408 17305632 1 83960832 100956361 1 83951616 16576 1 277086208 537199616 8
is_linear=0
shrinkage=0.05


Tree=144
num_leaves=31
num_cat=11
split_feature=17 17 0 17 0 6 0 17 5 16 5 6 17 16 17 5 6 6 17 6 17 16 6 1 17 17 5 3 17 16
split_gain=20634.7 11666.7 4891.26 1813.66 1718.76 2408.38 438.909 275.64 266.401 194.48 223.963 219.03 394.162 396.423 186.806 139.768 135.033 105.463 98.0848 92.1385 253.032 110.434 106.804 484.905 237.966 224.389 222.37 143.069 224.274 302.947
threshold=0 1 7.5000000000000009 2 7.5000000000000009 9.5000000000000018 7.5000000000000009 3 13.500000000000002 160.08538333333334 13.500000000000002 11.500000000000002 4 39.929175000000008 5 18.750000000000004 11.500000000000002 11.500000000000002 6 20.500000000000004 7 40.03862500000001 19.500000000000004 7.5000000000000009 8 9 21.250000000000004 14.000000000000002 10 180.01105833333335
decision_type=9 9 2 9 2 2 2 9 2 2 2 2 9 2 9 2 2 2 9 2 9 2 2 2 9 9 2 2 9 2
left_child=2 6 7 4 5 8 -2 15 14 10 11 -7 13 -13 -3 -1 -17 -6 -19 22 -21 -22 27 24 26 -25 -24 28 -5 -30
right_child=1 3 -4 19 17 9 -8 -9 -10 -11 -12 12 -14 -15 -16 16 -18 18 -20 20 21 -23 23 25 -26 -27 -28 -29 29 -31
leaf_value=-0.000464793905660299 -0.000464793905660299 2.1532499387655336e-05 0.00015689928437803149 0.0011958812093447514 -0.0018151324669448245 2.7858382944723203e-05 1.407854603341363e-05 -0.000464793905660299 -0.00047039309700500634 -0.000464793905660299 -0.000464793905660299 -0.00065776906491525904 -0.000464793905660299 1.3041092677612554e-05 0.095262472238748688 -0.000464793905660299 -0.000464793905660299 0.00037379408622850718 0.00016776779360654361 -0.0054009773357877044 0.0032037381616159656 0.0036727722805784515 0.012116154405296476 -0.11839007311815269 -0.0079025961088338374 -0.009365670419642225 -0.048528204306277849 0.0039983929101283346 -0.0089850309115100842 -0.0082786410143000037
leaf_weight=6978 146 1089 6981 27187 1759 267 13222 21994 260 6918 4879 224 576 365 363 967 3213 793 8834 9469 5924 5848 995 6610 494 7295 84 174453 27444 3230
leaf_count=6978 146 1089 6981 27187 1759 267 13222 21994 260 6918 4879 224 576 365 363 967 3213 793 8834 9469 5924 5848 995 6610 494 7295 84 174453 27444 3230
internal_value=-0.00359785 0.000787075 -0.0373203 -0.00128144 -0.0138038 -0.0249615 0.0464569 -0.0453396 0.0308411 -0.0321831 -0.0258358 -0.00844972 -0.0178112 0.0111018 0.0391873 -0.0387267 -0.0315311 0.000825575 0.00288252 -5.55673e-05 0.00310484 0.00799525 -0.000326484 -0.00434811 0.0219644 -0.0073247 0.0349403 -5.85415e-05 -0.00221306 -0.00514275
internal_weight=348861 308728 40133 295360 26327 14941 13368 33152 1712 13229 6311 1432 1165 589 1452 11158 4180 11386 9627 269033 21241 11772 247792 15478 1573 13905 1079 232314 57861 30674
internal_count=348861 308728 40133 295360 26327 14941 13368 33152 1712 13229 6311 1432 1165 589 1452 11158 4180 11386 9627 269033 21241 11772 247792 15478 1573 13905 1079 232314 57861 30674
cat_boundaries=0 3 5 7 10 12 14 15 18 20 23 26
cat_threshold=33603730 1077936128 2 2147483648 1049088 134217728 2415919360 16400 0 2 0 256 0 2415919104 134217728 1140925696 237134043 1 17039360 570490880 621875264 620971202 5 26285312 83918041 1
is_linear=0
shrinkage=0.05


Tree=145
num_leaves=31
num_cat=9
split_feature=17 17 0 17 0 6 0 17 5 16 5 6 17 16 17 5 6 17 14 0 16 5 6 17 6 8 3 6 17 5
split_gain=20801 11588.5 4891.26 1844.78 1735.19 2408.38 438.909 275.64 266.401 194.48 223.963 219.03 394.162 396.423 186.806 139.768 135.033 115.041 184.497 203.187 187.349 88.7457 85.8477 85.171 100.851 105.469 84.0584 80.9924 215.022 113.084
threshold=0 1 7.5000000000000009 2 7.5000000000000009 9.5000000000000018 7.5000000000000009 3 13.500000000000002 160.08538333333334 13.500000000000002 11.500000000000002 4 39.929175000000008 5 18.750000000000004 11.500000000000002 6 90.091625000000008 7.5000000000000009 280.17455000000001 21.250000000000004 20.500000000000004 7 12.500000000000002 24.500000000000004 14.000000000000002 20.500000000000004 8 13.500000000000002
decision_type=9 9 2 9 2 2 2 9 2 2 2 2 9 2 9 2 2 9 2 2 2 2 2 9 2 2 2 2 9 2
left_child=2 6 7 4 5 8 -2 15 14 10 11 -7 13 -13 -3 -1 -17 18 19 -5 -20 -11 -15 24 25 -6 -18 29 -29 -19
right_child=1 3 -4 17 23 9 -8 -9 -10 21 -12 12 -14 22 -16 16 26 27 20 -21 -22 -23 -24 -25 -26 -27 -28 28 -30 -31
leaf_value=-0.00044155421037728182 -0.00044155421037728182 2.0455874418257026e-05 0.00014905432015916987 0.0018204527457331922 -0.0014601520289165395 2.6465463797498147e-05 1.3374618731720745e-05 -0.00044155421037728182 -0.00044687344215477154 -0.00044155421037728182 -0.00044155421037728182 -0.00062488061166949833 -0.00044155421037728182 -0.00064815733012282275 0.090499348626811221 -0.00044155421037728182 -0.00044155421037728182 -0.0073110147087373182 8.5812987244970884e-05 0.059456908768620045 8.5812987244970884e-05 -0.00044155421037728182 1.2389038043725266e-05 -4.5874472242513067e-05 0.00035510438191703746 0.0006896293696762257 0.027167300888183199 -0.008878306819030124 0.0029518539683597747 0.00029154010826974995
leaf_weight=6978 146 1089 6981 601 128 267 13222 21994 260 5716 4879 224 576 25 363 967 3073 35938 11612 799 1348 1202 340 10488 671 99 140 6900 14002 197833
leaf_count=6978 146 1089 6981 601 128 267 13222 21994 260 5716 4879 224 576 25 363 967 3073 35938 11612 799 1348 1202 340 10488 671 99 140 6900 14002 197833
internal_value=-0.00346227 0.000940279 -0.0373203 -0.00112131 -0.0137506 -0.0249615 0.0464569 -0.0453396 0.0308411 -0.0321831 -0.0258358 -0.00844972 -0.0178112 0.0111018 0.0391873 -0.0387267 -0.0315311 0.000115037 0.00446764 0.0217143 0.00260802 -0.0379734 0.0434247 0.000948533 0.0156388 -0.0129956 -0.0364613 -0.000130554 0.0028514 -0.000397184
internal_weight=348861 308728 40133 295360 26327 14941 13368 33152 1712 13229 6311 1432 1165 589 1452 11158 4180 269033 14360 1400 12960 6918 365 11386 898 227 3213 254673 20902 233771
internal_count=348861 308728 40133 295360 26327 14941 13368 33152 1712 13229 6311 1432 1165 589 1452 11158 4180 269033 14360 1400 12960 6918 365 11386 898 227 3213 254673 20902 233771
cat_boundaries=0 3 5 7 10 12 14 16 17 19
cat_threshold=33603730 1077936128 2 2147483648 1049088 134217728 2415919360 16400 0 2 0 256 0 2415919104 0 2359296 134217728 1140925696 201351387
is_linear=0
shrinkage=0.05


Tree=146
num_leaves=31
num_cat=8
split_feature=17 17 0 17 0 6 0 17 5 16 5 6 17 16 17 17 5 6 17 14 0 16 5 6 3 5 6 0 5 6
split_gain=20807.6 11586.7 4891.9 1795.18 1789.72 2408.38 438.909 275.111 266.401 194.48 223.963 219.03 394.162 396.423 186.806 147.809 139.19 135.428 114.626 180.382 207.171 187.349 88.7457 85.8477 81.0546 75.4286 72.3759 94.693 136.256 118.255
threshold=0 1 7.5000000000000009 2 7.5000000000000009 9.5000000000000018 7.5000000000000009 3 13.500000000000002 160.08538333333334 13.500000000000002 11.500000000000002 4 39.929175000000008 5 6 18.750000000000004 11.500000000000002 7 90.091625000000008 7.5000000000000009 280.17455000000001 21.250000000000004 20.500000000000004 14.000000000000002 23.750000000000004 12.500000000000002 7.5000000000000009 21.250000000000004 17.500000000000004
decision_type=9 9 2 9 2 2 2 9 2 2 2 2 9 2 9 9 2 2 9 2 2 2 2 2 2 2 2 2 2 2
left_child=2 6 7 4 5 8 -2 16 14 10 11 -7 13 -13 -3 -6 -1 -18 19 20 -5 26 -11 -15 -19 -12 -21 28 29 -28
right_child=1 3 -4 18 15 9 -8 -9 -10 22 25 12 -14 23 -16 -17 17 24 -20 21 -22 -23 -24 -25 -26 -27 27 -29 -30 -31
leaf_value=-0.00041947649985840663 -0.00041947649985840663 1.9433080697339736e-05 0.00014160160415119805 0.0017294301084465503 0.00033734916282117671 2.51421906076299e-05 1.2705887795139149e-05 -0.00041947649985840663 -0.00042452977004705519 -0.00041947649985840663 -0.00041947649985840663 -0.00059363658108604336 -0.00041947649985840663 -0.00061574946361666607 0.085974381195470698 -4.358074863040074e-05 -0.00041947649985840663 -0.00041947649985840663 -0.00027761905385572663 -0.0083576771901832103 0.05648406333018903 8.152233788272234e-05 -0.00041947649985840663 1.1769586141552324e-05 0.025808935843773997 -0.00041947649985840663 0.00081972555683518245 0.0094884598782781996 -0.13846571857020384 -0.00089935602507336127
leaf_weight=6978 146 1089 6981 601 898 267 13222 21994 260 5716 3632 224 576 25 363 10488 967 3073 254673 3479 799 1348 1202 340 140 1247 683 6508 633 309
leaf_count=6978 146 1089 6981 601 898 267 13222 21994 260 5716 3632 224 576 25 363 10488 967 3073 254673 3479 799 1348 1202 340 140 1247 683 6508 633 309
internal_value=-0.0034594 0.000943842 -0.0373228 -0.00111758 -0.013576 -0.0249615 0.0464569 -0.0453427 0.0308411 -0.0321831 -0.0258358 -0.00844972 -0.0178112 0.0111018 0.0391873 0.00135254 -0.0387357 -0.031555 0.000102028 0.00444676 0.0215 0.00260802 -0.0379734 0.0434247 -0.0364924 -0.0309387 0.000559766 0.00314152 0.0139385 0.025504
internal_weight=348861 308728 40133 295360 26327 14941 13368 33152 1712 13229 6311 1432 1165 589 1452 11386 11158 4180 269033 14360 1400 12960 6918 365 3213 4879 11612 8133 1625 992
internal_count=348861 308728 40133 295360 26327 14941 13368 33152 1712 13229 6311 1432 1165 589 1452 11386 11158 4180 269033 14360 1400 12960 6918 365 3213 4879 11612 8133 1625 992
cat_boundaries=0 3 5 7 10 12 14 15 17
cat_threshold=33603730 1077936128 2 2147483648 1049088 134217728 2415919360 16400 0 2 0 256 0 2415919104 134217728 0 2359296
is_linear=0
shrinkage=0.05


Tree=147
num_leaves=31
num_cat=8
split_feature=17 17 0 17 0 6 0 17 5 16 5 6 17 16 17 17 5 6 17 14 0 16 5 6 3 5 6 0 5 6
split_gain=20824.5 11578.8 4891.9 1793.3 1796.89 2408.38 438.909 275.111 266.401 194.48 223.963 219.03 394.162 396.423 186.806 147.006 139.19 135.428 113.803 177.372 209.849 187.022 88.7457 85.8477 81.0546 75.4286 71.4134 95.7755 134.81 118.255
threshold=0 1 7.5000000000000009 2 7.5000000000000009 9.5000000000000018 7.5000000000000009 3 13.500000000000002 160.08538333333334 13.500000000000002 11.500000000000002 4 39.929175000000008 5 6 18.750000000000004 11.500000000000002 7 90.091625000000008 7.5000000000000009 280.17455000000001 21.250000000000004 20.500000000000004 14.000000000000002 23.750000000000004 12.500000000000002 7.5000000000000009 21.250000000000004 17.500000000000004
decision_type=9 9 2 9 2 2 2 9 2 2 2 2 9 2 9 9 2 2 9 2 2 2 2 2 2 2 2 2 2 2
left_child=2 6 7 4 5 8 -2 16 14 10 11 -7 13 -13 -3 -6 -1 -18 19 20 -5 26 -11 -15 -19 -12 -21 28 29 -28
right_child=1 3 -4 18 15 9 -8 -9 -10 22 25 12 -14 23 -16 -17 17 24 -20 21 -22 -23 -24 -25 -26 -27 27 -29 -30 -31
leaf_value=-0.00039850267486549743 -0.00039850267486549743 1.8461426662463865e-05 0.00013452152394366479 0.0016429586030242138 0.00032048170468010898 2.3885081077246187e-05 1.2070593405422159e-05 -0.00039850267486549743 -0.00040330328154469797 -0.00039850267486549743 -0.00039850267486549743 -0.00056395475203174783 -0.00039850267486549743 -0.00058496199043585057 0.0816756621356972 -4.1401711198840731e-05 -0.00039850267486549743 -0.00039850267486549743 -0.00026373810116293584 -0.0079397933306740495 0.053659860163679608 7.7446220988575126e-05 -0.00039850267486549743 1.1181106834490251e-05 0.024518489051585313 -0.00039850267486549743 0.00077873927899343445 0.0090140368843641735 -0.13154243264169363 -0.00085438822381971318
leaf_weight=6978 146 1089 6981 601 898 267 13222 21994 260 5716 3632 224 576 25 363 10488 967 3073 254673 3479 799 1348 1202 340 140 1247 683 6508 633 309
leaf_count=6978 146 1089 6981 601 898 267 13222 21994 260 5716 3632 224 576 25 363 10488 967 3073 254673 3479 799 1348 1202 340 140 1247 683 6508 633 309
internal_value=-0.00344564 0.00095939 -0.0373228 -0.00110133 -0.0135532 -0.0249615 0.0464569 -0.0453427 0.0308411 -0.0321831 -0.0258358 -0.00844972 -0.0178112 0.0111018 0.0391873 0.00140523 -0.0387357 -0.031555 0.000117639 0.00444676 0.0213571 0.00262346 -0.0379734 0.0434247 -0.0364924 -0.0309387 0.000576989 0.00314152 0.014 0.025504
internal_weight=348861 308728 40133 295360 26327 14941 13368 33152 1712 13229 6311 1432 1165 589 1452 11386 11158 4180 269033 14360 1400 12960 6918 365 3213 4879 11612 8133 1625 992
internal_count=348861 308728 40133 295360 26327 14941 13368 33152 1712 13229 6311 1432 1165 589 1452 11386 11158 4180 269033 14360 1400 12960 6918 365 3213 4879 11612 8133 1625 992
cat_boundaries=0 3 5 7 10 12 14 15 17
cat_threshold=33603730 1077936128 2 2147483648 1049088 134217728 2415919360 16400 0 2 0 256 0 2415919104 134217728 0 2359296
is_linear=0
shrinkage=0.05


Tree=148
num_leaves=31
num_cat=8
split_feature=17 17 0 17 0 6 0 17 5 16 5 6 17 16 17 5 6 17 17 14 0 16 5 6 3 5 6 0 5 6
split_gain=20836 11574.7 4888.86 1805.6 1786.14 2408.38 438.909 275.111 266.401 194.48 223.963 219.03 394.162 396.423 186.806 139.19 135.428 124.02 112.412 176.168 211.194 187.185 88.7457 85.8477 81.0546 75.4286 70.5263 96.2098 134.81 118.255
threshold=0 1 7.5000000000000009 2 7.5000000000000009 9.5000000000000018 7.5000000000000009 3 13.500000000000002 160.08538333333334 13.500000000000002 11.500000000000002 4 39.929175000000008 5 18.750000000000004 11.500000000000002 6 7 90.091625000000008 7.5000000000000009 280.17455000000001 21.250000000000004 20.500000000000004 14.000000000000002 23.750000000000004 12.500000000000002 7.5000000000000009 21.250000000000004 17.500000000000004
decision_type=9 9 2 9 2 2 2 9 2 2 2 2 9 2 9 2 2 9 9 2 2 2 2 2 2 2 2 2 2 2
left_child=2 6 7 4 5 8 -2 15 14 10 11 -7 13 -13 -3 -1 -17 -6 19 20 -5 26 -11 -15 -18 -12 -21 28 29 -28
right_child=1 3 -4 18 17 9 -8 -9 -10 22 25 12 -14 23 -16 16 24 -19 -20 21 -22 -23 -24 -25 -26 -27 27 -29 -30 -31
leaf_value=-0.00037857754112220477 -0.00037857754112220477 1.7538355329360655e-05 0.00012779544774650377 0.0015608106728730144 0.00030445761944610796 2.2690827023374996e-05 1.1467063735182138e-05 -0.00037857754112220477 -0.00038313811746748527 -0.00037857754112220477 -0.00037857754112220477 -0.0005357570144301605 -0.00037857754112220477 -0.00055571389091406691 0.077591879028912292 -0.00037857754112220477 -0.00037857754112220477 -3.9331625638894255e-05 -0.00025055119610479793 -0.0075428036641403302 0.050976867155495591 7.3573909939161911e-05 -0.00037857754112220477 1.0622051492781282e-05 0.023292564599006041 -0.00037857754112220477 0.00073980231504378047 0.0085633350401458589 -0.12496531100960895 -0.0008116688126287297
leaf_weight=6978 146 1089 6981 601 898 267 13222 21994 260 5716 3632 224 576 25 363 967 3073 10488 254673 3479 799 1348 1202 340 140 1247 683 6508 633 309
leaf_count=6978 146 1089 6981 601 898 267 13222 21994 260 5716 3632 224 576 25 363 967 3073 10488 254673 3479 799 1348 1202 340 140 1247 683 6508 633 309
internal_value=-0.00343876 0.000967487 -0.0373253 -0.00109287 -0.0135873 -0.0249615 0.0464569 -0.0453427 0.0308411 -0.0321831 -0.0258358 -0.00844972 -0.0178112 0.0111018 0.0391873 -0.0387357 -0.031555 0.00132619 0.000130277 0.00443285 0.0212857 0.00261574 -0.0379734 0.0434247 -0.0364924 -0.0309387 0.000568378 0.00311693 0.014 0.025504
internal_weight=348861 308728 40133 295360 26327 14941 13368 33152 1712 13229 6311 1432 1165 589 1452 11158 4180 11386 269033 14360 1400 12960 6918 365 3213 4879 11612 8133 1625 992
internal_count=348861 308728 40133 295360 26327 14941 13368 33152 1712 13229 6311 1432 1165 589 1452 11158 4180 11386 269033 14360 1400 12960 6918 365 3213 4879 11612 8133 1625 992
cat_boundaries=0 3 5 7 10 12 14 15 17
cat_threshold=33603730 1077936128 2 2147483648 1049088 134217728 2415919360 16400 0 2 0 256 0 2415919104 134217728 0 2359296
is_linear=0
shrinkage=0.05


Tree=149
num_leaves=31
num_cat=9
split_feature=17 17 0 17 0 6 0 17 5 16 5 6 17 16 17 5 6 5 2 17 5 6 17 14 17 16 5 6 3 14
split_gain=20809 11593.7 4873.66 1828.44 1749.33 2408.38 438.909 275.111 266.401 194.48 223.963 219.03 394.162 396.423 186.806 139.19 135.428 88.7457 87.3272 86.2279 199.162 103.862 86.0248 115.053 251.603 135.134 105.312 85.8477 81.0546 78.6045
threshold=0 1 7.5000000000000009 2 7.5000000000000009 9.5000000000000018 7.5000000000000009 3 13.500000000000002 160.08538333333334 13.500000000000002 11.500000000000002 4 39.929175000000008 5 18.750000000000004 11.500000000000002 21.250000000000004 14.000000000000002 6 23.750000000000004 11.500000000000002 7 100.08436666666668 8 280.17455000000001 12.750000000000002 20.500000000000004 14.000000000000002 559.9271500000001
decision_type=9 9 2 9 2 2 2 9 2 2 2 2 9 2 9 2 2 2 2 9 2 2 9 2 9 2 2 2 2 2
left_child=2 6 7 4 5 8 -2 15 14 10 11 -7 13 -13 -3 -1 -17 -11 19 20 -6 -21 23 24 26 -25 -5 -15 -18 -22
right_child=1 3 -4 22 18 9 -8 -9 -10 17 -12 12 -14 27 -16 16 28 -19 -20 21 29 -23 -24 25 -26 -27 -28 -29 -30 -31
leaf_value=-0.00035964866406610344 -0.00035964866406610344 1.6661437562870419e-05 0.00012140567535920966 0.0014827701392293503 0.018428151889642041 2.1556285672197362e-05 1.0893710548387503e-05 -0.00035964866406610344 -0.00036398121159413326 -0.00035964866406610344 -0.00035964866406610344 -0.00050896916370866128 -0.00035964866406610344 -0.00052792819636837685 0.073712285077466702 -0.00035964866406610344 -0.00035964866406610344 -0.00035964866406610344 -0.0089463582043991519 -0.0023812236422537936 -0.031155620459597612 0.0006300167358048725 -0.00048320580422553941 0.00022349173987308292 0.040720895915651312 6.9895214442183826e-05 0.070433852111552661 1.0090948918151101e-05 0.022127936369055769 0.042567796716862463
leaf_weight=6978 146 1089 6981 567 1642 267 13222 21994 260 5716 4879 224 576 25 363 967 3073 1202 3362 573 578 4996 240983 21755 3577 1901 250 340 140 235
leaf_count=6978 146 1089 6981 567 1642 267 13222 21994 260 5716 4879 224 576 25 363 967 3073 1202 3362 573 578 4996 240983 21755 3577 1901 250 340 140 235
internal_value=-0.00347316 0.000930239 -0.0373378 -0.0011318 -0.0137051 -0.0249615 0.0464569 -0.0453427 0.0308411 -0.0321831 -0.0258358 -0.00844972 -0.0178112 0.0111018 0.0391873 -0.0387357 -0.031555 -0.0379734 0.00105393 0.00388833 -0.00391481 0.0073221 9.90548e-05 0.00271917 0.0101502 0.00134004 0.035006 0.0434247 -0.0364924 -0.0241697
internal_weight=348861 308728 40133 295360 26327 14941 13368 33152 1712 13229 6311 1432 1165 589 1452 11158 4180 6918 11386 8024 2455 5569 269033 28050 4394 23656 817 365 3213 813
internal_count=348861 308728 40133 295360 26327 14941 13368 33152 1712 13229 6311 1432 1165 589 1452 11158 4180 6918 11386 8024 2455 5569 269033 28050 4394 23656 817 365 3213 813
cat_boundaries=0 3 5 7 10 12 14 16 18 20
cat_threshold=33603730 1077936128 2 2147483648 1049088 134217728 2415919360 16400 0 2 0 256 0 2415919104 0 256 0 2377728 0 2097152
is_linear=0
shrinkage=0.05


Tree=150
num_leaves=31
num_cat=9
split_feature=17 17 0 17 0 6 0 17 5 16 5 6 17 16 17 5 6 6 17 5 6 17 16 14 17 5 3 5 14 5
split_gain=20810.8 11592.8 4873.66 1848.87 1728.13 2408.38 438.909 275.111 266.401 194.48 223.963 219.03 394.162 396.423 186.806 139.19 135.428 105.021 140.182 88.7457 85.8477 83.8423 111.367 104.713 230.758 194.429 81.0546 75.4286 75.2134 94.9496
threshold=0 1 7.5000000000000009 2 7.5000000000000009 9.5000000000000018 7.5000000000000009 3 13.500000000000002 160.08538333333334 13.500000000000002 11.500000000000002 4 39.929175000000008 5 18.750000000000004 11.500000000000002 12.500000000000002 6 21.250000000000004 20.500000000000004 7 280.17455000000001 119.940425 8 12.750000000000002 14.000000000000002 23.750000000000004 789.82953333333342 6.2500000000000009
decision_type=9 9 2 9 2 2 2 9 2 2 2 2 9 2 9 2 2 2 9 2 2 9 2 2 9 2 2 2 2 2
left_child=2 6 7 4 5 8 -2 15 14 10 11 -7 13 -13 -3 -1 -17 -6 -19 -11 -15 22 23 24 25 -5 -18 -12 29 -23
right_child=1 3 -4 21 17 9 -8 -9 -10 19 27 12 -14 20 -16 16 26 18 -20 -21 -22 28 -24 -25 -26 -27 -28 -29 -30 -31
leaf_value=-0.00034166623086280269 -0.00034166623086280269 1.5828365684722458e-05 0.00011533539159120921 0.0014086316322678982 -0.0017948535654756627 2.0478471388596376e-05 1.0349025020950364e-05 -0.00034166623086280269 -0.00034578215101443988 -0.00034166623086280269 -0.00034166623086280269 -0.00048352070552324381 -0.00034166623086280269 -0.00050153178654994697 0.070026670823593401 -0.00034166623086280269 -0.00034166623086280269 0.00025773390168355449 0.00031542945753075817 -0.00034166623086280269 9.5864014722391043e-06 -0.008656986703016312 6.6400453720083519e-05 5.1125430359766361e-05 0.0029264857810634482 0.0040494929467268298 0.021021539550602954 -0.00034166623086280269 0.0048428248211376708 -0.00084992390746096991
leaf_weight=6978 146 1089 6981 610 2659 267 13222 21994 260 5716 3632 224 576 25 363 967 3073 671 8056 1202 340 12173 2418 25843 5996 353 140 1247 13890 207750
leaf_count=6978 146 1089 6981 610 2659 267 13222 21994 260 5716 3632 224 576 25 363 967 3073 671 8056 1202 340 12173 2418 25843 5996 353 140 1247 13890 207750
internal_value=-0.00347173 0.000931858 -0.0373378 -0.00113011 -0.0137734 -0.0249615 0.0464569 -0.0453427 0.0308411 -0.0321831 -0.0258358 -0.00844972 -0.0178112 0.0111018 0.0391873 -0.0387357 -0.031555 0.000895837 0.00354646 -0.0379734 0.0434247 0.000107604 0.00238149 0.0016188 0.0070628 0.0296506 -0.0364924 -0.0309387 -0.000235007 -0.000460388
internal_weight=348861 308728 40133 295360 26327 14941 13368 33152 1712 13229 6311 1432 1165 589 1452 11158 4180 11386 8727 6918 365 269033 35220 32802 6959 963 3213 4879 233813 219923
internal_count=348861 308728 40133 295360 26327 14941 13368 33152 1712 13229 6311 1432 1165 589 1452 11158 4180 11386 8727 6918 365 269033 35220 32802 6959 963 3213 4879 233813 219923
cat_boundaries=0 3 5 7 10 12 14 15 17 19
cat_threshold=33603730 1077936128 2 2147483648 1049088 134217728 2415919360 16400 0 2 0 256 0 2415919104 134217728 16777216 2377728 0 2097152
is_linear=0
shrinkage=0.05


Tree=151
num_leaves=31
num_cat=12
split_feature=17 17 0 17 0 6 0 17 5 16 5 6 17 16 17 17 5 6 5 6 16 17 5 17 17 6 17 6 17 0
split_gain=20840.4 11579 4873.66 1795.39 1794.5 2408.38 438.909 275.111 266.401 194.48 223.963 219.03 394.162 396.423 186.806 148.957 139.19 135.428 88.7457 85.8477 81.6882 186.288 109.662 206 135.98 88.275 84.8604 104.992 184.584 88.2222
threshold=0 1 7.5000000000000009 2 7.5000000000000009 9.5000000000000018 7.5000000000000009 3 13.500000000000002 160.08538333333334 13.500000000000002 11.500000000000002 4 39.929175000000008 5 6 18.750000000000004 11.500000000000002 21.250000000000004 20.500000000000004 69.94076666666669 7 21.250000000000004 8 9 21.500000000000004 10 8.5000000000000018 11 37.500000000000007
decision_type=9 9 2 9 2 2 2 9 2 2 2 2 9 2 9 9 2 2 2 2 2 9 2 9 9 2 9 2 9 2
left_child=2 6 7 4 5 8 -2 16 14 10 11 -7 13 -13 -3 -6 -1 -18 -11 -15 26 22 24 -24 -22 -26 29 28 -28 -5
right_child=1 3 -4 20 15 9 -8 -9 -10 18 -12 12 -14 19 -16 -17 17 -19 -20 -21 21 -23 23 -25 25 -27 27 -29 -30 -31
leaf_value=-0.00032458291931964923 -0.00032458291931964923 1.5036947400481894e-05 0.00010956862201165763 0.0034702564186345208 0.00024484720659936345 1.9454547819153234e-05 9.8315737698584375e-06 -0.00032458291931964923 -0.00032849304346371788 -0.00032458291931964923 -0.00032458291931964923 -0.00045934467024708606 -0.00032458291931964923 -0.00047645519722245845 0.066525337282413763 -7.060334485773368e-05 -0.00032458291931964923 -0.00032458291931964923 -0.00032458291931964923 9.1070813986071652e-06 0.0018480650464866245 -0.0010042383339149198 -0.071562608859670182 0.023321742867344498 0.0068874018182444102 0.0042352745845992915 0.015437694039754569 -0.0055530635791499307 -0.045320596266013174 -0.018750375067714844
leaf_weight=6978 146 1089 6981 45120 898 267 13222 21994 260 5716 4879 224 576 25 363 10488 967 3213 1202 340 5714 47499 2935 16865 17360 1632 981 101290 2507 27130
leaf_count=6978 146 1089 6981 45120 898 267 13222 21994 260 5716 4879 224 576 25 363 10488 967 3213 1202 340 5714 47499 2935 16865 17360 1632 981 101290 2507 27130
internal_value=-0.00344765 0.000959066 -0.0373378 -0.00110167 -0.0135608 -0.0249615 0.0464569 -0.0453427 0.0308411 -0.0321831 -0.0258358 -0.00844972 -0.0178112 0.0111018 0.0391873 0.00138767 -0.0387357 -0.031555 -0.0379734 0.0434247 0.000118011 0.00132656 0.00365037 0.000878788 0.00587307 0.00383118 -0.000510089 -0.00141906 -0.00994839 0.000808193
internal_weight=348861 308728 40133 295360 26327 14941 13368 33152 1712 13229 6311 1432 1165 589 1452 11386 11158 4180 6918 365 269033 92005 44506 19800 24706 18992 177028 104778 3488 72250
internal_count=348861 308728 40133 295360 26327 14941 13368 33152 1712 13229 6311 1432 1165 589 1452 11386 11158 4180 6918 365 269033 92005 44506 19800 24706 18992 177028 104778 3488 72250
cat_boundaries=0 3 5 7 10 12 14 15 18 20 22 25 27
cat_threshold=33603730 1077936128 2 2147483648 1049088 134217728 2415919360 16400 0 2 0 256 0 2415919104 134217728 881930240 52714624 8 0 2098176 67108864 2098176 17040384 70150217 5 1073750084 553648144
is_linear=0
shrinkage=0.05


Tree=152
num_leaves=31
num_cat=10
split_feature=17 17 0 17 0 6 0 17 5 16 5 6 17 16 17 17 5 6 5 6 3 6 17 7 5 2 15 6 17 17
split_gain=20715.1 11637.7 4873.66 1757.57 1798.09 2408.38 438.909 275.111 266.401 194.48 223.963 219.03 394.162 396.423 186.806 148.554 139.19 135.428 88.7457 85.8477 81.0546 75.9581 99.2802 78.7147 75.4286 74.0777 70.0914 69.0489 209.191 101.811
threshold=0 1 7.5000000000000009 2 7.5000000000000009 9.5000000000000018 7.5000000000000009 3 13.500000000000002 160.08538333333334 13.500000000000002 11.500000000000002 4 39.929175000000008 5 6 18.750000000000004 11.500000000000002 21.250000000000004 20.500000000000004 14.000000000000002 17.500000000000004 7 4.5000000000000009 23.750000000000004 102.50000000000001 65.000000000000014 20.500000000000004 8 9
decision_type=9 9 2 9 2 2 2 9 2 2 2 2 9 2 9 9 2 2 2 2 2 2 9 2 2 2 2 2 9 9
left_child=2 6 7 4 5 8 -2 16 14 10 11 -7 13 -13 -3 -6 -1 -18 -11 -15 -19 22 -17 -23 -12 26 27 -5 -29 -30
right_child=1 3 -4 25 15 9 -8 -9 -10 18 24 12 -14 19 -16 21 17 20 -20 -21 -22 23 -24 -25 -26 -27 -28 28 29 -31
leaf_value=-0.00030835377335365345 -0.00030835377335365345 1.4285100030475563e-05 0.00010409019091106586 -0.00065411746780998927 0.00023260484626943525 1.8481820428206676e-05 9.3399950813477517e-06 -0.00030835377335365345 -0.00031206839129054313 -0.00030835377335365345 -0.00030835377335365345 -0.0004363774367347251 -0.00030835377335365345 -0.00045263243736135553 0.063199070418293077 9.0283961652559697e-05 -0.00030835377335365345 -0.00030835377335365345 -0.00030835377335365345 8.6517273286901283e-06 0.019986691719038774 0.00011686453897192807 -0.02828259031660867 0.0037643225656947446 -0.00030835377335365345 0.45011514910035544 0.097903719430995656 -0.00546080794661199 0.011482114124016807 0.0019029749417996734
leaf_weight=6978 146 1089 6981 244338 898 267 13222 21994 260 5716 3632 224 576 25 363 4062 967 3073 1202 340 140 3115 2219 1092 1247 1135 2699 9036 1639 10186
leaf_count=6978 146 1089 6981 244338 898 267 13222 21994 260 5716 3632 224 576 25 363 4062 967 3073 1202 340 140 3115 2219 1092 1247 1135 2699 9036 1639 10186
internal_value=-0.00354969 0.000843757 -0.0373378 -0.0012222 -0.0135494 -0.0249615 0.0464569 -0.0453427 0.0308411 -0.0321831 -0.0258358 -0.00844972 -0.0178112 0.0111018 0.0391873 0.00141402 -0.0387357 -0.031555 -0.0379734 0.0434247 -0.0364924 -0.000266717 -0.0037494 0.00493226 -0.0309387 -1.5425e-05 -6.94294e-05 -0.000151019 0.00261013 0.00698352
internal_weight=348861 308728 40133 295360 26327 14941 13368 33152 1712 13229 6311 1432 1165 589 1452 11386 11158 4180 6918 365 3213 10488 6281 4207 4879 269033 267898 265199 20861 11825
internal_count=348861 308728 40133 295360 26327 14941 13368 33152 1712 13229 6311 1432 1165 589 1452 11386 11158 4180 6918 365 3213 10488 6281 4207 4879 269033 267898 265199 20861 11825
cat_boundaries=0 3 5 7 10 12 14 15 17 19 21
cat_threshold=33603730 1077936128 2 2147483648 1049088 134217728 2415919360 16400 0 2 0 256 0 2415919104 134217728 0 2415919104 1073816832 237396187 277610496 537465856
is_linear=0
shrinkage=0.05


Tree=153
num_leaves=31
num_cat=10
split_feature=17 17 0 17 0 6 0 17 5 16 5 6 17 16 17 17 5 6 5 6 3 5 16 17 3 5 17 17 16 14
split_gain=20841.4 11587.4 4852.42 1752.38 1836.62 2408.38 438.909 275.111 266.401 194.48 223.963 219.03 394.162 396.423 186.806 144.281 139.19 135.428 88.7457 85.8477 81.0546 75.4286 70.9077 155.254 90.4017 91.6827 141.046 126.171 92.0337 74.6612
threshold=0 1 7.5000000000000009 2 7.5000000000000009 9.5000000000000018 7.5000000000000009 3 13.500000000000002 160.08538333333334 13.500000000000002 11.500000000000002 4 39.929175000000008 5 6 18.750000000000004 11.500000000000002 21.250000000000004 20.500000000000004 14.000000000000002 23.750000000000004 79.962241666666685 7 52.500000000000007 21.250000000000004 8 9 290.00223333333338 580.11530000000005
decision_type=9 9 2 9 2 2 2 9 2 2 2 2 9 2 9 9 2 2 2 2 2 2 2 9 2 2 9 9 2 2
left_child=2 6 7 4 5 8 -2 16 14 10 11 -7 13 -13 -3 -6 -1 -18 -11 -15 -19 -12 -5 24 25 26 28 -27 -24 -30
right_child=1 3 -4 22 15 9 -8 -9 -10 18 21 12 -14 19 -16 -17 17 20 -20 -21 -22 -23 23 -25 -26 27 -28 -29 29 -31
leaf_value=-0.00029293608468599074 -0.00029293608468599074 1.35708450289318e-05 9.8885681365512568e-05 -0.0016308216146248 0.00022097460395595903 1.7557729406814104e-05 8.8729953272803638e-06 -0.00029293608468599074 -0.00029646497172599597 -0.00029293608468599074 -0.00029293608468599074 -0.00041455856489798216 -0.00029293608468599074 -0.00043000081549329219 0.060039116897378446 3.9669663900454566e-06 -0.00029293608468599074 -0.00029293608468599074 -0.00029293608468599074 8.2191409622733858e-06 0.018987357133086837 -0.00029293608468599074 0.003325363362569389 -0.00079852174726020581 0.14239340169769185 -0.065229210964369871 0.0022350429616514234 0.013598832912456161 3.3830521002364833e-06 0.012799388316131212
leaf_weight=6978 146 1089 6981 188143 898 267 13222 21994 260 5716 3632 224 576 25 363 10488 967 3073 1202 340 140 1247 5792 41306 6475 3531 12887 9711 699 489
leaf_count=6978 146 1089 6981 188143 898 267 13222 21994 260 5716 3632 224 576 25 363 10488 967 3073 1202 340 140 1247 5792 41306 6475 3531 12887 9711 699 489
internal_value=-0.00346427 0.000942547 -0.0373552 -0.00111894 -0.0134279 -0.0249615 0.0464569 -0.0453427 0.0308411 -0.0321831 -0.0258358 -0.00844972 -0.0178112 0.0111018 0.0391873 0.00169506 -0.0387357 -0.031555 -0.0379734 0.0434247 -0.0364924 -0.0309387 8.60457e-05 0.00132402 0.00356115 0.00250536 0.00465345 -0.000717414 0.010372 0.023064
internal_weight=348861 308728 40133 295360 26327 14941 13368 33152 1712 13229 6311 1432 1165 589 1452 11386 11158 4180 6918 365 3213 4879 269033 80890 39584 33109 19867 13242 6980 1188
internal_count=348861 308728 40133 295360 26327 14941 13368 33152 1712 13229 6311 1432 1165 589 1452 11386 11158 4180 6918 365 3213 4879 269033 80890 39584 33109 19867 13242 6980 1188
cat_boundaries=0 3 5 7 10 12 14 15 18 20 22
cat_threshold=33603730 1077936128 2 2147483648 1049088 134217728 2415919360 16400 0 2 0 256 0 2415919104 134217728 881930240 52710552 8 68157440 2100224 67117056 2100224
is_linear=0
shrinkage=0.05


Tree=154
num_leaves=31
num_cat=9
split_feature=17 17 0 17 0 6 0 17 5 16 5 6 17 16 17 5 6 17 5 6 3 5 3 17 8 6 8 17 8 6
split_gain=20816.7 11598.9 4852.42 1761.86 1818.51 2408.38 438.909 275.111 266.401 194.48 223.963 219.03 394.162 396.423 186.806 139.19 135.428 122.25 88.7457 85.8477 81.0546 75.4286 70.5668 68.5812 65.5411 69.7745 76.7667 64.8071 175.104 111.097
threshold=0 1 7.5000000000000009 2 7.5000000000000009 9.5000000000000018 7.5000000000000009 3 13.500000000000002 160.08538333333334 13.500000000000002 11.500000000000002 4 39.929175000000008 5 18.750000000000004 11.500000000000002 6 21.250000000000004 20.500000000000004 14.000000000000002 23.750000000000004 142.50000000000003 7 25.500000000000004 11.500000000000002 23.500000000000004 8 24.500000000000004 17.500000000000004
decision_type=9 9 2 9 2 2 2 9 2 2 2 2 9 2 9 2 2 9 2 2 2 2 2 9 2 2 2 9 2 2
left_child=2 6 7 4 5 8 -2 15 14 10 11 -7 13 -13 -3 -1 -17 24 -11 -15 -18 -12 -5 -10 25 -6 -27 28 29 -4
right_child=1 3 27 22 17 9 -8 -9 23 18 21 12 -14 19 -16 16 20 -19 -20 -21 -22 -23 -24 -25 -26 26 -28 -29 -30 -31
leaf_value=-0.00027828928045168236 -0.00027828928045168236 1.2892302777478549e-05 0.00015469521864659442 3.2138994952468637e-06 -0.0022073411147085055 1.6679842936451194e-05 8.4293455609341105e-06 -0.00027828928045168236 0.092225122533899306 -0.00027828928045168236 -0.00027828928045168236 -0.00039383063665310303 -0.00027828928045168236 -0.00040850077471863425 0.057037161052509514 -0.00027828928045168236 -0.00027828928045168236 3.7686180704987748e-06 -0.00027828928045168236 7.8081839141486153e-06 0.018037989276432499 -0.00027828928045168236 1.5167615773981127 -0.00028164172313971392 0.0029933162158499727 0.00020992587375818773 -0.0022302985444715875 -0.0002367163134611161 0.0056982924194764811 -0.0030384744512845785
leaf_weight=6978 146 1089 361 268843 57 267 13222 21994 149 5716 3632 224 576 25 363 967 3073 10488 1202 340 140 1247 190 111 309 450 82 6115 296 209
leaf_count=6978 146 1089 361 268843 57 267 13222 21994 149 5716 3632 224 576 25 363 967 3073 10488 1202 340 140 1247 190 111 309 450 82 6115 296 209
internal_value=-0.00348434 0.000919874 -0.0373552 -0.00114263 -0.0134848 -0.0249615 0.0464569 -0.0453427 0.0308411 -0.0321831 -0.0258358 -0.00844972 -0.0178112 0.0111018 0.0391873 -0.0387357 -0.031555 0.00156332 -0.0379734 0.0434247 -0.0364924 -0.0309387 6.56029e-05 -0.0157692 0.019163 0.00959253 0.0152256 0.000522848 0.013242 -0.00280702
internal_weight=348861 308728 40133 295360 26327 14941 13368 33152 1712 13229 6311 1432 1165 589 1452 11158 4180 11386 6918 365 3213 4879 269033 260 898 589 532 6981 866 570
internal_count=348861 308728 40133 295360 26327 14941 13368 33152 1712 13229 6311 1432 1165 589 1452 11158 4180 11386 6918 365 3213 4879 269033 260 898 589 532 6981 866 570
cat_boundaries=0 3 5 7 10 12 14 15 17 18
cat_threshold=33603730 1077936128 2 2147483648 1049088 134217728 2415919360 16400 0 2 0 256 0 2415919104 134217728 0 268435712 32768
is_linear=0
shrinkage=0.05


Tree=155
num_leaves=31
num_cat=10
split_feature=17 17 0 17 6 0 0 17 16 5 17 6 6 5 17 5 17 8 6 8 6 17 7 5 3 3 5 17 0 17
split_gain=20818 11527.6 5638.83 1503.97 1361.53 2094.84 438.909 316.392 234.732 279.207 235.815 529.06 282.267 222.01 302.019 155.805 103.211 102.927 128.057 122.019 92.9466 89.6416 80.2736 76.0592 74.6103 69.817 68.269 69.289 67.0914 282.125
threshold=0 1 7.5000000000000009 2 9.5000000000000018 7.5000000000000009 7.5000000000000009 3 160.08538333333334 13.500000000000002 4 11.500000000000002 21.500000000000004 13.500000000000002 5 18.750000000000004 6 24.500000000000004 17.500000000000004 23.500000000000004 11.500000000000002 7 4.5000000000000009 21.250000000000004 17.500000000000004 14.000000000000002 38.750000000000007 8 17.500000000000004 9
decision_type=9 9 2 9 2 2 2 9 2 2 9 2 2 2 9 2 9 2 2 2 2 9 2 2 2 2 2 9 2 9
left_child=2 6 7 4 13 8 -2 15 9 10 12 -12 -6 14 -3 -1 17 18 19 24 -17 -15 -19 -10 -4 -22 28 -28 -5 -30
right_child=1 3 16 26 5 -7 -8 -9 23 -11 11 -13 -14 21 -16 20 -18 22 -20 -21 25 -23 -24 -25 -26 -27 27 -29 29 -31
leaf_value=-0.00026437481642909154 -0.00026437481642909154 1.2247687638611282e-05 0.00019942958007028723 0.00049507404687365586 -0.00037413910482042567 -3.1844963119809222e-06 8.0078782828785229e-06 -0.00026437481642909154 -0.00026437481642909154 -0.00026437481642909154 1.5845850789641959e-05 -0.00026437481642909154 7.4177747184212002e-06 0.019052910452269336 0.0014266555332091537 -0.00026437481642909154 -0.00022488049778806031 0.0051962804582177391 -0.0028865507287203942 -0.001428438306416613 -0.00026437481642909154 -0.00026755963698272823 2.8662513366661814e-05 -0.00026437481642909154 -0.012862816975792057 -0.0088513268096015452 0.14786247228064903 0.00096616875175117303 -0.099789402351657591 -0.0017921904092776941
leaf_weight=7599 146 1094 775 98080 288 10130 13222 21994 5264 4083 185 561 353 264 597 1202 6115 448 209 91 3678 115 189 1027 52 147 2257 2334 6984 159378
leaf_count=7599 146 1094 775 98080 288 10130 13222 21994 5264 4083 185 561 353 264 597 1202 6115 448 209 91 3678 115 189 1027 52 147 2257 2334 6984 159378
internal_value=-0.00348176 0.00106798 -0.0362711 -0.00100442 -0.0130053 -0.0166758 0.0464569 -0.0449682 -0.0310305 -0.0234552 -0.00407354 -0.0230159 0.0180492 0.0257488 0.0335009 -0.0384774 0.00189745 0.0125141 0.00350488 0.0115468 -0.0316789 -0.00883905 0.0286499 -0.0376172 0.0175937 -0.0354902 6.48595e-05 0.00610978 -4.00844e-05 -0.000651591
internal_weight=348861 306362 42499 292994 23961 21891 13368 34620 11761 5470 1387 746 641 2070 1691 12626 7879 1764 1127 918 5027 379 637 6291 827 3825 269033 4591 264442 166362
internal_count=348861 306362 42499 292994 23961 21891 13368 34620 11761 5470 1387 746 641 2070 1691 12626 7879 1764 1127 918 5027 379 637 6291 827 3825 269033 4591 264442 166362
cat_boundaries=0 3 5 7 10 12 14 15 17 20 22
cat_threshold=167821458 1077936128 2 2147483648 1049088 0 2415919360 134234128 0 2 0 256 0 2415919104 134250496 0 268435712 83961156 86460417 5 17825792 18879488
is_linear=0
shrinkage=0.05


Tree=156
num_leaves=31
num_cat=9
split_feature=17 17 0 17 6 0 0 17 16 5 17 6 6 5 17 5 6 17 17 8 6 8 6 3 7 12 17 16 12 7
split_gain=20796.7 11574.4 5544.55 1485.13 1346.07 2094.84 438.909 316.392 234.732 279.207 235.815 529.06 282.267 218.92 313.779 155.805 92.9466 89.6416 78.5607 126.678 108.89 107.484 116.568 84.2055 80.2736 76.289 124.991 115.875 92.5497 130.743
threshold=0 1 7.5000000000000009 2 9.5000000000000018 7.5000000000000009 7.5000000000000009 3 160.08538333333334 13.500000000000002 4 11.500000000000002 21.500000000000004 13.500000000000002 5 18.750000000000004 11.500000000000002 6 7 24.500000000000004 17.500000000000004 23.500000000000004 12.500000000000002 17.500000000000004 4.5000000000000009 49.500000000000007 8 199.9572416666667 5.5000000000000009 4.5000000000000009
decision_type=9 9 2 9 2 2 2 9 2 2 9 2 2 2 9 2 2 9 9 2 2 2 2 2 2 2 9 2 2 2
left_child=2 6 7 4 13 8 -2 15 9 10 12 -12 -6 14 -3 -1 -17 -15 19 20 21 22 -4 -24 -21 28 27 -27 -5 -30
right_child=1 3 18 25 5 -7 -8 -9 -10 -11 11 -13 -14 17 -16 16 -18 -19 -20 24 -22 -23 23 -25 -26 26 -28 -29 29 -31
leaf_value=-0.00025115607560763923 -0.00025115607560763923 1.1635303256696262e-05 -2.1257598321700046e-05 -0.0036784124682103683 -0.00035543214957938223 -3.0252714963374673e-06 7.6074843687656827e-06 -0.00025115607560763923 -0.00025115607560763923 -0.00025115607560763923 1.5053558250155419e-05 -0.00025115607560763923 7.0468859825201235e-06 0.018100264929655909 0.001355322756548727 -0.00025115607560763923 -0.00025115607560763923 -0.00025418165513357849 -0.00021363647289867062 0.0049364664353068301 -0.00274222319228441 -0.0013570163910958223 0.00067340670237774351 -0.024978175324965469 2.7229387698302078e-05 -0.035221849345652381 -0.00069861374287307767 -0.0019227700684851358 0.0058659280459140819 -0.0027084805577594299
leaf_weight=7599 146 1094 190 55353 288 10130 13222 21994 6291 4083 185 561 353 264 597 1202 3825 115 6115 448 209 91 589 48 189 9752 31042 708 123083 49095
leaf_count=7599 146 1094 190 55353 288 10130 13222 21994 6291 4083 185 561 353 264 597 1202 3825 115 6115 448 209 91 589 48 189 9752 31042 708 123083 49095
internal_value=-0.00357148 0.000975938 -0.0363441 -0.00110067 -0.0130262 -0.0166758 0.0464569 -0.0449682 -0.0310305 -0.0234552 -0.00407354 -0.0230159 0.0180492 0.0255072 0.0332052 -0.0384774 -0.0316789 -0.00883905 0.001504 0.0107666 0.000754215 0.00816993 0.0138452 0.0240973 0.0286499 -3.8098e-05 -0.00200954 -0.00673352 0.000321495 0.000893262
internal_weight=348861 306362 42499 292994 23961 21891 13368 34620 11761 5470 1387 746 641 2070 1691 12626 5027 379 7879 1764 1127 918 827 637 637 269033 41502 10460 227531 172178
internal_count=348861 306362 42499 292994 23961 21891 13368 34620 11761 5470 1387 746 641 2070 1691 12626 5027 379 7879 1764 1127 918 827 637 637 269033 41502 10460 227531 172178
cat_boundaries=0 3 5 7 10 12 14 16 17 19
cat_threshold=167821458 1077936128 2 2147483648 1049088 0 2415919360 134234128 0 2 0 256 0 2415919104 0 268435712 134250496 8916996 153485329
is_linear=0
shrinkage=0.05


Tree=157
num_leaves=31
num_cat=9
split_feature=17 17 0 17 6 0 0 17 16 5 17 6 6 5 17 5 17 6 17 8 14 6 3 7 5 3 2 12 7 17
split_gain=20737.7 11536.8 5709.3 1504.49 1346.07 2094.84 438.909 316.392 234.732 279.207 235.815 529.06 282.267 218.92 313.779 155.805 120.097 92.9466 89.6416 87.0517 101.97 107.026 82.155 79.3539 76.0592 69.817 67.7949 67.059 64.0242 171.097
threshold=0 1 7.5000000000000009 2 9.5000000000000018 7.5000000000000009 7.5000000000000009 3 160.08538333333334 13.500000000000002 4 11.500000000000002 21.500000000000004 13.500000000000002 5 18.750000000000004 6 11.500000000000002 7 24.500000000000004 569.8828666666667 12.500000000000002 17.500000000000004 4.5000000000000009 21.250000000000004 14.000000000000002 142.50000000000003 22.500000000000004 1.0000000180025095e-35 8
decision_type=9 9 2 9 2 2 2 9 2 2 9 2 2 2 9 2 9 2 9 2 2 2 2 2 2 2 2 2 2 9
left_child=2 6 7 4 13 8 -2 15 9 10 12 -12 -6 14 -3 -1 19 -17 -15 20 21 -4 -23 -21 -10 -19 28 -18 29 -5
right_child=1 3 16 26 5 -7 -8 -9 24 -11 11 -13 -14 18 -16 17 27 25 -20 23 -22 22 -24 -25 -26 -27 -28 -29 -30 -31
leaf_value=-0.00023859827182723948 -0.00023859827182723948 1.1053538093852568e-05 -2.0194718405619485e-05 -0.023148961543291092 -0.00033766054210042644 -2.8740079215161533e-06 7.2271101503318391e-06 -0.00023859827182723948 -0.00023859827182723948 -0.00023859827182723948 1.4300880337625445e-05 -0.00023859827182723948 6.6945416834052203e-06 0.017195251683173131 0.0012875566187212863 -0.00023859827182723948 0.001020491472259888 -0.00023859827182723948 -0.00024147257237689957 0.0046896431135414751 -0.0019227981109802173 0.00054772995895771006 -0.023729266558717169 2.5867918313426944e-05 -0.00023859827182723948 -0.0083962026653410689 1.4296081446119218 -0.00090245461677520569 0.00045832099223788172 0.0016526589735665011
leaf_weight=7599 146 1094 176 20896 288 10130 13222 21994 5264 4083 185 561 353 264 597 1202 4177 3678 115 448 289 614 48 189 1027 147 198 1938 228540 19399
leaf_count=7599 146 1094 176 20896 288 10130 13222 21994 5264 4083 185 561 353 264 597 1202 4177 3678 115 448 289 614 48 189 1027 147 198 1938 228540 19399
internal_value=-0.00349093 0.00105003 -0.036217 -0.00102319 -0.0130262 -0.0166758 0.0464569 -0.0449682 -0.0310305 -0.0234552 -0.00407354 -0.0230159 0.0180492 0.0255072 0.0332052 -0.0384774 0.00218936 -0.0316789 -0.00883905 0.0136415 0.00536823 0.0142005 0.0234139 0.0284929 -0.0376172 -0.0354902 4.62751e-05 -0.00113469 2.47364e-05 -0.00181288
internal_weight=348861 306362 42499 292994 23961 21891 13368 34620 11761 5470 1387 746 641 2070 1691 12626 7879 5027 379 1764 1127 838 662 637 6291 3825 269033 6115 268835 40295
internal_count=348861 306362 42499 292994 23961 21891 13368 34620 11761 5470 1387 746 641 2070 1691 12626 7879 5027 379 1764 1127 838 662 637 6291 3825 269033 6115 268835 40295
cat_boundaries=0 3 5 7 10 12 14 15 17 20
cat_threshold=167821458 1077936128 2 2147483648 1049088 0 2415919360 134234128 0 2 0 256 0 2415919104 134250496 0 268435712 1686180164 84635809 4
is_linear=0
shrinkage=0.05


Tree=158
num_leaves=31
num_cat=9
split_feature=17 17 0 17 6 0 0 17 16 5 17 6 6 5 17 5 17 6 17 8 5 5 3 3 12 6 17 5 0 7
split_gain=20770.8 11533.6 5678.61 1517.65 1309.04 2096.17 438.909 316.392 234.732 279.207 235.815 529.06 282.267 211.592 342.864 155.805 113.396 92.9466 89.6416 88.7038 79.0434 76.0592 69.817 65.8105 65.5962 62.7885 97.4658 75.5782 87.7669 72.4247
threshold=0 1 7.5000000000000009 2 9.5000000000000018 7.5000000000000009 7.5000000000000009 3 160.08538333333334 13.500000000000002 4 11.500000000000002 21.500000000000004 13.500000000000002 5 18.750000000000004 6 11.500000000000002 7 24.500000000000004 16.250000000000004 21.250000000000004 14.000000000000002 142.50000000000003 22.500000000000004 17.500000000000004 8 23.750000000000004 14.000000000000002 4.5000000000000009
decision_type=9 9 2 9 2 2 2 9 2 2 9 2 2 2 9 2 9 2 9 2 2 2 2 2 2 2 9 2 2 2
left_child=2 6 7 4 13 8 -2 15 9 10 12 -12 -6 14 -3 -1 19 -17 -15 -4 -21 -10 -19 -5 -18 26 -7 -28 -29 -27
right_child=1 3 16 23 5 25 -8 -9 21 -11 11 -13 -14 18 -16 17 24 22 -20 20 -22 -23 -24 -25 -26 29 27 28 -30 -31
leaf_value=-0.00022666835823588195 -0.00022666835823588195 1.0500861189166601e-05 5.3032397097840805e-05 5.1521955989164428e-05 -0.00032077751499541844 0.00010476159108474548 6.8657546428596563e-06 -0.00022666835823588195 -0.00022666835823588195 -0.00022666835823588195 1.3585836320739732e-05 -0.00022666835823588195 6.3598145992216361e-06 0.016335489099014479 0.0012231787877852618 -0.00022666835823588195 0.00096946689864685354 -0.00022666835823588195 -0.00022939894375806347 2.457452239772451e-05 0.0045107485955788286 -0.00022666835823588195 -0.0079763925320739844 1.3617566712812819 -0.00085733188593648544 0.00011108872158693828 -7.4348529028789309e-05 -0.028414180059072616 -0.038415594360217936 0.0035761738469735961
leaf_weight=7599 146 1094 1127 268843 288 4048 13222 21994 5264 4083 185 561 353 264 597 1202 4177 3678 115 241 396 1027 147 190 1938 3115 808 613 454 1092
leaf_count=7599 146 1094 1127 268843 288 4048 13222 21994 5264 4083 185 561 353 264 597 1202 4177 3678 115 241 396 1027 147 190 1938 3115 808 613 454 1092
internal_value=-0.00348835 0.00105623 -0.0362406 -0.00101671 -0.013072 -0.0166712 0.0464569 -0.0449682 -0.0310305 -0.0234552 -0.00407354 -0.0230159 0.0180492 0.0249275 0.0324956 -0.0384774 0.00206244 -0.0316789 -0.00883905 0.0131905 0.028179 -0.0376172 -0.0354902 5.74258e-05 -0.00116735 0 -0.00331758 -0.0127056 -0.0215089 0.00467079
internal_weight=348861 306362 42499 292994 23961 21891 13368 34620 11761 5470 1387 746 641 2070 1691 12626 7879 5027 379 1764 637 6291 3825 269033 6115 10130 5923 1875 1067 4207
internal_count=348861 306362 42499 292994 23961 21891 13368 34620 11761 5470 1387 746 641 2070 1691 12626 7879 5027 379 1764 637 6291 3825 269033 6115 10130 5923 1875 1067 4207
cat_boundaries=0 3 5 7 10 12 14 15 17 19
cat_threshold=167821458 1077936128 2 2147483648 1049088 0 2415919360 134234128 0 2 0 256 0 2415919104 134250496 0 268435712 0 2415919104
is_linear=0
shrinkage=0.05


Tree=159
num_leaves=31
num_cat=8
split_feature=17 17 0 17 6 0 0 17 16 5 17 6 6 5 17 5 17 6 17 8 5 5 3 3 14 6 6 8 3 12
split_gain=20814.4 11536.4 5620.52 1528.81 1312.49 2080.2 438.909 316.392 234.732 279.207 235.815 529.06 282.267 211.592 342.864 155.805 117.187 92.9466 89.6416 89.3795 79.0434 76.0592 69.817 65.8188 63.2064 127.647 96.2859 97.618 93.672 62.2528
threshold=0 1 7.5000000000000009 2 9.5000000000000018 7.5000000000000009 7.5000000000000009 3 160.08538333333334 13.500000000000002 4 11.500000000000002 21.500000000000004 13.500000000000002 5 18.750000000000004 6 11.500000000000002 7 24.500000000000004 16.250000000000004 21.250000000000004 14.000000000000002 142.50000000000003 520.08348333333345 16.500000000000004 12.500000000000002 23.500000000000004 17.500000000000004 1.5000000000000002
decision_type=9 9 2 9 2 2 2 9 2 2 9 2 2 2 9 2 9 2 9 2 2 2 2 2 2 2 2 2 2 2
left_child=2 6 7 4 13 8 -2 15 9 10 12 -12 -6 14 -3 -1 19 -17 -15 24 -21 -10 -19 -5 26 -26 -4 28 -28 -18
right_child=1 3 16 23 5 -7 -8 -9 21 -11 11 -13 -14 18 -16 17 29 22 -20 20 -22 -23 -24 -25 25 -27 27 -29 -30 -31
leaf_value=-0.00021533494032408563 -0.00021533494032408563 9.9758181296927275e-06 -2.1836602340208346e-05 4.8945858189686225e-05 -0.0003047386392456275 -3.1747194787712374e-05 6.5224669107522011e-06 -0.00021533494032408563 -0.00021533494032408563 -0.00021533494032408563 1.2906544504698303e-05 -0.00021533494032408563 6.0418238692516725e-06 0.015518714644063715 0.0011620198483959677 -0.00021533494032408563 0.0044597345648996981 -0.00021533494032408563 -0.00021792899657016032 2.3345796277851606e-05 0.0042852111657999186 -0.00021533494032408563 -0.007577572905470298 1.2936688377172176 0.00019680692928600863 -0.0025116237469760883 0.0014107568421524164 -0.0020095490001752481 -0.022545454850636172 -0.00055747211804657582
leaf_weight=7599 146 1094 176 268843 288 10130 13222 21994 5264 4083 185 561 353 264 597 1202 521 3678 115 241 396 1027 147 190 115 207 529 52 48 5594
leaf_count=7599 146 1094 176 268843 288 10130 13222 21994 5264 4083 185 561 353 264 597 1202 521 3678 115 241 396 1027 147 190 115 207 529 52 48 5594
internal_value=-0.00349867 0.00105068 -0.0362853 -0.00102251 -0.0131221 -0.0167261 0.0464569 -0.0449682 -0.0310305 -0.0234552 -0.00407354 -0.0230159 0.0180492 0.0249275 0.0324956 -0.0384774 0.0018213 -0.0316789 -0.00883905 0.0131342 0.028179 -0.0376172 -0.0354902 5.55673e-05 0.00474712 -0.0139752 0.012236 0.0213831 0.0272964 -0.00146122
internal_weight=348861 306362 42499 292994 23961 21891 13368 34620 11761 5470 1387 746 641 2070 1691 12626 7879 5027 379 1764 637 6291 3825 269033 1127 322 805 629 577 6115
internal_count=348861 306362 42499 292994 23961 21891 13368 34620 11761 5470 1387 746 641 2070 1691 12626 7879 5027 379 1764 637 6291 3825 269033 1127 322 805 629 577 6115
cat_boundaries=0 3 5 7 10 12 14 15 17
cat_threshold=167821458 1077936128 2 2147483648 1049088 0 2415919360 134234128 0 2 0 256 0 2415919104 134250496 0 268435712
is_linear=0
shrinkage=0.05


Tree=160
num_leaves=31
num_cat=8
split_feature=17 17 0 17 6 0 0 17 5 17 16 5 16 17 6 6 5 6 17 5 3 17 8 6 14 3 5 4 12 6
split_gain=20871.2 11550 5520.35 1598.42 1333.3 2163.41 438.909 316.392 211.592 342.864 194.034 180.488 216.364 275.073 490.849 205.152 155.805 92.9466 89.6416 73.9405 69.817 67.3295 80.6477 110.806 109.21 74.7383 85.4083 63.9436 61.7236 61.5065
threshold=0 1 7.5000000000000009 2 9.5000000000000018 7.5000000000000009 7.5000000000000009 3 13.500000000000002 4 170.08050000000003 13.500000000000002 39.929175000000008 5 11.500000000000002 17.500000000000004 18.750000000000004 11.500000000000002 6 23.750000000000004 14.000000000000002 7 24.500000000000004 17.500000000000004 160.01779166666668 17.500000000000004 21.250000000000004 -15.999999999999998 22.500000000000004 17.500000000000004
decision_type=9 9 2 9 2 2 2 9 2 9 2 2 2 9 2 2 2 2 9 2 2 9 2 2 2 2 2 2 2 2
left_child=2 6 7 4 8 10 -2 16 9 -3 11 12 -6 15 -15 -14 -1 -18 -10 -12 -19 22 23 24 -4 26 -26 -5 -23 -7
right_child=1 3 21 27 5 29 -8 -9 18 -11 19 -13 13 14 -16 -17 17 20 -20 -21 -22 28 -24 -25 25 -27 -28 -29 -30 -31
leaf_value=-0.0002045681933078747 -0.0002045681933078747 9.477027223203649e-06 -2.0744772223224574e-05 0.077966814853200367 -0.0002045681933078747 -0.00051438511100583291 6.1963435651790634e-06 -0.0002045681933078747 0.014742778911860556 0.0011039188559761827 -0.0002045681933078747 -0.0002045681933078747 -0.040046975252109901 1.2261217279441184e-05 -0.0002045681933078747 5.7397326757691054e-06 -0.0002045681933078747 -0.0002045681933078747 -0.00020703254674163675 -0.0002045681933078747 -0.0071986942601967923 0.00094886715961681753 0.0035808854968527371 -0.0023860425596272886 -6.0625926935387045e-05 -0.0086596829101415196 0.00031498916816454783 -6.685035879510082e-05 -0.00078659168573729237 0.00088280817793755522
leaf_weight=7599 146 1094 162 4541 368 5923 13222 21994 264 597 5161 4290 72 184 457 346 1202 3678 115 883 147 4177 637 209 83 52 621 264492 1938 4207
leaf_count=7599 146 1094 162 4541 368 5923 13222 21994 264 597 5161 4290 72 184 457 346 1202 3678 115 883 147 4177 637 209 83 52 621 264492 1938 4207
internal_value=-0.00353164 0.00102392 -0.0363629 -0.0010505 -0.0134225 -0.017055 0.0464569 -0.0449682 0.0249275 0.0324956 -0.0316427 -0.0250394 -0.0096356 0.00184136 -0.0186636 0.0329439 -0.0384774 -0.0316789 -0.00883905 -0.0378888 -0.0354902 0.00140246 0.00997745 0.00199645 0.00947712 0.0174603 0.021733 5.18504e-05 -0.00108571 -0.00011846
internal_weight=348861 306362 42499 292994 23961 21891 13368 34620 2070 1691 11761 5717 1427 1059 641 418 12626 5027 379 6044 3825 7879 1764 1127 918 756 704 269033 6115 10130
internal_count=348861 306362 42499 292994 23961 21891 13368 34620 2070 1691 11761 5717 1427 1059 641 418 12626 5027 379 6044 3825 7879 1764 1127 918 756 704 269033 6115 10130
cat_boundaries=0 3 5 7 10 12 14 16 17
cat_threshold=167821458 1077936128 2 2147483648 1049088 0 2415919360 134234128 0 2 0 2415919104 0 256 0 268435712 134250496
is_linear=0
shrinkage=0.05


Tree=161
num_leaves=31
num_cat=9
split_feature=17 17 0 17 6 0 0 17 16 5 17 6 5 17 6 5 16 6 6 17 17 14 2 5 3 12 2 6 17 5
split_gain=20964.1 11534.1 5454.07 1497.5 1300.26 2053.55 438.909 316.392 250.457 324.858 288.091 538.888 214.302 342.864 210.688 155.805 100.65 92.9466 92.9239 88.3254 76.6631 200.381 80.0022 73.9405 69.817 62.387 60.74 70.9886 97.1728 182.094
threshold=0 1 7.5000000000000009 2 9.5000000000000018 7.5000000000000009 7.5000000000000009 3 170.08050000000003 12.750000000000002 4 11.500000000000002 13.500000000000002 5 21.500000000000004 18.750000000000004 39.929175000000008 11.500000000000002 11.500000000000002 6 7 569.8828666666667 17.500000000000004 23.750000000000004 14.000000000000002 47.500000000000007 14.000000000000002 17.500000000000004 8 23.750000000000004
decision_type=9 9 2 9 2 2 2 9 2 2 9 2 2 9 2 2 2 2 2 9 9 2 2 2 2 2 2 2 9 2
left_child=2 6 7 4 12 8 -2 15 9 10 14 -12 13 -3 16 -1 -6 -17 -18 -14 21 22 -4 -10 -19 -23 27 28 -7 -30
right_child=1 3 20 -5 5 26 -8 -9 23 -11 11 -13 19 -15 -16 17 18 24 -20 -21 -22 25 -24 -25 -26 -27 -28 -29 29 -31
leaf_value=-0.00019433978364249429 -0.00019433978364249429 9.0031758620323646e-06 0.0027648830400829995 4.9841083219970275e-05 -0.00027927329761796572 0.0002586773520718566 5.8865263869556379e-06 -0.00019433978364249429 -0.00019433978364249429 -0.00019433978364249429 1.1648156415455803e-05 -0.00019433978364249429 0.014005639966267492 0.0010487229131773469 5.4527460419784297e-06 -0.00019433978364249429 -0.059918424177997004 -0.00019433978364249429 8.9982548855127586e-05 -0.00019668091940454603 -1.9707533612045582e-05 -0.0015709676766255676 -0.0020234030515043247 -0.00019433978364249429 -0.006838759547186957 0.0047132124349928972 -0.013917454934960284 0.001939702086018258 0.0080434121137047399 -0.026877094740847166
leaf_weight=7599 146 1094 482 269033 153 2977 13222 21994 5161 4305 189 579 264 597 350 1202 44 3678 97 115 7013 323 26 883 147 35 3148 2783 603 619
leaf_count=7599 146 1094 482 269033 153 2977 13222 21994 5161 4305 189 579 264 597 350 1202 44 3678 97 115 7013 323 26 883 147 35 3148 2783 603 619
internal_value=-0.00351042 0.00105525 -0.0364146 -0.00101773 -0.0129928 -0.0165799 0.0464569 -0.0449682 -0.0307924 -0.0232902 -0.00247875 -0.0230077 0.0248792 0.0324956 0.0220183 -0.0384774 -0.00884354 -0.0316789 0.0216312 -0.0091029 0.00112324 0.0150685 0.0354331 -0.0378888 -0.0354902 -0.0134078 -7.89733e-05 0.00252077 -0.00158371 -0.0133929
internal_weight=348861 306362 42499 292994 23961 21891 13368 34620 11761 5717 1412 768 2070 1691 644 12626 294 5027 141 379 7879 866 508 6044 3825 358 10130 6982 4199 1222
internal_count=348861 306362 42499 292994 23961 21891 13368 34620 11761 5717 1412 768 2070 1691 644 12626 294 5027 141 379 7879 866 508 6044 3825 358 10130 6982 4199 1222
cat_boundaries=0 3 5 7 10 12 14 16 17 19
cat_threshold=167821458 1077936128 2 2147483648 1049088 0 2415919360 134234128 0 2 0 256 0 2415919104 0 268435712 32768 0 2415919104
is_linear=0
shrinkage=0.05


Tree=162
num_leaves=31
num_cat=12
split_feature=17 17 0 17 0 6 17 0 5 17 17 6 5 6 5 6 5 17 16 17 17 5 6 6 12 17 17 7 17 5
split_gain=20227.3 11714.8 4326.83 2045.53 1393.01 1402.57 750.069 438.909 379.697 940.098 405.732 790.884 339.66 268.078 266.401 237.055 251.163 242.951 224.052 186.806 136.129 140.909 91.087 90.265 86.525 68.5812 67.3098 81.4108 91.3952 66.7126
threshold=0 1 7.5000000000000009 2 7.5000000000000009 9.5000000000000018 3 7.5000000000000009 18.750000000000004 4 5 17.500000000000004 21.250000000000004 12.500000000000002 13.500000000000002 11.500000000000002 13.500000000000002 6 39.929175000000008 7 8 23.750000000000004 21.500000000000004 20.500000000000004 5.5000000000000009 9 10 4.5000000000000009 11 21.250000000000004
decision_type=9 9 2 9 2 2 9 2 2 9 9 2 2 2 2 2 2 9 2 9 9 2 2 2 2 9 9 2 9 2
left_child=2 7 20 4 5 6 -3 -2 10 12 11 -7 13 -10 19 16 17 -12 22 -8 21 -1 -13 -20 -4 -16 27 29 -29 -6
right_child=1 3 24 -5 26 8 14 -9 9 -11 15 18 -14 -15 25 -17 -18 -19 23 -21 -22 -23 -24 -25 -26 -27 -28 28 -30 -31
leaf_value=-0.00018462279446036512 -0.00018462279446036512 -0.0069619915046564623 0.0026056214230292698 4.7349029058985087e-05 -0.00052201675334702109 -0.00088640464590183932 8.5530170689462889e-06 5.5922000676389423e-06 -0.012491070683712337 -0.00018462279446036512 1.1065748594685233e-05 -0.00026530963273705413 -0.16925848364481269 8.929316287664691e-06 0.08186631392288915 -0.00018462279446036512 -0.00018462279446036512 -0.010808000589879942 0.21854480888819611 0.053754934234193377 -0.00018462279446036512 -0.00018462279446036512 9.8736715361535943e-06 5.1801087398661854e-06 4.0447724309888855e-05 -0.00018684687343433206 -0.024205749578162107 0.0024974879809100516 -0.00027426991977499429 0.00041766304238795017
leaf_weight=6492 146 647 827 269033 1900 1133 1089 13222 279 4861 213 235 371 766 149 6035 939 105 194 363 21994 1599 98 420 4184 111 6742 835 720 3159
leaf_count=6492 146 647 827 269033 1900 1133 1089 13222 279 4861 213 235 371 766 149 6035 939 105 194 363 21994 1599 98 420 4184 111 6742 835 720 3159
internal_value=-0.00335076 0.00067644 -0.0393437 -0.00136232 -0.0134443 -0.0225233 0.0134167 0.0464569 -0.0279411 -0.0184244 -0.034315 -0.0145933 0.0173913 0.0321053 0.030662 -0.0398658 -0.0201671 0.018239 0.0190602 0.0391873 -0.0465199 -0.0406061 -0.013964 0.0369707 0.00366194 -0.0157692 -0.00121294 0.00237017 0.0123794 -0.00070172
internal_weight=348861 313765 35096 300397 31364 18008 2359 13368 15649 6277 9372 2080 1416 1045 1712 7292 1257 318 947 1452 30085 8091 333 614 5011 260 13356 6614 1555 5059
internal_count=348861 313765 35096 300397 31364 18008 2359 13368 15649 6277 9372 2080 1416 1045 1712 7292 1257 318 947 1452 30085 8091 333 614 5011 260 13356 6614 1555 5059
cat_boundaries=0 3 5 7 8 9 11 13 15 18 20 22 24
cat_threshold=167805074 1077936128 2 2147483648 1049088 16384 2415919360 16384 16384 0 256 0 2415919104 0 2415919104 134217744 0 2 0 268435712 0 2415919104 0 2147483648
is_linear=0
shrinkage=0.05


Tree=163
num_leaves=31
num_cat=11
split_feature=17 17 0 17 0 6 17 0 5 17 17 6 5 5 6 6 5 17 6 17 17 5 16 14 5 17 6 6 12 17
split_gain=20298.8 11707.7 4258.27 2003.11 1469.49 1381.11 737.703 438.909 386.094 942.965 388.557 766.129 336.38 301.017 268.078 237.055 251.163 242.951 216.198 186.806 136.129 140.909 124.06 76.0799 84.7768 119.809 99.6902 73.4011 69.4147 66.9192
threshold=0 1 7.5000000000000009 2 7.5000000000000009 9.5000000000000018 3 7.5000000000000009 18.750000000000004 4 5 21.500000000000004 21.250000000000004 13.500000000000002 12.500000000000002 11.500000000000002 13.500000000000002 6 17.500000000000004 7 8 23.750000000000004 39.929175000000008 109.90533333333335 26.250000000000004 9 16.500000000000004 16.500000000000004 33.500000000000007 10
decision_type=9 9 2 9 2 2 9 2 2 9 9 2 2 2 2 2 2 9 2 9 9 2 2 2 2 9 2 2 2 9
left_child=2 7 20 4 5 6 -3 -2 10 12 11 18 14 19 -10 16 17 -12 -7 -8 21 -1 -20 -4 29 26 -26 -27 -29 -25
right_child=1 3 23 -5 -6 8 13 -9 9 -11 15 -13 -14 -15 -16 -17 -18 -19 22 -21 -22 -23 -24 24 25 27 -28 28 -30 -31
leaf_value=-0.00017539165473734464 -0.00017539165473734464 -0.006613891929423632 -0.0011888732741089925 4.4981577606018064e-05 -0.00013730444931638885 -0.00084208441360673631 8.1253662155056364e-06 5.3125900642214679e-06 -0.011866517149526735 -0.00017539165473734464 1.051246116494653e-05 4.9211033028573326e-06 -0.16079555946257207 -0.00017750452976259546 8.4828504733014395e-06 -0.00017539165473734464 -0.00017539165473734464 -0.010267600560385937 -0.00025204415110020585 0.051067187522483695 -0.00017539165473734464 -0.00017539165473734464 8.5224415975382336e-05 0.0024753403518777972 -0.00083736881096747602 0.00028247633706426358 0.003016835194109824 -0.0019187075648333441 0.0032615746837905135 2.1194267273560997e-05
leaf_weight=6492 146 647 844 269033 13356 1133 1089 13222 279 4861 213 426 371 260 766 6035 939 105 235 363 21994 1599 286 1526 600 767 297 181 52 744
leaf_count=6492 146 647 844 269033 13356 1133 1089 13222 279 4861 213 426 371 260 766 6035 939 105 235 363 21994 1599 286 1526 600 767 297 181 52 744
internal_value=-0.00334417 0.000690144 -0.0394007 -0.001348 -0.013304 -0.0226288 0.0130352 0.0464569 -0.028005 -0.0184085 -0.0344324 -0.0151196 0.0174614 0.0301394 0.0321053 -0.0398658 -0.0201671 0.018239 -0.0305925 0.0391873 -0.0465199 -0.0406061 -0.00393474 0.00326282 0.00603552 -0.00176595 -0.0149394 0.010099 -0.0143777 0.0125551
internal_weight=348861 313765 35096 300397 31364 18008 2359 13368 15649 6277 9372 2080 1416 1712 1045 7292 1257 318 1654 1452 30085 8091 521 5011 4167 1897 897 1000 233 2270
internal_count=348861 313765 35096 300397 31364 18008 2359 13368 15649 6277 9372 2080 1416 1712 1045 7292 1257 318 1654 1452 30085 8091 521 5011 4167 1897 897 1000 233 2270
cat_boundaries=0 3 5 7 8 9 11 13 15 18 21 24
cat_threshold=167805074 1077936128 2 2147483648 1049088 16384 2415919360 16384 16384 0 256 0 2415919104 0 2415919104 134217744 0 2 33554432 0 2 33587200 0 2
is_linear=0
shrinkage=0.05


Tree=164
num_leaves=31
num_cat=10
split_feature=17 17 0 17 0 6 17 0 5 17 17 6 5 5 6 6 5 17 6 17 17 5 16 12 17 14 6 12 2 7
split_gain=20128 11708.2 4462.08 2002.78 1469.49 1381.11 737.703 438.909 386.094 942.965 388.557 766.129 336.38 301.017 268.078 237.055 251.163 242.951 216.198 186.806 136.129 140.909 124.06 63.8605 68.9468 135.758 85.7709 93.1289 75.7937 62.354
threshold=0 1 7.5000000000000009 2 7.5000000000000009 9.5000000000000018 3 7.5000000000000009 18.750000000000004 4 5 21.500000000000004 21.250000000000004 13.500000000000002 12.500000000000002 11.500000000000002 13.500000000000002 6 17.500000000000004 7 8 23.750000000000004 39.929175000000008 4.5000000000000009 9 569.8828666666667 16.500000000000004 47.500000000000007 17.500000000000004 1.0000000180025095e-35
decision_type=9 9 2 9 2 2 9 2 2 9 9 2 2 2 2 2 2 9 2 9 9 2 2 2 9 2 2 2 2 2
left_child=2 7 20 4 5 6 -3 -2 10 12 11 18 14 19 -10 16 17 -12 -7 -8 21 -1 -20 -4 25 28 -27 -28 -25 -26
right_child=1 3 23 -5 -6 8 13 -9 9 -11 15 -13 -14 -15 -16 -17 -18 -19 22 -21 -22 -23 -24 24 29 26 27 -29 -30 -31
leaf_value=-0.0001666220720004663 -0.0001666220720004663 -0.0062831973329524615 0.0027280426363892833 4.2732498725728267e-05 -0.00013043922685058719 -0.00079998019292641946 7.7190979047347955e-06 5.0469605610281576e-06 -0.011273191292050379 -0.0001666220720004663 9.9868381067125256e-06 4.6750481377255682e-06 -0.15275578148944347 -0.00016862930327445904 8.0587079496208247e-06 -0.0001666220720004663 -0.0001666220720004663 -0.0097542205323666309 -0.00023944194354519333 0.048513828146359475 -0.0001666220720004663 -0.0001666220720004663 8.0963195176630978e-05 0.0026104926850101687 0.0026290678511364796 0.00023361930517609155 -0.0020942790557884729 0.0043124506928382544 -0.0019383791019977892 -9.0893060205221598e-05
leaf_weight=6492 146 647 733 269033 13356 1133 1089 13222 279 4861 213 426 371 260 766 6035 939 105 235 363 21994 1599 286 437 242 90 199 35 26 3249
leaf_count=6492 146 647 733 269033 13356 1133 1089 13222 279 4861 213 426 371 260 766 6035 939 105 235 363 21994 1599 286 437 242 90 199 35 26 3249
internal_value=-0.00332812 0.000689188 -0.0392326 -0.001349 -0.013304 -0.0226288 0.0130352 0.0464569 -0.028005 -0.0184085 -0.0344324 -0.0151196 0.0174614 0.0301394 0.0321053 -0.0398658 -0.0201671 0.018239 -0.0305925 0.0391873 -0.0465199 -0.0406061 -0.00393474 0.00444023 0.00210379 0.0153701 -0.00925926 -0.0252137 0.0329374 -0.000928306
internal_weight=348861 313765 35096 300397 31364 18008 2359 13368 15649 6277 9372 2080 1416 1712 1045 7292 1257 318 1654 1452 30085 8091 521 5011 4278 787 324 234 463 3491
internal_count=348861 313765 35096 300397 31364 18008 2359 13368 15649 6277 9372 2080 1416 1712 1045 7292 1257 318 1654 1452 30085 8091 521 5011 4278 787 324 234 463 3491
cat_boundaries=0 3 5 7 8 9 11 13 15 18 19
cat_threshold=167805074 1077936128 2 2147483648 1049088 16384 2415919360 16384 16384 0 256 0 2415919104 0 2415919104 134217744 0 2 32768
is_linear=0
shrinkage=0.05


Tree=165
num_leaves=31
num_cat=11
split_feature=17 17 0 17 0 6 17 0 5 17 17 6 5 5 6 6 5 17 6 17 17 5 16 5 14 12 5 17 14 17
split_gain=20358.8 11706.6 4190.27 1991.09 1481.58 1381.11 737.703 438.909 386.094 942.965 388.557 766.129 336.38 301.017 268.078 237.055 251.163 242.951 216.198 186.806 136.129 140.909 124.06 62.3373 62.0695 61.7813 59.5716 73.5878 62.27 108.892
threshold=0 1 7.5000000000000009 2 7.5000000000000009 9.5000000000000018 3 7.5000000000000009 18.750000000000004 4 5 21.500000000000004 21.250000000000004 13.500000000000002 12.500000000000002 11.500000000000002 13.500000000000002 6 17.500000000000004 7 8 23.750000000000004 39.929175000000008 23.750000000000004 769.92719166666677 1.5000000000000002 36.250000000000007 9 779.82257500000014 10
decision_type=9 9 2 9 2 2 9 2 2 9 9 2 2 2 2 2 2 9 2 9 9 2 2 2 2 2 2 9 2 9
left_child=2 7 20 4 5 6 -3 -2 10 12 11 18 14 19 -10 16 17 -12 -7 -8 21 -1 -20 -11 -23 -4 28 -28 -5 -30
right_child=1 3 25 26 -6 8 13 -9 9 23 15 -13 -14 -15 -16 -17 -18 -19 22 -21 -22 24 -24 -25 -26 -27 27 -29 29 -31
leaf_value=-0.0001582909684004541 -0.0001582909684004541 -0.0059690374663048384 0.002861195278011497 -0.00038395069553707198 -0.0001239172655080445 -0.00075998118328008963 7.3331430094913941e-06 4.7946125329545459e-06 -0.010709531727447841 -0.0001582909684004541 9.4874962013769003e-06 4.4412957308281879e-06 -0.14511799241497125 -0.00016019783811072053 7.6557725521286812e-06 -0.0001582909684004541 -0.0001582909684004541 -0.0092665095057483 -0.00022746984636792258 0.046088136739041469 -0.0001582909684004541 -0.0001582909684004541 7.6915035417801658e-05 -0.0001582909684004541 0.24984170903159955 4.0843432297776876e-05 0.21606592445546263 0.020205368107871283 0.01908569623986205 -0.00018443303645638843
leaf_weight=6492 146 647 384 248284 13356 1133 1089 13222 279 2958 213 426 371 260 766 6035 939 105 235 363 21994 1571 286 1903 28 4627 1225 4036 5934 9554
leaf_count=6492 146 647 384 248284 13356 1133 1089 13222 279 2958 213 426 371 260 766 6035 939 105 235 363 21994 1571 286 1903 28 4627 1225 4036 5934 9554
internal_value=-0.0033479 0.000692375 -0.0394576 -0.00134567 -0.0132658 -0.0226288 0.0130352 0.0464569 -0.028005 -0.0184085 -0.0344324 -0.0151196 0.0174614 0.0301394 0.0321053 -0.0398658 -0.0201671 0.018239 -0.0305925 0.0391873 -0.0465199 -0.0406061 -0.00393474 -0.0288339 -0.0273609 0.0028637 4.44167e-05 0.00531268 -6.06584e-05 0.00301524
internal_weight=348861 313765 35096 300397 31364 18008 2359 13368 15649 6277 9372 2080 1416 1712 1045 7292 1257 318 1654 1452 30085 8091 521 4861 1599 5011 269033 5261 263772 15488
internal_count=348861 313765 35096 300397 31364 18008 2359 13368 15649 6277 9372 2080 1416 1712 1045 7292 1257 318 1654 1452 30085 8091 521 4861 1599 5011 269033 5261 263772 15488
cat_boundaries=0 3 5 7 8 9 11 13 15 18 21 24
cat_threshold=167805074 1077936128 2 2147483648 1049088 16384 2415919360 16384 16384 0 256 0 2415919104 0 2415919104 134217744 0 2 65536 84166657 5 270012484 621640832 8
is_linear=0
shrinkage=0.05


Tree=166
num_leaves=31
num_cat=8
split_feature=17 17 0 17 6 0 0 5 17 17 6 0 5 5 16 5 17 6 6 17 5 16 6 2 17 5 14 12 2 5
split_gain=20939.5 11417.5 4190.27 1522.2 1380.41 2093.98 438.909 263.216 259.259 258.3 724.976 1221.2 637.373 306.383 256.74 324.858 288.091 538.888 210.688 136.129 140.909 100.65 92.9239 79.2082 76.8434 75.9672 62.0695 61.7813 61.7656 60.1491
threshold=0 1 7.5000000000000009 2 9.5000000000000018 7.5000000000000009 7.5000000000000009 13.500000000000002 3 4 12.500000000000002 7.5000000000000009 21.250000000000004 16.250000000000004 170.08050000000003 12.750000000000002 5 11.500000000000002 21.500000000000004 6 23.750000000000004 39.929175000000008 11.500000000000002 14.000000000000002 7 23.750000000000004 769.92719166666677 1.5000000000000002 14.000000000000002 23.750000000000004
decision_type=9 9 2 9 2 2 2 2 9 9 2 2 2 2 2 2 9 2 2 9 2 2 2 2 9 2 2 2 2 2
left_child=2 6 19 4 7 14 -2 8 -3 10 13 12 23 -5 15 16 18 -18 21 20 -1 -6 -23 -12 -9 -16 -22 -4 -7 -17
right_child=1 3 27 9 5 28 -8 24 -10 -11 11 -13 -14 -15 25 29 17 -19 -20 -21 26 22 -24 -25 -26 -27 -28 -29 -30 -31
leaf_value=-0.00015037641998043584 -0.00015037641998043584 6.9664858590279273e-06 0.0027181355141109088 -0.0056705855929895859 -0.00021609635404953311 0.00036962342803015247 4.5548819063156998e-06 0.014535228493945951 0.0022261572935103227 5.7115080727720981e-05 7.2729839245333497e-06 -0.092656771325622292 -0.13786209279422268 0.075306629374827683 -0.00015037641998043584 -0.00015037641998043584 9.0131213913213774e-06 -0.00015037641998043584 4.2192309442690149e-06 -0.00015037641998043584 -0.00015037641998043584 -0.056758080447311392 7.3069283646898247e-05 -0.052569262941391859 -0.0001521879462051956 -0.00015037641998043584 0.23734962358001957 3.8801260682852505e-05 -0.013098169508744206 -0.00015037641998043584
leaf_weight=6492 146 1094 384 1196 153 6982 13222 264 597 269033 2672 2124 307 1042 5161 3285 189 579 350 21994 1571 44 97 62 115 883 28 4627 3148 1020
leaf_count=6492 146 1094 384 1196 153 6982 13222 264 597 269033 2672 2124 307 1042 5161 3285 189 579 350 21994 1571 44 97 62 115 883 28 4627 3148 1020
internal_value=-0.00283652 0.00126094 -0.0394576 -0.000751813 -0.0128384 -0.0165342 0.0464569 0.0261836 0.0346245 0.00029626 0.00950357 0.0198161 0.0401348 -0.0142538 -0.030886 -0.0232902 -0.00247875 -0.0230077 0.0220183 -0.0465199 -0.0406061 -0.00884354 0.0216312 0.0478054 -0.0114776 -0.0380708 -0.0273609 0.0028637 0.000128332 -0.0301161
internal_weight=348861 313765 35096 300397 23961 21891 13368 2070 1691 276436 7403 5165 3041 2238 11761 5717 1412 768 644 30085 8091 294 141 2734 379 6044 1599 5011 10130 4305
internal_count=348861 313765 35096 300397 23961 21891 13368 2070 1691 276436 7403 5165 3041 2238 11761 5717 1412 768 644 30085 8091 294 141 2734 379 6044 1599 5011 10130 4305
cat_boundaries=0 3 5 7 9 10 12 15 17
cat_threshold=167805074 1077936128 2 2147483648 1049088 0 2415919360 0 2415919104 16384 0 256 134217744 0 2 0 268435712
is_linear=0
shrinkage=0.05


Tree=167
num_leaves=31
num_cat=8
split_feature=17 17 0 17 6 0 0 17 6 0 5 5 5 17 16 5 17 6 6 17 5 16 6 2 17 5 14 5 3 7
split_gain=20930.9 11426.1 4180.11 1521.95 1354.38 2099.31 438.909 259.295 730.437 1216.55 637.373 303.22 257.842 276.892 256.74 324.858 288.091 538.888 210.688 136.129 140.909 100.65 92.9239 79.2082 76.8434 75.9672 62.0695 60.1491 59.8276 57.8106
threshold=0 1 7.5000000000000009 2 9.5000000000000018 7.5000000000000009 7.5000000000000009 3 12.500000000000002 7.5000000000000009 21.250000000000004 16.250000000000004 13.500000000000002 4 170.08050000000003 12.750000000000002 5 11.500000000000002 21.500000000000004 6 23.750000000000004 39.929175000000008 11.500000000000002 14.000000000000002 7 23.750000000000004 769.92719166666677 23.750000000000004 17.500000000000004 1.0000000180025095e-35
decision_type=9 9 2 9 2 2 2 9 2 2 2 2 2 9 2 2 9 2 2 9 2 2 2 2 9 2 2 2 2 2
left_child=2 6 19 4 12 14 -2 8 11 10 23 -5 13 -3 15 16 18 -18 21 20 -1 -6 -23 -10 -14 -16 -22 -17 -7 -9
right_child=1 3 -4 7 5 28 -8 29 9 -11 -12 -13 24 -15 25 27 17 -19 -20 -21 26 22 -24 -25 -26 -27 -28 -29 -30 -31
leaf_value=-0.00014285759898142737 -0.00014285759898142737 6.6181615660632083e-06 0.00020908783874267202 -0.0053870563133401111 -0.0002052915363470742 0.00024058208207584643 4.327137810999915e-06 -0.003907967819979952 6.9093347283111235e-06 -0.0880239327593412 -0.13096898815451158 0.071541297906086321 0.013808467069248653 0.0021148494288348199 -0.00014285759898142737 -0.00014285759898142737 8.5624653217486472e-06 -0.00014285759898142737 4.0082693970600047e-06 -0.00014285759898142737 -0.00014285759898142737 -0.053920176424945822 6.9415819464557774e-05 -0.049940799794322289 -0.00014457854889493582 -0.00014285759898142737 0.2254821424010186 -0.00014285759898142737 -0.031764964606943558 0.00043654699294970456
leaf_weight=6492 146 1094 5011 1196 153 9014 13222 40316 2672 2124 307 1042 264 597 5161 3285 189 579 350 21994 1571 44 97 62 115 883 28 1020 1116 228717
leaf_count=6492 146 1094 5011 1196 153 9014 13222 40316 2672 2124 307 1042 264 597 5161 3285 189 579 350 21994 1571 44 97 62 115 883 28 1020 1116 228717
internal_value=-0.00285257 0.00124404 -0.0394662 -0.000769456 -0.0128551 -0.0165159 0.0464569 0.000278535 0.00950357 0.0198548 0.0401348 -0.0143432 0.0257971 0.0341514 -0.030886 -0.0232902 -0.00247875 -0.0230077 0.0220183 -0.0465199 -0.0406061 -0.00884354 0.0216312 0.0478054 -0.0114776 -0.0380708 -0.0273609 -0.0301161 0.000167818 2.43456e-05
internal_weight=348861 313765 35096 300397 23961 21891 13368 276436 7403 5165 3041 2238 2070 1691 11761 5717 1412 768 644 30085 8091 294 141 2734 379 6044 1599 4305 10130 269033
internal_count=348861 313765 35096 300397 23961 21891 13368 276436 7403 5165 3041 2238 2070 1691 11761 5717 1412 768 644 30085 8091 294 141 2734 379 6044 1599 4305 10130 269033
cat_boundaries=0 3 5 7 8 10 12 15 17
cat_threshold=167805074 1077936128 2 2147483648 1049088 0 2415919360 16384 0 2415919104 0 256 134217744 0 2 0 268435712
is_linear=0
shrinkage=0.05


Tree=168
num_leaves=31
num_cat=9
split_feature=17 17 0 17 6 0 0 5 17 16 5 17 6 17 6 0 5 5 6 17 5 16 6 2 17 5 14 5 17 6
split_gain=20971.1 11415 4159.84 1536.18 1356.72 2088.65 438.909 257.842 276.892 256.74 324.858 288.091 538.888 256.222 748.039 1208.89 631.92 292.279 210.688 136.129 140.909 100.65 92.9239 79.2082 76.8434 75.9672 62.0695 60.1491 58.5738 87.0073
threshold=0 1 7.5000000000000009 2 9.5000000000000018 7.5000000000000009 7.5000000000000009 13.500000000000002 3 170.08050000000003 12.750000000000002 4 11.500000000000002 5 12.500000000000002 7.5000000000000009 21.250000000000004 16.250000000000004 21.500000000000004 6 23.750000000000004 39.929175000000008 11.500000000000002 14.000000000000002 7 23.750000000000004 769.92719166666677 23.750000000000004 8 20.500000000000004
decision_type=9 9 2 9 2 2 2 2 9 2 2 9 2 9 2 2 2 2 2 9 2 2 2 2 9 2 2 2 9 2
left_child=2 6 19 4 7 9 -2 8 -3 10 11 18 -13 14 17 16 23 -5 21 20 -1 -6 -23 -16 -9 -11 -22 -12 -15 -30
right_child=1 3 -4 13 5 -7 -8 24 -10 25 27 12 -14 28 15 -17 -18 -19 -20 -21 26 22 -24 -25 -26 -27 -28 -29 29 -31
leaf_value=-0.00013571471903235378 -0.00013571471903235378 6.2872534877467251e-06 0.00019863344680555174 -0.005117703497673088 -0.0001950269595297094 2.9798633653665974e-05 4.1107809204632422e-06 0.013118043715786244 0.0020091069573930477 -0.00013571471903235378 -0.00013571471903235378 8.1343420556656561e-06 -0.00013571471903235378 0.00085595315893245434 6.5638679918933466e-06 -0.083622736121374122 -0.12442053874678601 0.067964233010781958 3.8078559271959025e-06 -0.00013571471903235378 -0.00013571471903235378 -0.05122416760369855 6.5945028491309904e-05 -0.047443759804606161 -0.00013734962145020013 -0.00013571471903235378 0.21420803528096766 -0.00013571471903235378 -0.0038859037259244113 0.0031999750548887818
leaf_weight=6492 146 1094 5011 1196 153 10130 13222 264 597 5161 3285 189 579 83172 2672 2124 307 1042 350 21994 1571 44 97 62 115 883 28 1020 170212 15649
leaf_count=6492 146 1094 5011 1196 153 10130 13222 264 597 5161 3285 189 579 83172 2672 2124 307 1042 350 21994 1571 44 97 62 115 883 28 1020 170212 15649
internal_value=-0.00283451 0.00126603 -0.0394833 -0.000746487 -0.0128885 -0.0165525 0.0464569 0.0257971 0.0341514 -0.030886 -0.0232902 -0.00247875 -0.0230077 0.000306389 0.0094766 0.0199516 0.0401677 -0.0146559 0.0220183 -0.0465199 -0.0406061 -0.00884354 0.0216312 0.0478054 -0.0114776 -0.0380708 -0.0273609 -0.0301161 5.37089e-05 -0.000439821
internal_weight=348861 313765 35096 300397 23961 21891 13368 2070 1691 11761 5717 1412 768 276436 7403 5165 3041 2238 644 30085 8091 294 141 2734 379 6044 1599 4305 269033 185861
internal_count=348861 313765 35096 300397 23961 21891 13368 2070 1691 11761 5717 1412 768 276436 7403 5165 3041 2238 644 30085 8091 294 141 2734 379 6044 1599 4305 269033 185861
cat_boundaries=0 3 5 7 9 11 12 15 17 19
cat_threshold=167805074 1077936128 2 2147483648 1049088 0 2415919360 0 2415919104 0 256 16384 134217744 0 2 0 268435712 16786432 2383049
is_linear=0
shrinkage=0.05


Tree=169
num_leaves=31
num_cat=9
split_feature=17 17 0 17 6 0 0 17 6 0 5 5 16 5 17 6 5 17 6 17 5 16 6 2 17 5 14 5 12 17
split_gain=20955.3 11428.5 4146.36 1535.44 1338.21 2088.65 438.909 262.358 750.294 1197.34 631.92 290.931 256.74 324.858 288.091 538.888 253.848 290.471 210.688 136.129 140.909 100.65 92.9239 79.2082 76.8434 75.9672 62.0695 60.1491 59.4608 103.797
threshold=0 1 7.5000000000000009 2 9.5000000000000018 7.5000000000000009 7.5000000000000009 3 12.500000000000002 7.5000000000000009 21.250000000000004 16.250000000000004 170.08050000000003 12.750000000000002 4 11.500000000000002 13.500000000000002 5 21.500000000000004 6 23.750000000000004 39.929175000000008 11.500000000000002 14.000000000000002 7 23.750000000000004 769.92719166666677 23.750000000000004 49.500000000000007 8
decision_type=9 9 2 9 2 2 2 9 2 2 2 2 2 2 9 2 2 9 2 9 2 2 2 2 9 2 2 2 2 9
left_child=2 6 19 4 16 12 -2 8 11 10 23 -5 13 14 18 -16 17 -3 21 20 -1 -6 -23 -10 -18 -14 -22 -15 -9 -30
right_child=1 3 -4 7 5 -7 -8 28 9 -11 -12 -13 25 27 15 -17 24 -19 -20 -21 26 22 -24 -25 -26 -27 -28 -29 29 -31
leaf_value=-0.00012892898308072275 -0.00012892898308072275 5.97289081336605e-06 0.00018870177446528302 -0.0048618183227894466 -0.00018527561155323724 2.8308701971013761e-05 3.9052418744134346e-06 0.00054220536192595148 6.2356745922809155e-06 -0.079441599315305436 -0.11819951180944673 0.064566021360242851 -0.00012892898308072275 -0.00012892898308072275 7.727624952869051e-06 -0.00012892898308072275 0.012462141529996897 0.001908651609523382 3.6174631308227845e-06 -0.00012892898308072275 -0.00012892898308072275 -0.04866295922351363 6.264777706674885e-05 -0.045071571814375849 -0.00013048214037767459 -0.00012892898308072275 0.2034976335169193 -0.00012892898308072275 -0.021116584625988113 0.000921670738714564
leaf_weight=6492 146 1094 5011 1196 153 10130 13222 227531 2672 2124 307 1042 5161 3285 189 579 264 597 350 21994 1571 44 97 62 115 883 28 1020 21101 20401
leaf_count=6492 146 1094 5011 1196 153 10130 13222 227531 2672 2124 307 1042 5161 3285 189 579 264 597 350 21994 1571 44 97 62 115 883 28 1020 21101 20401
internal_value=-0.00285973 0.00123926 -0.0394947 -0.000774449 -0.0129135 -0.0165525 0.0464569 0.000278174 0.00955753 0.0200484 0.0401677 -0.0146113 -0.030886 -0.0232902 -0.00247875 -0.0230077 0.0255072 0.0337966 0.0220183 -0.0465199 -0.0406061 -0.00884354 0.0216312 0.0478054 -0.0114776 -0.0380708 -0.0273609 -0.0301161 2.24871e-05 -0.00171799
internal_weight=348861 313765 35096 300397 23961 21891 13368 276436 7403 5165 3041 2238 11761 5717 1412 768 2070 1691 644 30085 8091 294 141 2734 379 6044 1599 4305 269033 41502
internal_count=348861 313765 35096 300397 23961 21891 13368 276436 7403 5165 3041 2238 11761 5717 1412 768 2070 1691 644 30085 8091 294 141 2734 379 6044 1599 4305 269033 41502
cat_boundaries=0 3 5 7 8 10 12 15 17 20
cat_threshold=167805074 1077936128 2 2147483648 1049088 0 2415919360 16384 0 256 0 2415919104 134217744 0 2 0 268435712 1418530820 254150673 5
is_linear=0
shrinkage=0.05


Tree=170
num_leaves=31
num_cat=8
split_feature=17 17 0 17 6 0 0 17 6 0 5 5 16 5 17 6 5 17 6 17 5 16 6 2 17 5 12 14 6 5
split_gain=21130.2 11403.2 4006.07 1546.57 1337.63 2086.36 438.909 265.298 759.802 1184.46 621.084 289.388 257.957 323.767 288.091 538.888 253.848 290.471 210.688 136.129 140.909 100.65 92.9239 79.2082 76.8434 75.9672 62.1403 62.0695 61.821 59.6233
threshold=0 1 7.5000000000000009 2 9.5000000000000018 7.5000000000000009 7.5000000000000009 3 12.500000000000002 7.5000000000000009 21.250000000000004 16.250000000000004 170.08050000000003 12.750000000000002 4 11.500000000000002 13.500000000000002 5 21.500000000000004 6 23.750000000000004 39.929175000000008 11.500000000000002 14.000000000000002 7 23.750000000000004 1.5000000000000002 769.92719166666677 15.500000000000002 23.750000000000004
decision_type=9 9 2 9 2 2 2 9 2 2 2 2 2 2 9 2 2 9 2 9 2 2 2 2 9 2 2 2 2 2
left_child=2 6 19 4 16 12 -2 8 11 10 23 -5 13 14 18 -16 17 -3 21 20 -1 -6 -23 -10 -18 -14 -4 -22 -11 -15
right_child=1 3 26 7 5 -7 -8 -9 9 28 -12 -13 25 29 15 -17 24 -19 -20 -21 27 22 -24 -25 -26 -27 -28 -29 -30 -31
leaf_value=-0.00012248253392668217 -0.00012248253392668217 5.6742462727132906e-06 0.002552407585404648 -0.0046187274066499919 -0.00017601183097557538 2.6893266872463074e-05 3.7099797807194079e-06 5.2984498825736637e-05 5.9238908626468861e-06 0.019106920442557442 -0.11228953621897438 0.061337720292230724 -0.00012248253392668217 -0.00012248253392668217 7.3412437052056136e-06 -0.00012248253392668217 0.011839034453497011 0.0018132190290471861 3.4365899742816453e-06 -0.00012248253392668217 -0.00012248253392668217 -0.046229811262337966 5.9515388213426949e-05 -0.042817993223657071 -0.00012395803335878421 -0.00012248253392668217 7.0400446480434203e-06 0.19332275184107331 -0.08442357166622419 -0.00012248253392668217
leaf_weight=6492 146 1094 384 1196 153 10130 13222 269033 2672 852 307 1042 5161 3285 189 579 264 597 350 21994 1571 44 97 62 115 883 4627 28 1272 1020
leaf_count=6492 146 1094 384 1196 153 10130 13222 269033 2672 852 307 1042 5161 3285 189 579 264 597 350 21994 1571 44 97 62 115 883 4627 28 1272 1020
internal_value=-0.00282677 0.0012893 -0.0396143 -0.000722187 -0.0129052 -0.0165433 0.0464569 0.000334242 0.00966545 0.0202227 0.0402335 -0.0146559 -0.030869 -0.0232552 -0.00247875 -0.0230077 0.0255072 0.0337966 0.0220183 -0.0465199 -0.0406061 -0.00884354 0.0216312 0.0478054 -0.0114776 -0.0380708 0.00176611 -0.0273609 -0.0084275 -0.0300697
internal_weight=348861 313765 35096 300397 23961 21891 13368 276436 7403 5165 3041 2238 11761 5717 1412 768 2070 1691 644 30085 8091 294 141 2734 379 6044 5011 1599 2124 4305
internal_count=348861 313765 35096 300397 23961 21891 13368 276436 7403 5165 3041 2238 11761 5717 1412 768 2070 1691 644 30085 8091 294 141 2734 379 6044 5011 1599 2124 4305
cat_boundaries=0 3 5 7 8 10 12 15 17
cat_threshold=167805074 1077936128 2 2147483648 1049088 0 2415919360 16384 0 256 0 2415919104 134217744 0 2 0 268435712
is_linear=0
shrinkage=0.05


Tree=171
num_leaves=31
num_cat=8
split_feature=17 17 0 17 6 0 0 17 6 0 5 5 16 5 17 6 5 17 6 17 5 16 6 2 17 5 12 14 6 5
split_gain=21132.2 11403.7 4002.76 1546.31 1337.63 2086.36 438.909 266.896 761.49 1179.89 621.084 289.388 257.957 323.767 288.091 538.888 253.848 290.471 210.688 136.129 140.909 100.65 92.9239 79.2082 76.8434 75.9672 62.2687 62.0695 60.709 59.6233
threshold=0 1 7.5000000000000009 2 9.5000000000000018 7.5000000000000009 7.5000000000000009 3 12.500000000000002 7.5000000000000009 21.250000000000004 16.250000000000004 170.08050000000003 12.750000000000002 4 11.500000000000002 13.500000000000002 5 21.500000000000004 6 23.750000000000004 39.929175000000008 11.500000000000002 14.000000000000002 7 23.750000000000004 1.5000000000000002 769.92719166666677 15.500000000000002 23.750000000000004
decision_type=9 9 2 9 2 2 2 9 2 2 2 2 2 2 9 2 2 9 2 9 2 2 2 2 9 2 2 2 2 2
left_child=2 6 19 4 16 12 -2 8 11 10 23 -5 13 14 18 -16 17 -3 21 20 -1 -6 -23 -10 -18 -14 -4 -22 -11 -15
right_child=1 3 26 7 5 -7 -8 -9 9 28 -12 -13 25 29 15 -17 24 -19 -20 -21 27 22 -24 -25 -26 -27 -28 -29 -30 -31
leaf_value=-0.00011635840723034363 -0.00011635840723034363 5.3905339590709648e-06 0.0024247872061343937 -0.0043877910363174788 -0.00016721123942677887 2.5548603528857685e-05 3.5244807916612331e-06 5.0335273884449806e-05 5.6276963195323054e-06 0.018151574420429608 -0.10667505940802564 0.058270834277619171 -0.00011635840723034363 -0.00011635840723034363 6.9741815199364513e-06 -0.00011635840723034363 0.0112470827308222 0.0017225580775948046 3.2647604755631223e-06 -0.00011635840723034363 -0.00011635840723034363 -0.043918320699221081 5.6539618802764484e-05 -0.040677093562474204 -0.0001177601316908472 -0.00011635840723034363 6.6880424156146041e-06 0.18365661424901966 -0.080202393082912993 -0.00011635840723034363
leaf_weight=6492 146 1094 384 1196 153 10130 13222 269033 2672 852 307 1042 5161 3285 189 579 264 597 350 21994 1571 44 97 62 115 883 4627 28 1272 1020
leaf_count=6492 146 1094 384 1196 153 10130 13222 269033 2672 852 307 1042 5161 3285 189 579 264 597 350 21994 1571 44 97 62 115 883 4627 28 1272 1020
internal_value=-0.00282792 0.00128834 -0.0396172 -0.000723186 -0.0129052 -0.0165433 0.0464569 0.000333157 0.00969243 0.0202614 0.0402335 -0.0146559 -0.030869 -0.0232552 -0.00247875 -0.0230077 0.0255072 0.0337966 0.0220183 -0.0465199 -0.0406061 -0.00884354 0.0216312 0.0478054 -0.0114776 -0.0380708 0.00174616 -0.0273609 -0.00833333 -0.0300697
internal_weight=348861 313765 35096 300397 23961 21891 13368 276436 7403 5165 3041 2238 11761 5717 1412 768 2070 1691 644 30085 8091 294 141 2734 379 6044 5011 1599 2124 4305
internal_count=348861 313765 35096 300397 23961 21891 13368 276436 7403 5165 3041 2238 11761 5717 1412 768 2070 1691 644 30085 8091 294 141 2734 379 6044 5011 1599 2124 4305
cat_boundaries=0 3 5 7 8 10 12 15 17
cat_threshold=167805074 1077936128 2 2147483648 1049088 0 2415919360 16384 0 256 0 2415919104 134217744 0 2 0 268435712
is_linear=0
shrinkage=0.05


Tree=172
num_leaves=31
num_cat=8
split_feature=17 17 0 17 6 0 0 17 6 0 5 5 16 5 17 6 5 17 6 17 5 16 6 2 17 5 14 12 5 6
split_gain=21113.4 11414.3 3999.45 1540.74 1334.26 2085.21 438.909 268.26 764.286 1177.6 621.084 287.849 258.567 325.306 292.946 543.005 253.185 292.764 213.662 136.129 140.909 102.935 93.2431 79.2082 76.8434 75.9672 62.0695 60.7305 60.2191 60.1568
threshold=0 1 7.5000000000000009 2 9.5000000000000018 7.5000000000000009 7.5000000000000009 3 12.500000000000002 7.5000000000000009 21.250000000000004 16.250000000000004 170.08050000000003 13.500000000000002 4 11.500000000000002 13.500000000000002 5 21.500000000000004 6 23.750000000000004 39.929175000000008 11.500000000000002 14.000000000000002 7 23.750000000000004 769.92719166666677 1.5000000000000002 23.750000000000004 15.500000000000002
decision_type=9 9 2 9 2 2 2 9 2 2 2 2 2 2 9 2 2 9 2 9 2 2 2 2 9 2 2 2 2 2
left_child=2 6 19 4 16 12 -2 8 11 10 23 -5 13 14 18 -16 17 -3 21 20 -1 -6 -23 -10 -18 -14 -22 -4 -15 -11
right_child=1 3 27 7 5 -7 -8 -9 9 29 -12 -13 25 28 15 -17 24 -19 -20 -21 26 22 -24 -25 -26 -27 -28 -29 -30 -31
leaf_value=-0.00011054048686882646 -0.00011054048686882646 5.1210072611329593e-06 0.0023035478458276692 -0.0041684014845015938 -0.00015885067745542437 2.4271173352374832e-05 3.3482567520337627e-06 4.7818510190245081e-05 5.3463115035512489e-06 0.017243995699408154 -0.10134130643762439 0.055357292563738184 -0.00011054048686882646 -0.00011054048686882646 6.6254724439218654e-06 -0.00011054048686882646 0.010684728594281091 0.0016364301737150201 3.1015224517982888e-06 -0.00011054048686882646 -0.00011054048686882646 -0.041722404664260006 5.3712637862624038e-05 -0.038643238884350506 -0.00011187212510632705 -0.00011054048686882646 0.17447378353656867 6.3536402948649599e-06 -0.00011054048686882646 -0.07619227342876736
leaf_weight=6492 146 1094 384 1196 155 10130 13222 269033 2672 852 307 1042 5161 3270 190 586 264 597 354 21994 1571 44 98 62 115 883 28 4627 1020 1272
leaf_count=6492 146 1094 384 1196 155 10130 13222 269033 2672 852 307 1042 5161 3270 190 586 264 597 354 21994 1571 44 98 62 115 883 28 4627 1020 1272
internal_value=-0.00284712 0.00126731 -0.03962 -0.000745156 -0.0129052 -0.0165388 0.0464569 0.000309283 0.00969243 0.0202807 0.0402335 -0.0147006 -0.0308605 -0.0232377 -0.00255781 -0.0231552 0.0254589 0.0337374 0.0220121 -0.0465199 -0.0406061 -0.00892256 0.021831 0.0478054 -0.0114776 -0.0380708 -0.0273609 0.0017262 -0.0301166 -0.00828625
internal_weight=348861 313765 35096 300397 23961 21891 13368 276436 7403 5165 3041 2238 11761 5717 1427 776 2070 1691 651 30085 8091 297 142 2734 379 6044 1599 5011 4290 2124
internal_count=348861 313765 35096 300397 23961 21891 13368 276436 7403 5165 3041 2238 11761 5717 1427 776 2070 1691 651 30085 8091 297 142 2734 379 6044 1599 5011 4290 2124
cat_boundaries=0 3 5 7 8 10 12 15 17
cat_threshold=167805074 1077936128 2 2147483648 1049088 0 2415919360 16384 0 256 0 2415919104 134217744 0 2 0 268435712
is_linear=0
shrinkage=0.05


Tree=173
num_leaves=31
num_cat=8
split_feature=17 17 0 17 6 0 0 17 6 0 5 5 16 5 17 6 5 17 6 17 5 16 6 2 17 5 14 12 5 6
split_gain=21102.9 11419.5 3999.45 1543.33 1325.65 2082.55 438.909 266.507 764.547 1182.17 621.084 286.314 258.567 325.306 292.946 543.005 251.202 299.693 213.662 136.129 140.909 102.935 93.2431 79.2082 76.8434 75.9672 62.0695 60.7305 60.2191 58.523
threshold=0 1 7.5000000000000009 2 9.5000000000000018 7.5000000000000009 7.5000000000000009 3 12.500000000000002 7.5000000000000009 21.250000000000004 16.250000000000004 170.08050000000003 13.500000000000002 4 11.500000000000002 13.500000000000002 5 21.500000000000004 6 23.750000000000004 39.929175000000008 11.500000000000002 14.000000000000002 7 23.750000000000004 769.92719166666677 1.5000000000000002 23.750000000000004 15.500000000000002
decision_type=9 9 2 9 2 2 2 9 2 2 2 2 2 2 9 2 2 9 2 9 2 2 2 2 9 2 2 2 2 2
left_child=2 6 19 4 16 12 -2 8 11 10 23 -5 13 14 18 -16 17 -3 21 20 -1 -6 -23 -10 -18 -14 -22 -4 -15 -11
right_child=1 3 27 7 5 -7 -8 -9 9 29 -12 -13 25 28 15 -17 24 -19 -20 -21 26 22 -24 -25 -26 -27 -28 -29 -30 -31
leaf_value=-0.00010501346252538291 -0.00010501346252538291 4.8649568980874139e-06 0.0021883704535363259 -0.0039599814102765146 -0.00015090814358265092 2.3057614684773855e-05 3.1808439143965473e-06 4.5427584680712846e-05 5.0789959283648049e-06 0.016381795914437714 -0.096274241115743175 0.052589427935551304 -0.00010501346252538291 -0.00010501346252538291 6.2941988217435353e-06 -0.00010501346252538291 0.010150492164567027 0.001554608665029278 2.9464463291883904e-06 -0.00010501346252538291 -0.00010501346252538291 -0.039636284431046991 5.1027005969483952e-05 -0.03671107694013296 -0.0001062785188509885 -0.00010501346252538291 0.16575009435974022 6.0359582801261526e-06 -0.00010501346252538291 -0.072382659757328979
leaf_weight=6492 146 1094 384 1196 155 10130 13222 269033 2672 852 307 1042 5161 3270 190 586 264 597 354 21994 1571 44 98 62 115 883 28 4627 1020 1272
leaf_count=6492 146 1094 384 1196 155 10130 13222 269033 2672 852 307 1042 5161 3270 190 586 264 597 354 21994 1571 44 98 62 115 883 28 4627 1020 1272
internal_value=-0.0028563 0.00125711 -0.03962 -0.000755808 -0.012926 -0.0165479 0.0464569 0.000299516 0.00965196 0.020242 0.0402335 -0.0147453 -0.0308605 -0.0232377 -0.00255781 -0.0231552 0.025314 0.03356 0.0220121 -0.0465199 -0.0406061 -0.00892256 0.021831 0.0478054 -0.0114776 -0.0380708 -0.0273609 0.0017262 -0.0301166 -0.00838041
internal_weight=348861 313765 35096 300397 23961 21891 13368 276436 7403 5165 3041 2238 11761 5717 1427 776 2070 1691 651 30085 8091 297 142 2734 379 6044 1599 5011 4290 2124
internal_count=348861 313765 35096 300397 23961 21891 13368 276436 7403 5165 3041 2238 11761 5717 1427 776 2070 1691 651 30085 8091 297 142 2734 379 6044 1599 5011 4290 2124
cat_boundaries=0 3 5 7 8 10 12 15 17
cat_threshold=167805074 1077936128 2 2147483648 1049088 0 2415919360 16384 0 256 0 2415919104 134217744 0 2 0 268435712
is_linear=0
shrinkage=0.05


Tree=174
num_leaves=31
num_cat=8
split_feature=17 17 0 17 6 0 0 16 5 17 6 17 6 0 5 5 5 17 6 17 5 16 6 2 17 5 14 12 4 6
split_gain=21117 11412.5 3999.45 1497.57 1312.09 2029.08 438.909 288.022 298.128 288.091 538.888 263.523 766.762 1186.76 621.084 283.257 251.202 299.693 210.688 136.129 140.909 100.65 92.9239 79.2082 76.8434 75.9672 62.0695 60.7305 57.1705 56.9117
threshold=0 1 7.5000000000000009 2 9.5000000000000018 7.5000000000000009 7.5000000000000009 170.08050000000003 12.750000000000002 3 11.500000000000002 4 12.500000000000002 7.5000000000000009 21.250000000000004 16.250000000000004 13.500000000000002 5 21.500000000000004 6 23.750000000000004 39.929175000000008 11.500000000000002 14.000000000000002 7 23.750000000000004 769.92719166666677 1.5000000000000002 -15.999999999999998 15.500000000000002
decision_type=9 9 2 9 2 2 2 2 2 9 2 9 2 2 2 2 2 9 2 9 2 2 2 2 9 2 2 2 2 2
left_child=2 6 19 4 16 7 -2 8 9 18 -11 12 15 14 23 -5 17 -3 21 20 -1 -6 -23 -14 -18 -9 -22 -4 -13 -15
right_child=1 3 27 11 5 -7 -8 25 -10 10 -12 28 13 29 -16 -17 24 -19 -20 -21 26 22 -24 -25 -26 -27 -28 -29 -30 -31
leaf_value=-9.9762789399093779e-05 -9.9762789399093779e-05 4.6217090531985867e-06 0.0020789519308594961 -0.0037619823397626821 -0.00014336273640349617 2.1904733950517399e-05 3.0218017187166882e-06 -9.9762789399093779e-05 -9.9762789399093779e-05 5.9794888806585795e-06 -9.9762789399093779e-05 0.074017756652758671 4.8250461319288014e-06 0.015562706118715842 -0.091460529059955997 0.049959956538773748 0.0096429675563387118 0.0014768782317777784 2.7991240127089868e-06 -9.9762789399093779e-05 -9.9762789399093779e-05 -0.037654470209494618 4.8475655670987555e-05 -0.034875523093126318 -0.00010096459290842574 -9.9762789399093779e-05 0.15746258964175319 5.7341603660887586e-06 -4.6823058502631913e-05 -0.068763526769462541
leaf_weight=6492 146 1094 384 1196 153 10130 13222 5161 4305 189 579 4541 2672 852 307 1042 264 597 350 21994 1571 44 97 62 115 883 28 4627 264492 1272
leaf_count=6492 146 1094 384 1196 153 10130 13222 5161 4305 189 579 4541 2672 852 307 1042 264 597 350 21994 1571 44 97 62 115 883 28 4627 264492 1272
internal_value=-0.00284397 0.00127082 -0.03962 -0.000741494 -0.01273 -0.0163332 0.0464569 -0.0304608 -0.0224156 -0.00247875 -0.0230077 0.000298069 0.009598 0.0202033 0.0402335 -0.0148347 0.025314 0.03356 0.0220183 -0.0465199 -0.0406061 -0.00884354 0.0216312 0.0478054 -0.0114776 -0.0380708 -0.0273609 0.0017262 4.18149e-05 -0.00847458
internal_weight=348861 313765 35096 300397 23961 21891 13368 11761 5717 1412 768 276436 7403 5165 3041 2238 2070 1691 644 30085 8091 294 141 2734 379 6044 1599 5011 269033 2124
internal_count=348861 313765 35096 300397 23961 21891 13368 11761 5717 1412 768 276436 7403 5165 3041 2238 2070 1691 644 30085 8091 294 141 2734 379 6044 1599 5011 269033 2124
cat_boundaries=0 3 5 7 9 10 12 15 17
cat_threshold=167805074 1077936128 2 2147483648 1049088 0 2415919360 0 256 16384 0 2415919104 134217744 0 2 0 268435712
is_linear=0
shrinkage=0.05


Tree=175
num_leaves=31
num_cat=9
split_feature=17 17 0 17 6 0 0 16 5 17 6 17 6 0 5 5 5 17 6 17 5 16 6 2 17 5 14 5 17 6
split_gain=21128.4 11414.2 3982.93 1496.74 1308.76 2027.95 438.909 288.666 299.427 292.946 543.005 263.728 766.762 1186.76 621.084 283.257 250.543 302.019 213.662 136.129 140.909 102.935 93.2431 79.2082 76.8434 75.9672 62.0695 57.3309 94.5094 107.719
threshold=0 1 7.5000000000000009 2 9.5000000000000018 7.5000000000000009 7.5000000000000009 170.08050000000003 13.500000000000002 3 11.500000000000002 4 12.500000000000002 7.5000000000000009 21.250000000000004 16.250000000000004 13.500000000000002 5 21.500000000000004 6 23.750000000000004 39.929175000000008 11.500000000000002 14.000000000000002 7 23.750000000000004 769.92719166666677 26.250000000000004 8 16.500000000000004
decision_type=9 9 2 9 2 2 2 2 2 9 2 9 2 2 2 2 2 9 2 9 2 2 2 2 9 2 2 2 9 2
left_child=2 6 19 4 16 7 -2 8 9 18 -11 12 15 14 23 -5 17 -3 21 20 -1 -6 -23 -14 -18 -9 -22 -4 29 -29
right_child=1 3 27 11 5 -7 -8 25 -10 10 -12 -13 13 -15 -16 -17 24 -19 -20 -21 26 22 -24 -25 -26 -27 -28 28 -30 -31
leaf_value=-9.4774649929130206e-05 -9.4774649929130206e-05 4.3906236005586411e-06 0.0010200286335161125 -0.0035738832227745656 -0.00013619459958333913 2.0809497253004851e-05 2.87071163276309e-06 -9.4774649929130206e-05 -9.4774649929130206e-05 5.6805144366123272e-06 -9.4774649929130206e-05 3.9368264967443169e-05 4.5837938253523454e-06 -0.059895833243459977 -0.08688750260695817 0.047461958711835096 0.0091608191785217848 0.0014030343201889119 2.6591678120801988e-06 -9.4774649929130206e-05 -9.4774649929130206e-05 -0.035771746699019905 4.6051872887442614e-05 -0.033131746938469986 -9.5916363263004456e-05 -9.4774649929130206e-05 0.14958946015966554 -0.0010115421833252647 0.00017767409344173759 0.0028225438756184218
leaf_weight=6492 146 1094 2901 1196 155 10130 13222 5161 4290 190 586 269033 2672 2124 307 1042 264 597 354 21994 1571 44 98 62 115 883 28 653 1140 317
leaf_count=6492 146 1094 2901 1196 155 10130 13222 5161 4290 190 586 269033 2672 2124 307 1042 264 597 354 21994 1571 44 98 62 115 883 28 653 1140 317
internal_value=-0.00284827 0.00126763 -0.0396343 -0.000744823 -0.01273 -0.0163286 0.0464569 -0.0304523 -0.0223981 -0.00255781 -0.0231552 0.000294452 0.009598 0.0202033 0.0402335 -0.0148347 0.0252657 0.0335009 0.0220121 -0.0465199 -0.0406061 -0.00892256 0.021831 0.0478054 -0.0114776 -0.0380708 -0.0273609 0.00162642 -0.00464455 -0.0160204
internal_weight=348861 313765 35096 300397 23961 21891 13368 11761 5717 1427 776 276436 7403 5165 3041 2238 2070 1691 651 30085 8091 297 142 2734 379 6044 1599 5011 2110 970
internal_count=348861 313765 35096 300397 23961 21891 13368 11761 5717 1427 776 276436 7403 5165 3041 2238 2070 1691 651 30085 8091 297 142 2734 379 6044 1599 5011 2110 970
cat_boundaries=0 3 5 7 9 10 12 15 17 20
cat_threshold=167805074 1077936128 2 2147483648 1049088 0 2415919360 0 256 16384 0 2415919104 134217744 0 2 0 268435712 33554432 0 2
is_linear=0
shrinkage=0.05


Tree=176
num_leaves=31
num_cat=8
split_feature=17 17 0 17 6 0 0 16 5 17 6 17 6 0 5 5 5 17 6 17 5 16 6 2 17 5 14 12 3 7
split_gain=21058.9 11410.8 4069.23 1503.71 1293.6 2027.95 438.909 288.666 299.427 292.946 543.005 283.434 788.952 1127.86 621.084 283.257 247.259 313.779 213.662 136.129 140.909 102.935 93.2431 79.2082 76.8434 75.9672 62.0695 58.6334 56.8081 56.4172
threshold=0 1 7.5000000000000009 2 9.5000000000000018 7.5000000000000009 7.5000000000000009 170.08050000000003 13.500000000000002 3 11.500000000000002 4 12.500000000000002 7.5000000000000009 21.250000000000004 16.250000000000004 13.500000000000002 5 21.500000000000004 6 23.750000000000004 39.929175000000008 11.500000000000002 14.000000000000002 7 23.750000000000004 769.92719166666677 4.5000000000000009 142.50000000000003 1.0000000180025095e-35
decision_type=9 9 2 9 2 2 2 2 2 9 2 9 2 2 2 2 2 9 2 9 2 2 2 2 9 2 2 2 2 2
left_child=2 6 19 4 16 7 -2 8 9 18 -11 12 15 14 23 -5 17 -3 21 20 -1 -6 -23 -14 -18 -9 -22 -4 -13 -29
right_child=1 3 27 11 5 -7 -8 25 -10 10 -12 28 13 -15 -16 -17 24 -19 -20 -21 26 22 -24 -25 -26 -27 -28 29 -30 -31
leaf_value=-9.0035917432684809e-05 -9.0035917432684809e-05 4.1710924205240472e-06 0.0017398015719633621 -0.0033951890616358508 -0.00012938486960418772 1.9769022390381253e-05 2.7271760511204946e-06 -9.0035917432684809e-05 -9.0035917432684809e-05 5.3964887147817109e-06 -9.0035917432684809e-05 1.8547915689293149e-05 4.3546041340825075e-06 -0.056901041581286997 -0.082543127476610287 0.045088860776243328 0.0087027782195956867 0.0013328826041794529 2.526209421471748e-06 -9.0035917432684809e-05 -9.0035917432684809e-05 -0.033983159364068927 4.3749279243066046e-05 -0.031475159591546474 -9.1120545099876446e-05 -9.0035917432684809e-05 0.14210998715168227 0.0021171473180018551 1.2190035938174191 -6.1718204705574209e-05
leaf_weight=6492 146 1094 733 1196 155 10130 13222 5161 4290 190 586 268843 2672 2124 307 1042 264 597 354 21994 1571 44 98 62 115 883 28 333 190 3945
leaf_count=6492 146 1094 733 1196 155 10130 13222 5161 4290 190 586 268843 2672 2124 307 1042 264 597 354 21994 1571 44 98 62 115 883 28 333 190 3945
internal_value=-0.0028348 0.00127432 -0.0395602 -0.000737832 -0.0127508 -0.0163286 0.0464569 -0.0304523 -0.0223981 -0.00255781 -0.0231552 0.000303857 0.00994874 0.0207067 0.0402335 -0.0148347 0.0250242 0.0332052 0.0220121 -0.0465199 -0.0406061 -0.00892256 0.021831 0.0478054 -0.0114776 -0.0380708 -0.0273609 0.00214528 3.8098e-05 -9.35016e-05
internal_weight=348861 313765 35096 300397 23961 21891 13368 11761 5717 1427 776 276436 7403 5165 3041 2238 2070 1691 651 30085 8091 297 142 2734 379 6044 1599 5011 269033 4278
internal_count=348861 313765 35096 300397 23961 21891 13368 11761 5717 1427 776 276436 7403 5165 3041 2238 2070 1691 651 30085 8091 297 142 2734 379 6044 1599 5011 269033 4278
cat_boundaries=0 3 5 7 9 10 12 15 17
cat_threshold=167805074 1077936128 2 2147483648 1049088 0 2415919360 0 256 16384 0 2415919104 134217744 0 2 0 268435712
is_linear=0
shrinkage=0.05


Tree=177
num_leaves=31
num_cat=9
split_feature=17 17 0 17 6 0 0 16 5 17 6 17 6 0 5 5 5 17 6 17 5 16 6 2 17 5 14 14 5 17
split_gain=21066.1 11410.1 4008.29 1504.04 1293.6 2027.95 438.909 288.666 299.427 292.946 543.005 287.327 796.109 1114.48 621.084 281.734 247.259 313.779 213.662 142.824 137.265 102.935 93.2431 79.2082 76.8434 75.9672 62.0695 57.4624 80.0964 81.0638
threshold=0 1 7.5000000000000009 2 9.5000000000000018 7.5000000000000009 7.5000000000000009 170.08050000000003 13.500000000000002 3 11.500000000000002 4 12.500000000000002 7.5000000000000009 21.250000000000004 16.250000000000004 13.500000000000002 5 21.500000000000004 6 23.750000000000004 39.929175000000008 11.500000000000002 14.000000000000002 7 23.750000000000004 769.92719166666677 109.90533333333335 26.250000000000004 8
decision_type=9 9 2 9 2 2 2 2 2 9 2 9 2 2 2 2 2 9 2 9 2 2 2 2 9 2 2 2 2 9
left_child=2 6 19 4 16 7 -2 8 9 18 -11 12 15 14 23 -5 17 -3 21 20 -1 -6 -23 -14 -18 -9 -22 -4 29 -29
right_child=1 3 27 11 5 -7 -8 25 -10 10 -12 -13 13 -15 -16 -17 24 -19 -20 -21 26 22 -24 -25 -26 -27 -28 28 -30 -31
leaf_value=-8.5534121561048348e-05 -8.5534121561048348e-05 3.9625377994845225e-06 -0.0012219322612210704 -0.0032254296085540536 -0.00012291562612398721 1.878057127084887e-05 2.5908172485600291e-06 -8.5534121561048348e-05 -8.5534121561048348e-05 5.1266642790537282e-06 -8.5534121561048348e-05 3.4687102323349706e-05 4.1368739273739406e-06 -0.054055989502222637 -0.078415971102779786 0.042834417737431178 0.0082676393086159369 0.0012662384739704714 2.3998989504114834e-06 -8.5534121561048348e-05 -8.5534121561048348e-05 -0.032284001395865493 4.1561815280921621e-05 -0.02990140161196915 -8.656451784490039e-05 -8.5534121561048348e-05 0.13500448779409813 -0.00013845820186739744 -7.1372217416154626e-05 0.0022259967074112377
leaf_weight=6492 146 1094 844 1196 155 10130 13222 5161 4290 190 586 269033 2672 2124 307 1042 264 597 354 21994 1571 44 98 62 115 883 28 492 1897 1778
leaf_count=6492 146 1094 844 1196 155 10130 13222 5161 4290 190 586 269033 2672 2124 307 1042 264 597 354 21994 1571 44 98 62 115 883 28 492 1897 1778
internal_value=-0.00283422 0.0012756 -0.0395659 -0.000736501 -0.0127508 -0.0163286 0.0464569 -0.0304523 -0.0223981 -0.00255781 -0.0231552 0.000305304 0.0100162 0.0208228 0.0402335 -0.0148794 0.0250242 0.0332052 0.0220121 -0.0464733 -0.0404333 -0.00892256 0.021831 0.0478054 -0.0114776 -0.0380708 -0.0273609 0.00182598 0.00423566 0.0105727
internal_weight=348861 313765 35096 300397 23961 21891 13368 11761 5717 1427 776 276436 7403 5165 3041 2238 2070 1691 651 30085 8091 297 142 2734 379 6044 1599 5011 4167 2270
internal_count=348861 313765 35096 300397 23961 21891 13368 11761 5717 1427 776 276436 7403 5165 3041 2238 2070 1691 651 30085 8091 297 142 2734 379 6044 1599 5011 4167 2270
cat_boundaries=0 3 5 7 9 10 12 15 17 18
cat_threshold=167805074 1077936128 2 2147483648 1049088 0 2415919360 0 256 16384 0 2415919104 134217744 0 2 0 268435712 134217730
is_linear=0
shrinkage=0.05


Tree=178
num_leaves=31
num_cat=9
split_feature=17 17 0 17 6 0 0 17 6 0 5 5 17 6 5 17 16 6 17 5 5 5 6 17 6 2 17 14 15 14
split_gain=21020.8 11425.1 4017.12 1590.46 1279.38 2115.89 438.909 288.211 805.569 1105.6 621.084 277.191 267.874 1079.87 239.468 342.864 195.023 156.821 143.791 139.372 129.401 122.785 103.178 97.459 83.3527 79.2082 76.8434 61.8593 55.5772 70.6542
threshold=0 1 7.5000000000000009 2 9.5000000000000018 7.5000000000000009 7.5000000000000009 3 12.500000000000002 7.5000000000000009 21.250000000000004 16.250000000000004 4 17.500000000000004 13.500000000000002 5 39.929175000000008 11.500000000000002 6 23.750000000000004 13.500000000000002 23.750000000000004 20.500000000000004 7 21.500000000000004 14.000000000000002 8 769.92719166666677 65.000000000000014 59.911883333333343
decision_type=9 9 2 9 2 2 2 9 2 2 2 2 9 2 2 9 2 2 9 2 2 2 2 9 2 2 9 2 2 2
left_child=2 6 18 4 14 12 -2 8 11 10 25 -5 13 -6 15 -3 24 20 19 -1 23 -19 -18 -14 -15 -10 -16 -21 -9 -30
right_child=1 3 -4 7 5 -7 -8 28 9 -11 -12 -13 17 16 26 -17 22 21 -20 27 -22 -23 -24 -25 -26 -27 -28 -29 29 -31
leaf_value=-8.125741548301591e-05 -8.125741548301591e-05 3.7644109095236192e-06 0.00010540641653893346 -0.003064158128126371 -0.0007471365600814295 1.7841542707319748e-05 2.4612763861675547e-06 -9.7436931733696504e-06 3.9300302310252277e-06 -0.051353190027111473 -0.074495172547640778 0.040692696850559609 4.870331065109923e-06 -0.00011676984481781006 0.0078542573431851 0.0012029265502719435 0.23687940378138717 -8.125741548301591e-05 -8.125741548301591e-05 -8.125741548301591e-05 -8.125741548301591e-05 -8.125741548301591e-05 2.2799040028775866e-06 -2.0584078299634712e-07 6.7387886593550663e-06 -0.02840633153137069 -8.223629195267535e-05 0.12825426340439325 0.19921186945071698 -0.0050056159639209064
leaf_weight=6492 146 1094 5011 1196 2588 10130 13222 266310 2672 2124 307 1042 105 269 264 597 405 5488 21994 1571 1403 872 423 108 100 62 115 28 1308 1415
leaf_count=6492 146 1094 5011 1196 2588 10130 13222 266310 2672 2124 307 1042 105 269 264 597 405 5488 21994 1571 1403 872 423 108 100 62 115 28 1308 1415
internal_value=-0.00285945 0.00124596 -0.0395516 -0.000767459 -0.0131221 -0.0166804 0.0464569 0.000303857 0.0100297 0.0209003 0.0402335 -0.0150134 -0.031107 -0.0199605 0.0244444 0.0324956 0.0192565 -0.0363261 -0.0464667 -0.0404086 -0.0224629 -0.0399057 0.0327295 0.0138498 -0.0109756 0.0478054 -0.0114776 -0.0272358 3.58679e-05 0.00714286
internal_weight=348861 313765 35096 300397 23961 21891 13368 276436 7403 5165 3041 2238 11761 3785 2070 1691 1197 7976 30085 8091 1616 6360 828 213 369 2734 379 1599 269033 2723
internal_count=348861 313765 35096 300397 23961 21891 13368 276436 7403 5165 3041 2238 11761 3785 2070 1691 1197 7976 30085 8091 1616 6360 828 213 369 2734 379 1599 269033 2723
cat_boundaries=0 3 5 7 8 10 12 15 17 19
cat_threshold=167805074 1077936128 2 2147483648 1049088 0 2415919360 16384 0 256 0 2415919104 134217744 0 2 0 2147483648 0 268435712
is_linear=0
shrinkage=0.05


Tree=179
num_leaves=31
num_cat=9
split_feature=17 17 0 17 6 0 0 17 6 0 5 5 17 6 5 17 16 6 17 5 5 5 6 17 6 2 17 14 3 3
split_gain=21035.5 11426.6 3997.25 1590.76 1279.66 2117.04 438.909 288.383 808.445 1103.39 621.084 275.685 266.983 1076.73 239.468 342.864 193.947 156.821 143.791 139.372 129.401 122.785 104.626 97.459 83.3527 79.2082 76.8434 61.8593 54.9236 54.6624
threshold=0 1 7.5000000000000009 2 9.5000000000000018 7.5000000000000009 7.5000000000000009 3 12.500000000000002 7.5000000000000009 21.250000000000004 16.250000000000004 4 17.500000000000004 13.500000000000002 5 39.929175000000008 11.500000000000002 6 23.750000000000004 13.500000000000002 23.750000000000004 20.500000000000004 7 21.500000000000004 14.000000000000002 8 769.92719166666677 17.500000000000004 142.50000000000003
decision_type=9 9 2 9 2 2 2 9 2 2 2 2 9 2 2 9 2 2 9 2 2 2 2 9 2 2 9 2 2 2
left_child=2 6 18 4 14 12 -2 8 11 10 25 -5 13 -6 15 -3 24 20 19 -1 23 -19 -18 -14 -15 -10 -16 -21 -7 -9
right_child=1 3 -4 7 5 28 -8 29 9 -11 -12 -13 17 16 26 -17 22 21 -20 27 -22 -23 -24 -25 -26 -27 -28 -29 -30 -31
leaf_value=-7.7194544708847357e-05 -7.7194544708847357e-05 3.5761903640629811e-06 0.00010013609571197791 -0.0029109502217200323 -0.00070977973207737583 0.0002157038098903108 2.3382125668547363e-06 1.2797676857712049e-05 3.7335287194739666e-06 -0.048785530525755919 -0.070770413920258735 0.038658062008031638 4.6268145118766318e-06 -0.00011093135257693732 0.0074615444760258503 0.0011427802227583328 0.22503543359231781 -7.7194544708847357e-05 -7.7194544708847357e-05 -7.7194544708847357e-05 -7.7194544708847357e-05 -7.7194544708847357e-05 2.165908802753691e-06 -1.9554874386429333e-07 6.4018492263784314e-06 -0.026986014954802153 -7.8124477355023822e-05 0.12184155023417356 -0.030189565544678134 1.1580521669560895
leaf_weight=6492 146 1094 5011 1196 2588 9014 13222 268843 2672 2124 307 1042 105 269 264 597 405 5488 21994 1571 1403 872 423 108 100 62 115 28 1116 190
leaf_count=6492 146 1094 5011 1196 2588 9014 13222 268843 2672 2124 307 1042 105 269 264 597 405 5488 21994 1571 1403 872 423 108 100 62 115 28 1116 190
internal_value=-0.00286375 0.00124309 -0.0395687 -0.000770455 -0.0131263 -0.0166849 0.0464569 0.000300963 0.0100297 0.0209197 0.0402335 -0.0150581 -0.0311156 -0.0199868 0.0244444 0.0324956 0.0191729 -0.0363261 -0.0464667 -0.0404086 -0.0224629 -0.0399057 0.0326087 0.0138498 -0.0109756 0.0478054 -0.0114776 -0.0272358 6.91017e-05 3.28944e-05
internal_weight=348861 313765 35096 300397 23961 21891 13368 276436 7403 5165 3041 2238 11761 3785 2070 1691 1197 7976 30085 8091 1616 6360 828 213 369 2734 379 1599 10130 269033
internal_count=348861 313765 35096 300397 23961 21891 13368 276436 7403 5165 3041 2238 11761 3785 2070 1691 1197 7976 30085 8091 1616 6360 828 213 369 2734 379 1599 10130 269033
cat_boundaries=0 3 5 7 8 10 12 15 17 19
cat_threshold=167805074 1077936128 2 2147483648 1049088 0 2415919360 16384 0 256 0 2415919104 134217744 0 2 0 2147483648 0 268435712
is_linear=0
shrinkage=0.05


Tree=180
num_leaves=31
num_cat=10
split_feature=17 17 0 17 6 0 0 17 6 0 5 5 17 6 5 17 16 6 17 5 5 5 6 17 6 2 17 14 5 17
split_gain=21096.9 11426.7 3928.09 1588.53 1279.09 2119.73 438.909 286.85 818.247 1098.97 621.084 269.702 266.983 1076.73 239.468 342.864 193.947 156.821 143.791 139.372 129.401 122.785 104.626 97.459 83.3527 79.2082 76.8434 61.8593 55.7005 82.8967
threshold=0 1 7.5000000000000009 2 9.5000000000000018 7.5000000000000009 7.5000000000000009 3 12.500000000000002 7.5000000000000009 21.250000000000004 16.250000000000004 4 17.500000000000004 13.500000000000002 5 39.929175000000008 11.500000000000002 6 23.750000000000004 13.500000000000002 23.750000000000004 20.500000000000004 7 21.500000000000004 14.000000000000002 8 769.92719166666677 26.250000000000004 9
decision_type=9 9 2 9 2 2 2 9 2 2 2 2 9 2 2 9 2 2 9 2 2 2 2 9 2 2 9 2 2 9
left_child=2 6 18 4 14 12 -2 8 11 10 25 -5 13 -6 15 -3 24 20 19 -1 23 -19 -18 -14 -15 -10 -16 -21 29 -4
right_child=1 3 28 7 5 -7 -8 -9 9 -11 -12 -13 17 16 26 -17 22 21 -20 27 -22 -23 -24 -25 -26 -27 -28 -29 -30 -31
leaf_value=-7.3334817473424971e-05 -7.3334817473424971e-05 3.3973808458487301e-06 0.0019884129476850812 -0.0027654027106340353 -0.00067429074547349372 3.8408891143681961e-05 2.221301938476472e-06 3.2562415831360879e-05 3.5468522835202524e-06 -0.046346253999468123 -0.067231893224245817 0.036725158907630021 4.3954737862783588e-06 -0.00010538478494810378 0.0070884672522245401 0.0010856412116203808 0.21378366191270193 -7.3334817473424971e-05 -7.3334817473424971e-05 -7.3334817473424971e-05 -7.3334817473424971e-05 -7.3334817473424971e-05 2.0576133626271089e-06 -1.8577130669328313e-07 6.0817567650417466e-06 -0.025636714207062063 -7.421825348727929e-05 0.11574947272246489 -9.1593680674950664e-05 -0.00014181241738659979
leaf_weight=6492 146 1094 1580 1196 2588 10130 13222 269033 2672 2124 307 1042 105 269 264 597 405 5488 21994 1571 1403 872 423 108 100 62 115 28 2110 1321
leaf_count=6492 146 1094 1580 1196 2588 10130 13222 269033 2672 2124 307 1042 105 269 264 597 405 5488 21994 1571 1403 872 423 108 100 62 115 28 2110 1321
internal_value=-0.00287005 0.00124277 -0.0396286 -0.000770788 -0.0131179 -0.0166758 0.0464569 0.000299878 0.0100027 0.0209584 0.0402335 -0.0152368 -0.0311156 -0.0199868 0.0244444 0.0324956 0.0191729 -0.0363261 -0.0464667 -0.0404086 -0.0224629 -0.0399057 0.0326087 0.0138498 -0.0109756 0.0478054 -0.0114776 -0.0272358 0.00134704 0.00584281
internal_weight=348861 313765 35096 300397 23961 21891 13368 276436 7403 5165 3041 2238 11761 3785 2070 1691 1197 7976 30085 8091 1616 6360 828 213 369 2734 379 1599 5011 2901
internal_count=348861 313765 35096 300397 23961 21891 13368 276436 7403 5165 3041 2238 11761 3785 2070 1691 1197 7976 30085 8091 1616 6360 828 213 369 2734 379 1599 5011 2901
cat_boundaries=0 3 5 7 8 10 12 15 17 19 22
cat_threshold=167805074 1077936128 2 2147483648 1049088 0 2415919360 16384 0 256 0 2415919104 134217744 0 2 0 2147483648 0 268435712 32784 0 2
is_linear=0
shrinkage=0.05


Tree=181
num_leaves=31
num_cat=9
split_feature=17 17 0 17 6 0 0 17 6 17 6 0 5 5 5 17 16 6 17 5 5 5 14 6 17 6 2 17 14 2
split_gain=21079.3 11419.5 3964.24 1546.5 1266.9 2070.34 438.909 306.586 1015.24 288.404 825.806 1090.16 621.084 266.735 239.468 342.864 193.947 156.821 143.791 139.372 129.401 122.785 109.038 104.626 97.459 83.3527 79.2082 76.8434 61.8593 54.5312
threshold=0 1 7.5000000000000009 2 9.5000000000000018 7.5000000000000009 7.5000000000000009 3 17.500000000000004 4 12.500000000000002 7.5000000000000009 21.250000000000004 16.250000000000004 13.500000000000002 5 39.929175000000008 11.500000000000002 6 23.750000000000004 13.500000000000002 23.750000000000004 169.92435000000003 20.500000000000004 7 21.500000000000004 14.000000000000002 8 769.92719166666677 142.50000000000003
decision_type=9 9 2 9 2 2 2 9 2 9 2 2 2 2 2 9 2 2 9 2 2 2 2 2 9 2 2 9 2 2
left_child=2 6 18 4 14 7 -2 8 22 10 13 12 26 -5 15 -3 25 20 19 -1 24 -19 -6 -18 -9 -10 -12 -16 -21 -11
right_child=1 3 -4 9 5 -7 -8 17 16 29 11 -13 -14 -15 27 -17 23 21 -20 28 -22 -23 -24 -25 -26 -27 -28 -29 -30 -31
leaf_value=-6.9668076599738174e-05 -6.9668076599738174e-05 3.2275118035496322e-06 9.6017737182840798e-05 -0.0026271325751023424 -0.0085486778307899414 3.6488446586524502e-05 2.1102368415348851e-06 4.1757000969866452e-06 -0.00010011554570068527 8.046507105108348e-06 3.3695096693264761e-06 -0.04402894129949475 -0.063870298563033501 0.034888900962248483 0.0067340438896133399 0.0010313591510393572 0.20309447881706683 -6.9668076599738174e-05 -6.9668076599738174e-05 -6.9668076599738174e-05 -6.9668076599738174e-05 -6.9668076599738174e-05 -0.00054630276773708357 1.954732694509076e-06 -1.7648274135417808e-07 5.7776689267985411e-06 -0.024354878496708966 -7.0507340812930863e-05 0.10996199908634163 1.0996822087456166
leaf_weight=6492 146 1094 5011 1196 302 10130 13222 105 269 268835 2672 2124 307 1042 264 597 405 5488 21994 1571 1403 872 2286 423 108 100 62 115 28 198
leaf_count=6492 146 1094 5011 1196 302 10130 13222 105 269 268835 2672 2124 307 1042 264 597 405 5488 21994 1571 1403 872 2286 423 108 100 62 115 28 198
internal_value=-0.002854 0.00125711 -0.0395972 -0.000755808 -0.0129386 -0.0164794 0.0464569 -0.0307499 -0.0188538 0.000300601 0.0100297 0.0210358 0.0402335 -0.0153262 0.0244444 0.0324956 0.0191729 -0.0363261 -0.0464667 -0.0404086 -0.0224629 -0.0399057 -0.0365147 0.0326087 0.0138498 -0.0109756 0.0478054 -0.0114776 -0.0272358 3.25227e-05
internal_weight=348861 313765 35096 300397 23961 21891 13368 11761 3785 276436 7403 5165 3041 2238 2070 1691 1197 7976 30085 8091 1616 6360 2588 828 213 369 2734 379 1599 269033
internal_count=348861 313765 35096 300397 23961 21891 13368 11761 3785 276436 7403 5165 3041 2238 2070 1691 1197 7976 30085 8091 1616 6360 2588 828 213 369 2734 379 1599 269033
cat_boundaries=0 3 5 7 9 10 12 15 17 19
cat_threshold=167805074 1077936128 2 2147483648 1049088 0 2415919360 0 256 16384 0 2415919104 134217744 0 2 0 2147483648 0 268435712
is_linear=0
shrinkage=0.05


Tree=182
num_leaves=31
num_cat=8
split_feature=17 17 0 17 6 0 17 6 0 5 5 17 6 6 5 17 0 16 17 5 5 14 6 5 6 6 2 17 14 0
split_gain=21184.6 11530.7 3895.37 1450.33 1238.78 1957.75 289.269 832.517 1083.57 621.084 263.784 263.585 1015.24 287.829 239.468 342.864 230.695 193.947 143.791 139.372 122.785 109.038 104.626 89.0561 85.353 83.3527 79.2082 76.8434 61.8593 53.8684
threshold=0 1 7.5000000000000009 2 9.5000000000000018 7.5000000000000009 3 12.500000000000002 7.5000000000000009 21.250000000000004 16.250000000000004 4 17.500000000000004 11.500000000000002 13.500000000000002 5 7.5000000000000009 39.929175000000008 6 23.750000000000004 23.750000000000004 169.92435000000003 20.500000000000004 13.500000000000002 11.500000000000002 21.500000000000004 14.000000000000002 7 769.92719166666677 112.50000000000001
decision_type=9 9 2 9 2 2 9 2 2 2 2 9 2 2 2 9 2 2 9 2 2 2 2 2 2 2 2 9 2 2
left_child=2 16 18 4 14 11 7 10 9 26 -5 12 21 23 15 -3 24 25 19 -1 -15 -6 -19 -13 -2 -14 -9 -16 -21 -8
right_child=1 3 -4 6 5 -7 29 8 -10 -11 -12 13 17 20 27 -17 -18 22 -20 28 -22 -23 -24 -25 -26 -27 -28 -29 -30 -31
leaf_value=-6.6184672769731284e-05 1.3980177153705143e-07 3.0661362133699299e-06 9.1216850323672113e-05 -0.0024957759463472232 -0.008121243939250445 3.4664024257224924e-05 -8.7061257610709933e-06 3.2010341858512704e-06 -0.041827494234520035 -0.060676783634881826 0.03314445591413602 3.9669150921461947e-06 -9.5109768415646556e-05 -6.6184672769731284e-05 0.0063973416951326641 0.00097979119348741146 2.0047249994270543e-06 0.19293975487621348 -6.6184672769731284e-05 -6.6184672769731284e-05 -6.6184672769731284e-05 -0.00051898762935023159 1.8569960597680791e-06 -6.6184672769731284e-05 -6.6184672769731284e-05 5.4887854804785979e-06 -0.023137134571873521 -6.6981973772284325e-05 0.10446389913202454 0.51009216361878129
leaf_weight=6492 65 1094 5011 1196 302 10130 268208 2672 2124 307 1042 213 269 5488 264 597 13222 405 21994 1571 872 2286 423 1403 81 100 62 115 28 825
leaf_count=6492 65 1094 5011 1196 302 10130 268208 2672 2124 307 1042 213 269 5488 264 597 13222 405 21994 1571 872 2286 423 1403 81 100 62 115 28 825
internal_value=-0.00282218 0.00129918 -0.039657 -0.000723518 -0.0125214 -0.0160226 0.000299516 0.0100432 0.0210939 0.0402335 -0.0154155 -0.0298997 -0.0188538 -0.0350739 0.0244444 0.0324956 0.0467185 0.0191729 -0.0464667 -0.0404086 -0.0399057 -0.0365147 0.0326087 -0.0162748 -0.0157534 -0.0109756 0.0478054 -0.0114776 -0.0272358 3.10359e-05
internal_weight=348861 313765 35096 300397 23961 21891 276436 7403 5165 3041 2238 11761 3785 7976 2070 1691 13368 1197 30085 8091 6360 2588 828 1616 146 369 2734 379 1599 269033
internal_count=348861 313765 35096 300397 23961 21891 276436 7403 5165 3041 2238 11761 3785 7976 2070 1691 13368 1197 30085 8091 6360 2588 828 1616 146 369 2734 379 1599 269033
cat_boundaries=0 3 5 7 8 10 12 15 17
cat_threshold=167805074 1077936128 2 2147483648 1049088 0 2415919360 16384 0 256 0 2415919104 134217744 0 2 0 268435712
is_linear=0
shrinkage=0.05


Tree=183
num_leaves=31
num_cat=10
split_feature=17 17 0 17 6 0 16 17 6 0 5 5 5 17 0 6 17 14 17 17 5 5 6 6 5 16 2 17 6 17
split_gain=21231.5 11507.7 3895.37 1315.49 1198.28 1799.02 338.38 290.156 836.325 1079.19 621.084 262.315 239.468 342.864 230.695 162.599 643.259 197.163 188.242 143.791 139.372 133.443 128 85.353 80.2846 84.4726 79.2082 76.8434 63.2708 81.7489
threshold=0 1 7.5000000000000009 2 9.5000000000000018 7.5000000000000009 190.03565000000003 3 12.500000000000002 7.5000000000000009 21.250000000000004 16.250000000000004 13.500000000000002 4 7.5000000000000009 21.500000000000004 5 199.90795000000003 6 7 23.750000000000004 13.500000000000002 13.500000000000002 11.500000000000002 13.500000000000002 70.071108333333342 14.000000000000002 8 11.500000000000002 9
decision_type=9 9 2 9 2 2 2 9 2 2 2 2 2 9 2 2 9 2 9 9 2 2 2 2 2 2 2 9 2 9
left_child=2 14 19 4 12 6 15 8 11 10 26 -5 13 -3 23 17 -17 18 24 20 -1 22 -20 -2 -6 -26 -10 -14 -8 -30
right_child=1 3 -4 7 5 -7 28 -9 9 -11 -12 -13 27 -15 -16 16 -18 -19 21 -21 -22 -23 -24 -25 25 -27 -28 -29 29 -31
leaf_value=-6.2875439131238056e-05 1.3281168294021485e-07 2.9128294027014335e-06 8.6656007807484062e-05 -0.0023709871490298798 -3.6600435890932206e-07 3.2930823044363679e-05 -6.2875439131238056e-05 3.0967275972582091e-05 3.0409824765431638e-06 -0.039736119522794017 -0.057642944453137716 0.03148723311842918 0.0060774746103760442 0.0009308016338130721 1.9044887494601427e-06 1.7641462567663525e-06 -6.2875439131238056e-05 -6.2875439131238056e-05 3.7685693375255626e-06 -6.2875439131238056e-05 -6.2875439131238056e-05 -6.2875439131238056e-05 -6.2875439131238056e-05 -6.2875439131238056e-05 -6.2875439131238056e-05 1.3281168294021485e-07 -0.021980277843279827 -6.3632875083685653e-05 -6.2875439131238056e-05 -6.2875439131238056e-05
leaf_weight=6492 65 1094 5011 1196 204 10130 312 269033 2672 2124 307 1042 264 597 13222 411 393 3222 96 21994 1599 865 48 81 312 629 62 115 3122 2147
leaf_count=6492 65 1094 5011 1196 204 10130 312 269033 2672 2124 307 1042 264 597 13222 411 393 3222 96 21994 1599 865 48 81 312 629 62 115 3122 2147
internal_value=-0.00278148 0.00134443 -0.039657 -0.000676249 -0.0119123 -0.0153556 -0.0286583 0.000298069 0.0100567 0.0211326 0.0402335 -0.0154602 0.0244444 0.0324956 0.0467185 -0.0205987 0.000373134 -0.0237351 -0.0120241 -0.0464667 -0.0404086 -0.0276251 0.0166667 -0.0157534 0.00194805 0.00812965 0.0478054 -0.0114776 -0.0375829 -0.0388783
internal_weight=348861 313765 35096 300397 23961 21891 11761 276436 7403 5165 3041 2238 2070 1691 13368 6180 804 5376 2154 30085 8091 1009 144 146 1145 941 2734 379 5581 5269
internal_count=348861 313765 35096 300397 23961 21891 11761 276436 7403 5165 3041 2238 2070 1691 13368 6180 804 5376 2154 30085 8091 1009 144 146 1145 941 2734 379 5581 5269
cat_boundaries=0 3 5 7 8 10 12 14 17 19 21
cat_threshold=167805074 1077936128 2 2147483648 1049088 0 2415919360 16384 0 2415919104 0 256 0 268435712 134217744 0 2 0 268435712 0 2147483904
is_linear=0
shrinkage=0.05


Tree=184
num_leaves=31
num_cat=10
split_feature=17 17 0 17 6 0 16 17 6 0 5 5 5 17 0 6 17 14 17 17 5 5 6 6 5 16 2 17 6 17
split_gain=21229.2 11508.8 3895.37 1319.84 1199.66 1792.85 338.38 295.842 851.37 1057.42 621.084 257.932 239.468 342.864 230.695 162.599 643.259 197.163 188.242 143.791 139.372 133.443 128 85.353 80.2846 84.4726 79.2082 76.8434 63.2708 81.7489
threshold=0 1 7.5000000000000009 2 9.5000000000000018 7.5000000000000009 190.03565000000003 3 12.500000000000002 7.5000000000000009 21.250000000000004 16.250000000000004 13.500000000000002 4 7.5000000000000009 21.500000000000004 5 199.90795000000003 6 7 23.750000000000004 13.500000000000002 13.500000000000002 11.500000000000002 13.500000000000002 70.071108333333342 14.000000000000002 8 11.500000000000002 9
decision_type=9 9 2 9 2 2 2 9 2 2 2 2 2 9 2 2 9 2 9 9 2 2 2 2 2 2 2 9 2 9
left_child=2 14 19 4 12 6 15 8 11 10 26 -5 13 -3 23 17 -17 18 24 20 -1 22 -20 -2 -6 -26 -10 -14 -8 -30
right_child=1 3 -4 7 5 -7 28 -9 9 -11 -12 -13 27 -15 -16 16 -18 -19 21 -21 -22 -23 -24 -25 25 -27 -28 -29 29 -31
leaf_value=-5.9731667174656167e-05 1.2617109881318811e-07 2.7671879325730231e-06 8.2323207417100982e-05 -0.0022524377915783766 -3.477041409460924e-07 3.1284281892141053e-05 -5.9731667174656167e-05 2.9418912173939662e-05 2.8889333527182262e-06 -0.037749313546654339 -0.054760797230480843 0.029912871462507696 0.0057736008798572776 0.00088426155212237853 1.809264311969372e-06 1.6759389439346962e-06 -5.9731667174656167e-05 -5.9731667174656167e-05 3.5801408706515048e-06 -5.9731667174656167e-05 -5.9731667174656167e-05 -5.9731667174656167e-05 -5.9731667174656167e-05 -5.9731667174656167e-05 -5.9731667174656167e-05 1.2617109881318811e-07 -0.020881263951115826 -6.0451231329494705e-05 -5.9731667174656167e-05 -5.9731667174656167e-05
leaf_weight=6492 65 1094 5011 1196 204 10130 312 269033 2672 2124 307 1042 264 597 13222 411 393 3222 96 21994 1599 865 48 81 312 629 62 115 3122 2147
leaf_count=6492 65 1094 5011 1196 204 10130 312 269033 2672 2124 307 1042 264 597 13222 411 393 3222 96 21994 1599 865 48 81 312 629 62 115 3122 2147
internal_value=-0.00278349 0.0013422 -0.039657 -0.000678579 -0.0119332 -0.0153785 -0.0286583 0.000297346 0.0101511 0.0213262 0.0402335 -0.0155943 0.0244444 0.0324956 0.0467185 -0.0205987 0.000373134 -0.0237351 -0.0120241 -0.0464667 -0.0404086 -0.0276251 0.0166667 -0.0157534 0.00194805 0.00812965 0.0478054 -0.0114776 -0.0375829 -0.0388783
internal_weight=348861 313765 35096 300397 23961 21891 11761 276436 7403 5165 3041 2238 2070 1691 13368 6180 804 5376 2154 30085 8091 1009 144 146 1145 941 2734 379 5581 5269
internal_count=348861 313765 35096 300397 23961 21891 11761 276436 7403 5165 3041 2238 2070 1691 13368 6180 804 5376 2154 30085 8091 1009 144 146 1145 941 2734 379 5581 5269
cat_boundaries=0 3 5 7 8 10 12 14 17 19 21
cat_threshold=167805074 1077936128 2 2147483648 1049088 0 2415919360 16384 0 2415919104 0 256 0 268435712 134217744 0 2 0 268435712 0 2147483904
is_linear=0
shrinkage=0.05


Tree=185
num_leaves=31
num_cat=10
split_feature=17 17 0 17 6 0 16 17 6 0 5 5 5 17 0 6 17 14 17 17 5 5 6 6 5 16 2 17 6 17
split_gain=21286.6 11508.2 3833.58 1324.07 1188.04 1792.85 338.38 307.114 863.916 1027.32 621.084 257.932 251.101 342.864 230.695 162.599 643.259 197.163 188.242 143.791 139.372 133.443 128 85.353 80.2846 84.4726 79.2082 71.9507 63.2708 81.7489
threshold=0 1 7.5000000000000009 2 9.5000000000000018 7.5000000000000009 190.03565000000003 3 12.500000000000002 7.5000000000000009 21.250000000000004 16.250000000000004 13.500000000000002 4 7.5000000000000009 21.500000000000004 5 199.90795000000003 6 7 23.750000000000004 13.500000000000002 13.500000000000002 11.500000000000002 13.500000000000002 70.071108333333342 14.000000000000002 8 11.500000000000002 9
decision_type=9 9 2 9 2 2 2 9 2 2 2 2 2 9 2 2 9 2 9 9 2 2 2 2 2 2 2 9 2 9
left_child=2 14 19 4 12 6 15 8 11 10 26 -5 13 -3 23 17 -17 18 24 20 -1 22 -20 -2 -6 -26 -10 -14 -8 -30
right_child=1 3 -4 7 5 -7 28 -9 9 -11 -12 -13 27 -15 -16 16 -18 -19 21 -21 -22 -23 -24 -25 25 -27 -28 -29 29 -31
leaf_value=-5.6745083815901159e-05 1.1986254389029227e-07 2.6288285359221677e-06 7.8207047046241487e-05 -0.0021398159019994536 -3.3031893389434689e-07 2.9720067797534002e-05 -5.6745083815901159e-05 2.7947966565244897e-05 2.7444866850689921e-06 -0.03586184786932161 -0.052022757368956812 0.028417227889382349 0.0054849208358644045 0.00084004847451621964 1.7188010963842261e-06 1.5921419967313001e-06 -5.6745083815901159e-05 -5.6745083815901159e-05 3.4011338271078276e-06 -5.6745083815901159e-05 -5.6745083815901159e-05 -5.6745083815901159e-05 -5.6745083815901159e-05 -5.6745083815901159e-05 -5.6745083815901159e-05 1.1986254389029227e-07 -0.019837200753560016 -5.7428669763037735e-05 -5.6745083815901159e-05 -5.6745083815901159e-05
leaf_weight=6492 65 1094 5011 1196 204 10130 312 269033 2672 2124 307 1042 264 597 13222 411 393 3222 96 21994 1599 865 48 81 312 629 62 115 3122 2147
leaf_count=6492 65 1094 5011 1196 204 10130 312 269033 2672 2124 307 1042 264 597 13222 411 393 3222 96 21994 1599 865 48 81 312 629 62 115 3122 2147
internal_value=-0.00278779 0.00134348 -0.0397112 -0.000677248 -0.0119499 -0.0153785 -0.0286583 0.000300239 0.0103399 0.0215973 0.0402335 -0.0155943 0.0242512 0.0324956 0.0467185 -0.0205987 0.000373134 -0.0237351 -0.0120241 -0.0464667 -0.0404086 -0.0276251 0.0166667 -0.0157534 0.00194805 0.00812965 0.0478054 -0.012533 -0.0375829 -0.0388783
internal_weight=348861 313765 35096 300397 23961 21891 11761 276436 7403 5165 3041 2238 2070 1691 13368 6180 804 5376 2154 30085 8091 1009 144 146 1145 941 2734 379 5581 5269
internal_count=348861 313765 35096 300397 23961 21891 11761 276436 7403 5165 3041 2238 2070 1691 13368 6180 804 5376 2154 30085 8091 1009 144 146 1145 941 2734 379 5581 5269
cat_boundaries=0 3 5 7 8 10 12 14 17 19 21
cat_threshold=167805074 1077936128 2 2147483648 1049088 0 2415919360 16384 0 2415919104 0 256 0 268435712 134217744 0 2 0 268435712 0 2147483904
is_linear=0
shrinkage=0.05


Tree=186
num_leaves=31
num_cat=10
split_feature=17 17 0 17 6 0 16 17 6 0 5 5 5 17 0 6 17 14 17 17 5 5 6 6 5 16 2 17 6 17
split_gain=21285.9 11508.5 3833.58 1324.89 1185.15 1792.85 338.38 314.609 878.019 1003.98 621.084 255.03 254.052 342.864 230.695 162.599 643.259 197.163 188.242 143.791 139.372 133.443 128 85.353 80.2846 84.4726 79.2082 70.7477 63.2708 81.7489
threshold=0 1 7.5000000000000009 2 9.5000000000000018 7.5000000000000009 190.03565000000003 3 12.500000000000002 7.5000000000000009 21.250000000000004 16.250000000000004 13.500000000000002 4 7.5000000000000009 21.500000000000004 5 199.90795000000003 6 7 23.750000000000004 13.500000000000002 13.500000000000002 11.500000000000002 13.500000000000002 70.071108333333342 14.000000000000002 8 11.500000000000002 9
decision_type=9 9 2 9 2 2 2 9 2 2 2 2 2 9 2 2 9 2 9 9 2 2 2 2 2 2 2 9 2 9
left_child=2 14 19 4 12 6 15 8 11 10 26 -5 13 -3 23 17 -17 18 24 20 -1 22 -20 -2 -6 -26 -10 -14 -8 -30
right_child=1 3 -4 7 5 -7 28 -9 9 -11 -12 -13 27 -15 -16 16 -18 -19 21 -21 -22 -23 -24 -25 25 -27 -28 -29 29 -31
leaf_value=-5.3907829625110537e-05 1.1386941669577766e-07 2.4973871091127364e-06 7.4296694693920534e-05 -0.0020328251068994609 -3.1380298719518863e-07 2.8234064407683947e-05 -5.3907829625110537e-05 2.6550568236993756e-05 2.6072623508177629e-06 -0.034068755475855549 -0.049421619500508968 0.026996366494913195 0.0052106747940712239 0.00079804605079036861 1.6328610415783375e-06 1.5125348968858532e-06 -5.3907829625110537e-05 -5.3907829625110537e-05 3.2310771357568769e-06 -5.3907829625110537e-05 -5.3907829625110537e-05 -5.3907829625110537e-05 -5.3907829625110537e-05 -5.3907829625110537e-05 -5.3907829625110537e-05 1.1386941669577766e-07 -0.018845340715881998 -5.4557236274899168e-05 -5.3907829625110537e-05 -5.3907829625110537e-05
leaf_weight=6492 65 1094 5011 1196 204 10130 312 269033 2672 2124 307 1042 264 597 13222 411 393 3222 96 21994 1599 865 48 81 312 629 62 115 3122 2147
leaf_count=6492 65 1094 5011 1196 204 10130 312 269033 2672 2124 307 1042 264 597 13222 411 393 3222 96 21994 1599 865 48 81 312 629 62 115 3122 2147
internal_value=-0.00278836 0.00134284 -0.0397112 -0.000677914 -0.011954 -0.0153785 -0.0286583 0.000299878 0.0104614 0.0218103 0.0402335 -0.0156836 0.0242029 0.0324956 0.0467185 -0.0205987 0.000373134 -0.0237351 -0.0120241 -0.0464667 -0.0404086 -0.0276251 0.0166667 -0.0157534 0.00194805 0.00812965 0.0478054 -0.0127968 -0.0375829 -0.0388783
internal_weight=348861 313765 35096 300397 23961 21891 11761 276436 7403 5165 3041 2238 2070 1691 13368 6180 804 5376 2154 30085 8091 1009 144 146 1145 941 2734 379 5581 5269
internal_count=348861 313765 35096 300397 23961 21891 11761 276436 7403 5165 3041 2238 2070 1691 13368 6180 804 5376 2154 30085 8091 1009 144 146 1145 941 2734 379 5581 5269
cat_boundaries=0 3 5 7 8 10 12 14 17 19 21
cat_threshold=167805074 1077936128 2 2147483648 1049088 0 2415919360 16384 0 2415919104 0 256 0 268435712 134217744 0 2 0 268435712 0 2147483904
is_linear=0
shrinkage=0.05


Tree=187
num_leaves=31
num_cat=9
split_feature=17 17 0 17 6 0 16 17 6 0 5 5 5 17 0 6 17 14 17 17 5 5 6 6 5 16 2 17 5 14
split_gain=21326.6 11507.4 3791.58 1325.44 1185.15 1792.85 338.38 321.169 885.289 987.165 621.084 255.03 254.052 342.864 230.695 162.599 643.259 197.163 188.242 143.791 139.372 133.443 128 85.353 80.2846 84.4726 79.2082 70.7477 68.5987 83.6995
threshold=0 1 7.5000000000000009 2 9.5000000000000018 7.5000000000000009 190.03565000000003 3 12.500000000000002 7.5000000000000009 21.250000000000004 16.250000000000004 13.500000000000002 4 7.5000000000000009 21.500000000000004 5 199.90795000000003 6 7 23.750000000000004 13.500000000000002 13.500000000000002 11.500000000000002 13.500000000000002 70.071108333333342 14.000000000000002 8 26.250000000000004 110.02055833333334
decision_type=9 9 2 9 2 2 2 9 2 2 2 2 2 9 2 2 9 2 9 9 2 2 2 2 2 2 2 9 2 2
left_child=2 14 19 4 12 6 15 8 11 10 26 -5 13 -3 23 17 -17 18 24 20 -1 22 -20 -2 -6 -26 -10 -14 29 -4
right_child=1 3 28 7 5 -7 -8 -9 9 -11 -12 -13 27 -15 -16 16 -18 -19 21 -21 -22 -23 -24 -25 25 -27 -28 -29 -30 -31
leaf_value=-5.1212438143855016e-05 1.0817594584544566e-07 2.3725177536348953e-06 -0.0010950944738353564 -0.0019311838515545078 -2.9811283783764966e-07 2.6822361187317514e-05 -5.1212438143855016e-05 2.5223039825128525e-05 2.4768992332724338e-06 -0.032365317702062815 -0.046950538525483504 0.025646548170167538 0.0049501410543676631 0.00075814374825089459 1.5512179895260659e-06 1.4369081520193561e-06 -5.1212438143855016e-05 -5.1212438143855016e-05 3.0695232789756947e-06 -5.1212438143855016e-05 -5.1212438143855016e-05 -5.1212438143855016e-05 -5.1212438143855016e-05 -5.1212438143855016e-05 -5.1212438143855016e-05 1.0817594584544566e-07 -0.017903073680087901 -5.1829374461132005e-05 -0.00011244987386476169 0.0010510665311580958
leaf_weight=6492 65 1094 658 1196 204 10130 5581 269033 2672 2124 307 1042 264 597 13222 411 393 3222 96 21994 1599 865 48 81 312 629 62 115 2110 2243
leaf_count=6492 65 1094 658 1196 204 10130 5581 269033 2672 2124 307 1042 264 597 13222 411 393 3222 96 21994 1599 865 48 81 312 629 62 115 2110 2243
internal_value=-0.00279008 0.00134507 -0.0397482 -0.000675583 -0.011954 -0.0153785 -0.0286583 0.00030241 0.0105693 0.0219652 0.0402335 -0.0156836 0.0242029 0.0324956 0.0467185 -0.0205987 0.000373134 -0.0237351 -0.0120241 -0.0464667 -0.0404086 -0.0276251 0.0166667 -0.0157534 0.00194805 0.00812965 0.0478054 -0.0127968 0.00050888 0.0054981
internal_weight=348861 313765 35096 300397 23961 21891 11761 276436 7403 5165 3041 2238 2070 1691 13368 6180 804 5376 2154 30085 8091 1009 144 146 1145 941 2734 379 5011 2901
internal_count=348861 313765 35096 300397 23961 21891 11761 276436 7403 5165 3041 2238 2070 1691 13368 6180 804 5376 2154 30085 8091 1009 144 146 1145 941 2734 379 5011 2901
cat_boundaries=0 3 5 7 8 10 12 14 17 19
cat_threshold=167805074 1077936128 2 2147483648 1049088 0 2415919360 16384 0 2415919104 0 256 0 268435712 134217744 0 2 0 268435712
is_linear=0
shrinkage=0.05


Tree=188
num_leaves=31
num_cat=10
split_feature=17 17 0 17 6 0 17 6 0 5 16 5 17 5 0 6 17 14 17 17 5 5 6 6 2 5 16 17 6 17
split_gain=21320.2 11500.4 3814.17 1328.8 1185.15 1792.85 358.349 931.975 1048.2 510.962 338.38 254.052 342.864 249.461 230.695 162.599 643.259 197.163 188.242 143.791 139.372 133.443 128 85.353 81.0745 80.2846 84.4726 70.7477 63.2708 81.7489
threshold=0 1 7.5000000000000009 2 9.5000000000000018 7.5000000000000009 3 12.500000000000002 7.5000000000000009 23.750000000000004 190.03565000000003 13.500000000000002 4 16.250000000000004 7.5000000000000009 21.500000000000004 5 199.90795000000003 6 7 23.750000000000004 13.500000000000002 13.500000000000002 11.500000000000002 14.000000000000002 13.500000000000002 70.071108333333342 8 11.500000000000002 9
decision_type=9 9 2 9 2 2 9 2 2 2 2 2 9 2 2 2 9 2 9 9 2 2 2 2 2 2 2 9 2 9
left_child=2 14 19 4 11 10 7 13 9 24 15 12 -3 -5 23 17 -17 18 25 20 -1 22 -20 -2 -9 -6 -27 -13 -12 -30
right_child=1 3 -4 6 5 -7 -8 8 -10 -11 28 27 -14 -15 -16 16 -18 -19 21 -21 -22 -23 -24 -25 -26 26 -28 -29 29 -31
leaf_value=-4.8651816236677808e-05 1.0276714856871649e-07 2.2538918659442687e-06 3.9584655378899214e-05 -0.0018346246589767913 -2.8320719596131029e-07 2.5481243127956077e-05 2.3961887833889862e-05 2.3530542716088123e-06 -0.030747051816959692 -0.044603011599209319 -4.8651816236677808e-05 0.0047026340016492977 0.00072023656083839436 0.024364220761659186 1.4736570900453217e-06 1.3650627444405929e-06 -4.8651816236677808e-05 -4.8651816236677808e-05 2.9160471150202484e-06 -4.8651816236677808e-05 -4.8651816236677808e-05 -4.8651816236677808e-05 -4.8651816236677808e-05 -4.8651816236677808e-05 -0.017007919996083486 -4.8651816236677808e-05 1.0276714856871649e-07 -4.9237905738053206e-05 -4.8651816236677808e-05 -4.8651816236677808e-05
leaf_weight=6492 65 1094 5011 1196 204 10130 269033 2727 2124 250 312 264 597 1042 13222 411 393 3222 96 21994 1599 865 48 81 64 312 629 115 3122 2147
leaf_count=6492 65 1094 5011 1196 204 10130 269033 2727 2124 250 312 264 597 1042 13222 411 393 3222 96 21994 1599 865 48 81 64 312 629 115 3122 2147
internal_value=-0.00277575 0.00135878 -0.0397283 -0.00066127 -0.011954 -0.0153785 0.000317964 0.0111628 0.0228558 0.0416804 -0.0286583 0.0242029 0.0324956 -0.015773 0.0467185 -0.0205987 0.000373134 -0.0237351 -0.0120241 -0.0464667 -0.0404086 -0.0276251 0.0166667 -0.0157534 0.0478144 0.00194805 0.00812965 -0.0127968 -0.0375829 -0.0388783
internal_weight=348861 313765 35096 300397 23961 21891 276436 7403 5165 3041 11761 2070 1691 2238 13368 6180 804 5376 2154 30085 8091 1009 144 146 2791 1145 941 379 5581 5269
internal_count=348861 313765 35096 300397 23961 21891 276436 7403 5165 3041 11761 2070 1691 2238 13368 6180 804 5376 2154 30085 8091 1009 144 146 2791 1145 941 379 5581 5269
cat_boundaries=0 3 5 7 8 10 12 14 17 19 21
cat_threshold=167805074 1077936128 2 2147483648 1049088 0 2415919360 16384 0 2415919104 0 256 0 268435712 134217744 0 2 0 268435712 0 2147483904
is_linear=0
shrinkage=0.05


Tree=189
num_leaves=31
num_cat=10
split_feature=17 17 0 17 6 0 17 6 0 5 16 5 17 5 0 6 17 14 17 17 5 5 6 6 2 5 16 17 6 17
split_gain=21317.2 11501.9 3814.17 1328.1 1185.15 1792.85 358.564 935.068 1046.04 510.962 338.38 254.052 342.864 248.032 230.695 162.599 643.259 197.163 188.242 143.791 139.372 133.443 128 85.353 81.0745 80.2846 84.4726 70.7477 63.2708 81.7489
threshold=0 1 7.5000000000000009 2 9.5000000000000018 7.5000000000000009 3 12.500000000000002 7.5000000000000009 23.750000000000004 190.03565000000003 13.500000000000002 4 16.250000000000004 7.5000000000000009 21.500000000000004 5 199.90795000000003 6 7 23.750000000000004 13.500000000000002 13.500000000000002 11.500000000000002 14.000000000000002 13.500000000000002 70.071108333333342 8 11.500000000000002 9
decision_type=9 9 2 9 2 2 9 2 2 2 2 2 9 2 2 2 9 2 9 9 2 2 2 2 2 2 2 9 2 9
left_child=2 14 19 4 11 10 7 13 9 24 15 12 -3 -5 23 17 -17 18 25 20 -1 22 -20 -2 -9 -6 -27 -13 -12 -30
right_child=1 3 -4 6 5 -7 -8 8 -10 -11 28 27 -14 -15 -16 16 -18 -19 21 -21 -22 -23 -24 -25 -26 26 -28 -29 29 -31
leaf_value=-4.6219225424826151e-05 9.7628791140280676e-08 2.1411972726426144e-06 3.7605422609932051e-05 -0.0017428934260279583 -2.6904683614326075e-07 2.4207180971558276e-05 2.2763793442193148e-05 2.2354015580372535e-06 -0.029209699226111718 -0.042372861019248864 -4.6219225424826151e-05 0.0044675023015668279 0.0006842247327965012 0.023146009723576191 1.3999742355608192e-06 1.2968096072096813e-06 -4.6219225424826151e-05 -4.6219225424826151e-05 2.7702447592758973e-06 -4.6219225424826151e-05 -4.6219225424826151e-05 -4.6219225424826151e-05 -4.6219225424826151e-05 -4.6219225424826151e-05 -0.016157523996279323 -4.6219225424826151e-05 9.7628791140280676e-08 -4.6776010451132778e-05 -4.6219225424826151e-05 -4.6219225424826151e-05
leaf_weight=6492 65 1094 5011 1196 204 10130 269033 2727 2124 250 312 264 597 1042 13222 411 393 3222 96 21994 1599 865 48 81 64 312 629 115 3122 2147
leaf_count=6492 65 1094 5011 1196 204 10130 269033 2727 2124 250 312 264 597 1042 13222 411 393 3222 96 21994 1599 865 48 81 64 312 629 115 3122 2147
internal_value=-0.00277833 0.00135591 -0.0397283 -0.000664265 -0.011954 -0.0153785 0.000314709 0.0111628 0.0228751 0.0416804 -0.0286583 0.0242029 0.0324956 -0.0158177 0.0467185 -0.0205987 0.000373134 -0.0237351 -0.0120241 -0.0464667 -0.0404086 -0.0276251 0.0166667 -0.0157534 0.0478144 0.00194805 0.00812965 -0.0127968 -0.0375829 -0.0388783
internal_weight=348861 313765 35096 300397 23961 21891 276436 7403 5165 3041 11761 2070 1691 2238 13368 6180 804 5376 2154 30085 8091 1009 144 146 2791 1145 941 379 5581 5269
internal_count=348861 313765 35096 300397 23961 21891 276436 7403 5165 3041 11761 2070 1691 2238 13368 6180 804 5376 2154 30085 8091 1009 144 146 2791 1145 941 379 5581 5269
cat_boundaries=0 3 5 7 8 10 12 14 17 19 21
cat_threshold=167805074 1077936128 2 2147483648 1049088 0 2415919360 16384 0 2415919104 0 256 0 268435712 134217744 0 2 0 268435712 0 2147483904
is_linear=0
shrinkage=0.05


Tree=190
num_leaves=31
num_cat=10
split_feature=17 17 0 17 6 0 17 6 0 5 16 5 17 5 0 6 17 14 17 17 5 5 6 6 2 5 16 17 6 17
split_gain=21318.2 11501.4 3814.17 1328.33 1185.15 1792.85 362.068 938.815 1037.45 510.962 338.38 254.052 342.864 248.032 230.695 162.599 643.259 197.163 188.242 143.791 139.372 133.443 128 85.353 81.0745 80.2846 84.4726 70.7477 63.2708 81.7489
threshold=0 1 7.5000000000000009 2 9.5000000000000018 7.5000000000000009 3 12.500000000000002 7.5000000000000009 23.750000000000004 190.03565000000003 13.500000000000002 4 16.250000000000004 7.5000000000000009 21.500000000000004 5 199.90795000000003 6 7 23.750000000000004 13.500000000000002 13.500000000000002 11.500000000000002 14.000000000000002 13.500000000000002 70.071108333333342 8 11.500000000000002 9
decision_type=9 9 2 9 2 2 9 2 2 2 2 2 9 2 2 2 9 2 9 9 2 2 2 2 2 2 2 9 2 9
left_child=2 14 19 4 11 10 7 13 9 24 15 12 -3 -5 23 17 -17 18 25 20 -1 22 -20 -2 -9 -6 -27 -13 -12 -30
right_child=1 3 -4 6 5 -7 -8 8 -10 -11 28 27 -14 -15 -16 16 -18 -19 21 -21 -22 -23 -24 -25 -26 26 -28 -29 29 -31
leaf_value=-4.3908264153591504e-05 9.2747351576605297e-08 2.034137409001602e-06 3.5725151479404359e-05 -0.0016557487547265383 -2.555944943249955e-07 2.2996821923015889e-05 2.1625603770081271e-05 2.1236314801331702e-06 -0.027749214264806144 -0.040254217968286411 -4.3908264153591504e-05 0.0042441271864884561 0.0006500134961566318 0.02198870923739742 1.329975523756133e-06 1.2319691268469769e-06 -4.3908264153591504e-05 -4.3908264153591504e-05 2.6317325213298662e-06 -4.3908264153591504e-05 -4.3908264153591504e-05 -4.3908264153591504e-05 -4.3908264153591504e-05 -4.3908264153591504e-05 -0.015349647796465372 -4.3908264153591504e-05 9.2747351576605297e-08 -4.4437209928593906e-05 -4.3908264153591504e-05 -4.3908264153591504e-05
leaf_weight=6492 65 1094 5011 1196 204 10130 269033 2727 2124 250 312 264 597 1042 13222 411 393 3222 96 21994 1599 865 48 81 64 312 629 115 3122 2147
leaf_count=6492 65 1094 5011 1196 204 10130 269033 2727 2124 250 312 264 597 1042 13222 411 393 3222 96 21994 1599 865 48 81 64 312 629 115 3122 2147
internal_value=-0.00277747 0.00135686 -0.0397283 -0.000663267 -0.011954 -0.0153785 0.000315794 0.0112168 0.0229526 0.0416804 -0.0286583 0.0242029 0.0324956 -0.0158177 0.0467185 -0.0205987 0.000373134 -0.0237351 -0.0120241 -0.0464667 -0.0404086 -0.0276251 0.0166667 -0.0157534 0.0478144 0.00194805 0.00812965 -0.0127968 -0.0375829 -0.0388783
internal_weight=348861 313765 35096 300397 23961 21891 276436 7403 5165 3041 11761 2070 1691 2238 13368 6180 804 5376 2154 30085 8091 1009 144 146 2791 1145 941 379 5581 5269
internal_count=348861 313765 35096 300397 23961 21891 276436 7403 5165 3041 11761 2070 1691 2238 13368 6180 804 5376 2154 30085 8091 1009 144 146 2791 1145 941 379 5581 5269
cat_boundaries=0 3 5 7 8 10 12 14 17 19 21
cat_threshold=167805074 1077936128 2 2147483648 1049088 0 2415919360 16384 0 2415919104 0 256 0 268435712 134217744 0 2 0 268435712 0 2147483904
is_linear=0
shrinkage=0.05


Tree=191
num_leaves=31
num_cat=9
split_feature=17 17 0 17 6 0 17 6 0 5 16 5 17 5 0 6 17 14 17 17 5 5 6 6 2 5 16 17 5 14
split_gain=21357 11501.2 3772.28 1328.41 1185.15 1792.85 362.94 939.753 1035.3 510.962 338.38 254.052 342.864 248.032 230.695 162.599 643.259 197.163 188.242 143.791 139.372 133.443 128 85.353 81.0745 80.2846 84.4726 70.7477 66.2247 81.5061
threshold=0 1 7.5000000000000009 2 9.5000000000000018 7.5000000000000009 3 12.500000000000002 7.5000000000000009 23.750000000000004 190.03565000000003 13.500000000000002 4 16.250000000000004 7.5000000000000009 21.500000000000004 5 199.90795000000003 6 7 23.750000000000004 13.500000000000002 13.500000000000002 11.500000000000002 14.000000000000002 13.500000000000002 70.071108333333342 8 26.250000000000004 110.02055833333334
decision_type=9 9 2 9 2 2 9 2 2 2 2 2 9 2 2 2 9 2 9 9 2 2 2 2 2 2 2 9 2 2
left_child=2 14 19 4 11 10 7 13 9 24 15 12 -3 -5 23 17 -17 18 25 20 -1 22 -20 -2 -9 -6 -27 -13 29 -4
right_child=1 3 28 6 5 -7 -8 8 -10 -11 -12 27 -14 -15 -16 16 -18 -19 21 -21 -22 -23 -24 -25 -26 26 -28 -29 -30 -31
leaf_value=-4.1712850945918591e-05 8.8109984019979503e-08 1.9324305385648443e-06 -0.001045985511616987 -0.0015729613169902291 -2.4281476962428883e-07 2.1846980826900622e-05 2.0544323581583869e-05 2.0174499061109684e-06 -0.026361753551565871 -0.038241507069872109 -4.1712850945918591e-05 0.0040319208271640148 0.00061751282134876468 0.020889273775527517 1.2634767475816489e-06 1.1703706705112894e-06 -4.1712850945918591e-05 -4.1712850945918591e-05 2.5001458952456092e-06 -4.1712850945918591e-05 -4.1712850945918591e-05 -4.1712850945918591e-05 -4.1712850945918591e-05 -4.1712850945918591e-05 -0.014582165406642124 -4.1712850945918591e-05 8.8109984019979503e-08 -4.2215349432161986e-05 -0.00011247314164499756 0.00099286744312676589
leaf_weight=6492 65 1094 658 1196 204 10130 269033 2727 2124 250 5581 264 597 1042 13222 411 393 3222 96 21994 1599 865 48 81 64 312 629 115 2110 2243
leaf_count=6492 65 1094 658 1196 204 10130 269033 2727 2124 250 5581 264 597 1042 13222 411 393 3222 96 21994 1599 865 48 81 64 312 629 115 2110 2243
internal_value=-0.00278091 0.00135718 -0.0397653 -0.000662934 -0.011954 -0.0153785 0.000316156 0.0112303 0.0229719 0.0416804 -0.0286583 0.0242029 0.0324956 -0.0158177 0.0467185 -0.0205987 0.000373134 -0.0237351 -0.0120241 -0.0464667 -0.0404086 -0.0276251 0.0166667 -0.0157534 0.0478144 0.00194805 0.00812965 -0.0127968 0.000389144 0.00529128
internal_weight=348861 313765 35096 300397 23961 21891 276436 7403 5165 3041 11761 2070 1691 2238 13368 6180 804 5376 2154 30085 8091 1009 144 146 2791 1145 941 379 5011 2901
internal_count=348861 313765 35096 300397 23961 21891 276436 7403 5165 3041 11761 2070 1691 2238 13368 6180 804 5376 2154 30085 8091 1009 144 146 2791 1145 941 379 5011 2901
cat_boundaries=0 3 5 7 8 10 12 14 17 19
cat_threshold=167805074 1077936128 2 2147483648 1049088 0 2415919360 16384 0 2415919104 0 256 0 268435712 134217744 0 2 0 268435712
is_linear=0
shrinkage=0.05


Tree=192
num_leaves=31
num_cat=10
split_feature=17 17 0 17 6 0 17 6 0 5 16 5 17 5 0 6 17 14 17 17 5 5 6 6 2 5 16 17 6 17
split_gain=21401 11501.4 3724.23 1329.32 1182.26 1792.85 364.737 944.739 1028.88 510.962 338.38 257.021 342.864 246.607 230.695 162.599 643.259 197.163 188.242 143.791 139.372 133.443 128 85.353 81.0745 80.2846 84.4726 69.5528 63.2708 81.7489
threshold=0 1 7.5000000000000009 2 9.5000000000000018 7.5000000000000009 3 12.500000000000002 7.5000000000000009 23.750000000000004 190.03565000000003 13.500000000000002 4 16.250000000000004 7.5000000000000009 21.500000000000004 5 199.90795000000003 6 7 23.750000000000004 13.500000000000002 13.500000000000002 11.500000000000002 14.000000000000002 13.500000000000002 70.071108333333342 8 11.500000000000002 9
decision_type=9 9 2 9 2 2 9 2 2 2 2 2 9 2 2 2 9 2 9 9 2 2 2 2 2 2 2 9 2 9
left_child=2 14 19 4 11 10 7 13 9 24 15 12 -3 -5 23 17 -17 18 25 20 -1 22 -20 -2 -9 -6 -27 -13 -12 -30
right_child=1 3 -4 6 5 -7 -8 8 -10 -11 28 27 -14 -15 -16 16 -18 -19 21 -21 -22 -23 -24 -25 -26 26 -28 -29 29 -31
leaf_value=-3.9627208398629325e-05 8.3704484810098739e-08 1.8358090116521453e-06 4.2918912557254885e-06 -0.0014943132511407331 -2.3067403116527886e-07 2.0754631785546708e-05 1.9517107402489134e-05 1.9165774108209634e-06 -0.025043665873987587 -0.03632943171637848 -3.9627208398629325e-05 0.00383032478580585 0.00058663718028135754 0.019844810086751166 1.2003029102203301e-06 1.111852136981284e-06 -3.9627208398629325e-05 -3.9627208398629325e-05 2.3751386004633446e-06 -3.9627208398629325e-05 -3.9627208398629325e-05 -3.9627208398629325e-05 -3.9627208398629325e-05 -3.9627208398629325e-05 -0.013853057136310021 -3.9627208398629325e-05 8.3704484810098739e-08 -4.0104581960553892e-05 -3.9627208398629325e-05 -3.9627208398629325e-05
leaf_weight=6492 65 1094 5011 1196 204 10130 269033 2727 2124 250 312 264 597 1042 13222 411 393 3222 96 21994 1599 865 48 81 64 312 629 115 3122 2147
leaf_count=6492 65 1094 5011 1196 204 10130 269033 2727 2124 250 312 264 597 1042 13222 411 393 3222 96 21994 1599 865 48 81 64 312 629 115 3122 2147
internal_value=-0.00278549 0.00135686 -0.039808 -0.000663267 -0.0119582 -0.0153785 0.000316156 0.0112573 0.02303 0.0416804 -0.0286583 0.0241546 0.0324956 -0.0158624 0.0467185 -0.0205987 0.000373134 -0.0237351 -0.0120241 -0.0464667 -0.0404086 -0.0276251 0.0166667 -0.0157534 0.0478144 0.00194805 0.00812965 -0.0130607 -0.0375829 -0.0388783
internal_weight=348861 313765 35096 300397 23961 21891 276436 7403 5165 3041 11761 2070 1691 2238 13368 6180 804 5376 2154 30085 8091 1009 144 146 2791 1145 941 379 5581 5269
internal_count=348861 313765 35096 300397 23961 21891 276436 7403 5165 3041 11761 2070 1691 2238 13368 6180 804 5376 2154 30085 8091 1009 144 146 2791 1145 941 379 5581 5269
cat_boundaries=0 3 5 7 8 10 12 14 17 19 21
cat_threshold=167805074 1077936128 2 2147483648 1049088 0 2415919360 16384 0 2415919104 0 256 0 268435712 134217744 0 2 0 268435712 0 2147483904
is_linear=0
shrinkage=0.05


Tree=193
num_leaves=31
num_cat=10
split_feature=17 17 0 17 6 0 17 6 0 5 16 5 17 5 0 6 17 14 17 17 5 5 6 6 2 5 16 17 6 17
split_gain=21396.4 11503.7 3724.23 1335.1 1162.12 1792.85 359.528 960.944 1026.75 510.962 338.38 252.371 360.392 236.75 230.695 162.599 643.259 197.163 188.242 143.791 139.372 133.443 128 85.353 81.0745 80.2846 84.4726 69.5528 63.2708 81.7489
threshold=0 1 7.5000000000000009 2 9.5000000000000018 7.5000000000000009 3 12.500000000000002 7.5000000000000009 23.750000000000004 190.03565000000003 13.500000000000002 4 16.250000000000004 7.5000000000000009 21.500000000000004 5 199.90795000000003 6 7 23.750000000000004 13.500000000000002 13.500000000000002 11.500000000000002 14.000000000000002 13.500000000000002 70.071108333333342 8 11.500000000000002 9
decision_type=9 9 2 9 2 2 9 2 2 2 2 2 9 2 2 2 9 2 9 9 2 2 2 2 2 2 2 9 2 9
left_child=2 14 19 4 11 10 7 13 9 24 15 12 -3 -5 23 17 -17 18 25 20 -1 22 -20 -2 -9 -6 -27 -13 -12 -30
right_child=1 3 -4 6 5 -7 -8 8 -10 -11 28 27 -14 -15 -16 16 -18 -19 21 -21 -22 -23 -24 -25 -26 26 -28 -29 29 -31
leaf_value=-3.7645847978717839e-05 7.9519260554050685e-08 1.7440185610784198e-06 4.0772966929836231e-06 -0.0014195975885836988 -2.1914032961589671e-07 1.9716900196264931e-05 1.8541252032377997e-05 1.8207485402932378e-06 -0.023791482580288226 -0.034512960130559558 -3.7645847978717839e-05 0.0036388085465155484 0.00055730532126725414 0.018852569582413638 1.1402877647448407e-06 1.0562595301522039e-06 -3.7645847978717839e-05 -3.7645847978717839e-05 2.2563816704401775e-06 -3.7645847978717839e-05 -3.7645847978717839e-05 -3.7645847978717839e-05 -3.7645847978717839e-05 -3.7645847978717839e-05 -0.01316040427949452 -3.7645847978717839e-05 7.9519260554050685e-08 -3.809935286254174e-05 -3.7645847978717839e-05 -3.7645847978717839e-05
leaf_weight=6492 65 1094 5011 1196 204 10130 269033 2727 2124 250 312 264 597 1042 13222 411 393 3222 96 21994 1599 865 48 81 64 312 629 115 3122 2147
leaf_count=6492 65 1094 5011 1196 204 10130 269033 2727 2124 250 312 264 597 1042 13222 411 393 3222 96 21994 1599 865 48 81 64 312 629 115 3122 2147
internal_value=-0.00278951 0.0013524 -0.039808 -0.000667927 -0.0119874 -0.0153785 0.000313624 0.0111763 0.0230494 0.0416804 -0.0286583 0.0238164 0.0320816 -0.0161752 0.0467185 -0.0205987 0.000373134 -0.0237351 -0.0120241 -0.0464667 -0.0404086 -0.0276251 0.0166667 -0.0157534 0.0478144 0.00194805 0.00812965 -0.0130607 -0.0375829 -0.0388783
internal_weight=348861 313765 35096 300397 23961 21891 276436 7403 5165 3041 11761 2070 1691 2238 13368 6180 804 5376 2154 30085 8091 1009 144 146 2791 1145 941 379 5581 5269
internal_count=348861 313765 35096 300397 23961 21891 276436 7403 5165 3041 11761 2070 1691 2238 13368 6180 804 5376 2154 30085 8091 1009 144 146 2791 1145 941 379 5581 5269
cat_boundaries=0 3 5 7 8 10 12 14 17 19 21
cat_threshold=167805074 1077936128 2 2147483648 1049088 0 2415919360 16384 0 2415919104 0 256 0 268435712 134217744 0 2 0 268435712 0 2147483904
is_linear=0
shrinkage=0.05


Tree=194
num_leaves=31
num_cat=10
split_feature=17 17 0 17 6 0 17 6 0 5 16 5 17 5 0 6 17 14 17 17 5 5 6 6 2 5 16 17 6 17
split_gain=21396.1 11503.8 3724.23 1335.02 1162.12 1792.85 359.552 960.944 1026.75 510.962 338.38 252.371 360.392 236.75 230.695 162.599 643.259 197.163 188.242 143.791 139.372 133.443 128 85.353 81.0745 80.2846 84.4726 69.5528 63.2708 81.7489
threshold=0 1 7.5000000000000009 2 9.5000000000000018 7.5000000000000009 3 12.500000000000002 7.5000000000000009 23.750000000000004 190.03565000000003 13.500000000000002 4 16.250000000000004 7.5000000000000009 21.500000000000004 5 199.90795000000003 6 7 23.750000000000004 13.500000000000002 13.500000000000002 11.500000000000002 14.000000000000002 13.500000000000002 70.071108333333342 8 11.500000000000002 9
decision_type=9 9 2 9 2 2 9 2 2 2 2 2 9 2 2 2 9 2 9 9 2 2 2 2 2 2 2 9 2 9
left_child=2 14 19 4 11 10 7 13 9 24 15 12 -3 -5 23 17 -17 18 25 20 -1 22 -20 -2 -9 -6 -27 -13 -12 -30
right_child=1 3 -4 6 5 -7 -8 8 -10 -11 28 27 -14 -15 -16 16 -18 -19 21 -21 -22 -23 -24 -25 -26 26 -28 -29 29 -31
leaf_value=-3.5763555579793051e-05 7.5543297528568592e-08 1.6568176330444829e-06 3.8734318583699689e-06 -0.0013486177091545316 -2.081833131217792e-07 1.8731055186460566e-05 1.7614189430759098e-05 1.7297111132741351e-06 -0.02260190845127379 -0.03278731212403159 -3.5763555579793051e-05 0.003456868119189771 0.00052944005520387809 0.017909941103292939 1.0832733765120395e-06 1.00344655362683e-06 -3.5763555579793051e-05 -3.5763555579793051e-05 2.1435625868981845e-06 -3.5763555579793051e-05 -3.5763555579793051e-05 -3.5763555579793051e-05 -3.5763555579793051e-05 -3.5763555579793051e-05 -0.012502384065519801 -3.5763555579793051e-05 7.5543297528568592e-08 -3.6194385219401326e-05 -3.5763555579793051e-05 -3.5763555579793051e-05
leaf_weight=6492 65 1094 5011 1196 204 10130 269033 2727 2124 250 312 264 597 1042 13222 411 393 3222 96 21994 1599 865 48 81 64 312 629 115 3122 2147
leaf_count=6492 65 1094 5011 1196 204 10130 269033 2727 2124 250 312 264 597 1042 13222 411 393 3222 96 21994 1599 865 48 81 64 312 629 115 3122 2147
internal_value=-0.00278979 0.00135208 -0.039808 -0.00066826 -0.0119874 -0.0153785 0.000313262 0.0111763 0.0230494 0.0416804 -0.0286583 0.0238164 0.0320816 -0.0161752 0.0467185 -0.0205987 0.000373134 -0.0237351 -0.0120241 -0.0464667 -0.0404086 -0.0276251 0.0166667 -0.0157534 0.0478144 0.00194805 0.00812965 -0.0130607 -0.0375829 -0.0388783
internal_weight=348861 313765 35096 300397 23961 21891 276436 7403 5165 3041 11761 2070 1691 2238 13368 6180 804 5376 2154 30085 8091 1009 144 146 2791 1145 941 379 5581 5269
internal_count=348861 313765 35096 300397 23961 21891 276436 7403 5165 3041 11761 2070 1691 2238 13368 6180 804 5376 2154 30085 8091 1009 144 146 2791 1145 941 379 5581 5269
cat_boundaries=0 3 5 7 8 10 12 14 17 19 21
cat_threshold=167805074 1077936128 2 2147483648 1049088 0 2415919360 16384 0 2415919104 0 256 0 268435712 134217744 0 2 0 268435712 0 2147483904
is_linear=0
shrinkage=0.05


Tree=195
num_leaves=31
num_cat=10
split_feature=17 17 0 17 6 0 17 6 0 5 16 5 17 5 0 6 17 14 17 17 5 5 6 6 2 5 16 17 6 17
split_gain=21392.7 11505.4 3724.23 1338.17 1156.94 1790.39 359.696 960.944 1026.75 510.962 338.38 258.306 360.392 236.75 230.695 162.599 643.259 197.163 188.242 143.791 139.372 133.443 128 85.353 81.0745 80.2846 84.4726 67.1873 63.2708 81.7489
threshold=0 1 7.5000000000000009 2 9.5000000000000018 7.5000000000000009 3 12.500000000000002 7.5000000000000009 23.750000000000004 190.03565000000003 13.500000000000002 4 16.250000000000004 7.5000000000000009 21.500000000000004 5 199.90795000000003 6 7 23.750000000000004 13.500000000000002 13.500000000000002 11.500000000000002 14.000000000000002 13.500000000000002 70.071108333333342 8 11.500000000000002 9
decision_type=9 9 2 9 2 2 9 2 2 2 2 2 9 2 2 2 9 2 9 9 2 2 2 2 2 2 2 9 2 9
left_child=2 14 19 4 11 10 7 13 9 24 15 12 -3 -5 23 17 -17 18 25 20 -1 22 -20 -2 -9 -6 -27 -13 -12 -30
right_child=1 3 -4 6 5 -7 -8 8 -10 -11 28 27 -14 -15 -16 16 -18 -19 21 -21 -22 -23 -24 -25 -26 26 -28 -29 29 -31
leaf_value=-3.3975377800787852e-05 7.1766132636597046e-08 1.573976751378936e-06 3.6797602654736753e-06 -0.0012811868236968227 -1.977741474590289e-07 1.7794502427115333e-05 1.6733479959230024e-05 1.6432255576237509e-06 -0.021471813028710065 -0.031147946517830018 -3.3975377800787852e-05 0.0032840247132302383 0.00050296805244371974 0.017014444048128307 1.0291097076731148e-06 9.5327422595659077e-07 -3.3975377800787852e-05 -3.3975377800787852e-05 2.0363844575488345e-06 -3.3975377800787852e-05 -3.3975377800787852e-05 -3.3975377800787852e-05 -3.3975377800787852e-05 -3.3975377800787852e-05 -0.01187726486224383 -3.3975377800787852e-05 7.1766132636597046e-08 -3.4384665958420159e-05 -3.3975377800787852e-05 -3.3975377800787852e-05
leaf_weight=6492 65 1094 5011 1196 204 10130 269033 2727 2124 250 312 264 597 1042 13222 411 393 3222 96 21994 1599 865 48 81 64 312 629 115 3122 2147
leaf_count=6492 65 1094 5011 1196 204 10130 269033 2727 2124 250 312 264 597 1042 13222 411 393 3222 96 21994 1599 865 48 81 64 312 629 115 3122 2147
internal_value=-0.00279266 0.0013489 -0.039808 -0.000671589 -0.0120041 -0.0153876 0.000311091 0.0111763 0.0230494 0.0416804 -0.0286583 0.0237198 0.0320816 -0.0161752 0.0467185 -0.0205987 0.000373134 -0.0237351 -0.0120241 -0.0464667 -0.0404086 -0.0276251 0.0166667 -0.0157534 0.0478144 0.00194805 0.00812965 -0.0135884 -0.0375829 -0.0388783
internal_weight=348861 313765 35096 300397 23961 21891 276436 7403 5165 3041 11761 2070 1691 2238 13368 6180 804 5376 2154 30085 8091 1009 144 146 2791 1145 941 379 5581 5269
internal_count=348861 313765 35096 300397 23961 21891 276436 7403 5165 3041 11761 2070 1691 2238 13368 6180 804 5376 2154 30085 8091 1009 144 146 2791 1145 941 379 5581 5269
cat_boundaries=0 3 5 7 8 10 12 14 17 19 21
cat_threshold=167805074 1077936128 2 2147483648 1049088 0 2415919360 16384 0 2415919104 0 256 0 268435712 134217744 0 2 0 268435712 0 2147483904
is_linear=0
shrinkage=0.05


Tree=196
num_leaves=31
num_cat=10
split_feature=17 17 0 17 6 0 17 6 0 5 16 5 17 5 0 6 17 14 17 17 5 5 6 6 2 5 16 17 6 17
split_gain=21392.1 11505.8 3724.23 1338.02 1156.94 1790.39 359.744 960.944 1026.75 510.962 338.38 258.306 360.392 236.75 230.695 162.599 643.259 197.163 188.242 143.791 139.372 133.443 128 85.353 81.0745 80.2846 84.4726 67.1873 63.2708 81.7489
threshold=0 1 7.5000000000000009 2 9.5000000000000018 7.5000000000000009 3 12.500000000000002 7.5000000000000009 23.750000000000004 190.03565000000003 13.500000000000002 4 16.250000000000004 7.5000000000000009 21.500000000000004 5 199.90795000000003 6 7 23.750000000000004 13.500000000000002 13.500000000000002 11.500000000000002 14.000000000000002 13.500000000000002 70.071108333333342 8 11.500000000000002 9
decision_type=9 9 2 9 2 2 9 2 2 2 2 2 9 2 2 2 9 2 9 9 2 2 2 2 2 2 2 9 2 9
left_child=2 14 19 4 11 10 7 13 9 24 15 12 -3 -5 23 17 -17 18 25 20 -1 22 -20 -2 -9 -6 -27 -13 -12 -30
right_child=1 3 -4 6 5 -7 -8 8 -10 -11 28 27 -14 -15 -16 16 -18 -19 21 -21 -22 -23 -24 -25 -26 26 -28 -29 29 -31
leaf_value=-3.2276608910741802e-05 6.8177826006987632e-08 1.4952779137988871e-06 3.4957722522044324e-06 -0.0012171274825119927 -1.8788544009495922e-07 1.6904777305803975e-05 1.5896805961279627e-05 1.5610642797536657e-06 -0.020398222377274535 -0.029590549191938511 -3.2276608910741802e-05 0.0031198234775687617 0.00047781964982149819 0.016163721845721925 9.7765422228945904e-07 9.05610514667643e-07 -3.2276608910741802e-05 -3.2276608910741802e-05 1.9345652346736131e-06 -3.2276608910741802e-05 -3.2276608910741802e-05 -3.2276608910741802e-05 -3.2276608910741802e-05 -3.2276608910741802e-05 -0.011283401619131618 -3.2276608910741802e-05 6.8177826006987632e-08 -3.2665432660516917e-05 -3.2276608910741802e-05 -3.2276608910741802e-05
leaf_weight=6492 65 1094 5011 1196 204 10130 269033 2727 2124 250 312 264 597 1042 13222 411 393 3222 96 21994 1599 865 48 81 64 312 629 115 3122 2147
leaf_count=6492 65 1094 5011 1196 204 10130 269033 2727 2124 250 312 264 597 1042 13222 411 393 3222 96 21994 1599 865 48 81 64 312 629 115 3122 2147
internal_value=-0.00279323 0.00134826 -0.039808 -0.000672255 -0.0120041 -0.0153876 0.000310368 0.0111763 0.0230494 0.0416804 -0.0286583 0.0237198 0.0320816 -0.0161752 0.0467185 -0.0205987 0.000373134 -0.0237351 -0.0120241 -0.0464667 -0.0404086 -0.0276251 0.0166667 -0.0157534 0.0478144 0.00194805 0.00812965 -0.0135884 -0.0375829 -0.0388783
internal_weight=348861 313765 35096 300397 23961 21891 276436 7403 5165 3041 11761 2070 1691 2238 13368 6180 804 5376 2154 30085 8091 1009 144 146 2791 1145 941 379 5581 5269
internal_count=348861 313765 35096 300397 23961 21891 276436 7403 5165 3041 11761 2070 1691 2238 13368 6180 804 5376 2154 30085 8091 1009 144 146 2791 1145 941 379 5581 5269
cat_boundaries=0 3 5 7 8 10 12 14 17 19 21
cat_threshold=167805074 1077936128 2 2147483648 1049088 0 2415919360 16384 0 2415919104 0 256 0 268435712 134217744 0 2 0 268435712 0 2147483904
is_linear=0
shrinkage=0.05


Tree=197
num_leaves=31
num_cat=10
split_feature=17 17 0 17 6 0 17 6 0 5 16 5 17 5 0 6 17 14 17 17 5 5 6 6 2 5 16 17 6 17
split_gain=21391.4 11506.1 3724.23 1337.86 1156.94 1790.39 359.792 960.944 1026.75 510.962 338.38 258.306 360.392 236.75 230.695 162.599 643.259 197.163 188.242 143.791 139.372 133.443 128 85.353 81.0745 80.2846 84.4726 67.1873 63.2708 81.7489
threshold=0 1 7.5000000000000009 2 9.5000000000000018 7.5000000000000009 3 12.500000000000002 7.5000000000000009 23.750000000000004 190.03565000000003 13.500000000000002 4 16.250000000000004 7.5000000000000009 21.500000000000004 5 199.90795000000003 6 7 23.750000000000004 13.500000000000002 13.500000000000002 11.500000000000002 14.000000000000002 13.500000000000002 70.071108333333342 8 11.500000000000002 9
decision_type=9 9 2 9 2 2 9 2 2 2 2 2 9 2 2 2 9 2 9 9 2 2 2 2 2 2 2 9 2 9
left_child=2 14 19 4 11 10 7 13 9 24 15 12 -3 -5 23 17 -17 18 25 20 -1 22 -20 -2 -9 -6 -27 -13 -12 -30
right_child=1 3 -4 6 5 -7 -8 8 -10 -11 28 27 -14 -15 -16 16 -18 -19 21 -21 -22 -23 -24 -25 -26 26 -28 -29 29 -31
leaf_value=-3.0662778465195828e-05 6.4768934704417799e-08 1.4205140181022814e-06 3.3209836395542426e-06 -0.0011562711083863864 -1.784911680680068e-07 1.6059538440504897e-05 1.5101965663211203e-05 1.4830110657726438e-06 -0.019378311258410809 -0.028111021732341569 -3.0662778465195828e-05 0.0029638323036903281 0.00045392866733040549 0.015355535753435845 9.2877151116610443e-07 8.603299889387018e-07 -3.0662778465195828e-05 -3.0662778465195828e-05 1.8378369729177281e-06 -3.0662778465195828e-05 -3.0662778465195828e-05 -3.0662778465195828e-05 -3.0662778465195828e-05 -3.0662778465195828e-05 -0.010719231538175045 -3.0662778465195828e-05 6.4768934704417799e-08 -3.1032161027511052e-05 -3.0662778465195828e-05 -3.0662778465195828e-05
leaf_weight=6492 65 1094 5011 1196 204 10130 269033 2727 2124 250 312 264 597 1042 13222 411 393 3222 96 21994 1599 865 48 81 64 312 629 115 3122 2147
leaf_count=6492 65 1094 5011 1196 204 10130 269033 2727 2124 250 312 264 597 1042 13222 411 393 3222 96 21994 1599 865 48 81 64 312 629 115 3122 2147
internal_value=-0.00279381 0.00134762 -0.039808 -0.00067292 -0.0120041 -0.0153876 0.000309645 0.0111763 0.0230494 0.0416804 -0.0286583 0.0237198 0.0320816 -0.0161752 0.0467185 -0.0205987 0.000373134 -0.0237351 -0.0120241 -0.0464667 -0.0404086 -0.0276251 0.0166667 -0.0157534 0.0478144 0.00194805 0.00812965 -0.0135884 -0.0375829 -0.0388783
internal_weight=348861 313765 35096 300397 23961 21891 276436 7403 5165 3041 11761 2070 1691 2238 13368 6180 804 5376 2154 30085 8091 1009 144 146 2791 1145 941 379 5581 5269
internal_count=348861 313765 35096 300397 23961 21891 276436 7403 5165 3041 11761 2070 1691 2238 13368 6180 804 5376 2154 30085 8091 1009 144 146 2791 1145 941 379 5581 5269
cat_boundaries=0 3 5 7 8 10 12 14 17 19 21
cat_threshold=167805074 1077936128 2 2147483648 1049088 0 2415919360 16384 0 2415919104 0 256 0 268435712 134217744 0 2 0 268435712 0 2147483904
is_linear=0
shrinkage=0.05


Tree=198
num_leaves=31
num_cat=10
split_feature=17 17 0 17 6 0 17 6 0 5 16 5 17 5 0 6 17 14 17 17 5 5 6 6 2 5 16 17 6 17
split_gain=21391.4 11506.1 3724.23 1338.84 1154.08 1790.39 360.661 961.893 1024.62 510.962 338.38 261.299 360.392 236.75 230.695 162.599 643.259 197.163 188.242 143.791 139.372 133.443 128 85.353 81.0745 80.2846 84.4726 66.0167 63.2708 81.7489
threshold=0 1 7.5000000000000009 2 9.5000000000000018 7.5000000000000009 3 12.500000000000002 7.5000000000000009 23.750000000000004 190.03565000000003 13.500000000000002 4 16.250000000000004 7.5000000000000009 21.500000000000004 5 199.90795000000003 6 7 23.750000000000004 13.500000000000002 13.500000000000002 11.500000000000002 14.000000000000002 13.500000000000002 70.071108333333342 8 11.500000000000002 9
decision_type=9 9 2 9 2 2 9 2 2 2 2 2 9 2 2 2 9 2 9 9 2 2 2 2 2 2 2 9 2 9
left_child=2 14 19 4 11 10 7 13 9 24 15 12 -3 -5 23 17 -17 18 25 20 -1 22 -20 -2 -9 -6 -27 -13 -12 -30
right_child=1 3 -4 6 5 -7 -8 8 -10 -11 28 27 -14 -15 -16 16 -18 -19 21 -21 -22 -23 -24 -25 -26 26 -28 -29 29 -31
leaf_value=-2.9129639541913834e-05 6.1530487949212903e-08 1.3494883171816242e-06 3.154934457594294e-06 -0.0010984575529670692 -1.69566609642402e-07 1.5256561518484092e-05 1.4346867380066187e-05 1.4088605124751297e-06 -0.018409395695490272 -0.026705470645724507 -2.9129639541913834e-05 0.0028156406885058161 0.00043123223396390742 0.014587758965764053 8.8233293560335824e-07 8.1731348950953024e-07 -2.9129639541913834e-05 -2.9129639541913834e-05 1.745945124254078e-06 -2.9129639541913834e-05 -2.9129639541913834e-05 -2.9129639541913834e-05 -2.9129639541913834e-05 -2.9129639541913834e-05 -0.010183269961266284 -2.9129639541913834e-05 6.1530487949212903e-08 -2.9480552976135499e-05 -2.9129639541913834e-05 -2.9129639541913834e-05
leaf_weight=6492 65 1094 5011 1196 204 10130 269033 2727 2124 250 312 264 597 1042 13222 411 393 3222 96 21994 1599 865 48 81 64 312 629 115 3122 2147
leaf_count=6492 65 1094 5011 1196 204 10130 269033 2727 2124 250 312 264 597 1042 13222 411 393 3222 96 21994 1599 865 48 81 64 312 629 115 3122 2147
internal_value=-0.00279381 0.00134762 -0.039808 -0.00067292 -0.0120083 -0.0153876 0.000310006 0.0111898 0.0230687 0.0416804 -0.0286583 0.0236715 0.0320816 -0.0161752 0.0467185 -0.0205987 0.000373134 -0.0237351 -0.0120241 -0.0464667 -0.0404086 -0.0276251 0.0166667 -0.0157534 0.0478144 0.00194805 0.00812965 -0.0138522 -0.0375829 -0.0388783
internal_weight=348861 313765 35096 300397 23961 21891 276436 7403 5165 3041 11761 2070 1691 2238 13368 6180 804 5376 2154 30085 8091 1009 144 146 2791 1145 941 379 5581 5269
internal_count=348861 313765 35096 300397 23961 21891 276436 7403 5165 3041 11761 2070 1691 2238 13368 6180 804 5376 2154 30085 8091 1009 144 146 2791 1145 941 379 5581 5269
cat_boundaries=0 3 5 7 8 10 12 14 17 19 21
cat_threshold=167805074 1077936128 2 2147483648 1049088 0 2415919360 16384 0 2415919104 0 256 0 268435712 134217744 0 2 0 268435712 0 2147483904
is_linear=0
shrinkage=0.05


Tree=199
num_leaves=31
num_cat=10
split_feature=17 17 0 17 6 0 17 6 0 5 16 5 17 5 0 6 17 14 17 17 5 5 6 6 2 5 16 17 6 17
split_gain=21392.4 11505.6 3724.23 1339.08 1154.08 1790.39 363.277 964.742 1018.23 510.962 338.38 261.299 360.392 236.75 230.695 162.599 643.259 197.163 188.242 143.791 139.372 133.443 128 85.353 81.0745 80.2846 84.4726 66.0167 63.2708 81.7489
threshold=0 1 7.5000000000000009 2 9.5000000000000018 7.5000000000000009 3 12.500000000000002 7.5000000000000009 23.750000000000004 190.03565000000003 13.500000000000002 4 16.250000000000004 7.5000000000000009 21.500000000000004 5 199.90795000000003 6 7 23.750000000000004 13.500000000000002 13.500000000000002 11.500000000000002 14.000000000000002 13.500000000000002 70.071108333333342 8 11.500000000000002 9
decision_type=9 9 2 9 2 2 9 2 2 2 2 2 9 2 2 2 9 2 9 9 2 2 2 2 2 2 2 9 2 9
left_child=2 14 19 4 11 10 7 13 9 24 15 12 -3 -5 23 17 -17 18 25 20 -1 22 -20 -2 -9 -6 -27 -13 -12 -30
right_child=1 3 -4 6 5 -7 -8 8 -10 -11 28 27 -14 -15 -16 16 -18 -19 21 -21 -22 -23 -24 -25 -26 26 -28 -29 29 -31
leaf_value=-2.7673157564800377e-05 5.8453963536209132e-08 1.2820139013047795e-06 2.9971877347101385e-06 -0.0010435346753187248 -1.610882791602819e-07 1.4493733442577651e-05 1.3629524011049554e-05 1.338417486840271e-06 -0.017488925910715779 -0.025370197113438266 -2.7673157564800377e-05 0.0026748586540804812 0.00040967062226568988 0.013858371017475869 8.3821628882319033e-07 7.7644781502073103e-07 -2.7673157564800377e-05 -2.7673157564800377e-05 1.658647868030272e-06 -2.7673157564800377e-05 -2.7673157564800377e-05 -2.7673157564800377e-05 -2.7673157564800377e-05 -2.7673157564800377e-05 -0.0096741064632029708 -2.7673157564800377e-05 5.8453963536209132e-08 -2.800652532730652e-05 -2.7673157564800377e-05 -2.7673157564800377e-05
leaf_weight=6492 65 1094 5011 1196 204 10130 269033 2727 2124 250 312 264 597 1042 13222 411 393 3222 96 21994 1599 865 48 81 64 312 629 115 3122 2147
leaf_count=6492 65 1094 5011 1196 204 10130 269033 2727 2124 250 312 264 597 1042 13222 411 393 3222 96 21994 1599 865 48 81 64 312 629 115 3122 2147
internal_value=-0.00279295 0.00134858 -0.039808 -0.000671922 -0.0120083 -0.0153876 0.000311091 0.0112303 0.0231268 0.0416804 -0.0286583 0.0236715 0.0320816 -0.0161752 0.0467185 -0.0205987 0.000373134 -0.0237351 -0.0120241 -0.0464667 -0.0404086 -0.0276251 0.0166667 -0.0157534 0.0478144 0.00194805 0.00812965 -0.0138522 -0.0375829 -0.0388783
internal_weight=348861 313765 35096 300397 23961 21891 276436 7403 5165 3041 11761 2070 1691 2238 13368 6180 804 5376 2154 30085 8091 1009 144 146 2791 1145 941 379 5581 5269
internal_count=348861 313765 35096 300397 23961 21891 276436 7403 5165 3041 11761 2070 1691 2238 13368 6180 804 5376 2154 30085 8091 1009 144 146 2791 1145 941 379 5581 5269
cat_boundaries=0 3 5 7 8 10 12 14 17 19 21
cat_threshold=167805074 1077936128 2 2147483648 1049088 0 2415919360 16384 0 2415919104 0 256 0 268435712 134217744 0 2 0 268435712 0 2147483904
is_linear=0
shrinkage=0.05


end of trees

feature_importances:
ride_id_cat=2361
hour_of_day=1035
park_crowd_median=885
wait_minutes=601
minutes_at_current_level=247
wait_lag_3=217
week_of_year=188
minutes_since_last_status_change=137
wait_lag_2=98
days_until_next_holiday=92
day_of_week=53
wait_lag_1=43
closure_duration_minutes=19
days_since_last_holiday=12
month=6
wait_delta_1=3
is_holiday_weekend=3

parameters:
[boosting: gbdt]
[objective: regression_l1]
[metric: l1]
[tree_learner: serial]
[device_type: cpu]
[data_sample_strategy: bagging]
[data: ]
[valid: ]
[num_iterations: 200]
[learning_rate: 0.05]
[num_leaves: 31]
[num_threads: 12]
[seed: 0]
[deterministic: 0]
[force_col_wise: 0]
[force_row_wise: 0]
[histogram_pool_size: -1]
[max_depth: -1]
[min_data_in_leaf: 20]
[min_sum_hessian_in_leaf: 0.001]
[bagging_fraction: 1]
[pos_bagging_fraction: 1]
[neg_bagging_fraction: 1]
[bagging_freq: 0]
[bagging_seed: 3]
[bagging_by_query: 0]
[feature_fraction: 1]
[feature_fraction_bynode: 1]
[feature_fraction_seed: 2]
[extra_trees: 0]
[extra_seed: 6]
[early_stopping_round: 0]
[early_stopping_min_delta: 0]
[first_metric_only: 0]
[max_delta_step: 0]
[lambda_l1: 0]
[lambda_l2: 0]
[linear_lambda: 0]
[min_gain_to_split: 0]
[drop_rate: 0.1]
[max_drop: 50]
[skip_drop: 0.5]
[xgboost_dart_mode: 0]
[uniform_drop: 0]
[drop_seed: 4]
[top_rate: 0.2]
[other_rate: 0.1]
[min_data_per_group: 100]
[max_cat_threshold: 32]
[cat_l2: 10]
[cat_smooth: 10]
[max_cat_to_onehot: 4]
[top_k: 20]
[monotone_constraints: ]
[monotone_constraints_method: basic]
[monotone_penalty: 0]
[feature_contri: ]
[forcedsplits_filename: ]
[refit_decay_rate: 0.9]
[cegb_tradeoff: 1]
[cegb_penalty_split: 0]
[cegb_penalty_feature_lazy: ]
[cegb_penalty_feature_coupled: ]
[path_smooth: 0]
[interaction_constraints: ]
[verbosity: -1]
[saved_feature_importance_type: 0]
[use_quantized_grad: 0]
[num_grad_quant_bins: 4]
[quant_train_renew_leaf: 0]
[stochastic_rounding: 1]
[linear_tree: 0]
[max_bin: 255]
[max_bin_by_feature: ]
[min_data_in_bin: 3]
[bin_construct_sample_cnt: 200000]
[data_random_seed: 1]
[is_enable_sparse: 1]
[enable_bundle: 1]
[use_missing: 1]
[zero_as_missing: 0]
[feature_pre_filter: 1]
[pre_partition: 0]
[two_round: 0]
[header: 0]
[label_column: ]
[weight_column: ]
[group_column: ]
[ignore_column: ]
[categorical_feature: 17,18]
[forcedbins_filename: ]
[precise_float_parser: 0]
[parser_config_file: ]
[objective_seed: 5]
[num_class: 1]
[is_unbalance: 0]
[scale_pos_weight: 1]
[sigmoid: 1]
[boost_from_average: 1]
[reg_sqrt: 0]
[alpha: 0.9]
[fair_c: 1]
[poisson_max_delta_step: 0.7]
[tweedie_variance_power: 1.5]
[lambdarank_truncation_level: 30]
[lambdarank_norm: 1]
[label_gain: ]
[lambdarank_position_bias_regularization: 0]
[eval_at: ]
[multi_error_top_k: 1]
[auc_mu_weights: ]
[num_machines: 1]
[local_listen_port: 12400]
[time_out: 120]
[machine_list_filename: ]
[machines: ]
[gpu_platform_id: -1]
[gpu_device_id: -1]
[gpu_use_dp: 0]
[num_gpu: 1]

end of parameters

pandas_categorical:[["05b17c11-fd4c-4b85-ab45-3e269dc56559", "07952343-3498-404b-8337-734de9a185c1", "0de1413a-73ee-46cf-af2e-c491cc7c7d3b", "106c1e5a-a5e7-42d7-96ab-bc100d8faf71", "10a5fc6f-5ad3-414b-9bdd-e6bae097b6ad", "1b23667a-d8fb-436d-8952-c3e3f2e56d13", "1b83fda8-d60e-48e4-9a3d-90ddcbcd1001", "1d24dd7a-372b-4195-8ad0-ba9679d72b08", "1da85181-bf0f-4ccc-b98e-243142f7347b", "2108cc58-80df-4fff-9b91-735e89873ffd", "2295351d-ce6b-4c04-92d5-5b416372c5b5", "24066306-d364-4048-b4c9-a0e81980c5b4", "2aedc657-1ee2-4545-a1ce-14753f28cc66", "34b1d70f-11c4-42df-935e-d5582c9f1a8e", "3638ac09-9fce-4a43-8c79-8ebbe17afce2", "388ad3f1-5cf5-4a9d-8d0e-6dfb817d7822", "40524fba-5d84-49e7-9204-f493dbe2d5a4", "44c1f655-25d3-440c-b1a8-db736a12b105", "46097afe-a1ea-4807-93d3-14d14f36e55f", "4ca6cdbf-4c5f-45bf-b0dc-db83393ec208", "4f0053e7-b8db-4833-b02f-35e1c91b4523", "4f5b28d0-b78e-482b-8e2e-1f90756d6220", "526ada11-4688-442b-96d4-4077eac4f988", "528016ef-db24-47fa-a0f2-b6d26d61e29f", "52a8ef64-d54c-4974-883f-027c3026e3f1", "56d0bd6d-5106-4420-8f60-0005475c04c3", "59647168-d239-4161-8b24-92eb128e96fb", "5bd95ae8-181d-449c-8f04-a621e2448961", "5d07a2b1-49ca-4de7-9d32-6d08edf69b08", "64d44aaa-6857-4693-b24b-bcff6c6dcfa1", "6c225598-91c9-44a3-95e2-7c423475db61", "6c30d5b0-8c0a-406f-9258-0b6c55d4a5e4", "6ce9cdd1-0a43-459e-83cd-f4cace9cfa7b", "6d876f4c-c3ff-4ae3-a2d8-d4b831e1039b", "6e2af074-3a67-4f38-9bcf-2f5a572c87df", "77f205a4-d482-4d91-a5ff-71e54a086ad2", "7a09a2f0-e226-4f3e-86f8-2598ab67ec44", "82aeb29b-504a-416f-b13f-f41fa5b766aa", "86ab3069-110d-49c5-a7e7-29ddf28695a6", "88197808-3c56-4198-a5a4-6066541251cf", "8e686e4c-f3db-4d9c-a185-2d54b1fa8899", "8f586a2f-cef5-46d3-b822-fd622c4e9e33", "90ee50d4-7cc9-4824-b29d-2aac801acc29", "9167db1d-e5e7-46da-a07f-ae30a87bc4c4", "9d401ad3-49b2-469f-ac73-93eb429428fb", "a07f3110-013e-43bb-a182-e66bb8b5e28d", "a9076acd-7630-4bad-a8da-e6bd689ddcac", "b0eca3d3-a519-47f9-a5a7-9911126da2df", "b1d285a7-2444-4a7c-b7bb-d2d4d6428a85", "b2c2549c-e9da-4fdd-98ea-1dcff596fed7", "b7678dab-5544-48d5-8fdc-c1a0127cfbcd", "c23af6ba-8515-406a-8a48-d0818ba0bfc9", "c60c768b-3461-465c-8f4f-b44b087506fc", "c8a4b7b1-c1b2-4dfe-b73c-4e834b4a73db", "c9803366-6f37-4406-82af-7692357e3ca9", "c9e39189-7e99-4e0a-97e0-4a0d5654d257", "cb929138-d77a-4dd2-983c-f651bbd1bd92", "cc718d11-fa15-44ee-87d0-ded989ad61bc", "cc980e8e-192f-48b6-848c-27784084e54b", "cd670bff-81d1-4f34-8676-7bafdf49220a", "e0cfed11-96d7-40f3-907f-5cfed172592a", "e1fbc7a1-2cd1-4282-b373-ac11d9d9d38a", "e27b1db8-9ec9-4f8b-9ca6-fd6377de66ee", "e2d460e9-2bef-4613-b126-092ab7cb37e5", "f44a5072-3cda-4c7c-8574-33ad09d16cca", "f7904912-3f08-4563-b99e-fd59f43cc9f2", "faaa8be9-cc1e-4535-ac20-04a535654bd0", "ff52cb64-c1d5-4feb-9d43-5dbd429bac81"], ["CLOSED", "DOWN", "OPERATING", "REFURBISHMENT"]]
