tree
version=v4
num_class=1
num_tree_per_iteration=1
label_index=0
max_feature_idx=18
objective=regression_l1
feature_names=wait_minutes wait_lag_1 wait_lag_2 wait_lag_3 wait_delta_1 park_crowd_median hour_of_day day_of_week week_of_year month is_holiday is_holiday_weekend days_until_next_holiday days_since_last_holiday minutes_since_last_status_change closure_duration_minutes minutes_at_current_level ride_id_cat status_cat
feature_infos=[0:300] [0:300] [0:240] [0:240] [-245:245] [5:45] [8:23] [0:6] [18:33] [5:8] [0:1] [0:1] [0:64] [0:38] [0:5109.9946] [0:700] [0:300] -1:30:8:57:60:29:40:49:56:63:58:50:6:18:14:2:35:24:43:67:53:20:61:66:42:26:15:12:38:46:16:52:48:44:13:51:28:64:45:65:19:23:10:59:36:25:32:54:39:31:37:7:1:33:41:4:27:62 none
tree_sizes=2509 2996 2953 3024 3061 3063 3094 3102 3093 3111 3106 3080 3116 3107 3124 3099 3107 3095 3106 3123 3136 3118 3139 3160 3110 3121 3136 3140 3114 3120 3075 3114 3113 3146 3139 3112 3150 3129 3141 3126 3132 3118 3147 3144 3154 3127 3141 3147 3159 3146 3165 3161 3129 3123 3112 3143 3122 3134 3131 3117 3143 3163 3107 3146 3164 3132 3098 3128 3096 3135 3132 3092 3103 3115 3110 3101 3112 3089 3111 3136 3117 3094 3115 3119 3089 3101 3102 3092 3110 3115 3113 3087 3078 3099 3044 3087 3103 3066 3046 3068 3080 3095 3091 3097 3114 3080 3068 3054 3070 3077 3062 3107 3065 3038 3060 3068 3044 3048 3054 3054 3046 3056 3048 3101 3018 3057 3048 3060 3087 3047 3053 3034 3090 3035 3046 3035 3074 3057 3064 3073 3074 3039 3074 3051 3022 3052 3040 3043 3047 3061 3098 3041 3083 3083 3034 3033 3067 3066 3043 3036 3048 3058 3092 3102 3080 3062 3030 3107 3100 3068 3063 3110 3037 3098 3096 3098 3144 3097 3081 3094 3093 3081 3052 3037 3068 3154 3106 3037 3072 3074 3036 3048 3071 3062 3158 2990 3065 3036 3043 3094

Tree=0
num_leaves=31
num_cat=9
split_feature=0 0 17 17 3 0 17 3 0 0 6 17 6 17 3 6 6 17 3 3 5 17 17 3 6 5 17 6 5 5
split_gain=203910 16283.8 4853.65 4429.21 1483.03 1452.56 1431.28 1041.95 770.296 637.21 561.93 615.177 553.215 518.417 491.805 437.563 371.36 364.238 350.047 347.365 300.878 275.59 272.504 265.762 237.749 204.938 203.271 198.224 178.826 174.768
threshold=17.500000000000004 22.500000000000004 0 1 17.500000000000004 14.000000000000002 2 27.500000000000004 32.500000000000007 14.000000000000002 19.500000000000004 3 19.500000000000004 4 22.500000000000004 19.500000000000004 19.500000000000004 5 27.500000000000004 22.500000000000004 23.750000000000004 6 7 27.500000000000004 11.500000000000002 16.250000000000004 8 19.500000000000004 6.2500000000000009 23.750000000000004
decision_type=2 2 9 9 2 2 9 2 2 2 2 9 2 9 2 2 2 9 2 2 2 9 9 2 2 2 9 2 2 2
left_child=2 6 5 8 9 16 18 13 12 -4 11 19 -3 -5 21 29 17 25 27 -7 -15 -8 -14 -6 -23 -1 -11 -2 -19 -9
right_child=1 3 4 7 23 10 14 15 -10 26 -12 -13 22 20 -16 -17 -18 28 -20 -21 -22 24 -24 -25 -26 -27 -28 -29 -30 -31
leaf_value=19.5 20 20.5 19.25 20 19.75 19.75 20 20.5 21.25 19.75 19.75 20.25 20 20.25 20 20 19.5 19.649999999999999 20.5 20 20.25 20 20.25 20 20 19.75 19.75 20 20 20.5
leaf_weight=9388 7330 25727 114610 5160 7475 7213 5374 3446 84602 4215 3001 1710 1760 9022 4144 951 6734 1418 3705 2170 7375 2400 2562 1541 8470 2066 14681 1237 1261 12612
leaf_count=9388 7330 25727 114610 5160 7475 7213 5374 3446 84602 4215 3001 1710 1760 9022 4144 951 6734 1418 3705 2170 7375 2400 2562 1541 8470 2066 14681 1237 1261 12612
internal_value=19.9969 20.0335 19.9586 20.0403 19.9545 19.9753 20.0014 20.0256 20.0453 19.9531 19.9877 19.9929 20.0384 20.0183 19.9933 20.0349 19.9669 19.9715 20.0149 19.9878 20.0227 19.9894 20.0218 19.9741 19.994 19.9676 19.9616 20.0094 19.9882 20.0369
internal_weight=363360 185877 177483 153217 142522 34961 32660 38566 114651 133506 14094 11093 30049 21557 20388 17009 20867 14133 12272 9383 16397 16244 4322 9016 10870 11454 18896 8567 2679 16058
internal_count=363360 185877 177483 153217 142522 34961 32660 38566 114651 133506 14094 11093 30049 21557 20388 17009 20867 14133 12272 9383 16397 16244 4322 9016 10870 11454 18896 8567 2679 16058
cat_boundaries=0 3 6 9 11 13 16 19 22 24
cat_threshold=1418278148 202270809 13 310457348 203245641 13 378090500 135145545 13 1418199296 67248152 17842432 287315202 1418199296 201474064 1 17842176 287315200 2 66560 67190785 12 553664576 536936576
is_linear=0
shrinkage=1


Tree=1
num_leaves=31
num_cat=12
split_feature=0 3 0 0 0 17 17 17 17 3 0 17 6 17 3 3 3 6 6 17 6 17 6 6 17 6 6 17 17 17
split_gain=178677 15734 6599.1 4013.87 2178.43 2022.66 1852.99 1518.01 847.299 839.067 797.349 501.074 496.56 487.401 474.507 441.866 429.664 417.54 301.9 301.442 279.473 276.46 274.064 269.964 247.312 244.867 240.393 234.96 225.574 219.202
threshold=17.500000000000004 27.500000000000004 11.500000000000002 22.500000000000004 32.500000000000007 0 1 2 3 17.500000000000004 22.500000000000004 4 19.500000000000004 5 17.500000000000004 17.500000000000004 17.500000000000004 19.500000000000004 11.500000000000002 6 19.500000000000004 7 19.500000000000004 18.500000000000004 8 19.500000000000004 18.500000000000004 9 10 11
decision_type=2 2 2 2 2 9 9 9 9 2 2 9 2 9 2 2 2 2 2 9 2 9 2 2 9 2 2 9 9 9
left_child=2 3 5 8 10 12 9 23 26 18 20 22 16 -6 28 -9 24 19 21 -8 -3 -4 -12 29 -1 -17 -2 -10 -7 -5
right_child=1 4 6 7 13 14 17 15 27 -11 11 -13 -14 -15 -16 25 -18 -19 -20 -21 -22 -23 -24 -25 -26 -27 -28 -29 -30 -31
leaf_value=-0.47500000000000003 0 0.25 -0.23750000000000002 0.4375 1.1875 -0.47500000000000003 -0.23750000000000002 0.22500000000000001 -0.25 -0.23750000000000002 0.47500000000000003 0.47500000000000003 -0.47500000000000003 0.72500000000000009 -0.48750000000000004 0.23750000000000002 -0.22500000000000001 -0.23750000000000002 -0.23750000000000002 0.012500000000000001 -0.025000000000000001 -0.23750000000000002 0.48750000000000004 0.23750000000000002 -0.23249999999999993 -0.012500000000000001 0 0 -0.71250000000000002 0.47500000000000003
leaf_weight=9977 7861 4967 2157 6766 76142 33894 6237 7496 4626 5514 15558 8537 6494 9061 3856 14042 1945 2445 15686 4792 1087 2686 2537 3254 2476 1253 1882 12237 79324 8571
leaf_count=9977 7861 4967 2157 6766 76142 33894 6237 7496 4626 5514 15558 8537 6494 9061 3856 14042 1945 2445 15686 4792 1087 2686 2537 3254 2476 1253 1882 12237 79324 8571
internal_value=-0.003271 0.0309901 -0.0391525 0.0118344 0.0420374 -0.0443124 -0.0211377 0.0215758 -0.00331692 -0.0289218 0.0310638 0.0347871 -0.029923 0.0462472 -0.0468736 0.0129073 -0.0247604 -0.00606645 -0.0335842 -0.00192674 0.0146845 -0.0226719 0.0395167 0.0321784 -0.0281739 0.0177869 0.00841792 -0.010096 -0.0474651 0.034971
internal_weight=363360 185877 177483 67988 117889 137966 39517 41382 26606 26043 32686 26632 20892 85203 117074 22791 14398 13474 20529 11029 6054 4843 18095 18591 12453 15295 9743 16863 113218 15337
internal_count=363360 185877 177483 67988 117889 137966 39517 41382 26606 26043 32686 26632 20892 85203 117074 22791 14398 13474 20529 11029 6054 4843 18095 18591 12453 15295 9743 16863 113218 15337
cat_boundaries=0 3 6 9 12 15 18 20 23 25 28 30 32
cat_threshold=1418270020 135161945 13 3943989328 2535462178 10 310457364 203245641 5 378082324 202188873 13 310457348 203171945 13 276902916 136136777 13 540928 537002128 1610874944 100663328 8 1418199360 147472 17842176 287311104 2 538181632 656478370 276824084 202637312
is_linear=0
shrinkage=0.05


Tree=2
num_leaves=31
num_cat=11
split_feature=0 17 0 3 0 17 3 6 5 17 6 17 3 6 2 6 3 6 6 5 17 17 3 17 17 5 3 17 17 17
split_gain=177783 15434.1 6783.57 3543.82 2662.72 2124.51 1812.41 1247.1 1128.11 1085.27 655.435 591.598 539.369 532.061 522.697 474.798 474.379 389.945 364.194 373.562 396.078 358.647 324.194 320.183 285.701 266.864 249.372 225.574 209.245 187.02
threshold=17.500000000000004 0 11.500000000000002 22.500000000000004 32.500000000000007 1 17.500000000000004 19.500000000000004 23.750000000000004 2 12.500000000000002 3 17.500000000000004 19.500000000000004 22.500000000000004 19.500000000000004 17.500000000000004 11.500000000000002 11.500000000000002 21.250000000000004 4 5 27.500000000000004 6 7 26.250000000000004 27.500000000000004 8 9 10
decision_type=2 9 2 2 2 9 2 2 2 9 2 9 2 2 2 2 2 2 2 2 9 9 2 9 9 2 2 9 9 9
left_child=2 4 5 18 7 13 9 14 17 -4 -11 25 27 16 -2 22 23 -5 28 24 -21 -9 -8 -1 -20 -10 -6 -7 -3 -16
right_child=1 3 6 8 26 12 15 21 11 10 -12 -13 -14 -15 29 -17 -18 -19 19 20 -22 -23 -24 -25 -26 -27 -28 -29 -30 -31
leaf_value=-0.22087499999999985 0.25 0.203125 -0.22562499999999996 0.23812499999999998 0.66374999999999995 -0.45124999999999993 -0.22562499999999996 0 0.25 -0.013124999999999965 -0.22562499999999996 0.22562499999999996 -0.46312500000000001 -0.45124999999999993 0.45124999999999993 -0.22562499999999996 -0.21374999999999994 0.20124999999999993 0 0.22562499999999996 0 0.22562499999999996 0.24937500000000004 -0.45124999999999993 0 0.48750000000000004 1.128125 -0.67687500000000012 0 0.45124999999999993
leaf_weight=1947 7093 5312 16652 2894 7462 33894 6214 2867 6857 4618 7374 4411 3856 6494 11597 2153 1945 9409 5512 4177 6791 3034 2506 10506 8000 11236 76142 79324 3013 10070
leaf_count=1947 7093 5312 16652 2894 7462 33894 6214 2867 6857 4618 7374 4411 3856 6494 11597 2153 1945 9409 5512 4177 6791 3034 2506 10506 8000 11236 76142 79324 3013 10070
internal_value=-0.00318706 0.0309882 -0.0389787 0.0119266 0.0418812 -0.0442102 -0.0207139 0.0302328 0.0230413 -0.0273111 -0.0157974 0.0296969 -0.0468348 -0.0294661 0.0345289 -0.00333395 -0.0241214 0.0108673 0.000137174 -0.00293505 0.0039205 0.00929503 0.0018578 -0.0277082 -0.00849985 0.0336988 0.0467155 -0.0474651 0.00917117 0.0383856
internal_weight=363360 185877 177483 67612 118265 137966 39517 34661 34807 28644 11992 22504 117074 20892 28760 10873 14398 12303 32805 24480 10968 5901 8720 12453 13512 18093 83604 113218 8325 21667
internal_count=363360 185877 177483 67612 118265 137966 39517 34661 34807 28644 11992 22504 117074 20892 28760 10873 14398 12303 32805 24480 10968 5901 8720 12453 13512 18093 83604 113218 8325 21667
cat_boundaries=0 3 6 9 11 13 16 19 21 23 25 28
cat_threshold=276902916 136136777 13 1418270020 135161945 13 2333376528 2468353314 10 1711800384 637673648 1711800400 604119184 66560 81929 12 66564 8265 5 101187856 2418155776 538181632 656478370 1678786640 637673632 276889604 134299648 12
is_linear=0
shrinkage=0.05


Tree=3
num_leaves=31
num_cat=11
split_feature=0 0 17 3 17 3 0 17 6 17 0 6 17 3 6 5 3 5 6 3 6 17 17 17 5 17 3 17 3 17
split_gain=178329 17530.3 6871.59 2729.38 2124.51 1464.62 1421.01 1196.48 828.947 888.274 756.572 679.518 609.513 539.369 532.061 488.052 474.379 428.306 378.507 341.87 325.045 320.183 316.304 308.992 307.779 301.09 251.729 225.574 214.557 193.837
threshold=22.500000000000004 11.500000000000002 0 17.500000000000004 1 27.500000000000004 32.500000000000007 2 19.500000000000004 3 17.500000000000004 19.500000000000004 4 17.500000000000004 19.500000000000004 23.750000000000004 17.500000000000004 23.750000000000004 11.500000000000002 27.500000000000004 11.500000000000002 5 6 7 28.750000000000004 8 27.500000000000004 9 32.500000000000007 10
decision_type=2 2 9 2 9 2 2 9 2 9 2 2 9 2 2 2 2 2 2 2 2 9 9 9 2 9 2 9 2 9
left_child=1 4 6 7 14 12 11 10 9 -5 20 19 -4 27 16 -7 21 -14 -9 -2 22 -1 -3 -13 25 -11 -8 -6 -10 -26
right_child=2 3 5 8 13 15 26 18 28 24 -12 23 17 -15 -16 -17 -18 -19 -20 -21 -22 -23 -24 -25 29 -27 -28 -29 -30 -31
leaf_value=-0.20983124999999989 0.20124999999999993 0.02315625000000008 -0.011875000000000037 0.43993749999999993 -0.42868749999999989 0.19118749999999984 0.63056249999999991 0 -0.21434374999999994 0 -0.01015625 -0.011250000000000072 0.21556250000000007 -0.43996874999999991 -0.42868749999999989 0.43874999999999997 -0.2030624999999999 0.21546874999999999 -0.21434374999999994 0.42868749999999989 -0.21434374999999994 -0.42868749999999989 -0.21434374999999994 0.21434374999999994 0 -0.01015625 1.0717187500000001 -0.64303125000000017 0.02315625000000008 0.21312499999999998
leaf_weight=1947 10538 1180 3294 3569 33894 4048 7695 5106 4814 9875 5929 1760 10019 3856 6494 12900 1945 8115 7256 15298 15686 10506 3663 2615 2097 9698 76935 79324 888 2416
leaf_count=1947 10538 1180 3294 3569 33894 4048 7695 5106 4814 9875 5929 1760 10019 3856 6494 12900 1945 8115 7256 15298 15686 10506 3663 2615 2097 9698 76935 79324 888 2416
internal_value=-0.00385541 -0.0337649 0.0371666 -0.0137987 -0.0442102 0.0188324 0.0432878 -0.0228117 -0.00330965 0.000269391 -0.0288103 0.0339827 0.0101503 -0.0468348 -0.0294661 0.0298206 -0.0241214 0.0137401 -0.0099418 0.0370684 -0.033365 -0.0277082 -0.0220421 0.01576 -0.0031831 -0.00589843 0.0466147 -0.0474651 -0.0206682 0.00858631
internal_weight=363360 210143 153217 72177 137966 38376 114841 38820 33357 27655 26458 30211 21428 117074 20892 16948 14398 18134 12362 25836 20529 12453 4843 4375 24086 19573 84630 113218 5702 4513
internal_count=363360 210143 153217 72177 137966 38376 114841 38820 33357 27655 26458 30211 21428 117074 20892 16948 14398 18134 12362 25836 20529 12453 4843 4375 24086 19573 84630 113218 5702 4513
cat_boundaries=0 3 6 9 12 14 17 20 23 26 28 31
cat_threshold=444675092 203245641 13 1418270020 135161945 13 3943989328 2535462178 10 268514308 134481993 5 17842176 287315202 66564 8265 5 1610612736 67108896 8 66560 67190785 12 110625024 2777248 8 538181632 656478370 671399952 2418021634 2
is_linear=0
shrinkage=0.05


Tree=4
num_leaves=31
num_cat=12
split_feature=0 0 0 17 0 17 17 17 3 3 3 3 6 3 6 17 5 17 6 17 6 17 17 5 3 17 17 5 6 17
split_gain=177926 15204.1 6510.93 3477.31 2150.01 2124.51 1846.87 1170.02 844.117 748.047 734.458 539.369 532.061 474.379 436.69 428.172 421.366 419.531 409.876 357.465 325.045 320.183 316.304 278.42 239.1 225.574 212.683 188.958 187.422 181.6
threshold=17.500000000000004 27.500000000000004 11.500000000000002 0 22.500000000000004 1 2 3 22.500000000000004 17.500000000000004 32.500000000000007 17.500000000000004 19.500000000000004 17.500000000000004 19.500000000000004 4 23.750000000000004 5 18.500000000000004 6 11.500000000000002 7 8 23.750000000000004 27.500000000000004 9 10 13.500000000000002 19.500000000000004 11
decision_type=2 2 2 9 2 9 9 9 2 2 2 2 2 2 2 9 2 9 2 9 2 9 9 2 2 9 9 2 2 9
left_child=2 4 5 10 15 12 9 17 -5 20 14 25 13 21 -3 -2 -10 -6 19 -8 22 -1 -4 -19 -9 -7 -18 -17 -11 -16
right_child=1 3 6 8 7 11 18 24 16 28 -12 -13 -14 -15 29 27 26 23 -20 -21 -22 -23 -24 -25 -26 -27 -28 -29 -30 -31
leaf_value=-0.19933968749999986 0.010717187500000058 0.5181328125000001 0.021998437500000103 0.2154718749999999 -0.011281250000000043 -0.40725312499999994 -0.20362656249999989 0.18290624999999994 0.41912812499999996 -0.21383593749999985 1.0181328125 -0.4179703125 -0.40725312499999994 -0.19290937499999983 0.44112656249999987 -0.0096484374999999296 0.40553124999999995 0.20294062499999993 -0.20362656249999989 0.033873437500000138 -0.20362656249999989 -0.40725312499999994 -0.20362656249999989 0.2023515625 0.40725312499999994 -0.61087968750000021 0.45235156250000003 0 -0.20362656249999989 0.11090937499999996
leaf_weight=1947 4290 22510 1180 6419 2248 33894 6201 8894 4145 4457 76774 3856 6494 1945 1214 3562 1838 6165 3150 4123 15686 10506 3663 4989 5412 79324 11273 24808 1057 1336
leaf_count=1947 4290 22510 1180 6419 2248 33894 6201 8894 4145 4457 76774 3856 6494 1945 1214 3562 1838 6165 3150 4123 15686 10506 3663 4989 5412 79324 11273 24808 1057 1336
internal_value=-0.00327884 0.0309102 -0.0390849 0.0408277 0.010291 -0.0442102 -0.0211909 0.0205356 0.0235318 -0.0289621 0.0448421 -0.0468348 -0.0294661 -0.0241214 0.0374142 0.00159982 0.0293 0.00989412 -0.00614432 -0.00133185 -0.033365 -0.0277082 -0.0220421 0.013866 0.0304764 -0.0474651 0.0336931 -0.000628964 -0.0126224 0.0178039
internal_weight=363360 185877 177483 125509 60368 137966 39517 27708 23675 26043 101834 117074 20892 14398 25060 32660 17256 13402 13474 10324 20529 12453 4843 11154 14306 113218 13111 28370 5514 2550
internal_count=363360 185877 177483 125509 60368 137966 39517 27708 23675 26043 101834 117074 20892 14398 25060 32660 17256 13402 13474 10324 20529 12453 4843 11154 14306 113218 13111 28370 5514 2550
cat_boundaries=0 3 6 9 11 14 16 18 21 24 26 28 30
cat_threshold=310457348 203245641 13 1418270020 135161945 13 3943989328 2535462178 10 1830568256 857888178 33629184 2281965643 5 17825792 18879746 268976384 537002128 66564 8265 5 1610612736 67108896 8 538181632 656478370 18104576 2166363394 302002180 788544
is_linear=0
shrinkage=0.05


Tree=5
num_leaves=31
num_cat=10
split_feature=0 0 0 17 0 17 17 17 3 3 3 6 3 6 6 3 17 6 17 3 3 6 17 17 5 5 6 3 17 17
split_gain=168932 13979 6864.17 2732.97 2477.5 2124.51 1864.38 1158.12 958.604 954.115 800.094 588.534 539.369 532.061 520.609 474.379 451.119 439.527 419.531 381.742 351.211 325.045 320.183 316.304 300.06 278.42 245.574 245.189 235.916 234.693
threshold=17.500000000000004 27.500000000000004 11.500000000000002 0 22.500000000000004 1 2 3 17.500000000000004 22.500000000000004 37.500000000000007 18.500000000000004 17.500000000000004 19.500000000000004 19.500000000000004 17.500000000000004 4 19.500000000000004 5 37.500000000000007 22.500000000000004 11.500000000000002 6 7 23.750000000000004 23.750000000000004 19.500000000000004 27.500000000000004 8 9
decision_type=2 2 2 9 2 9 9 9 2 2 2 2 2 2 2 2 9 2 9 2 2 2 9 9 2 2 2 2 9 9
left_child=2 4 5 10 16 13 8 18 21 -5 11 -3 -7 15 24 22 -2 20 -6 -18 28 23 -1 -4 -11 -20 -10 -9 -8 -26
right_child=1 3 6 9 7 12 17 27 26 14 -12 -13 -14 -15 -16 -17 19 -19 25 -21 -22 -23 -24 -25 29 -27 -28 -29 -30 -31
leaf_value=-0.18937270312499985 -2.8046874999887452e-05 0.49222617187500006 0.020898515625000159 0.20469828124999997 -0.010717187500000058 -0.58033570312500016 -0.19344523437499994 0.17376093749999999 -0.20314414062499983 0.40459335937500002 1.2172261718750002 0.39140898437500005 -0.39707179687499999 -0.38689046874999988 -0.053672031250000002 -0.18326390624999986 0 -0.19344523437499994 0.19279359374999994 0.46498359374999992 0.22509070312499999 -0.19344523437499994 -0.38689046874999988 -0.19344523437499994 0.38525468750000003 0.19223398437500006 -0.19344523437499994 0.38689046874999988 0.010837578125000037 0.61981992187500001
leaf_weight=1947 1002 29218 1180 6903 2248 113218 5328 8894 4457 4791 62825 5947 3856 6494 1137 1945 29944 2445 6165 1714 2829 15686 10506 3663 1768 4989 1057 5412 2872 12920
leaf_count=1947 1002 29218 1180 6903 2248 113218 5328 8894 4457 4791 62825 5947 3856 6494 1137 1945 29944 2445 6165 1714 2829 15686 10506 3663 1768 4989 1057 5412 2872 12920
internal_value=-0.00405837 0.0292554 -0.0389477 0.0387649 0.00948433 -0.0442102 -0.0205747 0.0204814 -0.0283825 0.0248084 0.0426776 0.036643 -0.0468348 -0.0294661 0.0302047 -0.0241214 0.000154623 -0.00545832 0.00989412 0.00120469 -0.00121045 -0.033365 -0.0277082 -0.0220421 0.0321243 0.013866 -0.00988393 0.0303716 -0.00645122 0.0356686
internal_weight=363360 185877 177483 125509 60368 137966 39517 27708 26043 27519 97990 35165 117074 20892 20616 14398 32660 13474 13402 31658 11029 20529 12453 4843 19479 11154 5514 14306 8200 14688
internal_count=363360 185877 177483 125509 60368 137966 39517 27708 26043 27519 97990 35165 117074 20892 20616 14398 32660 13474 13402 31658 11029 20529 12453 4843 19479 11154 5514 14306 8200 14688
cat_boundaries=0 3 6 9 11 13 15 18 21 23 25
cat_threshold=310457348 203245641 5 1418270020 135161945 13 3943989328 2535462178 10 1830568256 857888178 0 2147483650 17825792 18879746 66564 8265 5 1610612736 67108896 8 268980480 671219856 18104576 2166363138
is_linear=0
shrinkage=0.05


Tree=6
num_leaves=31
num_cat=12
split_feature=0 0 0 17 0 17 3 17 17 3 3 6 6 3 6 6 3 17 6 17 3 17 5 5 17 3 17 17 17 17
split_gain=169023 13924.1 6677.32 2709.67 2484.22 2124.51 1677.09 1158.12 1093.3 953.556 822.758 658.01 645.85 539.369 532.061 520.059 474.379 450.363 437.355 419.531 365.398 320.183 303.932 278.42 255.034 245.189 234.693 225.574 216.424 203.582
threshold=17.500000000000004 27.500000000000004 11.500000000000002 0 22.500000000000004 1 17.500000000000004 2 3 22.500000000000004 37.500000000000007 19.500000000000004 12.500000000000002 17.500000000000004 19.500000000000004 19.500000000000004 17.500000000000004 4 19.500000000000004 5 37.500000000000007 6 23.750000000000004 23.750000000000004 7 27.500000000000004 8 9 10 11
decision_type=2 2 2 9 2 9 2 9 9 2 2 2 2 2 2 2 2 9 2 9 2 9 2 2 9 2 9 9 9 9
left_child=2 4 5 10 17 14 8 19 -4 -5 11 -3 -10 27 16 22 21 -2 24 -6 29 -1 -11 -21 -8 -9 -24 -7 -13 -19
right_child=1 3 6 9 7 13 18 25 12 15 -12 28 -14 -15 -16 -17 -18 20 -20 23 -22 -23 26 -25 -26 -27 -28 -29 -30 -31
leaf_value=-0.17990406796874991 -2.6644531249964132e-05 0.46761486328125007 -0.18377297265625003 0.19446336718749999 -0.0101813281250001 -0.35787368359374983 0.43946116796875007 0.16507289062500005 -0.014704300781249914 0.38436369140625004 1.15636486328125 0.085793457031249964 -0.18377297265625003 -0.37721820703124997 -0.3675459453124999 -0.050988429687500059 -0.17410071093749979 0.00050781250000007103 -0.18377297265625003 0.18315391406249992 0.44173441406249997 -0.3675459453124999 0.36599195312499994 0.18262228515625001 -0.0022919570312499361 0.3675459453124999 0.58882892578125012 -0.5513189179687501 0.40071853515625 -0.0013003906249998921
leaf_weight=1947 1002 31454 16652 6900 2248 33894 824 8894 4618 4772 62825 1747 7374 3856 6494 1137 1945 12346 2153 6165 1714 10506 1768 4989 7896 5412 12920 79324 1986 17598
leaf_count=1947 1002 31454 16652 6900 2248 33894 824 8894 4618 4772 62825 1747 7374 3856 6494 1137 1945 12346 2153 6165 1714 10506 1768 4989 7896 5412 12920 79324 1986 17598
internal_value=-0.00412112 0.0292016 -0.0390198 0.0386924 0.00946942 -0.0442102 -0.0208986 0.0204814 -0.0272448 0.0247882 0.0425864 0.0364694 -0.0156891 -0.0468348 -0.0294661 0.0301864 -0.0241214 0.000127067 -0.00418008 0.00989412 0.00117627 -0.0277082 0.0321069 0.013866 0.000802752 0.0303716 0.0356686 -0.0474651 0.016622 -0.000108536
internal_weight=363360 185877 177483 125509 60368 137966 39517 27708 28644 27497 98012 35187 11992 117074 20892 20597 14398 32660 10873 13402 31658 12453 19460 11154 8720 14306 14688 113218 3733 29944
internal_count=363360 185877 177483 125509 60368 137966 39517 27708 28644 27497 98012 35187 11992 117074 20892 20597 14398 32660 10873 13402 31658 12453 19460 11154 8720 14306 14688 113218 3733 29944
cat_boundaries=0 3 6 8 11 13 15 18 21 23 25 28 31
cat_threshold=444675076 203245641 5 1418270020 135161945 13 1830568256 857888178 2333376528 2468353314 10 0 2147483650 17825792 18879746 66564 8265 5 66564 134481993 9 18104576 2166363138 538181632 656478370 66560 67190857 5 337454340 134502745 5
is_linear=0
shrinkage=0.05


Tree=7
num_leaves=31
num_cat=12
split_feature=0 0 0 17 0 17 17 17 3 3 3 6 6 3 6 3 17 17 17 6 6 17 17 5 5 17 6 3 17 17
split_gain=168601 13623 6649.8 2672.71 2431.07 2124.51 1664.73 1158.12 980.944 926.512 734.878 598.221 592.543 539.369 532.061 474.379 457.13 419.531 390.434 386.149 325.045 320.183 316.304 287.689 278.42 274.43 251.779 245.189 232.235 225.574
threshold=17.500000000000004 27.500000000000004 11.500000000000002 0 22.500000000000004 1 2 3 17.500000000000004 22.500000000000004 37.500000000000007 19.500000000000004 19.500000000000004 17.500000000000004 19.500000000000004 17.500000000000004 4 5 6 19.500000000000004 11.500000000000002 7 8 23.750000000000004 23.750000000000004 9 19.500000000000004 27.500000000000004 10 11
decision_type=2 2 2 9 2 9 9 9 2 2 2 2 2 2 2 2 9 9 9 2 2 9 9 2 2 9 2 2 9 9
left_child=2 4 5 10 16 14 8 17 20 -5 12 23 -3 29 15 21 -2 -6 -18 25 22 -1 -4 -11 -19 -8 -10 -9 -25 -7
right_child=1 3 6 9 7 13 19 27 26 11 -12 -13 -14 -15 -16 -17 18 24 -20 -21 -22 -23 -24 28 -26 -27 -28 -29 -30 -31
leaf_value=-0.17090886457031243 0.010782207031250124 0.44423412011718766 0.022463804882812612 0.18474019882812504 -0.0096722617187500869 -0.33997999941406243 -0.17458432402343754 0.15681924609374998 -0.19287233574218732 0.35725755761718769 1.0985466201171874 -0.051656791699218732 0.33150378417968746 -0.35835729667968758 -0.34916864804687492 -0.16539567539062486 -2.5312304687474809e-05 0.17399621835937484 -2.5390625000021317e-05 -0.17458432402343754 -0.17458432402343754 -0.34916864804687492 -0.17458432402343754 0.34769235546874988 0.17349117089843757 0.040826535351562755 -0.17458432402343754 0.34916864804687492 0.55086404199218753 -0.52375297207031257
leaf_weight=1947 5192 29615 1180 7237 2248 33894 7253 8894 4457 5334 62427 1218 3641 3856 6494 1945 1002 6165 26466 2445 15686 10506 3663 1768 4989 3776 1057 5412 14269 79324
leaf_count=1947 5192 29615 1180 7237 2248 33894 7253 8894 4457 5334 62427 1218 3641 3856 6494 1945 1002 6165 26466 2445 15686 10506 3663 1768 4989 3776 1057 5412 14269 79324
internal_value=-0.00417547 0.0291055 -0.0390305 0.0384933 0.00958786 -0.0442102 -0.0209467 0.0204814 -0.028325 0.0253921 0.04257 0.0303887 0.0365708 -0.0468348 -0.0294661 -0.0241214 0.000345989 0.00989412 -0.00222724 -0.00665974 -0.033365 -0.0277082 -0.0220421 0.0323312 0.013866 -0.0026793 -0.0096119 0.0303716 0.0356769 -0.0474651
internal_weight=363360 185877 177483 125509 60368 137966 39517 27708 26043 29826 95683 22589 33256 117074 20892 14398 32660 13402 27468 13474 20529 12453 4843 21371 11154 11029 5514 14306 16037 113218
internal_count=363360 185877 177483 125509 60368 137966 39517 27708 26043 29826 95683 22589 33256 117074 20892 14398 32660 13402 27468 13474 20529 12453 4843 21371 11154 11029 5514 14306 16037 113218
cat_boundaries=0 3 6 9 11 14 16 18 21 24 26 28 30
cat_threshold=310457348 136136777 5 1418270020 135161945 13 3943989328 2535462178 10 1830568256 857888178 107520 134490185 5 17825792 18879746 0 2147483650 66564 8265 5 1610612736 67108896 8 277364992 537002128 18104576 2166363138 538181632 656478370
is_linear=0
shrinkage=0.05


Tree=8
num_leaves=31
num_cat=10
split_feature=0 0 0 0 17 3 17 17 17 3 0 6 6 6 3 17 6 17 3 6 17 3 17 5 3 5 5 3 17 17
split_gain=161815 14355.7 6083.11 2806.85 2661.33 1814.89 1784.74 1158.12 1093.3 924.518 724.539 645.85 643.333 594.568 583.055 489.113 478.543 419.531 379.719 340.703 432.749 303.313 292.161 290.378 290.332 278.42 262.966 245.189 231.895 224.888
threshold=17.500000000000004 27.500000000000004 11.500000000000002 22.500000000000004 0 17.500000000000004 1 2 3 22.500000000000004 42.500000000000007 12.500000000000002 19.500000000000004 19.500000000000004 14.000000000000002 4 19.500000000000004 5 37.500000000000007 19.500000000000004 6 32.500000000000007 7 23.750000000000004 17.500000000000004 23.750000000000004 18.750000000000004 27.500000000000004 8 9
decision_type=2 2 2 2 9 2 9 9 9 2 2 2 2 2 2 9 2 9 2 2 9 2 9 2 2 2 2 2 9 9
left_child=2 3 6 15 10 8 19 17 -4 -6 12 -10 -3 23 22 -2 21 -5 -17 20 24 -7 26 -11 -1 -19 -8 -9 -25 -14
right_child=1 4 5 7 9 16 14 27 11 13 -12 -13 29 -15 -16 18 -18 25 -20 -21 -22 -23 -24 28 -26 -27 -28 -29 -30 -31
leaf_value=-0.33171021564453124 -0.00047409082031251164 0.53614272661132822 -0.16585510782226562 -0.0091886486328125027 0.17550318888671887 -0.027968685947265648 -0.49756532346679699 0.14897828378906244 -0.016010412509765537 0.33939467973632831 1.0436192891113281 -0.16585510782226562 0.18020671997070306 -0.04907395211425776 -0.31048099944335927 -2.4121093749940314e-05 -0.16585510782226562 0.16529640744140617 0.41990286914062519 -0.33171021564453124 -0.16236342134179688 0.41544678280273434 -0.49756532346679699 0.3303077376953123 -0.15712589162109369 0.16481661235351572 -0.31048099944335927 0.33171021564453124 0.52332083989257805 0.37538866918945291
leaf_weight=8644 2997 37497 16652 2248 7237 7555 32145 8894 4618 5334 53033 7374 2328 1218 10706 27959 2153 6165 1704 4544 2293 1165 67593 1768 1343 4989 10698 5412 14269 2825
leaf_count=8644 2997 37497 16652 2248 7237 7555 32145 8894 4618 5334 53033 7374 2328 1218 10706 27959 2153 6165 1704 4544 2293 1165 67593 1768 1343 4989 10698 5412 14269 2825
internal_value=-0.00379266 0.0288118 -0.0379391 0.00877617 0.0384486 -0.020643 -0.0428932 0.0204814 -0.0272448 0.0253754 0.0425167 -0.0156891 0.0376694 0.0303666 -0.0450154 -0.00115432 -0.00325117 0.00989412 0.000793651 -0.0275692 -0.0232573 0.00196101 -0.0460991 0.0323031 -0.0277433 0.013866 -0.0427683 0.0303716 0.0356644 0.0211042
internal_weight=363360 185877 177483 60368 125509 39517 137966 27708 28644 29826 95683 11992 42650 22589 121142 32660 10873 13402 29663 16824 12280 8720 110436 21371 9987 11154 42843 14306 16037 5153
internal_count=363360 185877 177483 60368 125509 39517 137966 27708 28644 29826 95683 11992 42650 22589 121142 32660 10873 13402 29663 16824 12280 8720 110436 21371 9987 11154 42843 14306 16037 5153
cat_boundaries=0 3 6 8 11 13 15 17 19 21 24
cat_threshold=310457348 136136777 5 1418269956 135145561 13 1830568256 857888178 2333376528 2468353314 10 32768 2147491842 17825792 18879746 1418199296 134348816 553926720 637621666 18104576 2166363138 66560 81993 5
is_linear=0
shrinkage=0.05


Tree=9
num_leaves=31
num_cat=12
split_feature=0 3 0 0 0 17 3 17 17 3 6 6 17 3 6 17 17 17 6 17 6 17 17 3 5 5 5 17 3 17
split_gain=155908 13344.2 6015.5 3136.73 2096.75 1784.74 1747.36 1416.51 1093.3 1010.42 1212.78 645.85 586.621 583.055 458.329 444.159 440.054 422.489 380.341 356.951 340.703 432.749 292.161 290.332 276.43 262.966 262.597 256.704 245.313 241.653
threshold=17.500000000000004 27.500000000000004 11.500000000000002 22.500000000000004 22.500000000000004 0 17.500000000000004 1 2 47.500000000000007 19.500000000000004 12.500000000000002 3 14.000000000000002 19.500000000000004 4 5 6 19.500000000000004 7 19.500000000000004 8 9 17.500000000000004 23.750000000000004 18.750000000000004 23.750000000000004 10 27.500000000000004 11
decision_type=2 2 2 2 2 9 2 9 9 2 2 2 9 2 2 9 9 9 2 9 2 9 9 2 2 2 2 9 2 9
left_child=2 3 5 15 27 20 8 17 -4 10 16 -10 -12 22 28 -2 -6 26 19 -9 21 23 25 -1 -18 -7 -5 -3 -8 -20
right_child=1 4 6 7 9 13 14 18 11 -11 12 -13 -14 -15 -16 -17 24 -19 29 -21 -22 -23 -24 -25 -26 -27 -28 -29 -30 -31
leaf_value=-0.31512470486230471 -0.00045038627929692158 0.39640492392578131 -0.15756235243115224 0.15703158706933584 0.56512470486230471 -0.47268705729345717 -0.18183028465771472 0.38731061959960922 -0.015209891884277306 1.2414383246557619 0.39227517322998051 -0.15756235243115224 0.10205552459716785 -0.29495694947119128 -0.15756235243115224 -2.2915039062354483e-05 0.3091780707495117 -0.020010466201171973 -0.066303616027832038 0.16097468209960938 -0.31512470486230471 -0.15424525027470698 -0.47268705729345717 -0.14926959704003906 0.43214518852294914 -0.29495694947119128 0.16673271694238301 0.0010749827343748742 0.22393756085009767 0.16224968209960924
leaf_weight=8644 3145 2606 16652 6263 37717 32145 6214 8236 4618 37953 3577 7374 3928 10706 2153 23461 9863 3294 1439 15468 4544 2293 67593 1343 18797 10698 5252 3448 2506 1430
leaf_count=8644 3145 2606 16652 6263 37717 32145 6214 8236 4618 37953 3577 7374 3928 10706 2153 23461 9863 3294 1439 15468 4544 2293 67593 1343 18797 10698 5252 3448 2506 1430
internal_value=-0.00444931 0.0275545 -0.0379667 0.00991351 0.0377283 -0.0428932 -0.020767 0.018525 -0.0272448 0.0392797 0.0358734 -0.0156891 0.0168221 -0.0450154 -0.00370183 -0.00348042 0.0380275 0.00611715 0.0254279 0.0275186 -0.0275692 -0.0232573 -0.0460991 -0.0277433 0.0332857 -0.0427683 0.0106334 0.00906838 0.00139908 0.00824329
internal_weight=363360 185877 177483 67988 117889 137966 39517 41382 28644 111835 73882 11992 7505 121142 10873 26606 66377 14809 26573 23704 16824 12280 110436 9987 28660 42843 11515 6054 8720 2869
internal_count=363360 185877 177483 67988 117889 137966 39517 41382 28644 111835 73882 11992 7505 121142 10873 26606 66377 14809 26573 23704 16824 12280 110436 9987 28660 42843 11515 6054 8720 2869
cat_boundaries=0 3 5 8 10 12 15 17 20 22 24 27 30
cat_threshold=1418269956 135145561 13 18628928 857871794 2333376528 2468353314 10 302526468 1837056 32768 2148016130 268448772 1853545 5 786752 570556592 33633280 608329 1 1418199296 134348816 553926720 637621666 276902916 135022793 5 1677788160 67190849 12
is_linear=0
shrinkage=0.05


Tree=10
num_leaves=31
num_cat=11
split_feature=0 2 0 0 17 17 17 17 0 3 6 3 5 17 17 6 6 17 17 6 17 6 17 17 3 6 5 3 0 6
split_gain=151868 11264.9 5971.55 2673.16 2367.39 1791.35 1784.74 1150.64 1004.11 913.25 875.485 583.055 532.122 507.406 434.555 417.533 377.2 349.968 345.693 340.703 432.749 325.045 316.304 292.161 290.332 289.654 262.966 241.733 240.01 232.995
threshold=17.500000000000004 27.500000000000004 11.500000000000002 22.500000000000004 0 1 2 3 47.500000000000007 17.500000000000004 18.500000000000004 14.000000000000002 26.250000000000004 4 5 18.500000000000004 19.500000000000004 6 7 19.500000000000004 8 11.500000000000002 9 10 17.500000000000004 19.500000000000004 18.750000000000004 17.500000000000004 22.500000000000004 19.500000000000004
decision_type=2 2 2 2 9 9 9 9 2 2 2 2 2 9 9 2 2 9 9 2 9 2 9 9 2 2 2 2 2 2
left_child=2 3 6 -2 8 9 19 14 10 21 -3 23 25 -12 -5 17 18 -7 -9 20 24 22 -4 26 -1 28 -8 -16 -6 -11
right_child=1 4 5 7 12 15 11 16 -10 29 13 -13 -14 -15 27 -17 -18 -19 -20 -21 -22 -23 -24 -25 -26 -27 -28 -29 -30 -31
leaf_value=-0.29936846961918945 -2.1769287109307812e-05 0.50607935503764645 0.022901629858374229 -0.017884942891113375 -0.00042786696533205772 -0.14968423480959459 -0.44905270442878431 0.35788258861962863 1.3165852144126466 -0.17273877042482902 0.45632519813964856 -0.28020910199763177 0.39648983109526381 0.21318208941264649 0.14823983109526379 -0.14968423480959459 0.12895630363244628 0.043410286303686443 0.15082660296435543 -0.29936846961918945 -0.14653298776097171 -0.14968423480959459 -0.14968423480959459 -0.44905270442878431 -0.14180611718803712 -0.075638294117309546 -0.28020910199763177 0.15102375771586907 0.25844597597180191 -0.14968423480959459
leaf_weight=8644 27566 47731 1180 2717 1623 5802 32145 7971 37026 4457 5625 10706 11470 6654 3756 3150 2891 4522 13515 4544 2293 15686 3663 67593 1343 1279 10698 7253 8800 1057
leaf_count=8644 27566 47731 1180 2717 1623 5802 32145 7971 37026 4457 5625 10706 11470 6654 3756 3150 2891 4522 13515 4544 2293 15686 3663 67593 1343 1279 10698 7253 8800 1057
internal_value=-0.0049045 0.0266819 -0.0379848 0.0100283 0.0357796 -0.020848 -0.0428932 0.0186088 0.0392103 -0.0285015 0.0352191 -0.0450154 0.0213873 0.0233122 0.00701077 -0.00602937 0.0251261 -0.00117203 0.0274179 -0.0275692 -0.0232573 -0.033365 -0.0220421 -0.0460991 -0.0277433 0.0138951 -0.0427683 0.0114303 0.0166507 -0.0104461
internal_weight=363360 185877 177483 65669 120208 39517 137966 38103 97036 26043 60010 121142 23172 12279 13726 13474 24377 10324 21486 16824 12280 20529 4843 110436 9987 11702 42843 11009 10423 5514
internal_count=363360 185877 177483 65669 120208 39517 137966 38103 97036 26043 60010 121142 23172 12279 13726 13474 24377 10324 21486 16824 12280 20529 4843 110436 9987 11702 42843 11009 10423 5514
cat_boundaries=0 3 6 9 11 13 15 17 20 22 25 27
cat_threshold=444675076 136136777 13 3943989328 2535462178 10 1418269956 135145561 13 18628928 857871794 310390788 1837056 17825792 287315202 540928 537002128 33633280 608329 5 1418199296 134348816 1610612736 67108896 8 553926720 637621666
is_linear=0
shrinkage=0.05


Tree=11
num_leaves=31
num_cat=10
split_feature=0 17 17 3 0 0 6 0 0 6 6 17 5 17 17 5 6 17 17 6 17 5 17 5 3 3 17 5 6 6
split_gain=142202 10746.7 5837.1 2638.96 2605.08 2357.9 1722.09 1582.92 1207.28 1088.6 1069.56 1046.26 887.263 705.311 668.482 713.137 570.06 488.326 432.303 422.792 363.816 475.934 349.537 320.192 309.047 297.956 255.482 240.933 221.115 215.207
threshold=17.500000000000004 0 1 17.500000000000004 22.500000000000004 22.500000000000004 11.500000000000002 47.500000000000007 7.5000000000000009 19.500000000000004 19.500000000000004 2 26.250000000000004 3 4 23.750000000000004 19.500000000000004 5 6 19.500000000000004 7 18.750000000000004 8 21.250000000000004 17.500000000000004 32.500000000000007 9 23.750000000000004 11.500000000000002 12.500000000000002
decision_type=2 9 9 2 2 2 2 2 2 2 2 9 2 9 9 2 2 9 9 2 9 2 9 2 2 2 9 2 2 2
left_child=2 4 14 6 25 -3 8 10 26 17 20 -7 19 -10 15 -1 22 23 -12 24 -6 -22 -8 -5 -13 29 -4 -24 -26 -2
right_child=1 5 3 9 7 11 16 -9 13 -11 18 12 -14 -15 -16 -17 -18 -19 -20 -21 21 -23 27 -25 28 -27 -28 -29 -30 -31
leaf_value=-0.42660006920734511 0.23756972933349624 -2.0680822753860184e-05 -0.48951574518390739 -0.1641018319035876 0.65406244067109154 -0.006209445746557663 -0.14220002306911486 1.1559953052736305 -0.14220002306911486 -0.28440004613823 0.31643362366540534 0.14098640268918478 0.33082371825492934 0.010484254816092609 -0.42660006920734511 -0.20328297092118791 -0.39220002306911489 0.18854025052365841 0.11007333139667708 -0.084356379411444138 0.23077538728576422 0.46325194978576417 -0.23951574518390739 0.074734105596412276 0.25517813029821179 0.37720682325885985 -0.38920633837292318 -0.14220002306911486 0.1432852728161377 -0.0016609825805666391
leaf_weight=25227 2276 24967 6488 5703 18738 5979 3967 37686 6778 4228 4774 4221 13564 5792 59522 7771 16937 2678 4426 2142 15956 29049 20868 3299 4127 1627 4448 3777 12555 3790
leaf_count=25227 2276 24967 6488 5703 18738 5979 3967 37686 6778 4228 4774 4221 13564 5792 59522 7771 16937 2678 4426 2142 15956 29049 20868 3299 4127 1627 4448 3777 12555 3790
internal_value=-0.00442619 0.0261385 -0.0364364 -0.0269621 0.0352221 0.010222 -0.0311947 0.0371815 -0.0202034 -0.00860573 0.0328825 0.0173758 0.0205399 -0.00963405 -0.0451291 -0.039348 -0.0368669 -0.000736301 0.0169457 0.0145737 0.0351827 0.0327013 -0.0325633 -0.0063138 0.0167416 0.00709086 -0.0323519 -0.034786 0.0197998 0.00199472
internal_weight=363360 185877 177483 84963 118322 67555 69055 110629 23506 15908 72943 42588 36609 12570 92520 32998 45549 11680 9200 23045 63743 45005 28612 9002 20903 7693 10936 24645 16682 6066
internal_count=363360 185877 177483 84963 118322 67555 69055 110629 23506 15908 72943 42588 36609 12570 92520 32998 45549 11680 9200 23045 63743 45005 28612 9002 20903 7693 10936 24645 16682 6066
cat_boundaries=0 3 6 8 10 12 14 16 18 21 23
cat_threshold=411120644 136136777 13 2332082322 3495954176 2 17826048 287315202 270270720 50466834 16793600 2098432 1620836672 654528658 268447748 136054784 13312 1050696 344523012 201334784 4 77070592 671301634
is_linear=0
shrinkage=0.05


Tree=12
num_leaves=31
num_cat=13
split_feature=0 3 17 0 3 6 17 3 6 0 6 17 17 5 6 6 17 17 17 17 17 17 5 17 5 5 17 17 5 5
split_gain=139368 10608.1 6017.84 3928.78 2407.88 1806.94 1610.44 1381.71 1038.21 1037.78 715.402 705.311 683.374 702.732 638.82 517.38 457.567 440.385 401.435 399.956 392.364 372.934 340.14 330.301 319.618 266.71 263.63 240.366 235.98 222.08
threshold=17.500000000000004 32.500000000000007 0 22.500000000000004 17.500000000000004 11.500000000000002 1 47.500000000000007 19.500000000000004 7.5000000000000009 18.500000000000004 2 3 23.750000000000004 19.500000000000004 19.500000000000004 4 5 6 7 8 9 26.250000000000004 10 21.250000000000004 21.250000000000004 11 12 23.750000000000004 8.7500000000000018
decision_type=2 2 9 2 2 2 9 2 2 2 2 9 9 2 2 2 9 9 9 9 9 9 2 9 2 2 9 9 2 2
left_child=2 3 12 27 5 9 16 10 21 26 20 -11 13 -1 17 19 22 25 -12 -7 -3 24 -5 -16 -6 -8 -4 -2 -21 -28
right_child=1 7 4 6 8 15 14 -9 -10 11 18 -13 -14 -15 23 -17 -18 -19 -20 28 -22 -23 -24 -25 -26 -27 29 -29 -30 -31
leaf_value=-0.40527006574697788 -0.00042574445983891709 0.5434924772964761 -0.46503995792471198 0.13265351940604139 -0.15589674030840828 -0.13509002191565908 0.14065316670560435 1.121359318637537 -0.27018004383131844 -0.13509002191565908 0.43303653559710953 0.0099600420752880229 -0.40527006574697788 -0.19311882237512848 -0.058123850798156698 -0.3725900219156591 -0.016586473459229725 0.28020023562894425 0.14865463596171544 -0.22753995792471199 0.4091264115523684 0.1791132379974755 0.21020529850429226 0.15312595178357891 0.07099740031659163 0.23835941353240495 -0.47005542826526131 7.0763374633919793e-05 -0.13509002191565908 -0.22005542826526128
leaf_weight=25227 16703 33176 5972 10326 5703 3684 12753 38266 4228 6778 4779 5792 59522 7771 2588 16937 3042 19729 5340 21151 11399 2678 4310 2029 3299 8414 3028 13023 3777 1936
leaf_count=25227 16703 33176 5972 10326 5703 3684 12753 38266 4228 6778 4779 5792 59522 7771 2588 16937 3042 19729 5340 21151 11399 2678 4310 2029 3299 8414 3028 13023 3777 1936
internal_value=-0.00457893 0.0256796 -0.0362685 0.0137321 -0.0266491 -0.0306922 0.0207838 0.0376216 -0.00911491 -0.0194333 0.0325228 -0.00963405 -0.0450946 -0.0392511 0.0257573 -0.0365024 0.0079602 0.0277533 0.0205208 -0.0324025 0.0352473 -0.00142979 0.0116277 0.00813299 -0.00630271 0.0226968 -0.0306968 -0.00125816 -0.034678 -0.0220145
internal_weight=363360 185877 177483 92917 84963 69055 63191 92960 15908 23506 54694 12570 92520 32998 45513 45549 17678 40896 10119 28612 44575 11680 14636 4617 9002 21167 10936 29726 24928 4964
internal_count=363360 185877 177483 92917 84963 69055 63191 92960 15908 23506 54694 12570 92520 32998 45513 45549 17678 40896 10119 28612 44575 11680 14636 4617 9002 21167 10936 29726 24928 4964
cat_boundaries=0 3 5 7 9 11 14 16 19 22 24 27 29 32
cat_threshold=2332082322 3495954176 2 18104640 857871794 270270720 50466834 16793600 2098432 278848 570556592 1955069972 2281971712 8 277360644 1845312 76087552 201334784 4 268514308 1919097 13 1620836672 654528658 1677788160 2214674441 13 77070592 671285250 1736999232 857830400 10
is_linear=0
shrinkage=0.05


Tree=13
num_leaves=31
num_cat=13
split_feature=0 0 17 0 6 3 17 17 17 17 5 5 17 17 3 6 17 6 5 5 17 17 17 0 17 5 17 5 6 6
split_gain=133020 9566.54 7059.15 2557.07 2402.58 1967.1 1396.95 1277.89 946.895 696.535 732.489 619.423 540.25 498.701 473.631 462.624 457.38 433.069 404.68 401.914 385.512 369.659 330.172 313.401 303.568 289.555 289.231 279.595 270.649 236.093
threshold=17.500000000000004 32.500000000000007 0 22.500000000000004 19.500000000000004 17.500000000000004 1 2 3 4 23.750000000000004 21.250000000000004 5 6 22.500000000000004 11.500000000000002 7 19.500000000000004 8.7500000000000018 6.2500000000000009 8 9 10 57.500000000000007 11 23.750000000000004 12 16.250000000000004 19.500000000000004 19.500000000000004
decision_type=2 2 9 2 2 2 9 9 9 9 2 2 9 9 2 2 9 2 2 2 9 9 9 2 9 2 9 2 2 2
left_child=2 3 9 12 5 8 23 14 19 10 -1 -8 -2 -13 -5 18 -6 24 -10 26 25 -19 -20 28 -9 -7 -4 -17 -3 -16
right_child=1 6 4 7 16 20 11 17 15 -11 -12 13 -14 -15 29 27 -18 21 22 -21 -22 -23 -24 -25 -26 -27 -28 -29 -30 -31
leaf_value=-0.38500656245962905 8.7530089813370185e-05 0.65337420388738598 0.0096033153077573104 -0.0050696497862682934 -0.24616054388899125 -0.14810190329298792 0.31610629364002901 0.47179717105479818 -0.44178796002847637 -0.38500656245962905 -0.18346288125637208 0.59066518083065989 -0.00040445723684694461 0.38948998206403207 0.12967563021896675 -0.21616296002847638 -0.35396052081987617 -0.058419488810547371 -0.020535543888991283 -0.011767176229648336 0.17015757609760165 0.1242114040405573 -0.19178796002847634 1.7496694165067834 0.16706199405665229 0.075041238871562943 -0.34624325004101397 -0.12833552081987618 0.45949532544556837 -0.096442287169654153
leaf_weight=25227 9930 19670 946 7227 3478 5986 22741 7599 4942 59522 7771 26994 22730 6624 8989 14109 17687 2170 3386 5241 2678 2711 8467 17568 26342 3016 2403 12624 3620 962
leaf_count=25227 9930 19670 946 7227 3478 5986 22741 7599 4942 59522 7771 26994 22730 6624 8989 14109 17687 2170 3386 5241 2678 2711 8467 17568 26342 3016 2403 12624 3620 962
internal_value=-0.00454673 0.0250147 -0.0355062 0.0131367 -0.0250897 -0.0202499 0.0358471 0.0196214 -0.0244062 -0.0450643 -0.0391663 0.0307181 0.00201776 0.0350348 0.00824994 -0.0273991 -0.0396905 0.0246446 -0.0209021 -0.00919767 -0.00170377 0.0107253 -0.0158905 0.042904 0.0266536 -0.00665779 -0.0227381 -0.031491 0.0391112 0.0153301
internal_weight=363360 185877 177483 88660 84963 63798 97217 56000 52118 92520 32998 56359 32660 33618 17178 43528 21165 38822 16795 8590 11680 4881 11853 40858 33941 9002 3349 26733 23290 9951
internal_count=363360 185877 177483 88660 84963 63798 97217 56000 52118 92520 32998 56359 32660 33618 17178 43528 21165 38822 16795 8590 11680 4881 11853 40858 33941 9002 3349 26733 23290 9951
cat_boundaries=0 3 5 7 10 12 15 18 21 23 26 28 31 34
cat_threshold=2332082322 3495954176 2 12288 1329216 18628928 857871794 75568132 201615433 13 16793600 2098432 201929984 2281969771 5 344523780 134938649 13 277352708 919561 5 1620836672 654528658 1677788160 67190785 12 1610613056 131232 167785472 1329225 1 5124 67373128 4
is_linear=0
shrinkage=0.05


Tree=14
num_leaves=31
num_cat=14
split_feature=0 2 17 0 6 3 17 17 17 6 17 5 5 17 17 17 6 5 5 17 8 17 5 17 17 3 6 17 6 17
split_gain=127822 9645.07 7504.42 3327.44 2454.52 1868.47 1619.34 1235.18 1038.08 761.278 718.189 714.594 648.708 645.152 549.913 513.977 477.715 540.147 527.195 398.993 395.459 353.57 349.418 295.591 293.335 287.273 272.414 267.928 263.796 262.563
threshold=17.500000000000004 32.500000000000007 0 22.500000000000004 19.500000000000004 22.500000000000004 1 2 3 18.500000000000004 4 21.250000000000004 26.250000000000004 5 6 7 11.500000000000002 21.250000000000004 8.7500000000000018 8 23.500000000000004 9 6.2500000000000009 10 11 57.500000000000007 18.500000000000004 12 19.500000000000004 13
decision_type=2 2 9 2 2 2 9 9 9 2 9 2 2 9 9 9 2 2 2 9 2 9 2 9 9 2 2 9 2 9
left_child=2 3 10 29 5 8 25 -5 22 13 11 -1 19 -9 -6 -11 18 -18 27 26 -15 -14 24 -20 -4 28 -8 -10 -3 -2
right_child=1 6 4 7 14 -7 12 9 16 15 -12 -13 21 20 -16 -17 17 -19 23 -21 -22 -23 -24 -25 -26 -27 -28 -29 -30 -31
leaf_value=-0.36575623433664756 -0.00038423437500458848 0.67809689741618895 -0.32893108753896333 -0.0054411672969548524 -0.23385251669454174 0.074351718357183932 0.38756888920538446 0.24045995272437892 -0.20717626847768963 0.13925908399237202 -0.36575623433664756 -0.17428973719355351 0.64016515775363669 0.21808834315295211 -0.33626249477888237 -0.025557099776629146 -0.20535481202705252 -0.12191874477888227 -0.019508766694541713 0.17586983391325361 0.12319184870801846 0.34536283134884105 0.00042285128686234689 -0.18219856202705254 0.0068777077847954615 1.6621859456814443 0.24942685666074668 -0.41969856202705258 0.42197156284796994 6.322316430225072e-05
leaf_weight=24558 15138 19411 2180 5778 3311 6221 23109 17123 1106 3977 59522 8440 15686 10115 17854 5535 24275 5789 4117 4630 18536 4547 6079 8857 1116 17356 6089 4058 3618 15229
leaf_count=24558 15138 19411 2180 5778 3311 6221 23109 17123 1106 3977 59522 8440 15686 10115 17854 5535 24275 5789 4117 4630 18536 4547 6079 8857 1116 17356 6089 4058 3618 15229
internal_value=-0.00478011 0.024198 -0.0351287 0.0126221 -0.0243895 -0.0194975 0.0354044 0.0193486 -0.0223101 0.0216453 -0.0449832 -0.0389966 0.0297211 0.0243239 -0.0391472 0.00877839 -0.0252696 -0.0291412 -0.0188665 0.0254907 0.019708 0.0368087 -0.00705914 -0.0134885 -0.020176 0.0429942 0.0276534 -0.032378 0.0393439 -0.000903942
internal_weight=363360 185877 177483 91431 84963 63798 94446 61064 57577 55286 92520 32998 54061 45774 21165 9512 48202 30064 18138 33828 28651 20233 9375 12974 3296 40385 29198 5164 23029 30367
internal_count=363360 185877 177483 91431 84963 63798 94446 61064 57577 55286 92520 32998 54061 45774 21165 9512 48202 30064 18138 33828 28651 20233 9375 12974 3296 40385 29198 5164 23029 30367
cat_boundaries=0 3 5 7 10 12 15 18 21 24 27 29 32 34 37
cat_threshold=2332082322 3495954176 2 12288 1329216 17842432 287315202 344003588 201599049 13 16793600 2098432 167851008 68765769 5 277352708 919553 5 378023956 796744 1 813761540 134807609 13 344523780 134938649 13 1610613056 147616 75563008 134225921 9 1073742144 16 1736474896 857830400 10
is_linear=0
shrinkage=0.05


Tree=15
num_leaves=31
num_cat=15
split_feature=0 3 17 0 6 3 17 17 0 6 17 17 5 17 8 17 6 5 6 5 17 17 17 17 5 5 17 17 17 17
split_gain=124727 8953.99 7881.03 3518.12 2511.23 1770.11 1444.41 1076.26 1008.44 880.643 758.958 718.189 714.594 649.64 545.152 530.079 432.248 406.014 514.218 455.017 397.977 363.098 312.761 304.077 292.661 275.252 264.36 256.783 239.259 226.957
threshold=17.500000000000004 37.500000000000007 0 22.500000000000004 19.500000000000004 22.500000000000004 1 2 52.500000000000007 18.500000000000004 3 4 21.250000000000004 5 23.500000000000004 6 18.500000000000004 21.250000000000004 11.500000000000002 8.7500000000000018 7 8 9 10 6.2500000000000009 21.250000000000004 11 12 13 14
decision_type=2 2 9 2 2 2 9 9 2 2 9 9 2 9 2 9 2 2 2 2 9 9 9 9 2 2 9 9 9 9
left_child=2 3 11 20 5 7 -5 24 16 10 -8 12 -1 -11 -12 -6 22 18 19 26 -2 -18 -3 -21 27 -16 -9 -4 -26 -7
right_child=1 8 4 6 15 29 9 17 -10 13 14 -13 -14 -15 25 -17 21 -19 -20 23 -22 -23 -24 -25 28 -27 -28 -29 -30 -31
leaf_value=-0.3474684226198152 1.6475655635339592e-05 0.56645885883317104 0.015722052380907316 -0.0051691089321071367 -0.22215989085981463 0.35069891215611232 0.41592173560270462 -0.17283366162786182 1.3290766483973719 0.18581529133247746 0.23077342903402354 -0.3474684226198152 -0.1655752503338758 -0.0071822869476130258 0.10713726582771327 -0.31944937003993829 0.4094843017203349 -0.11582280753993822 -0.19508707142569987 -0.016078329303607222 -0.0003650226562543324 0.090808383705790696 0.39050633725603029 -0.18532747032517849 -0.11582280753993822 0.18705165963272849 -0.39871363392569992 -0.30498453316201535 0.013894955264340326 0.026876440240911671
leaf_weight=24558 8181 22804 1010 6437 3311 962 18714 861 26917 5777 16270 59522 8440 6784 17637 17854 6575 6359 23246 3291 22765 2669 15032 8261 3414 9315 4058 2521 4556 5259
leaf_count=24558 8181 22804 1010 6437 3311 962 18714 861 26917 5777 16270 59522 8440 6784 17637 17854 6575 6359 23246 3291 22765 2669 15032 8261 3414 9315 4058 2521 4556 5259
internal_value=-0.00490588 0.0237192 -0.0348847 0.0147944 -0.0238799 -0.0189316 0.020277 -0.0216692 0.037213 0.0222389 0.02469 -0.0449832 -0.0389966 0.0101704 0.0210284 -0.038807 0.0327995 -0.0250835 -0.026967 -0.0202082 0.000455632 0.0231069 0.0351676 -0.0147853 -0.00796195 0.0166704 -0.0329437 -0.0199519 -0.00265997 0.00640572
internal_weight=363360 185877 177483 111880 84963 63798 80934 57577 73997 74497 61936 92520 32998 12561 43222 21165 47080 46076 39717 16471 30946 9244 37836 11552 11501 26952 4919 3531 7970 6221
internal_count=363360 185877 177483 111880 84963 63798 80934 57577 73997 74497 61936 92520 32998 12561 43222 21165 47080 46076 39717 16471 30946 9244 37836 11552 11501 26952 4919 3531 7970 6221
cat_boundaries=0 3 5 8 11 13 16 19 22 25 28 30 32 35 37 40
cat_threshold=2332082322 3495954176 2 17842432 287315202 75568388 201599049 13 167851008 1132617 5 16793600 2098432 378023956 1845320 1 277352708 919553 5 201405696 2281969771 5 344470532 1845320 4 13316 1329256 13 1610612800 147616 1342177344 16 5124 67373128 4 256 67108872 70660 134482121 9
is_linear=0
shrinkage=0.05


Tree=16
num_leaves=31
num_cat=13
split_feature=0 0 17 6 3 0 3 17 17 17 5 17 6 6 17 17 5 6 5 17 17 8 17 17 5 0 17 6 5 17
split_gain=121943 8476.53 7959.58 2541.8 1891.56 1870.21 1737.95 1006.78 905.458 718.189 714.594 570.27 567.402 532.713 529.26 521.897 492.559 423.853 592.672 470.467 415.999 380.773 371.632 368.9 317.204 290.614 278.7 267.983 294.405 232.293
threshold=17.500000000000004 32.500000000000007 0 19.500000000000004 47.500000000000007 22.500000000000004 22.500000000000004 1 2 3 21.250000000000004 4 18.500000000000004 19.500000000000004 5 6 21.250000000000004 11.500000000000002 6.2500000000000009 7 8 23.500000000000004 9 10 21.250000000000004 57.500000000000007 11 11.500000000000002 8.7500000000000018 12
decision_type=2 2 9 2 2 2 2 9 9 9 2 9 2 2 9 9 2 2 2 9 9 2 9 9 2 2 9 2 2 9
left_child=2 5 9 6 12 11 8 -7 16 10 -1 -2 15 22 -5 -3 27 18 19 -10 -15 29 -9 -14 -24 -6 -19 28 -4 -17
right_child=1 4 3 14 25 7 -8 13 17 -11 -12 -13 23 20 -16 21 -18 26 -20 -21 -22 -23 24 -25 -26 -27 -28 -29 -30 -31
leaf_value=-0.33009500148882442 0.00049807374785348912 0.53310387775554846 -0.3787779522294149 -0.21105189631682394 0.61664202902173604 -0.0049106534855017266 0.067752445637557376 0.20227278197239651 -0.38354264905293678 -0.33009500148882442 -0.15729648781718206 -0.00041432618896894983 0.34698723862346093 -0.096117697171276897 -0.30347690153794143 0.55647406651463605 -0.11003166716294129 -0.10585986380053268 0.000700207501123451 -0.097853403814687046 0.10174711507228694 0.30825860408617561 0.10282432005814268 0.1320316104117481 0.16749113951549061 1.5126228159775033 -0.14443171330117152 -0.18972408981484501 -0.18108695723296286 0.33184789463963615
leaf_weight=24558 12487 15026 2861 3311 17700 5313 6221 13790 2982 59522 8440 20173 5368 2498 17854 11343 4917 4934 8161 2246 3372 19191 16537 4398 14490 18254 7887 15827 7762 5937
leaf_count=24558 12487 15026 2861 3311 17700 5313 6221 13790 2982 59522 8440 20173 5368 2498 17854 11343 4917 4934 8161 2246 3372 19191 16537 4398 14490 18254 7887 15827 7762 5937
internal_value=-0.0051921 0.0231118 -0.0348346 -0.0237752 0.0333085 0.011931 -0.0187968 0.0174768 -0.0215095 -0.0449832 -0.0389966 0.00242192 0.0279655 0.0196451 -0.0387928 0.030061 -0.0272445 -0.0146301 -0.00841362 -0.021557 0.00548552 0.0267961 0.0215041 0.0169158 0.0184441 0.0424125 -0.0211333 -0.0299546 -0.0238115 0.0321875
internal_weight=363360 185877 177483 84963 97217 88660 63798 56000 57577 92520 32998 32660 61263 50687 21165 51497 31367 26210 13389 5228 5870 36471 44817 9766 31027 35954 12821 26450 10623 17280
internal_count=363360 185877 177483 84963 97217 88660 63798 56000 57577 92520 32998 32660 61263 50687 21165 51497 31367 26210 13389 5228 5870 36471 44817 9766 31027 35954 12821 26450 10623 17280
cat_boundaries=0 3 5 7 9 12 15 17 20 23 26 28 30 33
cat_threshold=2332082322 3495954176 2 17842432 287315202 1310720 587403298 16793600 2098432 470627588 2281969771 5 277352708 919553 5 13312 1132608 612958208 134234241 9 1678049344 637747377 8 167851008 1853513 5 277360644 1845320 344523012 67379200 336134148 134610969 13
is_linear=0
shrinkage=0.05


Tree=17
num_leaves=31
num_cat=13
split_feature=0 0 17 6 0 3 3 17 17 17 5 17 0 17 6 6 17 6 5 17 17 17 5 3 17 8 17 6 5 17
split_gain=115385 9073.73 8098.9 2653.38 2609.32 1864.19 1716.4 936.916 828.146 782.318 859.721 529.26 514.426 491.652 488.214 438.934 457.175 429.862 549.077 473.1 405.1 352.893 351.372 335.097 329.912 288.837 262.121 260.143 286.669 241.494
threshold=17.500000000000004 32.500000000000007 0 19.500000000000004 22.500000000000004 17.500000000000004 42.500000000000007 1 2 3 23.750000000000004 4 62.500000000000007 5 19.500000000000004 18.500000000000004 6 11.500000000000002 6.2500000000000009 7 8 9 21.250000000000004 17.500000000000004 10 24.500000000000004 11 11.500000000000002 8.7500000000000018 12
decision_type=2 2 9 2 2 2 2 9 9 9 2 9 2 9 2 2 9 2 2 9 9 9 2 2 9 2 9 2 2 9
left_child=2 4 9 5 13 8 15 -6 22 10 -1 -5 -8 -2 23 16 -3 18 19 -10 -16 -15 27 -9 -7 -18 -19 28 -4 -12
right_child=1 6 3 11 7 24 12 14 17 -11 29 -13 -14 21 20 -17 25 26 -20 -21 -22 -23 -24 -25 -26 -27 -28 -29 -30 -31
leaf_value=-0.31359025141438313 -0.00032605521399311501 0.40655938688869359 -0.35983905461794419 -0.20049930150098272 -0.0046651208112265868 0.39598550997931953 0.54604292635882501 0.093582807819019564 -0.36436551660028993 -0.31359025141438313 -0.11382087833792182 -0.28830305646104437 1.6869916751786282 0.25799580881058681 -0.09131181231271307 0.22215257457425253 0.36237527107234729 -0.10473867397291468 -0.0075905277159508348 -0.092960733623952768 0.096659759318672656 -9.2518145390130261e-06 -0.10453008380479414 0.15911658253971606 -0.031238835174920432 0.21523543836873194 -0.13721012763611293 -0.18023788532410273 -0.17203260937131468 -0.14943166342632291
leaf_weight=25227 2997 19156 2839 3311 5313 701 35128 6298 2974 59522 2139 17854 15530 2854 2498 7235 10827 4850 7607 2149 3372 26809 3863 38519 10979 9341 5766 14664 7406 5632
leaf_count=25227 2997 19156 2839 3311 5313 701 35128 6298 2974 59522 2139 17854 15530 2854 2498 7235 10827 4850 7607 2149 3372 26809 3863 38519 10979 9341 5766 14664 7406 5632
internal_value=-0.00577031 0.021762 -0.0346047 -0.0234492 0.010194 -0.0183626 0.0323117 0.0167446 -0.0224088 -0.0448417 -0.0385997 -0.0387928 0.038681 -0.00103797 0.0188364 0.0253818 0.0274641 -0.0153879 -0.00919874 -0.0218524 0.00528109 0.000914973 -0.0280905 0.0206161 -0.000308219 0.0221628 -0.022824 -0.0302762 -0.024163 -0.0240703
internal_weight=363360 185877 177483 84963 88660 63798 97217 56000 52118 92520 32998 21165 50658 32660 50687 46559 39324 23346 12730 5123 5870 29663 28772 44817 11680 20168 10616 24909 10245 7771
internal_count=363360 185877 177483 84963 88660 63798 97217 56000 52118 92520 32998 21165 50658 32660 50687 46559 39324 23346 12730 5123 5870 29663 28772 44817 11680 20168 10616 24909 10245 7771
cat_boundaries=0 3 5 7 9 12 14 17 20 23 26 29 31 32
cat_threshold=2332082322 3495954176 2 17842432 287315202 1310720 587403298 16793600 2098432 277352708 919553 5 32768 2147491842 537408512 1132633 5 612958208 134234241 9 1678049344 637747377 8 78848 134481993 1 66564 264265 1 344523008 201334800 16793600
is_linear=0
shrinkage=0.05


Tree=18
num_leaves=31
num_cat=12
split_feature=0 0 17 6 0 3 17 17 17 3 5 3 17 17 5 6 17 6 5 17 17 5 3 17 17 6 5 17 6 5
split_gain=113510 8466.18 8146.39 2684.82 2175.79 1926.41 1764.71 883.644 842.922 836.722 828.058 557.349 539.524 529.26 497.19 487.716 461.377 413.964 549.077 473.1 372.406 351.198 333.922 321.982 321.594 318.492 293.317 281.168 260.633 287.084
threshold=17.500000000000004 32.500000000000007 0 19.500000000000004 22.500000000000004 17.500000000000004 1 2 3 17.500000000000004 21.250000000000004 57.500000000000007 4 5 21.250000000000004 19.500000000000004 6 11.500000000000002 6.2500000000000009 7 8 21.250000000000004 37.500000000000007 9 10 19.500000000000004 23.750000000000004 11 11.500000000000002 8.7500000000000018
decision_type=2 2 9 2 2 2 9 9 9 2 2 2 9 9 2 2 9 2 2 9 9 2 2 9 9 2 2 9 2 2
left_child=2 4 9 5 22 8 11 -6 21 12 -8 25 14 -5 -1 23 -12 18 19 -10 -17 28 -2 -9 -7 -3 -25 -19 29 -4
right_child=1 6 3 13 7 24 10 15 17 -11 16 -13 -14 -15 -16 20 -18 27 -20 -21 -22 -23 -24 26 -26 -27 -28 -29 -30 -31
leaf_value=-0.29791073884366404 -8.7892238120446116e-06 0.52050611988117268 -0.34184710188704692 -0.19047433642593356 -0.0044318647706653282 0.3761862344803536 0.22304887663545792 0.18860740179657204 -0.34614724077027542 -0.10455948049182649 0.49255059079210572 1.352642091419697 -0.29791073884366404 -0.27388790363799215 -0.14196008025500673 -0.086746221697077353 0.29029352016951809 -0.099501740274268974 -0.0072110013301532666 -0.088312696942755065 0.091826771352739034 -0.099303579614554494 0.33730756688062746 0.088683357406434571 -0.029676893416174369 0.33574726137044064 0.15116075341273022 -0.1303496212543073 -0.17122599105789763 -0.16343097890274896
leaf_weight=23988 30946 22602 2839 3311 5313 701 21408 15330 2974 2154 23085 17621 59265 17854 7113 2498 9005 4850 7607 2149 3372 3863 1714 16224 10979 3496 13263 5766 14664 7406
leaf_count=23988 30946 22602 2839 3311 5313 701 21408 15330 2974 2154 23085 17621 59265 17854 7113 2498 9005 4850 7607 2149 3372 3863 1714 16224 10979 3496 13263 5766 14664 7406
internal_value=-0.00594755 0.0213601 -0.0345467 -0.0233586 0.0101861 -0.018242 0.0315506 0.0161679 -0.022355 -0.0448136 0.0254411 0.0390119 -0.0455525 -0.0387928 -0.0401289 0.0181993 0.0305266 -0.0152723 -0.00919874 -0.0218524 0.00465077 -0.028087 -7.04225e-05 0.0199779 0.000111301 0.0343819 0.0168983 -0.0225697 -0.0302722 -0.0241532
internal_weight=363360 185877 177483 84963 88660 63798 97217 56000 52118 92520 53498 43719 90366 21165 31101 50687 32090 23346 12730 5123 5870 28772 32660 44817 11680 26098 29487 10616 24909 10245
internal_count=363360 185877 177483 84963 88660 63798 97217 56000 52118 92520 53498 43719 90366 21165 31101 50687 32090 23346 12730 5123 5870 28772 32660 44817 11680 26098 29487 10616 24909 10245
cat_boundaries=0 3 5 7 9 11 14 17 20 23 26 29 31
cat_threshold=2332082322 3495954176 2 12288 1394752 17842432 287315202 1310720 587403298 16793600 2098432 277352708 919553 5 336135172 134348825 13 612958208 134234241 9 1678049344 637747377 8 167851008 1853513 13 66564 264265 1 344523008 201334800
is_linear=0
shrinkage=0.05


Tree=19
num_leaves=31
num_cat=13
split_feature=0 3 0 17 17 0 0 6 0 6 17 0 3 6 17 6 17 17 8 17 5 6 0 17 17 17 17 17 3 17
split_gain=102764 8738.29 8114.93 3592.79 2303.76 1960.52 1916.84 1700.86 1604.59 1260.3 804.099 801.424 775.939 556.079 521.36 477.931 453.708 426.913 394.055 393.331 392.97 387.397 382.797 344.714 332.089 328.492 316.542 303.137 294.07 287.995
threshold=17.500000000000004 14.000000000000002 32.500000000000007 0 1 22.500000000000004 52.500000000000007 11.500000000000002 14.000000000000002 19.500000000000004 2 7.5000000000000009 17.500000000000004 18.500000000000004 3 19.500000000000004 4 5 24.500000000000004 6 8.7500000000000018 19.500000000000004 11.500000000000002 7 8 9 10 11 17.500000000000004 12
decision_type=2 2 2 9 9 2 2 2 2 2 9 2 2 2 9 2 9 9 2 9 2 2 2 9 9 9 9 9 2 9
left_child=1 3 5 8 22 26 13 11 -1 12 -7 17 23 14 -4 28 -13 -5 -16 -15 -19 27 -3 -6 -8 -17 -2 -9 -12 -10
right_child=2 4 6 7 9 10 24 21 29 -11 15 16 -14 19 18 25 -18 20 -20 -21 -22 -23 -24 -25 -26 -27 -28 -29 -30 -31
leaf_value=-0.28301520190148083 -0.00030931299210283929 -0.059698103615323551 0.42544850309068388 -0.34593087787804316 -0.073779128390183329 -0.0042102715321320266 1.2375062078067245 -0.11965176932443562 -0.073779128390183329 -0.15239353152520752 0.083357796963241526 -0.10861802969888688 -0.030692340015315091 0.32317449103144047 0.35409135764899391 -0.082408910612223538 0.022962871266568555 -0.32951944361621638 0.20166893706834588 0.091673630815969895 -0.20554145878039221 -0.35750923057088491 0.0013848442367495829 -0.082000264743428808 0.56483527082228946 0.087235432785102068 0.00014590442861077692 -0.1734623609460072 0.14360271574209379 0.0013848442367495829
leaf_weight=76652 15294 488 27655 4231 12510 5313 21205 2082 1414 9345 6298 5157 12879 6658 16008 2498 4215 4582 12433 4818 3178 12969 2570 5646 8440 3372 17366 18964 38519 601
leaf_count=76652 15294 488 27655 4231 12510 5313 21205 2082 1414 9345 6298 5157 12879 6658 16008 2498 4215 4582 12433 4818 3178 12969 2570 5646 8440 3372 17366 18964 38519 601
internal_value=-0.00544804 -0.0326597 0.0205348 -0.0389753 -0.0131705 0.00959508 0.0305116 -0.0291977 -0.0458489 -0.0163382 0.0152732 -0.0181459 -0.0114951 0.0258613 0.0279129 0.0172111 -0.00719163 -0.0267075 0.0231222 0.015833 -0.0196525 -0.0361473 0.028618 -0.0181538 0.0411115 0.00379898 -0.000140845 -0.0319586 0.0189716 -0.00181141
internal_weight=363360 177483 185877 134045 43438 88660 97217 55378 78667 40380 56000 21363 31035 67572 56096 50687 9372 11991 28441 11476 7760 34015 3058 18156 29645 5870 32660 21046 44817 2015
internal_count=363360 177483 185877 134045 43438 88660 97217 55378 78667 40380 56000 21363 31035 67572 56096 50687 9372 11991 28441 11476 7760 34015 3058 18156 29645 5870 32660 21046 44817 2015
cat_boundaries=0 3 6 8 11 14 16 18 21 23 26 29 31 33
cat_threshold=2332082322 3493857024 2 2315296788 2147747841 1 17842432 287315202 537408512 1132632 5 270270720 52563970 8 1048576 539033602 277360660 1845352 1611939904 50533810 2 268447744 1394688 1678049344 637747377 8 1736491280 857830400 2 76022016 67117072 16793600 1280
is_linear=0
shrinkage=0.05


Tree=20
num_leaves=31
num_cat=14
split_feature=0 2 0 17 17 0 3 6 0 6 3 0 17 17 6 0 17 6 17 17 17 5 17 17 17 5 8 17 17 17
split_gain=99088.3 8734.24 7480.73 4008.35 2481.23 1807.49 1765.77 1403.39 1218.17 945.073 818.451 812.361 755.555 585.841 503.766 450.297 442.172 441.18 474.444 435.46 405.807 402.887 397.75 381.864 332.384 347.994 327.143 303.174 274.67 264.344
threshold=17.500000000000004 14.000000000000002 32.500000000000007 0 1 22.500000000000004 47.500000000000007 11.500000000000002 14.000000000000002 19.500000000000004 17.500000000000004 7.5000000000000009 2 3 18.500000000000004 7.5000000000000009 4 17.500000000000004 5 6 7 8.7500000000000018 8 9 10 21.250000000000004 24.500000000000004 11 12 13
decision_type=2 2 2 9 9 2 2 2 2 2 2 2 9 9 2 2 9 2 9 9 9 2 9 9 9 2 2 9 9 9
left_child=1 3 5 8 -3 13 14 11 -1 10 16 19 -7 -2 23 -9 -6 24 -19 -5 -8 29 -13 -4 -14 -26 -25 -16 -17 -21
right_child=2 4 6 7 9 12 20 15 -10 -11 -12 22 17 -15 27 28 -18 18 -20 21 -22 -23 -24 26 25 -27 -28 -29 -30 -31
leaf_value=-0.26886444180640678 -0.00051086913013183028 0.0013156020249120992 0.38621462591832484 -0.32863433398414099 -0.070090171970674228 -0.003999757955525496 1.0241516247910132 -0.33963376904234066 -0.070090171970674228 -0.12657245570846731 -0.02665843174460001 -0.10318712821394255 0.37376245098067234 0.00048864352918656098 0.49948644200480885 -0.13451806999666324 -0.071459654407432002 0.11989758464289046 0.021023913619807644 -0.15854250899950939 0.45852968859213628 -0.19526438584137262 0.017557807516776158 0.30626131055175815 0.081592933281115707 0.13969960389827901 0.14138174898739583 0.11940350722226151 -0.14960020149727224 -0.31304347143540556
leaf_weight=77288 10877 3122 33420 4244 13092 5313 23108 14601 1551 8353 11419 4380 7526 21783 1789 2879 6271 5431 8446 1141 12846 3212 4254 11155 16878 12406 6922 7977 18214 3462
leaf_count=77288 10877 3122 33420 4244 13092 5313 23108 14601 1551 8353 11419 4380 7526 21783 1789 2879 6271 5431 8446 1141 12846 3212 4254 11155 16878 12406 6922 7977 18214 3462
internal_value=-0.0057571 -0.0324778 0.0197569 -0.0386782 -0.0126358 0.00925333 0.0293359 -0.0284794 -0.0459632 -0.016057 -0.0120135 -0.0181245 0.0147054 -9.49173e-05 0.0241736 -0.0344904 -0.0182745 0.0165838 0.0089897 -0.0265072 0.0381321 -0.0194185 -0.00641649 0.0261481 0.0194512 0.0170206 0.0202438 0.013762 -0.0298179 -0.0289268
internal_weight=363360 177483 185877 135226 42257 88660 97217 56387 78839 39135 30782 20693 56000 32660 61263 35694 19363 50687 13877 12059 35954 7815 8634 51497 36810 29284 18077 9766 21093 4603
internal_count=363360 177483 185877 135226 42257 88660 97217 56387 78839 39135 30782 20693 56000 32660 61263 35694 19363 50687 13877 12059 35954 7815 8634 51497 36810 29284 18077 9766 21093 4603
cat_boundaries=0 3 6 8 11 13 16 18 20 23 26 29 31 34 37
cat_threshold=2332082322 3493857024 2 2315296788 2147747841 1 17842432 287315202 1635811328 2734760962 2 1611939904 587404594 378024976 796744 1 1048576 539033602 12292 1329152 1835264 52432898 8 537474048 1394777 13 134296576 2148812873 8 268959744 1312768 344457476 537395288 4 1342178628 67108945 1
is_linear=0
shrinkage=0.05


Tree=21
num_leaves=31
num_cat=11
split_feature=0 0 17 2 17 6 0 17 6 17 17 3 17 5 17 0 5 3 6 5 17 17 5 5 8 6 5 8 17 17
split_gain=93870.3 14939.2 4863.15 2611.28 2416.97 1708.26 1680.79 878.303 754.295 760.859 751.88 657.17 592.919 548.542 530.116 498.895 493.524 445.721 390.974 609.997 365.028 304.455 277.894 274.734 273.184 269.702 257.68 252.866 292.032 257.766
threshold=14.000000000000002 27.500000000000004 0 47.500000000000007 1 19.500000000000004 17.500000000000004 2 18.500000000000004 3 4 14.000000000000002 5 16.250000000000004 6 67.500000000000014 26.250000000000004 14.000000000000002 11.500000000000002 8.7500000000000018 7 8 23.750000000000004 23.750000000000004 23.500000000000004 12.500000000000002 28.750000000000004 24.500000000000004 9 10
decision_type=2 2 9 2 9 2 2 9 2 9 9 2 9 2 9 2 2 2 2 2 9 9 2 2 2 2 2 2 9 9
left_child=2 4 11 8 6 10 12 -6 9 22 -4 20 26 25 -10 -5 24 18 19 -12 23 -18 -3 -1 -11 -9 -2 28 -8 -29
right_child=1 3 5 15 7 -7 27 13 14 16 17 -13 -14 -15 -16 -17 21 -19 -20 -21 -22 -23 -24 -25 -26 -27 -28 29 -30 -31
leaf_value=-0.25542121971608645 -0.066585663372140586 0.27486675635944063 -0.12990839921126282 0.53067120264684575 0.0012498219236665165 -0.32265208059022366 0.048058094351131869 0.0626525114408258 0.23850008354256966 0.19067178708480201 -0.29102648619958532 -0.14726193582073543 -0.060223957612000056 0.06039732384234462 0.068783410202058096 1.6719270952188254 0.13348709861119465 -0.17776275624037263 -0.14858001662267126 -0.16126775814464056 -0.25542121971608645 0.27955416992479221 0.46097531631950517 -0.1549417223828119 0.12348016940227957 -0.0041753299678696015 -0.066585663372140586 9.2429005818317486e-05 -1.7316289475743931e-05 -0.00035169872149118934
leaf_weight=23329 10215 26305 7279 26135 5159 15347 8388 6352 4861 7816 4488 3661 16628 10924 9805 11795 2054 5939 12624 6778 55980 12321 10741 4112 13676 10475 1637 6637 8292 13607
leaf_count=23329 10215 26305 7279 26135 5159 15347 8388 6352 4861 7816 4488 3661 16628 10924 9805 11795 2054 5939 12624 6778 55980 12321 10741 4112 13676 10475 1637 6637 8292 13607
internal_value=-0.0059192 0.0141467 -0.0381057 0.0255794 -0.000448563 -0.0260602 -0.00600942 0.0106015 0.0208332 0.0229143 -0.0202625 -0.0453532 -0.0151369 0.00707287 0.0104868 0.0365384 0.0177035 -0.0237759 -0.0268313 -0.0200604 -0.0462683 0.02488 0.0279469 -0.0414247 0.0129118 0.00141142 -0.0236807 0.00102914 0.00558753 -0.00272673
internal_weight=363360 223823 139537 125509 98314 52455 65404 32910 87579 72913 37108 87082 28480 27751 14666 37930 35867 29829 23890 11266 83421 14375 37046 27441 21492 16827 11852 36924 16680 20244
internal_count=363360 223823 139537 125509 98314 52455 65404 32910 87579 72913 37108 87082 28480 27751 14666 37930 35867 29829 23890 11266 83421 14375 37046 27441 21492 16827 11852 36924 16680 20244
cat_boundaries=0 3 6 8 11 14 16 18 20 22 24 26
cat_threshold=2332082322 3496019712 2 1629241664 590050706 2 2315297808 2148796480 167851008 1394761 13 335615236 67381337 13 1310720 50336770 378019860 1845248 16793600 2163968 18104576 18879746 1074544960 663568 1610612736 213122
is_linear=0
shrinkage=0.05


Tree=22
num_leaves=31
num_cat=14
split_feature=0 17 0 17 5 2 17 6 6 17 5 17 6 17 6 3 17 17 6 8 17 5 17 17 17 17 17 5 6 5
split_gain=70418.5 25258.8 9573.96 3777.18 2439.34 1370.14 1257.01 1051.93 926.625 867.941 794.381 815.015 709.552 699.913 662.135 602.482 478.936 464.182 395.514 391.835 376.245 363.125 308 301.181 277.896 275.592 263.617 241.966 227.808 211.579
threshold=7.5000000000000009 0 22.500000000000004 1 18.750000000000004 17.500000000000004 2 11.500000000000002 18.500000000000004 3 21.250000000000004 4 13.500000000000002 5 17.500000000000004 14.000000000000002 6 7 11.500000000000002 24.500000000000004 8 6.2500000000000009 9 10 11 12 13 26.250000000000004 19.500000000000004 18.750000000000004
decision_type=2 9 2 9 2 2 9 2 2 9 2 9 2 9 2 2 9 9 2 2 9 2 9 9 9 9 9 2 2 2
left_child=6 3 5 9 8 7 22 20 24 -2 18 -12 21 29 27 -15 -10 -16 26 -11 -3 23 -1 -8 -5 -7 -4 -6 -27 -9
right_child=1 2 10 4 14 25 12 13 16 19 11 -13 -14 15 17 -17 -18 -19 -20 -21 -22 -23 -24 -25 -26 28 -28 -29 -30 -31
leaf_value=-0.24265015873028206 0.0073498412697179383 -0.064019545738839598 0.1933299855651619 0.10585488919178801 0.31180201174731831 -0.0037445089645700594 -0.28283997355365598 -0.070243788091062062 -0.11090545589228845 0.75443902637445925 0.044658292645162773 0.15581910311171043 -0.30651947656071243 -0.13469119059127507 0.049728365888044836 -0.061604131691830058 0.0073498412697179383 0.24099204125945414 0.021716638068580086 0.31259556253430887 0.0027767486001458509 -0.18616699484324384 -0.24265015873028206 -0.14411996358897072 0.22364770730313419 1.7865376083925357e-05 0.075463589591827335 0.46428255631440402 -0.078123102815658915 -0.063574465491540624
leaf_weight=23007 16797 6827 2401 9546 22273 10215 3501 8909 2638 14428 6129 27281 9839 15333 4047 13003 7497 8125 15816 18035 8476 4914 43633 1242 12507 17589 4553 11954 2708 10137
leaf_count=23007 16797 6827 2401 9546 22273 10215 3501 8909 2638 14428 6129 27281 9839 15333 4047 13003 7497 8125 15816 18035 8476 4914 43633 1242 12507 17589 4553 11954 2708 10137
internal_value=-0.00162814 0.0106412 -0.00332191 0.0269539 0.0201426 -0.0131501 -0.0411164 -0.0173798 0.00956878 0.0378141 0.0129815 0.0178899 -0.0298831 -0.0210607 0.0274823 -0.026046 -0.00294524 0.0174663 0.00577953 0.0330013 -0.00598249 -0.0202703 -0.0443916 -0.0301392 0.0153199 -0.00446054 0.0157176 0.0310442 -0.00108583 -0.013623
internal_weight=363360 277224 149377 127847 78587 93197 86136 62685 32188 49260 56180 33410 19496 47382 46399 28336 10135 12172 22770 32463 15303 9657 66640 4743 22053 30512 6954 34227 20297 19046
internal_count=363360 277224 149377 127847 78587 93197 86136 62685 32188 49260 56180 33410 19496 47382 46399 28336 10135 12172 22770 32463 15303 9657 66640 4743 22053 30512 6954 34227 20297 19046
cat_boundaries=0 3 5 8 10 12 14 16 18 20 22 24 27 29 32
cat_threshold=2583802902 2551532105 7 2315296786 2148796992 2333130898 4116775170 2 2315288578 1049088 18104576 18879746 92815616 606610704 65536 134299649 65536 134299649 1835008 52441090 33587330 1077936128 613220352 167924896 268435460 134217728 5 1074004032 83894528 1073741824 67109024 8
is_linear=0
shrinkage=0.05


Tree=23
num_leaves=31
num_cat=14
split_feature=0 0 17 2 17 2 6 17 17 6 0 6 17 17 5 17 3 17 3 17 5 17 0 17 17 3 17 6 6 17
split_gain=67293.7 21661.8 14138.9 3653.95 2920.38 1747.63 1642.19 1259.3 1185.11 1001.94 881.744 709.581 698.263 690.829 814.023 613.584 550.674 513.498 501.919 434.078 364.651 349.91 335.436 309.018 301.181 293.766 267.379 266.849 255.509 254.471
threshold=22.500000000000004 7.5000000000000009 0 47.500000000000007 1 17.500000000000004 11.500000000000002 2 3 19.500000000000004 17.500000000000004 13.500000000000002 4 5 21.250000000000004 6 32.500000000000007 7 14.000000000000002 8 6.2500000000000009 9 67.500000000000014 10 11 27.500000000000004 12 11.500000000000002 18.500000000000004 13
decision_type=2 2 9 2 9 2 2 9 9 2 2 2 9 9 2 9 2 9 2 9 2 9 2 9 9 2 9 2 2 9
left_child=1 7 -3 8 -4 6 17 23 25 13 12 20 -8 -10 27 22 21 -6 -14 -11 24 -7 -5 -1 -9 -2 -16 -15 29 -23
right_child=3 2 4 15 5 16 10 11 9 19 -12 -13 18 14 26 -17 -18 -19 -20 -21 -22 28 -24 -25 -26 -27 -28 -29 -30 -31
leaf_value=-0.23051765079376799 -0.0016590688532009069 0.0069823492062320199 -0.014442447299232254 0.57195644525536482 0.007211003839710628 -0.0093263727181549082 -0.063494499365521678 -0.26869797487597319 0.3653176083507923 0.11067244019164023 -0.0061440638224260274 -0.2911935027326768 -0.12795663106171135 0.15797518160708002 0.36381869282802237 0.37571151306143735 0.24681308327888962 -0.060818568451897551 -0.058523925107238563 -0.082614679347712008 -0.17685864510108162 0.19643739440842528 1.5879632483943984 -0.23051765079376799 -0.13691396540952222 0.10824417977118835 0.14448511276813605 0.083891710521975332 -0.039044344413697286 -6.2462220533632269e-07
leaf_weight=23007 7877 10562 8867 15583 6212 12635 17567 3501 21128 6489 5132 9839 15260 10633 12267 12249 4314 11899 12025 4201 4914 2332 10571 43633 1242 5937 21534 24748 4360 12842
leaf_count=23007 7877 10562 8867 15583 6212 12635 17567 3501 21128 6489 5132 9839 15260 10633 12267 12249 4314 11899 12025 4201 4914 2332 10571 43633 1242 5937 21534 24748 4360 12842
internal_value=-0.00347121 -0.0218444 -0.00846525 0.0217283 -0.0136173 -0.0112785 -0.0160107 -0.0411059 0.0172627 0.0191407 -0.0206846 -0.0298626 -0.022931 0.0208559 0.0184284 0.0350793 -0.00244909 -0.00311137 -0.027941 0.00466791 -0.0202496 -0.00469862 0.0394206 -0.0443841 -0.0301392 0.00351563 0.0239801 0.0131299 -0.000501433 0.0025636
internal_weight=363360 210143 124007 153217 113445 104578 68095 86136 114814 101000 49984 19496 44852 90310 69182 38403 36483 18111 27285 10690 9657 32169 26154 66640 4743 13814 33801 35381 19534 15174
internal_count=363360 210143 124007 153217 113445 104578 68095 86136 114814 101000 49984 19496 44852 90310 69182 38403 36483 18111 27285 10690 9657 32169 26154 66640 4743 13814 33801 35381 19534 15174
cat_boundaries=0 2 5 8 10 13 15 18 21 24 26 28 30 33 36
cat_threshold=2315296770 264704 16 2415919104 2 2333130898 4116775170 2 18104576 287839490 361255172 606610704 4 33567744 1067080 268447748 1329152 4 16864260 738280937 5 302526484 2283022344 5 1074008384 84107520 33587330 1077936128 613220352 167924896 268500996 134480001 13 66564 134217929 5
is_linear=0
shrinkage=0.05


Tree=24
num_leaves=31
num_cat=14
split_feature=0 17 0 0 17 3 17 6 17 17 17 6 6 17 5 3 1 17 5 17 5 6 3 17 17 17 17 17 3 0
split_gain=65041.5 16500.6 10680.7 6398.21 4239.73 2366.36 2053.02 1489.33 1230.59 922.827 846.564 811.419 721.113 745.515 567.1 563.102 534.536 528.031 460.02 439.85 437.597 411.877 362.999 355.151 306.36 305.352 287.041 281.922 260.249 251.807
threshold=17.500000000000004 0 7.5000000000000009 27.500000000000004 1 52.500000000000007 2 11.500000000000002 3 4 5 18.500000000000004 18.500000000000004 6 23.750000000000004 22.500000000000004 7.5000000000000009 7 23.750000000000004 8 26.250000000000004 11.500000000000002 37.500000000000007 9 10 11 12 13 14.000000000000002 22.500000000000004
decision_type=2 9 2 2 9 2 9 2 9 9 9 2 2 9 2 2 2 9 2 9 2 2 2 9 9 9 9 9 2 2
left_child=1 16 8 9 -4 12 10 -8 24 22 -6 -10 13 18 21 26 -1 -14 25 -7 -15 -12 -2 -11 -3 -5 -9 -22 -23 -25
right_child=3 2 4 5 6 19 7 15 11 23 14 -13 17 20 -16 -17 -18 -19 -20 -21 27 28 -24 29 -26 -27 -28 -29 -30 -31
leaf_value=-0.21899176825407959 0.014993211784866746 -0.21899176825407959 0.0066332317459203878 0.17555991303978402 -0.013067733791075665 1.4174451690928664 0.0068504536477250969 -0.059001556503107545 -0.21899176825407959 -0.037039833223570011 -0.057777640029302725 -0.27663382759604299 0.23189579012137057 0.12537462780473216 -0.065699099736736252 -0.0057646086230645826 0.0066332317459203878 0.060391153772424926 0.41978784813194425 0.58023379181534485 0.11775026386812826 -0.1215587995086258 0.37238673951277745 -0.0035603839483975721 -0.21899176825407959 0.31977122311436762 -0.07530726679143776 0.25056125063456014 -0.070965312686265311 0.022198547037587703
leaf_weight=163 24563 27664 2743 15696 8177 9617 11142 4493 15895 722 5826 8650 5676 19848 4515 5655 7326 10565 15133 18974 2110 9000 3255 18236 33766 15403 25281 12487 7187 13592
leaf_count=163 24563 27664 2743 15696 8177 9617 11142 4493 15895 722 5826 8650 5676 19848 4515 5655 7326 10565 15133 18974 2110 9000 3255 18236 33766 15403 25281 12487 7187 13592
internal_value=-0.0034836 -0.0251323 -0.0283317 0.0171874 -0.0156554 0.023621 -0.0177189 -0.0108531 -0.0407229 0.00381162 -0.0269264 -0.0312014 0.0198921 0.0218272 -0.0225676 -0.0158698 0.0474663 0.0102795 0.0259807 0.0362614 0.01624 -0.025887 0.0104966 -0.00190418 -0.044515 0.0225072 -0.0186169 0.0228163 -0.0299901 -0.00111188
internal_weight=363360 177483 169994 185877 84019 125509 81276 46571 85975 60368 34705 24545 96918 80677 26528 35429 7489 16241 46232 28591 34445 22013 27818 32550 61430 31099 29774 14597 16187 31828
internal_count=363360 177483 169994 185877 84019 125509 81276 46571 85975 60368 34705 24545 96918 80677 26528 35429 7489 16241 46232 28591 34445 22013 27818 32550 61430 31099 29774 14597 16187 31828
cat_boundaries=0 2 3 6 9 12 15 18 20 22 25 28 31 33 35
cat_threshold=2147483648 264704 167804930 1310800 2466254850 10 167821458 4116775170 2 344536324 135538779 13 16 2415919104 2 167851024 135612489 13 378019860 1845248 0 1310720 32768 2415919104 2 33587330 1077936128 2 65536 134479881 13 361234436 532480 18104576 18879746
is_linear=0
shrinkage=0.05


Tree=25
num_leaves=31
num_cat=12
split_feature=0 0 17 3 17 3 6 17 17 0 6 6 17 0 3 17 5 17 3 17 5 17 17 17 6 0 5 17 5 5
split_gain=61864.6 20916.4 14171.4 3325.2 2893.65 1552.61 1645.78 1398.56 1065.5 1029.84 860.553 784.154 646.545 594.649 566.403 544.156 587.793 537.007 410.853 393.47 424.427 376.957 372.529 325.881 310.676 451.58 271.549 262.426 246.561 244.832
threshold=22.500000000000004 7.5000000000000009 0 47.500000000000007 1 17.500000000000004 11.500000000000002 2 3 17.500000000000004 13.500000000000002 19.500000000000004 4 72.500000000000014 32.500000000000007 5 21.250000000000004 6 14.000000000000002 7 23.750000000000004 8 9 10 19.500000000000004 14.000000000000002 8.7500000000000018 11 18.750000000000004 18.750000000000004
decision_type=2 2 9 2 9 2 2 9 9 2 2 2 9 2 2 9 2 9 2 9 2 9 9 9 2 2 2 9 2 2
left_child=1 7 -3 8 -4 6 17 21 19 12 26 15 29 -5 22 -10 -17 -6 -14 20 -2 -1 -7 -13 -20 -26 27 -9 -23 -8
right_child=3 2 4 13 5 14 9 10 11 -11 -12 23 18 -15 -16 16 -18 -19 24 -21 -22 28 -24 -25 25 -27 -28 -29 -30 -31
leaf_value=-0.2080421798413756 0.022785257820803206 0.006301570158624337 -0.01306693824471683 0.45433618035151863 0.0065079309653388153 0.001000604381966852 -0.068068877225564789 -0.24363392283501578 0.33460425833849289 -0.0013403753127450458 -0.26280213621624082 0.30239016931787965 -0.10238084212619701 1.6503383682647983 0.22276732744071609 0.093286137798597943 0.21226734145341233 -0.053146812962402201 -0.051763891390466915 -0.017494124659352118 0.10304660174985739 -0.2080421798413756 -0.0091697880120559464 0.017254142710576303 -0.094630575658508811 0.013735323583509996 -0.15083405116485019 -0.14119361793969568 -0.2080421798413756 -0.054651286841566817
leaf_weight=27664 10466 10562 8867 28663 6200 7704 9378 3314 21421 6195 10445 1551 14698 9290 4684 31444 26839 12553 7111 3135 12374 25420 25085 8034 776 1675 4834 1844 12615 8519
leaf_count=27664 10466 10562 8867 28663 6200 7704 9378 3314 21421 6195 10445 1551 14698 9290 4684 31444 26839 12553 7111 3135 12374 25420 25085 8034 776 1675 4834 1844 12615 8519
internal_value=-0.00387962 -0.0214961 -0.00834913 0.020282 -0.0135071 -0.0111791 -0.0157328 -0.0404233 0.0160553 -0.0206093 -0.0289407 0.018648 -0.0234066 0.0331186 -0.00302751 0.020275 0.0177577 -0.00315949 -0.0287309 0.00713296 0.00941357 -0.0439841 -0.00535088 0.00513824 -0.0206756 -0.00532436 -0.0184648 -0.0264444 -0.0406821 -0.0161641
internal_weight=363360 210143 124007 153217 113445 104578 67105 86136 115264 48352 20437 89289 42157 37953 37473 79704 58283 18753 24260 25975 22840 65699 32789 9585 9562 2451 9992 5158 38035 17897
internal_count=363360 210143 124007 153217 113445 104578 67105 86136 115264 48352 20437 89289 42157 37953 37473 79704 58283 18753 24260 25975 22840 65699 32789 9585 9562 2451 9992 5158 38035 17897
cat_boundaries=0 2 5 8 10 13 15 18 20 23 26 28 30
cat_threshold=2315296770 264704 16 2415919104 2 2332082322 4116775170 2 18104576 858396082 361255172 606741784 4 33567744 1067080 16864260 671172073 5 278784 571080880 33587330 1077936128 2 278397956 134746177 5 302514192 1312768 614006784 167920768
is_linear=0
shrinkage=0.05


Tree=26
num_leaves=31
num_cat=13
split_feature=0 17 0 0 17 2 17 17 3 6 3 17 2 6 17 1 6 17 17 6 6 17 8 17 17 17 5 3 5 17
split_gain=62218.5 16143 9417.67 5786.04 2766.89 2179.79 1535.23 1397.4 1042.13 942.426 914.022 852.733 947.819 756.626 725.841 522.175 517.66 517.117 455.87 443.844 395.612 389.028 372.975 435.913 313.111 311.073 277.554 276.04 275.348 257.855
threshold=17.500000000000004 0 7.5000000000000009 42.500000000000007 1 22.500000000000004 2 3 62.500000000000007 11.500000000000002 14.000000000000002 4 14.000000000000002 13.500000000000002 5 7.5000000000000009 18.500000000000004 6 7 11.500000000000002 19.500000000000004 8 23.500000000000004 9 10 11 23.750000000000004 27.500000000000004 6.2500000000000009 12
decision_type=2 9 2 2 9 2 9 9 2 2 2 9 2 2 9 2 2 9 9 2 2 9 2 9 9 9 2 2 2 9
left_child=1 15 6 5 11 17 21 -6 25 18 -11 12 -4 28 20 -1 22 -2 -9 -13 -7 -3 24 -24 -16 26 -5 -21 29 -8
right_child=3 2 4 8 7 14 13 9 -10 10 -12 19 -14 -15 16 -17 -18 -19 -20 27 -22 -23 23 -25 -26 -27 -28 -29 -30 -31
leaf_value=-0.19764007084930679 -0.0087325303392283612 -0.19764007084930679 0.0059864916506930932 0.34909134005779879 -0.0062510808902462855 0.2273455457699238 -0.23145222669326496 0.010740285570753461 1.1051759091067954 -0.088293755857614287 -0.050707613853584112 0.0079936575584673274 -0.00017601879154165447 -0.24966202940542878 0.20474316167591733 0.0059864916506930932 0.002062862455200154 0.0013512013885469188 -0.056077833939682624 -0.061423562525894759 0.074517750165409957 -0.19764007084930679 -0.0032873871217338649 0.079431679729316695 0.071735211655160933 0.33166587852233498 0.48575200653898493 0.12542108396228155 -0.14329234860660769 -0.17207305283177654
leaf_weight=163 11673 27664 1577 17151 8978 24728 3121 3781 15421 19490 20750 6909 376 10445 10437 7326 9211 29193 6660 13621 5231 37877 7243 20214 9613 13541 12221 1877 5105 1763
leaf_count=163 11673 27664 1577 17151 8978 24728 3121 3781 15421 19490 20750 6909 376 10445 10437 7326 9211 29193 6660 13621 5231 37877 7243 20214 9613 13541 12221 1877 5105 1763
internal_value=-0.00420822 -0.0253819 -0.0285464 0.0160092 -0.0166433 0.0100433 -0.040182 -0.0224396 0.0290534 -0.0192095 -0.0226864 -0.00243742 0.0291645 -0.0281599 0.0145315 0.0464262 0.0111991 0.000523663 -0.00582799 -0.00520364 0.0208299 -0.0439192 0.0133044 0.00951852 0.0184888 0.0250472 0.0279491 -0.0099045 -0.0183352 -0.0268223
internal_weight=363360 177483 169994 185877 84019 127543 85975 59659 58334 50681 40240 24360 1953 20434 86677 7489 56718 40866 10441 22407 29959 65541 47507 27457 20050 42913 29372 15498 9989 4884
internal_count=363360 177483 169994 185877 84019 127543 85975 59659 58334 50681 40240 24360 1953 20434 86677 7489 56718 40866 10441 22407 29959 65541 47507 27457 20050 42913 29372 15498 9989 4884
cat_boundaries=0 2 5 8 11 12 15 18 20 23 25 28 31 33
cat_threshold=2147483648 264704 495580422 134750553 5 184598674 4116775170 2 33554448 2415919104 2 134258690 302003220 1312841 1 1224753168 2535457954 2 1610612800 604062880 33587330 1077936128 2 18612544 19533842 76087360 134873136 12 268973060 135612496 4 614006784 167920768
is_linear=0
shrinkage=0.05


Tree=27
num_leaves=31
num_cat=15
split_feature=0 17 0 0 17 0 17 17 6 3 17 3 17 6 1 17 17 6 17 17 17 3 8 17 17 17 8 3 5 17
split_gain=58819.6 15903.1 9884.63 5269.19 3203.53 1897.77 1659.03 1597.52 1185.07 1069.51 1012.13 946.772 750.724 746.609 522.175 509.954 492.209 460.347 398.499 361.084 354.27 319.264 299.76 322.889 291.023 284.698 267.041 247.729 243.906 314.419
threshold=17.500000000000004 0 7.5000000000000009 42.500000000000007 1 27.500000000000004 2 3 11.500000000000002 67.500000000000014 4 17.500000000000004 5 11.500000000000002 7.5000000000000009 6 7 17.500000000000004 8 9 10 37.500000000000007 23.500000000000004 11 12 13 24.500000000000004 14.000000000000002 6.2500000000000009 14
decision_type=2 9 2 2 9 2 9 9 2 2 9 2 9 2 2 9 9 2 9 9 9 2 2 9 9 9 2 2 2 9
left_child=1 14 7 5 10 12 -6 24 16 20 -4 15 21 28 -1 -10 -8 19 -19 -7 26 -2 -21 -24 -3 -14 -5 -17 29 -9
right_child=3 2 4 9 6 17 8 13 11 -11 -12 -13 25 -15 -16 27 -18 18 -20 22 -22 -23 23 -25 -26 -27 -28 -29 -30 -31
leaf_value=-0.18775806730684144 0.0075652377012842111 -0.18775806730684144 0.0056871670681584163 0.50053015097963682 -0.011448446144773694 0.039006574968343345 -0.04942752568273328 -0.21987961535860176 -0.049768205270078886 1.2359032036029047 0.0019348643186525294 -0.083250274223618706 -0.034097868133194355 -0.23717892793515738 0.0056871670681584163 -0.10594712963400391 0.0057828515391484814 0.14073568663827843 0.0075756206760697609 0.21751570822158828 0.31640184016508005 0.3355510006631568 0.091575278660986303 0.17761189630618157 -0.18775806730684144 -0.00094681584224858288 0.33966033049992606 -0.065425217881854 -0.18775806730684144 -0.21811287552428552
leaf_weight=163 27587 23007 2754 14769 8177 3582 5562 2985 20418 11837 9398 10874 727 16884 7326 11944 7849 9424 8111 16553 16218 3592 12194 17311 34443 28462 15510 7043 6269 2387
leaf_count=163 27587 23007 2754 14769 8177 3582 5562 2985 20418 11837 9398 10874 727 16884 7326 11944 7849 9424 8111 16553 16218 3592 12194 17311 34443 28462 15510 7043 6269 2387
internal_value=-0.00425886 -0.024846 -0.027987 0.0153986 -0.0157923 0.00970535 -0.0198054 -0.0399075 -0.0170769 0.0278465 0.00795099 -0.020602 0.0032716 -0.0301892 0.0464262 -0.0242063 -0.00387369 0.0154872 0.00852295 0.0179472 0.0244306 0.00866491 0.0191348 0.0161176 -0.0447198 -0.00249152 0.0276354 -0.0301179 -0.0204579 -0.0282762
internal_weight=363360 177483 169994 185877 84019 127543 71867 85975 63690 58334 12152 50279 60368 28525 7489 39405 13411 67175 17535 49640 46497 31179 46058 29505 57450 29189 30279 18987 11641 5372
internal_count=363360 177483 169994 185877 84019 127543 71867 85975 63690 58334 12152 50279 60368 28525 7489 39405 13411 67175 17535 49640 46497 31179 46058 29505 57450 29189 30279 18987 11641 5372
cat_boundaries=0 2 5 8 11 12 15 17 19 22 24 27 30 32 35 37
cat_threshold=2147483648 264704 512340998 532553 5 16 2415919104 2 167821458 4114678018 2 167813122 344569092 135673947 13 1627406592 606209328 1310720 52432898 378024980 1845320 1 18088192 18887714 268972036 135612496 4 344473668 671744016 12 33587330 1077936128 134217728 2415919104 2 629735424 136447104
is_linear=0
shrinkage=0.05


Tree=28
num_leaves=31
num_cat=12
split_feature=0 17 0 0 17 0 17 17 3 6 6 17 2 17 6 17 0 1 17 17 3 6 17 17 5 5 17 6 0 6
split_gain=55526.9 15871.5 9466.12 5480.01 3209.06 2231.57 1788.44 1380.61 881.956 899.781 808.274 801.159 947.819 719.983 583.056 550.806 528.602 522.175 502.819 472.437 428.643 420.737 393.671 368.702 366.642 359.568 333.649 301.452 441.02 290.942
threshold=17.500000000000004 0 7.5000000000000009 27.500000000000004 1 52.500000000000007 2 3 17.500000000000004 11.500000000000002 11.500000000000002 4 14.000000000000002 5 19.500000000000004 6 22.500000000000004 7.5000000000000009 7 8 14.000000000000002 10.500000000000002 9 10 18.750000000000004 26.250000000000004 11 19.500000000000004 14.000000000000002 18.500000000000004
decision_type=2 9 2 2 9 2 9 9 2 2 2 9 2 9 2 9 2 2 9 9 2 2 9 9 2 2 9 2 2 2
left_child=1 17 6 13 11 14 -3 -6 9 22 -8 12 -4 29 15 24 26 -1 -7 -18 -11 -13 -9 -16 -5 -17 -15 -22 -29 -2
right_child=3 2 4 5 7 18 10 8 -10 20 -12 21 -14 16 23 25 19 -19 -20 -21 27 -23 -24 -25 -26 -27 -28 28 -30 -31
leaf_value=-0.17837016394149938 0.23853303472727011 -0.17837016394149938 0.005402808714750496 0.1634433176991017 -0.0053661045384952649 0.98233667675471459 -0.18945506496644687 0.029621447636751522 -0.061560081015414797 -0.10064977315230372 -0.22531998153839947 0.0082457512063037978 -0.00045157620537246147 -0.032392974726534622 0.17457004346698729 0.10461575839765534 -0.0057001192427115661 0.005402808714750496 0.44962145620837934 0.032780957093766716 -0.044220379986598335 -0.045148136167869751 -0.058427625233288441 -0.075155165520495795 0.29686565864354436 0.19550390538141402 -0.00064560469506620428 -0.088954346083321492 0.018072348360517587 0.00050475220837675749
leaf_weight=163 7538 56055 1577 16801 8978 16035 11737 2808 9664 18477 18183 5649 376 690 5152 26996 3901 7326 13610 17424 8664 18888 5927 4396 25355 17164 27720 892 2119 3095
leaf_count=163 7538 56055 1577 16801 8978 16035 11737 2808 9664 18477 18183 5649 376 690 5152 26996 3901 7326 13610 17424 8664 18888 5927 4396 25355 17164 27720 892 2119 3095
internal_value=-0.0047724 -0.024775 -0.0279129 0.0143269 -0.0159791 0.020281 -0.0395784 -0.0226081 -0.0192675 -0.022631 -0.0296659 -0.00157358 0.0291645 0.00194805 0.0165735 0.0178704 -0.000577948 0.0464262 0.0322702 0.00537163 -0.0267246 -0.00403104 -0.00850029 0.00484918 0.0219632 0.0139552 -0.005044 -0.0192248 -0.00559615 0.0137508
internal_weight=363360 177483 169994 185877 84019 125509 85975 57529 48551 38887 29920 26490 1953 60368 95864 86316 49735 7489 29645 21325 30152 24537 8735 9548 42156 44160 28410 11675 3011 10633
internal_count=363360 177483 169994 185877 84019 125509 85975 57529 48551 38887 29920 26490 1953 60368 95864 86316 49735 7489 29645 21325 30152 24537 8735 9548 42156 44160 28410 11675 3011 10633
cat_boundaries=0 2 5 8 11 12 15 18 20 22 24 27 30
cat_threshold=2147483648 264704 495564038 134751577 5 167821458 4097900802 2 33554448 2415919104 2 134258690 268547076 135530569 1 436220944 1394760 13 268435456 1329152 152043520 19404034 1610629184 604061856 302526484 1837088 4 16 2415919104 2
is_linear=0
shrinkage=0.05


Tree=29
num_leaves=31
num_cat=12
split_feature=0 17 0 17 17 5 17 17 3 6 17 5 8 6 2 17 6 5 8 6 6 17 17 6 17 5 17 17 5 0
split_gain=54544.2 20748.3 6650.99 4919.2 2496.71 2496.09 1818.32 915.792 1227.31 838.587 699.55 623.257 560.024 541.881 536.781 477.419 441.051 526.185 354.079 316.984 307.921 484.9 351.557 305.83 296.795 307.22 281.195 276.992 237.35 234.522
threshold=7.5000000000000009 0 22.500000000000004 1 2 18.750000000000004 3 4 14.000000000000002 11.500000000000002 5 26.250000000000004 24.500000000000004 11.500000000000002 27.500000000000004 6 11.500000000000002 26.250000000000004 23.500000000000004 12.500000000000002 17.500000000000004 7 8 11.500000000000002 9 6.2500000000000009 10 11 18.750000000000004 14.000000000000002
decision_type=2 9 2 9 9 2 9 9 2 2 9 2 2 2 2 9 2 2 2 2 2 9 9 2 9 2 9 9 2 2
left_child=6 3 4 10 -3 14 27 19 13 24 12 20 -2 -9 23 -4 -17 -18 -10 -6 21 -7 -22 26 25 -8 -5 -1 -11 -25
right_child=1 2 15 5 7 11 9 8 18 28 -12 -13 -14 -15 -16 16 17 -19 -20 -21 22 -23 -24 29 -26 -27 -28 -29 -30 -31
leaf_value=-0.16945165574442439 0.94036410401955894 -0.011260309753805231 -0.016974095592697226 -0.019237287248664182 0.00052002516415416977 0.080534350008478486 -0.1994128813423493 -0.055816186078541379 -0.00063657972523216704 -0.21405398246147947 0.0051326682790129759 0.36131618754461248 0.27725417377263678 -0.095617284494688537 0.10832145102660995 0.10447270747707904 0.023257632707110967 0.13092623572558912 -0.037833322736860353 -0.03242662173930988 -0.027115031528495773 0.28811966660076005 0.14948832856350106 -0.092355827579725921 -0.086393284214045005 -0.16889741069317701 0.17449565800459954 -0.16945165574442439 -0.20240092457195377 -0.0027906710113992264
leaf_weight=23007 7036 8867 3053 2642 11010 9756 3395 5398 9150 14431 14909 21230 9072 15139 24068 7762 18140 12195 17678 27260 3291 22705 7814 1964 3142 5217 5889 32939 4005 11196
leaf_count=23007 7036 8867 3053 2642 11010 9756 3395 5398 9150 14431 14909 21230 9072 15139 24068 7762 18140 12195 17678 27260 3291 22705 7814 1964 3142 5217 5889 32939 4005 11196
internal_value=-0.00476304 0.00603519 -0.00793885 0.0194241 -0.0152452 0.0144842 -0.0395166 -0.0126248 -0.0172739 -0.0295861 0.037021 0.0207991 0.0297307 -0.0264766 0.00554536 0.0088384 0.0103616 0.00764299 -0.0102356 -0.00686782 0.0173759 0.0198346 0.0101891 -0.000159052 -0.0191594 -0.0239504 0.00721486 -0.044862 -0.0362497 -0.00493921
internal_weight=363360 277224 135652 141572 94502 110555 86136 85635 47365 30190 31017 64796 16108 20537 45759 41150 38097 30335 26828 38270 43566 32461 11105 21691 11754 8612 8531 55946 18436 13160
internal_count=363360 277224 135652 141572 94502 110555 86136 85635 47365 30190 31017 64796 16108 20537 45759 41150 38097 30335 26828 38270 43566 32461 11105 21691 11754 8612 8531 55946 18436 13160
cat_boundaries=0 3 5 8 11 13 15 17 19 21 23 25 27
cat_threshold=2659824646 136137289 5 2315255810 1313280 16 2415919104 2 2315305106 4030791938 2 553664768 537011632 134217728 264192 17825792 18879746 344457216 524288 67174400 134299649 630784000 169886848 344457216 524288 33587330 1077936128
is_linear=0
shrinkage=0.05


Tree=30
num_leaves=31
num_cat=11
split_feature=0 17 17 0 0 17 2 0 3 6 6 17 17 1 0 6 6 17 0 5 17 17 5 8 17 16 17 6 0 17
split_gain=54228.1 15965.3 8826.77 4364.87 3917.97 1793.37 1441.65 1158.51 976.841 916.941 800.519 546.362 523.109 521.747 447.879 937.468 435.546 419.572 409.894 373.412 516.072 479.512 337.558 326.46 317.641 316.124 298.843 262.152 257.473 446.733
threshold=17.500000000000004 0 1 42.500000000000007 7.5000000000000009 2 27.500000000000004 72.500000000000014 17.500000000000004 11.500000000000002 11.500000000000002 3 4 7.5000000000000009 14.000000000000002 19.500000000000004 19.500000000000004 5 22.500000000000004 21.250000000000004 6 7 16.250000000000004 24.500000000000004 8 39.949808333333344 9 17.500000000000004 7.5000000000000009 10
decision_type=2 9 9 2 2 9 2 2 2 2 2 9 9 2 2 2 2 9 2 2 9 9 2 2 9 2 9 2 2 9
left_child=1 13 28 6 9 19 11 23 10 12 24 -2 -4 -1 22 -16 17 -8 -13 21 -21 -6 -12 -5 -7 -11 -25 -20 -3 -30
right_child=3 2 4 7 5 8 16 -9 -10 25 14 18 -14 -15 15 -17 -18 -19 27 20 -22 -23 -24 26 -26 -27 -28 -29 29 -31
leaf_value=-0.16097907295720315 -0.011525454084568842 -0.16097907295720315 -0.16097907295720315 0.3844451479226354 0.0049180887430539501 0.021894270473975477 0.18486975828597638 1.3546324551773599 -0.05659041082780103 -0.20335128333840552 -0.090836420269954143 -0.00020415991863753646 -0.16097907295720315 0.0048760348650623625 -0.03514533318744633 0.019783799661781166 0.015525806781859686 0.091906350898971478 0.05031202743946981 -0.073967445436775497 0.043364016436189881 -0.025105280733648261 -0.095227792230384273 0.37773861188383795 -0.052715434667696931 -0.18766197467104587 0.20061587491986482 0.0094536563837790411 -0.029192863876908694 -0.0087300404096188455
leaf_weight=163 6899 43294 5409 26148 5152 3020 26197 9972 9792 9329 11421 23870 9971 7337 9508 2944 7288 31034 23899 2937 2827 12787 6056 7136 5927 17972 15078 8356 858 10779
leaf_count=163 6899 43294 5409 26148 5152 3020 26197 9972 9792 9329 11421 23870 9971 7337 9508 2944 7288 31034 23899 2937 2827 12787 6056 7136 5927 17972 15078 8356 858 10779
internal_value=-0.00519815 -0.0249655 -0.028115 0.0136765 -0.0202378 -0.0131537 0.00849478 0.025006 -0.018645 -0.0322544 -0.0222039 0.00311627 -0.0224902 0.0463915 -0.0261268 -0.0188805 0.0137487 0.0152147 0.00474837 -0.00187028 -0.0129424 0.00168627 -0.0312897 0.0218064 -0.00908126 -0.037755 0.0173494 0.00842505 -0.0446069 -0.0380124
internal_weight=363360 177483 169983 185877 115052 72371 127543 58334 48668 42681 38876 63024 15380 7500 29929 12452 64519 57231 56125 23703 5764 17939 17477 48362 8947 27301 22214 32255 54931 11637
internal_count=363360 177483 169983 185877 115052 72371 127543 58334 48668 42681 38876 63024 15380 7500 29929 12452 64519 57231 56125 23703 5764 17939 17477 48362 8947 27301 22214 32255 54931 11637
cat_boundaries=0 2 5 8 11 13 16 18 21 23 25 27
cat_threshold=2147491840 264704 167805074 3493920768 2 361321732 533833 5 151027728 2435318784 2 16793600 538968066 402666516 1312841 13 0 1280 4 1280 1 1610612800 738214064 0 1132544 2 65536
is_linear=0
shrinkage=0.05


Tree=31
num_leaves=31
num_cat=14
split_feature=0 17 0 17 5 17 17 3 6 17 8 5 0 17 6 1 17 3 17 17 6 5 17 3 17 6 17 17 16 17
split_gain=52507.7 18670.5 6502.2 5262.27 2279.45 2060.22 2033.6 932.384 877.608 816.474 638.652 622.946 608.213 585.415 556.747 524.695 341.568 353.013 329.182 324.538 320.599 304.302 423.959 299.121 290.758 279.341 285.624 277.235 271 251.668
threshold=7.5000000000000009 0 17.500000000000004 1 18.750000000000004 2 3 17.500000000000004 11.500000000000002 4 24.500000000000004 28.750000000000004 27.500000000000004 5 12.500000000000002 27.500000000000004 6 14.000000000000002 7 8 10.500000000000002 21.250000000000004 9 14.000000000000002 10 17.500000000000004 11 12 39.949808333333344 13
decision_type=2 9 2 9 2 9 9 2 2 9 2 2 2 9 2 2 9 2 9 9 2 2 9 2 9 2 9 9 2 9
left_child=6 3 5 9 15 14 27 13 18 10 -2 24 19 -7 -3 -5 21 -18 -8 -4 -15 22 23 -16 -6 26 -14 -1 -10 -23
right_child=1 2 12 4 11 7 8 -9 28 -11 -12 -13 25 20 16 -17 17 -19 -20 -21 -22 29 -24 -25 -26 -27 -28 -29 -30 -31
leaf_value=-0.15293011930934297 0.97550501147723567 0.0046721843059012612 -0.030141850298289266 -0.0010157578851037741 0.25018086713570947 -0.011682631492403939 -0.16348848753560558 -0.053760890286410935 -0.19318371917148527 0.0046322331218092037 0.27367995345165286 0.33221140049219183 -0.024173929358067881 -0.041367167417285793 0.0040542469949695461 0.096792625181112341 -0.09822653423034744 -0.038360428191053147 -0.1288293750886309 0.0013925201882209139 -0.040144433300953346 -0.072189423789635582 -0.055121344164484401 -0.023633541467351107 0.090762935432400133 0.00097204931190066903 0.16082732337398592 -0.15293011930934297 -0.19396818460485321 -0.045569257933025492
leaf_weight=23007 6423 8093 4649 23841 20620 6940 6485 5068 7010 14909 8707 20027 2827 4437 2052 24566 4861 7395 5269 31141 23362 2177 4555 515 26817 5365 15886 32939 11426 1991
leaf_count=23007 6423 8093 4649 23841 20620 6940 6485 5068 7010 14909 8707 20027 2827 4437 2052 24566 4861 7395 5269 31141 23362 2177 4555 515 26817 5365 15886 32939 11426 1991
internal_value=-0.00511036 0.00548437 -0.00819348 0.0177933 0.012956 -0.0183789 -0.0392089 -0.0259475 -0.0287119 0.0364421 0.0281968 0.0188975 0.00396038 -0.0288768 -0.00884546 0.00467804 -0.0127368 -0.0185146 -0.0180449 -0.000173233 -0.0255978 -0.00644248 -0.000168492 0.0160458 0.0157757 0.0101047 0.0129883 -0.0448602 -0.0355283 -0.0171785
internal_weight=363360 277224 131314 145910 115871 71446 86136 39807 30190 30039 15130 67464 59868 34739 31639 48407 23546 12256 11754 35790 27799 11290 7122 2567 47437 24078 18713 55946 18436 4168
internal_count=363360 277224 131314 145910 115871 71446 86136 39807 30190 30039 15130 67464 59868 34739 31639 48407 23546 12256 11754 35790 27799 11290 7122 2567 47437 24078 18713 55946 18436 4168
cat_boundaries=0 3 5 7 10 12 15 17 19 22 24 27 29 31 33
cat_threshold=2525574150 136145481 5 2181038082 1313280 1627406592 604112304 2315305106 4030791938 2 0 264192 134250512 2147483648 2 16793856 1296 555286528 2114688 151027728 2434794496 2 0 1280 268448768 16456 4 18088192 18879778 33587330 1077936128 0 1280
is_linear=0
shrinkage=0.05


Tree=32
num_leaves=31
num_cat=11
split_feature=0 17 0 17 17 17 5 17 0 6 2 3 6 17 17 17 6 17 6 5 16 6 0 6 5 5 17 6 0 17
split_gain=51493.6 17222.4 6756.42 4375.76 2065.93 2061.83 1996.22 1046.7 872.903 857.168 722.117 684.68 579.423 459.014 431.464 393.21 369.371 367.965 347.311 335.249 307.529 304.855 302.84 574.429 275.179 261.176 259.894 236.008 226.179 224.783
threshold=7.5000000000000009 0 17.500000000000004 1 2 3 23.750000000000004 4 27.500000000000004 11.500000000000002 22.500000000000004 17.500000000000004 18.500000000000004 5 6 7 10.500000000000002 8 17.500000000000004 10.750000000000002 30.171350000000007 10.500000000000002 14.000000000000002 19.500000000000004 13.500000000000002 26.250000000000004 9 11.500000000000002 11.500000000000002 10
decision_type=2 9 2 9 9 9 2 9 2 2 2 2 2 9 9 9 2 9 2 2 2 2 2 2 2 2 9 2 2 9
left_child=5 3 4 -2 21 26 10 -6 17 15 12 16 29 -8 -12 19 -9 -4 -16 -7 -11 -3 24 -24 -18 27 -1 -10 -14 -5
right_child=1 2 8 6 7 9 13 11 25 20 14 -13 28 -15 18 -17 22 -19 -20 -21 -22 -23 23 -25 -26 -27 -28 -29 -30 -31
leaf_value=-0.14528361334387579 0.0044006214657187574 0.0045759064912204829 -0.011380815361085084 0.19187659211933961 -0.013814347130040705 -0.17910861650319987 0.71223501085002727 -0.037438971895840022 0.12572479520731114 -0.18352453321291107 0.26262039675852517 -0.051633265154746248 -0.084835025928127736 0.27942689364742501 0.12673151233954663 -0.12428091655265697 -0.030144103450968542 0.0013804392029934222 0.042369954806708958 -0.14422916213387768 -0.19299899157578243 -0.0352322958008787 -0.032051034821070523 0.021586775918248691 -0.084287377591408766 0.13894492125486108 -0.14528361334387579 0.047742729833142053 -0.013822544407281612 0.010517153363476073
leaf_weight=23007 14909 4167 6816 4396 5447 4437 8452 5588 5214 7523 20259 7253 1138 26531 24699 6097 4232 38561 12933 2789 12772 22930 9324 2193 14624 14862 29511 13801 2537 6358
leaf_count=23007 14909 4167 6816 4396 5447 4437 8452 5588 5214 7523 20259 7253 1138 26531 24699 6097 4232 38561 12933 2789 12772 22930 9324 2193 14624 14862 29511 13801 2537 6358
internal_value=-0.00512082 0.00537111 -0.00569468 0.0194057 -0.0163719 -0.0388885 0.0158755 -0.0225319 0.00451081 -0.029184 0.0111338 -0.0199172 0.0011262 0.0256825 0.0136282 -0.0193387 -0.0227483 -2.31395e-05 0.0104511 -0.027225 -0.0356615 -0.00529937 -0.0249218 -0.0185335 -0.0288237 0.0105839 -0.0450864 0.0067026 -0.0160136 0.00698345
internal_weight=363360 277224 155012 122212 75758 86136 107303 48661 79254 33618 72320 43214 14429 34983 57891 13323 35961 45377 37632 7226 20295 27097 30373 11517 18856 33877 52518 19015 3675 10754
internal_count=363360 277224 155012 122212 75758 86136 107303 48661 79254 33618 72320 43214 14429 34983 57891 13323 35961 45377 37632 7226 20295 27097 30373 11517 18856 33877 52518 19015 3675 10754
cat_boundaries=0 3 5 7 10 12 14 16 18 21 23 26
cat_threshold=2457940998 135613001 5 2181038082 1049088 84427008 604513712 2315305106 3493921024 2 134250512 2147483648 12288 264192 8192 329792 555220992 538985474 151027728 2435318784 2 33587330 1077936128 70656 134236225 1
is_linear=0
shrinkage=0.05


Tree=33
num_leaves=31
num_cat=12
split_feature=0 17 0 17 17 17 5 17 0 6 2 3 6 17 17 6 0 6 17 0 5 17 5 16 17 17 6 17 5 0
split_gain=50231.9 15437.9 5889.04 4434.82 2550.9 2178.64 1875.88 1114.62 814.321 804.946 699.108 693.141 574.255 426.426 413.426 362.795 453.621 537.723 359.7 352.626 340.192 330.814 318.603 312.423 286.713 267.002 261.218 283.786 436.323 428.456
threshold=7.5000000000000009 0 17.500000000000004 1 2 3 21.250000000000004 4 27.500000000000004 11.500000000000002 27.500000000000004 17.500000000000004 17.500000000000004 5 6 10.500000000000002 14.000000000000002 19.500000000000004 7 11.500000000000002 12.000000000000002 8 16.250000000000004 39.949808333333344 9 10 11.500000000000002 11 26.250000000000004 14.000000000000002
decision_type=2 9 2 9 9 9 2 9 2 2 2 2 2 9 9 2 2 2 9 2 2 9 2 2 9 9 2 9 2 2
left_child=5 3 4 -2 26 24 10 -6 18 14 12 15 25 -8 20 -9 22 -18 -4 -14 -7 -12 -17 -11 -1 -5 -3 28 29 -28
right_child=1 2 8 6 7 9 13 11 -10 23 21 -13 19 -15 -16 16 17 -19 -20 -21 -22 -23 -24 -25 -26 -27 27 -29 -30 -31
leaf_value=-0.13801943267668199 0.0041805903924328367 0.0042097797660451521 -0.010329352718030906 -0.00072550065466945321 -0.0089859433145118572 -0.17015318567803989 0.61909810845969815 -0.037426860451629462 0.087184189910909649 -0.17434830655226552 0.23698007543778277 -0.049051601897008905 -0.083292269549612552 0.24590223110793055 -0.12556687072502407 -0.080073008711838339 -0.030448483080017043 0.020562211762866857 0.0013114172428437599 -0.011281068857467781 -0.1370177040271838 0.089961887571276489 -0.084244812074246944 -0.18334904199699331 -0.13801943267668199 0.16478265560971686 0.0021629862805683689 -0.050603662166216347 -0.0068841310382133265 -0.041529180246330281
leaf_weight=24854 13919 6913 6930 5737 6248 4253 11096 5305 33952 7918 23255 7117 1271 26255 6366 9479 8667 2151 38561 5475 2704 25055 5964 12377 27664 9159 5457 13291 2712 3255
leaf_count=24854 13919 6913 6930 5737 6248 4253 11096 5305 33952 7918 23255 7117 1271 26255 6366 9479 8667 2151 38561 5475 2704 25055 5964 12377 27664 9159 5457 13291 2712 3255
internal_value=-0.00517834 0.00518426 -0.00521691 0.0185685 -0.0151132 -0.0385298 0.0151207 -0.0227687 0.00431945 -0.0285566 0.0102913 -0.0195914 0.00282321 0.0241694 -0.019016 -0.0227745 -0.0251837 -0.0173322 -5.38568e-05 -0.00927957 -0.0274365 0.0136369 -0.0306838 -0.0348337 -0.0448999 0.00830424 -0.00422909 -0.00663362 -0.000848347 0.00460285
internal_weight=363360 277224 156002 121222 76559 86136 107303 44931 79443 33618 69952 38683 21642 37351 13323 31566 26261 10818 45491 6746 6957 48310 15443 20295 52518 14896 31628 24715 11424 8712
internal_count=363360 277224 156002 121222 76559 86136 107303 44931 79443 33618 69952 38683 21642 37351 13323 31566 26261 10818 45491 6746 6957 48310 15443 20295 52518 14896 31628 24715 11424 8712
cat_boundaries=0 3 5 8 11 13 15 17 20 22 24 26 29
cat_threshold=2424386566 135613001 5 2147483650 1049088 84427008 872949168 2 2315305106 3493921024 2 167804944 2147483648 12288 280576 554172416 538985474 184582160 2435318784 2 268443648 346176 2281717776 2415984896 276824068 262144 84410368 268968960 2
is_linear=0
shrinkage=0.05


Tree=34
num_leaves=31
num_cat=12
split_feature=0 17 0 17 17 17 5 17 0 6 3 3 6 17 17 6 0 6 6 17 0 5 17 16 5 8 17 17 17 6
split_gain=49861.9 14644.3 5370.36 4819.58 2403.02 2299.56 1808.41 1110.87 764.993 746.532 686.639 666.474 465.971 518.507 464.636 433.497 424.068 520.427 427.286 418.153 402.404 344.644 338.389 315.563 299.018 294.619 288.97 274.768 250.054 246.811
threshold=7.5000000000000009 0 17.500000000000004 1 2 3 18.750000000000004 4 27.500000000000004 11.500000000000002 17.500000000000004 72.500000000000014 17.500000000000004 5 6 17.500000000000004 14.000000000000002 11.500000000000002 19.500000000000004 7 14.000000000000002 12.000000000000002 8 30.171350000000007 16.250000000000004 23.500000000000004 9 10 11 11.500000000000002
decision_type=2 9 2 9 9 9 2 9 2 2 2 2 2 9 9 2 2 2 2 9 2 2 9 2 2 2 9 9 9 2
left_child=5 3 4 -2 29 26 14 -6 22 19 16 12 25 -14 -5 27 17 -9 -18 21 -17 -7 -4 -11 -19 -8 -1 -16 -27 -3
right_child=1 2 8 6 7 9 11 10 -10 23 -12 -13 13 -15 15 20 18 24 -20 -21 -22 -23 -24 -25 -26 28 -28 -29 -30 -31
leaf_value=-0.13111846104284788 0.0039715608728111643 0.003999290777742903 -0.010295306957129213 0.19946390160085559 -0.0126743326078131 -0.16164552639413793 0.31890146498396033 -0.10544226880480286 0.082824980415364111 -0.1656308912246523 -0.046599021802158448 0.96341949474301958 -0.097107268113935871 0.17734676413776498 -0.00048061760558830717 -0.076428661154240726 -0.029399744233783665 -0.07606935827624639 0.019534101174723519 -0.11928852718877288 -0.0035313112999993735 -0.13016681882582462 0.0012458463807016431 -0.17418158989714361 -0.08003257147053465 0.10455346045410147 -0.13111846104284788 0.12010187799238788 0.25389104886237845 -0.022764519890761559
leaf_weight=24854 14909 6913 6816 12604 5447 4253 19393 3940 33877 7523 7117 5356 2892 11339 6982 1283 10882 9028 2151 6366 10464 2704 38561 12772 5565 9750 27664 14772 12468 24715
leaf_count=24854 14909 6913 6816 12604 5447 4253 19393 3940 33877 7523 7117 5356 2892 11339 6982 1283 10882 9028 2151 6366 10464 2704 38561 12772 5565 9750 27664 14772 12468 24715
internal_value=-0.00511449 0.00520987 -0.00499413 0.0181514 -0.0145133 -0.0383429 0.014447 -0.0220503 0.00410452 -0.0280986 -0.0190616 0.0200824 0.0184664 0.0106563 0.00696996 0.00388678 -0.0222296 -0.0270895 -0.0153188 -0.0189109 -0.00385205 -0.0273791 -0.000139939 -0.0341439 -0.0314432 0.0211374 -0.0448865 0.00806748 0.0172068 -0.00398887
internal_weight=363360 277224 155012 122212 75758 86136 107303 44130 79254 33618 38683 61198 55842 14231 46105 33501 31566 18533 13033 13323 11747 6957 45377 20295 14593 41611 52518 21754 22218 31628
internal_count=363360 277224 155012 122212 75758 86136 107303 44130 79254 33618 38683 61198 55842 14231 46105 33501 31566 18533 13033 13323 11747 6957 45377 20295 14593 41611 52518 21754 22218 31628
cat_boundaries=0 3 5 8 11 13 15 17 19 22 24 26 29
cat_threshold=2457940998 135613001 5 2181038082 1049088 84427008 872949168 2 2315305106 3493921024 2 134250512 2147483648 0 134299649 8192 264256 554172416 538985474 151027728 2435318784 2 2281717776 2415984896 276824068 134217728 276889604 134217736 1
is_linear=0
shrinkage=0.05


Tree=35
num_leaves=31
num_cat=12
split_feature=0 17 17 0 17 17 5 17 0 6 3 17 6 0 3 17 17 17 0 6 6 17 5 6 8 5 5 17 6 17
split_gain=48460 14014.8 5177.06 4534.93 2655.18 2325.04 1827.45 1048.69 701.144 659.482 653.074 567.632 608.14 511.318 471.857 444.172 383.364 380.775 345.962 441.816 400.254 312.82 284.019 323.33 274.655 266.321 258.427 257.066 248.943 298.575
threshold=7.5000000000000009 0 1 17.500000000000004 2 3 21.250000000000004 4 22.500000000000004 19.500000000000004 17.500000000000004 5 17.500000000000004 11.500000000000002 77.500000000000014 6 7 8 14.000000000000002 19.500000000000004 11.500000000000002 9 31.250000000000004 11.500000000000002 23.500000000000004 18.750000000000004 16.250000000000004 10 17.500000000000004 11
decision_type=2 9 9 2 9 9 2 9 2 2 2 9 2 2 2 9 9 9 2 2 2 9 2 2 2 2 2 9 2 9
left_child=4 2 -2 5 16 -3 11 -7 27 15 18 -4 21 -14 28 -6 -1 -10 20 -20 -9 -13 23 -19 -23 -18 -22 -5 -8 -30
right_child=1 3 6 8 9 7 14 10 17 -11 -12 12 13 -15 -16 -17 25 22 19 -21 26 24 -24 -25 -26 -27 -28 -29 29 -31
leaf_value=-0.12456253799070548 0.0037729828291706013 -0.0081527780539370383 0.22392255438835262 -0.026526671531562407 -0.17217728523533787 -0.023832592268168362 0.27724796956634246 -0.046981325425568966 -0.019441053169969004 -0.16547251040228642 -0.06748114086070843 0.17232405741321566 -0.074154835724979759 0.0035127036986455809 1.2530013574061851 -0.15476204352726866 -0.12456253799070548 0.064533285755624628 -0.027726406764204549 0.018557396115987324 -0.072265890362434068 0.17378444768811807 0.19084875334325596 0.023733256413987117 0.021225014998209526 -0.12456253799070548 -0.076030942897007944 -0.00086105389377664219 -0.12332504067419237 0.19688028689253764
leaf_weight=27664 14909 31628 18736 696 14356 4567 27952 3491 3053 7871 6642 17916 1380 17653 3204 7280 19281 9024 11094 2127 8386 4152 5719 30420 15155 9684 6072 24729 1333 7186
leaf_count=27664 14909 31628 18736 696 14356 4567 27952 3491 3053 7871 6642 17916 1380 17653 3204 7280 19281 9024 11094 2127 8386 4152 5719 30420 15155 9684 6072 24729 1333 7186
internal_value=-0.0051043 0.00507388 0.0170736 -0.00545788 -0.0378622 -0.0141993 0.013467 -0.0218535 0.00332627 -0.0256683 -0.0191079 0.00887695 0.00636263 -0.000906321 0.0221462 -0.0211684 -0.0442036 0.00686909 -0.0221463 -0.0160086 -0.0266672 0.0100811 0.0080236 0.00651557 0.00565564 -0.0400949 -0.0303361 -0.00339233 0.02053 0.0130473
internal_weight=363360 277224 129576 147648 86136 74007 114667 42379 73641 29507 37812 74992 56256 19033 39675 21636 56629 48216 31170 13221 17949 37223 45163 39444 19307 28965 14458 25425 36471 8519
internal_count=363360 277224 129576 147648 86136 74007 114667 42379 73641 29507 37812 74992 56256 19033 39675 21636 56629 48216 31170 13221 17949 37223 45163 39444 19307 28965 14458 25425 36471 8519
cat_boundaries=0 3 5 8 11 13 15 17 20 22 24 26 28
cat_threshold=2457940998 135613001 13 2181038082 1049088 2332082322 3493921024 2 84427008 872949168 2 134217744 2147483648 8192 264256 537657344 572670994 33587330 1077936128 2 17825792 18879746 70656 81929 134250512 2415919104 0 81921
is_linear=0
shrinkage=0.05


Tree=36
num_leaves=31
num_cat=11
split_feature=0 17 17 0 17 17 5 17 6 0 3 6 17 0 0 8 17 17 17 17 0 6 6 5 6 17 5 3 0 3
split_gain=46756.3 12934.5 5073.63 4625.22 2867.9 2298.36 1625.54 1178.38 705.35 658.482 637.586 568.754 815.328 507.492 428.324 404.936 393.638 378.917 290.998 278.996 276.649 433.213 344.284 275.866 252.983 260.134 352.384 330.786 276.244 251.835
threshold=7.5000000000000009 0 1 17.500000000000004 2 3 23.750000000000004 4 19.500000000000004 27.500000000000004 17.500000000000004 17.500000000000004 5 11.500000000000002 82.500000000000014 23.500000000000004 6 7 8 9 14.000000000000002 19.500000000000004 11.500000000000002 18.750000000000004 12.500000000000002 10 26.250000000000004 14.000000000000002 14.000000000000002 14.000000000000002
decision_type=2 9 9 2 9 9 2 9 2 2 2 2 9 2 2 2 9 9 9 9 2 2 2 2 2 9 2 2 2 2
left_child=4 2 -2 5 16 24 11 -7 17 19 20 15 -13 -14 -8 -4 -1 -6 -17 -5 22 29 -9 -18 -3 26 27 28 -26 -22
right_child=1 3 6 9 8 7 14 10 -10 -11 -12 12 13 -15 -16 18 23 -19 -20 -21 21 -23 -24 -25 25 -27 -28 -29 -30 -31
leaf_value=-0.11833441109117021 0.0035843336877120716 0.002802376503079085 0.26483840825084537 -0.0060556158142935253 -0.16356842097357102 -0.0067112999049872002 0.25698039876999845 -0.044632259154290477 -0.15719888488217207 0.072997076934656666 -0.064107083817673077 0.30041290732152648 -0.071598481228170918 0.0019361550820200081 1.5607378832716834 0.041520521369320565 -0.11833441109117021 -0.14702394135090521 0.15837720114579312 0.0012299219664184237 -0.026543436683884283 0.017629526310187948 -0.068652595844312367 -0.11833441109117021 0.0046594060807577447 -0.04396690783105317 -0.0049940595890677567 -0.03283439802959922 -0.044331693717114096 -0.02634008642599435
leaf_weight=27664 13919 9899 10680 10969 14356 5368 32559 3491 7871 32973 6642 5208 1377 19037 2506 15988 19281 7280 21886 34420 4125 2127 14458 9684 3982 12283 2319 3386 653 6969
leaf_count=27664 13919 9899 10680 10969 14356 5368 32559 3491 7871 32973 6642 5208 1377 19037 2506 15988 19281 7280 21886 34420 4125 2127 14458 9684 3982 12283 2319 3386 653 6969
internal_value=-0.00538227 0.0046154 0.016694 -0.00504108 -0.0375592 -0.0138556 0.0130685 -0.0214147 -0.024889 0.00347362 -0.0182909 0.00887619 0.00284911 -0.00165981 0.0219407 0.0120567 -0.0441489 -0.0202348 0.00963194 -0.000432924 -0.0212929 -0.0158044 -0.0253357 -0.0399879 -0.00381163 -0.00672988 -0.000879227 0.00408303 0.0127616 -0.0197674
internal_weight=363360 277224 123160 154064 86136 75702 109241 43180 29507 78362 37812 74176 25622 20414 35065 48554 56629 21636 37874 45389 31170 13221 17949 28965 32522 22623 10340 8021 4635 11094
internal_count=363360 277224 123160 154064 86136 75702 109241 43180 29507 78362 37812 74176 25622 20414 35065 48554 56629 21636 37874 45389 31170 13221 17949 28965 32522 22623 10340 8021 4635 11094
cat_boundaries=0 3 5 8 11 13 15 18 20 23 26 29
cat_threshold=2415997958 135613001 13 2147483650 1049088 2332082322 3493921024 2 92815616 872949168 2 167772176 2147483648 268435456 264192 33587330 1077936128 2 537657344 572670994 268435460 134217736 13 184598544 2502427648 2 92798976 268968960 2
is_linear=0
shrinkage=0.05


Tree=37
num_leaves=31
num_cat=14
split_feature=0 17 17 0 17 17 5 17 3 6 6 17 17 17 17 8 17 0 0 5 5 17 17 6 6 6 17 0 17 6
split_gain=46992.2 11777.3 5498.78 3816.67 2982.54 2418.17 1504.58 953.161 834.675 716.407 513.076 765.952 459.367 445.499 393.638 392.725 388.9 354.941 281.557 275.866 260.166 286.108 255.982 254.074 235.974 359.453 507 643.635 235.23 232.875
threshold=7.5000000000000009 0 1 22.500000000000004 2 3 23.750000000000004 4 17.500000000000004 19.500000000000004 17.500000000000004 5 6 7 8 23.500000000000004 9 17.500000000000004 14.000000000000002 18.750000000000004 33.750000000000007 10 11 16.500000000000004 10.500000000000002 19.500000000000004 12 14.000000000000002 13 11.500000000000002
decision_type=2 9 9 2 9 9 2 9 2 2 2 9 9 9 9 2 9 2 2 2 2 9 9 2 2 2 9 2 9 2
left_child=4 2 -2 5 14 -3 10 -7 17 16 15 18 -8 -13 -1 -4 -6 24 -12 -16 21 -5 -17 -14 -9 -26 27 -27 -25 -23
right_child=1 3 6 20 9 7 12 8 -10 -11 11 13 23 -15 19 22 -18 -19 -20 -21 -22 29 -24 28 25 26 -28 -29 -30 -31
leaf_value=-0.11241769053661171 0.0034051170033264633 -0.022305397659510631 0.25159648783830307 -0.071212025034796511 -0.1553899999248925 -0.0034439628960210023 0.80592204174101034 -0.029522368407267408 -0.0040649833396200208 -0.14933894063806347 -0.059406797390770906 0.28539226195545009 0.27107136337486359 0.0032402607596123015 -0.11241769053661171 0.029916095030717571 -0.13967274428335993 -0.0050452811427293305 -0.087941048668038493 -0.11241769053661171 0.17798124980852759 0.057314556272871367 0.14815411685155697 -0.18385899440662926 -0.052823834387826452 -0.046358812867718147 0.00074290589419039326 0.016693275354147996 0.18358992416452491 0.022517155690019844
leaf_weight=27664 14909 5054 10680 2765 14356 41934 4567 5313 16120 7871 964 5208 19695 15290 19281 13275 7280 4904 4160 9684 6366 9493 24599 678 21334 2344 2944 1285 10125 33218
leaf_count=27664 14909 5054 10680 2765 14356 41934 4567 5313 16120 7871 964 5208 19695 15290 19281 13275 7280 4904 4160 9684 6366 9493 24599 678 21334 2344 2944 1285 10125 33218
internal_value=-0.00517118 0.00485167 0.0162943 -0.00442959 -0.0374292 -0.0100798 0.012404 -0.00830457 -0.0126811 -0.0245096 0.00837063 0.00264616 0.0209397 0.00696801 -0.0441489 0.0113914 -0.0198188 -0.0167165 -0.014628 -0.0399879 0.00660275 0.00527751 0.00900354 0.0187033 -0.0185701 -0.0204089 -0.0101856 -0.0226573 0.0125474 0.00628614
internal_weight=363360 277224 124150 153074 86136 101232 109241 96178 54244 29507 74176 25622 35065 20498 56629 48554 21636 38124 5124 28965 51842 45476 37874 30498 33220 27907 6573 3629 10803 42711
internal_count=363360 277224 124150 153074 86136 101232 109241 96178 54244 29507 74176 25622 35065 20498 56629 48554 21636 38124 5124 28965 51842 45476 37874 30498 33220 27907 6573 3629 10803 42711
cat_boundaries=0 3 5 8 10 13 15 17 19 22 24 26 29 31 33
cat_threshold=2449552390 135613001 13 2181038082 1049088 2332082322 3493921024 2 134217744 2147483648 92815616 336078098 2 65536 134299649 0 264192 268435456 264192 33587330 1077936128 2 537657344 572670994 17842176 287315202 268435460 134217728 13 1610612800 539099264 0 65536
is_linear=0
shrinkage=0.05


Tree=38
num_leaves=31
num_cat=12
split_feature=0 17 0 17 17 0 3 6 17 8 5 6 17 17 6 0 6 17 0 17 17 17 8 17 0 5 16 3 5 17
split_gain=47152.3 10691.6 7408.09 3157.97 1544.65 1044.69 800.087 769.326 766.152 673.12 527.557 495.827 410.304 396.645 376.499 372.227 434.844 676.098 752.015 432.477 334.006 303.877 302.495 663.754 511.479 279.178 273.284 269.417 250.039 491.799
threshold=7.5000000000000009 0 22.500000000000004 1 2 42.500000000000007 17.500000000000004 19.500000000000004 3 24.500000000000004 26.250000000000004 10.500000000000002 4 5 11.500000000000002 17.500000000000004 19.500000000000004 6 14.000000000000002 7 8 9 24.500000000000004 10 14.000000000000002 18.750000000000004 30.034033333333337 32.500000000000007 26.250000000000004 11
decision_type=2 9 2 9 9 2 2 2 9 2 2 2 9 9 2 2 2 9 2 9 9 9 2 9 2 2 2 2 2 9
left_child=3 8 4 13 27 14 11 12 9 -2 -7 21 -5 -1 -4 16 19 18 -18 22 -16 -6 -13 24 -24 -15 -21 28 29 -3
right_child=1 2 5 7 6 10 -8 -9 -10 -11 -12 15 -14 25 20 -17 17 -19 -20 26 -22 -23 23 -25 -26 -27 -28 -29 -30 -31
leaf_value=-0.10679680600978113 1.2411925564130408 0.0030782477216316551 0.08352873269258039 -0.14762049992864787 0.0043763758618140082 0.18166100599305893 -0.0070323655963399293 -0.14187199360616029 0.0032348611531601182 0.18291002163513534 0.32780707800407338 -0.021190127776535131 -0.13268910706919193 -0.10679680600978113 0.057486224926798182 -0.0073106023988293248 -0.030863322013313876 0.00070576059948086473 0.016645130027833768 -0.062578774332705409 0.0081256470612371956 -0.02804624998690404 0.00090204541547240786 -0.061715255934796258 -0.0052604650267623404 -0.10679680600978113 -0.042494281287083172 0.22820455652422958 -0.0045721584648132918 -0.0069205721267183943
leaf_weight=27664 3288 11144 20604 13190 3047 29315 22262 7871 14909 4319 17140 4244 8446 19281 42085 5072 3050 5314 1517 6648 30074 5283 1162 5853 203 9684 12482 2863 4086 21260
leaf_count=27664 3288 11144 20604 13190 3047 29315 22262 7871 14909 4319 17140 4244 8446 19281 42085 5072 3050 5314 1517 6648 30074 5283 1162 5853 203 9684 12482 2863 4086 21260
internal_value=-0.00490615 0.00513375 0.00221343 -0.037219 -0.00714867 0.00998003 -0.0113051 -0.0239269 0.0381515 0.0251346 0.0161005 -0.0146014 -0.0190654 -0.044133 0.00691493 -0.0166528 -0.0182529 -0.00913369 -0.0232139 -0.0211984 0.00521279 -0.00338535 -0.0134763 -0.00725963 0.0240364 -0.0399569 -0.0258046 0.000895511 -0.000263086 0.00120664
internal_weight=363360 277224 254708 86136 115490 139218 76137 29507 22516 7607 46455 53875 21636 56629 92763 45545 40473 9881 4567 30592 72159 8330 11462 7218 1365 28965 19130 39353 36490 32404
internal_count=363360 277224 254708 86136 115490 139218 76137 29507 22516 7607 46455 53875 21636 56629 92763 45545 40473 9881 4567 30592 72159 8330 11462 7218 1365 28965 19130 39353 36490 32404
cat_boundaries=0 2 5 8 10 12 15 17 19 22 24 26 29
cat_threshold=2181038082 1311232 2332082322 3493921024 2 361313540 403188809 15 0 262144 537657344 539116562 33587330 1077936128 2 1744830544 604192912 536920128 2751545744 1015624784 2281842889 9 1610661888 536953264 32768 2147483648 9220 268438529 11
is_linear=0
shrinkage=0.05


Tree=39
num_leaves=31
num_cat=13
split_feature=0 17 0 17 17 3 0 17 6 8 5 17 6 17 17 0 6 17 0 17 8 17 0 6 17 5 17 16 17 5
split_gain=46074.3 10132.9 6904 3290.19 1605.28 989.944 928.934 844.859 822.413 636.469 488.85 478.022 441.954 424.774 403.703 351.214 369.554 654.237 747.289 353.589 350.572 562.922 467.127 335.159 317.319 290.086 278.652 265.031 250.154 423.311
threshold=7.5000000000000009 0 22.500000000000004 1 2 17.500000000000004 42.500000000000007 3 19.500000000000004 24.500000000000004 26.250000000000004 4 10.500000000000002 5 6 17.500000000000004 19.500000000000004 7 14.000000000000002 8 24.500000000000004 9 14.000000000000002 11.500000000000002 10 18.750000000000004 11 30.034033333333337 12 26.250000000000004
decision_type=2 9 2 9 9 2 2 9 2 2 2 9 2 9 9 2 2 9 2 9 2 9 2 2 9 2 9 2 9 2
left_child=3 7 4 14 28 11 23 9 13 -2 -8 -6 26 -5 -1 16 19 18 -18 20 -14 22 -22 -4 -25 -16 -13 -21 29 -3
right_child=1 2 6 8 5 -7 10 -9 -10 -11 -12 12 15 -15 25 -17 17 -19 -20 27 21 -23 -24 24 -26 -27 -28 -29 -30 -31
leaf_value=-0.10145696570929208 1.1791329285923886 0.0033860173184564247 0.078355003480663404 -0.14023947493221547 -0.001168497105912003 -0.0061423860997310347 0.17257795569340609 0.0030731180955021033 -0.13477839392585228 0.17376452055337843 0.31141672410386989 -0.026643937487558847 -0.023303632016358301 -0.12605465171573235 -0.10145696570929208 -0.0069161518252791156 -0.038975970364059531 0.00067047256950685257 0.015812873526442051 -0.061918829190660413 0.00085694314469879633 -0.026673093218051138 -0.00499744177542425 0.054611913680458285 0.0077193647081752921 -0.10145696570929208 0.0041575570687233387 -0.048667085028089835 -0.0029055972567039847 -0.0029204604511450685
leaf_weight=27664 3288 10538 20614 13595 1731 22317 29315 13919 7871 4319 17140 4513 3861 8041 19281 5057 3029 5238 1517 6969 917 5026 165 42173 30074 9684 3790 11989 28062 1663
leaf_count=27664 3288 10538 20614 13595 1731 22317 29315 13919 7871 4319 17140 4513 3861 8041 19281 5057 3029 5238 1517 6969 917 5026 165 42173 30074 9684 3790 11989 28062 1663
internal_value=-0.0050977 0.00482678 0.00205234 -0.0370391 -0.00693664 -0.0112066 0.00956172 0.0377647 -0.0234729 0.0242681 0.0153342 -0.0148805 -0.0140118 -0.0184461 -0.0440959 -0.0160208 -0.0176397 -0.00923957 -0.0230904 -0.0204809 -0.0128119 -0.00537001 0.0271978 0.00667395 0.00506941 -0.0398844 -0.00343852 -0.0244939 0.00113848 0.00711244
internal_weight=363360 277224 255698 86136 116382 76119 139316 21526 29507 7607 46455 53802 52071 21636 56629 43768 38711 9784 4546 28927 9969 6108 1082 92861 72247 28965 8303 18958 40263 12201
internal_count=363360 277224 255698 86136 116382 76119 139316 21526 29507 7607 46455 53802 52071 21636 56629 43768 38711 9784 4546 28927 9969 6108 1082 92861 72247 28965 8303 18958 40263 12201
cat_boundaries=0 2 5 8 10 11 13 16 18 20 22 25 27 30
cat_threshold=2147483650 1311232 2332082322 3493921024 2 361346308 403188809 15 0 262144 167772160 1611399168 539116562 33587330 1077936128 2 1610612816 604192912 536887312 2751545744 0 2147483648 1049179216 2281842889 9 1310736 52563970 41988 268961857 13
is_linear=0
shrinkage=0.05


Tree=40
num_leaves=31
num_cat=13
split_feature=0 17 1 17 17 0 17 0 6 8 17 16 17 17 3 6 5 17 17 17 5 6 17 0 6 17 5 5 17 16
split_gain=45551.6 10051.8 6170.12 3373.14 1564.46 1285.86 910.948 869.963 852.181 615.471 461.502 438.457 428.737 404.379 368.613 361.761 352.933 605.339 550.021 322.39 342.421 315.038 534.648 539.541 458.906 371.669 289.519 244.24 239.469 251.69
threshold=7.5000000000000009 0 22.500000000000004 1 2 17.500000000000004 3 42.500000000000007 19.500000000000004 24.500000000000004 4 69.993558333333354 5 6 17.500000000000004 11.500000000000002 26.250000000000004 7 8 9 21.250000000000004 19.500000000000004 10 14.000000000000002 11.500000000000002 11 18.750000000000004 21.250000000000004 12 29.960775000000002
decision_type=2 9 2 9 9 2 9 2 2 2 9 2 9 9 2 2 2 9 9 9 2 2 9 2 2 9 2 2 9 2
left_child=3 6 4 13 16 10 9 15 12 -2 -6 27 -5 -1 21 -4 17 -3 -18 -17 -21 24 23 -23 25 -12 -15 -9 -26 -30
right_child=1 2 7 8 5 -7 -8 11 -10 -11 14 -13 -14 26 -16 19 18 -19 -20 20 -22 22 -24 -25 28 -27 -28 -29 29 -31
leaf_value=-0.096384117423827492 1.120176282162769 0.0032167164525335858 0.092893975007107887 -0.1332275011856047 -0.0011100722506164119 -0.00052532304562422636 0.0029194621907270069 0.1035976614843893 -0.12803947422955964 0.1650762945257096 0.035762244033016088 0.29739659124175372 -0.11975191912994575 -0.096384117423827492 -0.064028151238600201 -0.0092942119980675923 -0.0066981218346472641 0.0013541210379340641 0.15486766165284643 0.024430471244209606 0.063511276403661651 -0.04054890760546357 0.00063694894103152324 0.014235711408726726 -0.018965439786890494 -0.025311740613180866 -0.096384117423827492 0.21028923608866423 -0.059930694064382367 -0.058020706016946734
leaf_weight=27664 3288 3379 18983 12809 1720 21147 13919 15497 7871 4319 2889 15593 8827 19281 8091 12582 4490 35427 1950 35447 25251 2537 4924 1238 8624 5749 9684 14935 4712 10533
leaf_count=27664 3288 3379 18983 12809 1720 21147 13919 15497 7871 4319 2889 15593 8827 19281 8091 12582 4490 35427 1950 35447 25251 2537 4924 1238 8624 5749 9684 14935 4712 10533
internal_value=-0.00518769 0.00468033 0.00191703 -0.0369474 -0.00651222 -0.0110816 0.0374861 0.00907382 -0.023212 0.0234804 -0.0153802 0.0146888 -0.0180948 -0.0440924 -0.0144817 0.00627283 0.000777797 0.00257692 -0.0100621 0.00467931 0.00618864 -0.0164005 -0.00794919 -0.022074 -0.0186621 -0.00878676 -0.0398775 0.0111955 -0.022236 -0.0260144
internal_weight=363360 277224 255698 86136 117410 72164 21526 138288 29507 7607 51017 46025 21636 56629 49297 92263 45246 38806 6440 73280 60698 41206 8699 3775 32507 8638 28965 30432 23869 15245
internal_count=363360 277224 255698 86136 117410 72164 21526 138288 29507 7607 51017 46025 21636 56629 49297 92263 45246 38806 6440 73280 60698 41206 8699 3775 32507 8638 28965 30432 23869 15245
cat_boundaries=0 2 5 8 10 11 13 16 19 22 24 26 28 30
cat_threshold=2147483650 1311232 2332082322 3493921024 2 92923140 403189065 15 0 262144 167772160 537657344 539116546 33587330 1077936128 2 32768 268437504 2 32768 268436736 2 1091567872 354505986 1073741904 604192912 1610616896 604061872 805306448 2751479954
is_linear=0
shrinkage=0.05


Tree=41
num_leaves=31
num_cat=14
split_feature=0 17 2 17 17 0 17 6 8 0 6 5 17 17 5 17 17 5 17 17 5 17 3 17 5 17 6 6 6 17
split_gain=45689.5 10288.4 5587.67 3410.96 1631.94 1202.03 1001.6 868.247 586.135 558.705 488.436 478.287 571.168 428.029 414.79 407.425 402.767 414.87 372.109 371.359 334.079 458.395 350.298 302.089 292.912 275.194 256.054 253.784 371.734 510.586
threshold=7.5000000000000009 0 17.500000000000004 1 2 42.500000000000007 3 19.500000000000004 23.500000000000004 17.500000000000004 11.500000000000002 26.250000000000004 4 5 26.250000000000004 6 7 23.750000000000004 8 9 21.250000000000004 10 14.000000000000002 11 18.750000000000004 12 17.500000000000004 10.500000000000002 19.500000000000004 13
decision_type=2 9 2 9 9 2 9 2 2 2 2 2 9 9 2 9 9 2 9 9 2 9 2 9 2 9 2 2 2 9
left_child=3 6 4 15 11 10 8 13 -2 23 19 12 -3 -5 -7 -1 -12 -18 26 -4 21 22 -14 -6 -17 -22 -13 -25 -29 -30
right_child=1 2 5 7 9 14 -8 -9 -10 -11 16 18 20 -15 -16 24 17 -19 -20 -21 25 -23 -24 27 -26 -27 -28 28 29 -31
leaf_value=-0.091564911552636116 1.1720117581145002 0.0030558806299069378 0.16208712530985886 -0.12656612612632445 -0.034210065150431658 0.15542117537983238 0.002773489081190661 -0.12163750051808164 0.18456676918223849 -0.0049418246743204719 -0.011807192166791759 -0.0067530375475222115 0.0069137542840915778 -0.11378133182335444 0.28415238434757928 -0.091564911552636116 0.0027268388499589236 0.051026462734847657 0.0012770278090754594 0.018476891061726876 -0.0624992388782033 -0.012756834131652761 -0.024589045663633159 -0.024046153582521868 -0.091564911552636116 0.09427391922428488 0.0016603413496378396 -0.036667123142138269 -0.034999726465583338 0.00060510149397998705
leaf_weight=27664 2743 3251 12933 11983 912 28919 14909 7871 4864 9912 19777 2607 5098 9653 17046 19281 49860 28313 1647 11136 2541 13728 1209 6671 9684 901 743 27948 3785 5771
leaf_count=27664 2743 3251 12933 11983 912 28919 14909 7871 4864 9912 19777 2607 5098 9653 17046 19281 49860 28313 1647 11136 2541 13728 1209 6671 9684 901 743 27948 3785 5771
internal_value=-0.00508394 0.00479901 0.0019343 -0.0368917 -0.00837254 0.00725545 0.0371881 -0.0230799 0.0223382 -0.0135805 0.00465952 0.000660154 0.00331488 -0.0179146 0.0141466 -0.0440765 0.00309137 0.00470371 -0.0135381 0.0110412 0.000589688 0.00306214 0.0142077 -0.0159458 -0.0398464 -0.0138001 -0.0230655 -0.0153457 -0.0169475 -0.00843449
internal_weight=363360 277224 254708 86136 86724 167984 22516 29507 7607 54999 122019 31725 26728 21636 45965 56629 97950 78173 4997 24069 23477 20035 6307 45087 28965 3442 3350 44175 37504 9556
internal_count=363360 277224 254708 86136 86724 167984 22516 29507 7607 54999 122019 31725 26728 21636 45965 56629 97950 78173 4997 24069 23477 20035 6307 45087 28965 3442 3350 44175 37504 9556
cat_boundaries=0 2 5 8 10 13 15 18 21 24 27 30 31 33 35
cat_threshold=2181038082 1311232 2332082322 3493921024 2 92927232 268971337 15 0 262144 32768 268437504 2 537657344 538985474 33587330 1077936128 2 1225818384 2501985536 2 0 268436736 2 1074869268 671308009 13 1024 1280 8 134217728 16793600 1280 1073741908 738279568
is_linear=0
shrinkage=0.05


Tree=42
num_leaves=31
num_cat=15
split_feature=0 17 2 17 17 17 6 5 17 0 8 17 17 17 17 5 6 5 17 6 17 17 8 17 2 16 17 17 8 5
split_gain=44788 9685.85 5144.98 3530.75 1382.99 1106.53 913.518 739.064 588.967 555.589 539.66 490.338 453.272 407.764 346.967 293.48 269.516 268.413 263.396 245.888 358.857 281.251 977.742 497.437 530.663 345.098 303.467 234.637 242.662 232.468
threshold=7.5000000000000009 0 22.500000000000004 1 2 3 19.500000000000004 26.250000000000004 4 17.500000000000004 23.500000000000004 5 6 7 8 18.750000000000004 17.500000000000004 26.250000000000004 9 19.500000000000004 10 11 24.500000000000004 12 14.000000000000002 29.839841666666672 13 14 23.500000000000004 21.250000000000004
decision_type=2 9 2 9 9 9 2 2 9 2 2 9 9 9 9 2 2 2 9 2 9 9 2 9 2 2 9 9 2 2
left_child=3 5 4 13 9 10 12 11 -9 19 -2 16 -5 -1 17 -15 -4 -6 -18 21 -21 22 26 24 -24 -23 -3 -13 -29 -27
right_child=1 2 7 6 14 -7 -8 8 -10 -11 -12 27 -14 15 -16 -17 18 -19 -20 20 -22 25 23 -25 -26 29 -28 28 -30 -31
leaf_value=-0.086986665975004318 1.113411170208775 -0.0223463220826738 0.1307669223096177 -0.12023781982000825 0.0029030865984116085 0.0026348146271311101 -0.11555562549217756 0.27819175274092167 0.072643477856435462 -0.0030503800300852647 0.17533843072312649 -0.016597067572642923 -0.10809226523218673 -0.086986665975004318 -0.0038875191314904356 -0.086986665975004318 -0.1155868575552717 -0.0021018794594793279 0.072041515954667193 -0.036771475901911189 -0.00057654087015910347 -0.051524003296211165 0.0035957241339152901 -0.017983171568323807 -0.0019659415402015767 -0.053286314558992492 -0.077499820374105619 0.05078142818921947 0.0059970954395888402 -0.037261874824541817
leaf_weight=27664 2743 1795 37693 11983 8994 13919 7871 18446 17938 14830 4864 6512 9653 19281 55085 9684 2656 1706 15633 2056 5380 8232 1232 3043 180 11727 1661 13282 24639 2978
leaf_count=27664 2743 1795 37693 11983 8994 13919 7871 18446 17938 14830 4864 6512 9653 19281 55085 9684 2656 1706 15633 2056 5380 8232 1232 3043 180 11727 1661 13282 24639 2978
internal_value=-0.00527273 0.00451224 0.00179971 -0.0367651 -0.00580787 0.0367153 -0.022714 0.00841198 0.0145174 -0.0118082 0.021301 0.00619977 -0.0174154 -0.0440748 -0.000961319 -0.039843 0.00931204 0.00727358 0.00433321 -0.0149932 -0.00683163 -0.0169606 -0.00879308 0.00667789 0.031083 -0.0197651 -0.0287616 0.00227595 0.00378187 -0.0243625
internal_weight=363360 277224 255698 86136 118899 21526 29507 136799 36384 53114 7607 100415 21636 56629 65785 28965 55982 10700 18289 38284 7436 30848 7911 4455 1412 22937 3456 44433 37921 14705
internal_count=363360 277224 255698 86136 118899 21526 29507 136799 36384 53114 7607 100415 21636 56629 65785 28965 55982 10700 18289 38284 7436 30848 7911 4455 1412 22937 3456 44433 37921 14705
cat_boundaries=0 2 5 7 9 12 15 17 20 23 25 27 29 31 33 35
cat_threshold=2147483650 1311232 2332082322 3493921024 2 1242824704 2736935074 0 262144 269038596 134367432 13 436220948 84201 4 537657344 538985474 33587330 1077936128 2 107520 268437569 9 0 82049 1107296256 536887424 134217728 2686468224 134217728 2147483648 134217728 2147483648 18104576 2501907714
is_linear=0
shrinkage=0.05


Tree=43
num_leaves=31
num_cat=13
split_feature=0 17 2 17 0 17 6 17 0 5 17 17 17 17 6 5 17 5 17 8 17 2 17 16 16 6 5 17 12 5
split_gain=44801 10148.7 5073.21 3621.24 1354.23 1269.3 947.794 506.555 502.325 451.759 494.267 407.764 358.224 333.438 301.744 293.48 292.951 288.707 274.511 937.183 494.702 530.663 339.572 321.137 249.52 249.445 288.596 241.245 234.995 217.603
threshold=7.5000000000000009 0 22.500000000000004 1 62.500000000000007 2 19.500000000000004 3 17.500000000000004 18.750000000000004 4 5 6 7 19.500000000000004 18.750000000000004 8 26.250000000000004 9 24.500000000000004 10 14.000000000000002 11 29.839841666666672 89.873050000000021 11.500000000000002 21.250000000000004 12 63.500000000000007 6.2500000000000009
decision_type=2 9 2 9 2 9 2 9 2 2 9 9 9 9 2 2 9 2 9 2 9 2 9 2 2 2 2 9 2 2
left_child=3 -2 5 11 9 8 7 29 14 16 17 -1 -6 -7 18 -13 -4 -11 19 22 21 -21 -3 -20 -14 -25 -27 -16 -9 -5
right_child=1 2 4 6 12 13 -8 28 -10 10 -12 15 24 -15 27 -17 -18 -19 23 20 -22 -23 -24 25 -26 26 -28 -29 -30 -31
leaf_value=-0.082637332676254088 0.0025030738957745771 -0.021229005978540095 0.059210940775468048 -0.095611893668100925 0.1743143018149052 0.0021964863736053 -0.10977784421756867 -0.098250855480543867 -0.0029662111768475443 0.11545372072640987 0.023609638740536811 -0.082637332676254088 0.43307562694866386 -0.0041377795713682273 0.00060367346278900058 -0.082637332676254088 -0.0067987463582662505 0.2144703947145036 -0.048947803131400569 0.0034159379272194813 -0.017084012989907648 -0.0018676444631914536 -0.073624829355400309 -0.02203936732602756 0.85396519770086088 -0.050621998831042882 -0.03716725200291373 -0.021292214913226994 -0.17978175484808903 -0.11422592882900783
leaf_weight=27664 14909 1795 28101 2268 2216 13311 7871 8895 14717 37053 36863 19281 5109 52897 1158 9684 14312 15600 8232 1232 3043 180 1661 3529 4652 8038 2508 6108 758 9715
leaf_count=27664 14909 1795 28101 2268 2216 13311 7871 8895 14717 37053 36863 19281 5109 52897 1158 9684 14312 15600 8232 1232 3043 180 1661 3529 4652 8038 2508 6108 758 9715
internal_value=-0.00517531 0.00461107 0.00232936 -0.0366722 0.00863689 -0.00533617 -0.022443 -0.0170457 -0.0111653 0.00717545 0.00918942 -0.0440748 0.0247349 -0.00073847 -0.0142407 -0.039843 0.00292481 0.012298 -0.0164405 -0.00840172 0.00674523 0.031083 -0.0279514 -0.019279 0.0288456 -0.0238757 -0.0277262 -0.00509221 -0.00849115 -0.0239098
internal_weight=363360 277224 262315 86136 143906 118409 29507 21636 52201 131929 89516 56629 11977 66208 37484 28965 42413 52653 30218 7911 4455 1412 3456 22307 9761 14075 10546 7266 9653 11983
internal_count=363360 277224 262315 86136 143906 118409 29507 21636 52201 131929 89516 56629 11977 66208 37484 28965 42413 52653 30218 7911 4455 1412 3456 22307 9761 14075 10546 7266 9653 11983
cat_boundaries=0 2 5 7 9 12 15 18 21 24 26 28 30 32
cat_threshold=2181038082 1049088 2332082322 3493921024 2 1209270272 2736935074 537657344 538985474 269038596 134629577 13 33587330 1077936128 2 66564 134217800 9 67216384 268437569 9 940078100 2149927017 4 134217728 2686468224 134217728 2147483648 134217728 2147483648 135528448 4096
is_linear=0
shrinkage=0.05


Tree=44
num_leaves=31
num_cat=13
split_feature=0 17 2 17 17 0 6 0 17 17 5 17 6 8 17 17 17 3 5 3 6 17 0 6 17 17 16 5 12 17
split_gain=44235 10237.8 4767.08 3705.97 1407.59 1106.41 980.061 755.268 543.072 502.432 571.577 407.764 394.345 414.174 401.026 394.623 368.193 296.615 293.48 290.204 311.966 353.817 631.512 277.246 274.366 265.007 235.219 225.75 224.657 212.788
threshold=7.5000000000000009 0 27.500000000000004 1 2 67.500000000000014 19.500000000000004 17.500000000000004 3 4 21.250000000000004 5 18.500000000000004 23.500000000000004 6 7 8 14.000000000000002 18.750000000000004 17.500000000000004 19.500000000000004 9 14.000000000000002 10.500000000000002 10 11 30.034033333333337 6.2500000000000009 63.500000000000007 12
decision_type=2 9 2 9 9 2 2 2 9 9 2 9 2 2 9 9 9 2 2 2 2 9 2 2 9 9 2 2 2 9
left_child=3 -2 4 11 -3 12 8 9 27 10 17 -1 13 14 -4 -14 -15 -6 -13 20 23 22 -22 -11 -7 -12 -25 -5 -10 -9
right_child=1 2 5 6 7 24 -8 29 28 19 25 18 15 16 -16 -17 -18 -19 -20 -21 21 -23 -24 26 -26 -27 -28 -29 -30 -31
leaf_value=-0.078505466042441407 0.0023779202009858837 0.0020258342127545959 0.21667702145913098 -0.090831298984695871 0.0021958421718850651 0.77101054537947822 -0.10428895200669022 -0.022153494249121053 -0.056320157848709765 -0.019077561809144862 -0.020167555679613081 -0.078505466042441407 0.15757941590064145 -0.0037485164867199217 0.064943937188984086 -0.016866221965121841 0.082922203841656036 -0.020167555679613081 -0.078505466042441407 -0.05771985593924072 -0.033868291361154233 0.00057348978964952833 0.019381980672082744 -0.046500412974830499 0.22802049092303528 -0.0031244477744859726 -0.035882461163966185 -0.10851463238755743 -0.170560100393889 -0.00041916140670421602
leaf_weight=27664 14909 55554 22584 3056 7969 6657 7871 4730 7203 5025 3770 19281 4292 11750 14414 15928 39519 3985 9684 6003 1845 2615 1210 6875 1835 3280 12801 10723 654 29674
leaf_count=27664 14909 55554 22584 3056 7969 6657 7871 4730 7203 5025 3770 19281 4292 11750 14414 15928 39519 3985 9684 6003 1845 2615 1210 6875 1835 3280 12801 10723 654 29674
internal_value=-0.00528897 0.0044354 0.00214371 -0.0365863 -0.00390337 0.00965686 -0.0221923 -0.00777352 -0.0167036 -0.011389 -0.00479121 -0.0440748 0.00829639 0.0097392 0.013771 0.00199802 0.00682966 0.00186548 -0.039843 -0.0148307 -0.0168203 -0.00624339 -0.0177651 -0.0192482 0.0270372 -0.0160851 -0.0219252 -0.0226811 -0.00618406 -0.00195617
internal_weight=363360 277224 262315 86136 145336 116979 29507 89782 21636 55378 19004 56629 108487 88267 36998 20220 51269 11954 28965 36374 30371 5670 3055 24701 8492 7050 19676 13779 7857 34404
internal_count=363360 277224 262315 86136 145336 116979 29507 89782 21636 55378 19004 56629 108487 88267 36998 20220 51269 11954 28965 36374 30371 5670 3055 24701 8492 7050 19676 13779 7857 34404
cat_boundaries=0 2 5 8 10 13 16 19 21 24 26 28 30 33
cat_threshold=2181038082 1049088 2332082322 3493921024 2 76133716 402992201 13 537722880 539116674 822099968 2150105472 2 33587330 1077936128 2 603204 134629496 13 277348368 796672 362545472 688009234 1 1073741824 604127280 276832256 346112 0 2149581056 150994944 2164264960 2
is_linear=0
shrinkage=0.05


Tree=45
num_leaves=31
num_cat=12
split_feature=0 17 2 17 17 0 6 0 17 17 17 5 5 17 5 3 17 0 6 17 8 17 17 12 6 17 5 5 16 6
split_gain=43850.4 10259.6 4285.3 3836.57 1224.37 1065.39 1030.83 674.527 543.244 408.782 406.216 570.79 403.24 351.722 295.187 290.411 261.411 258.871 392.722 242.186 212.047 610.487 463.059 210.498 209.077 204.739 219.12 203.849 204.773 201.422
threshold=7.5000000000000009 0 27.500000000000004 1 2 72.500000000000014 19.500000000000004 17.500000000000004 3 4 5 21.250000000000004 31.250000000000004 6 18.750000000000004 14.000000000000002 7 14.000000000000002 19.500000000000004 8 24.500000000000004 9 10 62.500000000000007 11.500000000000002 11 26.250000000000004 6.2500000000000009 169.96596666666667 11.500000000000002
decision_type=2 9 2 9 9 2 2 2 9 9 9 2 2 9 2 2 9 2 2 9 2 9 9 2 2 9 2 2 2 2
left_child=3 -2 4 9 25 12 8 10 27 -1 11 15 13 -4 -11 20 -13 29 -19 -7 21 -6 -22 -10 -15 26 -3 -5 -29 -12
right_child=1 2 5 6 7 19 -8 -9 23 14 17 16 -14 24 -16 -17 -18 18 -20 -21 22 -23 -24 -25 -26 -27 -28 28 -30 -31
leaf_value=-0.074580192740319309 0.002259024190936554 0.0026396677180569486 0.094543270910337901 -0.086289734035461058 -0.014114837345972565 0.84090434363006716 -0.099074504406355735 -0.0027304077940551786 -0.061858138214036011 -0.074580192740319309 -0.031001961507996081 -0.019159177895632418 0.21533055043711047 0.10349420249620334 -0.074580192740319309 -0.019159177895632418 -0.0029682253857616914 -0.012560273933980605 0.017908064466932494 0.20243310221649014 0.0031353489222643027 0.0038277582757345386 0.0010800036304136286 -0.15868693985282578 0.011119233543695196 0.00097844748539159814 -0.0022079015158233519 -0.10308890076817959 -0.10367155366265585 -0.046296775831292436
leaf_weight=27664 14909 11980 62858 2767 626 5345 7871 34404 7857 19281 3975 3770 10647 5769 9684 3985 3280 13988 2866 1149 2218 2017 3108 756 31211 41718 1856 8389 1867 15545
leaf_count=27664 14909 11980 62858 2767 626 5345 7871 34404 7857 19281 3975 3770 10647 5769 9684 3985 3280 13988 2866 1149 2218 2017 3108 756 31211 41718 1856 8389 1867 15545
internal_value=-0.00528952 0.00439248 0.00209835 -0.0364505 -0.00363503 0.00922174 -0.0218061 -0.00724452 -0.0161767 -0.0440695 -0.0106613 -0.0047281 0.0080649 0.00707847 -0.0398326 0.00192404 -0.0160142 -0.013756 -0.00922036 0.0289036 0.00743506 -0.00414302 0.0131806 -0.00640728 0.00320627 0.00219927 0.00746786 -0.0226157 -0.0193838 -0.0176793
internal_weight=363360 277224 262315 86136 145336 116979 29507 89782 21636 56629 55378 19004 110485 99838 28965 11954 7050 36374 16854 6494 7969 2643 5326 8613 36980 55554 13836 13023 10256 19520
internal_count=363360 277224 262315 86136 145336 116979 29507 89782 21636 56629 55378 19004 110485 99838 28965 11954 7050 36374 16854 6494 7969 2643 5326 8613 36980 55554 13836 13023 10256 19520
cat_boundaries=0 2 5 8 10 13 16 19 21 23 25 28 31
cat_threshold=2181038082 1049088 2332082322 3493921024 2 76133716 402992201 13 537198592 539116674 33587330 1077936128 2 822099968 2150105472 2 403190804 34425064 4 0 2149581056 276897792 346112 0 2147483648 0 2147483904 2 99328 268437569 9
is_linear=0
shrinkage=0.05


Tree=46
num_leaves=31
num_cat=13
split_feature=0 17 17 2 17 6 0 0 17 8 17 17 17 5 6 17 12 17 8 17 17 0 6 5 17 6 17 6 3 0
split_gain=43696.3 10263.6 3899.48 3807.58 1121.99 1055.32 1029.15 652.13 563.39 447.751 409.121 405.541 365.135 295.757 282.318 270.001 254.526 227.225 801.27 847.743 528.107 254.925 344.902 218.922 195.536 188.998 189.905 420.169 329.634 183.995
threshold=7.5000000000000009 0 1 27.500000000000004 2 19.500000000000004 82.500000000000014 17.500000000000004 3 23.500000000000004 4 5 6 18.750000000000004 17.500000000000004 7 63.500000000000007 8 24.500000000000004 9 10 14.000000000000002 19.500000000000004 26.250000000000004 11 11.500000000000002 12 20.500000000000004 14.000000000000002 22.500000000000004
decision_type=2 9 9 2 9 2 2 2 9 2 9 9 9 2 2 9 2 9 2 9 9 2 2 2 9 2 9 2 2 2
left_child=2 -2 10 4 7 8 9 17 -4 11 -1 14 -11 -12 -5 23 -10 18 20 -20 -3 25 -23 -6 -16 -19 -27 -28 -29 -17
right_child=1 3 5 6 15 -7 -8 -9 16 12 13 -13 -14 -15 24 29 -18 21 19 -21 -22 22 -24 -25 -26 26 27 28 -30 -31
leaf_value=-0.070851183103303364 0.0021460729813897574 -0.013409095478673905 -0.097905323085046805 0.21580037015453737 0.002507684332154092 -0.094120779186037951 1.1409688165045091 -0.0026550532005297002 -0.076085490081079413 -0.0091149285340165424 -0.070851183103303364 0.036651121728056069 0.070989803822181938 -0.070851183103303364 0.31603579024613038 -0.0029646640396018501 -0.15697985134865144 -0.029451863432596249 0.00297858147615111 -0.012813243167304301 -0.038684347079370698 -0.010774051433410438 0.017012661243585827 -0.0020975064400321486 0.045974360245600823 -0.066882245613327479 -0.044567717241546317 0.0028596540917316562 -0.053418010631963588 0.019442464915717217
leaf_weight=27664 14909 1626 10313 24294 11980 7871 3517 29507 10485 14847 19281 14288 50450 9684 1964 39027 838 3767 1504 5071 3131 13202 2714 1856 7619 4161 8726 939 278 17847
leaf_count=27664 14909 1626 10313 24294 11980 7871 3517 29507 10485 14847 19281 14288 50450 9684 1964 39027 838 3767 1504 5071 3131 13202 2714 1856 7619 4161 8726 939 278 17847
internal_value=-0.00528044 0.00438454 -0.0363866 0.00208996 -0.00331439 -0.0216231 0.00880457 -0.00759017 -0.0159272 0.00797888 -0.0440677 0.011636 0.00528125 -0.0398292 0.0146147 0.0011991 -0.00820171 -0.011371 -0.00522835 0.00607605 -0.020864 -0.0134257 -0.00882759 0.00746064 0.00735156 -0.0175284 -0.0201858 -0.0163719 0.0111339 -0.000325223
internal_weight=363360 277224 86136 262315 145336 29507 116979 74626 21636 113462 56629 48165 65297 28965 33877 70710 11323 45119 11332 6575 4757 33787 15916 13836 9583 17871 14104 9943 1217 56874
internal_count=363360 277224 86136 262315 145336 29507 116979 74626 21636 113462 56629 48165 65297 28965 33877 70710 11323 45119 11332 6575 4757 33787 15916 13836 9583 17871 14104 9943 1217 56874
cat_boundaries=0 2 5 7 9 12 15 18 21 23 25 27 29 31
cat_threshold=2181038082 1049088 2332082322 3493921024 2 1746157568 2804568226 262144 538985474 33587330 1077936128 2 278475844 134629448 13 94175552 688009234 1 99328 268437569 9 536887296 2150105216 0 2147483648 0 2147483648 277348352 264192 1073741824 67256352
is_linear=0
shrinkage=0.05


Tree=47
num_leaves=31
num_cat=14
split_feature=0 17 17 3 6 0 17 17 0 17 5 17 0 17 5 17 17 3 5 17 5 12 6 6 17 8 17 17 17 0
split_gain=43455.4 10309.3 3916.03 3535.21 1061.72 1025.98 986.516 570.772 479.112 409.121 398.325 377.995 350.363 298.347 295.96 528.748 432.747 323.258 295.757 269.862 260.291 249.879 212.044 206.325 281.649 679.999 634.322 287.82 242.68 234.746
threshold=7.5000000000000009 0 1 22.500000000000004 19.500000000000004 62.500000000000007 2 3 17.500000000000004 4 18.750000000000004 5 92.500000000000014 6 21.250000000000004 7 8 14.000000000000002 18.750000000000004 9 26.250000000000004 63.500000000000007 11.500000000000002 19.500000000000004 10 24.500000000000004 11 12 13 14.000000000000002
decision_type=2 9 9 2 2 2 9 9 2 9 2 9 2 9 2 9 9 2 2 9 2 2 2 2 9 2 9 9 9 2
left_child=2 -2 9 6 7 10 8 -4 23 -1 19 20 -7 -8 15 17 -16 -15 -11 -5 -12 -9 -13 24 25 27 -27 -3 29 -25
right_child=1 3 4 5 -6 12 13 21 -10 18 11 22 -14 14 16 -17 -18 -19 -20 -21 -22 -23 -24 28 -26 26 -28 -29 -30 -31
leaf_value=-0.067308623948138191 0.0020387693323202782 -0.012738640704740246 -0.093010056930794477 0.047553281801038599 -0.089414740226736067 0.35686119100245794 0.0017280027417767132 -0.072281215577025423 -0.002667663198585757 -0.067308623948138191 0.10194508805138405 0.094439833792788974 1.5170178410926625 0.006967350622102764 0.066225432805017803 -0.0050413097244938147 -0.015684679802400226 -0.020730675574667325 -0.067308623948138191 -0.0098022865599152638 0.20507372178165184 -0.14913085878121884 0.015528571967033679 -0.026515925720865585 -0.034207887226781607 0.0028296524023435411 -0.014551111362499737 -0.066043033854899402 0.0014490803959269273 0.014807008202371198
leaf_weight=27664 14909 1216 10313 29232 7871 9914 13889 10485 16467 19281 32371 5724 2019 3866 3170 33818 10639 928 9684 12408 13493 838 37014 1572 22888 1092 3391 1691 4627 886
leaf_count=27664 14909 1216 10313 29232 7871 9914 13889 10485 16467 19281 32371 5724 2019 3866 3170 33818 10639 928 9684 12408 13493 838 37014 1572 22888 1092 3391 1691 4627 886
internal_value=-0.00535007 0.00428823 -0.0363704 0.00198856 -0.0215757 0.00732442 -0.00432579 -0.0158625 -0.00935364 -0.0440677 0.00603876 0.00793436 0.0213567 -0.000242762 -0.00196925 0.000277116 -0.00825186 0.0157993 -0.0398292 0.00200528 0.0110869 -0.008087 0.00454758 -0.012487 -0.0142843 -0.00577027 0.00643542 -0.024613 -0.00480593 -0.0174635
internal_weight=363360 277224 86136 262315 29507 142175 120140 21636 53830 56629 130242 88602 11933 66310 52421 38612 13809 4794 28965 41640 45864 11323 42738 37363 30278 7390 4483 2907 7085 2458
internal_count=363360 277224 86136 262315 29507 142175 120140 21636 53830 56629 130242 88602 11933 66310 52421 38612 13809 4794 28965 41640 45864 11323 42738 37363 30278 7390 4483 2907 7085 2458
cat_boundaries=0 2 5 7 9 12 15 18 21 24 27 29 31 33 35
cat_threshold=2181038082 1049088 2332082322 3493921024 2 1477705728 2736935074 262144 538985474 33587330 1077936128 2 269038592 134629576 13 67216384 268437569 9 0 1280 2 8913220 135012360 4 948466708 136661097 4 268435456 2686468224 0 2147483648 0 2147483648 1073741824 537018496
is_linear=0
shrinkage=0.05


Tree=48
num_leaves=31
num_cat=14
split_feature=0 17 17 3 6 17 0 17 0 5 17 17 5 17 0 5 17 17 8 17 12 17 6 6 17 17 5 5 6 17
split_gain=43319.4 10299.7 4000.52 3086.46 1094.46 901.659 842.994 578.292 561.952 463.181 409.121 349.92 295.757 282.102 310.83 274.9 440.009 357.164 330.289 632.184 267.043 263.223 224.629 219.228 206.086 196.077 197.853 192.862 187.146 181.412
threshold=7.5000000000000009 0 1 27.500000000000004 19.500000000000004 2 82.500000000000014 3 17.500000000000004 31.250000000000004 4 5 18.750000000000004 6 14.000000000000002 21.250000000000004 7 8 24.500000000000004 9 63.500000000000007 10 11.500000000000002 11.500000000000002 11 12 18.750000000000004 26.250000000000004 19.500000000000004 13
decision_type=2 9 9 2 2 9 2 9 2 2 9 9 2 9 2 2 9 9 2 9 2 9 2 2 9 9 2 2 2 9
left_child=2 -2 10 5 7 8 9 -4 13 11 -1 28 -12 14 22 16 18 -17 19 -15 -9 -20 -3 -13 27 -25 -27 -7 -5 -6
right_child=1 3 4 6 29 24 -8 20 -10 -11 12 23 -14 15 -16 17 -18 -19 21 -21 -22 -23 -24 25 -26 26 -28 -29 -30 -31
leaf_value=-0.063943192750731279 0.0019368308657043089 -0.026268875899627366 -0.088388686728978538 0.16150022699229077 -0.093740339710062737 0.0023386626253770085 1.0259462689700407 -0.068667154798174132 -0.0021335418275794994 0.20845103817868457 -0.063943192750731279 0.082904323811266334 -0.063943192750731279 -0.016893832191680148 -0.011338011116435532 -0.016893832191680148 -0.026268875899627366 -0.0018873469243735565 0.0026881697822263464 0.0034362360328227485 -0.14167431584215789 0.0040733741175873915 -0.043619956724156597 -0.031994154772870868 0.00068461874741458932 -0.0023620953541100501 0.05416225190764621 -0.0020790312551193682 0.024847290737923092 -0.082442045502694281
leaf_weight=27664 14909 2843 11585 26756 1471 14317 3506 9262 36756 11145 19281 10764 9684 716 10944 3763 13901 5390 1222 2043 789 3669 10974 7015 38222 13942 37758 1900 4769 6400
leaf_count=27664 14909 2843 11585 26756 1471 14317 3506 9262 36756 11145 19281 10764 9684 716 10944 3763 13901 5390 1222 2043 789 3669 10974 7015 38222 13942 37758 1900 4769 6400
internal_value=-0.00531622 0.00430699 -0.036288 0.00200839 -0.0213352 -0.00280785 0.00811595 -0.0155343 -0.00581963 0.00736119 -0.0440677 0.00629381 -0.0398292 -0.00899757 -0.0129688 -0.00578889 -0.00270753 -0.0130504 0.00691906 -0.00690468 -0.00673392 0.0147311 -0.0179598 0.00430932 0.00229481 0.00310738 0.00417134 0.00701608 0.0106628 -0.0373078
internal_weight=363360 277224 86136 262315 29507 146660 115655 21636 92221 112149 56629 101004 28965 55465 24761 30704 21551 9153 7650 2759 10051 4891 13817 69479 54439 58715 51700 16217 31525 7871
internal_count=363360 277224 86136 262315 29507 146660 115655 21636 92221 112149 56629 101004 28965 55465 24761 30704 21551 9153 7650 2759 10051 4891 13817 69479 54439 58715 51700 16217 31525 7871
cat_boundaries=0 2 5 8 10 13 15 17 20 22 24 27 30 32 35
cat_threshold=2181038082 1049088 2332082322 3493921024 2 2031370496 2804568466 2 327680 539116546 33587330 1077936128 2 134225936 280648 1209008128 654458896 16793600 2150105344 2 0 2149581056 0 2147483648 0 2147483648 2 111616 268699713 9 1157890304 85995778 8913156 19013633 4
is_linear=0
shrinkage=0.05


Tree=49
num_leaves=31
num_cat=15
split_feature=0 17 17 3 6 17 3 17 0 17 5 5 17 6 17 17 0 8 5 17 8 17 17 0 6 17 3 17 17 17
split_gain=42957.1 10314.2 4147.78 2783.05 1151.88 880.517 838.999 617.652 504.673 409.121 386.865 295.757 293.504 287.277 406.012 348.475 276.13 271.956 270.176 336.955 258.069 1037.74 809.828 221.245 208.553 204.7 192.809 182.945 181.412 180.903
threshold=7.5000000000000009 0 1 27.500000000000004 19.500000000000004 2 72.500000000000014 3 17.500000000000004 4 31.250000000000004 18.750000000000004 5 17.500000000000004 6 7 14.000000000000002 23.500000000000004 6.2500000000000009 8 24.500000000000004 9 10 92.500000000000014 11.500000000000002 11 7.5000000000000009 12 13 14
decision_type=2 9 9 2 2 9 2 9 2 9 2 2 9 2 9 9 2 2 2 9 2 9 9 2 2 9 2 9 9 9
left_child=2 -2 9 5 7 8 10 26 12 -1 13 -11 16 15 -15 17 -3 -5 19 -9 22 -22 -14 -8 -20 -7 -4 -16 -6 -19
right_child=1 3 4 6 28 25 23 18 -10 11 -12 -13 20 14 27 -17 -18 29 24 -21 21 -23 -24 -25 -26 -27 -28 -29 -30 -31
leaf_value=-0.060746033113194736 0.0018399893224191111 -0.041438958887948733 -0.0839692523925296 0.18765216135570351 -0.089053322724559569 0.0020861153683047642 0.36179755331241581 -0.083199605095550272 -0.0022192590983658891 -0.060746033113194736 0.18875891272564793 -0.060746033113194736 -0.011257017059919239 0.17776301613240175 0.016250059946689887 0.016683572804782189 -0.010899199274507599 0.21019117208261698 0.020538205886534835 0.025347410089671476 0.00255376129311502 -0.013933129293997749 -0.0084504646335385129 1.5638990915330488 -0.15204703316633295 0.00065038781004389534 -0.041560663887248023 -0.066946007742899924 -0.078319943227559558 0.067494551040390857
leaf_weight=27664 14909 13312 8007 15169 1471 17684 4570 3276 36039 19281 10590 9684 1625 5492 16266 24333 10699 3364 3525 1431 1504 17379 10196 1753 3622 38222 1775 7412 6400 26706
leaf_count=27664 14909 13312 8007 15169 1471 17684 4570 3276 36039 19281 10590 9684 1625 5492 16266 24333 10699 3364 3525 1431 1504 17379 10196 1753 3622 38222 1775 7412 6400 26706
internal_value=-0.00530438 0.00427849 -0.0361463 0.00197827 -0.0209218 -0.00259512 0.00777787 -0.0149704 -0.00563549 -0.0440677 0.00675374 -0.0398292 -0.00866216 0.00577971 0.00161467 0.00752602 -0.0128034 0.0101207 -0.00727411 -0.0165817 -0.00541772 -0.00179262 -0.0112131 0.0254863 -0.00115433 0.00234101 -0.0242647 -0.00122847 -0.0373078 0.00736947
internal_weight=363360 277224 86136 262315 29507 146660 115655 21636 90754 56629 109332 28965 54715 98742 29170 69572 24011 45239 11854 4707 30704 18883 11821 6323 7147 55906 9782 23678 7871 30070
internal_count=363360 277224 86136 262315 29507 146660 115655 21636 90754 56629 109332 28965 54715 98742 29170 69572 24011 45239 11854 4707 30704 18883 11821 6323 7147 55906 9782 23678 7871 30070
cat_boundaries=0 2 5 8 10 13 15 17 20 22 24 26 29 32 35 37
cat_threshold=2181038082 1049088 2332082322 3493921024 2 2031370496 2804552082 2 262144 538969090 33587330 1077936128 2 1209008128 654442512 277348352 264192 78912 705120488 12 614006784 167923872 0 2147483648 0 2147483648 111616 268716097 9 13652 67633370 13 8913156 19013633 4 0 81920
is_linear=0
shrinkage=0.05


Tree=50
num_leaves=31
num_cat=14
split_feature=0 17 17 2 6 17 3 17 0 17 8 17 17 17 8 6 17 17 5 17 8 5 17 8 17 5 17 0 5 3
split_gain=42630.9 10366.8 4177.45 2561.5 1165.75 841.364 821.414 635.636 463.786 506.689 1009.53 866.1 538.284 412.184 350.869 308.709 307.165 306.669 300.913 298.404 382.545 284.575 336.955 246.532 242.018 241.687 231.549 222.831 198.92 192.809
threshold=7.5000000000000009 0 1 27.500000000000004 19.500000000000004 2 72.500000000000014 3 14.000000000000002 4 24.500000000000004 5 6 7 23.500000000000004 17.500000000000004 8 9 18.750000000000004 10 24.500000000000004 6.2500000000000009 11 23.500000000000004 12 21.250000000000004 13 92.500000000000014 26.250000000000004 7.5000000000000009
decision_type=2 9 9 2 2 9 2 9 2 9 2 9 9 9 2 2 9 9 2 9 2 2 9 2 9 2 9 2 2 2
left_child=2 -2 13 5 7 8 14 29 9 10 12 -12 -3 -1 15 16 -5 -16 -15 20 -10 22 -9 -11 28 -14 -17 -8 -7 -4
right_child=1 3 4 6 -6 24 27 21 19 23 11 -13 25 18 17 26 -18 -19 -20 -21 -22 -23 -24 -25 -26 -27 -28 -29 -30 -31
leaf_value=-0.057708731457534995 0.0017479898562981157 -0.010694166206923317 -0.079770789772903111 0.20491752188092713 -0.076905903778886536 0.0019818095998894946 0.34790665188321662 -0.07903962484077276 -0.020478123407110971 -0.024532908872969106 0.0024260732284592914 -0.010656758160708791 0.0036869474628585587 -0.057708731457534995 0.062785148669906296 -0.12330500642920682 0.056714599604720743 -0.0030684419795807827 -0.057708731457534995 -0.0042479678872859418 0.00061866628973392688 -0.026352010016688257 0.024080039585187941 -0.039367010943551328 -0.00014004493177441902 -0.058695110329676052 0.064435422314703852 1.4857041369563966 -0.00207938546077866 -0.039482630692885629
leaf_weight=27664 14909 1606 8007 18805 7871 13406 4549 3276 953 3611 1660 4058 1467 19281 41154 1806 15241 23215 9684 50043 260 7147 1431 12481 52480 1433 10456 1753 1878 1775
leaf_count=27664 14909 1606 8007 18805 7871 13406 4549 3276 953 3611 1660 4058 1467 19281 41154 1806 15241 23215 9684 50043 260 7147 1431 12481 52480 1433 10456 1753 1878 1775
internal_value=-0.00537759 0.00416883 -0.0361022 0.00186277 -0.0208236 -0.00256991 0.00737013 -0.0148364 -0.00612513 -0.0115215 -0.00280438 0.0111403 -0.020506 -0.0440518 0.00637034 0.00968947 0.0121395 0.00398251 -0.0397981 -0.0033557 -0.0277596 -0.00702967 -0.0165817 -0.0170476 0.00150058 -0.00752577 0.00288697 0.0249286 0.00703544 -0.0242647
internal_weight=363360 277224 86136 262315 29507 145336 116979 21636 77572 26316 10224 5718 4506 56629 110677 46308 34046 64369 28965 51256 1213 11854 4707 16092 67764 2900 12262 6302 15284 9782
internal_count=363360 277224 86136 262315 29507 145336 116979 21636 77572 26316 10224 5718 4506 56629 110677 46308 34046 64369 28965 51256 1213 11854 4707 16092 67764 2900 12262 6302 15284 9782
cat_boundaries=0 2 5 7 9 11 13 15 18 21 24 26 28 31 33
cat_threshold=2181038082 1049088 2332082322 3493921024 2 2014593024 2804552080 262144 538969090 939540480 2149581184 134217728 2147483648 134217728 2147483648 33587330 1077936128 2 603136 168183880 13 1879073792 103631081 4 134217728 2147483648 614006784 167923872 99328 268453953 9 553664768 2734776321
is_linear=0
shrinkage=0.05


Tree=51
num_leaves=31
num_cat=15
split_feature=0 17 17 1 6 17 0 17 0 17 8 17 17 5 17 17 8 17 17 17 8 5 5 5 14 6 17 5 17 17
split_gain=41449.8 10411.3 4692.27 2332.9 1370.13 837.091 761.383 608.748 525.316 564.257 931.796 981.29 601.222 424.424 412.184 382.466 378.146 333.804 324.04 314.734 388.189 300.913 243.73 222.673 220.06 212.497 201.864 225.281 199.471 198.012
threshold=7.5000000000000009 0 1 27.500000000000004 19.500000000000004 2 87.500000000000014 3 14.000000000000002 4 24.500000000000004 5 6 6.2500000000000009 7 8 23.500000000000004 9 10 11 24.500000000000004 18.750000000000004 21.250000000000004 21.250000000000004 200.35678333333337 16.500000000000004 12 26.250000000000004 13 14
decision_type=2 9 9 2 2 9 2 9 2 9 2 9 9 2 9 9 2 9 9 9 2 2 2 2 2 2 9 2 9 9
left_child=2 -2 14 5 7 8 16 -4 9 10 12 -12 -3 15 -1 -9 18 -18 25 20 -10 -16 24 -14 -11 -5 27 29 -27 -7
right_child=1 3 4 6 -6 26 -8 13 19 22 11 -13 23 -15 21 -17 17 -19 -20 -21 -22 -23 -24 -25 -26 28 -28 -29 -30 -31
leaf_value=-0.05482329488465823 0.0016605903634832053 -0.013677518962545676 -0.078593134152654148 0.1831299163165081 -0.073060608589942219 0.0018827191198949934 1.0990473814935797 -0.072902539873782854 -0.019454217236755514 -0.034407640690347033 0.0023047695670363132 -0.0160297578377274 0.0035026000897156353 -0.00056722878460930832 -0.05482329488465823 0.022876037605928535 0.066291113198504628 -0.00063042768118073413 0.025863678551992387 -0.0036167983246540025 0.00058773297524723496 -0.05482329488465823 0.0040731093525548266 -0.055760354813192241 -0.038140365499902899 0.2693606292340473 0.0006248706661304837 -0.0019754161877397537 0.04460612848542507 0.0013212732250092785
leaf_weight=27664 14909 1739 7814 22062 7871 2730 2717 3599 953 4789 1767 5080 1833 8792 19281 1431 37058 29087 14518 55551 259 9684 1798 1561 9912 2790 43955 1832 9881 10443
leaf_count=27664 14909 1739 7814 22062 7871 2730 2717 3599 953 4789 1767 5080 1833 8792 19281 1431 37058 29087 14518 55551 259 9684 1798 1561 9912 2790 43955 1832 9881 10443
internal_value=-0.00533135 0.0040819 -0.0356274 0.00177089 -0.019438 -0.0024965 0.00698103 -0.012946 -0.00566438 -0.0112065 -0.00293578 0.00913539 -0.0190434 -0.00662233 -0.0440518 -0.0182107 0.00636504 0.00389523 0.00968204 -0.0028848 -0.0279869 -0.0397981 -0.0171997 -0.006698 -0.0193354 0.0123032 0.00208411 0.00708958 0.00714624 0.00937903
internal_weight=363360 277224 86136 262315 29507 144202 118113 21636 85242 28479 11980 6847 5133 13822 56629 5030 115396 66145 49251 56763 1212 28965 16499 3394 14701 34733 58960 15005 12671 13173
internal_count=363360 277224 86136 262315 29507 144202 118113 21636 85242 28479 11980 6847 5133 13822 56629 5030 115396 66145 49251 56763 1212 28965 16499 3394 14701 34733 58960 15005 12671 13173
cat_boundaries=0 2 5 7 9 11 13 15 18 20 22 25 27 30 32 34
cat_threshold=2181038082 1049088 2332082322 3493921024 2 2015117328 2804617618 262144 538968066 940064784 2686452096 134217744 2147483648 134217744 2147483648 33587330 1077936128 2 614006784 167924896 1610638352 101533897 277427284 134629448 13 134217728 2147483648 107520 268453953 9 277348352 264192 32768 268437504
is_linear=0
shrinkage=0.05


Tree=52
num_leaves=31
num_cat=13
split_feature=0 17 17 3 6 17 17 3 17 0 17 8 17 17 5 17 17 5 17 5 6 17 5 17 0 3 5 14 5 6
split_gain=40381 10469.7 5148.99 2203.39 939.119 892.67 798.576 740.36 614.325 510.991 632.417 978.745 882.639 648.268 414.291 412.525 374.89 339.194 314.109 301.488 269.205 285.691 264.15 500.443 410.533 297.79 249.583 246.842 210.511 202.29
threshold=7.5000000000000009 0 1 27.500000000000004 19.500000000000004 2 3 72.500000000000014 4 14.000000000000002 5 24.500000000000004 6 7 6.2500000000000009 8 9 31.250000000000004 10 18.750000000000004 11.500000000000002 11 26.250000000000004 12 17.500000000000004 14.000000000000002 21.250000000000004 200.35678333333337 21.250000000000004 17.500000000000004
decision_type=2 9 9 2 2 9 9 2 9 2 9 2 9 9 2 9 9 2 9 2 2 9 2 9 2 2 2 2 2 2
left_child=2 -2 15 6 8 -6 9 17 -4 10 11 13 -13 -3 16 -1 -10 20 -11 -17 -5 -22 23 25 29 -8 27 -12 -15 -24
right_child=1 3 4 7 5 -7 22 -9 14 18 26 12 -14 28 -16 19 -18 -19 -20 -21 21 -23 24 -25 -26 -27 -28 -29 -30 -31
leaf_value=-0.052082130140425335 0.0015775608453090229 -0.01299364301441841 -0.074663477445021442 0.092452215574416033 0.0031909558711570086 -0.069407578160445113 0.0019209979636970688 0.51840188785442154 -0.069257412880093711 -0.018989318874917772 -0.032274094412182742 0.0021895310886844931 -0.00078332387962438694 0.0046981102399746184 -0.00053886734537884624 -0.052082130140425335 0.021732235725632078 0.17178900012180504 -0.0021347689592294827 -0.052082130140425335 0.10528040343653765 0.012361822955631041 -0.0036774055114413787 0.0013829445580146428 0.022079805299156697 -0.038478339397094712 0.012891906264679643 -0.038087465196034211 -0.048948622016491507 0.00033380184014788485
leaf_weight=27664 14909 1736 7814 16868 364 7507 2870 6323 3599 8053 5148 1767 4851 1747 8792 19281 1431 10590 52253 9684 26835 55039 2613 47557 2655 355 1886 10806 1587 776
leaf_count=27664 14909 1736 7814 16868 364 7507 2870 6323 3599 8053 5148 1767 4851 1747 8792 19281 1431 10590 52253 9684 26835 55039 2613 47557 2655 355 1886 10806 1587 776
internal_value=-0.00532282 0.00396827 -0.0352257 0.00165081 -0.0182691 -0.0330644 -0.00241852 0.00681121 -0.0128952 -0.00535261 -0.0107423 -0.0016926 0.0109701 -0.0182249 -0.0065428 -0.04405 -0.017992 0.00584916 -0.00271449 -0.0397947 0.00493711 0.00375211 0.00222042 0.00339687 -0.00766049 0.0224266 -0.0166611 -0.0187038 -0.00523325 -0.0191945
internal_weight=363360 277224 86136 262315 29507 7871 146660 115655 21636 89834 29528 11688 6618 5070 13822 56629 5030 109332 60306 28965 98742 81874 56826 50782 6044 3225 17840 15954 3334 3389
internal_count=363360 277224 86136 262315 29507 7871 146660 115655 21636 89834 29528 11688 6618 5070 13822 56629 5030 109332 60306 28965 98742 81874 56826 50782 6044 3225 17840 15954 3334 3389
cat_boundaries=0 2 5 7 9 11 13 15 17 20 22 24 26 29
cat_threshold=2181038082 1049088 2332082322 3493921024 2 0 1024 2031370512 2804552082 262144 538968066 956317712 2149581184 134217744 2147483648 134217744 2147483648 33587330 1077936128 2 614006784 167924896 150994944 2164261120 268959760 346184 32768 268435456 2
is_linear=0
shrinkage=0.05


Tree=53
num_leaves=31
num_cat=15
split_feature=0 17 17 17 6 17 0 0 17 5 17 5 17 17 17 5 17 0 5 3 17 5 8 17 17 3 6 17 16 17
split_gain=40144.7 10525.2 5157.13 2082.34 941.704 892.67 759.838 715.392 615.971 472.434 471.758 416.581 834.684 497.587 412.525 409.726 371.471 362.864 301.488 268.674 258.431 268.233 256.671 852.642 376.723 234.627 217.048 206.718 181.779 176.52
threshold=7.5000000000000009 0 1 2 19.500000000000004 3 17.500000000000004 87.500000000000014 4 16.250000000000004 5 21.250000000000004 6 7 8 6.2500000000000009 9 14.000000000000002 18.750000000000004 14.000000000000002 10 33.750000000000007 24.500000000000004 11 12 22.500000000000004 11.500000000000002 13 20.15859166666667 14
decision_type=2 9 9 9 2 9 2 2 9 2 9 2 9 9 9 2 9 2 2 2 9 2 2 9 9 2 2 9 2 9
left_child=2 -2 14 7 8 -6 10 9 28 26 17 12 -12 -13 -1 16 -10 -5 -16 22 -8 -22 23 -14 -24 -15 -3 -11 -4 -20
right_child=1 3 4 6 5 -7 20 -9 15 27 11 13 19 25 18 -17 -18 -19 29 -21 21 -23 24 -25 -26 -27 -28 -29 -30 -31
leaf_value=-0.049478023633404082 0.0014986828030435718 0.072860339845099639 -0.076382009922417282 -0.032717632660753802 0.0030314080775991404 -0.065937199252422876 -0.032052200581611602 1.0343304876585635 -0.065794542236089007 0.13660092385567424 -0.019972176674194222 -0.022924772651679692 -0.0088258997977289869 -0.0034935352358693274 -0.049478023633404082 -0.00051192397810990726 0.020645623939350433 -0.0080713260261664043 -0.057227423319023044 -0.0060554467653689773 0.0011311097399651971 0.12523095189210329 0.0057500802737199489 0.004884984558906247 0.0037077958504711187 0.15598873855136786 -0.002504607333286302 0.041411125428762935 -0.069601816053904211 -0.049478023633404082
leaf_weight=27664 14909 14582 1636 12790 364 7507 4891 2699 3599 26321 21821 5446 752 6217 19281 8792 1431 10719 881 3010 62546 5913 1820 2381 3736 1498 32283 42890 6178 8803
leaf_count=27664 14909 14582 1636 12790 364 7507 4891 2699 3599 26321 21821 5446 752 6217 19281 8792 1431 10719 881 3010 62546 5913 1820 2381 3736 1498 32283 42890 6178 8803
internal_value=-0.00540346 0.00386042 -0.0352187 0.00153683 -0.0182488 -0.0330644 -0.0025155 0.00643389 -0.0128674 0.00584272 -0.00623451 -0.00332291 -0.000363962 -0.0108616 -0.04405 -0.00650665 -0.0178926 -0.0120094 -0.0397947 0.0104065 0.00104294 0.0018366 0.0148751 0.00343122 0.0213283 -0.00267314 0.00196629 0.00846758 -0.0240798 -0.0326105
internal_weight=363360 277224 86136 262315 29507 7871 143540 118775 21636 116076 70190 46681 33520 13161 56629 13822 5030 23509 28965 11699 73350 68459 8689 3133 5556 7715 46865 69211 7814 9684
internal_count=363360 277224 86136 262315 29507 7871 143540 118775 21636 116076 70190 46681 33520 13161 56629 13822 5030 23509 28965 11699 73350 68459 8689 3133 5556 7715 46865 69211 7814 9684
cat_boundaries=0 2 5 8 10 12 14 16 18 21 23 26 28 30 32 33
cat_threshold=2181038082 1049088 2332082322 3493921024 2 276935684 402999369 13 0 1024 262144 538968066 1209008128 117571600 604766528 536875170 0 2149582080 33587330 1077936128 2 614006784 167924896 150994960 2166359040 2 16 2147491840 16793600 2105344 45056 280648 16777216
is_linear=0
shrinkage=0.05


Tree=54
num_leaves=31
num_cat=14
split_feature=0 17 17 0 6 17 17 0 17 3 17 5 17 0 5 5 17 5 17 17 0 3 6 17 8 17 17 6 17 6
split_gain=39109.3 10779.1 5177.52 2421.12 948.18 892.67 844.407 723.992 602.59 414.318 412.525 409.726 371.471 304.903 301.488 282.163 277.233 245.164 957.289 626.683 492.69 395.236 289.057 256.527 246.102 945.821 241.709 235.012 455.504 223.529
threshold=7.5000000000000009 0 1 22.500000000000004 19.500000000000004 2 3 62.500000000000007 4 32.500000000000007 5 6.2500000000000009 6 92.500000000000014 18.750000000000004 18.750000000000004 7 21.250000000000004 8 9 14.000000000000002 14.000000000000002 11.500000000000002 10 24.500000000000004 11 12 17.500000000000004 13 13.500000000000002
decision_type=2 9 9 2 2 9 9 2 9 2 9 2 9 2 2 2 9 2 9 9 2 2 2 9 2 9 9 2 9 2
left_child=2 -2 10 6 8 -6 27 15 -4 17 -1 12 -10 -9 -12 -5 -17 18 20 -19 22 23 -8 -20 25 -25 -24 28 -3 -23
right_child=1 3 4 7 5 -7 9 13 11 -11 14 -13 -14 -15 -16 16 -18 19 21 -21 -22 29 26 24 -26 -27 -28 -29 -30 -31
leaf_value=-0.047004122451733868 0.0014237486628913667 -0.003763331374218826 -0.067450212770075166 0.0074768612007438231 0.0028798376737191769 -0.062640339289801755 -0.015945165224906965 0.2772769666878851 -0.062504815124284546 0.19042427753547636 -0.047004122451733868 -0.00048632777920443182 0.019613342742382935 1.1566149125089105 -0.047004122451733868 0.10582352690563611 0.018336014930897093 -0.021778534019095731 0.0054625762600339911 -0.0010361505958303319 -0.0025297101793125168 0.063426968164341346 -0.040198792668729194 -0.0083846048078425103 0.0018946647417267927 0.0034635466225258153 -0.050543767551000589 -0.013521559939204942 -0.026253203815490525 -0.014295055641316168
leaf_weight=27664 14909 2618 7814 43746 364 7507 3856 10002 3599 4539 19281 8792 1431 2021 9684 38605 52094 6583 4007 13850 32245 2130 2826 752 5408 2309 9511 7318 12335 5560
leaf_count=27664 14909 2618 7814 43746 364 7507 3856 10002 3599 4539 19281 8792 1431 2021 9684 38605 52094 6583 4007 13850 32245 2130 2826 752 5408 2309 9511 7318 12335 5560
internal_value=-0.00577306 0.00337056 -0.0352013 0.00101916 -0.018198 -0.0330644 -0.00438207 0.00529126 -0.0127981 -0.00229842 -0.04405 -0.00650665 -0.0178926 0.0170465 -0.0397947 0.00424002 0.00583083 -0.00304986 -0.00161798 -0.00785739 -0.0054285 0.0075337 -0.0125455 0.013033 0.0179561 0.00664815 -0.0162803 -0.01313 -0.0167291 -0.00137841
internal_weight=363360 277224 86136 262315 29507 7871 115847 146468 21636 93576 56629 13822 5030 12023 28965 134445 90699 89037 68604 20433 48438 20166 16193 12476 8469 3061 12337 22271 14953 7690
internal_count=363360 277224 86136 262315 29507 7871 115847 146468 21636 93576 56629 13822 5030 12023 28965 134445 90699 89037 68604 20433 48438 20166 16193 12476 8469 3061 12337 22271 14953 7690
cat_boundaries=0 2 5 7 9 11 14 16 19 21 23 26 28 29 31
cat_threshold=2181038082 1049088 2332082322 3493921024 2 0 1024 1209040896 285278208 262144 538968066 33587330 1077936128 2 614006784 167924896 603136 477256 9 881594688 771895482 0 2149582080 16859156 2883585 1 1024 2147483712 545783872 32768 268435456
is_linear=0
shrinkage=0.05


Tree=55
num_leaves=31
num_cat=14
split_feature=0 17 17 3 6 17 17 0 17 6 17 5 5 17 14 17 0 5 17 0 6 17 17 17 6 3 17 3 5 17
split_gain=38885.6 10836.2 5178.88 2241.53 948.612 892.67 773.679 698.331 600.314 453.574 412.525 410.637 408.395 369.745 354.849 350.496 344.219 412.687 1348.9 406.523 422.246 348.042 338.499 325.015 352.036 527.665 323.896 314.716 301.488 278.67
threshold=7.5000000000000009 0 1 22.500000000000004 19.500000000000004 2 3 92.500000000000014 4 17.500000000000004 5 6.2500000000000009 28.750000000000004 6 199.66253333333336 7 17.500000000000004 21.250000000000004 8 14.000000000000002 11.500000000000002 9 10 11 19.500000000000004 14.000000000000002 12 14.000000000000002 18.750000000000004 13
decision_type=2 9 9 2 2 9 9 2 9 2 9 2 2 9 2 9 2 2 9 2 2 9 9 9 2 2 9 2 2 9
left_child=2 -2 10 6 8 -6 9 12 -4 15 -1 13 14 -10 -5 -3 17 18 19 20 -8 -19 -20 -22 -25 -26 -14 -24 -12 -16
right_child=1 3 4 7 5 -7 16 -9 11 -11 28 -13 26 -15 29 -17 -18 21 22 -21 23 -23 27 24 25 -27 -28 -29 -30 -31
leaf_value=-0.044653916329147197 0.0013525612297468294 -0.02706192712991955 -0.064077702131571407 0.06333634329367524 0.0027358457900332313 -0.059508322325311669 0.012152587552386152 1.0987841668834648 -0.059379574368070336 -0.00070537091385496358 -0.044653916329147197 -0.00046201139024419917 0.24519806513556119 0.018632675605263761 0.070510526129026557 -0.0035751648055079247 0.00097119188016208118 -0.043845356637270252 0.00048838809854467868 -0.0054827161659932958 -0.056678490211380606 -0.0052203475441324095 0.0044560399575987123 -0.056107100564832195 0.0051007858219205282 -0.089458986731622669 0.062110263547221489 -0.011378652540028789 -0.044653916329147197 -0.0034760127663838961
leaf_weight=27664 14909 9259 7814 34032 364 7507 3737 2019 3599 4682 19281 8792 10932 1431 24410 2623 42450 3921 7661 15475 4029 8579 6942 6004 2248 680 22670 1850 9684 48112
leaf_count=27664 14909 9259 7814 34032 364 7507 3737 2019 3599 4682 19281 8792 10932 1431 24410 2623 42450 3921 7661 15475 4029 8579 6942 6004 2248 680 22670 1850 9684 48112
internal_value=-0.00585618 0.00326126 -0.0352001 0.00090365 -0.0181946 -0.0330644 -0.00412435 0.00515245 -0.0127935 -0.0141547 -0.04405 -0.00651388 0.00473187 -0.0179125 0.00321621 -0.019357 -0.00251868 -0.00492098 -0.00283799 -0.00879191 -0.0142053 -0.013024 0.00880459 -0.0184747 -0.0131067 0.0010929 0.00953812 0.0154965 -0.0397947 0.00123962
internal_weight=363360 277224 86136 262315 29507 7871 120140 142175 21636 16564 56629 13822 140156 5030 106554 11882 103576 61126 48626 32173 16698 12500 16453 12961 8932 2928 33602 8792 28965 72522
internal_count=363360 277224 86136 262315 29507 7871 120140 142175 21636 16564 56629 13822 140156 5030 106554 11882 103576 61126 48626 32173 16698 12500 16453 12961 8932 2928 33602 8792 28965 72522
cat_boundaries=0 2 5 7 9 11 14 16 18 20 22 25 27 30 32
cat_threshold=2181038082 1049088 2332082322 3493921024 2 0 1024 135299072 285212672 262144 538968066 33587330 1077936128 2 614006784 167924896 135266304 16777216 1879900496 771952890 0 2098432 92296196 2147491841 4 1073807360 201523304 536576 411848 12 269485072 346184
is_linear=0
shrinkage=0.05


Tree=56
num_leaves=31
num_cat=13
split_feature=0 17 17 17 17 6 8 17 17 17 0 5 17 6 0 6 5 17 17 6 13 3 17 3 5 17 17 5 0 3
split_gain=38256.2 10829 5569.91 1878.77 1407.01 1078.65 757.468 653.938 422.557 407.318 383.352 333.095 321.711 305.088 304.279 302.576 294.01 284.158 278.093 216.896 204.721 203.895 190.912 187.882 176.875 176.405 172.937 1192.19 482.892 399.326
threshold=7.5000000000000009 0 1 2 3 19.500000000000004 23.500000000000004 4 5 6 92.500000000000014 6.2500000000000009 7 17.500000000000004 17.500000000000004 17.500000000000004 18.750000000000004 8 9 11.500000000000002 11.500000000000002 7.5000000000000009 10 14.000000000000002 18.750000000000004 11 12 21.250000000000004 14.000000000000002 14.000000000000002
decision_type=2 9 9 9 9 2 2 9 9 9 2 2 9 2 2 2 2 9 9 2 2 2 9 2 2 9 9 2 2 2
left_child=2 -2 8 6 -4 9 10 13 -1 21 15 22 -8 17 26 20 -10 24 -17 -13 -3 -6 -11 -15 -5 -18 28 29 -9 -28
right_child=1 3 4 7 5 -7 12 14 16 11 -12 19 -14 23 -16 18 25 -19 -20 -21 -22 -23 -24 -25 -26 -27 27 -29 -30 -31
leaf_value=-0.042421220512689845 0.0012849331682595279 0.18088979809448003 0.0019930010382267051 0.001476477575840729 -0.059545329506126655 -0.056532906209046101 0.032926341026493236 -0.042475490955859563 -0.042421220512689845 0.012875555967170627 1.1489066871691314 0.02095721405691986 -0.0035534550888682405 0.000463968693617467 0.0010011148055909303 0.17018585136886416 -0.049783150214027884 -0.011850203046562147 -0.010357330473463655 -0.14360481550560977 0.066944647788288944 -0.065119640069565457 -0.058595699374618088 -0.018479046022974545 -0.0036400605045133539 -0.042421220512689845 0.0049671176551154168 -0.018497339486277475 -0.0017246544706414292 -0.012215210589586079
leaf_weight=27664 14909 21384 4009 223 6379 6823 44713 14075 19546 799 1724 3293 43535 3915 55665 3132 881 11989 9878 3221 11427 1435 3281 2765 2458 8805 7712 7916 15667 4137
leaf_count=27664 14909 21384 4009 223 6379 6823 44713 14075 19546 799 1724 3293 43535 3915 55665 3132 881 11989 9878 3221 11427 1435 3281 2765 2458 8805 7712 7916 15667 4137
internal_value=-0.00576838 0.00327497 -0.0348739 0.000918136 -0.0171179 -0.0214908 0.00500247 -0.00346553 -0.0439883 -0.0152053 0.0100904 -0.00878914 0.00226181 -0.0114419 -0.00184537 0.00921957 -0.0397134 -0.0154806 0.0027671 -0.00178078 0.0117781 -0.0238625 -0.02 -0.00258982 -0.0301932 -0.0326038 -0.00469732 -0.00106953 -0.0071054 0.008967
internal_weight=363360 277224 86136 262315 29240 25231 135793 126522 56896 18408 47545 10594 88248 21350 105172 45821 29232 14670 13010 6514 32811 7814 4080 6680 2681 9686 49507 19765 29742 11849
internal_count=363360 277224 86136 262315 29240 25231 135793 126522 56896 18408 47545 10594 88248 21350 105172 45821 29232 14670 13010 6514 32811 7814 4080 6680 2681 9686 49507 19765 29742 11849
cat_boundaries=0 2 5 8 11 13 16 18 21 23 25 27 28 30
cat_threshold=2181038082 1049088 2332082322 3561029888 2 344536132 134563945 13 268435716 1024 5 135299072 2432696320 33587330 1077936128 2 262144 538968066 9216 346217 8 32768 268435456 277348416 264192 1073742912 16785497 16777216 1610875136 570560658
is_linear=0
shrinkage=0.05


Tree=57
num_leaves=31
num_cat=14
split_feature=0 17 17 1 17 6 3 17 17 17 17 0 5 5 6 17 17 0 17 8 17 8 17 6 3 17 5 17 8 12
split_gain=38070.1 10873.4 5577.71 1798.97 1404.91 1081.67 629.956 614.51 422.9 407.986 350.326 345.754 335.344 294.58 266.103 245.254 243.629 238.291 431.345 358.575 337.162 1927.78 458.019 212.506 206.628 190.912 181.793 178.151 177.438 174.976
threshold=7.5000000000000009 0 1 22.500000000000004 2 19.500000000000004 82.500000000000014 3 4 5 6 42.500000000000007 6.2500000000000009 18.750000000000004 11.500000000000002 7 8 14.000000000000002 9 24.500000000000004 10 24.500000000000004 11 11.500000000000002 7.5000000000000009 12 33.750000000000007 13 23.500000000000004 63.500000000000007
decision_type=2 9 9 2 9 2 2 9 9 9 9 2 2 2 2 9 9 2 9 2 9 2 9 2 2 9 2 9 2 2
left_child=2 -2 8 7 -4 9 11 17 -1 24 -9 14 25 -10 -5 -16 -13 20 19 -19 21 -3 -23 -14 -6 -11 -17 -15 -22 -12
right_child=1 3 4 6 5 -7 -8 10 13 12 29 16 23 27 15 26 -18 18 -20 -21 28 22 -24 -25 -26 -27 -28 -29 -30 -31
leaf_value=-0.040300159487055343 0.0012206865098465692 -0.0080129924070584842 0.0018933509863153565 0.046296740569217398 -0.056568063030820341 -0.053706260898593788 0.64009023990313529 0.0016539798344206603 -0.040300159487055343 0.012231778168812114 -0.0032144035400068385 0.21186281744482971 0.019909353354073824 -0.047293992703326508 -0.0091446025981149152 0.015791958556854446 0.078469549419131479 -0.014472923493995893 -0.0052216915596035923 0.0045965051333040742 -0.0047450348002865189 0.0023680222520413353 -0.06064065830303722 -0.13642457473032929 -0.061863658066087179 -0.055665914405887175 0.15669394429793543 -0.040300159487055343 -0.027686439212722028 -0.15994450497525264
leaf_weight=27664 14909 1620 4009 19559 6379 6823 3393 3122 19546 799 80963 8791 3293 881 23590 47873 39293 1168 15181 301 3042 1660 665 3221 1435 3281 2918 8805 8322 854
leaf_count=27664 14909 1620 4009 19559 6379 6823 3393 3122 19546 799 80963 8791 3293 881 23590 47873 39293 1168 15181 301 3042 1660 665 3221 1435 3281 2918 8805 8322 854
internal_value=-0.00583113 0.0031902 -0.0348658 0.000828552 -0.0170974 -0.0214671 0.00454108 -0.00378963 -0.0439866 -0.0151728 -0.00156506 0.00403242 -0.00875141 -0.03971 0.0022674 0.000902784 0.00748066 -0.00969846 -0.00556156 -0.0313387 -0.0142041 -0.00158028 0.0275914 -0.00171937 -0.0238369 -0.02 0.0028592 -0.0325934 -0.0185687 -0.00219304
internal_weight=363360 277224 86136 262315 29240 25231 145417 116898 56896 18408 84939 142024 10594 29232 93940 74381 48084 31959 16650 1469 15309 3945 2325 6514 7814 4080 50791 9686 11364 81817
internal_count=363360 277224 86136 262315 29240 25231 145417 116898 56896 18408 84939 142024 10594 29232 93940 74381 48084 31959 16650 1469 15309 3945 2325 6514 7814 4080 50791 9686 11364 81817
cat_boundaries=0 2 5 8 11 14 16 19 22 24 26 28 30 32 33
cat_threshold=2181038082 1049088 2332082322 3561029888 2 268435716 1024 5 1209040896 2197880960 8 33587330 1077936128 2 262144 538968066 9216 2048 3 1493434624 2502509842 4 1879572480 33767440 134250496 2147483648 134217728 2147483776 134217728 2147483648 1073742912 16785497 16777216
is_linear=0
shrinkage=0.05


Tree=58
num_leaves=31
num_cat=14
split_feature=0 17 17 17 17 6 0 17 6 17 17 17 0 8 5 8 17 17 17 12 3 17 3 17 14 17 6 13 14 0
split_gain=38395.2 10803.8 5527.23 1678.48 1331.81 1029.77 553.764 545.421 503.24 449.927 425.302 374.621 361.354 341.974 298.586 284.197 1854.12 1175.86 274.326 252.984 208.002 190.601 187.274 186.253 174.067 213.299 194.41 158.93 153.784 168.612
threshold=7.5000000000000009 0 1 2 3 19.500000000000004 87.500000000000014 4 17.500000000000004 5 6 7 27.500000000000004 23.500000000000004 18.750000000000004 24.500000000000004 8 9 10 63.500000000000007 7.5000000000000009 11 37.500000000000007 12 69.904583333333349 13 11.500000000000002 11.500000000000002 140.08532500000004 14.000000000000002
decision_type=2 9 9 9 9 2 2 9 2 9 9 9 2 2 2 2 9 9 9 2 2 9 2 9 2 9 2 2 2 2
left_child=2 -2 10 6 -4 11 8 15 13 -10 -1 20 22 27 -12 17 -17 -5 -15 24 -6 -16 28 -11 25 -13 -26 -3 -9 -30
right_child=1 3 4 7 5 -7 -8 12 9 23 14 19 -14 18 21 16 -18 -19 -20 -21 -22 -23 -24 -25 26 -27 -28 -29 29 -31
leaf_value=-0.038285151512702599 0.001159652184354254 0.16061378810565119 0.0017986834369995821 -0.011571655382567681 -0.053739659879279339 -0.051020947853664116 0.85077210014164428 0.00090628522698228415 -0.075532093382752671 0.10324237838189099 -0.038285151512702599 0.051891518710527773 0.02160686288390572 0.10578235046059598 -0.044929293068160181 0.002249621139439295 -0.026302117252085911 -0.0087278677153878274 0.034432574283139415 -0.10531360192675772 -0.058770475162782804 -0.038285151512702599 0.17648563636042003 0.00073176237686745083 0.051528285308164001 -0.050697514960641545 -0.13111261498714472 0.055902786713282283 -0.021516284005157617 -0.0044136289357094684
leaf_weight=27664 14909 18403 5095 5918 6379 6732 2697 19084 7329 6193 19546 514 30267 5287 881 1942 7095 3197 46021 700 1435 8805 2188 20965 2657 2828 2900 9900 23997 51832
leaf_count=27664 14909 18403 5095 5918 6379 6732 2697 19084 7329 6193 19546 514 30267 5287 881 1942 7095 3197 46021 700 1435 8805 2188 20965 2657 2828 2900 9900 23997 51832
internal_value=-0.00573646 0.00332331 -0.0348948 0.000969218 -0.0172068 -0.0221093 0.00543341 -0.00261389 0.00490456 -0.000140633 -0.0439743 -0.015698 -0.00145787 0.0070901 -0.0396861 -0.0107202 -0.00444285 -0.0169556 0.00465619 -0.00904881 -0.0238241 -0.0325212 -0.00294487 0.00282686 -0.00678166 -0.0157989 -0.00135865 0.0115023 -0.00327827 -0.00428794
internal_weight=363360 277224 86136 262315 29240 24145 116795 145520 114098 34487 56896 17413 127368 79611 29232 18152 9037 9115 51308 9599 7814 9686 97101 27158 8899 3342 5557 28303 94913 75829
internal_count=363360 277224 86136 262315 29240 24145 116795 145520 114098 34487 56896 17413 127368 79611 29232 18152 9037 9115 51308 9599 7814 9686 97101 27158 8899 3342 5557 28303 94913 75829
cat_boundaries=0 2 5 8 11 13 15 18 20 22 24 27 28 31 33
cat_threshold=2181038082 1049088 2332082322 3561029888 2 335623172 134563913 15 268960004 1025 5 135299072 2164260864 65536 134299649 33587330 1077936128 2 262144 538968066 134217728 2147483648 1048576 16777216 0 81920 2 16777216 268435456 264192 2 1073742912 16777296
is_linear=0
shrinkage=0.05


Tree=59
num_leaves=31
num_cat=14
split_feature=0 17 17 17 17 6 17 0 17 0 17 5 5 6 12 12 17 5 0 17 8 17 17 5 14 3 17 17 8 17
split_gain=37963.1 10944.7 5462.33 1591.52 1349.89 1006.28 653.299 557.212 425.302 385.737 352.009 328.12 298.586 267.849 240.71 208.127 190.904 1063.45 561.252 442.175 367.8 851.08 316.022 239.202 256.584 220.779 190.601 187.567 322.675 292.707
threshold=7.5000000000000009 0 1 2 3 19.500000000000004 4 77.500000000000014 5 17.500000000000004 6 18.750000000000004 18.750000000000004 17.500000000000004 63.500000000000007 63.500000000000007 7 21.250000000000004 14.000000000000002 8 24.500000000000004 9 10 21.250000000000004 200.35678333333337 14.000000000000002 11 12 24.500000000000004 13
decision_type=2 9 9 9 9 2 9 2 9 2 9 2 2 2 2 2 9 2 2 9 2 9 9 2 2 2 9 9 2 9
left_child=2 -2 8 7 -4 10 13 11 -1 16 -6 15 -10 -5 -12 -3 18 19 23 -18 21 -21 -19 24 -8 -22 -14 28 -24 -30
right_child=1 3 4 6 5 -7 9 -9 12 -11 14 -13 26 -15 -16 -17 17 22 -20 20 25 -23 27 -25 -26 -27 -28 -29 29 -31
leaf_value=-0.036370893937067453 0.0011016695751365547 0.0016338435183603118 0.0017087492651496118 -0.010420649888111734 -0.050152933430261594 -0.048469900460980903 -0.020056566447492943 0.57353055553832177 -0.036370893937067453 0.0010075718089805009 -0.050347742937560724 0.055149863072779942 -0.042682828414752197 -0.0040465325512870189 -0.10004792183041983 -0.15249290376132515 -0.011494372667553866 0.093542312498773414 -0.0028333025846749571 -0.0097945513249566574 0.004701461258625539 0.0040557457880220586 -0.0079600321807977714 0.047533497519035621 -0.039115182030808437 0.0012312618732178927 -0.036370893937067453 -0.025572436656440711 0.0075341529729057834 -0.053497407809992126
leaf_weight=27664 14909 52267 5095 7322 6431 6732 4405 4484 19546 65991 10229 69430 881 2855 753 1007 9055 1382 17613 716 4072 2110 2273 1463 10532 909 8805 3354 449 626
leaf_count=27664 14909 52267 5095 7322 6431 6732 4405 4484 19546 65991 10229 69430 881 2855 753 1007 9055 1382 17613 716 4072 2110 2273 1463 10532 909 8805 3354 449 626
internal_value=-0.00595443 0.00305421 -0.0349482 0.000684838 -0.0173641 -0.0222997 -0.00309353 0.00469897 -0.0439743 -0.00210067 -0.0159622 0.0040667 -0.0396861 -0.0152695 -0.0104894 0.00111499 -0.00503994 -0.00171502 -0.00747583 0.00543233 0.0141423 -0.0002477 -0.0166254 -0.0141341 -0.016024 0.0223349 -0.0325212 -0.0210965 -0.0126266 0.00990698
internal_weight=363360 277224 86136 262315 29240 24145 135127 127188 56896 124950 17413 122704 29232 10177 10982 53274 58959 24946 34013 16862 7807 2826 8084 16400 14937 4981 9686 6702 3348 1075
internal_count=363360 277224 86136 262315 29240 24145 135127 127188 56896 124950 17413 122704 29232 10177 10982 53274 58959 24946 34013 16862 7807 2826 8084 16400 14937 4981 9686 6702 3348 1075
cat_boundaries=0 2 5 8 11 14 17 19 21 23 25 27 28 30 32
cat_threshold=2181038082 1049088 2332082322 3561029888 2 277427220 402999401 13 268960004 1025 5 134250496 16777216 2 33587330 1077936128 2 0 538968066 1611923712 570560658 83902528 67117056 0 2147483648 83886144 67117056 16777216 16384 2149580800 0 2147483648
is_linear=0
shrinkage=0.05


Tree=60
num_leaves=31
num_cat=14
split_feature=0 17 17 17 17 2 6 0 17 5 3 17 0 17 17 17 6 5 17 16 12 17 6 17 17 8 6 5 3 17
split_gain=36961 11174.3 5531.47 1985.22 1330.64 1071.74 1031.32 541.812 812.077 710.13 628.893 425.302 415.88 401.256 376.218 369.877 353.458 298.586 293.85 262.777 251.037 244.195 211.751 481.815 372.466 265.336 313.383 246.296 208.002 205.697
threshold=7.5000000000000009 0 1 2 3 42.500000000000007 19.500000000000004 11.500000000000002 4 21.250000000000004 14.000000000000002 5 102.50000000000001 6 7 8 12.500000000000002 18.750000000000004 9 90.093741666666673 63.500000000000007 10 17.500000000000004 11 12 24.500000000000004 19.500000000000004 18.750000000000004 7.5000000000000009 13
decision_type=2 9 9 9 9 2 2 2 9 2 2 9 2 9 9 9 2 2 9 2 2 9 2 9 9 2 2 2 2 9
left_child=2 -2 11 22 -4 7 14 8 16 10 15 -1 18 -9 28 -10 -5 -13 19 -7 -16 -15 23 -3 25 -24 -27 -25 -6 -18
right_child=1 3 4 5 6 12 -8 13 9 -11 -12 17 -14 21 20 -17 29 -19 -20 -21 -22 -23 24 27 -26 26 -28 -29 -30 -31
leaf_value=-0.034552349240214088 0.0010465860963797091 -0.009899617393706173 0.0016233118018921468 -0.014526091834487432 -0.048535289738437327 0.10288114265071968 -0.046046405437931842 0.014521331793361458 0.0016694427326242158 -0.035828367698107669 -0.04759981020548372 -0.034552349240214088 1.5351139192005618 -0.023803544211373141 -0.045645252065731425 0.0066040068966559673 -0.027670478999435047 -0.034552349240214088 0.030946806099317926 0.25991744328269067 -0.095045525738898823 -0.00060764196173153102 -0.013618166819908951 0.001069606849240845 -0.00021155169942153052 0.0012863584325271127 -2.5184973568670446e-05 -0.0047353623163876261 -0.053324304733130573 -0.068558530132103626
leaf_weight=27664 14909 11989 5095 4620 6379 22341 6732 50300 2948 3247 2632 19546 1235 5544 8899 5805 8362 9686 18708 8881 700 100883 879 324 5294 300 472 3735 1435 3816
leaf_count=27664 14909 11989 5095 4620 6379 22341 6732 50300 2948 3247 2632 19546 1235 5544 8899 5805 8362 9686 18708 8881 700 100883 879 324 5294 300 472 3735 1435 3816
internal_value=-0.00628275 0.0026062 -0.0348913 0.000212141 -0.0171966 0.00156059 -0.0220969 -0.000184155 -0.00617563 0.00243819 0.00832235 -0.0439743 0.00797713 0.00101737 -0.0156808 0.0147664 -0.0136721 -0.0396861 0.00726818 0.0102363 -0.00901759 -0.000722023 -0.0138178 -0.0169803 -0.00652988 -0.0271824 -0.00595855 -0.0318629 -0.0238241 -0.0181475
internal_weight=363360 277224 86136 262315 29240 239322 24145 188157 31430 14632 11385 56896 51165 156727 17413 8753 16798 29232 49930 31222 9599 106427 22993 16048 6945 1651 772 4059 7814 12178
internal_count=363360 277224 86136 262315 29240 239322 24145 188157 31430 14632 11385 56896 51165 156727 17413 8753 16798 29232 49930 31222 9599 106427 22993 16048 6945 1651 772 4059 7814 12178
cat_boundaries=0 2 5 8 11 14 17 20 22 25 27 29 31 33 35
cat_threshold=2181038082 1049088 2332082322 3561029888 2 135299072 2432696320 2 268960004 1025 5 1141179648 707473594 8 33587330 1077936128 2 1073808384 134613099 9 262144 538968066 814219332 65 1 1342730244 34039992 16777216 1280 135266304 2164260864 0 2147483648 262400 573051058
is_linear=0
shrinkage=0.05


Tree=61
num_leaves=31
num_cat=16
split_feature=0 17 17 1 17 6 17 0 17 17 17 6 5 0 17 16 5 17 17 17 17 12 8 3 17 17 17 3 14 17
split_gain=36560 11281.6 5534.31 2067.56 1329.85 1032.34 844.554 579.806 425.302 377.285 350.19 480.949 298.586 278.259 484.017 269.976 263.545 796.811 451.037 291.235 262.56 251.4 249.217 208.002 195.946 191.697 190.601 182.444 175.807 213.299
threshold=7.5000000000000009 0 1 17.500000000000004 2 19.500000000000004 3 62.500000000000007 4 5 6 16.500000000000004 18.750000000000004 14.000000000000002 7 120.00681666666668 21.250000000000004 8 9 10 11 63.500000000000007 23.500000000000004 7.5000000000000009 12 13 14 14.000000000000002 69.904583333333349 15
decision_type=2 9 9 2 9 2 9 2 9 9 9 2 2 2 9 2 2 9 9 9 9 2 2 2 9 9 9 2 2 9
left_child=2 -2 8 6 -4 9 13 10 -1 23 11 22 -10 -3 -15 -9 17 -8 -18 -19 -13 28 -5 -6 -12 -20 -14 -21 29 -11
right_child=1 3 4 7 5 -7 16 15 12 21 24 20 26 14 -16 -17 18 19 25 27 -22 -23 -24 -25 -26 -27 -28 -29 -30 -31
leaf_value=-0.03282473177820338 0.00099425679156075488 -0.0048884160051756 0.0015421462117975349 0.12289409674948325 -0.046108525251515479 -0.043744085166035257 -0.017101186753387589 0.17505064853910357 -0.03282473177820338 0.054096592525166014 -0.013199723803110963 -0.049060925684219298 -0.038821069532003885 -0.0096057440882557198 -0.0037580212983826301 0.49986984948051333 -0.03735889146137579 0.0003387501001220095 0.14463163027729992 0.0062738065518232137 0.019973690794716781 -0.090293249451953897 0.034649172319938873 -0.05065808949647406 -0.00084246504496015011 -0.010209752374814852 -0.03282473177820338 0.0063152823552564468 -0.031135592466378006 -0.043362989462444858
leaf_weight=27664 14909 19162 5095 22050 6379 6732 28268 7717 19546 514 748 14065 881 1919 9780 4299 4121 6760 1703 5733 24078 700 40926 1435 63580 5477 8805 1929 5557 2828
leaf_count=27664 14909 19162 5095 22050 6379 6732 28268 7717 19546 514 748 14065 881 1919 9780 4299 4121 6760 1703 5733 24078 700 40926 1435 63580 5477 8805 1929 5557 2828
internal_value=-0.00643604 0.00240455 -0.034889 -9.53016e-07 -0.0171897 -0.0220886 -0.00642059 0.00306853 -0.0439743 -0.0156693 0.00229832 0.00413284 -0.0396861 -0.0130171 -0.00694504 0.0136734 -0.00264717 -0.000850316 -0.00943722 0.00870981 -0.000297564 -0.00899677 0.00681688 -0.0238241 -0.000585968 -0.00184979 -0.0325212 0.0153806 -0.00673671 -0.0157989
internal_weight=363360 277224 86136 262315 29240 24145 84852 177463 56896 17413 165447 101119 29232 30861 11699 12016 53991 42690 11301 14422 38143 9599 62976 7814 64328 7180 9686 7662 8899 3342
internal_count=363360 277224 86136 262315 29240 24145 84852 177463 56896 17413 165447 101119 29232 30861 11699 12016 53991 42690 11301 14422 38143 9599 62976 7814 64328 7180 9686 7662 8899 3342
cat_boundaries=0 2 5 8 11 14 16 19 22 24 26 29 32 34 36 37 39
cat_threshold=2181038082 1049088 2332082322 3561029888 2 268960004 1025 5 1209040896 2466447360 10 33587330 1077936128 2 262144 538968066 1075393540 168249419 13 134250496 2415919104 2 881590612 738201818 0 2098432 16863232 270369 4 1073807360 167985153 8 134250496 2415919104 76087616 201334928 16777216 1073742912 16777296
is_linear=0
shrinkage=0.05


Tree=62
num_leaves=31
num_cat=13
split_feature=0 17 17 17 17 6 17 6 17 17 5 17 0 5 3 12 5 3 0 3 17 5 6 14 17 6 17 5 17 17
split_gain=37035.3 11150 5541.39 1599.03 1327.9 1034.92 886.987 441.272 460.595 425.302 402.765 377.582 374.199 298.586 292.877 251.944 245 227.187 212.986 210.763 190.601 187.246 182.049 174.794 212.445 194.431 170.155 320.525 457.737 426.925
threshold=7.5000000000000009 0 1 2 3 19.500000000000004 4 17.500000000000004 5 6 26.250000000000004 7 27.500000000000004 18.750000000000004 37.500000000000007 63.500000000000007 18.750000000000004 14.000000000000002 102.50000000000001 7.5000000000000009 8 38.750000000000007 17.500000000000004 69.904583333333349 9 12.500000000000002 10 21.250000000000004 11 12
decision_type=2 9 9 9 9 2 9 2 9 9 2 9 2 2 2 2 2 2 2 2 9 2 2 2 9 2 9 2 9 9
left_child=2 -2 9 7 -4 11 10 8 -3 -1 18 19 14 -11 26 23 -10 -9 22 -6 -15 -14 -5 24 -13 -25 -8 29 -29 -28
right_child=1 3 4 6 5 -7 12 17 16 13 -12 15 21 20 -16 -17 -18 -19 -20 -21 -22 -23 -24 25 -26 -27 27 28 -30 -31
leaf_value=-0.031183495189293222 0.00094454395198271266 -0.0091602157237620219 0.0014650389012076381 0.07116302690319376 -0.043803098988939707 -0.04155688090773349 -0.0077354741510392349 0.00022049507536854308 0.0012605473070376406 -0.031183495189293222 0.20087230328378852 0.051391762898907706 0.018492115682963651 -0.036880016055403697 0.16090500248310563 -0.085778586979356197 -0.0041680538187854671 -0.01474413104970056 1.4880801970733026 -0.048125185021650377 -0.031183495189293222 0.16688425497526538 5.339219865687639e-05 0.055308300416239312 -0.041194839989322635 -0.11917513471958543 0.0060651339801636624 -0.035036019184839784 0.001638435556342266 -0.00059419736865109487
leaf_weight=27664 14909 11989 5095 39646 6379 6732 56639 4150 324 19546 12828 514 55566 881 3554 700 3735 2795 600 1435 8805 2649 19454 2824 2828 2733 4469 5353 7069 31495
leaf_count=27664 14909 11989 5095 39646 6379 6732 56639 4150 324 19546 12828 514 55566 881 3554 700 3735 2795 600 1435 8805 2649 19454 2824 2828 2733 4469 5353 7069 31495
internal_value=-0.00624587 0.00265201 -0.0348832 0.000260555 -0.0171726 -0.0220679 0.00147076 -0.012331 -0.0168931 -0.0439743 0.00608647 -0.0156406 -0.000536558 -0.0396861 -0.0022707 -0.00896555 -0.0314451 -0.00180706 0.00436013 -0.0237986 -0.0325212 0.00269776 0.00405922 -0.006703 -0.0157391 -0.00126867 -0.00274839 -0.000570295 -0.00749477 0.00182127
internal_weight=363360 277224 86136 262315 29240 24145 239322 22993 16048 56896 72528 17413 166794 29232 108579 9599 4059 6945 59700 7814 9686 58215 59100 8899 3342 5557 105025 48386 12422 35964
internal_count=363360 277224 86136 262315 29240 24145 239322 22993 16048 56896 72528 17413 166794 29232 108579 9599 4059 6945 59700 7814 9686 58215 59100 8899 3342 5557 105025 48386 12422 35964
cat_boundaries=0 2 5 8 11 14 16 19 21 22 24 26 28 30
cat_threshold=2181038082 1049088 2332082322 3561029888 2 135299072 2432696320 2 268960004 1025 5 13312 280649 9 135266304 2164260864 33587330 1077936128 2 262144 538968066 16777216 1073742912 16777296 1879851024 638259344 0 2098432 0 1280
is_linear=0
shrinkage=0.05


Tree=63
num_leaves=31
num_cat=13
split_feature=0 17 17 17 17 6 2 6 17 17 17 0 17 5 3 17 17 3 5 5 6 17 5 3 17 3 5 6 6 17
split_gain=36839.1 11183.1 5586.82 1548.46 1315.99 1099.94 842.952 432.43 445.691 425.302 415.854 395.619 694.234 680.329 633.122 378.306 354.807 354.599 308.87 298.586 273.795 242.535 240.104 225.427 224.194 210.763 210.215 206.174 205.384 190.601
threshold=7.5000000000000009 0 1 2 3 19.500000000000004 42.500000000000007 17.500000000000004 4 5 6 11.500000000000002 7 21.250000000000004 14.000000000000002 8 9 92.500000000000014 6.2500000000000009 18.750000000000004 12.500000000000002 10 18.750000000000004 14.000000000000002 11 7.5000000000000009 33.750000000000007 11.500000000000002 19.500000000000004 12
decision_type=2 9 9 9 9 2 2 2 9 9 9 2 9 2 2 9 9 2 2 2 2 9 2 2 9 2 2 2 2 9
left_child=2 -2 9 7 -4 10 11 8 -3 -1 25 12 20 14 15 28 -13 21 -12 -11 -5 -8 -10 -9 -18 -6 -26 -20 -14 -21
right_child=1 3 4 6 5 -7 17 23 22 19 18 16 13 -15 -16 -17 24 -19 27 29 -22 -23 -24 -25 26 -27 -28 -29 -30 -31
leaf_value=-0.029624320429828543 0.00089731675438358143 -0.0087022049375739211 0.0013917869561472784 -0.012557954197541755 -0.041612944039492741 -0.039479036862346821 0.016132366300075064 0.00020947032160014702 0.0011975199416857764 -0.029624320429828543 -0.041320201714807769 0.011276776876237005 -0.050412379900457528 -0.030417203780891546 -0.048508671011634745 0.005656859525223901 -0.021570047092929912 0.80533934701613319 0.019928485773633486 -0.035036015252633494 -0.043075668617410218 0.11692432040606136 -0.0039596511278461753 -0.014006924497215502 -0.0019117860676551857 -0.045718925770567867 0.088417649931538028 -0.11073252913499286 0.0076359693653746067 -0.029624320429828543
leaf_weight=27664 14909 11989 4329 4653 6379 6742 16181 4150 324 19546 3915 54484 2016 3247 2754 5805 5544 1931 3224 881 11739 33053 3735 2795 92385 1435 4314 3216 1216 8805
leaf_count=27664 14909 11989 4329 4653 6379 6742 16181 4150 324 19546 3915 54484 2016 3247 2754 5805 5544 1931 3224 881 11739 33053 3735 2795 92385 1435 4314 3216 1216 8805
internal_value=-0.00628468 0.0025896 -0.0348461 0.000194606 -0.0170632 -0.0214859 0.00138552 -0.0121962 -0.0167124 -0.0439743 -0.0150944 -0.000161833 -0.00528158 0.00247873 0.00806123 0.0144572 0.00086488 0.00707613 -0.00849493 -0.0396861 -0.0123948 0.00625178 -0.0310273 -0.00177826 -0.000871857 -0.0237986 -0.000310726 -0.00177019 0.000709439 -0.0325212
internal_weight=363360 277224 86136 262315 29240 24911 239322 22993 16048 56896 18169 188157 31430 15038 11791 9037 156727 51165 10355 29232 16392 49234 4059 6945 102243 7814 96699 6440 3232 9686
internal_count=363360 277224 86136 262315 29240 24911 239322 22993 16048 56896 18169 188157 31430 15038 11791 9037 156727 51165 10355 29232 16392 49234 4059 6945 102243 7814 96699 6440 3232 9686
cat_boundaries=0 2 5 8 11 13 16 18 21 23 26 29 31 32
cat_threshold=2181038082 1049088 2332082322 3561029888 2 135299072 2432696320 2 268435716 1025 5 135266304 2164260864 33587330 1077936128 2 262144 538968066 1141179648 707473562 9 814219332 97 1073808384 136726635 9 604308816 738721857 9 16777216 1280 16777216
is_linear=0
shrinkage=0.05


Tree=64
num_leaves=31
num_cat=16
split_feature=0 17 17 1 17 6 17 0 17 17 5 14 5 5 5 17 17 17 17 17 6 17 17 3 17 6 17 17 0 3
split_gain=36322.9 11307.2 5623.87 1566.33 1306.82 1113.3 765.678 526.746 425.302 423.494 348.039 348.91 298.586 293.313 282.911 657.939 417.921 270.64 229.765 226.934 222.498 454.115 273.093 217.745 205.931 204.743 190.601 175.626 171.344 167.816
threshold=7.5000000000000009 0 1 17.500000000000004 2 19.500000000000004 3 77.500000000000014 4 5 33.750000000000007 150.03257500000004 18.750000000000004 6.2500000000000009 23.750000000000004 6 7 8 9 10 17.500000000000004 11 12 7.5000000000000009 13 11.500000000000002 14 15 11.500000000000002 17.500000000000004
decision_type=2 9 9 2 9 2 9 2 9 9 2 2 2 2 2 9 9 9 9 9 2 9 9 2 9 2 9 9 2 2
left_child=2 -2 8 6 -4 9 20 10 -1 23 11 18 -10 27 15 -8 -16 -13 -5 -12 21 -3 -22 -6 -17 -15 -14 -11 -23 -18
right_child=1 3 4 7 5 -7 14 -9 12 13 19 17 26 25 16 24 29 -19 -20 -21 22 28 -24 -25 -26 -27 -28 -29 -30 -31
leaf_value=-0.028143104408337116 0.00085245091666443786 -0.0057702432166764524 0.0013221976083399147 -0.0025100272059039421 -0.039532296837518112 -0.037505085019229473 0.0054790343048942702 0.49649029929015853 -0.028143104408337116 0.015442341247376312 -0.024407108210347951 0.016881671242380668 -0.033284214490001809 0.018932061484951836 -0.013639375662608089 -0.013533744929174764 -0.0082603263448467242 -0.0047384938624222888 0.064595276433873847 0.13379840082311639 0.0025631649656433276 -0.014553941888319112 -0.010574761138150724 -0.043432979482039481 0.00019899680552013522 -0.10519590267824319 -0.028143104408337116 -0.039254191629067403 -0.0036350941073031609 0.094866861262976526
leaf_weight=27664 14909 7249 4329 8534 6379 6742 7022 4515 19546 620 831 62691 881 3224 5162 25920 4564 60211 29316 11365 1233 4048 6879 1435 15798 3216 8805 3295 4706 2271
leaf_count=27664 14909 7249 4329 8534 6379 6742 7022 4515 19546 620 831 62691 881 3224 5162 25920 4564 60211 29316 11365 1233 4048 6879 1435 15798 3216 8805 3295 4706 2271
internal_value=-0.00645531 0.00235658 -0.0348159 -5.16535e-05 -0.0169744 -0.0213816 -0.00563923 0.00261998 -0.0439743 -0.0149513 0.00217985 0.00156203 -0.0396861 -0.00829233 -0.00264458 -0.00095199 -0.00952321 0.00026932 0.00575958 0.0103231 -0.0131751 -0.0166 -0.00643491 -0.0237347 -0.00333589 -0.00173913 -0.0325212 -0.0190932 -0.00890005 -0.00139518
internal_weight=363360 277224 86136 262315 29240 24911 84852 177463 56896 18169 172948 160752 29232 10355 60737 48740 11997 122902 37850 12196 24115 16003 8112 7814 41718 6440 9686 3915 8754 6835
internal_count=363360 277224 86136 262315 29240 24911 84852 177463 56896 18169 172948 160752 29232 10355 60737 48740 11997 122902 37850 12196 24115 16003 8112 7814 41718 6440 9686 3915 8754 6835
cat_boundaries=0 2 5 8 11 14 16 18 20 23 25 28 31 34 36 37 39
cat_threshold=2181038082 1049088 2332082322 3561029888 2 268435716 1025 5 135299072 318963712 10 33587330 1077936128 2 262144 538968066 9216 2641152 0 2149582080 403186692 134703307 1 898646032 2233480451 134250512 2418540544 2 32768 285212672 2 134217728 268435456 2 806093140 671092922 16777216 1073742912 16777304
is_linear=0
shrinkage=0.05


Tree=65
num_leaves=31
num_cat=13
split_feature=0 17 17 17 17 6 17 6 17 17 17 3 0 5 6 5 8 3 3 5 17 5 6 17 17 5 17 17 0 3
split_gain=36539.6 11259.3 5596.21 1486.29 1324.07 1084.86 787.24 440.897 435.444 415.258 399.054 381.427 331.617 306.112 260.611 237.533 224.951 213.301 201.278 198.847 190.72 176.841 210.521 173.798 157.634 557.958 420.929 404.228 277.073 233.21
threshold=7.5000000000000009 0 1 2 3 19.500000000000004 4 17.500000000000004 5 6 7 92.500000000000014 22.500000000000004 18.750000000000004 17.500000000000004 18.750000000000004 23.500000000000004 14.000000000000002 7.5000000000000009 38.750000000000007 8 6.2500000000000009 11.500000000000002 9 10 23.750000000000004 11 12 14.000000000000002 14.000000000000002
decision_type=2 9 9 9 9 2 9 2 9 9 9 2 2 2 2 2 2 2 2 2 9 2 2 9 9 2 9 9 2 2
left_child=2 -2 9 7 -4 10 11 8 -3 -1 18 14 24 -11 16 -10 -5 -9 -6 -14 -15 23 -23 -12 28 26 -26 -27 -8 -28
right_child=1 3 4 6 5 -7 12 17 15 13 21 -13 19 20 -16 -17 -18 -19 -20 -21 -22 22 -24 -25 25 27 29 -29 -30 -31
leaf_value=-0.026735949187920261 0.00080982837083123373 -0.007539397596279241 0.0012560877279229389 0.14940232189584357 -0.037291482047614011 -0.035629830768267999 -0.023789610972746102 0.00018904696524408849 0.0014261561054353502 -0.026735949187920261 0.014670224185007541 0.74731762870453489 0.0063711231456425217 -0.031620003765501718 9.4065895859607459e-05 -0.0034731564106199823 0.051842616467007475 -0.0133165281126308 -0.041288359319426475 0.15981799329151089 -0.026735949187920261 0.050599858032498092 -0.099936107544331021 -0.035106378322662744 -0.0032973918854099617 0.19688623831717067 0.0051000648337179658 -0.03059907273162157 -0.0019871776129372523 0.0010827820836757597
leaf_weight=27664 14909 11989 5095 16993 6904 6958 16395 4150 324 19281 638 1899 77508 881 22032 3735 31604 2795 1441 2893 8803 2539 3157 2775 16310 1596 6200 7541 32622 5729
leaf_count=27664 14909 11989 5095 16993 6904 6958 16395 4150 324 19281 638 1899 77508 881 22032 3735 31604 2795 1441 2893 8803 2539 3157 2775 16310 1596 6200 7541 32622 5729
internal_value=-0.00639173 0.0024464 -0.0348368 4.32669e-05 -0.0171613 -0.0220007 0.00121003 -0.0120962 -0.0166563 -0.0440359 -0.0153546 0.00555847 -0.000681039 -0.039767 0.00496467 -0.0308061 0.00700969 -0.00157667 -0.0232496 0.00162995 -0.0325279 -0.00808751 -0.00270365 -0.0170964 -0.00283183 -0.000385171 0.0030897 -0.0111251 -0.00469639 0.0102228
internal_weight=363360 277224 86136 262315 29507 24412 239322 22993 16048 56629 17454 72528 166794 28965 70629 4059 48597 6945 8345 80401 9684 9109 5696 3413 86393 37376 28239 9137 49017 11929
internal_count=363360 277224 86136 262315 29507 24412 239322 22993 16048 56629 17454 72528 166794 28965 70629 4059 48597 6945 8345 80401 9684 9109 5696 3413 86393 37376 28239 9137 49017 11929
cat_boundaries=0 2 5 8 11 14 16 19 21 22 24 26 28 30
cat_threshold=2181038082 1049088 2332082322 3493921024 2 135299072 2432696320 2 268960004 1025 5 13312 280649 9 135266304 2164260864 33587330 1077936128 2 262144 538984450 16777216 1073742912 83886168 1946943568 570626194 25248000 201334784 8454404 201334784
is_linear=0
shrinkage=0.05


Tree=66
num_leaves=31
num_cat=11
split_feature=0 17 17 17 6 17 17 17 6 17 0 17 0 5 5 0 2 5 3 17 6 3 5 17 14 6 0 3 17 5
split_gain=37047.2 10739.3 5189.49 1292.72 954.244 892.67 739.25 594.403 416.778 415.943 382.195 321.981 316.873 307.274 269.647 223.122 216.511 205.093 197.44 194.351 186.045 184.452 175.777 171.811 158.003 156.175 171.343 154.941 162.11 588.648
threshold=7.5000000000000009 0 1 2 19.500000000000004 3 4 5 17.500000000000004 6 102.50000000000001 7 22.500000000000004 18.750000000000004 26.250000000000004 14.000000000000002 32.500000000000007 18.750000000000004 7.5000000000000009 8 19.500000000000004 14.000000000000002 38.750000000000007 9 200.05238333333338 16.500000000000004 27.500000000000004 37.500000000000007 10 21.250000000000004
decision_type=2 9 9 9 2 9 9 9 2 9 2 9 2 2 2 2 2 2 2 9 2 2 2 9 2 2 2 2 9 2
left_child=2 15 9 8 7 -6 10 18 11 -1 14 -3 27 -11 25 -2 20 -13 -4 -15 -17 -10 24 -7 -14 26 -5 28 29 -8
right_child=1 3 4 6 5 23 12 -9 21 13 -12 17 22 19 -16 16 -18 -19 -20 -21 -22 -23 -24 -25 -26 -27 -28 -29 -30 -31
leaf_value=-0.025399151728524229 0.00076933695228964538 -0.0071624277164652923 -0.037029335887492597 0.16814513416806065 0.0017993358038316477 -0.041543092039299671 0.002707442891070411 -0.023227566230721378 0.00017959461698184855 -0.025399151728524229 1.2993828034049884 0.0013548483001636137 0.023022820142261938 -0.030039003577226622 0.15422240652869698 0.0008201768699245271 0.94977033939883604 -0.0032994985900890229 -0.044198623532879733 -0.025399151728524229 -5.5650629295023185e-06 -0.012650701706999268 0.15182709362693531 -0.031952433979454797 -0.0016677481259707251 8.9362601066600439e-05 0.043783292565571057 0.17481197338233959 -0.0070616793682716228 -0.027432889674196572
leaf_weight=27664 7238 11989 7034 6264 364 1471 21091 12996 4150 19281 1228 324 23212 881 12200 837 6623 3735 1606 8803 211 2795 2893 6036 54296 23454 29382 1910 56132 7260
leaf_count=27664 7238 11989 7034 6264 364 1471 21091 12996 4150 19281 1228 324 23212 881 12200 837 6623 3735 1606 8803 211 2795 2893 6036 54296 23454 29382 1910 56132 7260
internal_value=-0.00653154 0.00236776 -0.0351734 2.07758e-05 -0.0181506 -0.0330644 0.00110892 -0.0127334 -0.0113007 -0.0440324 0.00532273 -0.015734 -0.000723604 -0.0397601 0.00484712 0.0436323 0.03772 -0.0279061 -0.0228902 -0.0325072 0.0166031 -0.00107271 0.00153543 -0.03675 0.00108376 0.00345008 0.00553498 -0.00282604 -0.00314442 -6.17045e-05
internal_weight=363360 277224 86136 262315 29507 7871 239322 21636 22993 56629 72528 16048 166794 28965 71300 14909 7671 4059 8640 9684 1048 6945 80401 7507 77508 59100 35646 86393 84483 28351
internal_count=363360 277224 86136 262315 29507 7871 239322 21636 22993 56629 72528 16048 166794 28965 71300 14909 7671 4059 8640 9684 1048 6945 80401 7507 77508 59100 35646 86393 84483 28351
cat_boundaries=0 2 5 8 10 13 15 18 20 21 24 27
cat_threshold=2181038082 1049088 2332082322 3493921024 2 135299072 2432696320 2 0 1024 13312 280649 9 262144 539099138 33587330 1077936128 2 135266304 2164260864 16777216 8913156 19013633 4 25231364 69739808 4
is_linear=0
shrinkage=0.05


Tree=67
num_leaves=31
num_cat=14
split_feature=0 17 17 17 6 17 17 17 17 0 6 5 17 5 0 17 8 3 6 6 3 17 17 17 1 0 17 6 17 16
split_gain=36498.9 10476.3 5674.59 1379.54 1118.79 1047.26 571.735 435.054 426.334 387.217 385.72 299.451 296.655 296.535 256.836 250.083 241.839 219.155 205.248 203.592 195.318 194.231 169.515 161.905 159.037 254.777 144.849 142.128 305.74 279.086
threshold=7.5000000000000009 0 1 2 19.500000000000004 3 4 5 6 87.500000000000014 16.500000000000004 18.750000000000004 7 6.2500000000000009 32.500000000000007 8 24.500000000000004 7.5000000000000009 11.500000000000002 20.500000000000004 17.500000000000004 9 10 11 14.000000000000002 17.500000000000004 12 20.500000000000004 13 20.15859166666667
decision_type=2 9 9 9 2 9 9 9 9 2 2 2 9 2 2 9 2 2 2 2 2 9 9 9 2 2 9 2 9 2
left_child=2 24 8 -4 7 9 19 17 -1 10 15 -10 -12 22 27 -3 -17 -5 -15 20 -7 -13 -9 -14 -2 -26 -16 -8 -29 -30
right_child=1 5 3 4 -6 6 14 13 11 -11 12 21 23 18 26 16 -18 -19 -20 -21 -22 -23 -24 -25 25 -27 -28 28 29 -31
leaf_value=-0.02412919414209802 0.00073087010467514095 0.13196318035793766 0.0014241395814742486 -0.033839641098886868 -0.032250717530881892 -0.0087476615902617461 -0.0033459469515168651 0.010272605429463245 -0.02412919414209802 0.57412461266554193 -0.04419723036580523 -0.028537053398365278 0.11008620519019133 0.016616843820615391 0.11218492318700513 0.092181418061515086 0.013912667436456517 -0.03698698136532217 -0.093777923855578399 0.017774629571269875 -0.0054336836755864764 -0.02412919414209802 -0.034265529633697243 6.4503769733548216e-06 -0.0054341823334413068 0.9022818224288941 -0.0125712275385375 -0.03452502795118928 -0.031367392988818923 0.004273631500613018
leaf_weight=27664 7185 10619 4009 6379 6823 12105 106940 799 19546 2697 10224 881 7292 3293 10352 23417 33501 1435 3221 834 3297 8805 3281 25752 79 6655 6477 3592 1320 4886
leaf_count=27664 7185 10619 4009 6379 6823 12105 106940 799 19546 2697 10224 881 7292 3293 10352 23417 33501 1435 3221 834 3297 8805 3281 25752 79 6655 6477 3592 1320 4886
internal_value=-0.00634027 0.00249293 -0.0347694 -0.0168479 -0.0211778 0.000257296 -0.00248743 -0.0147762 -0.043969 0.00387977 0.00342448 -0.0396758 -0.000261163 -0.00814787 -0.00141005 0.00578572 0.0044688 -0.0237219 -0.00153516 -0.0113443 -0.0126542 -0.0325005 -0.0187255 0.00204211 0.044752 0.0392634 0.00436449 -0.00224263 0.00352113 0.0102317
internal_weight=363360 277224 86136 29240 25231 263305 149803 18408 56896 113502 110805 29232 43268 10594 133567 67537 56918 7814 6514 16236 15402 9686 4080 33044 13919 6734 16829 116738 9798 6206
internal_count=363360 277224 86136 29240 25231 263305 149803 18408 56896 113502 110805 29232 43268 10594 133567 67537 56918 7814 6514 16236 15402 9686 4080 33044 13919 6734 16829 116738 9798 6206
cat_boundaries=0 2 5 8 11 14 16 19 21 23 24 26 28 30 32
cat_threshold=2147483650 1049088 2332082322 3561029888 2 268435716 1024 5 302068740 134563945 13 135299072 16777216 2 262144 538968066 33587330 1077936128 2 33619968 134299649 33562624 81920 16777216 1073742912 16785497 268435456 264192 1678245968 100794512 83886336 572653714
is_linear=0
shrinkage=0.05


Tree=68
num_leaves=31
num_cat=12
split_feature=0 17 17 17 6 3 17 17 17 0 5 5 0 5 14 17 3 6 17 1 0 17 6 5 17 17 2 6 0 17
split_gain=36266.8 10259.8 5669.48 1379.89 1118.28 945.654 586.129 434.524 428.056 367.948 302.333 270.476 265.716 264.997 237.032 231.843 219.155 195.607 195.291 194.862 248.291 193.34 191.444 184.922 643.857 407.279 176.498 195.712 225.013 190.619
threshold=7.5000000000000009 0 1 2 19.500000000000004 22.500000000000004 3 4 5 77.500000000000014 18.750000000000004 6.2500000000000009 11.500000000000002 33.750000000000007 199.66253333333336 6 7.5000000000000009 20.500000000000004 7 14.000000000000002 17.500000000000004 8 11.500000000000002 21.250000000000004 9 10 14.000000000000002 11.500000000000002 14.000000000000002 11
decision_type=2 9 9 9 2 2 9 9 9 2 2 2 2 2 2 9 2 2 9 2 2 9 2 2 9 9 2 2 2 9
left_child=2 19 8 -4 7 6 12 16 -1 13 -10 -9 17 14 -7 -14 -5 -3 -16 -2 -21 -12 -13 24 26 -25 27 29 -29 -8
right_child=1 5 3 4 -6 9 23 11 10 -11 21 22 15 -15 18 -17 -18 -19 -20 20 -22 -23 -24 25 -26 -27 -28 28 -30 -31
leaf_value=-0.022922734434993111 0.000694326599441375 -0.014730730102784495 0.0013529326024005251 -0.032147659043942504 -0.030638181654337782 0.042942645342114005 -0.01277083902779177 -0.032552253152012378 -0.022922734434993111 0.42637799908858232 -0.027110200728447033 0.01578600162958459 -0.010882314922103476 0.11670422536520207 0.042148271454769674 -0.0069600920064830877 -0.035137632297056069 0.010314659175858233 -0.0049241789355377822 -0.0051624732167692144 0.85716773130744928 -0.022922734434993111 -0.089089027662799497 -0.028651305725361721 -0.0031373950133630757 -0.0018386012032269861 0.012045776757609251 0.0048769867950544388 -0.16788845149976894 0.0027393680940927647
leaf_weight=27664 7185 10454 4009 6379 6823 38177 1297 4080 19546 4505 881 3293 729 10895 30751 14536 1435 1321 57916 79 6655 8805 3221 5063 56269 19237 5178 4479 684 1814
leaf_count=27664 7185 10454 4009 6379 6823 38177 1297 4080 19546 4505 881 3293 729 10895 30751 14536 1435 1321 57916 79 6655 8805 3221 5063 56269 19237 5178 4479 684 1814
internal_value=-0.00642613 0.00237894 -0.0347648 -0.0168513 -0.0211818 0.000166531 -0.0030815 -0.0147816 -0.0439602 0.00293088 -0.0396587 -0.0081573 -0.00956747 0.00247098 0.00182823 -0.00521782 -0.0237219 -0.0152144 0.000409961 0.0441992 0.03812 -0.0324489 -0.00184219 -0.00121502 9.39459e-05 -0.00497119 0.0099168 0.0144549 0.0204242 0.00454838
internal_weight=363360 277224 86136 29240 25231 263305 121061 18408 56896 142244 29232 10594 27040 137739 126844 15265 7814 11775 88667 13919 6734 9686 6514 94021 69721 24300 13452 8274 5163 3111
internal_count=363360 277224 86136 29240 25231 263305 121061 18408 56896 142244 29232 10594 27040 137739 126844 15265 7814 11775 88667 13919 6734 9686 6514 94021 69721 24300 13452 8274 5163 3111
cat_boundaries=0 2 5 8 11 13 16 19 21 22 25 27 30
cat_threshold=2147483650 1049088 2332082322 3561029888 2 268435716 1024 5 403734528 50724992 2 262144 538968066 33587330 1077936128 2 134250496 0 2 437780496 461001 16777216 1024 270552321 9 0 2098432 0 270532608 9
is_linear=0
shrinkage=0.05


Tree=69
num_leaves=31
num_cat=12
split_feature=0 17 17 17 6 17 0 17 5 3 17 17 17 8 3 5 1 5 15 17 6 0 3 6 17 6 17 5 17 6
split_gain=36202.4 9704.89 5671.91 1389.75 1151.03 844.839 513.838 695.621 556.244 480.815 475.851 432.979 417.656 361.971 340.738 310.187 283.284 257.751 245.811 239.986 261.751 234.756 227.712 215.32 376.855 212.263 208.498 199.137 193.46 188.127
threshold=7.5000000000000009 0 1 2 19.500000000000004 3 14.000000000000002 4 26.250000000000004 14.000000000000002 5 6 7 23.500000000000004 87.500000000000014 18.750000000000004 14.000000000000002 6.2500000000000009 25.000000000000004 8 19.500000000000004 17.500000000000004 7.5000000000000009 19.500000000000004 9 11.500000000000002 10 31.250000000000004 11 11.500000000000002
decision_type=2 9 9 9 2 9 2 9 2 2 9 9 9 2 2 2 2 2 2 9 2 2 2 2 9 2 9 2 9 2
left_child=2 16 12 -4 11 14 7 13 9 19 -8 22 -1 -7 18 -14 -2 -13 23 20 -9 -18 -5 26 -25 -21 -3 -12 -17 -19
right_child=1 5 3 4 -6 6 10 8 -10 -11 27 17 15 -15 -16 28 21 29 -20 25 -22 -23 -24 24 -26 -27 -28 -29 -30 -31
leaf_value=-0.021776597713243452 0.00065961026946927961 0.035377888768074683 0.0012852859722805032 -0.030540276091745391 -0.029106272571620906 -0.010402475962463065 -0.010338199175998319 -0.037130835709607936 -0.0033512376389786881 -0.061510617424123032 -0.0017343132934337646 -0.030924640494411772 -0.021776597713243452 -0.021642614497160387 0.46751356540167033 -0.025754690692024698 -0.0049043495559307542 0.014996701548105396 0.13856920896917088 -0.0003771743034622688 0.0094166108362530934 0.81430934474207683 -0.033380750682203253 -0.082403190604441179 0.00011380306177022348 0.001690983156814685 0.0011226986028617604 0.060616638503782738 -0.021776597713243452 -0.084634576279659521
leaf_weight=27664 7185 52979 4009 6379 7049 4305 1601 2882 2854 2501 89231 4098 19281 15204 2614 881 79 3293 6038 791 1633 6655 1435 4264 12290 4419 52235 7464 8803 3244
leaf_count=27664 7185 52979 4009 6379 7049 4305 1601 2882 2854 2501 89231 4098 19281 15204 2614 881 79 3293 6038 791 1633 6655 1435 4264 12290 4419 52235 7464 8803 3244
internal_value=-0.00644898 0.00234828 -0.0347625 -0.0169682 -0.0212718 0.000196533 -0.0026092 -0.00785076 0.000218688 0.0048585 -0.000765036 -0.0147135 -0.0440236 -0.0140812 0.00305528 -0.0397429 0.0430218 -0.00812118 0.00269001 0.00988689 0.00142541 0.0356846 -0.0236452 0.00220173 -0.00309895 0.0171839 0.00303572 -0.000315909 -0.0324556 -0.00196573
internal_weight=363360 277224 86136 29507 25498 263305 132885 34589 15080 12226 98296 18449 56629 19509 130420 28965 13919 10635 127806 9725 4515 6734 7814 121768 16554 5210 105214 96695 9684 6537
internal_count=363360 277224 86136 29507 25498 263305 132885 34589 15080 12226 98296 18449 56629 19509 130420 28965 13919 10635 127806 9725 4515 6734 7814 121768 16554 5210 105214 96695 9684 6537
cat_boundaries=0 2 5 8 11 14 17 19 22 24 26 29 30
cat_threshold=2147483650 1049088 2332082322 3493921024 2 268435716 1024 5 344536068 2282048841 5 1075052800 587870226 8 134250496 268435456 2 262144 538968066 33587330 1077936128 2 536887376 2097312 67175424 134283337 74752 2147764297 1 16777216
is_linear=0
shrinkage=0.05


Tree=70
num_leaves=31
num_cat=15
split_feature=0 17 17 17 6 17 17 17 8 17 17 17 1 5 5 0 5 6 3 8 17 17 17 17 6 17 17 0 0 12
split_gain=36008.3 9475.75 5673.34 1389.4 1151.56 908.021 433.507 417.656 369.377 370.195 367.132 333.512 333.041 310.187 258.244 243.505 242.998 242.611 227.712 214.733 1331.7 1014.22 207.098 193.46 187.444 181.872 179.881 174.113 173.258 169.375
threshold=7.5000000000000009 0 1 2 19.500000000000004 3 4 5 23.500000000000004 6 7 8 14.000000000000002 18.750000000000004 6.2500000000000009 67.500000000000014 16.250000000000004 20.500000000000004 7.5000000000000009 24.500000000000004 9 10 11 12 11.500000000000002 13 14 112.50000000000001 17.500000000000004 63.500000000000007
decision_type=2 9 9 9 2 9 9 9 2 9 9 9 2 2 2 2 2 2 2 2 9 9 9 9 2 9 9 2 2 2
left_child=2 12 7 -4 6 10 18 -1 9 27 19 29 -2 -9 26 28 17 25 -5 21 -21 -3 -19 -15 -16 -12 -8 -7 -14 -10
right_child=1 5 3 4 -6 8 14 13 11 -11 16 -13 15 23 24 -17 -18 22 -20 20 -22 -23 -24 -25 -26 -27 -28 -29 -30 -31
leaf_value=-0.020687767827581284 0.00062662975599581117 -0.0045346140762362102 0.0012210216736664671 -0.029013262287158129 -0.027650958943039861 0.15193898677874193 0.017758305698141276 -0.020687767827581284 -0.0056354654409016547 0.0057221794145839062 -0.0098823521643399033 0.0042259971409091433 -0.0046591320781342203 -0.024466956157423472 0.014246866470700149 1.1909775053973737 -0.00029552997855208929 0.022915387462098469 -0.031711713148093068 0.0028150038077485286 -0.018686572231585343 -0.0057149359038304766 -0.01912125807395686 -0.020687767827581284 -0.080402847465676525 -0.0081453719777073285 -0.029378408469691177 1.4043990292418294 0.4071501149413248 -0.16968719357005907
leaf_weight=27664 7185 7010 4009 6379 7049 14062 638 19281 55851 46939 3962 51551 79 881 3293 4004 48198 1029 1435 2250 7338 3197 3558 8803 3244 17115 3460 717 2651 528
leaf_count=27664 7185 7010 4009 6379 7049 14062 638 19281 55851 46939 3962 51551 79 881 3293 4004 48198 1029 1435 2250 7338 3197 3558 8803 3244 17115 3460 717 2651 528
internal_value=-0.00652383 0.00224981 -0.0347613 -0.0169648 -0.0212678 0.000123616 -0.0147081 -0.0440236 0.00230523 0.00539065 -0.00382792 0.000541091 0.0424402 -0.0397429 -0.00811179 0.0344817 -0.00220652 -0.006137 -0.0236452 -0.00987377 -0.00450563 -0.014926 0.00428385 -0.0324556 -0.00195044 -0.0084049 -0.01796 0.0122895 0.022967 -0.00211655
internal_weight=363360 277224 86136 29507 25498 263305 18449 56629 169648 61718 93657 107930 13919 28965 10635 6734 73862 25664 7814 19795 9588 10207 4587 9684 6537 21077 4098 14779 2730 56379
internal_count=363360 277224 86136 29507 25498 263305 18449 56629 169648 61718 93657 107930 13919 28965 10635 6734 73862 25664 7814 19795 9588 10207 4587 9684 6537 21077 4098 14779 2730 56379
cat_boundaries=0 2 5 8 11 13 16 18 21 24 26 29 31 32 34 36
cat_threshold=2147483650 1049088 2332082322 3493921024 2 268435716 1024 5 722780432 2804420754 2 262144 538968066 33587330 1077936128 2 532544 395296 135299072 2164260864 2 1418268740 134357024 4 134250496 2147483648 1048576 16777216 2 33816592 528384 16777216 33554432 33558528 1073742912 83886168
is_linear=0
shrinkage=0.05


Tree=71
num_leaves=31
num_cat=13
split_feature=0 17 17 17 6 17 6 17 17 1 17 17 17 16 3 0 0 17 5 3 17 17 6 6 5 5 3 5 2 17
split_gain=33002 9306.51 6935.63 1471.54 1043.17 1035.28 598 565.416 528.862 384.758 374.423 367.336 326.916 309.235 302.892 274.814 258.363 613.458 566.248 502.603 314.595 284.749 228.736 213.156 212.268 202.872 199.466 177.734 175.533 167.956
threshold=7.5000000000000009 0 1 2 19.500000000000004 3 20.500000000000004 4 5 14.000000000000002 6 7 8 30.171350000000007 102.50000000000001 72.500000000000014 14.000000000000002 9 23.750000000000004 14.000000000000002 10 11 19.500000000000004 12.500000000000002 26.250000000000004 36.250000000000007 7.5000000000000009 18.750000000000004 22.500000000000004 12
decision_type=2 9 9 9 2 9 2 9 9 2 9 9 9 2 2 2 2 9 2 2 9 9 2 2 2 2 2 2 2 9
left_child=2 9 12 6 10 -3 8 14 -4 -2 26 13 -1 -8 24 28 17 23 19 20 22 -18 -19 29 -7 -23 -5 -14 -11 -9
right_child=1 5 3 4 -6 7 11 16 -10 15 -12 -13 27 -15 -16 -17 21 18 -20 -21 -22 25 -24 -25 -26 -27 -28 -29 -30 -31
leaf_value=-0.019653379436202201 0.00059529826819604281 -0.0045545146229609484 -0.0030193274806002536 -0.026672596193111398 -0.026268410995887861 0.018426832198096221 -0.00013722451350206555 -0.021290780993147608 0.00089389784524369637 -0.0044261754742275453 -0.031944659900991067 -0.11913022744263363 -0.019653379436202201 0.00046882794880280802 1.0067528554640031 1.3814286301275052 -0.025871187482409221 -0.043129587207909117 -0.0052075921853082189 -0.041880691431047536 0.0042908935544295089 0.00064164049167949602 0.0092275535664855472 -0.035556117268397892 0.13577600238488916 0.11788841311967176 -0.028053953620340355 -0.019653379436202201 0.40696621161008512 0.045653262365098791
leaf_weight=27664 7185 21350 3679 5323 6732 59150 252 2410 3505 83 10982 503 16316 1267 1160 3442 4244 2010 3993 2620 5860 130058 1163 11614 12218 3477 1108 8805 3209 1978
leaf_count=27664 7185 21350 3679 5323 6732 59150 252 2410 3505 83 10982 503 16316 1267 1160 3442 4244 2010 3993 2620 5860 130058 1163 11614 12218 3477 1108 8805 3209 1978
internal_value=-0.00634908 0.00205033 -0.0333821 -0.0155166 -0.0220017 -5.67761e-05 0.0014974 0.000874713 -0.00526169 0.0418802 -0.0155487 0.0255193 -0.0446586 0.037639 0.00456864 0.0333234 -0.000706752 -0.00478071 0.00226111 0.0078306 0.013423 0.00022899 0.00070688 -0.01166 0.00415733 0.000634618 -0.0251281 -0.0404222 0.0229951 -0.00227894
internal_weight=363360 277224 86136 33351 24145 263305 9206 241955 7184 13919 17413 2022 52785 1519 72528 6734 169427 31648 15646 11653 9033 137779 3173 16002 71368 133535 6431 25121 3292 4388
internal_count=363360 277224 86136 33351 24145 263305 9206 241955 7184 13919 17413 2022 52785 1519 72528 6734 169427 31648 15646 11653 9033 137779 3173 16002 71368 133535 6431 25121 3292 4388
cat_boundaries=0 2 5 8 10 13 14 16 18 21 23 25 28 30
cat_threshold=2147483650 1049088 2315305106 3561029888 2 285737220 1025 5 135299072 2432696320 13312 280649 9 17301504 0 538968066 16777216 1024 33587330 1077936128 2 1141178624 707473554 814219348 32 16777216 1024 2 262144 35786754
is_linear=0
shrinkage=0.05


Tree=72
num_leaves=31
num_cat=12
split_feature=0 17 17 17 6 3 6 17 17 1 17 17 5 17 17 0 5 3 16 5 5 6 5 5 17 17 17 6 2 14
split_gain=32574.1 9215.98 7132.82 1575.23 1066.57 891.91 734.223 656.946 463.992 410.595 396.135 366.384 458.265 326.916 309.013 302.833 277.228 227.712 226.136 202.743 181.628 182.603 177.734 173.743 518.533 329.654 212.59 171.725 170.373 154.83
threshold=7.5000000000000009 0 1 2 19.500000000000004 22.500000000000004 18.500000000000004 3 4 14.000000000000002 5 6 18.750000000000004 7 8 72.500000000000014 26.250000000000004 7.5000000000000009 30.119033333333338 18.750000000000004 6.2500000000000009 11.500000000000002 18.750000000000004 23.750000000000004 9 10 11 11.500000000000002 22.500000000000004 779.94013333333339
decision_type=2 9 9 9 2 2 2 9 9 2 9 9 2 9 9 2 2 2 2 2 2 2 2 2 9 9 9 2 2 2
left_child=2 9 13 6 10 8 7 19 -3 -2 17 12 18 -1 16 28 -7 -5 -8 -4 -12 -22 -15 24 29 -25 -26 -16 -11 -10
right_child=1 5 3 4 -6 14 11 -9 23 15 20 -13 -14 22 27 -17 -18 -19 -20 -21 21 -23 -24 25 26 -27 -28 -29 -30 -31
leaf_value=-0.018670710464392084 0.00056553335478621853 -0.0051721616154816637 -0.0028683611065702498 -0.025965366177750672 -0.024954990446093464 0.045586652656266581 1.3741860527938243e-05 0.00082007030825770322 -0.0074437152122893485 -0.0042048667005161631 -0.02423640651245336 -0.11317371607050193 -0.023092641975522278 -0.018670710464392084 0.040691075140632728 1.31235719862113 0.21178427950455153 -0.028723429809671422 0.00044538655136268092 -0.025368692480315414 0.021063254050165892 -0.074785472097343139 -0.018670710464392084 -0.0093285477487758516 0.00070254109578620221 5.839134512619637e-05 0.0039207594641439414 0.0002002649368995968 0.38661790102958093 0.0073585295365735
leaf_weight=27664 7185 33257 1739 6379 6732 36053 371 3991 38330 83 3626 596 272 16316 15266 3442 10247 1435 1573 664 2824 3149 8805 8752 13758 12081 11764 80678 3209 3119
leaf_count=27664 7185 33257 1739 6379 6732 36053 371 3991 38330 83 3626 596 272 16316 15266 3442 10247 1435 1573 664 2824 3149 8805 8752 13758 12081 11764 80678 3209 3119
internal_value=-0.00636586 0.00197891 -0.033223 -0.015106 -0.0218154 -0.00011792 0.00249566 -0.00686581 -0.00327232 0.0416146 -0.0152903 0.0237909 0.0330638 -0.0446586 0.00256672 0.032774 0.00592097 -0.0236452 0.0417181 -0.0274554 -0.00845561 -0.00310564 -0.0404222 -0.00136652 -0.000126174 -0.00535449 0.0054794 0.000947329 0.021932 -0.00357823
internal_weight=363360 277224 86136 33351 24145 263305 9206 6394 121061 13919 17413 2812 2216 52785 142244 6734 46300 7814 1944 2403 9599 5973 25121 87804 66971 20833 25522 95944 3292 41449
internal_count=363360 277224 86136 33351 24145 263305 9206 6394 121061 13919 17413 2812 2216 52785 142244 6734 46300 7814 1944 2403 9599 5973 25121 87804 66971 20833 25522 95944 3292 41449
cat_boundaries=0 2 5 8 9 12 14 16 19 21 24 26 28
cat_threshold=2147483650 1049088 2315305106 3561029888 2 285737220 1025 5 16777216 403734528 2198208640 10 262144 538968066 16777216 1024 33587330 1077936128 2 35135488 411848 1737232708 671158296 4 536887296 270533888 81936 67641442
is_linear=0
shrinkage=0.05


Tree=73
num_leaves=31
num_cat=12
split_feature=0 17 17 17 6 17 6 17 1 17 0 17 8 17 17 17 17 5 17 0 0 15 16 12 3 5 8 5 8 2
split_gain=32677.7 8599.9 7105.31 1585.44 1056.66 853.873 734.223 656.946 550.728 388.165 367.681 618.011 693.66 905.747 861.813 457.913 366.384 458.265 326.916 304.248 255.522 252.923 226.136 222.868 209.519 202.743 195.739 177.734 177.577 170.075
threshold=7.5000000000000009 0 1 2 19.500000000000004 3 18.500000000000004 4 14.000000000000002 5 14.000000000000002 6 24.500000000000004 7 8 9 10 18.750000000000004 11 107.50000000000001 77.500000000000014 25.000000000000004 30.119033333333338 63.500000000000007 7.5000000000000009 18.750000000000004 24.500000000000004 18.750000000000004 23.500000000000004 22.500000000000004
decision_type=2 9 9 9 2 9 2 9 2 9 2 9 2 9 9 9 9 2 9 2 2 2 2 2 2 2 2 2 2 2
left_child=2 8 18 6 9 19 7 25 -2 24 11 12 14 -14 -7 26 17 22 -1 21 29 23 -8 28 -5 -4 -12 -20 -3 -10
right_child=1 5 3 4 -6 10 16 -9 20 -11 15 -13 13 -15 -16 -17 -18 -19 27 -21 -22 -23 -24 -25 -26 -27 -28 -29 -30 -31
leaf_value=-0.017737174941172464 0.00053725668704691649 0.027072709991080402 -0.0027249430512417574 -0.025100434725534405 -0.0237072409237888 -0.0046907442569271048 1.3054767501552434e-05 0.00077906679284480698 -0.0039946233654903907 -0.029135606580318864 -0.009787115454929031 -0.017018437843597311 0.0031605874292832681 0.00015152166387011334 -0.00042207421797586521 -0.0013027152922139964 -0.10751503026697683 -0.021938009876746146 -0.017737174941172464 1.1538188264073648 1.2467393386900731 0.13488025107900228 0.00042311722379455578 -0.15000318318668598 -0.027314287130676809 -0.024100257856299656 0.0040764456454983836 -0.017737174941172464 0.00034756751155455849 0.40449616780520548
leaf_weight=27664 7185 49760 1739 6904 6732 1739 371 3991 83 9068 1905 17922 1806 7613 5413 77800 596 272 16316 1014 2722 6589 1573 1071 1441 664 474 8805 90199 3929
leaf_count=27664 7185 49760 1739 6904 6732 1739 371 3991 83 9068 1905 17922 1806 7613 5413 77800 596 272 16316 1014 2722 6589 1573 1071 1441 664 474 8805 90199 3929
internal_value=-0.00634522 0.00201281 -0.0332451 -0.0151629 -0.021894 -1.27224e-05 0.00249566 -0.00686581 0.0403008 -0.0153994 -0.00325422 -0.0075711 -0.000606115 0.00830768 -0.0123462 -0.0013975 0.0237909 0.0330638 -0.0446586 0.00248818 0.0300564 0.00230086 0.0417181 0.00185351 -0.0231777 -0.0274554 -0.0229594 -0.0404222 0.00202738 0.0220339
internal_weight=363360 277224 86136 33351 24145 263305 9206 6394 13919 17413 114672 34493 16571 9419 7152 80179 2812 2216 52785 148633 6734 147619 1944 141030 8345 2403 2379 25121 139959 4012
internal_count=363360 277224 86136 33351 24145 263305 9206 6394 13919 17413 114672 34493 16571 9419 7152 80179 2812 2216 52785 148633 6734 147619 1944 141030 8345 2403 2379 25121 139959 4012
cat_boundaries=0 2 5 8 11 12 14 17 19 21 24 26 29
cat_threshold=2147483650 1049088 2315305106 3561029888 2 285737220 1025 5 1418310660 134573161 13 16777216 262144 538984450 721436752 2483028352 2 167772176 2147483648 134217744 2147483648 134217728 2415919104 2 16777216 1024 33587330 1077936128 2
is_linear=0
shrinkage=0.05


Tree=74
num_leaves=31
num_cat=12
split_feature=0 17 17 17 6 17 6 17 1 17 17 5 17 17 5 8 17 17 0 3 16 12 5 5 15 2 0 6 17 0
split_gain=32318.2 8536.76 7192.37 1553.31 1088.1 802.349 734.223 656.946 581.557 417.618 366.384 458.265 365.185 326.916 308.308 291.745 1709.67 1164.99 273.214 229.154 226.136 221.025 202.743 177.734 175.635 166.148 161.22 167.804 213.247 207.31
threshold=7.5000000000000009 0 1 2 19.500000000000004 3 18.500000000000004 4 14.000000000000002 5 6 18.750000000000004 7 8 28.750000000000004 24.500000000000004 9 10 77.500000000000014 7.5000000000000009 30.119033333333338 63.500000000000007 18.750000000000004 18.750000000000004 25.000000000000004 22.500000000000004 107.50000000000001 11.500000000000002 11 11.500000000000002
decision_type=2 9 9 9 2 9 2 9 2 9 9 2 9 9 2 2 9 9 2 2 2 2 2 2 2 2 2 2 9 2
left_child=2 8 13 6 9 14 7 22 -2 19 11 20 15 -1 21 17 -17 -7 25 -5 -8 24 -4 -15 26 -10 27 28 -3 -29
right_child=1 5 3 4 -6 12 10 -9 18 -11 -12 -13 -14 23 -16 16 -18 -19 -20 -21 -22 -23 -24 -25 -26 -27 -28 29 -30 -31
leaf_value=-0.016850316194113858 0.00051039385269460171 -0.0032032003647117337 -0.0025886958986796496 -0.023412076132586404 -0.022521878877599377 -0.0023647060936658804 1.2402029126468152e-05 0.00074011345320257327 -0.0037948921972159157 -0.023845412989257665 -0.10213927875362799 -0.02084110938290884 -0.0029257464575639606 -0.016850316194113858 0.1059538570449135 0.0030025580578191048 -0.01616751595141741 -0.0047083180838704665 1.1844023717555694 -0.025921543962653983 0.0004019613626048191 -0.1487597388997326 -0.022895244963484676 -0.016850316194113858 0.13106500557255105 0.38427135941494517 1.157886629896246 -0.041025613277880617 0.087876188597696636 0.00011402547333467795
leaf_weight=27664 7185 11869 1739 6379 6732 8046 371 3991 83 9599 596 272 104892 16316 22742 2250 7857 3197 2722 1435 1573 1061 664 8805 5288 3929 511 4262 14126 77204
leaf_count=27664 7185 11869 1739 6379 6732 8046 371 3991 83 9599 596 272 104892 16316 22742 2250 7857 3197 2722 1435 1573 1061 664 8805 5288 3929 511 4262 14126 77204
internal_value=-0.00642393 0.001888 -0.0331754 -0.0149831 -0.0216456 -0.000130072 0.00249566 -0.00686581 0.0400352 -0.0150548 0.0237909 0.0330638 -0.00300589 -0.0446586 0.00251873 -0.00896536 -0.00280499 -0.0145113 0.029507 -0.0236324 0.0417181 0.00146124 -0.0274554 -0.0404222 0.00167402 0.0212114 0.00123828 0.00110505 0.00460281 -1.10476e-05
internal_weight=363360 277224 86136 33351 24145 263305 9206 6394 13919 17413 2812 2216 126242 52785 137063 21350 10107 11243 6734 7814 1944 114321 2403 25121 113260 4012 107972 107461 25995 81466
internal_count=363360 277224 86136 33351 24145 263305 9206 6394 13919 17413 2812 2216 126242 52785 137063 21350 10107 11243 6734 7814 1944 114321 2403 25121 113260 4012 107972 107461 25995 81466
cat_boundaries=0 2 5 8 11 12 14 16 18 21 23 25 28
cat_threshold=2147483650 1049088 2315305106 3561029888 2 285737220 1025 5 1418277892 134563945 13 16777216 262144 538968066 16777216 1024 135299072 2432696320 33587330 1077936128 2 134250496 2147483648 1048576 285212672 344457216 262216 9
is_linear=0
shrinkage=0.05


Tree=75
num_leaves=31
num_cat=12
split_feature=0 17 17 17 6 6 17 17 1 17 17 5 17 8 17 17 17 0 0 5 3 16 14 5 5 5 6 1 5 17
split_gain=32390.7 8376.23 7225.88 1541.09 1100.28 734.223 707.134 656.946 616.699 430.625 366.384 458.265 353.649 343.052 1738.23 1119.19 326.916 293.712 292.545 272.57 229.154 226.136 205.851 202.743 177.734 169.138 200.918 161.916 151.591 561.952
threshold=7.5000000000000009 0 1 2 19.500000000000004 18.500000000000004 3 4 14.000000000000002 5 6 18.750000000000004 7 24.500000000000004 8 9 10 82.500000000000014 77.500000000000014 12.000000000000002 7.5000000000000009 30.119033333333338 149.85584166666669 18.750000000000004 18.750000000000004 6.2500000000000009 11.500000000000002 22.500000000000004 16.250000000000004 11
decision_type=2 9 9 9 2 2 9 9 2 9 9 2 9 2 9 9 9 2 2 2 2 2 2 2 2 2 2 2 2 9
left_child=2 8 16 5 9 7 12 23 -2 20 11 21 13 15 -15 -3 -1 19 27 -8 -5 -7 -21 -4 -18 -11 -27 -10 29 -14
right_child=1 6 3 4 -6 10 17 -9 18 25 -12 -13 28 14 -16 -17 24 -19 -20 22 -22 -23 -24 -25 -26 26 -28 -29 -30 -31
leaf_value=-0.016007800384408143 0.00048487416005986721 -0.0075160706472678033 -0.0024592611037456804 -0.022241472325957103 -0.021395784933719408 1.1781927670151404e-05 -0.016830206850692874 0.00070310778054243355 -0.0036051475873550842 -0.020375535208351891 -0.097032314815946569 -0.019799053913763399 0.0089435485711449655 0.0028524301549281541 -0.017480523659050107 -0.0044729021796769079 -0.016007800384408143 0.40446027896709613 1.1251822531677911 0.055527049739292525 -0.024625466764521289 0.0003818632944745826 0.0043582819469724756 -0.021750482715310462 -0.016007800384408143 0.022659142326136462 -0.068397147513997197 0.36505779144419787 -0.00031821799695386233 -0.007654468747519072
leaf_weight=27664 7185 5918 1739 6379 6732 371 21985 3991 83 3626 596 272 3646 2250 6787 3197 16316 3503 2722 24880 1435 1573 96203 664 8805 2824 3149 3929 64543 30393
leaf_count=27664 7185 5918 1739 6379 6732 371 21985 3991 83 3626 596 272 3646 2250 6787 3197 16316 3503 2722 24880 1435 1573 96203 664 8805 2824 3149 3929 64543 30393
internal_value=-0.00636724 0.00195402 -0.0331487 -0.0149141 -0.0215504 0.00249566 -4.50031e-05 -0.00686581 0.0397408 -0.0149228 0.0237909 0.0330638 -0.00294833 -0.0093602 -0.0024621 -0.0162095 -0.0446586 0.00226735 0.0288981 0.00191727 -0.0236324 0.0417181 0.00284722 -0.0274554 -0.0404222 -0.00779998 -0.00263687 0.0203141 -0.00176688 -0.00446693
internal_weight=363360 277224 86136 33351 24145 9206 263305 6394 13919 17413 2812 2216 116734 18152 9037 9115 52785 146571 6734 143068 7814 1944 121083 2403 25121 9599 5973 4012 98582 34039
internal_count=363360 277224 86136 33351 24145 9206 263305 6394 13919 17413 2812 2216 116734 18152 9037 9115 52785 146571 6734 143068 7814 1944 121083 2403 25121 9599 5973 4012 98582 34039
cat_boundaries=0 2 5 8 10 11 13 15 17 19 21 24 26
cat_threshold=2147483650 1049088 2315305106 3561029888 2 285737220 1025 5 722780480 3072988562 16777216 262144 538968066 16777216 1024 135299072 2164260864 134250496 2147483648 1048576 16777216 33587330 1077936128 2 0 270533888
is_linear=0
shrinkage=0.05


Tree=76
num_leaves=31
num_cat=12
split_feature=0 17 17 17 6 3 6 2 17 17 17 17 5 17 0 17 5 3 16 5 5 14 8 17 17 0 14 5 6 17
split_gain=32091.7 8310.09 7193.82 1552.78 1088.63 754.845 734.223 658.443 656.946 418.179 394.453 366.384 458.265 326.916 324.111 283.303 243.788 229.154 226.136 202.743 177.734 175.949 171.898 1248.27 1042.12 269.921 198.71 160.159 182.832 159.785
threshold=7.5000000000000009 0 1 2 19.500000000000004 22.500000000000004 18.500000000000004 14.000000000000002 3 4 5 6 18.750000000000004 7 77.500000000000014 8 28.750000000000004 7.5000000000000009 30.119033333333338 18.750000000000004 18.750000000000004 779.94013333333339 24.500000000000004 9 10 11.500000000000002 79.949558333333343 6.2500000000000009 11.500000000000002 11
decision_type=2 9 9 9 2 2 2 2 9 9 9 9 2 9 2 9 2 2 2 2 2 2 2 9 9 2 2 2 2 9
left_child=2 7 13 6 9 10 8 -2 19 17 22 12 18 -1 -9 16 -7 -5 -8 -4 -15 29 24 -24 -3 26 -25 -11 -29 -12
right_child=1 5 3 4 -6 15 11 14 -10 27 21 -13 -14 20 -16 -17 -18 -19 -20 -21 -22 -23 23 25 -26 -27 -28 28 -30 -31
leaf_value=-0.015207410365187758 0.00046063045205686494 -0.0042492570706930801 -0.002336298048558394 -0.021129398709659242 -0.020325995687033416 0.039038897332521576 1.1192831286654937e-05 0.33456960808614622 0.00066795239151531407 -0.019356758447934299 0.00088687317864781794 -0.092180699075149253 -0.018809101218075244 -0.015207410365187758 1.0689231405094013 0.0037820521057382096 0.17686319903378944 -0.023394193426295208 0.00036277012975083345 -0.020662958579544945 -0.015207410365187758 0.0050225484783579695 0.0027098086471817775 0.00032070528908594302 -0.0066179640730227975 -0.016862274239442688 -0.018460615447223994 0.021526185209829674 -0.064977290138297325 -0.0033337977657202701
leaf_weight=27664 7186 3129 1739 6379 6732 38237 371 4011 3991 3626 20263 596 272 16316 2722 93026 10981 1435 1573 664 8805 6093 2229 612 8205 7293 5123 2824 3149 68114
leaf_count=27664 7186 3129 1739 6379 6732 38237 371 4011 3991 3626 20263 596 272 16316 2722 93026 10981 1435 1573 664 8805 6093 2229 612 8205 7293 5123 2824 3149 68114
internal_value=-0.00651668 0.00176608 -0.0331743 -0.0149801 -0.0216415 -0.000225016 0.00249566 0.0394034 -0.00686581 -0.0150491 -0.00312694 0.0237909 0.0330638 -0.0446586 0.0281969 0.00224473 0.00531202 -0.0236324 0.0417181 -0.0274554 -0.0404222 -0.00161198 -0.00850532 -0.00504359 -0.0131728 -0.0109603 -0.0190846 -0.00802893 -0.00300519 -0.00217873
internal_weight=363360 277224 86136 33351 24145 263305 9206 13919 6394 17413 121061 2812 2216 52785 6733 142244 49218 7814 1944 2403 25121 94470 26591 15257 11334 13028 5735 9599 5973 88377
internal_count=363360 277224 86136 33351 24145 263305 9206 13919 6394 17413 121061 2812 2216 52785 6733 142244 49218 7814 1944 2403 25121 94470 26591 15257 11334 13028 5735 9599 5973 88377
cat_boundaries=0 2 5 8 9 11 13 15 18 20 22 24 27
cat_threshold=2147483650 1049088 2315305106 3561029888 2 285737220 1025 5 16777216 262144 538968066 403734528 2198208512 16777216 1024 33587330 1077936128 2 1597440 33966280 134250496 2147483648 134250496 2147483648 78848 67659851 13
is_linear=0
shrinkage=0.05


Tree=77
num_leaves=31
num_cat=13
split_feature=0 17 17 17 6 6 17 2 17 17 17 5 0 17 17 8 17 6 17 0 17 5 3 5 3 16 17 0 5 5
split_gain=32297.2 8189.82 7189.46 1554.38 1087.05 734.223 685.365 679.277 656.946 416.496 366.384 458.265 337.294 326.916 325.484 283.463 721.15 409.54 323.103 279.19 595.233 351.895 319.455 278.488 229.154 226.136 217.158 206.711 202.743 177.734
threshold=7.5000000000000009 0 1 2 19.500000000000004 18.500000000000004 3 14.000000000000002 4 5 6 18.750000000000004 77.500000000000014 7 8 24.500000000000004 9 17.500000000000004 10 14.000000000000002 11 23.750000000000004 14.000000000000002 12.000000000000002 7.5000000000000009 30.119033333333338 12 127.50000000000001 18.750000000000004 18.750000000000004
decision_type=2 9 9 9 2 2 9 2 9 9 9 2 2 9 9 2 9 2 9 2 9 2 2 2 2 2 9 2 2 2
left_child=2 7 13 5 9 8 23 -2 28 24 11 25 -9 -1 15 18 -17 -18 -8 20 21 22 -16 -3 -5 -7 -21 -25 -4 -15
right_child=1 6 3 4 -6 10 14 12 -10 -11 -12 -13 -14 29 19 16 17 -19 -20 26 -22 -23 -24 27 -26 -27 -28 -29 -30 -31
leaf_value=-0.01444703984692839 0.00043759892945400837 -0.017354174690878476 -0.0022194831461304966 -0.020072928774176282 -0.019309695902681768 1.063318972231997e-05 -0.019237482162848797 0.31784112768183875 0.00063455477193956615 -0.020666527656980495 -0.087571664121391821 -0.017868646157171496 1.0154769834839315 -0.01444703984692839 0.0043716475085503253 -0.020484611198508598 0.003912818029400889 -0.000132572684244181 -0.0040367942171584126 -0.024289995169686576 -0.013636936482824958 -0.027260079480291924 -0.037999623161833897 0.016085163032351347 -0.022224483754980453 0.00034463162326328069 7.7993762485206738e-05 2.1584142180882786 -0.019629810650567681 -0.01444703984692839
leaf_weight=27664 7186 18204 1739 6379 6732 371 3075 4011 3991 9599 596 272 2722 16316 6730 3571 1289 961 3197 3975 19491 2516 1773 101453 1435 1573 96734 336 664 8805
leaf_count=27664 7186 18204 1739 6379 6732 371 3075 4011 3991 9599 596 272 2722 16316 6730 3571 1289 961 3197 3975 19491 2516 1773 101453 1435 1573 96734 336 664 8805
internal_value=-0.00643494 0.0018743 -0.0331778 -0.0149891 -0.0216539 0.00249566 -0.000102349 0.0392383 -0.00686581 -0.0150663 0.0237909 0.0330638 0.0278553 -0.0446586 -0.00243647 -0.0102826 -0.00234496 0.0197788 -0.0176658 -0.00171265 -0.00590298 0.00338653 0.00825003 0.00268535 -0.0236324 0.0417181 -0.000443357 0.00370423 -0.0274554 -0.0404222
internal_weight=363360 277224 86136 33351 24145 9206 263305 13919 6394 17413 2812 2216 6733 52785 143312 12093 5821 2250 6272 131219 30510 11019 8503 119993 7814 1944 100709 101789 2403 25121
internal_count=363360 277224 86136 33351 24145 9206 263305 13919 6394 17413 2812 2216 6733 52785 143312 12093 5821 2250 6272 131219 30510 11019 8503 119993 7814 1944 100709 101789 2403 25121
cat_boundaries=0 2 5 8 11 12 14 16 19 21 23 25 27 29
cat_threshold=2147483650 1049088 2315305106 3561029888 2 285737220 1025 5 335623172 402999369 15 16777216 262144 538968066 16777216 1024 33587330 1077936128 2 134250496 2164260864 0 16777216 0 16777216 59261008 67110144 16777216 1024
is_linear=0
shrinkage=0.05


Tree=78
num_leaves=31
num_cat=15
split_feature=0 17 17 17 6 2 6 17 17 17 17 5 17 17 0 8 17 6 17 0 17 17 6 17 5 3 16 3 8 17
split_gain=31904.7 7811.12 7185.09 1489.06 1104 825.122 760.677 710.236 622.539 398.503 366.384 458.265 327.738 326.916 282.566 269.463 681.644 409.54 349.913 258.4 590.674 336.865 251.757 400.716 245.15 286.212 226.136 221.565 211.581 210.57
threshold=7.5000000000000009 0 1 2 19.500000000000004 14.000000000000002 18.500000000000004 3 4 5 6 18.750000000000004 7 8 82.500000000000014 24.500000000000004 9 17.500000000000004 10 14.000000000000002 11 12 17.500000000000004 13 21.250000000000004 14.000000000000002 30.119033333333338 7.5000000000000009 24.500000000000004 14
decision_type=2 9 9 9 2 2 2 9 9 9 9 2 9 9 2 2 9 2 9 2 9 9 2 9 2 2 2 2 2 9
left_child=2 5 13 6 9 -2 8 22 -4 27 11 26 15 -1 -7 18 17 -17 -9 20 24 -21 28 -24 25 -14 -8 -5 -3 -26
right_child=1 7 3 4 -6 14 10 12 -10 -11 -12 -13 19 -15 -16 16 -18 -19 -20 21 -22 -23 23 -25 29 -27 -28 -29 -30 -31
leaf_value=-0.013724687854581986 0.00041571898298133905 0.08808881503088771 -0.0097319677237825974 -0.019069282335467452 -0.018344211107547671 0.32073874727750645 1.010153023619509e-05 -0.0046720646730003422 0.00060282703334260115 -0.019633201274131463 -0.08319308091532221 -0.016975213849312932 0.0040480473771912001 -0.013724687854581986 1.2147031343097348 0.0037171771279308711 -0.014659236143810973 -0.00012594405003198971 -0.0038349545063004701 -0.0090942844288593779 -0.013127708338878108 -7.4943054639398099e-05 0.015148687594568423 -0.042442894548779191 -0.025121181547336405 -0.037732721852699935 0.00032740004210012334 -0.021113259567231424 0.021123268464080348 -0.00090439256587764309
leaf_weight=27664 7186 32502 2403 6379 6732 4530 371 4167 3991 9599 596 272 7559 25121 2203 1289 4122 961 3197 2791 19851 104308 16224 17906 821 1738 1573 1435 42609 3260
leaf_count=27664 7186 32502 2403 6379 6732 4530 371 4167 3991 9599 596 272 7559 25121 2203 1289 4122 961 3197 2791 19851 104308 16224 17906 821 1738 1573 1435 42609 3260
internal_value=-0.00660144 0.00165714 -0.0331812 -0.0149981 -0.0215214 0.038147 0.00211589 -0.000273247 -0.0074132 -0.0148826 0.0237909 0.0330638 -0.00245986 -0.0446586 0.0255978 -0.00982831 -0.00230697 0.0197788 -0.0163498 -0.00173795 -0.00559 -0.000542956 0.0028105 -0.000750073 0.00253212 0.00701839 0.0417181 -0.0232618 0.00442878 -0.00768194
internal_weight=363360 277224 86136 33351 24145 13919 9206 263305 6394 17413 2812 2216 154064 52785 6733 13736 6372 2250 7364 140328 33229 107099 109241 34130 13378 9297 1944 7814 75111 4081
internal_count=363360 277224 86136 33351 24145 13919 9206 263305 6394 17413 2812 2216 154064 52785 6733 13736 6372 2250 7364 140328 33229 107099 109241 34130 13378 9297 1944 7814 75111 4081
cat_boundaries=0 2 5 8 11 12 14 16 19 22 24 27 29 31 34 36
cat_threshold=2147483650 1049088 2315305106 3561029888 2 285737220 1025 5 268514308 134563913 13 16777216 262144 538968066 16777216 1024 134250496 2164260864 2 33587330 1077936128 2 134250496 2147483648 0 16777216 2 59261008 335545600 0 268436480 268443652 264192 9 0 256
is_linear=0
shrinkage=0.05


Tree=79
num_leaves=31
num_cat=14
split_feature=0 17 17 17 6 2 6 0 17 17 17 17 5 17 5 17 17 8 17 6 0 17 16 3 6 17 5 6 17 3
split_gain=31666.5 7631.64 7220.05 1476.57 1116.8 900.204 760.677 708.278 906.592 719.55 622.539 410.532 367.914 366.384 458.265 327.486 326.916 323.437 365.434 309.863 309.161 307.163 226.136 222.987 207.907 294.029 202.743 191.887 578.007 848.857
threshold=7.5000000000000009 0 1 2 19.500000000000004 14.000000000000002 18.500000000000004 11.500000000000002 3 4 5 6 33.750000000000007 7 18.750000000000004 8 9 24.500000000000004 10 11.500000000000002 82.500000000000014 11 30.119033333333338 7.5000000000000009 17.500000000000004 12 18.750000000000004 19.500000000000004 13 14.000000000000002
decision_type=2 9 9 9 2 2 2 2 9 9 9 9 2 9 2 9 9 2 9 2 2 9 2 2 2 9 2 2 9 2
left_child=2 5 16 6 11 -2 10 9 -9 17 26 23 15 14 22 24 -1 18 -3 -11 -7 -19 -8 -5 -10 -26 -4 -21 29 -29
right_child=1 7 3 4 -6 20 13 8 12 19 -12 -13 -14 -15 -16 -17 -18 21 -20 27 -22 -23 -24 -25 25 -27 -28 28 -30 -31
leaf_value=-0.013038453461852884 0.00039493303383224547 -0.0030858473366218498 -0.0016219106026348574 -0.018115818218694103 -0.017427000552170304 0.30470180991363094 9.5964537243808944e-06 -0.0080139388821662827 0.029182332284545254 -0.0034888097007588215 0.00057268568167545553 -0.018651541210424893 0.099519557146387966 -0.079033426869556112 -0.016126453156847288 -0.0020381772095630526 -0.013038453461852884 0.0023652850324273446 0.00031028880453378707 -0.014117804579585959 1.1539679775942482 -4.940197314668993e-05 0.00031103003999510825 -0.020057596588869853 0.021346766369990534 -0.031676194586290583 -0.018161721731850201 0.019338746887595272 -0.051661147736613705 -0.036903270935595603
leaf_weight=27664 7186 3222 1739 6379 6732 4530 371 4624 64781 5217 3991 9599 13271 596 272 107567 25121 4840 6022 12989 2203 7240 1573 1435 8119 20297 664 2029 2163 924
leaf_count=27664 7186 3222 1739 6379 6732 4530 371 4624 64781 5217 3991 9599 13271 596 272 107567 25121 4840 6022 12989 2203 7240 1573 1435 8119 20297 664 2029 2163 924
internal_value=-0.006673 0.0015547 -0.0331534 -0.0149261 -0.0214221 0.0376229 0.00211589 -0.000353379 0.000818398 -0.00609237 -0.0074132 -0.0147447 0.00129202 0.0237909 0.0330638 0.0007591 -0.0446586 0.00054842 -0.0064907 -0.0121593 0.0245136 0.00593543 0.0417181 -0.023249 0.00292843 -0.000636965 -0.0274554 -0.0152582 -0.00705629 0.00734053
internal_weight=363360 277224 86136 33351 24145 13919 9206 263305 218659 44646 6394 17413 214035 2812 2216 200764 52785 21324 9244 23322 6733 12080 1944 7814 93197 28416 2403 18105 5116 2953
internal_count=363360 277224 86136 33351 24145 13919 9206 263305 218659 44646 6394 17413 214035 2812 2216 200764 52785 21324 9244 23322 6733 12080 1944 7814 93197 28416 2403 18105 5116 2953
cat_boundaries=0 2 5 8 11 14 15 17 19 22 25 27 29 31 33
cat_threshold=2147483650 1049088 2315305106 3561029888 2 285737220 1025 5 134250496 2415920128 2 998821972 2483309889 6 16777216 262144 538968066 16777216 1024 1074082816 136792139 1 33587330 1077936128 2 134250512 2147483968 167809040 2147749184 1073741824 2361346 1075052544 52432930
is_linear=0
shrinkage=0.05


Tree=80
num_leaves=31
num_cat=13
split_feature=0 17 17 17 6 2 6 17 17 17 17 5 17 0 17 5 16 3 5 5 17 16 0 6 16 17 5 17 17 0
split_gain=31224.7 7576.87 7547.38 1363.53 1238.71 917.098 760.677 672.154 622.539 543.25 366.384 458.265 326.916 318.799 291.757 289.427 226.136 222.987 202.743 177.734 163.326 166.969 161.987 191.205 343.532 377.725 200.979 516.141 240.693 229.316
threshold=7.5000000000000009 0 1 2 19.500000000000004 14.000000000000002 18.500000000000004 3 4 5 6 18.750000000000004 7 82.500000000000014 8 18.750000000000004 30.119033333333338 7.5000000000000009 18.750000000000004 18.750000000000004 9 20.347333333333339 32.500000000000007 20.500000000000004 20.15859166666667 10 16.250000000000004 11 12 14.000000000000002
decision_type=2 9 9 9 2 2 2 9 9 9 9 2 9 2 9 2 2 2 2 2 9 2 2 2 2 9 2 9 9 2
left_child=2 5 12 6 9 -2 8 15 18 17 11 16 -1 -7 -9 -3 -8 -5 -4 -14 -17 -22 23 26 -25 -26 27 29 -29 -16
right_child=1 7 3 4 -6 13 10 14 -10 -11 -12 -13 19 -15 22 20 -18 -19 -20 -21 21 -23 -24 24 25 -27 -28 28 -30 -31
leaf_value=-0.012386530788760243 0.00037518638214066873 -0.0019538311704157432 -0.0015408150725030991 -0.01721002730775938 -0.016555650524561785 0.28946671941794938 9.1166310381751717e-06 -0.002844955476763378 0.00054405139759170493 -0.017718964149903638 -0.075081755526078278 -0.015320130499004936 -0.012386530788760243 1.0962695787145358 -0.013110256346622773 0.13995660740337465 0.00029547853799534175 -0.019054716759426341 -0.01725363564525768 -0.012386530788760243 0.068742906109079627 0.005800977188458312 0.036095002508949751 -0.042473941565713519 -0.0034192432558447731 0.0099861831633834448 -0.0018852155535554972 -0.0030453977864834062 0.0075514588749049597 -0.0046754691650995996
leaf_weight=27664 7186 55398 1739 6379 6732 4530 371 16937 3991 9599 596 272 16316 2203 7533 15024 1573 1435 664 8805 26220 32486 12968 2839 3298 2976 63265 8145 3572 12644
leaf_count=27664 7186 55398 1739 6379 6732 4530 371 16937 3991 9599 596 272 16316 2203 7533 15024 1573 1435 664 8805 26220 32486 12968 2839 3298 2976 63265 8145 3572 12644
internal_value=-0.00660062 0.00156949 -0.0328957 -0.0142607 -0.020503 0.0375081 0.00211589 -0.000331732 -0.0074132 -0.0134698 0.0237909 0.0330638 -0.0446586 0.024276 -0.00280988 0.00224334 0.0417181 -0.023249 -0.0274554 -0.0404222 0.0042954 0.00310307 -0.00192324 -0.00257883 0.00433995 0.0108703 -0.00324142 -0.00647771 0.00187175 -0.0113216
internal_weight=363360 277224 86136 33351 24145 13919 9206 263305 6394 17413 2812 2216 52785 6733 134177 129128 1944 7814 2403 25121 73730 58706 117240 104272 9113 6274 95159 31894 11717 20177
internal_count=363360 277224 86136 33351 24145 13919 9206 263305 6394 17413 2812 2216 52785 6733 134177 129128 1944 7814 2403 25121 73730 58706 117240 104272 9113 6274 95159 31894 11717 20177
cat_boundaries=0 2 5 8 11 12 14 16 19 21 23 25 27 29
cat_threshold=2147483650 1049088 2315305106 3561029888 2 285737220 1025 5 344536068 134563945 13 16777216 262144 538968066 16777216 1024 33587330 1077936128 2 134217728 2432696322 8192 280576 553664768 639770768 34865472 638193680 1610629120 8320
is_linear=0
shrinkage=0.05


Tree=81
num_leaves=31
num_cat=12
split_feature=0 17 17 17 6 2 6 17 17 17 17 5 0 17 0 6 17 16 6 16 17 14 5 5 17 5 0 6 16 17
split_gain=30226.2 8278.51 7495.53 1031.49 1914.46 947.038 658.983 673.24 603.721 595.231 443.428 458.265 336.021 283.992 255.946 228.428 311.614 226.136 212.354 233.016 213.353 314.169 280.836 202.743 186.503 182.015 181.527 185.017 328.332 393.629
threshold=7.5000000000000009 0 1 2 18.500000000000004 14.000000000000002 18.500000000000004 3 4 5 6 18.750000000000004 82.500000000000014 7 107.50000000000001 16.500000000000004 8 30.119033333333338 11.500000000000002 60.092350000000003 9 69.904583333333349 8.7500000000000018 18.750000000000004 10 26.250000000000004 27.500000000000004 20.500000000000004 20.15859166666667 11
decision_type=2 9 9 9 2 2 2 9 9 9 9 2 2 9 2 2 9 2 2 2 9 2 2 2 9 2 2 2 2 9
left_child=1 9 5 6 18 -2 7 23 14 25 11 17 -7 -10 15 24 -17 -8 20 -20 22 -22 -5 -3 -4 -1 27 -15 -29 -30
right_child=2 3 8 4 -6 12 10 -9 13 -11 -12 -13 -14 26 -16 16 -18 -19 19 -21 21 -23 -24 -25 -26 -27 -28 28 29 -31
leaf_value=-0.012255235224235772 0.00035642706303367082 -0.0014637743188779418 0.13558253322640221 0.0012252955013680291 -0.0157278679983337 0.27499338344705182 8.6607994862486493e-06 0.00054598147243591912 -0.0027027077029251781 -0.01176720424932225 -0.071032462360311313 -0.014554123974054712 1.0414560997788087 -0.0036448180353895413 0.9909198120362892 0.070676931754107386 -0.019497872858852006 0.00028070461109557242 -0.057894913916810432 -0.070956144534301616 -0.01683301594240847 0.02831045545801554 -0.066254360836835918 -0.016390953862994807 0.019474545296016291 -0.096217754544703341 0.011969654510318152 -0.041010502318020815 0.0094868740052143075 0.0034245163436656513
leaf_weight=14451 7186 1739 10308 1147 7180 4530 371 4785 16937 41479 676 272 2203 91288 1014 8285 35679 1573 2687 1811 2708 2443 1315 664 58869 835 32110 2702 2363 3750
leaf_count=14451 7186 1739 10308 1147 7180 4530 371 4785 16937 41479 676 272 2203 91288 1014 8285 35679 1573 2687 1811 2708 2443 1315 664 58869 835 32110 2702 2363 3750
internal_value=-0.0064765 -0.0323477 0.00156191 -0.0107842 -0.0175561 0.0373071 0.00218038 -0.00592654 -0.000329074 -0.0434954 0.0223375 0.0330638 0.0238601 -0.00242357 0.00240748 0.00218356 -0.00063461 0.0417181 -0.00543721 -0.0140507 -0.000348089 -0.00613253 0.0117314 -0.0274554 0.00397459 -0.0349503 -0.0016423 -0.00269173 0.00422575 0.0106413
internal_weight=363360 86136 277224 29371 19291 13919 10080 7188 263305 56765 2892 2216 6733 149150 114155 113141 43964 1944 12111 4498 7613 5151 2462 2403 69177 15286 132213 100103 8815 6113
internal_count=363360 86136 277224 29371 19291 13919 10080 7188 263305 56765 2892 2216 6733 149150 114155 113141 43964 1944 12111 4498 7613 5151 2462 2403 69177 15286 132213 100103 8815 6113
cat_boundaries=0 3 5 8 9 12 14 16 18 21 23 25 27
cat_threshold=2315305106 3563127040 2 2147483650 1049088 285737220 1027 5 16777216 268514308 134563945 15 16384 69271808 16777216 1024 134217728 2432696322 268435456 264192 2 1610613824 553648208 8192 81920 1108639808 529408
is_linear=0
shrinkage=0.05


Tree=82
num_leaves=31
num_cat=12
split_feature=0 17 17 2 17 6 6 17 17 17 17 5 17 5 5 16 6 16 17 14 5 5 6 17 16 5 17 0 6 17
split_gain=30138.4 8288.75 7103.13 1100.47 1027.16 1922.23 658.983 673.24 597.971 543.893 443.428 458.265 345.62 266.52 256.142 226.136 206.878 226.054 213.353 314.169 280.836 202.743 195.953 310.919 337.859 254.967 495.472 246.584 307.702 246.235
threshold=7.5000000000000009 0 1 14.000000000000002 2 18.500000000000004 18.500000000000004 3 4 5 6 18.750000000000004 7 23.750000000000004 16.250000000000004 30.119033333333338 11.500000000000002 60.092350000000003 8 69.904583333333349 8.7500000000000018 18.750000000000004 20.500000000000004 9 20.15859166666667 16.250000000000004 10 14.000000000000002 11.500000000000002 11
decision_type=2 9 9 2 9 2 2 9 9 9 9 2 9 2 2 2 2 2 9 2 2 2 2 9 2 2 9 2 2 9
left_child=1 8 3 -2 6 16 7 21 -1 14 11 15 -11 -5 -4 -8 18 -18 20 -20 -6 -3 25 -24 -25 26 27 28 -14 -28
right_child=2 4 9 13 5 -7 10 -9 -10 12 -12 -13 22 -15 -16 -17 17 -19 19 -21 -22 -23 23 24 -26 -27 29 -29 -30 -31
leaf_value=-0.014498578847664768 0.00033860570988197836 -0.0013905856029340581 -0.0036140071697972512 0.27636040258359051 0.0011640307262996252 -0.014941474598417015 8.2277595119251146e-06 0.00051868239881414091 -0.01117884403685614 -0.0070588573627449417 -0.06748083924229574 -0.013826417775351985 -0.002476615496620216 0.90520810130692775 0.046164379409195003 0.00026666938054078495 -0.055000168220969897 -0.067408337307586538 -0.015991365145288049 0.02689493268511476 -0.062941642794994132 -0.015571406169845049 -0.010301815196680941 -0.019030370109131358 0.0084343187100627947 -0.00083457749914668262 -0.0025496157075762583 -0.0049699351423363684 -0.014979666334544107 0.0073437126841866991
leaf_weight=15286 7186 1739 48494 4618 1147 7180 371 4785 41479 9267 676 272 2744 2115 71937 1573 2687 1811 2708 2443 1315 664 4908 1396 4531 85135 9692 15967 5513 3721
leaf_count=15286 7186 1739 48494 4618 1147 7180 371 4785 41479 9267 676 272 2744 2115 71937 1573 2687 1811 2708 2443 1315 664 4908 1396 4531 85135 9692 15967 5513 3721
internal_value=-0.00650017 -0.0323338 0.00152656 0.0363235 -0.010757 -0.0175146 0.00218038 -0.00592654 -0.0434883 -0.000314262 0.0223375 0.0330638 -0.00240055 0.0218253 0.00216081 0.0417181 -0.00537115 -0.0138728 -0.000348089 -0.00613253 0.0117314 -0.0274554 -0.0017524 0.00469312 0.0123884 -0.00232138 -0.00574833 -0.0100149 -0.017034 0.00196305
internal_weight=363360 86136 277224 13919 29371 19291 10080 7188 56765 263305 2892 2216 142874 6733 120431 1944 12111 4498 7613 5151 2462 2403 133607 10835 5927 122772 37637 24224 8257 13413
internal_count=363360 86136 277224 13919 29371 19291 10080 7188 56765 263305 2892 2216 142874 6733 120431 1944 12111 4498 7613 5151 2462 2403 133607 10835 5927 122772 37637 24224 8257 13413
cat_boundaries=0 3 5 8 9 11 14 16 19 21 23 25 27
cat_threshold=2315305106 3563127040 2 2147483650 1049088 285737220 1027 5 16777216 16384 69271808 336147460 134563913 13 16777216 1024 134217728 16777216 2 1610613824 553648208 553648384 2720137362 43254080 638193808 1610629120 2147491874
is_linear=0
shrinkage=0.05


Tree=83
num_leaves=31
num_cat=13
split_feature=0 17 17 2 17 6 6 17 17 17 17 5 0 17 5 17 17 17 5 6 0 6 0 17 5 16 17 8 5 6
split_gain=30251.4 8248.2 6823.75 1208.74 1039.62 1899.94 658.983 673.24 598.657 498.532 443.428 458.265 330.024 671.101 427.199 442.597 377.555 374.092 284.978 264.026 230.608 249.502 291.028 285.918 246.774 226.136 208.724 229.836 202.743 197.738
threshold=7.5000000000000009 0 1 14.000000000000002 2 18.500000000000004 18.500000000000004 3 4 5 6 18.750000000000004 14.000000000000002 7 23.750000000000004 8 9 10 23.750000000000004 11.500000000000002 107.50000000000001 17.500000000000004 11.500000000000002 11 21.250000000000004 30.119033333333338 12 28.500000000000004 18.750000000000004 11.500000000000002
decision_type=2 9 9 2 9 2 2 9 9 9 9 2 2 9 2 9 9 9 2 2 2 2 2 9 2 2 9 2 2 2
left_child=1 8 3 -2 6 29 7 28 -1 20 11 25 13 -11 15 -15 -16 -14 -5 -17 21 22 24 -24 -4 -8 27 -23 -3 -6
right_child=2 4 9 18 5 -7 10 -9 -10 12 -12 -13 17 14 16 19 -18 -19 -20 -21 -22 26 23 -25 -26 -27 -28 -29 -30 -31
leaf_value=-0.013773649905281538 0.00032167542438790166 -0.0013210563227873619 0.0023936662392765487 0.26254238245441092 -0.008477393266547173 -0.014194400868496172 7.8163715363288592e-06 0.00049274827887342283 -0.010619901835013313 -0.012590058080519474 -0.064106797280180941 -0.013135096886584386 -0.0075543169621784759 -0.0085600560411970509 0.00061388639824890847 -0.00095850341654211144 -0.0053213609640576642 0.00017346178125379199 0.85994769624158141 0.0042180804077806226 0.93906560246401483 -0.026028622105263556 -0.0056391938636849662 0.042627600318102844 0.00095327384529451118 0.00025333591151373015 0.0022099316666586155 0.00055456281966677074 -0.014792835861352806 -0.0640379204422072
leaf_weight=15286 7186 1739 1795 4618 7613 7180 371 4785 41479 20052 676 272 9744 7513 1791 1567 2947 116589 2115 5603 1008 7042 775 61534 853 1573 21334 3158 664 4498
leaf_count=15286 7186 1739 1795 4618 7613 7180 371 4785 41479 20052 676 272 9744 7513 1791 1567 2947 116589 2115 5603 1008 7042 775 61534 853 1573 21334 3158 664 4498
internal_value=-0.00647732 -0.0323593 0.00156444 0.0356702 -0.0108352 -0.0176338 0.00218038 -0.00592654 -0.0434866 -0.000239827 0.0223375 0.0330638 -0.00190814 -0.00589897 0.000728218 0.00494109 -0.0123259 -0.000661347 0.0204738 0.0138162 0.0025972 0.00234892 0.00412042 0.00343048 0.020355 0.0417181 -0.00130018 -0.00717924 -0.0274554 -0.00556106
internal_weight=363360 86136 277224 13919 29371 19291 10080 7188 56765 263305 2892 2216 165806 39473 19421 14683 4738 126333 6733 7170 97499 96491 64957 62309 2648 1944 31534 10200 2403 12111
internal_count=363360 86136 277224 13919 29371 19291 10080 7188 56765 263305 2892 2216 165806 39473 19421 14683 4738 126333 6733 7170 97499 96491 64957 62309 2648 1944 31534 10200 2403 12111
cat_boundaries=0 3 5 8 9 11 14 16 19 21 23 26 28 30
cat_threshold=2315305106 3563127040 2 2147483650 1049088 285737220 1027 5 16777216 16384 69271808 111620 2147764297 13 16777216 1024 1142161664 690696210 2 814219328 100663456 50331712 301989888 184549376 285213696 2 32768 2147483648 66560 2147500097
is_linear=0
shrinkage=0.05


Tree=84
num_leaves=31
num_cat=10
split_feature=0 17 17 1 17 6 6 17 17 17 17 5 0 0 17 16 0 6 16 17 14 5 5 6 0 5 8 17 8 6
split_gain=30228 8291.31 6700.18 1258.82 1026.08 1924.18 658.983 673.24 598.657 470.772 443.428 458.265 315.671 273.179 255.03 226.136 211.318 205.52 223.874 213.353 314.169 280.836 202.743 193.667 237.415 189.244 186.142 172.056 189.157 150.049
threshold=7.5000000000000009 0 1 14.000000000000002 2 18.500000000000004 18.500000000000004 3 4 5 6 18.750000000000004 62.500000000000007 32.500000000000007 7 30.119033333333338 122.50000000000001 11.500000000000002 60.092350000000003 8 69.904583333333349 8.7500000000000018 18.750000000000004 17.500000000000004 27.500000000000004 26.250000000000004 23.500000000000004 9 28.500000000000004 20.500000000000004
decision_type=2 9 9 2 9 2 2 9 9 9 9 2 2 2 9 2 2 2 2 9 2 2 2 2 2 2 2 9 2 2
left_child=1 8 3 -2 6 17 7 22 25 16 11 15 -5 14 -11 -8 23 19 -19 21 -21 -6 -3 24 -4 -1 -26 28 -25 -16
right_child=2 4 9 12 5 -7 10 -9 -10 13 -12 -13 -14 -15 29 -17 -18 18 -20 20 -22 -23 -24 27 26 -27 -28 -29 -30 -31
leaf_value=-0.010228862025376673 0.00030559165316850216 -0.0012550035066480004 0.019416386924342624 0.056569914266404453 0.0015296988533120004 -0.01348468082507135 7.4255529594946527e-06 0.00046811086492977162 -0.010088906743262661 -0.013184899763420521 -0.060901457416171881 -0.012478342042255175 0.50331312749548973 0.034023626414312426 -0.0024833261511705731 0.00024066911593805253 1.7027229521478375 -0.049048263787811047 -0.060836024420096863 -0.014767927224696288 0.025974055714186407 -0.059370690991917031 -0.014053194068285181 -0.024727191000000384 0.075314372596000476 -0.089993255379820891 0.0019464492090611075 0.0021778791773655825 0.0005268346786833966 0.003982660492947954
leaf_weight=14451 7185 1739 11992 2018 1147 7180 371 4785 41479 9355 676 272 4716 26158 120759 1573 448 2687 1811 2708 2443 1315 664 7049 20757 835 31998 21187 3158 10444
leaf_count=14451 7185 1739 11992 2018 1147 7180 371 4785 41479 9355 676 272 4716 26158 120759 1573 448 2687 1811 2708 2443 1315 664 7049 20757 835 31998 21187 3158 10444
internal_value=-0.00645833 -0.0323303 0.00158031 0.0353758 -0.0107501 -0.0175043 0.00218038 -0.00592654 -0.0434866 -0.000207546 0.0223375 0.0330638 0.0198693 -0.00181675 -0.00268999 0.0417181 0.0025699 -0.00535464 -0.0138284 -0.000348089 -0.00613253 0.0117314 -0.0274554 0.00241052 0.00397316 -0.0349176 0.00252962 -0.000812257 -0.00614172 -0.0021206
internal_weight=363360 86136 277224 13919 29371 19291 10080 7188 56765 263305 2892 2216 6734 166716 140558 1944 96589 12111 4498 7613 5151 2462 2403 96141 64747 15286 52755 31394 10207 131203
internal_count=363360 86136 277224 13919 29371 19291 10080 7188 56765 263305 2892 2216 6734 166716 140558 1944 96589 12111 4498 7613 5151 2462 2403 96141 64747 15286 52755 31394 10207 131203
cat_boundaries=0 3 5 8 9 11 14 16 18 20 22
cat_threshold=2315305106 3563127040 2 2147483650 1049088 285737220 1027 5 16777216 16384 69271808 78852 2147764297 13 16777216 1024 134217728 16842752 1610613824 553648208 66560 2147500097
is_linear=0
shrinkage=0.05


Tree=85
num_leaves=31
num_cat=12
split_feature=0 17 17 0 17 6 6 17 17 17 17 5 0 17 17 8 17 17 6 1 3 16 5 5 5 6 17 5 16 5
split_gain=30110 8248.2 6690.36 1180.19 1039.62 1899.94 658.983 673.24 598.657 461.354 443.428 458.265 339.726 891.037 554.637 546.33 529.506 527.739 335.116 312.302 257.421 226.136 207.683 202.743 196.292 195.628 227.729 262.616 223.874 189.244
threshold=7.5000000000000009 0 1 62.500000000000007 2 18.500000000000004 18.500000000000004 3 4 5 6 18.750000000000004 11.500000000000002 7 8 24.500000000000004 9 10 11.500000000000002 14.000000000000002 14.000000000000002 30.119033333333338 23.750000000000004 18.750000000000004 36.250000000000007 11.500000000000002 11 8.7500000000000018 60.092350000000003 26.250000000000004
decision_type=2 9 9 2 9 2 2 9 9 9 9 2 2 9 9 2 9 9 2 2 2 2 2 2 2 2 9 2 2 2
left_child=1 8 19 12 6 25 7 23 29 -5 11 21 13 18 -14 17 -17 -15 -4 -2 22 -8 -18 -3 -16 26 -6 -28 -27 -1
right_child=2 4 3 9 5 -7 10 -9 -10 -11 -12 -13 14 15 24 16 20 -19 -20 -21 -22 -23 -24 -25 -26 28 27 -29 -30 -31
leaf_value=-0.0097174189241078235 0.00029031207051009037 -0.001192253331315607 -0.0012037364712294441 0.37795396316700852 0.0014532139106464117 -0.012810446783817798 7.0542753115354632e-06 0.00044470532168330303 -0.0095844614060995436 0.067819929477999349 -0.057856384545363286 -0.011854424940142395 -0.0071171733451510736 -0.0036171936836084662 0.0011178261956501956 0.0013889154915170288 0.0033276543905978785 -0.00071871807229504378 -0.015087641927076146 -0.12531409496441379 -0.047710847878273024 0.00022863566014112992 -0.0039542924696939433 -0.013350534364870903 0.10846764434847067 -0.046595850598420488 -0.014029530863461481 0.047331186848214385 -0.057794223199091999 -0.085493592610829838
leaf_weight=14451 7185 1739 5078 9702 2897 7180 371 4785 41479 7037 676 272 6647 1286 197713 2295 7150 8566 16652 79 2515 1573 1104 664 4215 2687 2595 2121 1811 835
leaf_count=14451 7185 1739 5078 9702 2897 7180 371 4785 41479 7037 676 272 6647 1286 197713 2295 7150 8566 16652 79 2515 1573 1104 664 4215 2687 2595 2121 1811 835
internal_value=-0.00653787 -0.0323593 0.00148508 0.000210023 -0.0108352 -0.0176338 0.00218038 -0.00592654 -0.0434866 0.0130683 0.0223375 0.0330638 -0.000639955 -0.0045984 0.000207359 0.00228125 0.00898653 -0.0066078 -0.0118491 0.048804 0.00431858 0.0417181 0.00858977 -0.0274554 0.000675455 -0.00556106 -0.000676474 -0.00744816 -0.0138284 -0.0349176
internal_weight=363360 86136 277224 269960 29371 19291 10080 7188 56765 16739 2892 2216 253221 44646 208575 22916 13064 9852 21730 7264 10769 1944 8254 2403 201928 12111 7613 4716 4498 15286
internal_count=363360 86136 277224 269960 29371 19291 10080 7188 56765 16739 2892 2216 253221 44646 208575 22916 13064 9852 21730 7264 10769 1944 8254 2403 201928 12111 7613 4716 4498 15286
cat_boundaries=0 3 5 8 9 11 13 15 18 21 24 26 28
cat_threshold=2315305106 3563127040 2 2147483650 512 285737220 1027 5 16777216 16384 69271808 268435456 35078144 16777216 1024 1276445952 690696379 9 151027712 2415920128 2 33587216 2147745856 2 16 2147483648 1610613824 553652336
is_linear=0
shrinkage=0.05


Tree=86
num_leaves=31
num_cat=13
split_feature=0 17 17 0 17 6 17 6 17 17 17 5 17 2 0 17 5 3 17 6 16 6 3 17 5 17 6 0 17 3
split_gain=30306.7 8178.01 6677.83 1099.46 1000.32 1780.72 669.792 658.983 673.24 452.327 443.428 458.265 355.132 308.392 253.134 681.588 387.47 390.293 290.949 236.48 226.136 209.555 490.419 692.238 350.37 207.67 206.7 286.776 227.688 217.943
threshold=7.5000000000000009 0 1 62.500000000000007 2 18.500000000000004 3 18.500000000000004 4 5 6 18.750000000000004 7 14.000000000000002 14.000000000000002 8 26.250000000000004 14.000000000000002 9 11.500000000000002 30.119033333333338 19.500000000000004 14.000000000000002 10 18.750000000000004 11 18.500000000000004 27.500000000000004 12 32.500000000000007
decision_type=2 9 9 2 9 2 9 2 9 9 9 2 9 2 2 9 2 2 9 2 2 2 2 9 2 9 2 2 9 2
left_child=1 6 13 12 7 -6 -1 8 -3 -5 11 20 26 -2 15 19 17 -17 -16 -14 -9 24 23 -23 25 -21 27 29 -28 -4
right_child=2 4 3 9 5 -7 -8 10 -10 -11 -12 -13 14 -15 18 16 -18 -19 -20 21 -22 22 -24 -25 -26 -27 28 -29 -30 -31
leaf_value=-0.012087653362543228 0.00027579646698461247 -0.0087560993997084502 0.0013194697169411464 0.44935163227841318 -0.018827668405508736 -0.012169924444626902 -0.0091052383357945743 6.7015615459631308e-06 0.00042247005559912235 0.14468476992244916 -0.054963565318095098 -0.011261703693135283 -0.0015389286866432706 -0.11904839021619314 -0.01789759680562204 0.0016593273607426796 -0.002315093925512901 -0.038238915879368562 -0.00010061741982489992 -0.041159336720526789 0.00021720387713406453 0.021522570338558381 -0.059956641933131133 -0.026115114606229197 -0.021585186576380179 -0.010601248204675074 -0.054468353478953402 0.016827161923401945 0.00043104717017330432 0.24392487969242113
leaf_weight=16165 7186 2403 12255 5188 11589 6823 41479 371 4785 11551 676 272 4239 78 8808 13640 2927 3529 111649 1591 1573 1482 1327 993 5301 4099 6954 55211 16217 2999
leaf_count=16165 7186 2403 12255 5188 11589 6823 41479 371 4785 11551 676 272 4239 78 8808 13640 2927 3529 111649 1591 1573 1482 1327 993 5301 4099 6954 55211 16217 2999
internal_value=-0.00650594 -0.0324115 0.00154316 0.000269289 -0.0104835 -0.017414 -0.0432407 0.00218038 -0.00592654 0.01268 0.0223375 0.0330638 -0.0005511 0.0488177 -0.00198534 -0.00547945 0.000944992 0.0038121 -0.000850511 -0.0122571 0.0417181 -0.0152471 -0.00512888 0.0080202 -0.0187472 -0.0273638 0.0018933 0.00324062 -0.00220319 0.00930903
internal_weight=363360 86136 277224 269960 28492 18412 57644 10080 7188 16739 2892 2216 253221 7264 159585 39128 20096 17169 120457 19032 1944 14793 3802 2475 10991 5690 93636 70465 23171 15254
internal_count=363360 86136 277224 269960 28492 18412 57644 10080 7188 16739 2892 2216 253221 7264 159585 39128 20096 17169 120457 19032 1944 14793 3802 2475 10991 5690 93636 70465 23171 15254
cat_boundaries=0 3 5 8 10 11 13 15 18 20 23 25 27 29
cat_threshold=2315305106 3563143424 2 2147483650 512 285737220 1027 5 16384 69288192 16777216 0 34799616 16777216 1024 111620 2283030601 13 1142161664 556478610 150994944 285213696 2 1075052544 18878466 67109120 538976400 66560 135282753
is_linear=0
shrinkage=0.05


Tree=87
num_leaves=31
num_cat=11
split_feature=0 17 17 0 17 6 17 6 17 17 17 5 17 2 16 17 6 0 5 5 16 17 0 16 6 15 5 17 3 6
split_gain=30229.5 8193.81 6687.11 1041.65 1009.87 1817.14 669.792 636.627 706.488 465.179 427.945 458.265 344.748 308.392 226.136 212.251 204.155 229.285 196.333 181.49 180.417 190.961 174.423 164.875 151.52 151.133 145.339 354.188 220.276 196.473
threshold=7.5000000000000009 0 1 62.500000000000007 2 18.500000000000004 3 18.500000000000004 4 5 6 18.750000000000004 7 14.000000000000002 30.119033333333338 8 17.500000000000004 14.000000000000002 18.750000000000004 26.250000000000004 209.96226666666669 9 92.500000000000014 109.99456666666667 11.500000000000002 25.000000000000004 13.500000000000002 10 14.000000000000002 10.500000000000002
decision_type=2 9 9 2 9 2 9 2 9 9 9 2 9 2 2 9 2 2 2 2 2 9 2 2 2 2 2 9 2 2
left_child=1 6 13 12 7 20 19 8 18 22 11 14 16 -2 -9 -14 17 -4 -3 24 21 -6 -5 -11 -1 26 27 -17 -29 -28
right_child=2 4 3 9 5 -7 -8 10 -10 23 -12 -13 15 -15 -16 25 -18 -19 -20 -21 -22 -23 -24 -25 -26 -27 29 28 -30 -31
leaf_value=-0.012723671652161261 0.00026200664363535965 -0.00069483569476442859 -0.0026639701475283497 0.25345642756670445 0.0023219366353895324 -0.011561428222395566 -0.0086499764190048466 6.3664834686782969e-06 0.00066741929755860247 0.041656311098309119 -0.052510592441653396 -0.01069861850847853 0.0019915415502062216 -0.11309597070538349 0.00020634368327736576 -0.050506439339700476 0.0013527723037658037 -0.0029342707817530569 -0.012245202676641932 -0.080614530312161176 -0.049006952876145787 -0.024131322762800656 1.145907219390923 0.29341087031962448 -0.011483270694416082 0.014930942755511191 0.018769463874076742 0.0055703319280049797 -0.0040718346336875658 -0.0017139326089856688
leaf_weight=4994 7186 1739 8120 3729 1666 6833 41479 371 4029 7260 666 272 50480 78 1573 11074 6977 10479 664 836 732 9947 1459 4291 10335 6086 12984 5179 8630 133212
leaf_count=4994 7186 1739 8120 3729 1666 6833 41479 371 4029 7260 666 272 50480 78 1573 11074 6977 10479 664 836 732 9947 1459 4291 10335 6086 12984 5179 8630 133212
internal_value=-0.00652851 -0.0324011 0.00151033 0.000235582 -0.0104519 -0.0170106 -0.0432407 0.00305663 -0.0056903 0.0123156 0.0225885 0.0330638 -0.000562947 0.0488177 0.0417181 5.55665e-05 -0.00606582 -0.00880424 -0.0270825 -0.034507 -0.00556906 -0.00405149 0.0247403 0.0067079 -0.0357655 -0.000759419 -0.0010349 -0.00456738 0.000777914 -0.000433664
internal_weight=363360 86136 277224 269960 28492 19178 57644 9314 6432 16739 2882 2216 253221 7264 1944 227645 25576 18599 2403 16165 12345 11613 5188 11551 15329 177165 171079 24883 13809 146196
internal_count=363360 86136 277224 269960 28492 19178 57644 9314 6432 16739 2882 2216 253221 7264 1944 227645 25576 18599 2403 16165 12345 11613 5188 11551 15329 177165 171079 24883 13809 146196
cat_boundaries=0 3 5 8 10 11 13 15 17 20 22 25
cat_threshold=2315305106 3563143424 2 2147483650 512 285212932 1027 5 16384 69288192 16777216 0 34799616 16777216 1024 135266304 285216770 9216 2148812872 8 536872000 4192 361300224 704783505 1
is_linear=0
shrinkage=0.05


Tree=88
num_leaves=31
num_cat=14
split_feature=0 17 17 17 6 0 6 17 17 17 5 17 0 17 8 17 17 2 6 16 17 17 6 17 5 6 5 5 6 17
split_gain=30151 8234.43 6690.37 1058.32 1883.54 996.894 653.157 657.828 598.657 443.428 458.265 422.934 412.022 559.994 694.829 733.598 556.33 308.392 228.898 226.136 220.955 218.463 215.599 225.854 211.56 201.002 196.333 189.244 189.042 237.031
threshold=7.5000000000000009 0 1 2 18.500000000000004 87.500000000000014 18.500000000000004 3 4 5 18.750000000000004 6 14.000000000000002 7 24.500000000000004 8 9 14.000000000000002 11.500000000000002 30.119033333333338 10 11 17.500000000000004 12 26.250000000000004 17.500000000000004 18.750000000000004 26.250000000000004 11.500000000000002 13
decision_type=2 9 9 9 2 2 2 9 9 9 2 9 2 9 2 9 9 2 2 2 9 9 2 9 2 2 2 2 2 9
left_child=1 8 17 6 28 11 7 26 27 10 19 22 13 18 16 -16 -15 -2 -13 -8 -14 -7 23 -4 -18 -26 -3 -1 29 -5
right_child=2 3 5 4 -6 21 9 -9 -10 -11 -12 12 20 14 15 -17 24 -19 -20 -21 -22 -23 -24 -25 25 -27 -28 -29 -30 -31
leaf_value=-0.0080530017750544587 0.00024890631145355616 -0.000660093910026216 0.17624146181231401 0.003121942414643808 -0.010983356811275781 1.027299207795852 6.0481592952577049e-06 0.00036797558794123832 -0.008217477598054624 -0.049589857430107645 -0.010163687583054594 -0.0013287837449346364 -0.0045344017815732943 -0.0016056331835574867 0.0022921572525407721 0.00032506507300924528 0.00049044200975396641 -0.10744117217011429 -0.014016012590872241 0.00019602649911347749 0.00011885803577840194 0.35659979185291779 -0.0045061632720322375 0.011240134630139842 -0.0037943653929263911 0.0053108670575348965 -0.011632942542809844 -0.076583803796553121 -0.051512780975054677 -0.0089024976304300282
leaf_weight=14451 7186 1739 7019 2897 7180 1905 371 4785 41479 676 272 4292 8863 1739 2313 8850 4486 78 14386 1573 111777 2718 33712 66188 1380 332 664 835 4498 4716
leaf_count=14451 7186 1739 7019 2897 7180 1905 371 4785 41479 676 272 4292 8863 1739 2313 8850 4486 78 14386 1573 111777 2718 33712 66188 1380 332 664 835 4498 4716
internal_value=-0.00652961 -0.0323686 0.00149879 -0.0108625 -0.0177219 0.000223729 0.00226957 -0.00580134 -0.0434866 0.0223375 0.0330638 -0.000177322 -0.00181723 -0.00637408 -0.000350602 0.00769058 -0.0116606 0.0488177 -0.0125268 0.0417181 -0.000390418 0.0232425 0.00225243 0.00377628 -0.00460696 -0.0195678 -0.0270825 -0.0349176 -0.00570143 -0.000899777
internal_weight=363360 86136 277224 29371 19291 269960 10080 7188 56765 2892 2216 265337 158418 37778 19100 11163 7937 7264 18678 1944 120640 4623 106919 73207 6198 1712 2403 15286 12111 7613
internal_count=363360 86136 277224 29371 19291 269960 10080 7188 56765 2892 2216 265337 158418 37778 19100 11163 7937 7264 18678 1944 120640 4623 106919 73207 6198 1712 2403 15286 12111 7613
cat_boundaries=0 3 5 8 9 11 13 16 18 21 23 26 28 30 32
cat_threshold=2315305106 3563127040 2 2147483650 512 285737220 1027 5 16777216 16384 69271808 16777216 1024 111620 34884681 13 1142161664 690696210 167772176 2147483648 2 134217744 2147483648 184549376 2432696320 2 0 1048576 0 1064960 1610613824 553652336
is_linear=0
shrinkage=0.05


Tree=89
num_leaves=31
num_cat=12
split_feature=0 17 17 17 6 0 6 17 17 17 5 17 0 17 5 2 3 17 17 16 6 17 6 5 5 6 17 5 16 6
split_gain=30140.7 8234.43 6692.01 1058.32 1883.54 901.629 653.157 657.828 598.657 443.428 458.265 399.107 426.563 501.777 517.575 308.392 296.945 243.031 241.359 226.136 218.699 207.685 196.837 196.333 189.244 189.042 237.031 237.888 223.874 176.877
threshold=7.5000000000000009 0 1 2 18.500000000000004 77.500000000000014 18.500000000000004 3 4 5 18.750000000000004 6 14.000000000000002 7 26.250000000000004 14.000000000000002 14.000000000000002 8 9 30.119033333333338 11.500000000000002 10 19.500000000000004 18.750000000000004 26.250000000000004 11.500000000000002 11 8.7500000000000018 60.092350000000003 19.500000000000004
decision_type=2 9 9 9 2 2 2 9 9 9 2 9 2 9 2 2 2 9 9 2 2 9 2 2 2 2 9 2 2 2
left_child=1 8 15 6 25 11 7 23 24 10 19 29 13 20 16 -2 -15 -14 -7 -8 -13 -16 -18 -3 -1 26 -5 -28 -27 -4
right_child=2 3 5 4 -6 18 9 -9 -10 -11 -12 12 17 14 21 -17 22 -19 -20 -21 -22 -23 -24 -25 -26 28 27 -29 -30 -31
leaf_value=-0.0076503516863017486 0.00023646099588088277 -0.00062708921452490083 0.0078409598661820287 0.0029658452939115955 -0.010434188970711978 0.53724689803158443 5.7457513304992602e-06 0.00034957680854419415 -0.0078066037181518944 -0.04711036455860227 -0.0096555032039018496 -0.0012623445576879001 -0.0070034652617599674 0.00083307637291758503 0.15636210338933917 -0.10206911356160867 -0.029733761510721293 9.8395674787354895e-05 0.076472528084428504 0.00018622517415778361 -0.013315211961328633 -0.0016309918225694275 -0.051845502592511222 -0.011051295415669361 -0.072754613606725457 -0.039542469461331248 -0.011642363188031713 0.047557701945740584 -0.048937141926301921 -0.0071089218742444345
leaf_weight=14451 7186 1739 83938 2897 7180 5214 371 4785 41479 676 272 4292 8085 12450 344 78 2465 116392 2026 1573 14386 2606 1065 664 835 2687 2595 2121 1811 16697
leaf_count=14451 7186 1739 83938 2897 7180 5214 371 4785 41479 676 272 4292 8085 12450 344 78 2465 116392 2026 1573 14386 2606 1065 664 835 2687 2595 2121 1811 16697
internal_value=-0.00653402 -0.0323686 0.00149302 -0.0108625 -0.0177219 0.000217802 0.00226957 -0.00580134 -0.0434866 0.0223375 0.0330638 -0.000261876 -0.0017974 -0.00646405 -0.000723337 0.0488177 0.00282854 -0.000387622 0.0176243 0.0417181 -0.0122753 -0.0199661 -0.00997167 -0.0270825 -0.0349176 -0.00570143 -0.000899777 -0.00780787 -0.0138284 0.00221124
internal_weight=363360 86136 277224 29371 19291 269960 10080 7188 56765 2892 2216 262720 162085 37608 18930 7264 15980 124477 7240 1944 18678 2950 3530 2403 15286 12111 7613 4716 4498 100635
internal_count=363360 86136 277224 29371 19291 269960 10080 7188 56765 2892 2216 262720 162085 37608 18930 7264 15980 124477 7240 1944 18678 2950 3530 2403 15286 12111 7613 4716 4498 100635
cat_boundaries=0 3 5 8 9 11 13 16 18 21 23 25 27
cat_threshold=2315305106 3563127040 2 2147483650 512 285737220 1027 5 16777216 16384 69271808 16777216 1024 78852 2148813897 13 1142161664 690696210 184582144 285212672 2 268435456 1327104 50348096 33554432 1610613824 553652336
is_linear=0
shrinkage=0.05


Tree=90
num_leaves=31
num_cat=13
split_feature=0 17 17 17 6 0 17 6 16 17 5 0 17 8 17 17 17 17 2 5 17 5 6 6 17 5 16 17 4 14
split_gain=28845.3 9145.32 6734.31 1659.56 1795.27 883.937 682.767 490.265 680.697 525.258 498.517 401.542 710.763 710.419 721.753 672.978 491.107 401.089 308.392 284.848 281.627 312.035 279.544 198.998 193.832 180.081 179.804 181.876 175.483 166.679
threshold=7.5000000000000009 0 1 2 18.500000000000004 62.500000000000007 3 13.500000000000002 39.787241666666674 4 18.750000000000004 11.500000000000002 5 24.500000000000004 6 7 8 9 14.000000000000002 26.250000000000004 10 6.2500000000000009 11.500000000000002 9.5000000000000018 11 26.250000000000004 209.96226666666669 12 -15.999999999999998 149.98847500000002
decision_type=2 9 9 9 2 2 9 2 2 9 2 2 9 2 9 9 9 9 2 2 9 2 2 2 9 2 2 9 2 2
left_child=1 6 18 7 26 11 25 20 -9 10 -10 12 22 15 -15 -14 -13 -7 -2 -17 23 24 -4 -3 -22 -1 27 -5 -18 -30
right_child=2 3 5 4 -6 17 -8 8 9 -11 -12 16 13 14 -16 19 28 -19 -20 -21 21 -23 -24 -25 -26 -27 -28 -29 29 -31
leaf_value=-0.010123939486627487 0.00022463794608684751 -0.011351044423803903 -0.0011992273298035096 0.0019014504181922743 -0.0099124795221763769 0.41455910414360919 -0.0074162735322443225 -0.00030308713891167297 0.00017691391544989444 -0.045050051720135237 -0.0087410833528717823 -0.0080387634511629013 -0.001567005343025496 0.0029461841722820737 0.00017156455846407682 0.00042426609062040654 0.16450135180569081 0.11527361968461972 -0.096965657883528247 -0.0018696819747698436 0.0016046012736867345 -0.033680519424157 -0.01308614170007303 -0.010498730644885913 0.019843828461207913 -0.069116882926389206 -0.041769176740764996 -0.022359871750092311 0.0092115140501114467 -0.00055223566326594313
leaf_weight=15441 7186 612 4705 1643 6828 5563 41479 1703 2395 524 302 10172 1739 4072 10658 6591 3972 11176 78 2071 513 1492 14810 891 562 836 740 10175 46185 148246
leaf_count=15441 7186 612 4705 1643 6828 5563 41479 1703 2395 524 302 10172 1739 4072 10658 6591 3972 11176 78 2071 513 1492 14810 891 562 836 740 10175 46185 148246
internal_value=-0.00650897 -0.0317823 0.00134368 -0.00852765 -0.0167612 6.44516e-05 -0.0432002 0.00921813 0.0198416 0.0333592 0.0421685 -0.000671153 -0.00497469 0.000586691 0.00765105 -0.00941736 0.00025003 0.0111924 0.0488177 -0.00369004 -0.00361179 0.006461 -0.0121306 -0.0207204 0.0270233 -0.0344232 -0.00555025 -0.00405314 0.000799595 0.000587098
internal_weight=363360 86136 277224 28380 19386 269960 57756 8994 4924 3221 2697 253221 44646 25131 14730 10401 208575 16739 7264 8662 4070 2567 19515 1503 1075 16277 12558 11818 198403 194431
internal_count=363360 86136 277224 28380 19386 269960 57756 8994 4924 3221 2697 253221 44646 25131 14730 10401 208575 16739 7264 8662 4070 2567 19515 1503 1075 16277 12558 11818 198403 194431
cat_boundaries=0 3 5 8 10 12 15 18 20 23 25 26 28 30
cat_threshold=2315306130 3563143424 2 2147483650 512 285212932 1026 5 17408 69288192 16777216 1024 1142228224 690696218 9 167804944 2147748928 2 134217744 2147483648 151027712 2432697344 2 268435456 34799616 16777216 0 1026 536870976 4192
is_linear=0
shrinkage=0.05


Tree=91
num_leaves=31
num_cat=13
split_feature=0 17 17 17 6 0 17 6 16 17 5 17 0 17 8 17 17 17 6 2 17 5 6 17 6 5 5 0 6 17
split_gain=28765 9178.84 6741.47 1647.73 1811.46 791.881 682.767 490.265 680.697 525.258 498.517 364.406 349.821 762.138 663.545 672.1 646.611 430.61 324.499 308.392 281.627 312.035 198.998 193.832 185.909 180.081 173.529 172.958 162.526 161.334
threshold=7.5000000000000009 0 1 2 18.500000000000004 62.500000000000007 3 13.500000000000002 39.787241666666674 4 18.750000000000004 5 11.500000000000002 6 24.500000000000004 7 8 9 11.500000000000002 14.000000000000002 10 6.2500000000000009 9.5000000000000018 11 20.500000000000004 26.250000000000004 26.250000000000004 97.500000000000014 11.500000000000002 12
decision_type=2 9 9 9 2 2 9 2 2 9 2 9 2 9 2 9 9 9 2 2 9 2 2 9 2 2 2 2 2 9
left_child=1 6 19 7 29 12 25 20 -9 10 -10 27 13 18 16 -16 -15 24 -4 -2 22 23 -3 -22 -14 28 -18 -7 -1 -5
right_child=2 3 5 4 -6 11 -8 8 9 -11 -12 -13 17 14 15 -17 26 -19 -20 -21 21 -23 -24 -25 -26 -27 -28 -29 -30 -31
leaf_value=-0.01055404805429876 0.00021340604878252736 -0.010783492202613721 -0.0011226876236901441 0.0018063778972826406 -0.0094168555460675488 0.21085152989726411 -0.0070454598556321194 -0.00028793278196608262 0.00016806821967740859 -0.042797549134128456 -0.0083040291852281897 0.038295747919638502 -0.0056466862211244084 -0.0014886550758742346 0.0027988749636679525 0.00025857977278977986 0.00040305278608938623 0.0020121187065335277 -0.013195765093384805 -0.092117374989351755 0.0015243712100024176 -0.03199649345294913 -0.0099737941126416107 0.018851637038147476 0.0020455376827610118 -0.06566103878006975 -0.0017761978760313824 0.94545633391950545 -0.0096177425122961242 -0.024165808588260253
leaf_weight=5017 7186 612 4920 912 6828 7414 41479 1703 2395 524 302 6985 10497 1739 4072 9845 6510 197467 15489 78 513 1492 891 562 611 836 2071 2340 10424 11646
leaf_count=5017 7186 612 4920 912 6828 7414 41479 1703 2395 524 302 6985 10497 1739 4072 9845 6510 197467 15489 78 513 1492 891 562 611 836 2071 2340 10424 11646
internal_value=-0.00652328 -0.0317614 0.00131843 -0.00846425 -0.0166684 3.85228e-05 -0.0432002 0.00921813 0.0198416 0.0333592 0.0421685 0.0105711 -0.000657726 -0.00467455 0.00132181 0.0084465 -0.00828488 0.000202086 -0.0117905 0.0488177 -0.00361179 0.006461 -0.0207204 0.0270233 -0.00937219 -0.0344232 -0.00262484 0.0168066 -0.035668 -0.00540691
internal_weight=363360 86136 277224 28380 19386 269960 57756 8994 4924 3221 2697 16739 253221 44646 24237 13917 10320 208575 20409 7264 4070 2567 1503 1075 11108 16277 8581 9754 15441 12558
internal_count=363360 86136 277224 28380 19386 269960 57756 8994 4924 3221 2697 16739 253221 44646 24237 13917 10320 208575 20409 7264 4070 2567 1503 1075 11108 16277 8581 9754 15441 12558
cat_boundaries=0 3 5 8 10 12 14 17 20 22 25 26 28 30
cat_threshold=2315306130 3563143424 2 2147483650 512 285212932 1026 5 17408 69288192 16777216 1024 276824064 35078144 1142228224 690696347 9 167804944 2147748928 2 134217744 2147483648 184582144 2432697344 2 16777216 0 1026 536870912 64
is_linear=0
shrinkage=0.05


Tree=92
num_leaves=31
num_cat=13
split_feature=0 17 17 17 6 17 17 6 17 16 17 17 2 0 17 5 6 5 17 5 5 4 17 0 17 6 16 17 12 7
split_gain=29366.1 8624.29 6743.73 1128.37 1785.69 749.275 672.592 584.784 491.785 397.787 388.566 350.267 308.392 237.36 233.081 222.804 215.533 198.314 209.098 181.094 181.067 176.832 235.212 173.018 167.556 153.817 131.354 130.534 129.064 141.606
threshold=7.5000000000000009 0 1 2 18.500000000000004 3 4 18.500000000000004 5 39.787241666666674 6 7 14.000000000000002 87.500000000000014 8 18.750000000000004 17.500000000000004 6.2500000000000009 9 26.250000000000004 14.500000000000002 1.0000000180025095e-35 10 127.50000000000001 11 11.500000000000002 39.949808333333344 12 63.500000000000007 4.5000000000000009
decision_type=2 9 9 9 2 9 9 2 9 2 9 9 2 2 9 2 2 2 9 2 2 2 9 2 9 2 2 9 2 2
left_child=1 6 12 7 24 13 19 8 20 -9 16 15 -2 -4 23 -11 -7 18 -10 25 -3 28 -23 -12 -5 -1 -6 -18 29 -16
right_child=2 3 5 4 26 10 -8 9 17 11 14 -13 -14 -15 21 -17 27 -19 -20 -21 -22 22 -24 -25 -26 -27 -28 -29 -30 -31
leaf_value=-0.010026345651583802 0.00020273574634339654 -0.0071124666574363896 0.15416184733012328 0.0017160590024185131 -0.011475914696590995 -0.0017499269564503984 -0.0066931868628504979 -0.0001090956885470451 0.0014481526495023101 0.00015966480869353817 0.037231782806493641 -0.040657671677422028 -0.087511506239884088 0.88107113060132469 -0.00011439675655982029 -0.0077144199544966876 0.0027370569551775862 0.00028571621663684435 0.017909055186240065 -0.062377986841066282 -6.9313982501206798e-06 -0.0064469813515114719 0.027910527579037225 1.7625182770093624 -0.022957518158847237 -0.0091368553866812974 -0.0089460127687641666 -0.0043977634504966728 -0.11556053546980501 -0.004275328823477054
leaf_weight=4994 7186 789 4750 936 2675 15834 41479 843 534 1565 41147 286 78 1905 119006 105 2190 2663 595 836 1614 14576 20011 381 11646 10335 4241 3966 965 45229
leaf_count=4994 7186 789 4750 936 2675 15834 41479 843 534 1565 41147 286 78 1905 119006 105 2190 2663 595 836 1614 14576 20011 381 11646 10335 4241 3966 965 45229
internal_value=-0.00661273 -0.0321132 0.00131049 -0.00959582 -0.0163523 3.03737e-05 -0.0432338 0.00505331 -0.0035109 0.0240264 -0.000388698 0.0364008 0.0488177 0.0165866 0.000191236 0.045 -0.00675 0.00770647 0.0252879 -0.0344822 -0.0211562 -0.000517275 0.00273369 0.00359911 -0.00514227 -0.0357394 -0.0367698 0.00118583 -0.00119794 -0.00109081
internal_weight=363360 86136 277224 28492 19498 269960 57644 8994 6195 2799 263305 1956 7264 6655 241315 1670 21990 3792 1129 16165 2403 199787 34587 41528 12582 15329 6916 6156 165200 164235
internal_count=363360 86136 277224 28492 19498 269960 57644 8994 6195 2799 263305 1956 7264 6655 241315 1670 21990 3792 1129 16165 2403 199787 34587 41528 12582 15329 6916 6156 165200 164235
cat_boundaries=0 3 5 8 10 12 13 16 18 20 22 24 26 29
cat_threshold=2315305106 3563143424 2 2147483650 512 285212932 1026 5 0 1048576 16384 69288192 16777216 135299072 285212674 2 16777216 1024 8192 280648 0 1026 25448468 706753696 536871936 64 134217728 268435458 2
is_linear=0
shrinkage=0.05


Tree=93
num_leaves=31
num_cat=13
split_feature=0 17 17 17 6 0 17 16 6 17 17 17 2 17 0 6 17 17 5 5 5 14 6 0 17 17 6 17 16 7
split_gain=25961.4 12148.4 6722.44 1242.36 786.327 704.419 682.767 560.082 1592.83 351.538 350.144 326.708 308.392 283.052 266.134 247.557 222.854 200.982 196.717 180.081 171.191 163.885 162.526 160.879 239.65 159.035 138.934 276.812 236.986 136.074
threshold=7.5000000000000009 0 1 2 18.500000000000004 87.500000000000014 3 30.119033333333338 19.500000000000004 4 5 6 14.000000000000002 7 42.500000000000007 19.500000000000004 8 9 18.750000000000004 26.250000000000004 12.000000000000002 140.08532500000004 11.500000000000002 11.500000000000002 10 11 20.500000000000004 12 20.15859166666667 4.5000000000000009
decision_type=2 9 9 9 2 2 9 2 2 9 9 9 2 9 2 2 9 9 2 2 2 2 2 2 9 9 2 9 2 2
left_child=1 6 12 7 -5 10 19 15 11 -10 20 -9 -2 -6 16 -3 -12 -17 -11 22 -4 -22 -1 -23 -25 -7 29 -28 -29 -18
right_child=2 3 5 4 13 25 -8 8 9 18 14 -13 -14 -15 -16 17 26 -19 -20 -21 21 23 -24 24 -26 -27 27 28 -30 -31
leaf_value=-0.0095250283690046181 0.00019259895902621338 0.00037599538150376869 -0.0083493423604803496 -0.042045659655593197 0.00023050407084586056 0.83701757407125832 -0.0063585275197079573 -0.0044010946646469316 -0.038624788093550945 0.00023050407084586056 -0.0090802590416297242 0.00037599538150376869 -0.083135930927889845 -0.02375884073740302 0.10066868873163451 0.00087273116922648164 -0.0010500002085237271 -0.00024905329506799136 -0.0075031067282419267 -0.059259087499012965 0.054356444773396011 0.00081080030097098194 -0.0086800126173472332 -0.0059409050086440375 0.0087530983647054594 0.28841487659954412 -0.0065949729217591908 -0.021678095129962927 0.0069604226226752004 -0.004369594315649916
leaf_weight=5017 7186 2856 18809 9569 464 1905 41479 3032 186 2958 10483 3895 78 3591 8409 300 86452 1462 67 836 21649 4002 10424 1950 71438 2718 4357 1466 4700 31622
leaf_count=5017 7186 2856 18809 9569 464 1905 41479 3032 186 2958 10483 3895 78 3591 8409 300 86452 1462 67 836 21649 4002 10424 1950 71438 2718 4357 1466 4700 31622
internal_value=-0.00606423 -0.0300409 0.00138552 -0.0032441 -0.0141264 0.000107419 -0.0432002 0.00680618 0.0133853 0.0424945 -0.000229708 -0.000108272 0.0488177 -0.0325894 -0.00185323 -0.00762235 -0.00237561 -0.022361 0.0465074 -0.0344232 0.00180217 0.0026328 -0.035668 0.00155705 0.00102469 0.0194571 -0.00180356 0.00370142 0.0105084 -0.00229432
internal_weight=363360 86136 277224 28380 13624 269960 57756 14756 10138 3211 265337 6927 7264 4055 147489 4618 139080 1762 3025 16277 117848 99039 15441 77390 73388 4623 128597 10523 6166 118074
internal_count=363360 86136 277224 28380 13624 269960 57756 14756 10138 3211 265337 6927 7264 4055 147489 4618 139080 1762 3025 16277 117848 99039 15441 77390 73388 4623 128597 10523 6166 118074
cat_boundaries=0 3 5 8 10 13 16 19 20 22 25 27 29 31
cat_threshold=2315306130 3563143424 2 2147483650 512 822083844 33559714 5 17408 69288192 260 0 1 67220484 135552073 13 16777216 33554560 4 262144 134217728 16842752 256 1024 4 32768 1024 0 1048576 285212928 2720137362
is_linear=0
shrinkage=0.05


Tree=94
num_leaves=31
num_cat=11
split_feature=0 17 17 17 6 17 16 6 17 17 2 17 6 17 6 17 5 0 6 17 6 15 17 0 5 5 0 6 6 12
split_gain=25551.4 12760.5 6700.27 1472.15 788.831 738.739 715.842 1306.87 682.767 351.538 308.392 304.325 315.756 283.052 252.626 455.198 335.951 252.423 247.557 246.232 215.952 201.036 200.982 197.303 196.717 180.081 165.959 173.211 162.526 159.384
threshold=7.5000000000000009 0 1 2 18.500000000000004 3 30.119033333333338 19.500000000000004 4 5 14.000000000000002 6 17.500000000000004 7 13.500000000000002 8 18.750000000000004 92.500000000000014 19.500000000000004 9 11.500000000000002 25.000000000000004 10 127.50000000000001 18.750000000000004 26.250000000000004 14.000000000000002 9.5000000000000018 11.500000000000002 63.500000000000007
decision_type=2 9 9 9 2 9 2 2 9 9 2 9 2 9 2 9 2 2 2 9 2 2 9 2 2 2 2 2 2 2
left_child=1 8 10 6 -5 17 18 14 25 -9 -2 12 26 -6 19 16 -16 -4 -3 20 -8 23 -20 29 -11 28 27 -7 -1 -13
right_child=2 3 5 4 13 11 7 9 -10 24 -12 21 -14 -15 15 -17 -18 -19 22 -21 -22 -23 -24 -25 -26 -27 -28 -29 -30 -31
leaf_value=-0.009048776950554371 0.00018296901107488496 0.00035719561242859578 0.043392393026119441 -0.039943376672813537 0.00021897886730357641 0.00067789694110658165 -0.009668639526378843 -0.036693548688873402 -0.0060406011437225795 0.00021897886730357641 -0.078979134381495453 2.7377180979115679e-06 0.0023522232676478796 -0.02257089870053286 0.0002817632814536175 -0.030372568597765295 -0.0094260737148360377 0.85647934599322051 0.00082909461076514652 0.0009973523215628167 0.0012543452495274998 0.041340441739755998 -0.00023660063031458734 1.6432402269220163 -0.0071279513918298234 -0.0562961331240623 -0.0044011670515747168 -0.0043170943052237122 -0.0082460119864798728 -0.11133870407419906
leaf_weight=5017 7186 2856 6185 9569 464 817 1031 186 41479 2958 78 229345 7155 3591 1012 670 255 1448 300 3765 194 8754 1462 376 67 836 7855 6566 10424 1459
leaf_count=5017 7186 2856 6185 9569 464 817 1031 186 41479 2958 78 229345 7155 3591 1012 670 255 1448 300 3765 194 8754 1462 376 67 836 7855 6566 10424 1459
internal_value=-0.0059269 -0.0297135 0.0014638 -0.00225079 -0.0140971 0.000187799 0.00868888 0.0161274 -0.0432002 0.0424945 0.0488177 -0.000258637 -0.00583181 -0.0325894 0.00390501 0.0192308 0.0366875 0.0155109 -0.00762235 -0.00204409 -0.021417 0.000261728 -0.022361 -1.98979e-05 0.0465074 -0.0344232 -0.00990287 -0.0152851 -0.035668 -7.88548e-05
internal_weight=363360 86136 277224 28380 13624 269960 14756 10138 57756 3211 7264 262327 22393 4055 6927 1937 1267 7633 4618 4990 1225 239934 1762 231180 3025 16277 15238 7383 15441 230804
internal_count=363360 86136 277224 28380 13624 269960 14756 10138 57756 3211 7264 262327 22393 4055 6927 1937 1267 7633 4618 4990 1225 239934 1762 231180 3025 16277 15238 7383 15441 230804
cat_boundaries=0 3 5 8 10 12 15 17 18 20 21 24
cat_threshold=2315306130 3563143424 2 2147483650 512 822083844 33559714 5 134217728 1048576 17408 69288192 260 0 1 1048576 285212930 262144 16777216 1024 16777216 256 1024 4
is_linear=0
shrinkage=0.05


Tree=95
num_leaves=31
num_cat=13
split_feature=17 0 17 8 17 0 0 17 0 17 17 6 17 3 6 17 17 2 6 17 8 5 5 17 6 6 0 17 17 5
split_gain=25837.6 10913.9 6306.26 1074.8 990.894 1392.68 601.403 592.069 537.158 528.835 496.174 436.916 326.293 316.584 315.233 372.465 310.814 308.583 218.913 213.768 206.32 198.415 196.999 151.941 269.734 175.175 159.255 143.191 135.369 129.005
threshold=0 7.5000000000000009 1 24.500000000000004 2 14.000000000000002 97.500000000000014 3 7.5000000000000009 4 5 11.500000000000002 6 7.5000000000000009 21.500000000000004 7 8 14.000000000000002 17.500000000000004 9 24.500000000000004 28.750000000000004 33.750000000000007 10 19.500000000000004 18.500000000000004 7.5000000000000009 11 12 13.500000000000002
decision_type=9 2 9 2 9 2 2 9 2 9 9 2 9 2 2 9 9 2 2 9 2 2 2 9 2 2 2 9 9 2
left_child=1 9 8 10 5 11 12 -5 -2 21 -3 16 14 23 -6 -16 -4 -10 19 -12 -7 -1 29 24 -13 -25 -27 -15 -20 -14
right_child=2 3 4 7 6 20 -8 -9 17 -11 18 13 22 27 15 -17 -18 -19 28 -21 -22 -23 -24 25 -26 26 -28 -29 -30 -31
leaf_value=-0.0042538761535825037 -0.0057385710865364373 -0.0029928579419167714 -0.056139258213432047 0.0018772654976197069 0.00055465850378140231 0.0077547230825331329 0.75234272806803448 0.00026997578534917468 0.00017382056052115403 -0.0057385710865364373 0.0095940232907918421 -0.04018958723909747 -0.0020298801721229331 -0.010210175691297608 -0.05547484597833794 0.00012920742135138496 0.0041351536418070102 -0.075030177662420705 0.0034302308645533853 -0.0032009440672678305 -0.0068619380799084702 -0.053174645564828898 0.09071603655233762 -0.043014417629622638 0.00020802992393837983 -0.021442353765506229 -0.0034266212212393124 -0.015742876468233559 -0.0038809669134445279 0.0006119321257841648
leaf_weight=12406 158 2595 1984 2022 31314 25628 2696 7628 7045 41321 1303 778 35235 4014 730 1240 5937 78 1922 5544 26710 640 7406 2312 275 2730 265 8215 1257 121972
leaf_count=12406 158 2595 1984 2022 31314 25628 2696 7628 7045 41321 1303 778 35235 4014 730 1240 5937 78 1922 5544 26710 640 7406 2312 275 2730 265 8215 1257 121972
internal_value=-0.00598167 -0.0317686 0.000912001 -0.00229222 -0.000285739 -0.00503437 0.00158098 0.0102694 0.046818 -0.0438492 -0.0118968 -0.0143719 0.00126151 -0.0185621 0.00577582 0.0251777 -0.00453857 0.048905 -0.00682543 -0.0118665 -0.000305705 -0.0349341 0.000348372 -0.0276101 -0.00992474 -0.0310419 -0.0390818 -0.0138564 0.0040107 -2.70344e-05
internal_weight=363360 76638 286722 22271 279441 78848 200593 9650 7281 54367 12621 26510 197897 18589 33284 1970 7921 7123 10026 6847 52338 13046 164613 6360 1053 5307 2995 12229 3179 157207
internal_count=363360 76638 286722 22271 279441 78848 200593 9650 7281 54367 12621 26510 197897 18589 33284 1970 7921 7123 10026 6847 52338 13046 164613 6360 1053 5307 2995 12229 3179 157207
cat_boundaries=0 3 5 7 9 11 13 15 17 19 20 21 23 26
cat_threshold=167821458 3495952640 2 2147483648 512 76808256 620953616 134217730 2147483648 16384 2097408 134217728 2147483648 16785408 1051648 0 2048 8388608 65536 16386 262144 8650816 67108864 33554432 268435712 2
is_linear=0
shrinkage=0.05


Tree=96
num_leaves=31
num_cat=12
split_feature=17 0 17 8 17 0 17 17 0 17 17 6 17 2 17 6 6 16 6 17 3 0 5 17 8 15 17 4 14 3
split_gain=25630.4 11139.1 6308.27 1003.04 914.154 1303.83 592.069 549.138 537.158 531.96 528.835 390.807 326.901 308.583 305.35 304.715 248.285 240.203 309.618 672.139 233.621 227.078 198.415 188.794 187.108 173.271 172.768 153.403 152.989 241.424
threshold=0 7.5000000000000009 1 24.500000000000004 2 14.000000000000002 3 4 7.5000000000000009 5 6 11.500000000000002 7 14.000000000000002 8 16.500000000000004 17.500000000000004 109.96683333333335 20.500000000000004 9 7.5000000000000009 92.500000000000014 28.750000000000004 10 23.500000000000004 25.000000000000004 11 -10.999999999999998 709.92930833333344 14.000000000000002
decision_type=9 2 9 2 9 2 9 9 2 9 9 2 9 2 9 2 2 2 2 9 2 2 2 9 2 2 9 2 2 2
left_child=1 10 8 9 5 11 -5 21 -2 -3 22 14 15 -10 -4 -13 23 25 26 -20 -21 -6 -1 -11 -7 27 -19 -9 -14 -30
right_child=2 3 4 6 7 24 -8 17 13 16 -12 12 28 -15 -16 -17 -18 18 19 20 -22 -23 -24 -25 -26 -27 -28 -29 29 -31
leaf_value=-0.0040411823459033606 -0.0054516425322096223 -0.0028926897763866147 -0.05333229530276045 0.0017834022227387614 0.16045850434864661 0.0094683292008111777 0.0002564769960817337 0.087835547437783129 0.00016512953249510077 0.0091143221262522719 -0.0054516425322096223 -0.04418769564918517 -0.011719274914301581 -0.071278668779299711 0.0039283959597166797 -0.061846429905402817 0.0022455037408192881 -0.0012640642366810618 -0.034757377245823576 0.00030952393254453093 0.015981456313595467 0.77603824229015794 -0.050515913286587472 -0.0030408968639044076 -0.0050329990895461307 0.051477707044762427 0.0044729257889349226 -0.00025536720508805287 0.00019762842774144753 -0.047935423884707042
leaf_weight=12406 158 2999 1984 2022 5207 22012 7628 7088 7045 1303 41321 1518 10847 78 5937 4077 3031 15788 1110 1158 1681 1448 640 5288 30326 7562 19409 140142 1594 553
leaf_count=12406 158 2999 1984 2022 5207 22012 7628 7088 7045 1303 41321 1518 10847 78 5937 4077 3031 15788 1110 1158 1681 1448 640 5288 30326 7562 19409 140142 1594 553
internal_value=-0.00596131 -0.0316447 0.000904678 -0.00186565 -0.000293254 -0.0048543 0.0102694 0.00149973 0.046818 -0.0111441 -0.0438492 -0.0138891 -0.017852 0.048905 -0.00458907 -0.0279661 -0.00538829 0.0010147 0.00451387 0.0177893 0.0306248 0.0156114 -0.0349341 -0.0108405 -0.000278956 0.000129852 0.00302441 -0.00024927 -0.0134651 -0.00128086
internal_weight=363360 76638 286722 22271 279441 78848 9650 200593 7281 12621 54367 26510 18589 7123 7921 5595 9622 193938 39146 3949 2839 6655 13046 6591 52338 154792 35197 147230 12994 2147
internal_count=363360 76638 286722 22271 279441 78848 9650 200593 7281 12621 54367 26510 18589 7123 7921 5595 9622 193938 39146 3949 2839 6655 13046 6591 52338 154792 35197 147230 12994 2147
cat_boundaries=0 3 5 7 9 11 13 15 17 19 22 23 26
cat_threshold=167821458 3495952640 2 2147483648 512 76808256 620953616 134217730 2147483648 0 1048576 134217744 2147483648 16384 2097408 67108864 537067520 8388608 65536 79108 134242376 5 16386 1610613764 134743075 13
is_linear=0
shrinkage=0.05


Tree=97
num_leaves=31
num_cat=14
split_feature=0 17 17 17 6 17 17 16 6 17 17 17 2 17 17 6 5 6 17 17 5 5 12 0 6 17 2 17 8 5
split_gain=26098.9 12193.5 6692.01 1173.15 745.829 682.767 620.253 591.257 1410.73 395.837 333.787 317.655 308.392 259.275 239.175 234.978 224.012 220.265 219.359 199.814 188.214 180.081 172.69 165.251 162.526 155.202 148.167 356.052 261.71 308.214
threshold=7.5000000000000009 0 1 2 18.500000000000004 3 4 30.119033333333338 19.500000000000004 5 6 7 14.000000000000002 8 9 19.500000000000004 23.750000000000004 16.500000000000004 10 11 18.750000000000004 26.250000000000004 63.500000000000007 127.50000000000001 11.500000000000002 12 11.500000000000002 13 24.500000000000004 21.250000000000004
decision_type=2 9 9 9 2 9 9 2 2 9 9 9 2 9 9 2 2 2 9 9 2 2 2 2 2 9 2 9 2 2
left_child=1 5 12 7 -5 21 16 15 13 -6 -10 17 -2 -9 23 -3 -4 25 -19 -17 -12 24 -16 26 -1 -8 28 -28 29 -13
right_child=2 3 6 4 9 -7 11 8 10 -11 20 14 -14 -15 22 19 -18 18 -20 -21 -22 -23 -24 -25 -26 -27 27 -29 -30 -31
leaf_value=-0.0084820757341661068 0.0001568730558703102 0.00037661393935897183 0.14671839635450645 -0.035350764731502914 0.00018774700635435516 -0.0051790604055991455 -0.0045233421041982252 -0.0041166451786321728 -0.033734455939819254 -0.017277914581960773 0.00029404773591732439 -0.0030344812190051585 -0.067714735340334717 0.00042159036521098874 -0.00068255492252156102 0.00079394786941371369 0.50777299520156871 0.004934203048263708 -0.0066987947862164887 -0.000110508229938322 -0.0067865183871730133 -0.048596170084563232 -0.12035224963467291 1.5399688252899679 -0.0074189584621815463 -0.0029511964690682293 -0.003799193754813324 0.037360477005124619 0.00060908622588362604 0.00014347696271386213
leaf_weight=5017 7186 2856 4545 9569 464 41479 4983 3032 186 3591 2958 1750 78 3895 204356 300 2110 506 2602 1462 67 836 1140 381 10424 523 2104 39974 3240 1746
leaf_count=5017 7186 2856 4545 9569 464 41479 4983 3032 186 3591 2958 1750 78 3895 204356 300 2110 506 2602 1462 67 836 1140 381 10424 523 2104 39974 3240 1746
internal_value=-0.00597644 -0.0300165 0.00149302 -0.00317013 -0.013745 -0.0432002 0.000217802 0.00659623 0.0133557 -0.0317263 0.0407505 -0.000163492 0.0488177 0.00065685 0.000156065 -0.00822867 0.0152813 -0.00960111 0.0010296 -0.022588 0.0446623 -0.0344232 -0.000593657 0.00328727 -0.035668 -0.0156193 0.00303192 0.00192975 0.00991686 0.000429062
internal_weight=363360 86136 277224 28380 13624 57756 269960 14756 10138 4055 3211 263305 7264 6927 254691 4618 6655 8614 3108 1762 3025 16277 205496 49195 15441 5506 48814 42078 6736 3496
internal_count=363360 86136 277224 28380 13624 57756 269960 14756 10138 4055 3211 263305 7264 6927 254691 4618 6655 8614 3108 1762 3025 16277 205496 49195 15441 5506 48814 42078 6736 3496
cat_boundaries=0 3 5 8 10 12 13 16 18 21 23 24 27 29 31
cat_threshold=2315306130 3563143424 2 2147483650 512 822083844 33559714 5 17408 69288192 0 1048576 262144 260 0 1 167772160 16777216 16777216 33554560 4 40960 2416199752 167772160 256 1024 4 134217728 16777216 32768 2415919104
is_linear=0
shrinkage=0.05


Tree=98
num_leaves=31
num_cat=14
split_feature=0 17 17 17 6 17 16 6 0 17 17 2 17 17 6 6 17 6 17 5 17 17 5 6 5 6 17 3 17 6
split_gain=25775 12555.1 6684.76 1303.57 749.489 694.056 686.111 1244.27 580.98 395.837 333.787 308.392 293.382 252.704 234.978 209.35 219.359 203.626 393.215 290.074 261.974 199.814 188.214 178.971 178.518 172.128 165.129 215.803 315.633 265.042
threshold=7.5000000000000009 0 1 2 18.500000000000004 3 30.119033333333338 19.500000000000004 67.500000000000014 4 5 14.000000000000002 6 7 19.500000000000004 16.500000000000004 8 13.500000000000002 9 18.750000000000004 10 11 18.750000000000004 11.500000000000002 26.250000000000004 11.500000000000002 12 14.000000000000002 13 19.500000000000004
decision_type=2 9 9 9 2 9 2 2 2 9 9 2 9 9 2 2 9 2 9 2 9 9 2 2 2 2 9 2 9 2
left_child=1 5 11 6 -5 24 14 17 12 -6 -9 -2 15 -10 -3 -4 -17 20 19 -19 23 -16 -12 -8 25 -1 27 -14 -29 -30
right_child=2 3 8 4 9 -7 7 10 13 -11 22 -13 26 -15 21 16 -18 18 -20 -21 -22 -23 -24 -25 -26 -27 -28 28 29 -31
leaf_value=-0.0080579719474577882 0.00014902940307681689 0.0003577832423910188 -0.00370648896508472 -0.033583226494927752 0.00017835965603665296 -0.0049201073853192062 -0.0089943398560629727 -0.032047733142828293 0.34091054760601269 -0.016414018852862755 0.00027934534912144038 -0.064328998573317975 0.00038534690914104885 0.12455941147394541 0.00075425047594301908 0.0046874928958505089 -0.0063638550469056199 0.00039024943481900113 -0.028902350804681377 -0.0087639023350972959 0.0010311646835756694 -0.00010498281844140145 -0.0064471924678143559 0.0013824956810480238 -0.046166361580335075 -0.0070480105390724468 -0.0012307292031282558 -0.003679056964696681 0.032960129696686734 -0.042382162213169129
leaf_weight=5017 7186 2856 5506 9569 464 41479 1031 186 4004 3591 2958 78 10137 8546 300 506 2602 1012 670 255 3765 1462 67 194 836 10424 173196 2058 53762 9643
leaf_count=5017 7186 2856 5506 9569 464 41479 1031 186 4004 3591 2958 78 10137 8546 300 506 2602 1012 670 255 3765 1462 67 194 836 10424 173196 2058 53762 9643
internal_value=-0.00590434 -0.0297947 0.00151863 -0.00255372 -0.013701 -0.0431725 0.00774076 0.0150227 0.000244101 -0.0317263 0.0407505 0.0488177 -0.000268055 0.010749 -0.00822867 -0.00933442 0.0010296 0.00309658 0.016856 0.0330854 -0.00224449 -0.022588 0.0446623 -0.0222267 -0.0343249 -0.0355644 4.62208e-05 0.00199577 0.000944809 0.00157139
internal_weight=363360 86136 277224 28380 13624 57756 14756 10138 269960 4055 3211 7264 257410 12550 4618 8614 3108 6927 1937 1267 4990 1762 3025 1225 16277 15441 248796 75600 65463 63405
internal_count=363360 86136 277224 28380 13624 57756 14756 10138 269960 4055 3211 7264 257410 12550 4618 8614 3108 6927 1937 1267 4990 1762 3025 1225 16277 15441 248796 75600 65463 63405
cat_boundaries=0 3 5 8 10 11 14 16 18 19 21 22 25 28 30
cat_threshold=2315306130 3563143424 2 2147483650 512 822083844 33559714 5 17408 69288192 262144 260 0 1 167772160 16777216 0 1048576 167772160 16777216 1024 16777216 256 1024 4 111616 2551466056 8 32768 2415919104
is_linear=0
shrinkage=0.05


Tree=99
num_leaves=31
num_cat=14
split_feature=0 17 17 17 6 17 16 6 17 17 2 17 6 5 17 0 6 17 17 17 5 6 5 6 17 17 2 4 17 6
split_gain=25530.4 12797.1 6688.13 1216.69 1074.6 697.603 618.73 1516.03 573.075 334.178 308.392 295.037 246.317 232.78 221.824 216.228 209.029 217.947 204.03 192.886 178.031 175.185 168.005 196.952 159.464 153.207 149.264 134.718 210.38 138.811
threshold=7.5000000000000009 0 1 2 18.500000000000004 3 30.119033333333338 19.500000000000004 4 5 14.000000000000002 6 20.500000000000004 18.750000000000004 7 97.500000000000014 16.500000000000004 8 9 10 26.250000000000004 11.500000000000002 6.2500000000000009 13.500000000000002 11 12 122.50000000000001 1.0000000180025095e-35 13 20.500000000000004
decision_type=2 9 9 9 2 9 2 2 9 9 2 9 2 2 9 2 2 9 9 9 2 2 2 2 9 9 2 2 9 2
left_child=1 5 10 6 -5 20 12 18 15 -9 -2 16 -3 -11 -14 -4 24 -18 -8 26 21 -1 25 -24 -10 -20 -13 29 -29 -21
right_child=2 3 8 4 -6 -7 7 9 11 13 -12 19 14 -15 -16 -17 17 -19 22 27 -22 -23 23 -25 -26 -27 -28 28 -30 -31
leaf_value=-0.0076550733500849073 0.00014157793292302046 -9.9733677519342484e-05 0.12100124383273254 -0.030384471721209217 -0.015593317910219629 -0.0046741020160532276 -0.0054127719282131897 -0.030445346485686864 -0.0041118505507340862 0.00026537808166535729 -0.061112548644652168 0.0013235763593872464 0.00071653795214587923 -0.0061248328444236224 -9.9733677519342484e-05 0.96285488297762434 0.0044531182510579642 -0.0060456622945602948 0.0012194753144998405 -0.0022017278672915807 -0.043858043501318326 -0.0066956100121188028 -0.030545922086805 0.00023342076930061851 -0.0026183121973605951 0.006695041350834075 1.1727042021117384 -0.029145919705870327 0.015158069814728493 0.0027451136523374943
leaf_weight=5017 7186 3784 5497 8270 3591 41479 4158 186 4983 3166 78 47864 262 83 1196 1158 506 2602 669 156151 836 10424 1705 839 523 471 421 6130 29575 14550
leaf_count=5017 7186 3784 5497 8270 3591 41479 4158 186 4983 3166 78 47864 262 83 1196 1158 506 2602 669 156151 836 10424 1705 839 523 471 421 6130 29575 14550
internal_value=-0.00588094 -0.0296578 0.00150672 -0.00215569 -0.0143669 -0.0431638 0.00661565 0.0132172 0.000231878 0.040917 0.0488177 -0.00013463 -0.00757345 0.0445689 -0.0250343 0.0147112 -0.00923006 0.00112613 0.00108391 0.000173341 -0.0342942 -0.035532 0.00963725 0.00251572 -0.0150926 0.025614 0.00301791 -0.00049221 0.0023008 -0.00107644
internal_weight=363360 86136 277224 28380 11861 57756 16519 11277 269960 3435 7264 263305 5242 3249 1458 6655 8614 3108 7842 254691 16277 15441 3684 2544 5506 1140 48285 206406 35705 170701
internal_count=363360 86136 277224 28380 11861 57756 16519 11277 269960 3435 7264 263305 5242 3249 1458 6655 8614 3108 7842 254691 16277 15441 3684 2544 5506 1140 48285 206406 35705 170701
cat_boundaries=0 3 5 8 10 12 15 17 20 21 24 26 28 30 33
cat_threshold=2315306130 3563143424 2 2147483650 512 822345988 33559714 5 17408 69288192 0 1048576 260 0 1 167772160 16777216 256 1024 4 167772160 17039360 33554592 4 8192 2416199752 134217728 16777216 536870912 1026 36868 2102304 2
is_linear=0
shrinkage=0.05


Tree=100
num_leaves=31
num_cat=14
split_feature=0 17 17 17 6 17 16 6 17 17 2 17 6 5 17 0 6 17 17 5 17 6 5 6 17 17 5 2 12 17
split_gain=25341.7 13100.3 6675.79 1208.7 935.991 697.603 612.692 1578.87 562.451 328.291 308.392 295.91 276.177 228.423 226.579 216.311 210.222 214.179 207.283 178.031 177.738 175.185 167.269 212.199 159.692 151.31 150.334 145.852 145.059 117.997
threshold=7.5000000000000009 0 1 2 18.500000000000004 3 30.119033333333338 19.500000000000004 4 5 14.000000000000002 6 20.500000000000004 18.750000000000004 7 97.500000000000014 16.500000000000004 8 9 26.250000000000004 10 11.500000000000002 6.2500000000000009 13.500000000000002 11 12 38.750000000000007 122.50000000000001 63.500000000000007 13
decision_type=2 9 9 9 2 9 2 2 9 9 2 9 2 2 9 2 2 9 9 2 9 2 2 2 9 9 2 2 2 9
left_child=1 5 10 4 -3 19 12 18 15 -9 -2 16 -5 -11 -14 -4 24 -18 -8 21 27 -1 25 -24 -10 -20 28 -13 -22 -7
right_child=2 3 8 6 -6 29 7 9 11 13 -12 20 14 -15 -16 -17 17 -19 22 -21 26 -23 23 -25 -26 -27 -28 -29 -30 -31
leaf_value=-0.007272319682580664 0.00013449903627691385 -0.03531180985504441 0.1149511816410957 -9.4746993643379806e-05 -0.026788520937181027 -0.0044403969152505777 -0.0051421333318025127 -0.028923079161402535 -0.0039062580231973955 0.00025210917758209387 -0.058056921212419614 0.0013431494518393095 0.00068071105453859637 -0.0058185912022024507 -9.4746993643379806e-05 0.91471213882874314 0.0042304623385050815 -0.0057433791798322531 0.0011585015487748597 -0.04166514132625241 -0.00068348367493467068 -0.0063608295115128669 -0.028989493337740948 0.00025088237555936921 -0.0024873965874925297 0.010465456064550561 0.086850333488818876 1.1251357970882154 -0.11341673320018462 -0.0044403969152505777
leaf_weight=5017 7186 7544 5497 3933 3311 18472 4735 186 4983 3341 78 38937 262 83 1249 1158 506 2602 669 836 209704 10424 1733 860 523 474 4451 420 1179 23007
leaf_count=5017 7186 7544 5497 3933 3311 18472 4735 186 4983 3341 78 38937 262 83 1249 1158 506 2602 669 836 209704 10424 1733 860 523 474 4451 420 1179 23007
internal_value=-0.00580994 -0.0294987 0.00155037 -0.00167312 -0.0147768 -0.0431638 0.00644711 0.0127266 0.000276697 0.0404155 0.0488177 -8.63984e-05 -0.00747612 0.0438556 -0.0256453 0.0146212 -0.00919527 0.00119048 0.000926691 -0.0342942 0.000222025 -0.035532 0.00971703 0.00271886 -0.0150745 0.025678 -0.000342707 0.00331115 -0.000534657 -0.0466353
internal_weight=363360 86136 277224 28380 10855 57756 17525 12081 269960 3610 7264 263305 5444 3424 1511 6655 8614 3108 8471 16277 254691 15441 3736 2593 5506 1143 215334 39357 210883 41479
internal_count=363360 86136 277224 28380 10855 57756 17525 12081 269960 3610 7264 263305 5444 3424 1511 6655 8614 3108 8471 16277 254691 15441 3736 2593 5506 1143 215334 39357 210883 41479
cat_boundaries=0 3 5 7 9 11 14 16 19 20 23 25 27 29 32
cat_threshold=2315306130 3563143424 2 2147483650 512 1149829184 688005209 17408 69288192 0 1048576 260 0 1 167772160 16777216 256 1024 4 167772160 18087936 33554592 4 40960 2147764232 134217728 16777216 536870912 1026 2281701392 2415919104 2
is_linear=0
shrinkage=0.05


Tree=101
num_leaves=31
num_cat=12
split_feature=17 0 17 17 8 0 6 0 17 17 0 17 17 2 6 17 0 17 6 17 2 5 5 6 17 16 6 17 6 3
split_gain=25892.7 10977.6 6287.01 793.539 724.872 676.099 607.24 537.158 533.322 528.835 525.817 353.517 322.756 308.583 302.82 361.133 295.313 520.183 380.069 288.068 201.283 198.415 190.949 188.641 172.027 170.731 721.833 809.685 309.531 286.583
threshold=0 7.5000000000000009 1 2 24.500000000000004 7.5000000000000009 18.500000000000004 7.5000000000000009 3 4 97.500000000000014 5 6 14.000000000000002 21.500000000000004 7 11.500000000000002 8 12.500000000000002 9 7.5000000000000009 28.750000000000004 8.7500000000000018 17.500000000000004 10 30.078025000000004 19.500000000000004 11 18.500000000000004 14.000000000000002
decision_type=9 2 9 9 2 2 2 2 9 9 2 9 9 2 2 9 2 9 2 9 2 2 2 2 9 2 2 9 2 2
left_child=1 9 7 5 8 6 19 -2 -3 21 12 -6 14 -9 -5 -16 17 18 -14 -4 -20 -1 -21 24 -10 28 -27 -28 -19 -29
right_child=2 4 3 10 11 -7 -8 13 23 -11 -12 -13 16 -15 15 -17 -18 25 20 22 -22 -23 -24 -25 -26 26 27 29 -30 -31
leaf_value=-0.0022657511928937169 -0.0042183770694880444 -0.0024580043105874695 -0.096052179266952559 0.0010173443393370451 0.0016651331401946303 -0.0076548502583523087 -0.013033891873604198 0.00012777408446309479 -0.018365296803232758 -0.0042183770694880444 0.61897653188730573 0.00018062503236677686 -0.0069087036984516459 -0.055154075151798668 -0.067091838363114317 8.097139332385872e-05 0.0012359175568336768 0.00065929535004114479 -0.038419358928608108 0.016719500930554434 -0.041054408408029812 -0.038975831797634669 -0.036438729632394029 0.0019453874942607641 -0.0011695917587552175 -0.0022926064231130641 -0.028487078149082336 0.00026774827558457838 -0.00031771732557692726 -0.0070705338287093689
leaf_weight=12406 158 2999 1345 37785 2942 22459 2520 7045 1521 41321 2701 6708 4937 78 757 1240 167428 6762 1946 565 4975 640 2409 3031 5070 13278 1225 3226 3713 170
leaf_count=12406 158 2999 1345 37785 2942 22459 2520 7045 1521 41321 2701 6708 4937 78 757 1240 167428 6762 1946 565 4975 640 2409 3031 5070 13278 1225 3226 3713 170
internal_value=-0.00591892 -0.0317334 0.000982102 -0.000213812 -0.00217098 -0.00799782 -0.0217649 0.046818 -0.0100586 -0.0438492 0.000698173 0.00814508 0.000458693 0.048905 0.00458384 0.0235603 -0.000331776 -0.00417827 -0.0129676 -0.0103843 -0.0205389 -0.0349341 -0.00164209 -0.00429817 -0.00905022 -0.000500282 0.00246662 0.0194871 -0.00557041 0.0320023
internal_weight=363360 76638 286722 279441 22271 29298 6839 7281 12621 54367 250143 9650 247442 7123 39782 1997 207660 40232 11858 4319 6921 13046 2974 9622 6591 28374 17899 4621 10475 3396
internal_count=363360 76638 286722 279441 22271 29298 6839 7281 12621 54367 250143 9650 247442 7123 39782 1997 207660 40232 11858 4319 6921 13046 2974 9622 6591 28374 17899 4621 10475 3396
cat_boundaries=0 3 5 7 9 11 14 16 18 21 23 25 28
cat_threshold=167821458 3495952640 2 2147483648 512 64 553713664 134217744 2147483648 16384 2097408 134217746 2147483648 2 16785408 1313792 0 264192 1149305856 680024 8 0 65536 33554432 256 4356 201326593 5
is_linear=0
shrinkage=0.05


Tree=102
num_leaves=31
num_cat=10
split_feature=17 0 17 17 6 0 17 17 8 0 0 2 17 3 17 5 17 16 6 17 3 0 16 5 6 5 0 6 17 5
split_gain=25728.2 11155.8 6288.73 750.672 606.057 537.158 529.219 528.835 522.27 453.177 341.533 308.583 279.143 275.411 274.742 256.497 480.843 333.086 885.667 898.748 367.453 249.987 233.881 225.582 208.123 198.415 190.076 251.393 239.915 205.71
threshold=0 7.5000000000000009 1 2 17.500000000000004 7.5000000000000009 3 4 24.500000000000004 7.5000000000000009 97.500000000000014 14.000000000000002 5 17.500000000000004 6 18.750000000000004 7 30.119033333333338 20.500000000000004 8 14.000000000000002 7.5000000000000009 20.07554166666667 26.250000000000004 21.500000000000004 28.750000000000004 14.000000000000002 13.500000000000002 9 6.2500000000000009
decision_type=9 2 9 9 2 2 9 9 2 2 2 2 9 2 9 2 9 2 2 9 2 2 2 2 2 2 2 2 9 2
left_child=1 7 5 4 13 -2 10 25 14 -6 -5 -7 -10 -4 -3 16 26 24 -19 20 -20 -21 -17 -16 -18 -1 27 29 -29 -8
right_child=2 8 3 6 9 11 15 -9 12 -11 -12 -13 -14 -15 23 22 17 18 19 21 -22 -23 -24 -25 -26 -27 -28 28 -30 -31
leaf_value=-0.0021524636332490134 -0.0040074582160136265 -0.0023351040950580606 -0.028009583962209785 0.0036358169005396238 -0.043767068580677249 0.00012138538023993562 -0.032557226664916832 -0.0040074582160136265 0.021246314401142375 -0.055519904933207444 0.58802770529294013 -0.052396371394208788 0.00034277162156124422 0.032984641787871284 0.00025276260232312 0.023574940963065852 -0.0017642537596084475 -0.00039887040614665641 0.00022611630492375134 -0.036498390982177713 0.015774523398397512 0.0039918699486525266 -0.0011620402828525834 -0.0030082649615815527 -0.029659910876805463 -0.037027040207752916 -0.0088203578344112198 -0.038627661678926201 -0.0087383779406876808 0.017268824423424079
leaf_weight=12406 158 2999 9239 32374 2252 7045 2697 41321 445 4128 2541 78 9205 6097 4962 43767 30103 27334 3752 474 958 2892 74354 4660 3479 640 20275 2760 5944 4021
leaf_count=12406 158 2999 9239 32374 2252 7045 2697 41321 445 4128 2541 78 9205 6097 4962 43767 30103 27334 3752 474 958 2892 74354 4660 3479 640 20275 2760 5944 4021
internal_value=-0.00590324 -0.0316355 0.000975824 -0.000220253 -0.00914572 0.046818 0.000532136 -0.0438492 -0.00183422 -0.0221003 0.00625483 0.048905 0.00692228 -0.00376239 -0.00852944 -0.000364869 -0.00216689 0.000271007 0.00365433 0.0182021 0.0322669 -0.00156991 0.00123221 -0.00439161 -0.00329641 -0.0349341 -0.0068768 -0.0110621 -0.0166705 -0.00379577
internal_weight=363360 76638 286722 279441 21716 7281 257725 54367 22271 6380 34915 7123 9650 15336 12621 222810 104689 68992 35410 8076 4710 3366 118121 9622 33582 13046 35697 15422 8704 6718
internal_count=363360 76638 286722 279441 21716 7281 257725 54367 22271 6380 34915 7123 9650 15336 12621 222810 104689 68992 35410 8076 4710 3366 118121 9622 33582 13046 35697 15422 8704 6718
cat_boundaries=0 3 5 7 9 11 12 14 16 19 21
cat_threshold=167821458 3495952640 2 2147483648 512 0 553713664 8192 1313792 16384 2097408 134217730 134217744 2147483648 76087616 67256464 554958848 34082848 8 67174400 131088
is_linear=0
shrinkage=0.05


Tree=103
num_leaves=31
num_cat=11
split_feature=17 0 17 17 6 0 17 8 17 0 0 6 3 0 2 17 17 8 17 3 0 5 17 6 17 5 5 6 17 3
split_gain=25874.8 11313.7 6239.74 674.425 629.326 537.158 528.835 480.378 474.85 431.374 413.832 420.807 381.017 378.303 308.583 299.086 280.057 248.355 226.238 204.717 203.872 198.415 186.037 181.517 208.468 180.176 179.995 169.406 896.435 367.982
threshold=0 7.5000000000000009 1 2 18.500000000000004 7.5000000000000009 3 24.500000000000004 4 7.5000000000000009 7.5000000000000009 20.500000000000004 14.000000000000002 87.500000000000014 14.000000000000002 5 6 23.500000000000004 7 17.500000000000004 14.000000000000002 28.750000000000004 8 16.500000000000004 9 26.250000000000004 23.750000000000004 21.500000000000004 10 14.000000000000002
decision_type=9 2 9 9 2 2 9 2 9 2 2 2 2 2 2 9 9 2 9 2 2 2 9 2 9 2 2 2 9 2
left_child=1 6 5 4 19 -2 21 15 10 -6 11 -5 -13 -12 -7 26 -9 23 20 -4 22 -1 -19 24 -10 -17 -3 -20 -29 -30
right_child=2 7 3 8 9 14 -8 16 17 -11 13 12 -14 -15 -16 25 -18 18 27 -21 -22 -23 -24 -25 -26 -27 -28 28 29 -31
leaf_value=-0.0020448404515865715 -0.0038070853052129651 -0.0032554835929145655 -0.026609104764099278 0.0011129802446941729 -0.03687674556473293 0.00011531611122794772 -0.0038070853052129651 0.020183998681085225 0.086657752754898718 -0.071130275725356282 0.0076950154194531002 0.00024305504655917077 -0.038906301001333743 0.43795374970863465 -0.049776552824498312 0.00024012447220700395 0.00032563304048318644 -0.038021820949470535 -4.2599836103285331e-05 0.017209664373009661 -0.0044812433422376508 -0.035175688197365274 -0.0090893706570826186 -0.0027655474134493652 0.0014254691117055352 -0.0028578517135025017 -0.001219030816532385 -0.027325602885383684 0.00046083608711851022 -0.0017889029307792015
leaf_weight=12406 158 1111 10064 2925 1970 7045 41321 445 17866 2718 40947 1702 221 4152 78 4962 9205 6373 77060 6964 38651 640 8926 26353 27222 4660 1888 2888 1802 637
leaf_count=12406 158 1111 10064 2925 1970 7045 41321 445 17866 2718 40947 1702 221 4152 78 4962 9205 6373 77060 6964 38651 640 8926 26353 27222 4660 1888 2888 1802 637
internal_value=-0.00574389 -0.0315494 0.00115474 -3.66791e-05 -0.00849673 0.046818 -0.0438492 -0.00153787 0.00067647 -0.0247227 0.00505335 0.0189356 0.0371035 0.00356216 0.048905 -0.00795896 0.0068601 -0.000375864 -0.00162722 -0.00403453 -0.00414381 -0.0349341 -0.00903 0.00201215 0.00393896 -0.0036441 -0.0217182 2.12386e-05 0.00864464 0.0308902
internal_weight=363360 76638 286722 279441 21716 7281 54367 22271 257725 4688 49947 4848 1923 45099 7123 12621 9650 207778 136337 17028 53950 13046 15299 71441 45088 9622 2999 82387 5327 2439
internal_count=363360 76638 286722 279441 21716 7281 54367 22271 257725 4688 49947 4848 1923 45099 7123 12621 9650 207778 136337 17028 53950 13046 15299 71441 45088 9622 2999 82387 5327 2439
cat_boundaries=0 3 5 7 9 11 13 14 16 18 21 24
cat_threshold=167821458 3495952640 2 2147483648 512 0 553713664 16384 2097408 536879104 34867328 134217744 2147483648 134217730 1418526784 201457680 1149304832 131072 593988 134365304 4 5380 24585 4
is_linear=0
shrinkage=0.05


Tree=104
num_leaves=31
num_cat=13
split_feature=17 0 17 17 0 0 17 6 17 8 14 17 3 2 17 17 5 5 17 5 14 17 17 0 5 17 0 6 3 17
split_gain=26110.2 11170.1 6220.6 621.654 601.62 537.158 528.835 513.628 444.611 418.49 360.72 383.172 437.344 308.583 274.697 273.118 265.741 262.802 226.411 198.415 195.719 439.364 309.964 349.361 229.617 216.147 196.413 193.647 246.82 188.924
threshold=0 7.5000000000000009 1 2 7.5000000000000009 7.5000000000000009 3 18.500000000000004 4 24.500000000000004 789.91352500000005 5 14.000000000000002 14.000000000000002 6 7 8.7500000000000018 33.750000000000007 8 28.750000000000004 200.35678333333337 9 10 11.500000000000002 6.2500000000000009 11 14.000000000000002 20.500000000000004 14.000000000000002 12
decision_type=9 2 9 9 2 2 9 2 9 2 2 9 2 2 9 9 2 2 9 2 2 9 9 2 2 9 2 2 2 9
left_child=1 6 5 4 7 -2 19 15 -5 14 17 12 -12 -7 -3 16 -4 20 -11 -1 21 24 23 25 -10 27 -24 -22 -29 -28
right_child=2 9 3 8 -6 13 -8 -9 10 18 11 -13 -14 -15 -16 -17 -18 -19 -20 -21 22 -23 26 -25 -26 -27 29 28 -30 -31
leaf_value=-0.0019425984290072586 -0.0036167310399523259 -0.0021573973494785291 0.018614460320342197 0.17780687448831431 -0.0047129986572402418 0.00010955030566659474 -0.0036167310399523259 -0.03503290828649628 -0.020342105553657366 0.019174798747030944 0.00023090229423119448 0.00063992326131572246 0.024417955826635886 -0.047287725183273378 -0.00091219300196732078 -0.088518635867289461 -0.031885858714458863 0.094614163081946867 0.00030935138845906708 -0.033416903787497003 -0.024893613822020155 0.0023933113125771399 0.00025297803023862644 -0.0048631587787608234 -0.0029920482395108475 -0.037957832926449969 -0.033853144188390208 0.00082262691324110906 -0.045698393679903117 0.00059998693631460045
leaf_weight=12406 158 2999 383 6655 15794 7045 41321 1970 3320 365 3167 9623 3042 78 9622 1345 2224 9767 9285 640 9081 62917 8929 59374 21598 4573 1984 976 400 52319
leaf_count=12406 158 2999 383 6655 15794 7045 41321 1970 3320 365 3167 9623 3042 78 9622 1345 2224 9767 9285 640 9081 62917 8929 59374 21598 4573 1984 976 400 52319
internal_value=-0.00570509 -0.0316277 0.00122484 3.52477e-05 -0.00808708 0.046818 -0.0438492 -0.0216819 0.000719926 -0.00180728 0.000381552 0.00768696 0.0173581 0.048905 -0.00780049 -0.0112854 -0.00177684 -0.000110101 0.00603109 -0.0349341 -0.00045793 0.00138612 -0.00163475 -0.00382186 -0.00423219 -0.0106321 0.000939249 -0.00664469 0.0108285 -0.000190597
internal_weight=363360 76638 286722 279441 21716 7281 54367 5922 257725 22271 251070 15832 6209 7123 12621 3952 2607 235238 9650 13046 225471 87835 137636 74404 24918 15030 63232 10457 1376 54303
internal_count=363360 76638 286722 279441 21716 7281 54367 5922 257725 22271 251070 15832 6209 7123 12621 3952 2607 235238 9650 13046 225471 87835 137636 74404 24918 15030 63232 10457 1376 54303
cat_boundaries=0 3 5 7 9 11 14 16 18 19 21 24 27 29
cat_threshold=167821458 3495952640 2 2147483648 512 0 553713664 16384 2097408 0 1048576 822083648 33831072 8 134217744 2147483648 0 553648128 134217728 361234432 33566737 1611994436 100810770 13 538181956 100663296 4 16777216 1024
is_linear=0
shrinkage=0.05


Tree=105
num_leaves=31
num_cat=10
split_feature=17 0 17 17 0 0 17 6 17 0 6 3 8 0 2 17 17 5 8 17 5 5 5 17 1 6 17 3 0 6
split_gain=26193.4 11189.2 6203.48 613.224 604.749 537.158 528.835 517.795 422.507 427.147 401.962 437.693 392.926 349.248 308.583 276.934 275.647 263.098 205.619 203.979 198.415 185.345 177.929 174.027 168.348 160.003 1195.73 328.389 275.164 156.15
threshold=0 7.5000000000000009 1 2 7.5000000000000009 7.5000000000000009 3 18.500000000000004 4 7.5000000000000009 19.500000000000004 14.000000000000002 24.500000000000004 87.500000000000014 14.000000000000002 5 6 8.7500000000000018 23.500000000000004 7 28.750000000000004 26.250000000000004 21.250000000000004 8 17.500000000000004 21.500000000000004 9 14.000000000000002 7.5000000000000009 16.500000000000004
decision_type=9 2 9 9 2 2 9 2 9 2 2 2 2 2 2 9 9 2 2 9 2 2 2 9 2 2 9 2 2 2
left_child=1 6 5 4 7 -2 20 15 9 10 -5 -12 16 -11 -7 17 22 -4 -10 -14 -1 -18 24 -20 -3 -25 27 -27 -28 -21
right_child=2 12 3 8 -6 14 -8 -9 18 13 11 -13 19 -15 -16 -17 21 -19 23 29 -22 -23 -24 25 -26 26 28 -29 -30 -31
leaf_value=-0.0018454685075568911 -0.0034358944879547162 -0.00331807139562752 0.017683737304325087 0.0014435737040011888 -0.0044773487243782387 0.00010407279038329165 -0.0034358944879547162 -0.03328126287217148 0.0028225725819289063 0.0028261414897158945 0.00033909725231247024 -0.036644189460521129 0.0014734527010761057 0.41499083554353788 -0.044923338924109671 -0.084092704073924995 0.0002737278986950642 -0.030291565778735929 -0.032332993975646575 -0.00099124455407544336 -0.031746058598122143 -0.0026693494777290105 -0.00098044019144833956 -0.0015673627792924362 0.0097855331724112215 0.00072879668199208334 -0.028945694990011185 0.004738805535169633 -0.021095834568368055 0.0061387050842337315
leaf_weight=12406 158 921 383 2922 15794 7045 41321 1970 69066 47086 2092 301 2862 4152 78 1345 4962 2224 12963 3700 640 4660 1960 112000 118 2147 857 648 3491 3088
leaf_count=12406 158 921 383 2922 15794 7045 41321 1970 69066 47086 2092 301 2862 4152 78 1345 4962 2224 12963 3700 640 4660 1960 112000 118 2147 857 648 3491 3088
internal_value=-0.00565335 -0.0316173 0.00128761 9.96597e-05 -0.00796741 0.046818 -0.0438492 -0.0215974 0.000779677 0.00459753 0.0180903 0.0332846 -0.00177136 0.0031988 0.048905 -0.0111589 -0.00757864 -0.00158579 -0.000293764 0.00582383 -0.0349341 -0.00343646 -0.0207876 -0.00144959 -0.0375842 -0.000850587 0.00640487 0.0318538 -0.0100046 0.00108856
internal_weight=363360 76638 286722 279441 21716 7281 54367 5922 257725 56553 5315 2393 22271 51238 7123 3952 12621 2607 201172 9650 13046 9622 2999 132106 1039 119143 7143 2795 4348 6788
internal_count=363360 76638 286722 279441 21716 7281 54367 5922 257725 56553 5315 2393 22271 51238 7123 3952 12621 2607 201172 9650 13046 9622 2999 132106 1039 119143 7143 2795 4348 6788
cat_boundaries=0 3 5 7 9 11 13 15 18 20 23
cat_threshold=167821458 3495952640 2 2147483648 512 0 553713664 16384 2097408 536879104 34871424 0 553648128 134217744 2147483648 134217744 2147483648 2 524288 131088 294912064 525344 8
is_linear=0
shrinkage=0.05


Tree=106
num_leaves=31
num_cat=10
split_feature=17 0 17 17 0 17 6 0 17 6 3 8 2 0 17 1 17 17 17 5 0 6 3 17 5 5 5 5 1 6
split_gain=26364.4 11091.5 6188.85 555.449 674.15 948.175 813.17 537.158 528.835 414.552 716.214 379.918 308.583 308.199 304.884 300.097 270.636 215.395 214.195 198.415 198.006 187.036 787.456 492.671 179.611 178.639 177.855 170.899 168.348 165.91
threshold=0 7.5000000000000009 1 2 11.500000000000002 3 17.500000000000004 7.5000000000000009 4 20.500000000000004 14.000000000000002 24.500000000000004 14.000000000000002 7.5000000000000009 5 7.5000000000000009 6 7 8 28.750000000000004 11.500000000000002 19.500000000000004 14.000000000000002 9 26.250000000000004 21.250000000000004 26.250000000000004 36.250000000000007 17.500000000000004 9.5000000000000018
decision_type=9 2 9 9 2 9 2 2 9 2 2 2 2 2 9 2 9 9 9 2 2 2 2 9 2 2 2 2 2 2
left_child=1 8 7 9 5 6 17 -2 19 14 13 16 -9 -11 24 -8 25 29 -13 -1 -12 -7 23 -23 -4 28 -18 -6 -3 -5
right_child=2 11 3 4 27 21 15 12 -10 10 20 18 -14 -15 -16 -17 26 -19 -20 -21 -22 22 -24 -25 -26 -27 -28 -29 -30 -31
leaf_value=-0.0017531950821790599 -0.0032640997635569936 -0.0031521678258461527 0.1134486861514855 -0.079888068870228771 0.00035821827228503804 -0.0036448256051052398 -0.034840409469453881 9.8869150864100419e-05 -0.0032640997635569936 0.00032103860289649515 -0.034019264815013543 0.0013997800660223271 -0.042677171977904216 0.016548687486538326 0.00082875097448322779 -0.033079860025322837 0.0002600415037603554 -0.020906485250038645 7.941672704312453e-05 -0.030158755668216044 0.023469311477701107 0.0015498305762045917 -0.043775984414144278 -6.5135315559405884e-06 0.67772336647339138 -0.00093141818187594263 -0.002535882003842538 0.12714507329460964 0.0092962565137906239 -0.079888068870228771
leaf_weight=12406 158 921 5133 596 161598 24336 3032 7045 41321 2301 605 2862 78 1354 53335 2696 4962 7122 6788 640 3189 3305 1935 2771 1123 1960 4660 4155 118 855
leaf_count=12406 158 921 5133 596 161598 24336 3032 7045 41321 2301 605 2862 78 1354 53335 2696 4962 7122 6788 640 3189 3305 1935 2771 1123 1960 4660 4155 118 855
internal_value=-0.00562225 -0.0316708 0.00134132 0.000154768 -0.00109764 -0.00640756 -0.0171232 0.046818 -0.0438492 0.0041223 0.0152437 -0.00195546 0.048905 0.0310397 0.0027328 -0.0317214 -0.0076658 -0.00738948 0.00551295 -0.0349341 2.63574e-05 -0.00166425 0.00496193 0.0138084 0.0131663 -0.0207544 -0.00356105 0.000396675 -0.0375842 -0.0248802
internal_weight=363360 76638 286722 279441 212401 46648 14301 7281 54367 67040 7449 22271 7123 3655 59591 5728 12621 8573 9650 13046 3794 32347 8011 6076 6256 2999 9622 165753 1039 1451
internal_count=363360 76638 286722 279441 212401 46648 14301 7281 54367 67040 7449 22271 7123 3655 59591 5728 12621 8573 9650 13046 3794 32347 8011 6076 6256 2999 9622 165753 1039 1451
cat_boundaries=0 3 5 7 10 12 14 16 18 21 23
cat_threshold=167821458 3495952640 2 2147483648 512 536879104 34872480 67175424 537616472 8 16384 2097408 0 1048576 134217744 2147483648 0 65536 134217744 2147483648 2 1075052608 150994944
is_linear=0
shrinkage=0.05


Tree=107
num_leaves=31
num_cat=10
split_feature=17 0 17 17 16 0 17 0 17 6 6 3 0 8 2 0 17 0 17 6 3 17 5 5 0 1 6 8 17 17
split_gain=25500.1 10271.7 6181.83 1001.24 842.633 537.158 519.812 594.668 922.19 729.483 432.423 691.846 378.797 309.57 308.583 306.153 269.59 269.573 215.972 210.743 205.161 189.244 179.35 175.686 169.06 168.348 165.91 159.009 192.823 151.816
threshold=0 7.5000000000000009 1 2 39.938408333333335 7.5000000000000009 3 11.500000000000002 4 17.500000000000004 20.500000000000004 14.000000000000002 7.5000000000000009 24.500000000000004 14.000000000000002 7.5000000000000009 5 67.500000000000014 6 18.500000000000004 14.000000000000002 7 21.250000000000004 26.250000000000004 87.500000000000014 17.500000000000004 9.5000000000000018 23.500000000000004 8 9
decision_type=9 2 9 9 2 2 9 2 9 2 2 2 2 2 2 2 9 2 9 2 2 9 2 2 2 2 2 2 9 9
left_child=1 3 5 4 19 -2 10 8 9 18 17 15 -11 16 -7 -12 22 -4 26 -1 -21 -15 25 -18 -13 -3 -8 -9 -29 -19
right_child=2 13 6 -5 -6 14 7 27 -10 12 11 24 -14 21 -16 -17 23 29 -20 20 -22 -23 -24 -25 -26 -27 -28 28 -30 -31
leaf_value=-0.0063610386133440503 -0.0031008947753791375 -0.0029945594345538677 0.00060781513936847276 -0.0031008947753791375 -0.0016655353280701224 9.3925693320873199e-05 -0.075893665426717327 0.012348417767948306 -3.4432411859741663e-05 -0.038356297227630211 0.0003049866727516726 -0.023711307981372266 -0.029626653201135333 0.018072397171324538 -0.040543313379009051 0.015721253112211377 0.00024703942857229322 0.24414269350808554 -0.019861160987536722 2.0174707500686397e-05 -0.045716374024820275 0.00015022218068123651 -0.00088484727278213002 -0.00240908790365042 0.50591528146738374 0.0088314436881010046 -0.075893665426717327 -0.033147701012784574 -0.00036612556688004895 0.090736453660042571
leaf_weight=2097 158 921 50905 41321 10048 7045 596 63455 32347 3367 2301 3343 2361 365 78 1354 4962 3741 7122 637 264 9285 1960 4660 451 118 855 10740 91558 4945
leaf_count=2097 158 921 50905 41321 10048 7045 596 63455 32347 3367 2301 3343 2361 365 78 1354 4962 3741 7122 637 264 9285 1960 4660 451 118 855 10740 91558 4945
internal_value=-0.00548134 -0.0310993 0.00136713 -0.0428192 -0.0306449 0.046818 0.000181248 -0.00103031 -0.00601741 -0.0165851 0.00401939 0.0153779 -0.030412 -0.00250326 0.048905 0.0309029 -0.00765787 0.00260022 -0.00736615 -0.00740494 0.0128191 0.00423834 -0.0207212 -0.00356105 0.000421719 -0.0375842 -0.0248802 0.000373146 -0.000846546 0.0107414
internal_weight=363360 76638 286722 54367 13046 7281 279441 212401 46648 14301 67040 7449 5728 22271 7123 3655 12621 59591 8573 2998 901 9650 2999 9622 3794 1039 1451 165753 102298 8686
internal_count=363360 76638 286722 54367 13046 7281 279441 212401 46648 14301 67040 7449 5728 22271 7123 3655 12621 59591 8573 2998 901 9650 2999 9622 3794 1039 1451 165753 102298 8686
cat_boundaries=0 3 5 7 9 12 14 16 17 19 21
cat_threshold=167821458 3495952640 2 2147483648 512 16384 2097408 536879104 34872480 67175424 537616472 8 134217744 2147483648 0 65536 134217728 17301568 16777232 0 1048576
is_linear=0
shrinkage=0.05


Tree=108
num_leaves=31
num_cat=9
split_feature=17 0 17 17 16 0 17 6 17 6 3 8 2 0 17 0 0 3 6 3 0 17 6 0 6 3 17 17 5 5
split_gain=25424.1 10274 6194.64 1001.24 842.633 537.158 484.604 1075.12 372.362 389.477 635.24 309.158 308.583 296.454 268.546 245.18 233.059 216.139 210.743 205.161 204.208 412.789 271.556 362.926 203.272 674.435 414.979 189.244 180.063 170.319
threshold=0 7.5000000000000009 1 2 39.938408333333335 7.5000000000000009 3 17.500000000000004 4 20.500000000000004 14.000000000000002 24.500000000000004 14.000000000000002 7.5000000000000009 5 7.5000000000000009 72.500000000000014 14.000000000000002 18.500000000000004 14.000000000000002 11.500000000000002 6 12.500000000000002 7.5000000000000009 19.500000000000004 14.000000000000002 7 8 21.250000000000004 26.250000000000004
decision_type=9 2 9 9 2 2 9 2 9 2 2 2 2 2 9 2 2 2 2 2 2 9 2 2 2 2 9 9 2 2
left_child=1 3 5 4 18 -2 7 17 9 16 13 14 -7 -11 28 -9 -8 -4 -1 -20 21 22 -10 -24 -23 26 -26 -13 -3 -16
right_child=2 11 6 -5 -6 12 8 15 20 10 -12 27 -14 -15 29 -17 -18 -19 19 -21 -22 24 23 -25 25 -27 -28 -29 -30 -31
leaf_value=-0.0060429866826768657 -0.002945850036610187 -0.0025115996129936313 -0.031029184609053708 -0.002945850036610187 -0.0015822585616666275 8.922940865483398e-05 0.00075692266879068271 -0.05442039709821081 -0.0029361923032635408 0.00029084112591446501 0.0010370540770030523 0.017168777312758277 -0.038516147710058582 0.016756441520924703 0.00023468745714367857 -0.22831072860234417 0.16467039384044746 0.041498093393296111 1.9165972125634315e-05 -0.043430555323579249 0.00082338602663467597 -0.0023952789430857105 -0.033378554649917236 -0.028351329775030545 -4.4662343851697981e-06 -0.043792170955186199 0.00069420139619151837 0.00014271107164720576 -0.00084060490914299462 -0.0022886335084678854
leaf_weight=2097 158 1039 4066 41321 10048 7045 49236 1778 5356 2151 3485 365 78 1175 4962 1968 7272 5863 637 264 160633 21626 2758 5311 2174 1494 3095 9285 1960 4660
leaf_count=2097 158 1039 4066 41321 10048 7045 49236 1778 5356 2151 3485 365 78 1175 4962 1968 7272 5863 637 264 160633 21626 2758 5311 2174 1494 3095 9285 1960 4660
internal_value=-0.00551822 -0.031098 0.00132005 -0.0428192 -0.0306449 0.046818 0.000132939 -0.00904275 0.000605397 0.00395159 0.0152474 -0.00249877 0.048905 0.0308779 -0.00764995 -0.031874 0.00259078 -0.000438111 -0.00740494 0.0128191 -0.000441328 -0.00355383 -0.0107741 -0.0165758 -0.000135568 0.00743013 0.0158379 0.00423834 -0.0206879 -0.00356105
internal_weight=363360 76638 286722 54367 13046 7281 279441 13675 265766 63319 6811 22271 7123 3326 12621 3746 56508 9929 2998 901 202447 41814 13425 8069 28389 6763 5269 9650 2999 9622
internal_count=363360 76638 286722 54367 13046 7281 279441 13675 265766 63319 6811 22271 7123 3326 12621 3746 56508 9929 2998 901 202447 41814 13425 8069 28389 6763 5269 9650 2999 9622
cat_boundaries=0 3 5 7 9 11 13 16 19 20
cat_threshold=167821458 3495952640 2 2147483648 512 16384 2097408 0 536936448 536879104 34872448 134217744 2147483648 1149305856 67788889 8 17301764 2 5 134217728
is_linear=0
shrinkage=0.05


Tree=109
num_leaves=31
num_cat=9
split_feature=17 0 17 17 16 0 17 0 6 3 2 8 0 17 17 0 6 6 3 5 5 1 5 17 14 17 5 14 17 0
split_gain=25646.9 10242 6161.07 1001.24 842.633 537.158 407.43 373.14 400.235 415.276 308.583 295.118 272.566 270.841 270.766 690.529 314.313 210.743 205.161 180.063 177.082 168.348 166.497 161.045 151.343 320.709 318.456 182.695 244.031 246.562
threshold=0 7.5000000000000009 1 2 39.938408333333335 7.5000000000000009 3 7.5000000000000009 19.500000000000004 14.000000000000002 14.000000000000002 24.500000000000004 107.50000000000001 4 5 7.5000000000000009 15.500000000000002 18.500000000000004 14.000000000000002 21.250000000000004 31.250000000000004 17.500000000000004 26.250000000000004 6 200.35678333333337 7 6.2500000000000009 779.94013333333339 8 7.5000000000000009
decision_type=9 2 9 9 2 2 9 2 2 2 2 2 2 9 9 2 2 2 2 2 2 2 2 9 2 9 2 2 9 2
left_child=1 3 5 4 17 -2 7 8 -4 -10 -7 13 -9 19 15 -8 -17 -1 -19 21 24 -3 -15 -13 25 26 -16 -26 -29 -30
right_child=2 11 6 -5 -6 10 14 12 9 -11 -12 23 -14 22 20 16 -18 18 -20 -21 -22 -23 -24 -25 27 -27 -28 28 29 -31
leaf_value=-0.0057408373485430264 -0.0027985575347796669 -0.0027192514821765103 0.0012617205796690456 -0.0027985575347796669 -0.0015031456335833139 8.4767938222096717e-05 -0.070547522924928788 0.0035743253034844717 0.00027629906961874618 -0.034145121657963531 -0.036590340324555638 -0.0015678592584055908 0.7302910599530783 0.00022295308428645912 -0.03863353339918732 0.15008623185458989 -0.18601387960478705 1.8207673519343714e-05 -0.041259027557400296 -0.00079857466368582486 0.056843512170397584 0.0085154514843456038 -0.0021742018330445311 0.00092845068018583283 -0.0037579385773446553 0.0012419285929008428 -0.0061973679480228586 0.0016452885946761421 -0.0064465209145473604 0.0083984689452032413
leaf_weight=2097 158 921 2922 41321 10048 7045 1973 49609 2092 301 78 1914 1629 4962 1780 2553 2059 637 264 1960 11953 118 4660 7736 115776 65454 10065 2547 1487 7241
leaf_count=2097 158 921 2922 41321 10048 7045 1973 49609 2092 301 78 1914 1629 4962 1780 2553 2059 637 264 1960 11953 118 4660 7736 115776 65454 10065 2547 1487 7241
internal_value=-0.00542465 -0.0311163 0.00144351 -0.0428192 -0.0306449 0.046818 0.000259616 0.00404947 0.0166604 0.031822 0.048905 -0.00256163 0.00274211 -0.00759449 -0.000702115 -0.0106823 -0.000108413 -0.00740494 0.0128191 -0.0206879 -0.000397803 -0.0375842 -0.00348837 0.00402073 -0.000743822 0.00100066 -0.00656685 -0.00180518 0.00427051 0.000286107
internal_weight=363360 76638 286722 54367 13046 7281 279441 56553 5315 2393 7123 22271 51238 12621 222888 6585 4612 2998 901 2999 216303 1039 9622 9650 204350 77299 11845 127051 11275 8728
internal_count=363360 76638 286722 54367 13046 7281 279441 56553 5315 2393 7123 22271 51238 12621 222888 6585 4612 2998 901 2999 216303 1039 9622 9650 204350 77299 11845 127051 11275 8728
cat_boundaries=0 3 5 7 9 11 13 14 16 19
cat_threshold=167821458 3495952640 2 2147483648 512 16384 2097408 536879104 34871424 134217744 2147483648 0 65536 33570818 92798976 8192 268959808 554173472 8
is_linear=0
shrinkage=0.05


Tree=110
num_leaves=31
num_cat=9
split_feature=17 0 17 17 16 0 17 6 3 0 17 0 6 1 2 8 17 6 3 17 6 17 17 6 5 3 3 5 5 5
split_gain=25897.3 10317.6 6106.44 1001.24 842.633 537.158 517.16 766.948 890.161 514.972 745.726 375.665 315.194 310.637 308.583 245.97 271.755 242.21 748.48 484.322 344.626 218.636 216.132 210.743 210.591 205.161 202.166 192.399 182.48 172.979
threshold=0 7.5000000000000009 1 2 39.938408333333335 7.5000000000000009 3 20.500000000000004 14.000000000000002 11.500000000000002 4 7.5000000000000009 17.500000000000004 7.5000000000000009 14.000000000000002 24.500000000000004 5 19.500000000000004 14.000000000000002 6 10.500000000000002 7 8 18.500000000000004 18.750000000000004 14.000000000000002 17.500000000000004 21.250000000000004 26.250000000000004 18.750000000000004
decision_type=9 2 9 9 2 2 9 2 2 2 9 2 2 2 2 2 9 2 2 9 2 9 9 2 2 2 2 2 2 2
left_child=1 3 5 4 23 -2 7 21 11 10 12 24 -8 -14 -7 16 27 20 19 -19 -12 28 26 -1 -9 -25 -22 -3 -4 -21
right_child=2 15 6 -5 -6 14 9 8 -10 -11 17 -13 13 -15 -16 -17 -18 18 -20 29 22 -23 -24 25 -26 -27 -28 -29 -30 -31
leaf_value=-0.0054537954811158867 -0.0026586296580406901 -0.0022500570582351109 0.10495467640542913 -0.0026586296580406901 -0.0014279883519041636 8.0529541310969682e-05 -0.026764633376441884 0.00026138032933746834 -0.00074965169300336145 0.001115510640492623 0.0033222334205640358 0.014881036405177373 -0.046560510185969323 -0.026913883432161969 -0.034760823308327818 0.00035415730925327795 -0.00039165057277328334 -0.0264796204109226 -0.039727711481247499 0.0013844607453996184 -0.032203739686047998 0.00045266718242427119 -0.00081742051830397961 1.729728984338763e-05 -0.0089867591300878853 -0.039196076179530297 0.037131230525275831 -0.00075864593050156692 0.58973575481009066 -0.025048447609930902
leaf_weight=2097 158 1039 5133 41321 10048 7045 6403 3231 3539 166458 8344 1212 2039 2406 78 9650 9622 1110 2030 4170 7906 56412 6302 637 77 264 1278 1960 1123 268
leaf_count=2097 158 1039 5133 41321 10048 7045 6403 3231 3539 166458 8344 1212 2039 2406 78 9650 9622 1110 2030 4170 7906 56412 6302 637 77 264 1278 1960 1123 268
internal_value=-0.00525649 -0.0310732 0.00164509 -0.0428192 -0.0306449 0.046818 0.00046645 0.00416119 0.018681 -0.000785727 -0.00571516 0.033385 -0.0170105 -0.0272553 0.048905 -0.00241345 -0.00700816 -0.00180788 0.00597783 0.0154831 -0.00428452 0.00229463 -0.00869818 -0.00740494 0.04211 0.0128191 -0.0135849 -0.020123 0.0111554 0.0228417
internal_weight=363360 76638 286722 54367 13046 7281 279441 70727 8059 208714 42256 4520 10848 4445 7123 22271 12621 31408 7578 5548 23830 62668 15486 2998 3308 901 9184 2999 6256 4438
internal_count=363360 76638 286722 54367 13046 7281 279441 70727 8059 208714 42256 4520 10848 4445 7123 22271 12621 31408 7578 5548 23830 62668 15486 2998 3308 901 9184 2999 6256 4438
cat_boundaries=0 3 5 7 9 12 14 17 19 22
cat_threshold=167821458 3495952640 2 2147483648 512 16384 2097408 553656320 34872448 67175424 745560 8 134217744 2147483648 8913156 67108865 5 0 1048576 1075052612 536870946 4
is_linear=0
shrinkage=0.05


Tree=111
num_leaves=31
num_cat=11
split_feature=17 0 17 17 16 0 17 6 3 0 17 6 0 2 6 17 6 0 5 3 5 17 17 0 17 14 14 3 17 17
split_gain=26132.9 10044.2 6108.61 1001.24 842.633 537.158 488.605 735.811 851.766 506.901 977.196 520.761 352.983 308.583 233.499 265.51 210.743 208.307 205.481 205.161 174.367 341.14 199 176.169 172.658 159.214 208.212 167.167 165.252 150.543
threshold=0 7.5000000000000009 1 2 39.938408333333335 7.5000000000000009 3 20.500000000000004 14.000000000000002 7.5000000000000009 4 17.500000000000004 7.5000000000000009 14.000000000000002 17.500000000000004 5 18.500000000000004 107.50000000000001 18.750000000000004 14.000000000000002 26.250000000000004 6 7 14.000000000000002 8 779.94013333333339 200.35678333333337 14.000000000000002 9 10
decision_type=9 2 9 9 2 2 9 2 2 2 9 2 2 2 2 9 2 2 2 2 2 9 9 2 9 2 2 2 9 9
left_child=1 3 5 4 16 -2 7 17 12 10 11 24 18 -7 20 -16 -1 -4 -9 -18 22 23 -3 -22 -8 26 28 -27 -11 -28
right_child=2 14 6 -5 -6 13 9 8 -10 25 -12 -13 -14 -15 15 -17 19 -19 -20 -21 21 -23 -24 -25 -26 27 29 -29 -30 -31
leaf_value=-0.0051811057070600963 -0.0025256981751386577 0.00048991174133590227 0.00063434674658493508 -0.0025256981751386577 -0.0013565889343089667 7.6503064245425639e-05 -0.065681915109860253 0.00024831131287057496 -0.00071216910835323341 0.021437105513256862 4.8614493553156283e-05 -0.034453937914759307 0.014136984584918544 -0.033022782142911392 -0.00060718465524187701 0.0041057955010625593 1.6432425351231573e-05 0.6892133715483425 -0.008537421173583493 -0.037236272370553762 0.0010259291733165199 -0.0027891461392576923 -0.00041347691415660748 -0.0017898009245327807 -0.0217261088738991 0.0077060204429069586 -0.007575082453693583 0.0097119513842120146 -0.0013690813778920231 0.00084213420504211103
leaf_weight=2097 158 2701 61260 41321 10048 7045 1269 3231 3539 32747 11719 2846 1212 78 2793 5018 637 1408 77 264 446 3908 6062 1343 4019 2323 58979 8604 32870 53338
leaf_count=2097 158 2701 61260 41321 10048 7045 1269 3231 3539 32747 11719 2846 1212 78 2793 5018 637 1408 77 264 446 3908 6062 1343 4019 2323 58979 8604 32870 53338
internal_value=-0.00529585 -0.0312298 0.00163707 -0.0428192 -0.0306449 0.046818 0.00045822 0.00404951 0.0182715 -0.000758897 -0.00835894 -0.0216601 0.0326549 0.048905 -0.00295227 0.00401357 -0.00740494 0.00222123 0.0411125 0.0128191 -0.00671508 -0.0135247 -0.00228803 0.00458588 -0.0124054 3.99765e-05 -0.000319781 0.00589823 0.00191795 -0.00162709
internal_weight=363360 76638 286722 54367 13046 7281 279441 70727 8059 208714 19853 8134 4520 7123 22271 7811 2998 62668 3308 901 14460 5697 8763 1789 5288 188861 177934 10927 65617 112317
internal_count=363360 76638 286722 54367 13046 7281 279441 70727 8059 208714 19853 8134 4520 7123 22271 7811 2998 62668 3308 901 14460 5697 8763 1789 5288 188861 177934 10927 65617 112317
cat_boundaries=0 3 5 7 9 11 13 15 18 20 23 26
cat_threshold=167821458 3495952640 2 2147483648 512 16384 2097408 553656320 34872448 1149305856 201547864 16400 2147483648 16402 2147483648 134217744 268435456 2 0 65536 1074860100 738410536 5 1074860356 621363248 4
is_linear=0
shrinkage=0.05


Tree=112
num_leaves=31
num_cat=9
split_feature=17 0 17 17 16 0 17 6 3 0 17 6 0 1 2 6 5 3 0 3 17 8 17 14 6 6 3 17 17 16
split_gain=25844.8 10494.9 6088.26 1001.24 842.633 537.158 460.302 738.74 851.766 370.205 527.537 488.006 352.983 330.804 308.583 210.743 205.481 205.161 204.159 199.381 203.46 281 212.555 192.609 184.085 321.543 628.636 409.171 254.692 180.171
threshold=0 7.5000000000000009 1 2 39.938408333333335 7.5000000000000009 3 20.500000000000004 14.000000000000002 11.500000000000002 4 17.500000000000004 7.5000000000000009 7.5000000000000009 14.000000000000002 18.500000000000004 18.750000000000004 14.000000000000002 72.500000000000014 14.000000000000002 5 24.500000000000004 6 319.86676666666671 10.500000000000002 19.500000000000004 14.000000000000002 7 8 79.93584166666669
decision_type=9 2 9 9 2 2 9 2 2 2 9 2 2 2 2 2 2 2 2 2 9 2 9 2 2 2 2 9 9 2
left_child=1 3 5 4 15 -2 7 18 12 10 11 -8 16 -13 -7 -1 -9 -17 -4 20 23 -22 -23 -3 -12 28 27 -27 29 -26
right_child=2 19 6 -5 -6 14 9 8 -10 -11 24 13 -14 -15 -16 17 -18 -19 -20 -21 21 22 -24 -25 25 26 -28 -29 -30 -31
leaf_value=-0.0049220504217070806 -0.0023994132663817339 -0.00013087713190715889 0.00031129250312504912 -0.0023994132663817339 -0.0012887594875935272 7.2677911033114381e-05 -0.02298365754113001 0.00023589574722704398 -0.00067656065293553169 0.0011184573113887097 0.0067944215772916651 -0.042509787780932888 0.013430135355672591 -0.025610295970805996 -0.031371643035765832 1.5610804083676654e-05 -0.0081105501149043146 -0.035374458752026071 0.15088536171858671 -0.0025780599778332915 -0.0013226548882306233 0.016221712460581551 0.00011656594925248954 0.0012740250809249788 -0.033945570993526707 -0.025074720725860367 -0.037598079278378244 0.0012926389833631813 -0.0008386011623706225 -0.038824286610854047
leaf_weight=2097 158 1168 55396 41321 10048 7045 7266 3231 3539 166458 7615 2050 1212 2428 78 637 77 264 7272 8090 5546 507 4942 2018 4815 1100 2030 4438 8161 2353
leaf_count=2097 158 1168 55396 41321 10048 7045 7266 3231 3539 166458 7615 2050 1212 2428 78 637 77 264 7272 8090 5546 507 4942 2018 4815 1100 2030 4438 8161 2353
internal_value=-0.00518219 -0.0309728 0.0017124 -0.0428192 -0.0306449 0.046818 0.000535514 0.00402123 0.0182715 -0.000645829 -0.00482535 -0.0138251 0.0326549 -0.02682 0.048905 -0.00740494 0.0411125 0.0128191 0.00218932 -0.00206771 0.00150554 -0.00172194 0.00634061 0.0126095 -0.0013564 -0.00359654 0.00483615 0.0135609 -0.0077598 -0.014628
internal_weight=363360 76638 286722 54367 13046 7281 279441 70727 8059 208714 42256 11744 4520 4478 7123 2998 3308 901 62668 22271 14181 10995 5449 3186 30512 22897 7568 5538 15329 7168
internal_count=363360 76638 286722 54367 13046 7281 279441 70727 8059 208714 42256 11744 4520 4478 7123 2998 3308 901 62668 22271 14181 10995 5449 3186 30512 22897 7568 5538 15329 7168
cat_boundaries=0 3 5 7 9 12 14 15 18 21
cat_threshold=167821458 3495952640 2 2147483648 512 16384 2097408 553656320 34872448 75564032 745560 8 33587200 268435456 134217744 524548 67108865 5 1074004036 536870946 4
is_linear=0
shrinkage=0.05


Tree=113
num_leaves=31
num_cat=11
split_feature=17 0 17 17 16 0 17 6 3 5 17 3 0 17 6 2 0 17 1 0 0 5 8 17 0 17 6 17 17 6
split_gain=25360.6 10298.2 6085.72 1240.8 1332.05 537.158 432.521 566.38 850.995 352.34 554.588 369.434 326.804 440.326 441.18 308.583 267.435 259.196 234.46 209.733 204.489 201.804 171.487 295.859 239.058 161.425 160.467 205.152 152.33 149.758
threshold=0 7.5000000000000009 1 2 39.938408333333335 7.5000000000000009 3 20.500000000000004 14.000000000000002 18.750000000000004 4 14.000000000000002 11.500000000000002 5 16.500000000000004 14.000000000000002 7.5000000000000009 6 7.5000000000000009 11.500000000000002 67.500000000000014 18.750000000000004 24.500000000000004 7 14.000000000000002 8 17.500000000000004 9 10 10.500000000000002
decision_type=9 2 9 9 2 2 9 2 2 2 9 2 2 9 2 2 2 9 2 2 2 2 2 9 2 9 2 9 9 2
left_child=1 3 5 4 9 -2 7 20 16 10 11 -1 13 14 -8 -7 17 -9 -16 -10 -4 -19 23 24 -3 -24 27 -27 -25 -15
right_child=2 22 6 -5 -6 15 12 8 19 -11 -12 -13 -14 29 18 -17 -18 21 -20 -21 -22 -23 25 28 -26 26 -28 -29 -30 -31
leaf_value=1.9555384652214514e-05 -0.0022794426030626536 0.00070402650520575707 0.00029572787796880998 -0.0022794426030626536 -0.0012243215132138553 6.9044015481445348e-05 -0.02893783298818349 -0.0016730835767737153 -0.038922247164422434 -0.024977636293619689 -0.0061645974880220507 -0.033605735814424789 0.00093317377655299794 0.0026714520772789466 -0.041995789302970765 -0.029803060883977574 0.015428438362695474 0.00022410095986566959 -0.025061433845548643 0.023357761406574973 0.13712528328605558 -0.0077050226091591074 0.0039518725858711965 -0.00053643634018829545 -0.0025492315727733586 -0.0013575973163484356 0.0024945515786248154 -0.00012433327531180538 -0.0018619631339172216 -0.0011223306631298335
leaf_weight=931 158 2413 58886 41321 10048 7045 5414 261 717 1461 446 160 161109 8344 1832 78 1476 3231 2183 3338 9509 77 1285 613 2469 420 3472 4473 7126 23064
leaf_count=931 158 2413 58886 41321 10048 7045 5414 261 717 1461 446 160 161109 8344 1832 78 1476 3231 2183 3338 9509 77 1285 613 2469 420 3472 4473 7126 23064
internal_value=-0.00510788 -0.0306557 0.00172182 -0.0423906 -0.0288603 0.046818 0.000545176 0.00372041 0.0154396 0.000366911 0.0170787 0.0361035 -0.000673414 -0.00466856 -0.0141382 0.048905 0.0291477 0.0365509 -0.0267123 -0.00161529 0.00216171 0.0402652 -0.00202281 -0.00585928 0.00378168 0.00299482 0.000447761 -0.00538524 -0.0119306 -0.00182061
internal_weight=363360 76638 286722 54367 13046 7281 279441 77495 9100 2998 1537 1091 201946 40837 9429 7123 5045 3569 4015 4055 68395 3308 22271 12621 4882 9650 8365 4893 7739 31408
internal_count=363360 76638 286722 54367 13046 7281 279441 77495 9100 2998 1537 1091 201946 40837 9429 7123 5045 3569 4015 4055 68395 3308 22271 12621 4882 9650 8365 4893 7739 31408
cat_boundaries=0 3 5 7 9 11 14 16 18 21 22 23
cat_threshold=167821458 3495952640 2 2147483648 512 16384 2097408 553656320 34888832 16384 256 67175424 729176 8 0 16384 33603586 268435456 134217744 0 2 33554434 134217728
is_linear=0
shrinkage=0.05


Tree=114
num_leaves=31
num_cat=9
split_feature=17 0 17 17 16 0 17 6 3 5 17 3 0 17 6 2 0 17 5 0 0 3 17 17 0 14 3 7 11 6
split_gain=25129.5 10475.4 6098.52 1240.8 1332.05 537.158 403.403 593.601 836.053 352.34 554.588 369.434 330.548 551.976 638.609 308.583 267.435 259.196 201.804 200.763 186.443 176.178 205.387 158.646 157.463 152.639 176.185 144.99 161.114 119.157
threshold=0 7.5000000000000009 1 2 39.938408333333335 7.5000000000000009 3 20.500000000000004 14.000000000000002 18.750000000000004 4 14.000000000000002 7.5000000000000009 5 17.500000000000004 14.000000000000002 7.5000000000000009 6 18.750000000000004 107.50000000000001 11.500000000000002 14.000000000000002 7 8 14.000000000000002 779.94013333333339 14.000000000000002 4.5000000000000009 1.0000000180025095e-35 11.500000000000002
decision_type=9 2 9 9 2 2 9 2 2 2 9 2 2 9 2 2 2 9 2 2 2 2 9 9 2 2 2 2 2 2
left_child=1 3 5 4 9 -2 7 19 16 10 11 -1 13 14 -8 -7 17 -9 -19 -4 -10 22 24 -23 29 27 -27 28 -14 -3
right_child=2 21 6 -5 -6 15 12 8 20 -11 -12 -13 25 -15 -16 -17 -18 18 -20 -21 -22 23 -24 -25 -26 26 -28 -29 -30 -31
leaf_value=1.8577615419612672e-05 -0.0021654704729095367 -0.00024122181187298254 0.00065941846501633712 -0.0021654704729095367 -0.001163105437553158 6.5591814707399718e-05 -0.032089199760487165 -0.0015894293979350493 -0.036976134806201301 -0.02372875447893872 -0.0058563676136209608 -0.031925449023703534 0.0025371040008078439 2.9515457929729649e-05 -0.038138731447884891 -0.028312907839778668 0.014657016444560701 0.00021289591187239056 -0.0073197714787011318 0.64035217072069273 0.022189873336246183 -0.00483466304352751 -0.00022203653048720185 -0.0015180895383384296 -0.0046584312045331979 0.0073122040047499228 0.0090558347742900839 -0.0064394262606954911 -0.01861965077307879 0.00073971005372897025
leaf_weight=931 158 530 66967 41321 10048 7045 5548 261 717 1461 446 160 110700 10845 2581 78 1476 3231 77 1428 3338 419 9822 7671 577 2261 8479 48659 12873 3252
leaf_count=931 158 530 66967 41321 10048 7045 5548 261 717 1461 446 160 110700 10845 2581 78 1476 3231 77 1428 3338 419 9822 7671 577 2261 8479 48659 12873 3252
internal_value=-0.00512412 -0.0305553 0.00167439 -0.0423906 -0.0288603 0.046818 0.000496509 0.003563 0.0155604 0.000366911 0.0170787 0.0361035 -0.000680346 -0.00696216 -0.0168018 0.048905 0.0291477 0.0365509 0.0402652 0.00196725 -0.00134402 -0.00167707 0.00168183 -0.00756489 0.0107004 -2.89662e-05 0.00575419 -0.000389591 0.000520745 0.0144368
internal_weight=363360 76638 286722 54367 13046 7281 279441 77495 9100 2998 1537 1091 201946 18974 8129 7123 5045 3569 3308 68395 4055 22271 14181 8090 4359 182972 10740 172232 123573 3782
internal_count=363360 76638 286722 54367 13046 7281 279441 77495 9100 2998 1537 1091 201946 18974 8129 7123 5045 3569 3308 68395 4055 22271 14181 8090 4359 182972 10740 172232 123573 3782
cat_boundaries=0 3 5 7 9 11 13 15 17 18
cat_threshold=167821458 3495952640 2 2147483648 512 16384 2097408 553656320 34888832 16384 256 1149305856 201531482 0 16384 167804944 268435456 134250496
is_linear=0
shrinkage=0.05


Tree=115
num_leaves=31
num_cat=10
split_feature=17 0 17 17 16 0 17 6 3 5 17 3 0 2 17 0 17 6 6 17 5 0 0 14 3 8 17 5 17 0
split_gain=25574.2 10061.3 6085.62 1240.8 1332.05 537.158 377.534 486.314 749.069 352.34 554.588 369.434 318.143 308.583 255.555 236.18 629.216 655.362 210.798 256.696 193.834 174.046 170.688 156.177 178.905 145.524 183.511 131.561 305.166 169.01
threshold=0 7.5000000000000009 1 2 39.938408333333335 7.5000000000000009 3 20.500000000000004 14.000000000000002 18.750000000000004 4 14.000000000000002 7.5000000000000009 14.000000000000002 5 7.5000000000000009 6 14.500000000000002 17.500000000000004 7 18.750000000000004 67.500000000000014 11.500000000000002 779.94013333333339 14.000000000000002 23.500000000000004 8 26.250000000000004 9 14.000000000000002
decision_type=9 2 9 9 2 2 9 2 2 2 9 2 2 2 9 2 9 2 2 9 2 2 2 2 2 2 9 2 9 2
left_child=1 3 5 4 9 -2 7 21 12 10 11 -1 14 -7 -9 16 17 -8 27 -20 -16 -4 -10 25 -25 26 -17 -3 29 -29
right_child=2 18 6 -5 -6 13 15 8 22 -11 -12 -13 -14 -15 20 23 -18 -19 19 -21 -22 -23 -24 24 -26 -27 -28 28 -30 -31
leaf_value=1.7648734648645358e-05 -0.002057196949264073 -0.00016485963416741357 0.00053219334284091422 -0.002057196949264073 -0.0011049501656755112 6.2312223972060823e-05 -0.027437693464033998 -0.001509957928038297 -0.035182483644788265 -0.022542316754991767 -0.0055635492329399131 -0.030329176572518348 0.010984879303356366 -0.026897262447789762 0.00019641336094577966 0.031655356075036958 0.00017921882975358017 -0.036377572354343489 -0.00058056630189486926 0.0038755067288418488 -0.0069537829047660706 0.12672515529695758 0.022274783470310356 0.0070398324347940473 0.0091007848668926538 -0.0023580637614957212 -0.0020890847162949202 0.0011449654422825085 -0.0026301971284953931 -0.0014024052458016635
leaf_weight=931 158 8763 52692 41321 10048 7045 4335 261 667 1461 446 160 1298 78 3105 32203 12186 2920 2793 5018 75 9509 3282 2304 8678 114961 30965 446 3908 1343
leaf_count=931 158 8763 52692 41321 10048 7045 4335 261 667 1461 446 160 1298 78 3105 32203 12186 2920 2793 5018 75 9509 3282 2304 8678 114961 30965 446 3908 1343
internal_value=-0.00513623 -0.0307914 0.00172217 -0.0423906 -0.0288603 0.046818 0.000545534 0.00369751 0.014779 0.000366911 0.0170787 0.0361035 0.0281811 0.048905 0.0361378 -0.000525983 -0.00577388 -0.0174191 -0.00248978 0.00412879 0.0399687 0.00215029 -0.00130413 1.34841e-05 0.0058004 -0.000343291 0.00158466 -0.00606501 -0.01198 0.00514175
internal_weight=363360 76638 286722 54367 13046 7281 279441 70889 8688 2998 1537 1091 4739 7123 3441 208552 19441 7255 22271 7811 3180 62201 3949 189111 10982 178129 63168 14460 5697 1789
internal_count=363360 76638 286722 54367 13046 7281 279441 70889 8688 2998 1537 1091 4739 7123 3441 208552 19441 7255 22271 7811 3180 62201 3949 189111 10982 178129 63168 14460 5697 1789
cat_boundaries=0 3 5 7 9 11 13 15 17 20 22
cat_threshold=167821458 3495952640 2 2147483648 512 16384 2097408 553656320 34884736 16384 256 0 16384 1149305856 201531480 16400 2147483648 277680196 671219736 5 16402 2147483648
is_linear=0
shrinkage=0.05


Tree=116
num_leaves=31
num_cat=10
split_feature=17 0 17 17 16 0 17 6 3 5 17 3 2 0 0 17 6 17 1 3 17 5 0 17 0 0 6 3 17 6
split_gain=24902.9 10813.5 6085.72 1242.97 1336.74 537.158 372.216 621.74 805.759 349.533 554.588 369.434 308.583 266.252 259.382 447.724 446.241 258.602 247.93 216.773 221.512 201.499 176.395 158.78 147.598 146.562 136.229 588.698 406.478 262.222
threshold=0 7.5000000000000009 1 2 39.938408333333335 7.5000000000000009 3 20.500000000000004 14.000000000000002 18.750000000000004 4 14.000000000000002 14.000000000000002 7.5000000000000009 11.500000000000002 5 16.500000000000004 6 7.5000000000000009 14.000000000000002 7 18.750000000000004 67.500000000000014 8 11.500000000000002 14.000000000000002 19.500000000000004 14.000000000000002 9 10.500000000000002
decision_type=9 2 9 9 2 2 9 2 2 2 9 2 2 2 2 9 2 9 2 2 9 2 2 9 2 2 2 2 9 2
left_child=1 3 5 4 9 -2 7 22 13 10 11 -1 -7 17 15 16 -8 -9 -18 20 25 -19 -4 -21 -10 -3 29 28 -28 -17
right_child=2 19 6 -5 -6 12 14 8 24 -11 -12 -13 -14 -15 -16 26 18 21 -20 23 -22 -23 -24 -25 -26 -27 27 -29 -30 -31
leaf_value=1.676629791620421e-05 -0.001954337101800885 0.00043806434081687944 0.00032551500596866845 -0.001954337101800885 -0.0010497026573917268 5.9196612773426693e-05 -0.025402995366535563 -0.0014344600316363644 -0.033368203883651852 -0.021415200917242184 -0.0052853717712929354 -0.028812717743892425 -0.02555239932540028 0.013374921657164852 0.00065018236518330505 0.0026082533824340007 -0.036170184647710844 0.00019243044823147315 -0.023299587406381939 -0.0044614200349263559 -0.00018190638886803612 -0.0066060937595277648 0.12038889753210996 -0.0014038878203558982 0.020204929883485257 -0.0041308559249400023 -0.023779251179692443 -0.035256640733665946 0.0012736868529673374 -0.013083021581439702
leaf_weight=931 158 3564 58886 41321 10048 7045 5414 261 717 1461 446 160 78 1476 161109 8344 1832 3231 2183 419 10173 77 9509 7671 3338 444 1110 2030 4438 15486
leaf_count=931 158 3564 58886 41321 10048 7045 5414 261 717 1461 446 160 78 1476 161109 8344 1832 3231 2183 419 10173 77 9509 7671 3338 444 1110 2030 4438 15486
internal_value=-0.00504596 -0.0303622 0.00172182 -0.0423869 -0.028845 0.046818 0.000545176 0.00349074 0.0157692 0.000433622 0.0170787 0.0361035 0.048905 0.029108 -0.000585276 -0.00414453 -0.0136932 0.0364948 -0.0263387 -0.00102151 0.00270432 0.0402049 0.00185759 -0.00755253 -0.000826141 0.0126431 -0.00127316 0.00456585 0.0129957 -0.00313051
internal_weight=363360 76638 286722 54367 13046 7281 279441 77495 9100 2998 1537 1091 7123 5045 201946 40837 9429 3569 4015 22271 14181 3308 68395 8090 4055 4008 31408 7578 5548 23830
internal_count=363360 76638 286722 54367 13046 7281 279441 77495 9100 2998 1537 1091 7123 5045 201946 40837 9429 3569 4015 22271 14181 3308 68395 8090 4055 4008 31408 7578 5548 23830
cat_boundaries=0 3 5 7 9 11 14 16 18 19 22
cat_threshold=167821458 3495952640 2 2147483648 512 16384 2097408 553656320 34888832 16384 256 67175424 729176 8 0 16384 167804928 268435456 134250496 8913156 67108865 5
is_linear=0
shrinkage=0.05


Tree=117
num_leaves=31
num_cat=11
split_feature=17 0 17 17 16 0 17 6 3 5 17 3 2 0 17 6 0 17 3 17 5 0 5 17 6 3 17 17 5 5
split_gain=24803.2 10880.7 6092.5 1244.05 1339.08 537.158 349.02 482.592 701.527 348.134 554.588 369.434 308.583 265.793 559.09 678.77 254.664 250.358 210.69 219.172 178.909 164.108 161.497 824.66 295.41 294.68 263.996 261.115 411.835 160.776
threshold=0 7.5000000000000009 1 2 39.938408333333335 7.5000000000000009 3 20.500000000000004 14.000000000000002 18.750000000000004 4 14.000000000000002 14.000000000000002 7.5000000000000009 5 14.500000000000002 7.5000000000000009 6 14.000000000000002 7 18.750000000000004 107.50000000000001 8.7500000000000018 8 19.500000000000004 14.000000000000002 9 10 18.750000000000004 18.750000000000004
decision_type=9 2 9 9 2 2 9 2 2 2 9 2 2 2 9 2 2 9 2 9 2 2 2 9 2 2 9 9 2 2
left_child=1 3 5 4 9 -2 7 21 16 10 11 -1 -7 14 15 -8 17 -9 19 -3 -19 -4 23 -16 26 27 29 28 -26 -24
right_child=2 18 6 -5 -6 12 13 8 -10 -11 -12 -13 -14 -15 22 -17 -18 20 -20 -21 -22 -23 24 -25 25 -27 -28 -29 -30 -31
leaf_value=1.592798302039178e-05 -0.0018566202467108273 0.00034134360841751036 0.00088985525806961618 -0.0018566202467108273 -0.00099721752452213157 5.6236782134710955e-05 -0.025411657711760328 -0.0013627370300545395 -0.01045542457812787 -0.020344440871380078 -0.0050211031827283037 -0.027372081856697816 -0.02427477935913025 0.00019322702203297128 0.001390340893549924 -0.03275018450424079 0.011524991272094498 0.00017697117048687261 -0.0021507411766539699 -0.00017281106942466096 -0.0060749156787237362 0.59597885954320517 -0.024723803437916247 -0.00016823784542476796 0.0012100025103189528 -0.035742294809800422 0.040710843876212266 -9.9271890346308577e-06 -0.024151253785757332 0.056161653106625666
leaf_weight=931 158 4008 60652 41321 10048 7045 4335 261 4013 1461 446 160 78 187406 1353 2920 1388 2916 8090 10173 71 1428 4659 2501 959 481 1422 872 131 1673
leaf_count=931 158 4008 60652 41321 10048 7045 4335 261 4013 1461 446 160 78 187406 1353 2920 1388 2916 8090 10173 71 1428 4659 2501 959 481 1422 872 131 1673
internal_value=-0.00505752 -0.030323 0.00169671 -0.0423851 -0.0288373 0.046818 0.000519411 0.00355462 0.0146202 0.000466978 0.0170787 0.0361035 0.048905 -0.00050929 -0.00580118 -0.0170613 0.0278689 0.0355296 -0.000891294 0.00278189 0.0395562 0.00201353 2.48915e-05 0.00874416 -0.00327057 0.0118911 -0.00804746 0.0204893 0.0366364 -0.0124093
internal_weight=363360 76638 286722 54367 13046 7281 279441 70729 8649 2998 1537 1091 7123 208712 21306 7255 4636 3248 22271 14181 2987 62080 14051 3854 10197 2443 7754 1962 1090 6332
internal_count=363360 76638 286722 54367 13046 7281 279441 70729 8649 2998 1537 1091 7123 208712 21306 7255 4636 3248 22271 14181 2987 62080 14051 3854 10197 2443 7754 1962 1090 6332
cat_boundaries=0 3 5 7 9 11 13 15 17 19 21 23
cat_threshold=167821458 3495952640 2 2147483648 512 16384 2097408 553656320 34887808 16384 256 1149305856 201531480 0 16384 167804928 268435456 262144 536871938 1310720 553649154 262144 536871936
is_linear=0
shrinkage=0.05


Tree=118
num_leaves=31
num_cat=9
split_feature=17 0 17 17 0 16 0 17 16 17 6 3 5 0 2 2 5 17 5 0 17 6 5 12 7 6 0 17 17 5
split_gain=24834 9001.16 6295.17 1462.94 1403.79 608.559 537.158 424.885 789.448 355.785 748.531 730.455 335.939 318.677 308.583 288.032 404.67 375.596 243.457 265.008 226.66 215.811 197.556 175.833 164.847 161.173 198.772 327.213 160.874 336.989
threshold=0 7.5000000000000009 1 2 7.5000000000000009 39.938408333333335 7.5000000000000009 3 39.938408333333335 4 20.500000000000004 14.000000000000002 18.750000000000004 7.5000000000000009 14.000000000000002 14.000000000000002 21.250000000000004 5 23.750000000000004 14.000000000000002 6 10.500000000000002 18.750000000000004 49.500000000000007 4.5000000000000009 11.500000000000002 7.5000000000000009 7 8 18.750000000000004
decision_type=9 2 9 9 2 2 2 9 2 9 2 2 2 2 2 2 2 9 2 2 9 2 2 2 2 2 2 9 9 2
left_child=1 7 6 4 5 28 -2 8 12 10 -5 13 -1 22 -8 16 17 -3 -6 -20 -18 -7 -12 24 25 -11 27 -27 29 -4
right_child=2 15 3 9 18 21 14 -9 -10 23 11 -13 -14 -15 -16 -17 20 -19 19 -21 -22 -23 -24 -25 -26 26 -28 -29 -30 -31
leaf_value=1.5131583869365529e-05 -0.0017637892343752794 -0.00033019020737254937 1.0406463096623854e-05 0.00078999200530898155 0.0096348432499917102 -0.0071315095209703028 5.342494302800205e-05 -0.0017637892343752794 -4.6112046093149678e-05 0.019359941246206793 0.00017396036729553366 0.0055606447532646546 -0.019327218827811077 0.0095126849628808692 -0.023061040391173737 -0.0018499803671758741 0.0015971194736408734 0.00046997881713872758 -0.023457541470425891 -0.0086530001307145287 0.0002050330360781949 -0.0047535261360633465 -0.0057711698947875423 -0.01210507487452901 -0.0047151988235763836 -0.020569798247523918 0.0015070824290259743 -3.6193706831610939e-05 -0.0056665148125854886 -0.030951642355168698
leaf_weight=502 158 2087 589 62668 6656 2022 7045 41321 3818 29250 3231 3539 407 1212 78 5484 853 2534 1506 3594 4169 5736 77 31039 48939 1417 88150 3334 1624 321
leaf_count=502 158 2087 589 62668 6656 2022 7045 41321 3818 29250 3231 3539 407 1212 78 5484 853 2534 1506 3594 4169 5736 77 31039 48939 1417 88150 3334 1624 321
internal_value=-0.00496009 -0.0340092 0.000921756 -0.000212943 -0.0125986 -0.0260882 0.046818 -0.0450074 -0.0305362 0.000788299 0.00384028 0.0181846 0.0112761 0.0315044 0.048905 -0.000551993 0.00465104 -0.00602683 -0.000799592 -0.00901961 0.0144763 -0.0330369 0.0395405 -0.000279758 0.000348355 0.00133073 0.000311622 -0.0096506 -0.00481452 0.0119565
internal_weight=363360 61175 302185 294904 22048 10292 7281 46048 4727 272856 70727 8059 909 4520 7123 15127 9643 4621 11756 5100 5022 7758 3308 202129 171090 122151 92901 4751 2534 910
internal_count=363360 61175 302185 294904 22048 10292 7281 46048 4727 272856 70727 8059 909 4520 7123 15127 9643 4621 11756 5100 5022 7758 3308 202129 171090 122151 92901 4751 2534 910
cat_boundaries=0 3 5 7 8 10 13 15 18 20
cat_threshold=167821458 3493855232 2 2147483648 512 0 2162944 16384 553656320 34872448 2 2147483648 2 0 2147483648 1140917248 201482328 1 0 256
is_linear=0
shrinkage=0.05


Tree=119
num_leaves=31
num_cat=12
split_feature=17 0 17 17 0 6 17 3 0 17 17 16 5 5 2 17 16 2 5 17 17 17 0 17 0 3 0 17 8 5
split_gain=25636.3 8929.03 6154.53 762.758 786.35 550.357 1621.17 1058.89 537.158 485.563 424.885 789.448 412.593 335.939 308.583 307.008 277.226 276.903 428.063 335.06 276.164 226.66 201.165 170.486 165.992 165.152 156.835 143.484 143.349 142.399
threshold=0 7.5000000000000009 1 2 7.5000000000000009 20.500000000000004 3 14.000000000000002 7.5000000000000009 4 5 39.938408333333335 18.750000000000004 18.750000000000004 14.000000000000002 6 29.839841666666672 14.000000000000002 21.250000000000004 7 8 9 7.5000000000000009 10 14.000000000000002 14.000000000000002 14.000000000000002 11 23.500000000000004 13.500000000000002
decision_type=9 2 9 9 2 2 9 2 2 9 9 2 2 2 2 9 2 2 2 9 9 9 2 9 2 2 2 9 2 2
left_child=1 10 8 4 -4 20 7 12 -2 24 11 13 15 -1 -10 28 -9 18 19 -3 -5 -20 23 -11 -8 -24 -27 -19 -7 -22
right_child=2 17 3 5 -6 6 9 16 14 22 -12 -13 -14 -15 -16 -17 -18 27 21 -21 29 -23 25 -25 -26 26 -28 -29 -30 -31
leaf_value=1.4375004675892811e-05 -0.0016755997726565219 -0.0003136806970038819 -0.0067749340449217771 0.0026030638718335555 -0.0080573181459717268 4.6626062938281977e-05 -0.012474441387326963 -0.033279905347275276 5.0753695876615269e-05 -3.4146659375444702e-05 -0.0016755997726565219 -4.3806443788474428e-05 -0.020642431532229267 -0.018360857886420501 -0.021907988371615075 0.00029495749725829692 0.01727324358898974 -0.0040383129559884877 0.0015172634999588654 0.00044647987628181345 -0.003709661286662458 0.0001947813842742896 0.01000846304228813 -0.022158248398858316 -0.10317714785523915 -0.020780523391697114 0.010042992417201546 -0.0010620545153022577 0.0004454277905729054 -0.00070968034149285772
leaf_weight=502 158 2087 5953 88053 7822 843 1330 1516 7045 1191 41321 3818 306 407 78 4102 1950 442 853 2534 25043 4169 2624 796 1489 1010 8793 5042 3012 139071
leaf_count=502 158 2087 5953 88053 7822 843 1330 1516 7045 1191 41321 3818 306 407 78 4102 1950 442 853 2534 25043 4169 2624 796 1489 1010 8793 5042 3012 139071
internal_value=-0.00453875 -0.0340533 0.00143732 0.000315346 -0.0111679 0.000878391 0.00740626 0.0217352 0.046818 -0.00235748 -0.0450074 -0.0305362 0.0314837 0.0112761 0.048905 0.0336748 -0.00144259 -0.000730482 0.00437105 -0.00661112 0.000128685 0.0144763 0.00135885 -0.0134122 -0.0212973 0.00372173 0.00073957 -0.00970095 0.0233247 -0.00108333
internal_weight=363360 61175 302185 294904 13775 281129 28962 11729 7281 17233 46048 4727 8263 909 7123 7957 3466 15127 9643 4621 252167 5022 14414 1987 2819 12427 9803 5484 3855 164114
internal_count=363360 61175 302185 294904 13775 281129 28962 11729 7281 17233 46048 4727 8263 909 7123 7957 3466 15127 9643 4621 252167 5022 14414 1987 2819 12427 9803 5484 3855 164114
cat_boundaries=0 3 5 7 10 12 13 15 18 21 23 26 27
cat_threshold=167821458 3493855232 2 2147483648 512 0 2162688 563871808 571217280 8 67175424 91 16384 546832448 34078848 2 2147483648 2 1123328 1330379 1 0 2147483648 256 16793632 4 134250496
is_linear=0
shrinkage=0.05


Tree=120
num_leaves=31
num_cat=10
split_feature=17 0 17 17 0 0 17 16 17 6 3 5 2 2 5 17 17 14 14 17 3 0 17 16 16 5 0 17 0 5
split_gain=25529.7 8830.65 6191.03 736.982 789.164 537.158 424.885 789.448 339.874 657.694 689.472 335.939 308.583 252.246 464.146 335.578 227.835 158.261 152.43 210.172 147.538 162.269 157.264 240.992 233.901 179.166 154.255 145.258 143.583 138.954
threshold=0 7.5000000000000009 1 2 7.5000000000000009 7.5000000000000009 3 39.938408333333335 4 20.500000000000004 14.000000000000002 18.750000000000004 14.000000000000002 14.000000000000002 21.250000000000004 5 6 789.91352500000005 200.35678333333337 7 14.000000000000002 14.000000000000002 8 39.938408333333335 109.9317416666667 18.750000000000004 7.5000000000000009 9 107.50000000000001 6.2500000000000009
decision_type=9 2 9 9 2 2 9 2 9 2 2 2 2 2 2 9 9 2 2 9 2 2 9 2 2 2 2 9 2 2
left_child=1 6 5 4 -4 -2 7 11 9 28 -11 -1 -7 14 15 -3 -16 18 19 29 22 -22 23 -19 -24 -25 -26 -15 -5 -10
right_child=2 13 3 8 -6 12 -8 -9 17 10 -12 -13 -14 27 16 -17 -18 20 -20 -21 21 -23 24 25 26 -27 -28 -29 -30 -31
leaf_value=1.3656254442118155e-05 -0.0015918197840236736 0.010801373831438355 -0.0064361873426757032 0.00053635606075874698 -0.0076544522386731376 4.8216011082757861e-05 -0.0015918197840236736 -4.161612159903072e-05 -0.030228294800164292 0.00031154558877859455 0.015383649801249712 -0.017442814992099456 -0.020812588953034353 -0.0038363973081890993 0.0014414003249608954 -0.00026147727372780597 0.00018504231506053515 -4.8617349211355078e-06 -0.0031763805789005953 0.0027434355857689054 -0.029978305624654755 0.01353567238243434 0.0011032418930577049 0.00041524086822475326 -3.8898834719525153e-06 -0.023216804767404665 0.0069899085723364347 -0.0010089517895371714 0.56601026377218777 -0.00067419632441820818
leaf_weight=502 158 1506 5953 53555 7822 7045 41321 3818 1767 2885 2931 407 78 442 853 3115 4169 550 127982 66292 1152 7955 2372 1642 763 169 402 5042 1408 9304
leaf_count=502 158 1506 5953 53555 7822 7045 41321 3818 1767 2885 2931 407 78 442 853 3115 4169 550 127982 66292 1152 7955 2372 1642 763 169 402 5042 1408 9304
internal_value=-0.00466067 -0.0341138 0.00130297 0.000177679 -0.0111099 0.046818 -0.0450074 -0.0305362 0.000731133 0.00404103 0.0200309 0.0112761 0.048905 -0.000975078 0.00389402 -0.00754166 0.0144166 -0.000181975 -0.000544206 0.00120794 0.00477507 0.00078511 0.0109359 0.0208984 0.00421483 0.0297902 -0.0141202 -0.00953683 0.00234976 -0.0051665
internal_weight=363360 61175 302185 294904 13775 7281 46048 4727 281129 60779 5816 909 7123 15127 9643 4621 5022 220350 205345 77363 15005 9107 5898 2361 3537 1811 1165 5484 54963 11071
internal_count=363360 61175 302185 294904 13775 7281 46048 4727 281129 60779 5816 909 7123 15127 9643 4621 5022 220350 205345 77363 15005 9107 5898 2361 3537 1811 1165 5484 54963 11071
cat_boundaries=0 3 5 7 8 10 11 13 15 18 19
cat_threshold=167821458 3493855232 2 2147483648 512 0 2162688 16384 17833984 1318016 167821328 0 2147483648 76021760 8448 1074004032 536871168 8 134250496
is_linear=0
shrinkage=0.05


Tree=121
num_leaves=31
num_cat=11
split_feature=17 0 17 17 0 0 17 16 5 17 6 3 2 2 5 17 17 16 5 17 17 6 6 5 3 17 5 17 5 6
split_gain=25427.5 8942.36 6191.66 731.944 789.474 537.158 424.885 789.448 335.939 323.615 797.277 674.829 308.583 263.353 427.535 329.012 224.104 218.358 171.993 769.501 738.692 464.28 294.157 379.044 233.662 224.229 147.367 235.172 188.964 174.112
threshold=0 7.5000000000000009 1 2 7.5000000000000009 7.5000000000000009 3 39.938408333333335 18.750000000000004 4 20.500000000000004 14.000000000000002 14.000000000000002 14.000000000000002 21.250000000000004 5 6 39.925866666666671 18.750000000000004 7 8 17.500000000000004 11.500000000000002 6.2500000000000009 7.5000000000000009 9 18.750000000000004 10 8.7500000000000018 11.500000000000002
decision_type=9 2 9 9 2 2 9 2 2 9 2 2 2 2 2 9 9 2 2 9 9 2 2 2 2 9 2 9 2 2
left_child=1 6 5 4 -4 -2 7 8 -1 10 18 17 -7 14 15 -3 -16 -12 20 21 22 -20 23 -5 -24 -21 27 28 -11 -28
right_child=2 13 3 9 -6 12 -8 -9 -10 26 11 -13 -14 -15 16 -17 -18 -19 19 25 -22 -23 24 -25 -26 -27 29 -29 -30 -31
leaf_value=1.2973441720021128e-05 -0.0015122287948225123 -0.00028492279846723537 -0.0061143779755419292 0.00049178723836593716 -0.0072717296267394097 4.5805210528637735e-05 -0.0015122287948225123 -3.9535315519056981e-05 -0.016570674242494476 -0.019766178563610737 0.0001285174667635669 0.011085737897760062 -0.019771959505382599 -0.0015569695862535761 0.0013693303087128684 0.00037190317496289539 0.00017579019930753504 0.00023638778607484314 -0.026297034407112996 0.08331168738351985 0.00012975899424683135 0.0093881019381210976 0.00042613328194320845 -0.00037158829169348095 0.027204125947392299 -0.003118254822695299 0.037522846958394945 8.5501813681965197e-05 -0.0079297943043514126 0.0003032359294675935
leaf_weight=502 158 2087 5953 639 7822 7045 41321 3818 407 5825 1094 3109 78 5484 853 2534 4169 2911 3001 16955 20536 1076 1898 1726 1157 14950 17792 57602 35330 95528
leaf_count=502 158 2087 5953 639 7822 7045 41321 3818 407 5825 1094 3109 78 5484 853 2534 4169 2911 3001 16955 20536 1076 1898 1726 1157 14950 17792 57602 35330 95528
internal_value=-0.00465103 -0.0340451 0.00130065 0.000175305 -0.0110736 0.046818 -0.0450074 -0.0305362 0.0112761 0.000726865 0.00369957 0.019553 0.048905 -0.000697428 0.00427771 -0.00669768 0.0143767 0.0331211 0.0018793 -0.000358513 0.00498151 -0.0207854 0.0213812 0.00818182 0.0316694 0.00225756 -0.000241175 -0.00165305 -0.00453905 0.000989234
internal_weight=363360 61175 302185 294904 13775 7281 46048 4727 909 281129 69052 7114 7123 15127 9643 4621 5022 4005 61938 35982 25956 4077 5420 2365 3055 31905 212077 98757 41155 113320
internal_count=363360 61175 302185 294904 13775 7281 46048 4727 909 281129 69052 7114 7123 15127 9643 4621 5022 4005 61938 35982 25956 4077 5420 2365 3055 31905 212077 98757 41155 113320
cat_boundaries=0 3 5 7 8 10 13 15 17 19 21 24
cat_threshold=167821458 3493855232 2 2147483648 512 0 2162688 16384 17833984 1318272 2 2147483648 2 0 2147483648 0 256 0 1280 8192 1312896 344523008 235012112 5
is_linear=0
shrinkage=0.05


Tree=122
num_leaves=31
num_cat=12
split_feature=17 0 17 17 0 0 17 16 6 17 16 0 3 5 2 5 2 5 17 17 17 17 17 17 3 3 0 17 8 16
split_gain=25668.1 8822.69 6166.3 714.286 756.631 537.158 424.885 789.448 380.365 1527.59 1027.68 605.884 377.077 335.939 308.583 245.677 240.473 442.912 322.055 227.381 211.67 208.557 202.044 156.31 150.817 148.434 154.429 147.24 142.097 132.916
threshold=0 7.5000000000000009 1 2 7.5000000000000009 7.5000000000000009 3 39.938408333333335 20.500000000000004 4 20.347333333333339 7.5000000000000009 14.000000000000002 18.750000000000004 14.000000000000002 18.750000000000004 14.000000000000002 21.250000000000004 5 6 7 8 9 10 11.500000000000002 14.000000000000002 14.000000000000002 11 23.500000000000004 39.971425000000004
decision_type=9 2 9 9 2 2 9 2 2 9 2 2 2 2 2 2 2 2 9 9 9 9 9 9 2 2 2 9 2 2
left_child=1 6 5 4 29 -2 7 13 19 10 24 23 15 -1 -7 21 17 18 -3 -5 -13 28 -19 -11 -10 -22 -27 -18 -12 -4
right_child=2 16 3 8 -6 14 -8 -9 9 11 12 20 -14 -15 -16 -17 27 22 -20 -21 25 -23 -24 -25 -26 26 -28 -29 -30 -31
leaf_value=1.2324769634020073e-05 -0.0014366173550814044 0.010242709981118293 -0.0044169141037992965 0.0025488891795093062 -0.0069081431454025123 4.3514950002165879e-05 -0.0014366173550814044 -3.7558549743099691e-05 0.00012209159342537745 -3.5082511927342355e-05 -7.2027526199125444e-05 -0.052063841648967074 0.016972447650095378 -0.015742140530369753 -0.018783361530113486 -0.020530131136782349 -0.0035667289634669255 0.00011543158766134099 -0.00023415727011801837 -0.0014827327006669223 0.00841432455465938 0.00039279432591921015 0.00057263261221338622 -0.017955573238886614 -0.030027827286031795 -0.023277550733019448 0.0089850571601228779 -0.00088065572074764737 0.00092577784335103888 -0.0058086590767648444
leaf_weight=502 158 1506 1686 88053 7822 7045 41321 3818 1342 1819 395 2088 2042 407 78 190 442 2307 3115 164114 2588 4672 2715 1142 1745 980 8481 5042 1478 4267
leaf_count=502 158 1506 1686 88053 7822 7045 41321 3818 1342 1819 395 2088 2042 407 78 190 442 2307 3115 164114 2588 4672 2715 1142 1745 980 8481 5042 1478 4267
internal_value=-0.00458581 -0.0341187 0.00139397 0.000270926 -0.0108415 0.046818 -0.0450074 -0.0305362 0.000815789 0.00624266 0.0200185 -0.00332593 0.0287627 0.0112761 0.048905 0.0344692 -0.00099491 0.0037592 -0.00741182 0.000192531 0.000979699 0.0360963 0.0140382 -0.023894 -0.0047781 0.00352848 0.000628898 -0.00935449 0.0215879 -0.0242819
internal_weight=363360 61175 302185 294904 13775 7281 46048 4727 281129 28962 11864 17098 8777 909 7123 6735 15127 9643 4621 252167 14137 6545 5022 2961 3087 12049 9461 5484 1873 5953
internal_count=363360 61175 302185 294904 13775 7281 46048 4727 281129 28962 11864 17098 8777 909 7123 6735 15127 9643 4621 252167 14137 6545 5022 2961 3087 12049 9461 5484 1873 5953
cat_boundaries=0 3 5 7 8 11 12 15 18 20 23 26 27
cat_threshold=167821458 3493855232 2 2147483648 512 0 2162688 16384 27000896 587994528 8 167821328 1123328 1330379 1 67175424 73 1 9961536 17301536 49170 0 2 536871172 155651 4 134250496
is_linear=0
shrinkage=0.05


Tree=123
num_leaves=31
num_cat=13
split_feature=17 0 17 17 0 0 17 16 5 2 6 17 16 0 3 5 17 2 5 17 17 17 17 3 17 5 6 17 0 17
split_gain=25602.4 8756.56 6189.77 670.043 720.285 537.158 424.885 789.448 335.939 308.583 283.67 1227.31 867.425 586.793 290.568 216.197 209.122 201.238 368.499 292.926 221.304 194.561 188.389 164.08 159.634 166.465 152.787 264.702 151.801 142.857
threshold=0 7.5000000000000009 1 2 7.5000000000000009 7.5000000000000009 3 39.938408333333335 18.750000000000004 14.000000000000002 20.500000000000004 4 20.347333333333339 7.5000000000000009 14.000000000000002 33.750000000000007 5 14.000000000000002 21.250000000000004 6 7 8 9 14.000000000000002 10 18.750000000000004 17.500000000000004 11 14.000000000000002 12
decision_type=9 2 9 9 2 2 9 2 2 2 2 9 2 2 2 2 9 2 2 9 9 9 9 2 9 2 2 9 2 9
left_child=1 6 5 4 -4 -2 7 8 -1 -7 15 12 -12 29 24 22 -17 18 19 -3 -20 -15 -5 -23 -14 -26 -24 -28 -25 -13
right_child=2 17 3 10 -6 9 -8 -9 -10 -11 11 13 14 21 -16 16 -18 -19 20 -21 -22 23 26 28 25 -27 27 -29 -30 -31
leaf_value=1.1708531152310188e-05 -0.0013647864873273187 -0.00025896879503797268 -0.0055182261229266066 -0.0022723478964206123 -0.0065627359881323954 4.1339202502044259e-05 -0.0013647864873273187 -3.5680622255940267e-05 -0.014955033503851257 -0.017844193453607816 -0.00050691010845103077 -0.00014547891484455457 0.00023317323735674302 -0.060787346164885216 0.016123825267590642 0.15909015108434749 -0.0026207510783904375 -0.0013452057861059964 0.0012722321626665867 0.00035945757712836369 0.0001383690587315023 0.0074960211846572204 0.0017687531428552284 -0.022931691540016532 0.00055766049010999021 -0.020235484430767371 -0.031011524444059104 0.0032114412008922956 0.0084623410614597105 -0.017763682153317896
leaf_weight=502 158 2087 5953 122339 7822 7045 41321 3818 407 78 3087 2069 3029 1764 2042 6962 6304 5484 853 2534 4169 2669 89547 1033 3591 115 10120 16895 8671 892
leaf_count=502 158 2087 5953 122339 7822 7045 41321 3818 407 78 3087 2069 3029 1764 2042 6962 6304 5484 853 2534 4169 2669 89547 1033 3591 115 10120 16895 8671 892
internal_value=-0.00466452 -0.0341595 0.0013076 0.000182426 -0.0105803 0.046818 -0.0450074 -0.0305362 0.0112761 0.048905 0.000710147 0.00539673 0.0177447 -0.0031798 0.0257776 0.00017191 0.00638474 -0.00116018 0.00318884 -0.00700065 0.0125647 0.00105751 -0.000173084 0.00327465 0.0307869 0.0378095 0.00126531 -0.00203035 0.000257626 -0.0234211
internal_weight=363360 61175 302185 294904 13775 7281 46048 4727 909 7123 281129 28962 11864 17098 8777 252167 13266 15127 9643 4621 5022 14137 238901 12373 6735 3706 116562 27015 9704 2961
internal_count=363360 61175 302185 294904 13775 7281 46048 4727 909 7123 281129 28962 11864 17098 8777 252167 13266 15127 9643 4621 5022 14137 238901 12373 6735 3706 116562 27015 9704 2961
cat_boundaries=0 3 5 7 8 11 14 17 19 22 25 27 29 32
cat_threshold=167821458 3493855232 2 2147483648 512 0 2162688 16384 27000896 587994528 8 1158156608 51796040 13 2 2147483648 2 0 2147483648 67109888 73 1 1368133956 621420834 12 26738752 17301536 537985024 167788673 603980036 155651 4
is_linear=0
shrinkage=0.05


Tree=124
num_leaves=31
num_cat=11
split_feature=17 0 17 17 0 0 17 16 6 17 3 17 5 2 17 17 0 5 0 0 2 5 17 17 5 17 6 5 3 6
split_gain=26140.4 8215.97 6181.4 673.975 720.285 537.158 424.885 789.448 352.352 1166.1 673.715 388.71 335.939 308.583 250.122 226.006 193.823 152.921 140.658 129.33 129.153 258.474 300.464 288.368 229.738 191.665 147.107 136.073 128.445 127.96
threshold=0 7.5000000000000009 1 2 7.5000000000000009 7.5000000000000009 3 39.938408333333335 20.500000000000004 4 14.000000000000002 5 18.750000000000004 14.000000000000002 6 7 14.000000000000002 18.750000000000004 7.5000000000000009 127.50000000000001 14.000000000000002 21.250000000000004 8 9 26.250000000000004 10 17.500000000000004 18.750000000000004 14.000000000000002 15.500000000000002
decision_type=9 2 9 9 2 2 9 2 2 9 2 9 2 2 9 9 2 2 2 2 2 2 9 9 2 9 2 2 2 2
left_child=1 6 5 4 -4 -2 7 12 15 10 16 18 28 -7 -12 19 17 -10 -11 -5 21 23 -23 -3 -24 -26 -27 -25 -1 -6
right_child=2 20 3 8 29 13 -8 -9 9 11 14 -13 -14 -15 -16 -17 -18 -19 -20 -21 -22 22 24 27 25 26 -28 -29 -30 -31
leaf_value=1.1123104594679135e-05 -0.0012965471629609482 0.0097126016032059517 -0.0052423148167802585 0.0053640834212005835 0.024896079100918914 3.927224237694205e-05 -0.0012965471629609482 -3.389659114314547e-05 0.00034177667199977171 -0.0087200984409315559 0.060991661234364614 0.00030552941679622418 -0.014207281828658713 -0.016951983780927462 -0.033159498996936598 -0.001058042813279947 -0.18244397817969804 -0.007870527174247589 -0.03763706686392046 1.2710221405884008 -0.0012779454968007366 -2.0639425061474982e-06 0.0014267103568196939 -0.00016026844486454196 0.00071695412397536633 -0.00069987990746245288 0.0029159745021025254 -0.00024602035528609179 -0.02938490341495803 -0.071527365446724292
leaf_weight=442 158 1506 5953 81339 4062 7045 41321 3818 5560 748 1092 17228 407 78 1513 170429 300 185 2336 399 5484 994 1938 1645 370 1288 432 1470 60 3760
leaf_count=442 158 1506 5953 81339 4062 7045 41321 3818 5560 748 1092 17228 407 78 1513 170429 300 185 2336 399 5484 994 1938 1645 370 1288 432 1470 60 3760
internal_value=-0.00469617 -0.0344995 0.00133837 0.000213961 -0.0105803 0.046818 -0.0450074 -0.0305362 0.000743227 0.00596644 0.0213279 -0.000585572 0.0112761 0.048905 9.59693e-05 0.000143357 0.0305128 0.0325587 -0.0169037 0.00230464 -0.0025352 0.000948875 0.00880127 -0.00758494 0.0148588 0.00339713 -0.00369942 -0.01624 0.0386454 -0.000613654
internal_weight=363360 61175 302185 294904 13775 7281 46048 4727 281129 28962 8650 20312 909 7123 2605 252167 6045 5745 3084 81738 15127 9643 5022 4621 4028 2090 1720 3115 502 7822
internal_count=363360 61175 302185 294904 13775 7281 46048 4727 281129 28962 8650 20312 909 7123 2605 252167 6045 5745 3084 81738 15127 9643 5022 4621 4028 2090 1720 3115 502 7822
cat_boundaries=0 3 5 7 8 11 14 16 19 20 21 23
cat_threshold=167821458 3493855232 2 2147483648 512 0 2162688 16384 26738688 571217280 8 67175424 89 1 8912896 790528 1123328 1329355 1 134234112 167821328 0 2147483648
is_linear=0
shrinkage=0.05


Tree=125
num_leaves=31
num_cat=12
split_feature=17 0 17 17 0 0 17 16 5 2 17 6 3 0 2 5 17 17 5 17 17 16 17 0 12 17 7 6 17 0
split_gain=25835.7 8383.05 6209.5 648.331 720.378 537.158 424.885 789.448 335.939 308.583 253.844 451.364 638.106 150.585 143.01 298.273 330.239 270.206 155.087 151.834 139.965 139.617 208.22 133.81 132.835 141.788 134.1 130.701 210.547 166.146
threshold=0 7.5000000000000009 1 2 7.5000000000000009 7.5000000000000009 3 39.938408333333335 18.750000000000004 14.000000000000002 4 20.500000000000004 14.000000000000002 87.500000000000014 14.000000000000002 21.250000000000004 5 6 26.250000000000004 7 8 30.052325000000003 9 82.500000000000014 63.500000000000007 10 4.5000000000000009 11.500000000000002 11 7.5000000000000009
decision_type=9 2 9 9 2 2 9 2 2 2 9 2 2 2 2 2 9 9 2 9 9 2 9 2 2 9 2 2 9 2
left_child=1 6 5 4 -4 -2 7 8 -1 -7 11 20 21 -14 15 17 -17 -3 -18 -20 23 -13 -23 -5 26 -26 27 28 -12 -29
right_child=2 14 3 10 -6 9 -8 -9 -10 -11 24 12 13 -15 -16 16 18 -19 19 -21 -22 22 -24 -25 25 -27 -28 29 -30 -31
leaf_value=1.0566949364942957e-05 -0.0012317198048128919 0.0092269715230456125 -0.0049801990759412275 0.044318031982077601 -0.0072774372333059391 3.7308630258081621e-05 -0.0012317198048128919 -3.220176158600374e-05 -0.013496917737225767 -0.016104384591881082 -0.008367530314261273 0.00012424368557666378 -0.024766098193738095 0.44021199219078044 -0.0012140482219606952 -1.9607453808134777e-06 0.0013553748389787401 -0.00020148754461706277 0.00068110641777661138 4.6489581180253485e-07 0.00037306809406274511 0.00010429261720417138 0.00034812283789942278 0.33091806343459496 -0.058517274270921016 0.00015646398487296765 -0.0048357820535361645 -0.00044048709686075329 0.03747741165915066 0.0002894497259336326
leaf_weight=502 158 1506 5953 4252 7822 7045 41321 3818 407 78 10541 1453 3893 451 5484 994 1938 3115 370 1720 75681 1845 2286 2004 1051 1020 53587 5738 21441 95886
leaf_count=502 158 1506 5953 4252 7822 7045 41321 3818 407 78 10541 1453 3893 451 5484 994 1938 3115 370 1720 75681 1845 2286 2004 1051 1020 53587 5738 21441 95886
internal_value=-0.00476415 -0.0343932 0.00123513 0.000108167 -0.0104788 0.046818 -0.0450074 -0.0305362 0.0112761 0.048905 0.00062727 0.00278367 0.0128525 -0.00151934 -0.00210551 0.00156072 0.00999602 -0.00760658 0.0163447 0.0069378 0.00156401 0.024033 0.0287219 0.00874561 -0.000419498 -0.013013 -0.000280192 0.00056734 0.00335501 -0.000309966
internal_weight=363360 61175 302185 294904 13775 7281 46048 4727 909 7123 281129 91865 9928 4344 15127 9643 5022 4621 4028 2090 81937 5584 4131 6256 189264 2071 187193 133606 31982 101624
internal_count=363360 61175 302185 294904 13775 7281 46048 4727 909 7123 281129 91865 9928 4344 15127 9643 5022 4621 4028 2090 81937 5584 4131 6256 189264 2071 187193 133606 31982 101624
cat_boundaries=0 3 5 7 8 10 11 12 14 16 18 21 23
cat_threshold=167821458 3493855232 2 2147483648 512 0 2162688 16384 17833984 34889096 134234112 167821328 0 2147483648 0 1048576 17825792 16392 1610944580 201334785 13 344457216 17309762
is_linear=0
shrinkage=0.05


Tree=126
num_leaves=31
num_cat=10
split_feature=17 0 17 17 0 0 17 16 14 3 5 17 2 5 17 16 0 0 2 5 17 17 14 0 17 5 3 17 16 6
split_gain=25911 8421.85 6188.69 650.819 715.69 537.158 424.885 789.448 389.752 466.519 335.939 313.504 308.583 271.352 194.392 185.171 176.342 161.244 147.443 253.857 321.178 271.971 145.283 140.909 140.754 132.438 128.445 128.001 123.394 121.697
threshold=0 7.5000000000000009 1 2 7.5000000000000009 7.5000000000000009 3 39.938408333333335 779.94013333333339 14.000000000000002 18.750000000000004 4 14.000000000000002 18.750000000000004 5 39.938408333333335 14.000000000000002 117.50000000000001 14.000000000000002 21.250000000000004 6 7 250.05129166666669 7.5000000000000009 8 18.750000000000004 14.000000000000002 9 39.971425000000004 15.500000000000002
decision_type=9 2 9 9 2 2 9 2 2 2 2 9 2 2 9 2 2 2 2 2 9 9 2 2 9 2 2 9 2 2
left_child=1 6 5 4 28 -2 7 10 14 11 26 13 -7 15 25 -10 -11 -16 19 21 -21 -3 -22 -13 -17 -5 -1 -20 -4 -6
right_child=2 18 3 8 29 12 -8 -9 9 16 -12 23 -14 -15 17 24 -18 -19 27 20 22 -23 -24 -25 -26 -27 -28 -29 -30 -31
leaf_value=1.0038601896678046e-05 -0.0011701338145722496 -0.0002236449602909474 -0.0034090313978268672 -0.0056052984437920733 0.024015147007538221 3.5443198745177541e-05 -0.0011701338145722496 -3.0591673506696891e-05 0.00047915831272034027 -0.026151380427317041 -0.012822071850364481 -0.0013712622102356688 -0.01529916536228706 -0.017879002033993042 0.00034527381034972217 0.00022757022319317422 0.014073834451363787 0.68046843096326137 -0.0031965325400502564 -1.8627081117550404e-06 -3.0210418951170939e-05 0.000363860093267121 0.00092878902757238542 0.0079153987422640355 0.00033071669600444055 0.0007180060817161938 -0.027916186591678382 -0.00064476295946693798 -0.0047311891221441639 -0.067587125312722748
leaf_weight=442 158 2087 1686 61829 4062 7045 41321 3818 1337 1430 407 793 78 533 123286 1311 10130 1001 442 1174 954 2534 2894 1224 2099 76156 60 5042 4267 3760
leaf_count=442 158 2087 1686 61829 4062 7045 41321 3818 1337 1430 407 793 78 533 123286 1311 10130 1001 442 1174 954 2534 2894 1224 2099 76156 60 5042 4267 3760
internal_value=-0.00469644 -0.0343687 0.00131157 0.000186495 -0.0104207 0.046818 -0.0450074 -0.0305362 0.00070659 0.00764968 0.0112761 0.0175483 0.048905 0.0239319 0.000207418 0.0277754 0.00140138 0.00164163 -0.00200635 0.00171627 0.00949821 -0.00674097 0.0164593 0.000715343 0.0339589 -0.00108446 0.0386454 -0.00855215 -0.0234924 -0.000485809
internal_weight=363360 61175 302185 294904 13775 7281 46048 4727 281129 18857 909 7297 7123 5280 262272 4747 11560 124287 15127 9643 5022 4621 3848 2017 3410 137985 502 5484 5953 7822
internal_count=363360 61175 302185 294904 13775 7281 46048 4727 281129 18857 909 7297 7123 5280 262272 4747 11560 124287 15127 9643 5022 4621 3848 2017 3410 137985 502 5484 5953 7822
cat_boundaries=0 3 5 7 8 11 14 15 18 19 20
cat_threshold=167821458 3493855232 2 2147483648 512 0 2162688 16384 1628700736 570430848 8 1955333444 621420561 12 134234128 2 2147483648 2 1610612800 134250496
is_linear=0
shrinkage=0.05


Tree=127
num_leaves=31
num_cat=11
split_feature=17 0 17 17 0 0 17 16 5 6 17 16 0 17 2 3 17 17 17 3 3 5 0 3 17 16 0 17 5 0
split_gain=26144.2 8131.78 6195.35 646.856 716.486 537.158 424.885 789.448 335.939 326.899 981.104 782.378 341.951 314.979 308.583 280.05 212.878 187.026 183.232 167.346 142.151 130.896 129.343 128.445 126.47 123.394 120.047 117.697 173.097 116.219
threshold=0 7.5000000000000009 1 2 7.5000000000000009 7.5000000000000009 3 39.938408333333335 18.750000000000004 20.500000000000004 4 29.882225000000002 7.5000000000000009 5 14.000000000000002 14.000000000000002 6 7 8 14.000000000000002 11.500000000000002 18.750000000000004 127.50000000000001 14.000000000000002 9 39.971425000000004 14.000000000000002 10 21.250000000000004 42.500000000000007
decision_type=9 2 9 9 2 2 9 2 2 2 9 2 2 9 2 2 9 9 9 2 2 2 2 2 9 2 2 9 2 2
left_child=1 6 5 4 25 -2 7 8 23 16 11 20 13 -12 -7 17 22 21 -14 24 -11 -13 -5 -1 -20 -4 -21 28 -8 -6
right_child=2 -3 3 9 29 14 27 -9 -10 10 12 15 18 -15 -16 -17 -18 -19 19 26 -22 -23 -24 -25 -26 -27 -28 -29 -30 -31
leaf_value=9.5366718018574669e-06 -0.0011116271238436504 -5.0730616378391602e-05 -0.0032385798279355171 0.0022778577059325402 -0.019113052097693473 3.3671038807892016e-05 -0.0011116271238436504 -2.9062089831377594e-05 -0.012180968257846248 0.00010869814994958206 -3.5730358002528107e-06 0.00087888804222227004 -0.054164008558485938 -0.01589621064737896 -0.014534207094172746 0.016706175347325214 -0.0012681866536446763 0.00028620468119000542 -0.047293901347762013 -0.020380562792489877 -0.026708775777072449 -0.018547409366626934 1.1734289586061146 -0.026520377262094465 0.0079128644922623614 -0.0044946296660369539 0.0073556590092051623 -0.0011116271238436504 -0.0011116271238436504 0.13387785817027728
leaf_weight=442 158 15127 1686 89965 6069 7045 15175 3818 407 1379 1442 3321 1764 1519 78 2031 161803 3270 572 1033 1757 106 399 60 2097 4267 8671 23007 3139 1753
leaf_count=442 158 15127 1686 89965 6069 7045 15175 3818 407 1379 1442 3321 1764 1519 78 2031 161803 3270 572 1033 1757 106 399 60 2097 4267 8671 23007 3139 1753
internal_value=-0.00474791 -0.0345534 0.00128708 0.000161403 -0.0104135 0.046818 -0.0450074 -0.0305362 0.0112761 0.000679913 0.00571093 0.0167509 -0.00195815 -0.0174097 0.048905 0.0244615 0.000102115 0.0293938 0.00127679 0.00342809 -0.00465561 0.0376055 0.00204594 0.0386454 0.0145185 -0.0234924 0.000381286 -0.0466442 -0.0434294 -0.000473025
internal_weight=363360 61175 302185 294904 13775 7281 46048 4727 909 281129 28962 11864 17098 2961 7123 8728 252167 6697 14137 12373 3136 3427 90364 502 2669 5953 9704 41321 18314 7822
internal_count=363360 61175 302185 294904 13775 7281 46048 4727 909 281129 28962 11864 17098 2961 7123 8728 252167 6697 14137 12373 3136 3427 90364 502 2669 5953 9704 41321 18314 7822
cat_boundaries=0 3 5 7 8 11 14 17 20 23 26 29
cat_threshold=167821458 3493855232 2 2147483648 512 0 2162688 16384 27000896 587994528 8 536871168 16386 4 68232192 1330251 1 0 587207040 8 67109888 73 1 4356 8192 4 134217744 2415919104 2
is_linear=0
shrinkage=0.05


Tree=128
num_leaves=31
num_cat=14
split_feature=17 0 17 17 0 0 17 16 5 2 6 17 3 0 17 5 17 17 17 6 16 17 5 17 2 5 17 17 3 17
split_gain=25599.6 8593.62 6217.89 636.527 716.486 537.158 424.885 789.448 335.939 308.583 303.444 899.503 713.573 523.34 224.722 209.585 418.805 271.792 256.777 212.597 205.004 395.314 170.299 165.062 164.267 355.566 267.434 216.08 159.38 142.795
threshold=0 7.5000000000000009 1 2 7.5000000000000009 7.5000000000000009 3 39.938408333333335 18.750000000000004 14.000000000000002 20.500000000000004 4 14.000000000000002 7.5000000000000009 5 13.500000000000002 6 7 8 9.5000000000000018 30.171350000000007 9 33.750000000000007 10 14.000000000000002 21.250000000000004 11 12 14.000000000000002 13
decision_type=9 2 9 9 2 2 9 2 2 2 2 9 2 2 9 2 9 9 9 2 2 9 2 9 2 2 9 9 2 9
left_child=1 6 5 4 -4 -2 7 8 -1 -7 15 12 20 -13 -14 16 -5 -18 -17 29 -12 -22 -20 -15 25 26 -3 -27 -25 -19
right_child=2 24 3 10 -6 9 -8 -9 -10 -11 11 13 14 23 -16 18 17 19 22 -21 21 -23 -24 28 -26 27 -28 -29 -30 -31
leaf_value=9.0598382117779149e-06 -0.0010560457676514813 0.0087499664730488654 -0.0042698981827351103 0.00078270809787102109 -0.0066354698506883025 3.1987486867457453e-05 -0.0010560457676514813 -2.7608985339799832e-05 -0.011571919844953938 -0.013807496739464131 0.00021046622129048398 -0.011440520766877028 0.057012102233582419 -0.051455808130561657 -0.021427595612452111 -0.0023715787793906263 -0.0070283302085721207 0.017261592019660422 0.0021307403787664825 -0.022919781840008292 0.00054859782087794966 0.0001715017969837529 0.10924051783286259 0.0077237719453021828 -0.0010923361741274286 0.0010256133741836317 -0.0002039145911172824 8.3829158485571048e-05 0.00056074029190540393 -0.00049347488385027567
leaf_weight=502 158 1506 5953 1084 7822 7045 41321 3818 407 78 2510 2252 1092 1764 2960 65436 17912 5406 138783 8971 3244 3418 9277 2316 5484 853 3115 4169 9406 5298
leaf_count=502 158 1506 5953 1084 7822 7045 41321 3818 407 78 2510 2252 1092 1764 2960 65436 17912 5406 138783 8971 3244 3418 9277 2316 5484 853 3115 4169 9406 5298
internal_value=-0.00476745 -0.0342608 0.00120435 7.66325e-05 -0.0104135 0.046818 -0.0450074 -0.0305362 0.0112761 0.048905 0.000590989 0.00543816 0.0150446 -0.00264161 -0.00241856 3.43027e-05 -0.00335264 -0.00423837 0.000647787 -0.00018034 0.0227758 0.0273642 0.0018005 0.0010826 -0.00157004 0.00235922 -0.00764986 0.0115691 0.00323048 0.00457773
internal_weight=363360 61175 302185 294904 13775 7281 46048 4727 909 7123 281129 28962 13224 15738 4052 252167 38671 37587 213496 19675 9172 6662 148060 13486 15127 9643 4621 5022 11722 10704
internal_count=363360 61175 302185 294904 13775 7281 46048 4727 909 7123 281129 28962 13224 15738 4052 252167 38671 37587 213496 19675 9172 6662 148060 13486 15127 9643 4621 5022 11722 10704
cat_boundaries=0 3 5 7 8 11 13 15 18 20 23 26 27 29 31
cat_threshold=167821458 3493855232 2 2147483648 512 0 2162688 16384 563871808 587994528 8 8912896 790528 0 256 361300224 235041920 13 1610874948 621282562 0 587208064 8 67109888 73 1 167821328 0 2147483648 1075065920 537919506
is_linear=0
shrinkage=0.05


Tree=129
num_leaves=31
num_cat=10
split_feature=17 0 17 17 0 0 17 16 5 2 17 0 6 16 16 0 3 14 4 17 17 5 6 3 6 17 5 17 17 0
split_gain=25830.4 8175.1 6246.61 588.297 674.253 537.158 424.885 789.448 335.939 308.583 238.473 204.602 305.03 298.795 163.816 156.722 128.445 123.464 121.72 163.992 117.697 173.097 117.226 111.379 109.211 243.987 120.045 248.677 228.169 147.581
threshold=0 7.5000000000000009 1 2 7.5000000000000009 7.5000000000000009 3 39.938408333333335 18.750000000000004 14.000000000000002 4 7.5000000000000009 19.500000000000004 30.171350000000007 39.971425000000004 87.500000000000014 14.000000000000002 249.99150833333337 1.0000000180025095e-35 5 6 21.250000000000004 15.500000000000002 14.000000000000002 17.500000000000004 7 21.250000000000004 8 9 14.000000000000002
decision_type=9 2 9 9 2 2 9 2 2 2 9 2 2 2 2 2 2 2 2 9 9 2 2 2 2 9 2 9 9 2
left_child=1 6 5 4 14 -2 7 8 16 -7 11 12 -5 17 -4 -13 -1 -14 -12 -20 21 -8 -6 -19 26 -26 28 -28 -3 -29
right_child=2 24 3 10 22 9 20 -9 -10 -11 18 15 13 -15 -16 -17 -18 23 19 -21 -22 -23 -24 -25 25 -27 27 29 -30 -31
leaf_value=8.6068463011734771e-06 -0.0010032434792689227 0.0083769460772351156 -0.0028631559274019838 0.00024447160047595949 0.022820810783439605 3.0388112524093458e-05 -0.0010032434792689227 -2.6228536072814279e-05 -0.010993323852706238 -0.013117121902490947 -7.6603931742758047e-05 0.0023573597477572154 -0.00012369243604917201 0.00027525487269586257 -0.0040564032735983524 0.26378695219499665 -0.025194811390900365 0.001279879924727112 -0.037719891768663062 0.017602221316439605 -0.0010032434792689227 -0.0010032434792689227 -0.063362482683079688 -0.013425291054722122 0.0016249719806144204 -0.00040334235841461564 -0.00086467978243431887 0.000246101524410669 -0.00019973045190164741 -0.00055537147196833565
leaf_weight=442 158 1082 1686 3661 4062 7045 15175 3818 407 78 196700 38634 170 984 4267 4152 60 479 5873 30299 23007 3139 3760 177 2106 2826 1149 3029 2271 2664
leaf_count=442 158 1082 1686 3661 4062 7045 15175 3818 407 78 196700 38634 170 984 4267 4152 60 479 5873 30299 23007 3139 3760 177 2106 2826 1149 3029 2271 2664
internal_value=-0.00489955 -0.0345256 0.00109912 -3.11955e-05 -0.0101161 0.046818 -0.0450074 -0.0305362 0.0112761 0.048905 0.000463294 0.00366192 0.0127673 0.029558 -0.0228036 0.00249848 0.0386454 0.00738499 -0.000199672 0.002466 -0.0466442 -0.0434294 -0.000473025 0.0172256 -0.00264097 0.00346715 -0.00559588 -0.00179772 -0.0133463 0.00249868
internal_weight=363360 61175 302185 294904 13775 7281 46048 4727 909 7123 281129 48257 5471 1810 5953 42786 502 826 232872 36172 41321 18314 7822 656 15127 4932 10195 6842 3353 5693
internal_count=363360 61175 302185 294904 13775 7281 46048 4727 909 7123 281129 48257 5471 1810 5953 42786 502 826 232872 36172 41321 18314 7822 656 15127 4932 10195 6842 3353 5693
cat_boundaries=0 3 5 7 8 10 12 15 18 19 20
cat_threshold=167821458 3493855232 2 2147483648 512 0 2162688 16384 8192 34868352 4100 16781344 134217744 2415919104 2 33587200 268435456 2 167804928 134234128
is_linear=0
shrinkage=0.05


Tree=130
num_leaves=31
num_cat=10
split_feature=17 0 17 17 0 0 17 16 5 2 17 0 6 16 16 0 2 5 17 17 17 3 17 5 4 17 14 5 0 12
split_gain=25256.3 8767.12 6253.57 584.411 675.025 537.158 424.885 789.448 335.939 308.583 225.492 204.889 297.024 309.533 163.816 154.106 152.291 290.324 255.199 227.652 133.612 128.445 117.697 173.097 115.592 152.56 115.063 114.55 112.48 109.051
threshold=0 7.5000000000000009 1 2 7.5000000000000009 7.5000000000000009 3 39.938408333333335 18.750000000000004 14.000000000000002 4 7.5000000000000009 19.500000000000004 30.171350000000007 39.971425000000004 107.50000000000001 14.000000000000002 21.250000000000004 5 6 7 14.000000000000002 8 21.250000000000004 1.0000000180025095e-35 9 249.99150833333337 18.750000000000004 42.500000000000007 5.5000000000000009
decision_type=9 2 9 9 2 2 9 2 2 2 9 2 2 2 2 2 2 2 9 9 9 2 9 2 2 9 2 2 2 2
left_child=1 6 5 4 14 -2 7 8 21 -7 11 12 -5 26 -4 -13 17 18 29 -19 -18 -1 23 -8 -12 -26 -14 -20 -6 -3
right_child=2 16 3 10 28 9 22 -9 -10 -11 24 15 13 -15 -16 -17 20 19 27 -21 -22 -23 -24 -25 25 -27 -28 -29 -30 -31
leaf_value=8.1765039861014799e-06 -0.00095308130530549209 1.5654985215718399e-06 -0.0027199981310318758 0.00023224802045214156 -0.018520533469249225 2.8868706897888785e-05 -0.00095308130530549209 -2.4917109269173566e-05 -0.010443657660070917 -0.012461265807366395 -7.2773735155617916e-05 0.0026760780637382631 -0.00011750781424670898 0.00026149212906108056 -0.003853583109918457 0.49085006019956556 -0.0029363185844007767 0.0010021012790728534 0.0095207453061235021 3.9809489310194127e-05 -0.00052760289836992766 -0.023935070821355355 -0.00095308130530549209 -0.00095308130530549209 -0.005124819426862182 0.031027557706179112 0.00021983505291731654 -0.00015641090324018949 0.12820042388595426 -0.00038317524049391594
leaf_weight=442 158 487 1686 3661 6069 7045 15175 3818 407 78 196700 41157 170 984 4267 1629 442 853 1240 4169 5042 60 23007 3139 13156 23016 656 1294 1753 1600
leaf_count=442 158 487 1686 3661 6069 7045 15175 3818 407 78 196700 41157 170 984 4267 1629 442 853 1240 4169 5042 60 23007 3139 13156 23016 656 1294 1753 1600
internal_value=-0.00485799 -0.034153 0.00107364 -5.73048e-05 -0.0101088 0.046818 -0.0450074 -0.0305362 0.0112761 0.048905 0.00043555 0.0035459 0.0126576 0.0292265 -0.0228036 0.00238162 -0.00113373 0.00264959 -0.00639472 0.0109717 -0.00778629 0.0386454 -0.0466442 -0.0434294 -0.000209119 0.00238859 0.0066586 0.00428459 -0.00046024 -0.0192895
internal_weight=363360 61175 302185 294904 13775 7281 46048 4727 909 7123 281129 48257 5471 1810 5953 42786 15127 9643 4621 5022 5484 502 41321 18314 232872 36172 826 2534 7822 2087
internal_count=363360 61175 302185 294904 13775 7281 46048 4727 909 7123 281129 48257 5471 1810 5953 42786 15127 9643 4621 5022 5484 502 41321 18314 232872 36172 826 2534 7822 2087
cat_boundaries=0 3 5 7 8 10 13 15 16 19 21
cat_threshold=167821458 3493855232 2 2147483648 512 0 2162688 16384 8192 34868352 2 2147483648 2 0 2147483648 134250496 134217744 2415919104 2 563351556 151007522
is_linear=0
shrinkage=0.05


Tree=131
num_leaves=31
num_cat=10
split_feature=17 0 17 17 0 0 17 16 5 2 17 0 6 16 16 2 5 17 8 17 17 6 0 17 3 7 17 5 14 6
split_gain=25079.1 8977.08 6252.13 570.782 650.841 537.158 424.885 789.448 335.939 308.583 209.902 209.858 297.024 309.533 186.733 177.14 224.839 211.125 162.397 330.84 246.776 192.061 144.062 133.612 128.445 121.674 117.697 173.097 115.063 112.913
threshold=0 7.5000000000000009 1 2 7.5000000000000009 7.5000000000000009 3 39.938408333333335 18.750000000000004 14.000000000000002 4 7.5000000000000009 19.500000000000004 30.171350000000007 39.971425000000004 14.000000000000002 21.250000000000004 5 24.500000000000004 6 7 18.500000000000004 117.50000000000001 8 14.000000000000002 4.5000000000000009 9 21.250000000000004 249.99150833333337 15.500000000000002
decision_type=9 2 9 9 2 2 9 2 2 2 9 2 2 2 2 2 2 9 2 9 9 2 2 9 2 2 9 2 2 2
left_child=1 6 5 4 14 -2 7 8 24 -7 11 12 -5 28 -4 16 18 -18 19 -3 -20 25 -13 -17 -1 -22 27 -8 -14 -6
right_child=2 15 3 10 29 9 26 -9 -10 -11 -12 22 13 -15 -16 23 17 -19 20 -21 21 -23 -24 -25 -26 -27 -28 -29 -30 -31
leaf_value=7.7676787868075088e-06 -0.00090542724004021307 -0.0035230828170312203 -0.0025839982244802774 0.00022063561942955447 0.021742697556628877 2.7425271552949939e-05 -0.00090542724004021307 -2.3671253805712667e-05 -0.0099214747770673753 -0.011838202516998032 -1.8224007774714226e-05 0.0027503207638972073 -0.00011163242353435799 0.00024841752260802431 -0.003660903954422512 -0.002789502655180698 0.00095199621511916639 3.7819014844675536e-05 0.011715707103938478 1.7389347278129463e-05 -0.00017058516728187814 0.00020937412728754269 0.58528602881162184 -0.00050122275345145797 -0.022738317280287568 9.4338702479390701e-05 -0.00090542724004021307 -0.00090542724004021307 0.00020884330027146625 -0.059271763598934601
leaf_weight=442 158 758 1686 3661 4062 7045 15175 3818 407 78 232872 41652 170 984 4267 442 853 4169 475 1184 886 841 1134 5042 60 477 23007 3139 656 3760
leaf_count=442 158 758 1686 3661 4062 7045 15175 3818 407 78 232872 41652 170 984 4267 442 853 4169 475 1184 886 841 1134 5042 60 477 23007 3139 656 3760
internal_value=-0.00483185 -0.0340239 0.00107894 -5.18795e-05 -0.00998549 0.046818 -0.0450074 -0.0305362 0.0112761 0.048905 0.000435194 0.0034361 0.0126576 0.0292265 -0.0224509 -0.000611489 0.00346884 0.0107925 -0.00449037 -0.0154995 0.00349011 -0.00361337 0.00225775 -0.00778629 0.0386454 -0.0152238 -0.0466442 -0.0434294 0.0066586 -0.000511378
internal_weight=363360 61175 302185 294904 13775 7281 46048 4727 909 7123 281129 48257 5471 1810 5953 15127 9643 5022 4621 1942 2679 2204 42786 5484 502 1363 41321 18314 826 7822
internal_count=363360 61175 302185 294904 13775 7281 46048 4727 909 7123 281129 48257 5471 1810 5953 15127 9643 5022 4621 1942 2679 2204 42786 5484 502 1363 41321 18314 826 7822
cat_boundaries=0 3 5 7 8 10 12 14 15 16 19
cat_threshold=167821458 3493855232 2 2147483648 512 0 2162688 16384 8192 34868352 0 2147483648 134217728 2147483648 134250512 134250496 134217744 2415919104 2
is_linear=0
shrinkage=0.05


Tree=132
num_leaves=31
num_cat=12
split_feature=17 0 17 17 0 0 17 16 5 2 17 16 14 3 16 5 3 12 17 2 5 17 17 17 17 5 17 6 4 17
split_gain=25138.9 8867.81 6259 562.019 656.162 537.158 424.885 789.448 335.939 308.583 192.671 186.733 151.992 169.293 149.324 132.527 128.445 120.503 131.817 119.08 290.844 229.339 211.125 144.393 117.697 173.097 112.369 104.76 103.694 105.257
threshold=0 7.5000000000000009 1 2 7.5000000000000009 7.5000000000000009 3 39.938408333333335 18.750000000000004 14.000000000000002 4 39.971425000000004 789.91352500000005 7.5000000000000009 39.787241666666674 33.750000000000007 14.000000000000002 49.500000000000007 5 14.000000000000002 21.250000000000004 6 7 8 9 21.250000000000004 10 15.500000000000002 1.0000000180025095e-35 11
decision_type=9 2 9 9 2 2 9 2 2 2 9 2 2 2 2 2 2 2 9 2 2 9 9 9 9 2 9 2 2 9
left_child=1 6 5 4 11 -2 7 8 16 -7 12 -4 15 14 -14 -5 -1 28 -19 20 21 -3 -22 -21 25 -8 -16 -6 -12 -30
right_child=2 19 3 10 27 9 24 -9 -10 -11 17 -13 13 -15 26 -17 -18 18 -20 23 22 -23 -24 -25 -26 -27 -28 -29 29 -31
leaf_value=7.3792948474871171e-06 -0.00086015587803820468 -0.00016205590891775758 -0.0024547983132562571 0.00027181606763337918 0.020655562678797423 2.6054007975329088e-05 -0.00086015587803820468 -2.2487691115413711e-05 -0.0094254010382139874 -0.01124629239114814 -7.9483268760061065e-05 -0.0034778587567013911 -7.3125467959567206e-06 0.016210618045394566 0.00018360825544925242 0.15178652518371011 -0.021601401416273182 -0.025945545586989097 -1.7312807385971851e-05 -0.0026500275224216278 0.00090439640436317252 0.00016543550924730255 3.5928064102463964e-05 -0.00047616161577890281 -0.00086015587803820468 -0.00086015587803820468 0.00022771621595443217 -0.056308175418987853 -0.0046903872494093342 0.031659145181290919
leaf_weight=442 158 2087 1686 84874 4062 7045 15175 3818 407 78 133818 4267 361 4394 744 3451 60 14136 14078 442 853 2534 4169 5042 23007 3139 236 3760 7997 17040
leaf_count=442 158 2087 1686 84874 4062 7045 15175 3818 407 78 133818 4267 361 4394 744 3451 60 14136 14078 442 853 2534 4169 5042 23007 3139 236 3760 7997 17040
internal_value=-0.00486405 -0.0340909 0.00105379 -7.76498e-05 -0.00993471 0.046818 -0.0450074 -0.0305362 0.0112761 0.048905 0.000405671 -0.0224509 0.00225151 0.0101395 0.0256898 0.0017396 0.0386454 -0.000522507 -0.00353371 -0.000882528 0.00246293 -0.00658948 0.0107925 -0.00676513 -0.0466442 -0.0434294 0.0358163 -0.000421887 1.22753e-05 0.00296561
internal_weight=363360 61175 302185 294904 13775 7281 46048 4727 909 7123 281129 5953 94060 5735 1341 88325 502 187069 28214 15127 9643 4621 5022 5484 41321 18314 980 7822 158855 25037
internal_count=363360 61175 302185 294904 13775 7281 46048 4727 909 7123 281129 5953 94060 5735 1341 88325 502 187069 28214 15127 9643 4621 5022 5484 41321 18314 980 7822 158855 25037
cat_boundaries=0 3 5 7 8 10 13 16 18 19 22 24 26
cat_threshold=167821458 3493855232 2 2147483648 512 0 2162688 16384 17833984 34888936 277680132 218234897 4 2 2147483648 2 0 2147483648 134250496 134217744 2415919104 2 16777216 33554560 545525764 17309952
is_linear=0
shrinkage=0.05


Tree=133
num_leaves=31
num_cat=10
split_feature=17 0 17 0 17 0 17 16 5 2 16 17 0 16 6 0 3 2 5 17 17 17 17 17 5 6 5 12 5 5
split_gain=25101.6 8921.03 6257.19 537.158 530.971 686.2 424.885 789.448 335.939 308.583 186.733 181.518 152.446 233.152 461.421 142.365 128.445 123.739 277.247 211.125 209.424 144.589 119.105 117.697 173.097 109.012 246.898 106.898 106.418 101.004
threshold=0 7.5000000000000009 1 7.5000000000000009 2 7.5000000000000009 3 39.938408333333335 18.750000000000004 14.000000000000002 39.971425000000004 4 7.5000000000000009 30.119033333333338 19.500000000000004 117.50000000000001 14.000000000000002 14.000000000000002 21.250000000000004 5 6 7 8 9 21.250000000000004 13.500000000000002 6.2500000000000009 5.5000000000000009 36.250000000000007 18.750000000000004
decision_type=9 2 9 2 9 2 9 2 2 2 2 9 2 2 2 2 2 2 2 9 9 9 9 9 2 2 2 2 2 2
left_child=1 6 3 -2 5 10 7 8 16 -5 -4 12 13 -6 22 -14 -1 18 20 -20 27 -19 -15 24 -8 26 -24 -3 -13 -22
right_child=2 17 4 9 11 -7 23 -9 -10 -11 -12 28 15 14 -16 -17 -18 21 19 -21 29 -23 25 -25 -26 -27 -28 -29 -30 -31
leaf_value=7.0103301051283042e-06 -0.00081714808413630997 1.5210559741607455e-05 -0.0023320583975934284 2.4751307576575954e-05 -4.400261262449412e-05 0.0002155775682607164 -0.00081714808413630997 -2.1363306559640807e-05 -0.0089541309863032659 -0.010683977771590759 -0.0033039658188663171 -2.6727258632686102e-05 0.0024060380178340781 -0.0014224138423778677 0.0002268162337051738 0.55521119646877115 -0.020521331345459526 -0.0025175261463005862 0.00085917658414498283 3.4131660897340769e-05 0.008450650910158064 -0.0004523535349899355 0.00019601303507639224 -0.00081714808413630997 -0.00081714808413630997 0.00076693718608620296 -0.027124838758761219 -0.00036638238938770942 0.082475926409103562 -0.00015773160090439833
leaf_weight=442 158 487 1686 7045 2024 7822 15175 3818 407 78 4267 228388 41652 662 990 1134 60 442 853 4169 1240 5042 421 23007 3139 596 778 1600 4484 1294
leaf_count=442 158 487 1686 7045 2024 7822 15175 3818 407 78 4267 228388 41652 662 990 1134 60 442 853 4169 1240 5042 421 23007 3139 596 778 1600 4484 1294
internal_value=-0.00485304 -0.0340582 0.00106041 0.046818 -7.08681e-05 -0.0096518 -0.0450074 -0.0305362 0.0112761 0.048905 -0.0224509 0.000398913 0.00318955 0.0110492 0.0189585 0.00218529 0.0386454 -0.000750314 0.00265996 0.0107925 -0.00617832 -0.0067469 0.00734636 -0.0466442 -0.0434294 0.0139889 0.00537948 -0.0178588 -0.00017949 0.00349843
internal_weight=363360 61175 302185 7281 294904 13775 46048 4727 909 7123 5953 281129 48257 5471 3447 42786 502 15127 9643 5022 4621 5484 2457 41321 18314 1795 1199 2087 232872 2534
internal_count=363360 61175 302185 7281 294904 13775 46048 4727 909 7123 5953 281129 48257 5471 3447 42786 502 15127 9643 5022 4621 5484 2457 41321 18314 1795 1199 2087 232872 2534
cat_boundaries=0 3 5 7 8 10 12 15 16 18 21
cat_threshold=167821458 3493855232 2 2147483648 512 0 2162688 16384 8192 34868352 0 2147483648 2 2147483648 2 134250496 0 33554432 134217744 2415919104 2
is_linear=0
shrinkage=0.05


Tree=134
num_leaves=31
num_cat=9
split_feature=17 0 17 0 17 0 17 16 5 2 16 17 0 16 6 0 3 8 17 17 5 0 2 6 17 17 5 6 5 5
split_gain=25050.5 8953.04 6261.63 537.158 529.131 686.2 424.885 789.448 335.939 308.583 186.733 178.675 153.977 233.152 461.421 131.8 128.445 126.889 241.923 223.368 153.708 273.314 127.256 125.81 119.105 117.697 173.097 109.012 246.898 103.542
threshold=0 7.5000000000000009 1 7.5000000000000009 2 7.5000000000000009 3 39.938408333333335 18.750000000000004 14.000000000000002 39.971425000000004 4 7.5000000000000009 30.119033333333338 19.500000000000004 117.50000000000001 14.000000000000002 24.500000000000004 5 6 23.750000000000004 14.000000000000002 17.500000000000004 17.500000000000004 7 8 21.250000000000004 13.500000000000002 6.2500000000000009 21.250000000000004
decision_type=9 2 9 2 9 2 9 2 2 2 2 9 2 2 2 2 2 2 9 9 2 2 2 2 9 9 2 2 2 2
left_child=1 6 3 -2 5 10 7 8 16 -5 -4 12 13 -6 24 -14 -1 19 29 20 22 -22 -3 -20 -15 26 -8 28 -26 -19
right_child=2 17 4 9 11 -7 25 -9 -10 -11 -12 -13 15 14 -16 -17 -18 18 23 -21 21 -23 -24 -25 27 -27 -28 -29 -30 -31
leaf_value=6.6598135998852122e-06 -0.00077629067992948111 -0.0033473138715968357 -0.0022154554777137569 2.3513742197778242e-05 -4.1802481993258311e-05 0.00020479868984768501 -0.00077629067992948111 -2.0295141231674309e-05 -0.0085064244369880814 -0.010149778883011253 -0.0031387675279229924 -1.2002281016298967e-05 0.0022857361169421608 -0.0013512931502589699 0.00021547542201991732 0.52745063664533232 -0.019495264778186527 0.00010742735368420853 -0.00050333135162823346 1.9926332712838504e-05 3.2425077852504813e-05 -0.0017079941056740823 0.0094544226129945844 0.0013370980275005274 0.00018621238332259261 -0.00077629067992948111 -0.00077629067992948111 0.00072859032678187499 -0.025768596820823178 0.0041015248985879719
leaf_weight=442 158 998 1686 7045 2024 7822 15175 3818 407 78 4267 232872 41652 662 990 1134 60 1734 2211 5974 882 1006 113 1081 421 23007 3139 596 778 1128
leaf_count=442 158 998 1686 7045 2024 7822 15175 3818 407 78 4267 232872 41652 662 990 1134 60 1734 2211 5974 882 1006 113 1081 421 23007 3139 596 778 1128
internal_value=-0.00486322 -0.0340386 0.00104419 0.046818 -8.74831e-05 -0.0096518 -0.0450074 -0.0305362 0.0112761 0.048905 -0.0224509 0.000381484 0.00315019 0.0110492 0.0189585 0.00214089 0.0386454 -0.000670986 0.00485863 -0.00446339 -0.01557 -0.00693856 -0.030378 -0.00439128 0.00734636 -0.0466442 -0.0434294 0.0139889 0.00537948 0.0154596
internal_weight=363360 61175 302185 7281 294904 13775 46048 4727 909 7123 5953 281129 48257 5471 3447 42786 502 15127 6154 8973 2999 1888 1111 3292 2457 41321 18314 1795 1199 2862
internal_count=363360 61175 302185 7281 294904 13775 46048 4727 909 7123 5953 281129 48257 5471 3447 42786 502 15127 6154 8973 2999 1888 1111 3292 2457 41321 18314 1795 1199 2862
cat_boundaries=0 3 5 7 8 10 13 15 17 20
cat_threshold=167821458 3493855232 2 2147483648 512 0 2162688 16384 8192 34868352 134217744 2147483648 2 134217744 2147483648 0 33554432 134217744 2415919104 2
is_linear=0
shrinkage=0.05


Tree=135
num_leaves=31
num_cat=9
split_feature=17 0 17 0 17 0 17 16 5 2 16 17 6 3 17 17 17 5 0 0 6 16 14 8 6 17 2 15 5 5
split_gain=25089.4 8886.42 6265.34 537.158 526.793 685.177 424.885 789.448 335.939 308.583 187.862 170.341 129.657 128.445 125.237 120.567 117.697 173.097 116.638 112.369 275.677 214.033 111.354 108.296 198.59 162.139 137.934 104.628 98.0168 284.4
threshold=0 7.5000000000000009 1 7.5000000000000009 2 7.5000000000000009 3 39.938408333333335 18.750000000000004 14.000000000000002 39.971425000000004 4 17.500000000000004 14.000000000000002 5 6 7 21.250000000000004 142.50000000000003 7.5000000000000009 19.500000000000004 30.171350000000007 80.034866666666687 24.500000000000004 19.500000000000004 8 17.500000000000004 65.000000000000014 21.250000000000004 26.250000000000004
decision_type=9 2 9 2 9 2 9 2 2 2 2 9 2 2 9 9 9 2 2 2 2 2 2 2 2 9 2 2 2 2
left_child=1 6 3 -2 5 10 7 8 13 -5 -4 18 15 -1 -14 -3 17 -8 19 20 -6 22 -22 24 26 -26 -16 -13 -17 -30
right_child=2 12 4 9 11 -7 16 -9 -10 -11 -12 27 14 -15 23 28 -18 -19 -20 -21 21 -23 -24 -25 25 -27 -28 -29 29 -31
leaf_value=6.3268229198776286e-06 -0.00073747614593302482 1.5138367861400327e-05 -0.0021046827038280649 2.233805508788933e-05 0.00017690176415645633 0.00019455875535534517 -0.00073747614593302482 -1.9280384170095033e-05 -0.008081103215138663 -0.0096422899388606716 -0.0029818291515268493 -1.6800469671496287e-05 -0.016024125133888577 -0.018520501539277225 0.0016367857478289949 -0.00017932204609394375 -0.00073747614593302482 -0.00073747614593302482 1.6467206818388342 0.0029951227602832645 -0.0001153513510084192 0.00023514824289354587 0.00061579431219458422 0.0010846236960550648 -0.0038228002989192157 0.00038201644398281335 -0.0016225944003902982 0.1166100638268258 0.0007867987097416318 -0.0003443361529567035
leaf_weight=442 158 5679 1686 7045 3137 7822 15175 3818 407 78 4267 235381 1175 60 1058 1655 23007 3139 274 38740 96 734 426 1525 483 507 184 2341 1045 1816
leaf_count=442 158 5679 1686 7045 3137 7822 15175 3818 407 78 4267 235381 1175 60 1058 1655 23007 3139 274 38740 96 734 426 1525 483 507 184 2341 1045 1816
internal_value=-0.00488138 -0.0340794 0.00103063 0.046818 -0.000101385 -0.00964454 -0.0450074 -0.0305362 0.0112761 0.048905 -0.0224341 0.000366545 -0.000836253 0.0386454 0.00581914 -0.00405591 -0.0466442 -0.0434294 0.00324642 0.0030406 0.0106192 0.030414 0.0059387 0.0102602 0.00327061 -0.0134343 0.0165862 -0.000159423 -0.0101414 -0.00456134
internal_weight=363360 61175 302185 7281 294904 13775 46048 4727 909 7123 5953 281129 15127 502 4932 10195 41321 18314 43407 43133 4393 1256 522 3757 2232 990 1242 237722 4516 2861
internal_count=363360 61175 302185 7281 294904 13775 46048 4727 909 7123 5953 281129 15127 502 4932 10195 41321 18314 43407 43133 4393 1256 522 3757 2232 990 1242 237722 4516 2861
cat_boundaries=0 3 5 7 8 10 11 13 16 18
cat_threshold=167821458 3493855232 2 2147483648 512 0 2162688 16384 8192 34868224 134234128 134234128 268435456 134217744 2415919104 2 0 2147483648
is_linear=0
shrinkage=0.05


Tree=136
num_leaves=31
num_cat=10
split_feature=17 0 17 0 17 0 17 16 5 2 16 17 3 17 5 0 0 6 16 14 12 17 5 5 17 3 0 4 17 17
split_gain=25283.4 8638.14 6270.32 537.158 524.736 685.177 424.885 789.448 335.939 308.583 187.862 163.462 128.445 117.697 173.097 112.011 111.869 275.996 215.995 111.651 108.687 137.346 108.47 330.517 111.433 103.521 95.4494 92.9377 139.825 115.214
threshold=0 7.5000000000000009 1 7.5000000000000009 2 7.5000000000000009 3 39.938408333333335 18.750000000000004 14.000000000000002 39.971425000000004 4 14.000000000000002 5 21.250000000000004 142.50000000000003 7.5000000000000009 19.500000000000004 30.171350000000007 90.007716666666681 5.5000000000000009 6 21.250000000000004 26.250000000000004 7 17.500000000000004 42.500000000000007 1.0000000180025095e-35 8 9
decision_type=9 2 9 2 9 2 9 2 2 2 2 9 2 9 2 2 2 2 2 2 2 9 2 2 9 2 2 2 9 9
left_child=1 6 3 -2 5 10 7 8 12 -5 -4 15 -1 14 -8 16 17 -6 19 -19 -3 -22 24 25 -23 -24 -7 29 -29 -13
right_child=2 20 4 9 11 26 13 -9 -10 -11 -12 27 -14 -15 -16 -17 -18 18 -20 -21 21 22 23 -25 -26 -27 -28 28 -30 -31
leaf_value=6.0104817738881879e-06 -0.00070060233863635803 0.00014695909752528993 -0.0019994485686366747 2.122115233351707e-05 0.00016805667594863572 -0.016870667828196417 -0.00070060233863635803 -1.8316364961590282e-05 -0.007677048054381741 -0.0091601754419176739 -0.0028327376939504935 -0.0018189494854660149 -0.017594476462313359 -0.00070060233863635803 -0.00070060233863635803 1.5643846477468928 0.002845366622269108 -0.00010958378345797826 0.00022339083074887081 0.00058500459658485939 3.0046905566827322e-05 0.0029196895074194099 0.0015493120815356144 -0.00032711934530889054 -0.0006790801940565139 -0.007698761620279982 0.12276839117102334 0.041030596801894248 -0.002219239898359504 0.00014159004614557879
leaf_weight=442 158 2535 1686 7045 3137 6069 15175 3818 407 78 4267 104166 60 23007 3139 274 38740 102 734 420 7342 185 1074 2153 1779 59 1753 17111 19925 96520
leaf_count=442 158 2535 1686 7045 3137 6069 15175 3818 407 78 4267 104166 60 23007 3139 274 38740 102 734 420 7342 185 1074 2153 1779 59 1753 17111 19925 96520
internal_value=-0.00492239 -0.0342331 0.00101243 0.046818 -0.000120035 -0.00964454 -0.0450074 -0.0305362 0.0112761 0.048905 -0.0224341 0.000346981 0.0386454 -0.0466442 -0.0434294 0.00316811 0.00296641 0.0105281 0.0303344 0.00574713 -0.00145766 -0.00335928 -0.00952471 -0.00398661 -0.0188391 0.0178729 7.67067e-05 -0.000168257 0.00213306 -0.000592966
internal_weight=363360 61175 302185 7281 294904 13775 46048 4727 909 7123 5953 281129 502 41321 18314 43407 43133 4393 1256 522 15127 12592 5250 3286 1964 1133 7822 237722 37036 200686
internal_count=363360 61175 302185 7281 294904 13775 46048 4727 909 7123 5953 281129 502 41321 18314 43407 43133 4393 1256 522 15127 12592 5250 3286 1964 1133 7822 237722 37036 200686
cat_boundaries=0 3 5 7 8 10 13 15 16 19 22
cat_threshold=167821458 3493855232 2 2147483648 512 0 2162688 16384 8192 34868224 134217744 2415919104 2 167788560 268435456 32768 1074332992 147545 5 1418528064 67240211 5
is_linear=0
shrinkage=0.05


Tree=137
num_leaves=31
num_cat=8
split_feature=17 0 17 17 0 0 17 16 5 2 14 3 17 5 16 0 17 5 17 0 2 6 5 3 5 16 3 5 17 6
split_gain=25520.2 8580.55 6235.13 537.751 686.735 537.158 424.885 789.448 335.939 308.583 299.714 351.372 334.076 282.505 187.862 157.96 152.933 141.549 865.715 816.1 273.458 249.024 339.089 291.88 216.053 143.425 128.445 121.263 324.008 296.049
threshold=0 7.5000000000000009 1 2 7.5000000000000009 7.5000000000000009 3 39.938408333333335 18.750000000000004 14.000000000000002 779.94013333333339 14.000000000000002 4 18.750000000000004 39.971425000000004 14.000000000000002 5 18.750000000000004 6 7.5000000000000009 22.500000000000004 11.500000000000002 6.2500000000000009 7.5000000000000009 21.250000000000004 30.171350000000007 14.000000000000002 13.500000000000002 7 19.500000000000004
decision_type=9 2 9 9 2 2 9 2 2 2 2 2 9 2 2 2 9 2 9 2 2 2 2 2 2 2 2 2 9 2
left_child=1 6 5 4 14 -2 7 8 26 -7 16 12 13 -12 -4 -13 17 18 21 -19 24 22 -5 25 -21 -23 -1 28 -18 -30
right_child=2 -3 3 10 -6 9 -8 -9 -10 -11 11 15 -14 -15 -16 -17 27 19 -20 20 -22 23 -24 -25 -26 -27 -28 -29 29 -31
leaf_value=5.7099576852071013e-06 -0.00066557222170455794 -2.2563897075311703e-05 -0.0018994761402048256 0.00056709871636004825 0.00061212918671635927 2.0160094716814571e-05 -0.00066557222170455794 -1.7400546713508547e-05 -0.0072931956516626428 -0.0087021666698217544 0.00021202740331545123 -0.023267279778162876 0.00019846217209522622 -0.017510329185794406 -0.0026911008092529889 0.01277251906904997 -0.0069793276350842426 -0.025515730932823957 0.00025927177319338138 0.00087891794263614828 0.056698394466627638 0.0022379055112755619 -1.7917652111387738e-05 0.021915915396307908 -0.016804706039605665 0.00085425768842437586 -0.016714752639197705 -3.0578830931560223e-05 -0.001551053601308805 0.0016433549838754226
leaf_weight=442 158 15127 1686 628 7822 7045 41321 3818 407 78 2955 1430 3936 406 4267 10130 17606 2192 25241 2944 27669 424 1706 1505 3720 1942 60 157260 13183 6252
leaf_count=442 158 15127 1686 628 7822 7045 41321 3818 407 78 2955 1430 3936 406 4267 10130 17606 2192 25241 2944 27669 424 1706 1505 3720 1942 60 157260 13183 6252
internal_value=-0.00482139 -0.034269 0.00114115 1.18679e-05 -0.00963003 0.046818 -0.0450074 -0.0305362 0.0112761 0.048905 0.000484636 0.00657316 0.0151638 0.0267131 -0.0224341 0.00115052 4.68979e-05 0.00208808 0.00454748 -2.87474e-05 0.00185973 0.0212631 0.0083976 0.0290752 -0.00723289 0.0400254 0.0386454 -0.000667229 -0.003241 0.00121111
internal_weight=363360 61175 302185 294904 13775 7281 46048 4727 909 7123 281129 18857 7297 3361 5953 11560 262272 67971 31446 36525 34333 6205 2334 3871 6664 2366 502 194301 37041 19435
internal_count=363360 61175 302185 294904 13775 7281 46048 4727 909 7123 281129 18857 7297 3361 5953 11560 262272 67971 31446 36525 34333 6205 2334 3871 6664 2366 502 194301 37041 19435
cat_boundaries=0 3 5 7 8 11 13 15 18
cat_threshold=167821458 3493855232 2 2147483648 512 0 2162688 16384 18088000 570429696 8 8192 1330664 0 1280 361300224 201465859 5
is_linear=0
shrinkage=0.05


Tree=138
num_leaves=31
num_cat=13
split_feature=17 0 17 17 0 0 17 16 6 17 16 5 2 17 3 17 16 17 6 17 17 6 3 17 5 17 5 17 5 6
split_gain=25524.2 8682.78 6216.98 545.38 686.735 537.158 424.885 789.448 358.993 1074.11 659.304 335.939 308.583 305.608 298.609 189.371 187.862 176.047 155.314 255.513 181.878 131.118 128.445 125.295 122.531 393.318 188.961 176.869 202.57 158.136
threshold=0 7.5000000000000009 1 2 7.5000000000000009 7.5000000000000009 3 39.938408333333335 20.500000000000004 4 30.171350000000007 18.750000000000004 14.000000000000002 5 7.5000000000000009 6 39.971425000000004 7 21.500000000000004 8 9 16.500000000000004 14.000000000000002 10 10.750000000000002 11 6.2500000000000009 12 6.2500000000000009 10.500000000000002
decision_type=9 2 9 9 2 2 9 2 2 9 2 2 2 9 2 9 2 9 2 9 9 2 2 9 2 9 2 9 2 2
left_child=1 6 5 4 16 -2 7 11 17 10 -10 22 -7 -11 15 -12 -4 21 19 -15 -20 -5 -1 -23 25 26 -19 28 -27 -26
right_child=2 -3 3 8 -6 12 -8 -9 9 13 14 -13 -14 18 -16 -17 -18 24 20 -21 -22 23 -24 -25 29 27 -28 -29 -30 -31
leaf_value=5.4244598009400848e-06 -0.00063229361061933886 -2.143570222150615e-05 -0.001804502333194602 0.042595571984515961 0.00058152272738070114 1.9152089980956079e-05 -0.00063229361061933886 -1.6530519377822017e-05 3.7347580837687748e-05 -0.011183954454743317 -0.0001267292403800191 -0.006928535869079511 -0.008267058336330636 -0.00012599186564736799 0.018040108375300078 0.00026284872852215812 -0.0025565457687903416 0.00080382950739852363 0.00067188848204855498 0.04010786568482292 -0.0159789340137797 -0.057684161034146225 -0.015879015007237828 0.01942342915695754 0.015852479917259823 -0.02712316008026763 0.00053952481512276051 -0.0019585670948135902 -0.0066303612533300084 -0.0010240353250440925
leaf_weight=442 158 15127 1686 31836 7822 7045 41321 3818 3000 3084 156 407 78 3677 2743 3327 4267 700 3089 3419 6467 3245 60 12393 18458 2509 1124 19686 4161 158055
leaf_count=442 158 15127 1686 31836 7822 7045 41321 3818 3000 3084 156 407 78 3677 2743 3327 4267 700 3089 3419 6467 3245 60 12393 18458 2509 1124 19686 4161 158055
internal_value=-0.00475534 -0.0342053 0.00120766 8.00233e-05 -0.00963003 0.046818 -0.0450074 -0.0305362 0.000556131 0.00582833 0.0199004 0.0112761 0.048905 -0.000759648 0.0292001 0.0389176 -0.0224341 -4.9372e-05 0.00192054 0.00752537 -0.00223943 0.00269354 0.0386454 -0.00105512 -0.000685627 -0.00374734 0.0186478 -0.00530228 -0.0123353 -0.000196869
internal_weight=363360 61175 302185 294904 13775 7281 46048 4727 281129 28962 9226 909 7123 19736 6226 3483 5953 252167 16652 7096 9556 47474 502 15638 204693 28180 1824 26356 6670 176513
internal_count=363360 61175 302185 294904 13775 7281 46048 4727 281129 28962 9226 909 7123 19736 6226 3483 5953 252167 16652 7096 9556 47474 502 15638 204693 28180 1824 26356 6670 176513
cat_boundaries=0 3 5 7 8 10 13 14 16 18 21 23 25 28
cat_threshold=167821458 3493855232 2 2147483648 512 0 2162688 16384 27000896 587994368 67175424 89 1 1048576 9216 1067208 805314816 68304930 805314560 1073184 8 0 16512 0 1280 92864512 134348800 8
is_linear=0
shrinkage=0.05


Tree=139
num_leaves=31
num_cat=14
split_feature=17 0 17 17 0 0 17 16 5 6 17 16 3 2 17 16 17 17 0 3 17 17 6 17 17 3 0 15 17 17
split_gain=25516.1 8682.78 6218.52 544.732 686.735 537.158 424.885 789.448 335.939 334.391 1053.61 637.225 317.939 308.583 252.163 187.862 171.83 162.107 128.946 222.496 218.819 173.944 131.78 197.731 171.009 128.445 127.812 119.504 119.01 117.697
threshold=0 7.5000000000000009 1 2 7.5000000000000009 7.5000000000000009 3 39.938408333333335 18.750000000000004 20.500000000000004 4 30.171350000000007 7.5000000000000009 14.000000000000002 5 39.971425000000004 6 7 7.5000000000000009 14.000000000000002 8 9 21.500000000000004 10 11 14.000000000000002 14.000000000000002 25.000000000000004 12 13
decision_type=9 2 9 9 2 2 9 2 2 2 9 2 2 2 9 2 9 9 2 2 9 9 2 9 9 2 2 2 9 9
left_child=1 6 5 4 15 -2 7 8 25 16 11 28 17 -7 -12 -4 -5 -13 20 21 -16 -20 23 -21 -24 -1 -23 -18 -11 -8
right_child=2 -3 3 9 -6 13 29 -9 -10 10 14 12 -14 -15 18 -17 27 -19 19 22 -22 26 24 -25 -26 -27 -28 -29 -30 -31
leaf_value=5.1532368108730965e-06 -0.00060067893008834976 -2.0363917110444165e-05 -0.0017142772165348763 0.0050959884357306253 0.00055244659101170155 1.819448548188163e-05 -0.00060067893008834976 -1.5703993408910934e-05 -0.0065821090756255536 0.0090756522282263059 -0.010624756732006135 -0.00012039277836102259 0.017138102956535128 -0.0078537054195140683 6.9871731026727171e-05 -0.0024287184803508223 -0.0010156500940964543 0.00024970629209604135 -0.047484102006668485 0.15783404236932724 -0.017022462390600703 0.0053897326701282111 0.044991386385965809 -0.015449018711886531 -0.040590792474477416 -0.015085064256875926 -0.014615322520445329 0.035044724759626882 -7.0617282610330176e-05 -0.00060067893008834976
leaf_weight=442 158 15127 1686 38198 7822 7045 18314 3818 407 330 3084 156 2743 78 2110 4267 207311 3327 743 2269 771 2171 491 2700 4835 60 562 6658 2670 23007
leaf_count=442 158 15127 1686 38198 7822 7045 18314 3818 407 330 3084 156 2743 78 2110 4267 207311 3327 743 2269 771 2171 491 2700 4835 60 562 6658 2670 23007
internal_value=-0.00476002 -0.0342053 0.00120204 7.42589e-05 -0.00963003 0.046818 -0.0450074 -0.0305362 0.0112761 0.000550084 0.00563842 0.0195756 0.0287183 0.048905 -0.000886255 -0.0224341 -3.43027e-05 0.0387453 0.00154843 0.00356183 -0.00807011 0.0144994 -0.000131132 0.0057255 -0.00559519 0.0386454 0.020288 -0.000585805 0.000666667 -0.0466442
internal_weight=363360 61175 302185 294904 13775 7281 46048 4727 909 281129 28962 9226 6226 7123 19736 5953 252167 3483 16652 13771 2881 3476 10295 4969 5326 502 2733 213969 3000 41321
internal_count=363360 61175 302185 294904 13775 7281 46048 4727 909 281129 28962 9226 6226 7123 19736 5953 252167 3483 16652 13771 2881 3476 10295 4969 5326 502 2733 213969 3000 41321
cat_boundaries=0 3 5 7 8 10 13 15 16 19 22 25 27 29 32
cat_threshold=167821458 3493855232 2 2147483648 512 0 2162688 16384 27000896 587994368 67175424 89 1 16785408 1050696 1048576 536871168 16546 4 4356 8320 4 1073745924 134227968 4 268443648 1056768 1572864 4096 134217744 2415919104 2
is_linear=0
shrinkage=0.05


Tree=140
num_leaves=31
num_cat=11
split_feature=17 0 17 17 0 0 17 16 5 6 17 16 3 2 17 16 17 5 17 5 0 14 3 17 6 17 5 3 17 6
split_gain=25567.2 8682.78 6208.87 548.813 686.735 537.158 424.885 789.448 335.939 324.918 998.987 580.146 309.854 308.583 209.4 187.862 157.318 247.727 156.183 166.966 150.182 144.78 190.368 180.627 171.8 181.796 175.152 128.445 126.157 121.533
threshold=0 7.5000000000000009 1 2 7.5000000000000009 7.5000000000000009 3 39.938408333333335 18.750000000000004 20.500000000000004 4 30.171350000000007 7.5000000000000009 14.000000000000002 5 39.971425000000004 6 18.750000000000004 7 13.500000000000002 7.5000000000000009 709.92930833333344 14.000000000000002 8 10.500000000000002 9 12.000000000000002 14.000000000000002 10 10.500000000000002
decision_type=9 2 9 9 2 2 9 2 2 2 9 2 2 2 9 2 9 2 9 2 2 2 2 9 2 9 2 2 9 2
left_child=1 6 5 4 15 -2 7 8 27 16 11 -11 18 -7 20 -4 17 21 -13 -20 -12 24 23 -23 25 -5 -26 -1 -28 -19
right_child=2 -3 3 9 -6 13 -8 -9 -10 10 14 12 -14 -15 -16 -17 -18 29 19 -21 -22 22 -24 -25 26 -27 28 -29 -30 -31
leaf_value=4.8955749703427644e-06 -0.00057064498358392333 -1.9345721254904192e-05 -0.0016285633557081348 0.016632827203518819 0.00052482426146127636 1.7284761207747581e-05 -0.00057064498358392333 -1.4918793738472047e-05 -0.0062530036218442671 3.9011065926297661e-05 -0.0073961152034785378 -0.00011437313944298034 0.016281197808708292 -0.0074610201485383783 0.00025114480357650847 -0.0023072825563332788 0.00066577708611808011 0.062751343134067425 0.00023722097749123705 0.00011845750024299662 -0.036034455894209304 -0.013610613873216959 -0.028532253794023934 0.0040262481683615457 -0.03200936664981735 -0.0064057925703730591 -0.032433197393162243 -0.01433081104403211 -0.00680281355603114 0.00034112630337919115
leaf_weight=442 158 15127 1686 9314 7822 7045 41321 3818 407 3000 498 156 2743 78 17063 4267 124131 4680 2805 522 2175 728 1989 1064 4865 9025 6971 60 20131 69269
leaf_count=442 158 15127 1686 9314 7822 7045 41321 3818 407 3000 498 156 2743 78 17063 4267 124131 4680 2805 522 2175 728 1989 1064 4865 9025 6971 60 20131 69269
internal_value=-0.00473057 -0.0342053 0.00123745 0.000110541 -0.00963003 0.046818 -0.0450074 -0.0305362 0.0112761 0.000588143 0.00560389 0.019175 0.0278991 0.048905 -0.000749519 -0.0224341 1.20952e-05 -0.00121753 0.0377979 0.040021 -0.0137346 -0.00378927 0.00564665 0.0174665 -0.00449847 -0.000640711 -0.00671161 0.0386454 -0.00514353 0.000663295
internal_weight=363360 61175 302185 294904 13775 7281 46048 4727 909 281129 28962 9226 6226 7123 19736 5953 252167 128036 3483 3327 2673 54087 3781 1792 50306 18339 31967 502 27102 73949
internal_count=363360 61175 302185 294904 13775 7281 46048 4727 909 281129 28962 9226 6226 7123 19736 5953 252167 128036 3483 3327 2673 54087 3781 1792 50306 18339 31967 502 27102 73949
cat_boundaries=0 3 5 7 8 10 13 16 17 20 23 25
cat_threshold=167821458 3493855232 2 2147483648 512 0 2162688 16384 27000896 587994368 66560 89 1 1888223556 654450866 12 1048576 256 84017282 8 1074004292 603979952 4 1073742144 537001984
is_linear=0
shrinkage=0.05


Tree=141
num_leaves=31
num_cat=10
split_feature=17 0 17 0 2 6 17 16 3 17 16 17 17 0 5 17 17 16 17 6 6 17 5 6 5 5 3 14 0 0
split_gain=26256.9 8834.86 6145.11 537.158 308.583 300.171 1016.66 602.237 310.709 264.567 360.544 263.319 202.394 198.32 359.765 991.666 564.965 244.183 205.769 264.774 179.22 155.473 165.423 147.552 150.125 145.329 142.67 133.535 132.911 128.007
threshold=0 7.5000000000000009 1 7.5000000000000009 14.000000000000002 20.500000000000004 2 30.171350000000007 7.5000000000000009 3 39.949808333333344 4 5 14.000000000000002 18.750000000000004 6 7 49.938625000000009 8 12.500000000000002 15.500000000000002 9 13.500000000000002 11.500000000000002 6.2500000000000009 18.750000000000004 7.5000000000000009 709.92930833333344 7.5000000000000009 7.5000000000000009
decision_type=9 2 9 2 2 2 9 2 2 9 2 9 9 2 2 9 9 2 9 2 2 9 2 2 2 2 2 2 2 2
left_child=1 9 3 -2 -5 12 7 -7 21 10 20 28 13 14 15 23 -16 -18 19 -17 25 -9 -23 24 -4 -1 -25 -21 -8 -13
right_child=2 -3 5 4 -6 6 11 8 -10 -11 -12 29 -14 -15 16 18 17 -19 -20 27 -22 22 -24 26 -26 -27 -28 -29 -30 -31
leaf_value=4.650796221827847e-06 -0.00054211273440474272 -1.8378435192190071e-05 0.0019709581673460264 1.6420523147342438e-05 -0.0070879691411114727 3.7060512629993882e-05 -0.011417620903205528 -0.00010865448247083799 0.015467137918272833 -0.00054211273440474272 -1.4172854051563988e-05 -9.0598619911297373e-05 0.00062876101776558895 -0.00088193449276960942 -0.023270004367328581 -0.010238314765721724 0.0030989469952418026 -0.0029207998470317078 -0.0016323551674810588 -0.033686908984282907 -7.432455091382906e-08 0.00022535992861669741 0.00011253462523086455 0.00088334874372297811 6.5598987228687733e-05 -0.0059403534407520553 0.023949747781443344 0.0022906101373418421 -0.044219355934159266 0.0020813177610130573
leaf_weight=244 158 15127 309 7045 78 3000 528 156 2743 41321 3803 3354 128855 99574 3754 3875 5618 3184 14677 2926 486 2805 522 1161 707 194 395 491 1104 15166
leaf_count=244 158 15127 309 7045 78 3000 528 156 2743 41321 3803 3354 128855 99574 3754 3875 5618 3184 14677 2926 486 2805 522 1161 707 194 395 491 1104 15166
internal_value=-0.0045759 -0.0344455 0.00147206 0.046818 0.048905 0.00035095 0.00514671 0.0188826 0.0277706 -0.0453418 -0.0337872 -0.00115068 -0.000179643 -0.00151996 -0.00464054 -0.00111854 -0.0115244 -0.00457331 -0.00456117 -0.0114215 -0.00584416 0.037683 0.0399011 0.0281952 0.0134843 0.0173516 0.037982 -0.0215833 -0.020341 0.000550459
internal_weight=363360 61175 302185 7281 7123 294904 29378 9226 6226 46048 4727 20152 265526 136671 37097 24541 12556 8802 21969 7292 924 3483 3327 2572 1016 438 1556 3417 1632 18520
internal_count=363360 61175 302185 7281 7123 294904 29378 9226 6226 46048 4727 20152 265526 136671 37097 24541 12556 8802 21969 7292 924 3483 3327 2572 1016 438 1556 3417 1632 18520
cat_boundaries=0 3 5 7 8 10 13 15 17 20 21
cat_threshold=167821458 3493855232 2 2147483648 512 27000896 587994368 16384 1024 65617 1351352644 623583664 12 0 256 0 65792 1082130496 196608 8 1048576
is_linear=0
shrinkage=0.05


Tree=142
num_leaves=31
num_cat=11
split_feature=17 0 17 0 2 17 16 6 17 16 0 17 3 3 17 17 0 5 17 17 16 17 6 6 0 17 5 0 16 5
split_gain=26171.3 8834.86 6161 537.158 308.583 264.567 360.544 258.136 893.579 518.419 269.952 440.316 244.504 198.614 238.78 198.46 187.486 332.081 940.485 598.721 256.184 212.083 267.022 179.22 178.267 162.199 181.021 158.264 156.004 145.329
threshold=0 7.5000000000000009 1 7.5000000000000009 14.000000000000002 2 39.949808333333344 20.500000000000004 3 30.171350000000007 7.5000000000000009 4 7.5000000000000009 17.500000000000004 5 6 14.000000000000002 18.750000000000004 7 8 49.859300000000005 9 12.500000000000002 15.500000000000002 14.000000000000002 10 18.750000000000004 17.500000000000004 209.83910833333337 18.750000000000004
decision_type=9 2 9 2 2 9 2 2 9 2 2 9 2 2 9 9 2 2 9 9 2 9 2 2 2 9 2 2 2 2
left_child=1 5 3 -2 -5 6 23 15 9 -9 11 -10 25 14 -12 16 17 18 28 20 -19 22 -20 29 -15 26 -11 -16 -4 -1
right_child=2 -3 7 4 -6 -7 -8 8 10 12 13 -13 -14 24 27 -17 -18 19 21 -21 -22 -23 -24 -25 -26 -27 -28 -29 -30 -31
leaf_value=4.4182564107320133e-06 -0.00051500709768452784 -1.7459513432616091e-05 0.00083918130653684033 1.5599496989970873e-05 -0.0067335706840559346 -0.00051500709768452784 -1.3464211349001333e-05 3.5207486998478643e-05 6.2006892855404068e-06 0.00015588443362357651 -0.026280591813503753 -0.015434190167061025 0.0098467395677674929 -0.032229276522123131 0.0058646832399807287 0.00074454943792647834 -0.00080367459210464178 -0.017124909592303127 -0.0097263990274356182 0.0032374660424284944 -0.021981394936238054 -0.00056905064055507999 -0.030856508401237194 -7.0608323365917161e-08 -0.0064448863557574404 0.00023087566767685531 -0.017605331113420688 -0.17178453364471516 0.00083918130653684033 -0.0056433357687144525
leaf_weight=244 158 15127 1854 7045 78 41321 3803 3235 2276 1741 1779 1431 3026 961 3657 128507 97781 2934 3875 5165 4986 16289 3417 486 8823 1811 51 587 718 194
leaf_count=244 158 15127 1854 7045 78 41321 3803 3235 2276 1741 1779 1431 3026 961 3657 128507 97781 2934 3875 5165 4986 16289 3417 486 8823 1811 51 587 718 194
internal_value=-0.00462461 -0.0344455 0.00141349 0.046818 0.048905 -0.0453418 -0.0337872 0.000290932 0.00473824 0.0169941 -0.00146486 -0.0136094 0.0250189 0.0013823 0.00852565 -0.00020111 -0.00152486 -0.00444467 -0.00119107 -0.0109476 -0.0195712 -0.0043258 -0.0114078 -0.00584416 -0.00301513 0.033819 0.0445616 0.0149506 0.0274593 0.0173516
internal_weight=363360 61175 302185 7281 7123 46048 4727 294904 29378 9864 19514 3707 6629 15807 6023 265526 137019 39238 26153 13085 7920 23581 7292 924 9784 3603 1792 4244 2572 438
internal_count=363360 61175 302185 7281 7123 46048 4727 294904 29378 9864 19514 3707 6629 15807 6023 265526 137019 39238 26153 13085 7920 23581 7292 924 9784 3603 1792 4244 2572 438
cat_boundaries=0 3 5 6 8 11 14 17 19 21 24 26
cat_threshold=167821458 3493855232 2 2147483648 512 16384 27000896 587994400 603980032 2113666 4 67110148 8387 5 1351352644 623063472 12 0 256 1074003968 2162944 1082130496 196608 8 262144 587203840
is_linear=0
shrinkage=0.05


Tree=143
num_leaves=31
num_cat=10
split_feature=17 0 17 0 2 17 16 6 17 16 0 17 3 17 16 3 17 17 6 0 5 5 0 0 5 17 5 17 3 5
split_gain=26350.8 8834.86 6127.72 537.158 308.583 264.567 360.544 231.232 864.418 498.751 255.309 438.049 229.1 196.551 204.248 181.755 224.907 179.393 179.22 167.517 165.22 145.329 144.152 135.73 120.396 117.697 173.097 115.034 114.824 250.112
threshold=0 7.5000000000000009 1 7.5000000000000009 14.000000000000002 2 39.949808333333344 20.500000000000004 3 30.171350000000007 7.5000000000000009 4 7.5000000000000009 5 219.96819166666671 17.500000000000004 6 7 15.500000000000002 14.000000000000002 18.750000000000004 18.750000000000004 14.000000000000002 17.500000000000004 38.750000000000007 8 21.250000000000004 9 7.5000000000000009 21.250000000000004
decision_type=9 2 9 2 2 9 2 2 9 2 2 9 2 9 2 2 9 9 2 2 2 2 2 2 2 9 2 9 2 2
left_child=1 5 3 -2 -5 6 18 13 9 27 11 -10 17 14 -4 16 22 20 21 -17 -11 -1 -12 -18 -15 26 -7 -9 29 -16
right_child=2 -3 7 4 -6 25 -8 8 10 12 15 -13 -14 24 28 19 23 -19 -20 -21 -22 -23 -24 -25 -26 -27 -28 -29 -30 -31
leaf_value=4.1973435902065146e-06 -0.00048925674280031473 -1.6586537760954202e-05 0.0012238718500316105 1.4819522140463449e-05 -0.0063968921498531728 -0.00048925674280031473 -1.2791000781531281e-05 0.01034194706899676 2.5759658138602151e-05 0.00014809021194239769 -0.045063810465967351 -0.014926407051318447 0.0093544025893790746 -0.0011567884098782955 0.00020636872227064451 -0.030617812696016957 0.0055714490779816828 0.00021933188429299478 -6.7077907184298627e-08 -0.0061226420379695062 -0.016725064557749646 -0.0053611689802787414 0.020139640582743423 -0.16319530696247941 0.097735942478732518 -0.00048925674280031473 -0.00048925674280031473 -7.5390162223598631e-05 0.045828050808043488 -0.079429192217040437
leaf_weight=244 158 15127 39321 7045 78 15175 3803 345 2305 1741 731 1402 3026 219047 746 961 3657 1811 486 8823 51 194 1048 587 4164 23007 3139 2890 2116 132
leaf_count=244 158 15127 39321 7045 78 15175 3803 345 2305 1741 731 1402 3026 219047 746 961 3657 1811 486 8823 51 194 1048 587 4164 23007 3139 2890 2116 132
internal_value=-0.00452251 -0.0344455 0.00153626 0.046818 0.048905 -0.0453418 -0.0337872 0.000416732 0.00462591 0.0166802 -0.00147511 -0.0132857 0.0245512 -4.89594e-05 0.00307501 0.00129373 0.00812718 0.0330697 -0.00584416 -0.00291292 0.0443396 0.0173516 -0.0067915 0.014363 -0.000641293 -0.0466442 -0.0434294 0.000602782 0.0156647 0.0308656
internal_weight=363360 61175 302185 7281 7123 46048 4727 294904 29378 9864 19514 3707 6629 265526 42315 15807 6023 3603 924 9784 1792 438 1779 4244 223211 41321 18314 3235 2994 878
internal_count=363360 61175 302185 7281 7123 46048 4727 294904 29378 9864 19514 3707 6629 265526 42315 15807 6023 3603 924 9784 1792 438 1779 4244 223211 41321 18314 3235 2994 878
cat_boundaries=0 3 5 6 8 11 13 16 18 21 23
cat_threshold=167821458 3493855232 2 2147483648 512 16384 27000896 587994400 603980032 2121858 4 8192 3147850 67110148 8387 5 262144 587203840 134217744 2415919104 2 9961472 4096
is_linear=0
shrinkage=0.05


Tree=144
num_leaves=31
num_cat=8
split_feature=17 0 17 0 2 17 16 17 5 17 16 6 3 17 0 5 6 16 5 15 6 14 0 5 17 4 17 6 5 6
split_gain=26360.5 8837.51 6125.48 537.158 308.583 264.567 360.544 239.865 471.65 703.336 684.606 555.813 488.187 317.624 305.627 226.426 465.291 332.652 214.555 201.121 179.22 149.755 145.666 145.329 135.202 131.988 192.067 433.657 276.815 215.254
threshold=0 7.5000000000000009 1 7.5000000000000009 14.000000000000002 2 39.949808333333344 3 18.750000000000004 4 119.94533333333335 11.500000000000002 7.5000000000000009 5 7.5000000000000009 6.2500000000000009 10.500000000000002 30.119033333333338 21.250000000000004 25.000000000000004 15.500000000000002 228.42652500000005 7.5000000000000009 18.750000000000004 6 1.0000000180025095e-35 7 17.500000000000004 8.7500000000000018 9.5000000000000018
decision_type=9 2 9 2 2 9 2 9 2 9 2 2 2 9 2 2 2 2 2 2 2 2 2 2 9 2 9 2 2 2
left_child=1 5 3 -2 -5 6 20 8 10 14 13 -12 -13 15 -10 -4 -17 -18 21 22 23 -16 -19 -1 -11 26 27 28 -9 -30
right_child=2 -3 7 4 -6 -7 -8 25 9 24 11 12 -14 -15 18 16 17 19 -20 -21 -22 -23 -24 -25 -26 -27 -28 -29 29 -31
leaf_value=3.9874764107050712e-06 -0.000464793905660299 -1.5757210872902051e-05 0.00031772511025276453 1.407854603341363e-05 -0.0060770475423605145 -0.000464793905660299 -1.2151450742470261e-05 0.014950985031239972 -0.021725730371135166 0.16087895796334095 -0.0030713524253420891 0.00072995244897984264 0.023174982739059227 2.7717375483105047e-05 -0.012191493458895676 -0.0041588430379375652 2.9185041502577392e-05 0.00027645649150049857 -0.016205361641752125 -0.0012118575529970867 -6.3724011845067707e-08 0.001492326108547637 0.016264912194805702 -0.0050931105312648217 0.00074843684044250129 0.011278647975785816 -0.00051687192819454002 -0.08458489643206657 -0.04828900131015517 -0.013576388995228329
leaf_weight=244 158 15127 1138 7045 78 41321 3803 276 2202 3734 1054 3187 2727 19322 723 1751 1809 1725 3892 136 486 1151 829 194 27504 35922 180303 1647 348 3524
leaf_count=244 158 15127 1138 7045 78 41321 3803 276 2202 3734 1054 3187 2727 19322 723 1751 1809 1725 3892 136 486 1151 829 194 27504 35922 180303 1647 348 3524
internal_value=-0.00451536 -0.0344439 0.00154453 0.046818 0.048905 -0.0453418 -0.0337872 0.000425209 0.00291382 -0.000813651 0.00725399 0.0212113 0.0271728 0.00361288 -0.0140637 0.0124223 0.008704 0.0172149 -0.00802983 0.0283643 -0.00584416 0.0058698 0.0315192 0.0173516 0.00256976 -0.000391839 -0.000927468 -0.00987941 -0.00127772 -0.00472624
internal_weight=363360 61175 302185 7281 7123 46048 4727 294904 72884 39206 33678 6968 5914 26710 7968 7388 6250 4499 5766 2690 924 1874 2554 438 31238 222020 186098 5795 4148 3872
internal_count=363360 61175 302185 7281 7123 46048 4727 294904 72884 39206 33678 6968 5914 26710 7968 7388 6250 4499 5766 2690 924 1874 2554 438 31238 222020 186098 5795 4148 3872
cat_boundaries=0 3 5 6 8 10 12 14 16
cat_threshold=167821458 3493855232 2 2147483648 512 16384 16785408 36969728 0 1280 16777216 1280 0 1048576 0 65536
is_linear=0
shrinkage=0.05


Tree=145
num_leaves=31
num_cat=11
split_feature=17 0 17 0 2 17 16 17 6 16 5 6 0 17 5 14 17 0 17 5 17 17 14 3 17 6 17 6 6 14
split_gain=26201.8 8837.51 6154.89 537.158 308.583 264.567 360.544 217.358 179.22 177.612 308.398 462.014 507.044 230.287 145.329 125.152 206.96 118.588 620.165 494.141 427.53 276.841 253.482 310.816 281.534 536.067 205.9 165.1 164.771 148.791
threshold=0 7.5000000000000009 1 7.5000000000000009 14.000000000000002 2 39.949808333333344 3 15.500000000000002 100.01199166666667 21.250000000000004 11.500000000000002 7.5000000000000009 4 18.750000000000004 149.9378916666667 5 7.5000000000000009 6 18.750000000000004 7 8 789.91352500000005 7.5000000000000009 9 19.500000000000004 10 18.500000000000004 14.500000000000002 699.96153333333348
decision_type=9 2 9 2 2 9 2 9 2 2 2 2 2 9 2 2 9 2 9 2 9 9 2 2 9 2 9 2 2 2
left_child=1 5 3 -2 -5 6 8 9 14 -4 11 -11 -13 -12 -1 16 -9 18 28 21 -21 29 23 24 25 -23 -24 -22 -17 -20
right_child=2 -3 7 4 -6 -7 -8 15 -10 10 13 12 -14 -15 -16 17 -18 -19 19 20 27 22 26 -25 -26 -27 -28 -29 -30 -31
leaf_value=3.7881025901853605e-06 -0.00044155421037728182 -1.4969350329252507e-05 9.3714154891744183e-05 1.3374618731720745e-05 -0.0057731951652424847 -0.00044155421037728182 -1.1543878205344527e-05 0.011798257542277747 -6.0537811252814319e-08 -0.006497130473523783 -0.02473923681747614 0.00044764204077132332 0.0082986517690401222 0.066008080635221233 -0.0048384550047015917 -0.020846751348735728 -0.00090399197965780338 -0.0011597559288883731 -0.021266565962814135 -0.019981023517572229 0.16625736684209574 -0.02726646985684136 -7.9943925639813794e-06 -0.00088105834057881091 0.00081856403925493213 0.0017318637033365558 0.00020506444853523044 -0.022070880841222641 -0.022188095111612863 0.00046713892157410622
leaf_weight=244 158 15127 40930 7045 78 41321 3803 28556 486 1669 2495 2936 4568 5407 194 555 33661 159314 2716 1599 1169 659 663 1044 1439 682 1223 432 2082 1105
leaf_count=244 158 15127 40930 7045 78 41321 3803 28556 486 1669 2495 2936 4568 5407 194 555 33661 159314 2716 1599 1169 659 663 1044 1439 682 1223 432 2082 1105
internal_value=-0.00460563 -0.0344439 0.00143599 0.046818 0.048905 -0.0453418 -0.0337872 0.00031399 -0.00584416 0.00305697 0.00734114 0.0135779 0.0188699 0.00010124 0.0173516 -0.000357732 0.0015679 -0.00104361 -0.00523816 -0.000655365 -0.0176563 0.00505194 0.0120105 0.0194299 0.0281655 0.011362 -0.00296925 0.000713842 -0.0272573 -0.00536413
internal_weight=363360 61175 302185 7281 7123 46048 4727 294904 924 58005 17075 9173 7504 7902 438 236899 62217 174682 15368 12731 3200 9531 5710 3824 2780 1341 1886 1601 2637 3821
internal_count=363360 61175 302185 7281 7123 46048 4727 294904 924 58005 17075 9173 7504 7902 438 236899 62217 174682 15368 12731 3200 9531 5710 3824 2780 1341 1886 1601 2637 3821
cat_boundaries=0 3 5 6 8 10 13 16 18 21 23 25
cat_threshold=167821458 3493855232 2 2147483648 512 16384 16785408 36965376 0 2098176 1610945604 537018720 5 1073808384 67305560 1 0 256 68419844 151015426 4 536870976 536871040 0 288
is_linear=0
shrinkage=0.05


Tree=146
num_leaves=31
num_cat=13
split_feature=17 0 17 0 2 17 16 17 16 5 17 6 2 14 17 6 0 5 17 17 6 16 17 17 14 17 5 17 17 12
split_gain=26006.9 8840.17 6190.76 537.158 308.583 264.567 360.544 207.169 193.812 189.867 238.957 455.855 386.347 253.538 194.963 179.22 174.65 405.58 549.619 490.646 321.666 273.814 284.421 173.4 175.506 171.059 145.329 144.352 136.128 125.581
threshold=0 7.5000000000000009 1 7.5000000000000009 14.000000000000002 2 39.949808333333344 3 99.962233333333344 21.250000000000004 4 11.500000000000002 14.000000000000002 779.94013333333339 5 15.500000000000002 7.5000000000000009 18.750000000000004 6 7 11.500000000000002 160.07890833333337 8 9 709.92930833333344 10 18.750000000000004 11 12 63.500000000000007
decision_type=9 2 9 2 2 9 2 9 2 2 9 2 2 2 9 2 2 2 9 9 2 2 9 9 2 9 2 9 9 2
left_child=1 5 3 -2 -5 6 15 16 -9 10 -10 27 13 25 -11 26 17 18 21 -19 -20 -4 -23 24 -22 -13 -1 -12 -15 -18
right_child=2 -3 7 4 -6 -7 -8 8 9 14 11 12 -14 28 -16 -17 29 19 20 -21 23 22 -24 -25 -26 -27 -28 -29 -30 -31
leaf_value=3.598697460693856e-06 -0.00041947649985840663 -1.4220882812754354e-05 9.4710584788115792e-05 1.2705887795139149e-05 -0.005484535406980396 -0.00041947649985840663 -1.0966684295077301e-05 7.7203015814353298e-05 0.00058395996017321925 0.092993981778804274 -0.0062911731190929306 0.00085623355128667817 0.016152270247169566 -8.6194771833181252e-05 -0.0048228374183836749 -5.7510920692394052e-08 -0.00073905578011066462 -0.040820275057012717 -0.0080835120178149641 0.14792444249524392 -0.020764028188478136 0.00077763583729217878 -3.499425716824156e-05 -0.020475913783641664 0.0007030528212904841 0.0006886328963818134 -0.0045965322544665012 0.022283810192931953 0.0014053901697990145 -0.11755007539293222
leaf_weight=244 158 15127 7100 7045 78 41321 3803 104073 8774 7086 1182 674 4046 176 9762 486 134034 2342 3953 1196 1179 849 542 1892 333 3700 194 1112 100 799
leaf_count=244 158 15127 7100 7045 78 41321 3803 104073 8774 7086 1182 674 4046 176 9762 486 134034 2342 3953 1196 1179 849 542 1892 333 3700 194 1112 100 799
internal_value=-0.00471516 -0.0344423 0.00130396 0.046818 0.048905 -0.0453418 -0.0337872 0.000178696 0.00156615 0.00469518 0.00801963 0.0129273 0.0181693 0.028 0.000795347 -0.00584416 -0.00108702 -0.00552461 -0.00210752 -0.020831 -0.0121013 0.00655805 0.0268512 -0.0233843 -0.0105125 0.0309328 0.0173516 -0.00688753 -0.0184783 -0.000449074
internal_weight=363360 61175 302185 7281 7123 46048 4727 294904 140685 36612 19764 10990 8696 4650 16848 924 154219 19386 15848 3538 7357 8491 1391 3404 1512 4374 438 2294 276 134833
internal_count=363360 61175 302185 7281 7123 46048 4727 294904 140685 36612 19764 10990 8696 4650 16848 924 154219 19386 15848 3538 7357 8491 1391 3404 1512 4374 438 2294 276 134833
cat_boundaries=0 3 5 6 9 12 14 17 19 21 23 24 26 27
cat_threshold=167821458 3493855232 2 2147483648 512 16384 1888224580 218309009 12 4096 571494506 1 67121152 34883592 805306692 16785792 4 0 65792 0 256 9175040 17 68157440 16777216 2098176 16777216
is_linear=0
shrinkage=0.05


Tree=147
num_leaves=31
num_cat=8
split_feature=17 0 17 0 2 17 16 17 6 6 3 5 14 16 17 15 5 6 17 5 5 0 0 6 4 17 6 5 6 17
split_gain=25748.3 9083.24 6198.77 537.158 308.583 264.567 360.544 206.618 179.22 166.276 745.479 420.355 291.27 331.678 265.715 157.098 145.329 122.708 273.231 172.784 156.742 148.118 119.757 118.456 118.361 188.904 429.148 276.539 215.551 167.972
threshold=0 7.5000000000000009 1 7.5000000000000009 14.000000000000002 2 39.949808333333344 3 15.500000000000002 13.500000000000002 7.5000000000000009 21.250000000000004 779.94013333333339 30.171350000000007 4 25.000000000000004 18.750000000000004 11.500000000000002 5 6.2500000000000009 18.750000000000004 7.5000000000000009 7.5000000000000009 17.500000000000004 1.0000000180025095e-35 6 17.500000000000004 8.7500000000000018 9.5000000000000018 7
decision_type=9 2 9 2 2 9 2 9 2 2 2 2 2 2 9 2 2 2 9 2 2 2 2 2 2 9 2 2 2 9
left_child=1 5 3 -2 -5 6 8 9 16 14 11 12 13 -11 -4 -15 -1 18 -16 22 -19 -21 -20 -3 25 26 27 -9 -29 -26
right_child=2 23 7 4 -6 -7 -8 24 -10 10 -12 -13 -14 15 17 -17 -18 20 19 21 -22 -23 -24 -25 29 -27 -28 28 -30 -31
leaf_value=3.4187625876480612e-06 -0.00039850267486549743 -8.7185525361910265e-05 0.084806507280064031 1.2070593405422159e-05 -0.0052103086366313894 -0.00039850267486549743 -1.0418350080332318e-05 0.014652810979551579 -5.463537466887658e-08 0.0010928195720957712 0.0018613040378511415 -0.026504509932911403 -3.2899994964896705e-05 0.00048168021038002 -0.0026299976281481288 -0.0011598105338824995 -0.0043667056417431736 0.0014595790535382404 7.3342865023651182e-05 -0.012397055051474037 -0.0078469970980581394 -0.00060622527742548726 -0.059164527272068494 0.00023146789405883441 0.051512728256093078 -0.00020280507896739409 -0.078222451165700507 -0.045425176044773787 -0.012802628960017159 -0.0016540268115866398
leaf_weight=244 158 10195 7759 7045 78 41321 3803 276 486 1114 24454 854 300 3343 1794 94 194 1185 562 1523 3312 2871 348 4932 15376 201320 1647 348 3524 22900
leaf_count=244 158 10195 7759 7045 78 41321 3803 276 486 1114 24454 854 300 3343 1794 94 194 1185 562 1523 3312 2871 348 4932 15376 201320 1647 348 3524 22900
internal_value=-0.00471461 -0.0342935 0.00127451 0.046818 0.048905 -0.0453418 -0.0337872 0.000148518 -0.00584416 0.00309452 0.00541629 0.0216915 0.0273861 0.0305318 -0.000521856 0.0382165 0.0173516 -0.00531237 -0.0094111 -0.00366955 0.00114521 -0.00778334 0.0161538 -0.000684207 -0.000446005 -0.000918089 -0.00981051 -0.00125362 -0.00470041 0.00210837
internal_weight=363360 61175 302185 7281 7123 46048 4727 294904 924 49513 30159 5705 4851 4551 19354 3437 438 11595 7098 5304 4497 4394 910 15127 245391 207115 5795 4148 3872 38276
internal_count=363360 61175 302185 7281 7123 46048 4727 294904 924 49513 30159 5705 4851 4551 19354 3437 438 11595 7098 5304 4497 4394 910 15127 245391 207115 5795 4148 3872 38276
cat_boundaries=0 3 5 6 8 10 12 14 17
cat_threshold=167821458 3493855232 2 2147483648 512 16384 16785408 3410944 8192 1050624 0 2097152 0 65536 1073808704 213081 1
is_linear=0
shrinkage=0.05


Tree=148
num_leaves=31
num_cat=12
split_feature=17 0 17 0 2 17 16 17 6 0 5 17 17 16 17 6 17 5 16 5 17 6 2 17 17 17 14 6 0 6
split_gain=25878.2 8856.09 6212.2 537.158 308.583 264.567 360.544 180.638 179.22 164.645 427.818 526.727 471.488 275.505 277.582 268.822 222.093 145.329 141.02 154.804 213.334 444.121 344.708 170.301 134.244 127.17 365.516 164.209 146.539 121.105
threshold=0 7.5000000000000009 1 7.5000000000000009 14.000000000000002 2 39.949808333333344 3 15.500000000000002 7.5000000000000009 18.750000000000004 4 5 160.07890833333337 6 11.500000000000002 7 18.750000000000004 99.962233333333344 21.250000000000004 8 11.500000000000002 14.000000000000002 9 10 11 779.94013333333339 19.500000000000004 7.5000000000000009 19.500000000000004
decision_type=9 2 9 2 2 9 2 9 2 2 2 9 9 2 9 2 9 2 2 2 9 2 2 9 9 9 2 2 2 2
left_child=1 5 3 -2 -5 6 8 9 17 10 11 13 -12 -4 -15 -13 29 -1 -9 20 -20 24 25 -21 -22 27 -27 28 -23 -17
right_child=2 -3 7 4 -6 -7 -8 18 -10 -11 12 15 -14 14 -16 16 -18 -19 19 23 21 22 -24 -25 -26 26 -28 -29 -30 -31
leaf_value=3.2478244582634375e-06 -0.00037857754112220477 -1.0887146591365138e-05 0.00010011530949709524 1.1467063735182138e-05 -0.0049497932047998464 -0.00037857754112220477 -9.8974325763112616e-06 6.9675721772455293e-05 -5.1903605946534982e-08 -0.00095726602211270166 -0.038769121050213684 -0.0080983961577659972 0.13857118988605013 0.00074889429937594629 -2.3104290361430915e-05 -0.021563631702987276 -0.016143772108565102 -0.0041483703596560065 0.00024397630972634589 0.12472201655089138 -0.0057262154124855247 -0.02180733919513056 0.026990039052595449 -0.0037566485672275718 0.00093752548829795224 0.00063011724104371507 -8.0240033493295123e-05 0.0014680128034325612 0.0012560558956675296 0.00040436601038176259
leaf_weight=244 158 15127 7100 7045 78 41321 3803 103480 486 135431 2342 4191 1199 849 542 994 1815 194 8160 5280 816 375 3641 11547 1624 3655 206 434 410 813
leaf_count=244 158 15127 7100 7045 78 41321 3803 103480 486 135431 2342 4191 1199 849 542 994 1815 194 8160 5280 816 375 3641 11547 1624 3655 206 434 410 813
internal_value=-0.00477901 -0.0344325 0.0012252 0.046818 0.048905 -0.0453418 -0.0337872 9.79947e-05 -0.00584416 -0.00107544 -0.0053288 -0.00190751 -0.0210816 0.00671098 0.0270669 -0.0112681 -0.021259 0.0173516 0.00140291 0.00409151 0.00714508 0.0116328 0.0169189 0.000585369 -0.00721311 0.0253346 0.0297727 0.0109439 -0.00261146 -0.00866813
internal_weight=363360 61175 302185 7281 7123 46048 4727 294904 924 155276 19845 16304 3541 8491 1391 7813 3622 438 139628 36148 19321 11161 8721 16827 2440 5080 3861 1219 785 1807
internal_count=363360 61175 302185 7281 7123 46048 4727 294904 924 155276 19845 16304 3541 8491 1391 7813 3622 438 139628 36148 19321 11161 8721 16827 2440 5080 3861 1219 785 1807
cat_boundaries=0 3 5 6 9 12 14 16 18 21 23 25 27
cat_threshold=167821458 3493855232 2 2147483648 512 16384 1955333444 84091281 12 805306692 16785792 4 0 65792 0 256 76283904 17 4096 168317034 1 12288 1329160 16777216 2097152 1114112 536870912
is_linear=0
shrinkage=0.05


Tree=149
num_leaves=31
num_cat=12
split_feature=17 0 17 0 2 17 16 6 17 5 6 0 17 5 12 17 5 3 17 5 16 17 17 0 5 17 17 14 6 17
split_gain=25772.6 8856.09 6232.06 537.158 308.583 264.567 360.544 179.22 162.756 145.329 126.973 122.93 117.697 173.097 116.669 129.432 116.158 202.142 148.103 182.726 114.147 138.892 136.957 231.722 156.631 444.803 333.013 318.683 156.39 274.605
threshold=0 7.5000000000000009 1 7.5000000000000009 14.000000000000002 2 39.949808333333344 15.500000000000002 3 18.750000000000004 8.5000000000000018 87.500000000000014 4 21.250000000000004 5.5000000000000009 5 21.250000000000004 14.000000000000002 6 26.250000000000004 199.96849166666667 7 8 7.5000000000000009 6.2500000000000009 9 10 459.94640833333341 11.500000000000002 11
decision_type=9 2 9 2 2 9 2 2 9 2 2 2 9 2 2 9 2 2 9 2 2 9 9 2 2 9 9 2 2 9
left_child=1 5 3 -2 -5 6 7 9 10 -1 -4 -12 13 -7 -3 -16 -17 18 -18 -20 22 -22 23 24 25 27 28 -10 -26 -30
right_child=2 14 8 4 -6 12 -8 -9 20 -11 11 -13 -14 -15 15 16 17 -19 19 -21 21 -23 -24 -25 26 -27 -28 -29 29 -31
leaf_value=3.0854332353502656e-06 -0.00035964866406610344 0.00015356883464985317 -0.086477188267154947 1.0893710548387503e-05 -0.0047023035445598717 -0.00035964866406610344 -9.4025609474801545e-06 -4.9308425653649125e-08 0.013578128506090525 -0.003940951841673224 0.0003093616176762293 0.26501349061339069 -0.00035964866406610344 -0.00035964866406610344 4.2502252289366997e-05 -0.00033495463422257289 0.0014524901945205393 -0.001008858564730808 0.0015109589138279313 -0.00060445692320438844 0.0005986113789915315 0.00057370806696459557 -0.00011589601687624907 0.00025562824941358645 -0.0025019815328293673 -0.0020249573626070386 -0.042748997434646802 -2.9870511575635918e-05 0.00051860357787969491 -0.00016989726918281711
leaf_weight=244 158 2535 446 7045 78 15175 3803 486 512 194 18867 2274 23007 3139 7342 1964 710 1167 516 893 3205 24176 228192 9852 1446 294 1584 140 1788 2128
leaf_count=244 158 2535 446 7045 78 15175 3803 486 512 194 18867 2274 23007 3139 7342 1964 710 1167 516 893 3205 24176 228192 9852 1446 294 1584 140 1788 2128
internal_value=-0.00483955 -0.0344325 0.0011524 0.046818 0.048905 -0.0453418 -0.0337872 -0.00584416 2.33967e-05 0.0173516 0.00420197 0.00476089 -0.0466442 -0.0434294 -0.00124612 -0.00321633 -0.00920152 -0.00346926 0.00573384 -0.00369979 -0.000306775 0.00275556 -0.000647729 -0.00487777 -0.0112646 0.00782241 -0.0138641 0.0306647 -0.00785555 -0.00268131
internal_weight=363360 61175 302185 7281 7123 46048 4727 924 294904 438 21587 21141 41321 18314 15127 12592 5250 3286 2119 1409 273317 27381 245936 17744 7892 946 6946 652 5362 3916
internal_count=363360 61175 302185 7281 7123 46048 4727 924 294904 438 21587 21141 41321 18314 15127 12592 5250 3286 2119 1409 273317 27381 245936 17744 7892 946 6946 652 5362 3916
cat_boundaries=0 3 5 6 8 11 13 15 17 19 21 23 25
cat_threshold=167821458 3493855232 2 2147483648 512 16384 16777216 1050624 134217744 2415919104 2 167788560 268435456 0 2147483648 67117056 2359360 0 2162944 0 65792 0 2097408 0 2097152
is_linear=0
shrinkage=0.05


Tree=150
num_leaves=31
num_cat=11
split_feature=17 0 17 0 2 17 16 8 17 17 17 6 5 17 5 6 4 15 16 17 0 5 17 17 6 6 0 17 14 3
split_gain=25663.8 9107.45 6210.67 537.158 308.583 264.567 360.544 180.128 325.621 246.72 179.258 179.22 145.329 117.697 173.097 113.772 111.841 114.574 121.24 145.785 110.832 102.708 633.783 322.485 151.88 131.667 121.18 117.338 99.2599 125.229
threshold=0 7.5000000000000009 1 7.5000000000000009 14.000000000000002 2 39.949808333333344 24.500000000000004 3 4 5 15.500000000000002 18.750000000000004 6 21.250000000000004 17.500000000000004 -15.999999999999998 45.000000000000007 180.0165916666667 7 87.500000000000014 18.750000000000004 8 9 17.500000000000004 19.500000000000004 11.500000000000002 10 779.94013333333339 11.500000000000002
decision_type=9 2 9 2 2 9 2 2 9 9 9 2 2 9 2 2 2 2 2 9 2 2 9 9 2 2 2 9 2 2
left_child=1 5 3 -2 -5 6 11 9 -9 -3 20 12 -1 14 -7 -10 -12 18 28 21 -4 22 -20 24 -23 26 -24 -27 -18 -30
right_child=2 7 10 4 -6 13 -8 8 15 -11 16 -13 -14 -15 -16 -17 17 -19 19 -21 -22 23 25 -25 -26 27 -28 -29 29 -31
leaf_value=2.9311615735938546e-06 -0.00034166623086280269 0.00010721448929453815 0.00029389353679243335 1.0349025020950364e-05 -0.004467188367331865 -0.00034166623086280269 -8.9324329000994854e-06 0.0017318092130104825 -0.00023062892842657946 -0.00086190582860155027 0.11767208536091661 -4.684300436430533e-08 -0.0037439042495895692 -0.00034166623086280269 -0.00034166623086280269 0.0017840500162569662 -0.0011299962856262892 0.070002194610519375 0.00068276418105894798 0.0017757219440596829 0.25030539115993733 -0.014781331941604048 -0.016413850941455622 0.00025052200115585068 0.0065273435796048499 -0.019742440666006902 -0.00097093076112568792 0.0025460583704515652 0.00019036423416056715 -0.00035774156441288342
leaf_weight=244 158 4280 19275 7045 78 15175 3803 2311 2709 4693 4504 486 194 23007 3139 1134 218736 4438 1634 12371 2312 1435 1454 10870 500 523 1288 934 5794 8836
leaf_count=244 158 4280 19275 7045 78 15175 3803 2311 2709 4693 4504 486 194 23007 3139 1134 218736 4438 1634 12371 2312 1435 1454 10870 500 523 1288 934 5794 8836
internal_value=-0.00474846 -0.0342788 0.00123083 0.046818 0.048905 -0.0453418 -0.0337872 -0.000624711 0.0059636 -0.00514321 0.000103759 -0.00584416 0.0173516 -0.0466442 -0.0434294 -0.00297171 -0.00024275 -0.00037368 -0.000507423 0.00242994 0.00448905 -0.00036465 0.00513458 -0.00286997 -0.0216195 -0.0051675 -0.0116338 0.00696637 -0.000897731 0.00308954
internal_weight=363360 61175 302185 7281 7123 46048 4727 15127 6154 8973 294904 924 438 41321 18314 3843 273317 268813 264375 31009 21587 18638 5833 12805 1935 4199 2742 1457 233366 14630
internal_count=363360 61175 302185 7281 7123 46048 4727 15127 6154 8973 294904 924 438 41321 18314 3843 273317 268813 264375 31009 21587 18638 5833 12805 1935 4199 2742 1457 233366 14630
cat_boundaries=0 3 5 6 8 10 12 15 18 20 23 25
cat_threshold=167821458 3493855232 2 2147483648 512 16384 134217744 2147483648 33570818 268435456 16777216 1050624 134217744 2415919104 2 1610945536 235623714 9 0 525568 0 524544 1 1024 201543682
is_linear=0
shrinkage=0.05


Tree=151
num_leaves=31
num_cat=13
split_feature=17 0 17 0 2 17 16 17 0 17 6 5 5 17 6 17 6 17 5 12 17 17 5 5 16 17 17 6 6 17
split_gain=25921.2 8705.38 6229.53 537.158 308.583 264.567 360.544 200.976 202.544 358.981 439.578 239.763 212.316 208.248 179.22 164.208 149.446 238.033 145.329 126.805 150.606 125.423 415.026 371.751 292.665 225 193.827 174.075 156.604 245.687
threshold=0 7.5000000000000009 1 7.5000000000000009 14.000000000000002 2 39.949808333333344 3 7.5000000000000009 4 14.500000000000002 21.250000000000004 8.7500000000000018 5 15.500000000000002 6 21.500000000000004 7 18.750000000000004 5.5000000000000009 8 9 18.750000000000004 18.750000000000004 160.07890833333337 10 11 20.500000000000004 11.500000000000002 12
decision_type=9 2 9 2 2 9 2 9 2 9 2 2 2 9 2 9 2 9 2 2 9 9 2 2 2 9 9 2 2 9
left_child=1 5 3 -2 -5 6 14 8 9 10 12 21 15 -13 18 -4 -9 -18 -1 -3 -21 22 24 -23 -11 -24 27 -26 -25 -30
right_child=2 19 7 4 -6 -7 -8 16 -10 11 -12 13 -14 -15 -16 -17 17 -19 -20 20 -22 23 25 28 26 -27 -28 -29 29 -31
leaf_value=2.7846034948986187e-06 -0.00032458291931964923 0.00011102151124795512 -0.0072019817399624486 9.8315737698584375e-06 -0.0042438289489652448 -0.00032458291931964923 -8.4858112550989521e-06 0.00040621006119589964 -0.00087624800558616656 5.5091396768114367e-05 -0.01639047256772428 -0.049789985421913312 -0.040555047748633166 0.23627317338012005 -4.4500854157192297e-08 0.013702683627439028 0.00016677772890765221 0.00014477825935128586 -0.0035567090371100732 4.1600188385970684e-05 -0.00015397028661778833 -0.00068674407801410102 -0.014042265344523842 -0.0052583057509384638 0.00064862597200598948 0.13829133056458573 9.8300439701670694e-05 -0.00015927933609596325 0.00062546317755294298 -0.037114316557747905
leaf_weight=244 158 2535 429 7045 78 41321 3803 132332 132730 6866 2013 1853 1368 223 486 300 2096 4783 194 7342 5250 5901 875 241 800 534 493 49 724 294
leaf_count=244 158 2535 429 7045 78 41321 3803 132332 132730 6866 2013 1853 1368 223 486 300 2096 4783 194 7342 5250 5901 875 241 800 534 493 49 724 294
internal_value=-0.00484753 -0.0345256 0.00116167 0.046818 0.048905 -0.0453418 -0.0337872 3.28909e-05 -0.00120133 -0.00553717 -0.0189078 -0.00261093 -0.00293276 -0.0186416 -0.00584416 0.0188615 0.00141322 0.00859863 0.0173516 -0.00162293 -0.00367694 -0.000628837 0.00310065 -0.00563459 0.00740741 -0.0219659 0.028763 0.0430151 0.019023 0.0276031
internal_weight=363360 61175 302185 7281 7123 46048 4727 294904 155693 22963 4110 18853 2097 2076 924 729 139211 6879 438 15127 12592 16777 9617 7160 8208 1409 1342 849 1259 1018
internal_count=363360 61175 302185 7281 7123 46048 4727 294904 155693 22963 4110 18853 2097 2076 924 729 139211 6879 438 15127 12592 16777 9617 7160 8208 1409 1342 849 1259 1018
cat_boundaries=0 3 5 6 9 11 13 15 18 20 22 24 26 28
cat_threshold=167821458 3493855232 2 2147483648 512 16384 1888224580 86188433 12 1073742848 67305472 0 2097424 1073741824 131072 16850944 538186752 1 167788560 268435456 805306688 16785792 0 256 0 256 0 2097152
is_linear=0
shrinkage=0.05


Tree=152
num_leaves=31
num_cat=12
split_feature=17 0 17 0 2 17 16 17 0 17 6 5 5 17 6 17 6 17 5 17 5 2 5 17 17 17 0 14 0 12
split_gain=25607.6 9080.55 6225.74 537.158 308.583 264.567 360.544 185.55 187.496 366.689 432.928 245.251 212.316 207.973 179.22 164.208 156.266 225.761 145.329 117.697 173.097 111.464 164.029 229.077 159.997 148.536 132.74 128.722 107.206 105.584
threshold=0 7.5000000000000009 1 7.5000000000000009 14.000000000000002 2 39.949808333333344 3 7.5000000000000009 4 14.500000000000002 21.250000000000004 8.7500000000000018 5 15.500000000000002 6 21.500000000000004 7 18.750000000000004 8 21.250000000000004 14.000000000000002 21.250000000000004 9 10 11 14.000000000000002 120.09710000000003 137.50000000000003 1.5000000000000002
decision_type=9 2 9 2 2 9 2 9 2 9 2 2 2 9 2 9 2 9 2 9 2 2 2 9 9 9 2 2 2 2
left_child=1 5 3 -2 -5 6 14 8 9 10 12 -11 15 -13 18 -4 28 -18 -1 20 -7 22 23 29 26 -23 27 -24 -9 -3
right_child=2 21 7 4 -6 19 -8 16 -10 11 -12 13 -14 -15 -16 -17 17 -19 -20 -21 -22 25 24 -25 -26 -27 -28 -29 -30 -31
leaf_value=2.6453733201314836e-06 -0.00030835377335365345 0.0001054704356855396 -0.0068418826529643264 9.3399950813477517e-06 -0.0040316375015169827 -0.00030835377335365345 -8.0615206923262406e-06 0.00034831840175080235 -0.00090070477298000997 -1.0973631788946393e-05 -0.015570948939338081 -0.047300486150817639 -0.038527295361201523 0.22202469555029483 -4.2275811429348669e-08 0.013017549446067056 0.0001584388424622496 0.00016630843734843914 -0.0033788735852545494 -0.00030835377335365345 -0.00030835377335365345 -0.0022438789547096329 -0.0014167214628411529 7.432694268620921e-05 -0.00010445903101778953 -0.00026688857664165512 -0.0040415982848744925 0.0004057499722781799 1.5478442432149053 -0.00035636669138083832
leaf_weight=244 158 210 429 7045 78 15175 3803 131570 132415 17594 2013 1853 1368 225 486 300 2096 4769 194 23007 3139 442 204 2597 1882 5042 311 2625 272 1814
leaf_count=244 158 210 429 7045 78 15175 3803 131570 132415 17594 2013 1853 1368 225 486 300 2096 4769 194 23007 3139 442 204 2597 1882 5042 311 2625 272 1814
internal_value=-0.00479717 -0.0342952 0.00117557 0.046818 0.048905 -0.0453418 -0.0337872 4.71324e-05 -0.00113471 -0.00522244 -0.0187864 -0.00237781 -0.00293276 -0.0186237 -0.00584416 0.0188615 0.00137799 0.0087327 0.0173516 -0.0466442 -0.0434294 -0.000690818 0.00254589 -0.00425233 0.00880127 -0.0063822 0.0156825 0.019141 0.000995131 -0.0168142
internal_weight=363360 61175 302185 7281 7123 46048 4727 294904 156197 23782 4110 19672 2097 2078 924 729 138707 6865 438 41321 18314 15127 9643 4621 5022 5484 3140 2829 131842 2024
internal_count=363360 61175 302185 7281 7123 46048 4727 294904 156197 23782 4110 19672 2097 2078 924 729 138707 6865 438 41321 18314 15127 9643 4621 5022 5484 3140 2829 131842 2024
cat_boundaries=0 3 5 6 9 11 13 15 18 21 24 26 27
cat_threshold=167821458 3493855232 2 2147483648 512 16384 1955333444 86180241 12 1073742848 67305472 0 2097424 1073741824 131072 16850944 538186752 1 134217744 2415919104 2 0 2147483648 2 167804928 2415919104 134250496
is_linear=0
shrinkage=0.05


Tree=153
num_leaves=31
num_cat=10
split_feature=17 0 17 0 2 17 16 6 17 0 17 6 5 17 5 17 5 12 17 8 14 0 5 17 5 13 5 7 7 17
split_gain=25888.9 8652.81 6244.53 537.158 308.583 264.567 360.544 179.22 159.415 184.76 364.207 442.643 259.319 203.004 145.329 117.697 173.097 116.09 112.112 142.448 101.986 100.361 99.5381 197.149 175.119 109.891 113.232 92.0151 136.643 130.912
threshold=0 7.5000000000000009 1 7.5000000000000009 14.000000000000002 2 39.949808333333344 15.500000000000002 3 7.5000000000000009 4 14.500000000000002 21.250000000000004 5 18.750000000000004 6 21.250000000000004 2.5000000000000004 7 24.500000000000004 609.99956666666674 142.50000000000003 21.250000000000004 8 26.250000000000004 24.500000000000004 18.750000000000004 1.0000000180025095e-35 4.5000000000000009 9
decision_type=9 2 9 2 2 9 2 2 9 2 9 2 2 9 2 9 2 2 9 2 2 2 2 9 2 2 2 2 2 9
left_child=1 5 3 -2 -5 6 7 14 9 10 11 -4 -12 20 -1 16 -7 -3 19 -19 -14 -10 25 -24 -25 26 -21 29 -29 -11
right_child=2 17 8 4 -6 15 -8 -9 21 27 12 -13 13 -15 -16 -17 -18 18 -20 22 -22 -23 23 24 -26 -27 -28 28 -30 -31
leaf_value=2.5131046541115867e-06 -0.00029293608468599074 0.00017340472371998319 -0.011482002127898695 8.8729953272803638e-06 -0.003830055626441098 -0.00029293608468599074 -7.6584446577321337e-06 -4.0162020864542573e-08 0.00028047950843896886 0.00079561552550524441 1.1544888322223557e-06 -0.015164485989703281 -0.046921052998904145 0.21350473004132509 -0.0032099299059918265 -0.00029293608468599074 -0.00029293608468599074 -0.00079329368827147923 1.355460255805241e-05 0.00065840164522947833 0.19087974512103068 1.4037250834452657 0.0049391918212856826 0.0032994675701026213 -0.00057529161490590399 -0.0001284534377178126 -0.0001284534377178126 0.0028923292226767042 -0.0073902450394684573 -0.029586429514495818
leaf_weight=244 158 1595 2694 7045 78 15175 3803 486 145206 8910 16124 2027 1658 222 194 23007 3139 3405 7999 570 195 274 422 251 266 282 337 74258 34518 8818
leaf_count=244 158 1595 2694 7045 78 15175 3803 486 145206 8910 16124 2027 1658 222 194 23007 3139 3405 7999 570 195 274 422 251 266 282 337 74258 34518 8818
internal_value=-0.00489872 -0.0345583 0.00110674 0.046818 0.048905 -0.0453418 -0.0337872 -0.00584416 -2.33967e-05 -0.00117042 -0.00530105 -0.0176601 -0.00208413 -0.0187229 0.0173516 -0.0466442 -0.0434294 -0.00175514 -0.00325894 -0.00872271 -0.0240741 0.00115472 0.00140977 0.0135783 -0.0073055 -0.00820017 0.000275634 -0.000422121 0.00012227 -0.00376241
internal_weight=363360 61175 302185 7281 7123 46048 4727 924 294904 149424 22920 4721 18199 2075 438 41321 18314 15127 13532 5533 1853 145480 2128 939 517 1189 907 126504 108776 17728
internal_count=363360 61175 302185 7281 7123 46048 4727 924 294904 149424 22920 4721 18199 2075 438 41321 18314 15127 13532 5533 1853 145480 2128 939 517 1189 907 126504 108776 17728
cat_boundaries=0 3 5 6 9 11 13 16 19 21 24
cat_threshold=167821458 3493855232 2 2147483648 512 16384 1888224580 86180241 12 1082131456 67305472 0 2097424 134217744 2415919104 2 32768 2147483648 2 0 2147483648 269222916 2294032 8
is_linear=0
shrinkage=0.05


Tree=154
num_leaves=31
num_cat=10
split_feature=17 0 17 0 2 17 16 6 17 1 17 6 5 16 5 17 5 17 5 16 5 17 17 16 14 17 6 6 6 0
split_gain=25650.4 8927.93 6243.08 537.158 308.583 264.567 360.544 179.22 147.48 152.484 296.953 355.922 293.475 145.824 145.329 117.697 173.097 108.453 352.551 295.553 257.031 191.27 188.896 185.892 188.924 165.773 285.554 163.691 123.885 97.7817
threshold=0 7.5000000000000009 1 7.5000000000000009 14.000000000000002 2 39.949808333333344 15.500000000000002 3 7.5000000000000009 4 15.500000000000002 21.250000000000004 50.07318333333334 18.750000000000004 5 21.250000000000004 6 18.750000000000004 169.96596666666667 18.750000000000004 7 8 180.0165916666667 690.07550833333346 9 11.500000000000002 20.500000000000004 17.500000000000004 142.50000000000003
decision_type=9 2 9 2 2 9 2 2 9 2 9 2 2 2 2 9 2 9 2 2 2 9 9 2 2 9 2 2 2 2
left_child=1 5 3 -2 -5 6 7 14 9 10 11 -4 17 -14 -1 16 -7 18 19 -12 23 27 28 -19 -25 26 -22 -21 -20 -10
right_child=2 -3 8 4 -6 15 -8 -9 29 -11 12 -13 13 -15 -16 -17 -18 20 22 21 25 -23 -24 24 -26 -27 -28 -29 -30 -31
leaf_value=2.3874494214037868e-06 -0.00027828928045168236 -4.3958401894261816e-05 -0.015070301363860894 8.4293455609341105e-06 -0.0036385528451190474 -0.00027828928045168236 -7.275522424832204e-06 -3.8153919801331426e-08 0.00029668628342083281 -0.00065316991323562947 5.4030889002554266e-05 -0.016877939940908738 -0.017532991970227754 -0.066355008890724099 -0.0030494334106922153 -0.00027828928045168236 -0.00027828928045168236 -0.00029113148955932643 -0.013339661120149816 0.00061668563055352623 -0.0049948995062437003 0.00020076881510910916 0.007753285242928021 -8.5634402982659463e-05 0.0027138612992953616 -0.032031708102215672 0.00059468097582313648 -0.00015393293521208664 0.013047628020029123 1.3335388292730024
leaf_weight=244 158 15127 2707 7045 78 15175 3803 486 136714 132315 7281 1447 1058 1078 194 23007 3139 6741 694 781 208 576 576 865 190 443 732 46 178 274
leaf_count=244 158 15127 2707 7045 78 15175 3803 486 136714 132315 7281 1447 1058 1078 194 23007 3139 6741 694 781 208 576 576 865 190 443 732 46 178 274
internal_value=-0.0048657 -0.0343883 0.00111203 0.046818 0.048905 -0.0453418 -0.0337872 -0.00584416 -1.79713e-05 -0.00105936 -0.00459162 -0.0168108 -0.00221606 -0.0198034 0.0173516 -0.0466442 -0.0434294 -0.000271866 0.00329324 0.00710502 -0.00420612 0.0281183 -0.0195442 -0.00773474 -0.0272512 0.0156544 0.0273684 0.0433094 -0.0340136 0.0011825
internal_weight=363360 61175 302185 7281 7123 46048 4727 924 294904 157916 25601 4154 21447 2136 438 41321 18314 19311 10132 8684 9179 1403 1448 7796 1055 1383 940 827 872 136988
internal_count=363360 61175 302185 7281 7123 46048 4727 924 294904 157916 25601 4154 21447 2136 438 41321 18314 19311 10132 8684 9179 1403 1448 7796 1055 1383 940 827 872 136988
cat_boundaries=0 3 5 6 9 11 14 16 18 20 22
cat_threshold=167821458 3493855232 2 2147483648 512 16384 1888224580 119734673 12 8388608 67305472 134217744 2415919104 2 268436800 50332032 0 256 0 256 0 2097152
is_linear=0
shrinkage=0.05


Tree=155
num_leaves=31
num_cat=10
split_feature=17 0 17 0 2 17 16 6 5 17 0 17 5 6 5 3 5 17 14 17 14 17 14 17 5 17 0 4 6 14
split_gain=25574.1 8989.36 6247.24 537.158 308.583 264.567 360.544 179.22 145.329 144.801 148.431 278.264 326.037 354.185 282.166 138.464 135.451 337.046 233.542 133.523 132.126 126.172 124.063 117.697 173.097 108.602 140.334 114.999 105.779 139.685
threshold=0 7.5000000000000009 1 7.5000000000000009 14.000000000000002 2 39.949808333333344 15.500000000000002 18.750000000000004 3 7.5000000000000009 4 8.7500000000000018 17.500000000000004 21.250000000000004 7.5000000000000009 10.750000000000002 5 799.90055833333338 6 230.01219166666669 7 580.1660250000001 8 21.250000000000004 9 82.500000000000014 -15.999999999999998 11.500000000000002 59.904891666666678
decision_type=9 2 9 2 2 9 2 2 2 9 2 9 2 2 2 2 2 9 2 9 2 9 2 9 2 9 2 2 2 2
left_child=1 5 3 -2 -5 6 7 8 -1 10 11 12 13 -4 16 -16 17 18 -13 -18 21 -21 -12 24 -7 26 28 -27 29 -11
right_child=2 -3 9 4 -6 23 -8 -9 -10 25 22 14 -14 -15 15 -17 19 -19 -20 20 -22 -23 -24 -25 -26 27 -28 -29 -30 -31
leaf_value=2.2680769503402586e-06 -0.00026437481642909154 -4.1760481799535401e-05 0.013694287148351681 8.0078782828785229e-06 -0.0034566252028630732 -0.00026437481642909154 -6.911746303606137e-06 -3.6246223800162625e-08 -0.002896961740157611 -0.43317278486404476 -0.0051790890013872831 0.00038655044670385944 -0.035273315418553476 -0.0063125675934496694 -0.049717860289559247 0.015362811978561286 -0.019532439462372021 -0.0018178249446688445 -1.318421909126677e-05 -0.0048349210554530682 0.0004193784623180097 0.23804214154777698 0.0061955157956571586 -0.00026437481642909154 -0.00026437481642909154 0.13610550016397985 0.24295726978978821 6.1711543322040549e-05 -0.026064715615673431 0.29275978875802056
leaf_weight=244 158 15127 280 7045 78 15175 3803 486 194 215 38091 2525 1809 151 1419 522 1027 1988 812 1111 3728 317 12019 23007 3139 4125 2203 218325 3372 865
leaf_count=244 158 15127 280 7045 78 15175 3803 486 194 215 38091 2525 1809 151 1419 522 1027 1988 812 1111 3728 317 12019 23007 3139 4125 2203 218325 3372 865
internal_value=-0.00487203 -0.0343507 0.00109681 0.046818 0.048905 -0.0453418 -0.0337872 -0.00584416 0.0173516 -3.35691e-05 -0.00210078 -0.00634521 -0.0226222 0.0163573 -0.00361468 -0.0212519 -0.000643031 -0.00648826 0.00324171 0.00439107 0.00766551 -0.0052521 -0.000772301 -0.0466442 -0.0434294 0.000560199 0.00684921 0.000371752 0.00175202 0.0153704
internal_weight=363360 61175 302185 7281 7123 46048 4727 924 438 294904 65799 15689 2240 431 13449 1941 11508 5325 3337 6183 5156 1428 50110 41321 18314 229105 6655 222450 4452 1080
internal_count=363360 61175 302185 7281 7123 46048 4727 924 438 294904 65799 15689 2240 431 13449 1941 11508 5325 3337 6183 5156 1428 50110 41321 18314 229105 6655 222450 4452 1080
cat_boundaries=0 3 5 6 8 10 12 13 15 18 20
cat_threshold=167821458 3493855232 2 2147483648 512 16384 9175360 69271808 0 67174400 262464 256 262144 0 2097408 134217744 2415919104 2 0 1048576
is_linear=0
shrinkage=0.05


Tree=156
num_leaves=31
num_cat=12
split_feature=17 0 17 0 2 17 16 6 5 17 17 5 2 5 17 17 5 17 17 14 0 7 12 0 17 6 5 17 17 16
split_gain=25540.8 9091.3 6236.58 537.158 308.583 264.567 360.544 179.22 145.329 127.899 117.697 173.097 110.36 154.237 219.137 170.246 207.52 149.133 144.429 134.833 104.967 104.632 102.498 96.0415 503.294 490.54 213.416 705.275 336.673 235.313
threshold=0 7.5000000000000009 1 7.5000000000000009 14.000000000000002 2 39.949808333333344 15.500000000000002 18.750000000000004 3 4 21.250000000000004 14.000000000000002 21.250000000000004 5 6 26.250000000000004 7 8 580.1660250000001 87.500000000000014 5.5000000000000009 1.5000000000000002 7.5000000000000009 9 14.500000000000002 18.750000000000004 10 11 189.98435000000003
decision_type=9 2 9 2 2 9 2 2 2 9 9 2 2 2 9 9 2 9 9 2 2 2 2 2 9 2 2 9 9 2
left_child=1 5 3 -2 -5 6 7 8 -1 20 11 -7 13 14 22 -15 18 -14 -17 21 -4 -18 -3 24 25 -11 28 -28 -26 -30
right_child=2 12 9 4 -6 10 -8 -9 -10 23 -12 -13 17 15 -16 16 19 -19 -20 -21 -22 -23 -24 -25 26 -27 27 -29 29 -31
leaf_value=2.1546731028276866e-06 -0.00025115607560763923 9.5812621900037703e-05 0.00031932946917085926 7.6074843687656827e-06 -0.0032837939427198927 -0.00025115607560763923 -6.5661589884413734e-06 -3.4433912610154493e-08 -0.0027521136531497349 -0.018716957396384348 -0.00025115607560763923 -0.00025115607560763923 -0.0020877343783758384 0.00015583670888448254 7.4218809608694877e-05 -0.038553300838429651 -0.00096578706197520965 -0.00024993593375279846 0.0010383206487260212 0.0017976791693678608 0.22341161023684714 8.309447085341759e-05 -0.00032783974074117599 7.3064485023355277e-05 -0.00020690723810163903 -0.013825401364920477 -0.014228892396302718 0.00039840953920209369 0.0001070206773025273 0.00056488242590995168
leaf_weight=244 158 210 24764 7045 78 15175 3803 486 194 3502 23007 3139 442 1289 2597 358 1269 5042 1455 449 2542 202 1814 230001 8201 2210 1845 4808 14777 2254
leaf_count=244 158 210 24764 7045 78 15175 3803 486 194 3502 23007 3139 442 1289 2597 358 1269 5042 1455 449 2542 202 1814 230001 8201 2210 1845 4808 14777 2254
internal_value=-0.0048291 -0.0342886 0.00113586 0.046818 0.048905 -0.0453418 -0.0337872 -0.00584416 0.0173516 6.44256e-06 -0.0466442 -0.0434294 -0.000664375 0.00255626 -0.00403592 0.00862206 0.00316591 -0.0063275 0.0153061 -0.00828125 0.00326549 -0.0156016 -0.0163225 -0.000326223 -0.0026691 -0.016323 -0.000217902 -0.00818428 0.00188253 0.00588874
internal_weight=363360 61175 302185 7281 7123 46048 4727 924 438 294904 41321 18314 15127 9643 4621 5022 3733 5484 1813 1920 27306 1471 2024 267598 37597 5712 31885 6653 25232 17031
internal_count=363360 61175 302185 7281 7123 46048 4727 924 438 294904 41321 18314 15127 9643 4621 5022 3733 5484 1813 1920 27306 1471 2024 267598 37597 5712 31885 6653 25232 17031
cat_boundaries=0 3 5 6 8 11 14 16 17 18 20 22 25
cat_threshold=167821458 3493855232 2 2147483648 512 16384 8192 1051648 134217744 2415919104 2 0 2147483648 2 134217728 2147483648 134250496 16384 1082195968 201523272 0 16656 68944900 2113553 5
is_linear=0
shrinkage=0.05


Tree=157
num_leaves=31
num_cat=8
split_feature=17 0 17 0 2 17 16 6 5 17 17 5 6 6 0 15 17 6 5 0 0 4 16 17 6 0 5 17 6 14
split_gain=25685.7 8837.51 6251.58 537.158 308.583 264.567 360.544 179.22 145.329 124.193 117.697 173.097 115.16 105.753 113.189 98.4012 99.966 484.192 220.728 269.403 123.65 99.6953 103.961 168.864 199.871 120.86 418.749 286.546 363.537 491.482
threshold=0 7.5000000000000009 1 7.5000000000000009 14.000000000000002 2 39.949808333333344 15.500000000000002 18.750000000000004 3 4 21.250000000000004 8.5000000000000018 10.500000000000002 87.500000000000014 65.000000000000014 5 17.500000000000004 8.7500000000000018 7.5000000000000009 7.5000000000000009 -15.999999999999998 70.02951666666668 6 20.500000000000004 14.000000000000002 21.250000000000004 7 11.500000000000002 760.0233166666668
decision_type=9 2 9 2 2 9 2 2 2 9 9 2 2 2 2 2 9 2 2 2 2 2 2 9 2 2 2 9 2 2
left_child=1 5 3 -2 -5 6 7 8 -1 12 11 -7 -4 -14 -15 16 17 18 -11 -20 -19 -18 -23 25 -25 26 27 28 -24 -30
right_child=2 -3 9 4 -6 10 -8 -9 -10 15 -12 -13 13 14 -16 -17 21 20 19 -21 -22 22 23 24 -26 -27 -28 -29 29 -31
leaf_value=2.0469394476752003e-06 -0.00023859827182723948 -2.3280470672482069e-05 -0.4940284560982427 7.2271101503318391e-06 -0.0031196042455839293 -0.00023859827182723948 -6.2378510390370678e-06 -3.2712216979646773e-08 -0.0026145079704922303 0.01394542066075335 -0.00023859827182723948 -0.00023859827182723948 0.21004712083810412 0.011200296267435662 0.21588398340523157 0.10722600576728177 0.11209807031005994 -0.03148516326275632 -0.032573801777806555 0.071168797852041263 -0.20925713086789133 -0.00060273994788255796 -0.0021697612972415127 0.0010296102661984997 0.00085416601663879099 0.0013015538228319913 -0.023565339204527372 -0.015002431535184036 0.00044776756267004284 -4.7552177756182706e-05
leaf_weight=244 158 15127 301 7045 78 15175 3803 486 194 267 23007 3139 1924 9898 2056 2759 4343 699 995 3499 1027 176464 2418 46594 4693 24055 2151 4807 5227 727
leaf_count=244 158 15127 301 7045 78 15175 3803 486 194 267 23007 3139 1924 9898 2056 2759 4343 699 995 3499 1027 176464 2418 46594 4693 24055 2151 4807 5227 727
internal_value=-0.00490092 -0.0344439 0.00108092 0.046818 0.048905 -0.0453418 -0.0337872 -0.00584416 0.0173516 -4.9845e-05 -0.0466442 -0.0434294 0.00451406 0.00518086 0.00342981 -0.000280514 -0.000373787 -0.006503 0.00171183 -0.000912328 -0.0292005 -0.000227081 -0.00034926 0.00102678 0.00291732 -0.00143546 -0.00490541 -0.00156689 0.00402052 0.0106651
internal_weight=363360 61175 302185 7281 7123 46048 4727 924 438 294904 41321 18314 14179 13878 11954 280725 277966 6487 4761 4494 1726 271479 267136 90672 51287 39385 15330 13179 8372 5954
internal_count=363360 61175 302185 7281 7123 46048 4727 924 438 294904 41321 18314 14179 13878 11954 280725 277966 6487 4761 4494 1726 271479 267136 90672 51287 39385 15330 13179 8372 5954
cat_boundaries=0 3 5 6 8 11 13 16 19
cat_threshold=167821458 3493855232 2 2147483648 512 16384 0 1050624 134217744 2415919104 2 0 65536 1090782468 203563347 5 16777216 136323331 1
is_linear=0
shrinkage=0.05


Tree=158
num_leaves=31
num_cat=10
split_feature=17 0 17 0 2 17 16 6 5 17 5 5 17 17 6 5 0 0 12 17 0 6 14 8 4 2 17 5 17 17
split_gain=25724.9 8874.69 6237.93 537.158 308.583 264.567 360.544 179.22 145.329 117.697 173.097 113.523 112.514 110.601 478.792 234.1 260.995 133.856 95.5718 94.1842 105.872 95.7174 122.956 91.7935 86.7733 86.2425 159.929 151.703 248.131 168.921
threshold=0 7.5000000000000009 1 7.5000000000000009 14.000000000000002 2 39.949808333333344 15.500000000000002 18.750000000000004 3 21.250000000000004 38.750000000000007 4 5 17.500000000000004 8.7500000000000018 7.5000000000000009 7.5000000000000009 2.5000000000000004 6 82.500000000000014 11.500000000000002 59.904891666666678 28.500000000000004 -15.999999999999998 14.000000000000002 7 21.250000000000004 8 9
decision_type=9 2 9 2 2 9 2 2 2 9 2 2 9 9 2 2 2 2 2 9 2 2 2 2 2 2 9 2 9 9
left_child=1 5 3 -2 -5 6 7 8 -1 10 -7 13 -13 14 15 -4 -17 -16 -3 20 21 22 -15 -18 -21 27 -27 28 -20 -29
right_child=2 18 11 4 -6 9 -8 -9 -10 -11 -12 12 -14 19 17 16 23 -19 25 24 -22 -23 -24 -25 -26 26 -28 29 -30 -31
leaf_value=1.9445924753114243e-06 -0.00022666835823588195 0.00016539382415734494 0.0132481496277157 6.8657546428596563e-06 -0.0029636240333047684 -0.00022666835823588195 -5.9259584870741124e-06 -3.1076606132884879e-08 -0.0024837825719676411 -0.00022666835823588195 -0.00022666835823588195 0.19959723734828769 0.019357075465466167 -0.4134454242119418 -0.029883558980425717 -0.030945111688916251 -0.0020405998947232717 -0.19994068144811356 -0.00026111357306817239 0.10556530180421007 0.20508978423496985 -0.024998820024828918 0.27272634741220297 0.16022335758804687 -4.2765975019332106e-05 -0.0024677595777962582 -0.00037146036303035149 0.00014920889697389583 3.085723014679687e-05 8.0103770844441868e-05
leaf_weight=244 158 1595 279 7045 78 15175 3803 486 194 23007 3139 1690 3227 215 700 1006 2312 1026 1481 4499 2096 3363 865 1125 272501 413 4548 1201 2572 3317
leaf_count=244 158 1595 279 7045 78 15175 3803 486 194 23007 3139 1690 3227 215 700 1006 2312 1026 1481 4499 2096 3363 865 1125 272501 413 4548 1201 2572 3317
internal_value=-0.00485552 -0.034421 0.00113089 0.046818 0.048905 -0.0453418 -0.0337872 -0.00584416 0.0173516 -0.0466442 -0.0434294 1.35633e-06 0.00753508 -0.000126385 -0.00659647 0.00163066 -0.00115913 -0.0291425 -0.00119984 2.0984e-05 0.00594747 0.00158677 0.014537 0.00539715 -0.000119129 -0.00256429 -0.00781093 0.000472524 -0.0065507 0.00677291
internal_weight=363360 61175 302185 7281 7123 46048 4727 924 438 41321 18314 294904 4917 289987 6448 4722 4443 1726 15127 283539 6539 4443 1080 3437 277000 13532 4961 8571 4053 4518
internal_count=363360 61175 302185 7281 7123 46048 4727 924 438 41321 18314 294904 4917 289987 6448 4722 4443 1726 15127 283539 6539 4443 1080 3437 277000 13532 4961 8571 4053 4518
cat_boundaries=0 3 5 6 9 12 14 16 17 19 21
cat_threshold=167821458 3493855232 2 2147483648 512 16384 134217744 2415919104 2 1141375040 202786817 5 0 65536 0 1048576 134250496 0 2147483648 167772160 2147483648
is_linear=0
shrinkage=0.05


Tree=159
num_leaves=31
num_cat=9
split_feature=17 0 17 0 2 17 16 6 5 17 5 17 6 5 0 0 0 12 17 5 17 3 17 6 0 0 0 4 6 17
split_gain=25772.5 8803.06 6241 537.158 308.583 264.567 360.544 179.22 145.329 117.697 173.097 109.87 455.97 234.921 258.023 139.29 103.888 93.6273 198.341 110.718 127.134 112.771 102.989 103.775 98.845 94.0649 92.0658 89.4855 85.0651 103.998
threshold=0 7.5000000000000009 1 7.5000000000000009 14.000000000000002 2 39.949808333333344 15.500000000000002 18.750000000000004 3 21.250000000000004 4 17.500000000000004 8.7500000000000018 7.5000000000000009 7.5000000000000009 142.50000000000003 49.500000000000007 5 18.750000000000004 6 14.000000000000002 7 8.5000000000000018 32.500000000000007 87.500000000000014 14.000000000000002 2.5000000000000004 10.500000000000002 8
decision_type=9 2 9 2 2 9 2 2 2 9 2 9 2 2 2 2 2 2 9 2 9 2 9 2 2 2 2 2 2 9
left_child=1 5 3 -2 -5 6 7 8 -1 10 -7 12 13 -4 -15 -14 17 22 19 21 -21 -19 23 -13 -25 -26 -23 -16 -3 -30
right_child=2 28 11 4 -6 9 -8 -9 -10 -11 -12 16 15 14 27 -17 -18 18 -20 20 -22 26 -24 24 25 -27 -28 -29 29 -31
leaf_value=1.8473628515369711e-06 -0.00021533494032408563 -0.0013597670207682101 0.012585742146329926 6.5224669107522011e-06 -0.0028154428316395476 -0.00021533494032408563 -5.6296605627004229e-06 -2.9522775824020187e-08 -0.0023595934433692459 -0.00021533494032408563 -0.00021533494032408563 -0.44899008888467268 -0.028362034912211655 -0.029397856104470457 0.012398171029123974 -0.18899340822067653 1.2595273570319205 0.00046848371370007414 -0.0099686605687717925 -0.012002452446825629 0.0024870390664572641 -0.045216470854861607 4.616835867907732e-05 0.44710810708206739 0.027160749685353026 0.19483529502322128 0.0033100662086388514 0.24227864091802404 5.0624880369198882e-05 -5.2691118153891382e-05
leaf_weight=244 158 778 279 7045 78 15175 3803 486 194 23007 3139 253 704 1006 2866 1048 276 4883 31354 1227 3709 466 231592 453 9143 2181 2782 682 5521 8828
leaf_count=244 158 778 279 7045 78 15175 3803 486 194 23007 3139 253 704 1006 2866 1048 276 4883 31354 1227 3709 466 231592 453 9143 2181 2782 682 5521 8828
internal_value=-0.0048723 -0.0344651 0.00111964 0.046818 0.048905 -0.0453418 -0.0337872 -0.00584416 0.0173516 -0.0466442 -0.0434294 -1.01725e-05 -0.00639121 0.00152079 -0.00120773 -0.0282534 0.000135782 0.000106408 -0.00200468 0.00316969 -0.00273501 0.00675809 0.000491335 0.005 0.00568481 0.00476863 -0.000461823 0.00512965 -0.00137833 -0.000505262
internal_weight=363360 61175 302185 7281 7123 46048 4727 924 438 41321 18314 294904 6585 4833 4554 1752 288319 288043 44421 13067 4936 8131 243622 12030 11777 11324 3248 3548 15127 14349
internal_count=363360 61175 302185 7281 7123 46048 4727 924 438 41321 18314 294904 6585 4833 4554 1752 288319 288043 44421 13067 4936 8131 243622 12030 11777 11324 3248 3548 15127 14349
cat_boundaries=0 3 5 6 9 11 13 15 17 19
cat_threshold=167821458 3493855232 2 2147483648 512 16384 134217744 2415919104 2 0 65536 554696768 546090 16777216 1280 0 1050624 167772176 268435456
is_linear=0
shrinkage=0.05


Tree=160
num_leaves=31
num_cat=10
split_feature=17 0 17 0 2 17 16 6 5 17 5 17 6 5 0 0 0 4 2 5 17 17 17 6 0 5 17 16 17 0
split_gain=25833.7 8826.91 6225.47 537.158 308.583 264.567 360.544 179.22 145.329 117.697 173.097 112.944 442.888 236.451 254.486 143.95 103.48 89.9768 85.6986 163.568 193.58 166.621 149.332 118.04 103.632 101.283 108.049 83.7849 215.238 125.007
threshold=0 7.5000000000000009 1 7.5000000000000009 14.000000000000002 2 39.949808333333344 15.500000000000002 18.750000000000004 3 21.250000000000004 4 17.500000000000004 8.7500000000000018 7.5000000000000009 7.5000000000000009 142.50000000000003 -20.999999999999996 14.000000000000002 21.250000000000004 5 6 7 11.500000000000002 14.000000000000002 26.250000000000004 8 109.96683333333335 9 11.500000000000002
decision_type=9 2 9 2 2 9 2 2 2 9 2 9 2 2 2 2 2 2 2 2 9 9 9 2 2 2 9 2 9 2
left_child=1 5 3 -2 -5 6 7 8 -1 10 -7 12 13 -4 -15 -14 17 -13 19 20 -3 23 -20 -21 -25 26 -23 -19 29 -29
right_child=2 18 11 4 -6 9 -8 -9 -10 -11 -12 16 15 14 -16 -17 -18 27 22 21 -22 25 -24 24 -26 -27 -28 28 -30 -31
leaf_value=1.7549947089801067e-06 -0.0002045681933078747 -0.00015967142808559487 0.011956455039013436 6.1963435651790634e-06 -0.0026746706900575568 -0.0002045681933078747 -5.348177534569843e-06 -2.8046637012835163e-08 -0.002241613771200779 -0.0002045681933078747 -0.0002045681933078747 0.16333200367540429 -0.026943933166601087 -0.02792796329924694 0.063385426407337603 -0.17954373780964272 1.1965509891803248 -0.00013520259677943792 -0.0018561611011259417 -0.0013588966764201517 6.9451704495016031e-05 0.0019815190369196324 -0.00014971374434162856 0.00069828883927591789 -0.0038485776183694756 -0.00040792461514636006 -0.001279699672292578 -0.00019577307145413059 0.00095080745368232307 0.00083860029687077287
leaf_weight=244 158 2024 279 7045 78 15175 3803 486 194 23007 3139 2185 704 1006 3548 1048 276 222589 442 270 2597 567 5042 2193 252 1232 508 9613 32635 21021
leaf_count=244 158 2024 279 7045 78 15175 3803 486 194 23007 3139 2185 704 1006 3548 1048 276 222589 442 270 2597 567 5042 2193 252 1232 508 9613 32635 21021
internal_value=-0.00482249 -0.0344504 0.00117656 0.046818 0.048905 -0.0453418 -0.0337872 -0.00584416 0.0173516 -0.0466442 -0.0434294 4.81496e-05 -0.00642153 0.00137596 -0.00136144 -0.027968 0.00019613 0.000166815 -0.00131883 0.00151924 -0.00526942 0.00776583 -0.00630926 0.0161284 0.0196524 -0.00213638 0.00906977 8.9555e-05 0.00169514 -0.0013151
internal_weight=363360 61175 302185 7281 7123 46048 4727 924 438 41321 18314 294904 6585 4833 4554 1752 288319 288043 15127 9643 4621 5022 5484 2715 2445 2307 1075 285858 63269 30634
internal_count=363360 61175 302185 7281 7123 46048 4727 924 438 41321 18314 294904 6585 4833 4554 1752 288319 288043 15127 9643 4621 5022 5484 2715 2445 2307 1075 285858 63269 30634
cat_boundaries=0 3 5 6 9 11 14 16 17 20 23
cat_threshold=167821458 3493855232 2 2147483648 512 16384 134217744 2415919104 2 0 65536 0 2147483648 2 167772160 2415919104 134250496 32768 0 2 1090782468 219025763 13
is_linear=0
shrinkage=0.05


Tree=161
num_leaves=31
num_cat=10
split_feature=17 0 17 0 2 17 16 6 5 8 17 17 5 7 17 5 5 2 2 17 6 4 17 17 5 0 6 17 6 6
split_gain=25743 8909.28 6228.72 537.158 308.583 264.567 360.544 179.22 145.329 144.825 273.9 175.55 130.867 224.515 117.697 173.097 103.959 128.607 123.638 103.475 103.397 103.273 266.232 166.693 284.988 302.869 143.39 118.874 116.261 107.932
threshold=0 7.5000000000000009 1 7.5000000000000009 14.000000000000002 2 39.949808333333344 15.500000000000002 18.750000000000004 24.500000000000004 3 4 21.250000000000004 4.5000000000000009 5 21.250000000000004 23.750000000000004 14.000000000000002 17.500000000000004 6 17.500000000000004 1.0000000180025095e-35 7 8 8.7500000000000018 7.5000000000000009 15.500000000000002 9 12.500000000000002 20.500000000000004
decision_type=9 2 9 2 2 9 2 2 2 2 9 9 2 2 9 2 2 2 2 9 2 2 9 9 2 2 2 9 2 2
left_child=1 5 3 -2 -5 6 7 8 -1 10 16 12 13 19 15 -7 18 -18 -3 -11 -13 23 -23 24 28 -26 -27 -25 -4 -29
right_child=2 9 21 4 -6 14 -8 -9 -10 11 -12 20 -14 -15 -16 -17 17 -19 -20 -21 -22 22 -24 27 25 26 -28 29 -30 -31
leaf_value=1.6672449735466444e-06 -0.00019433978364249429 -0.0031395613210660755 0.011358632287062777 5.8865263869556379e-06 -0.0025409371555547011 -0.00019433978364249429 -5.08076865783913e-06 -2.6644305162193407e-08 -0.0021295330826407444 0.0055823691882423533 1.1525882737117854e-05 -0.00047376211522074388 0.0034962024730247343 0.00063400910251001366 -0.00019433978364249429 -0.00019433978364249429 1.3179194386925275e-05 -0.00132619781915011 0.0092178558465484169 -4.2072990842001451e-05 0.00152730369994476 0.11442318746433387 0.00098250019259591434 -0.00076452849186621214 -0.026531565134284608 0.072453397135211262 -0.15763101731750134 0.00012628501227869294 -0.050374710135613836 0.00023041476407099638
leaf_weight=244 158 998 266 7045 78 15175 3803 486 194 241 5974 2211 1128 592 23007 3139 941 947 113 901 1081 9639 36935 125499 1686 1975 1831 105082 37 11954
leaf_count=244 158 998 266 7045 78 15175 3803 486 194 241 5974 2211 1128 592 23007 3139 941 947 113 901 1081 9639 36935 125499 1686 1975 1831 105082 37 11954
internal_value=-0.00482387 -0.0343998 0.00116465 0.046818 0.048905 -0.0453418 -0.0337872 -0.00584416 0.0173516 -0.0011139 -0.0051655 0.00479363 0.0138231 0.00524798 -0.0466442 -0.0434294 -0.0174643 -0.0103814 -0.029658 -0.00770578 -0.00308904 3.59427e-05 0.0021965 -0.000369267 -0.00874246 -0.011362 -0.00354703 -0.000168835 0.0384488 0.000977394
internal_weight=363360 61175 302185 7281 7123 46048 4727 924 438 15127 8973 6154 2862 1734 41321 18314 2999 1888 1111 1142 3292 294904 46574 248330 5795 5492 3806 242535 303 117036
internal_count=363360 61175 302185 7281 7123 46048 4727 924 438 15127 8973 6154 2862 1734 41321 18314 2999 1888 1111 1142 3292 294904 46574 248330 5795 5492 3806 242535 303 117036
cat_boundaries=0 3 5 6 8 11 14 15 18 20 23
cat_threshold=167821458 3493855232 2 2147483648 512 16384 134217744 2147483648 134217744 2147483648 2 134217744 2415919104 2 134217744 66560 1263616 1 0 65536 1955398976 67256657 13
is_linear=0
shrinkage=0.05


Tree=162
num_leaves=31
num_cat=9
split_feature=17 0 17 0 2 17 16 6 14 17 3 5 17 5 8 17 17 5 16 0 17 5 0 0 5 1 1 17 5 6
split_gain=25964 8834.86 6199.67 537.158 308.583 264.567 360.544 179.22 148.397 223.898 231.526 158.195 147.187 145.329 120.736 259.341 143.453 121.606 153.911 119.421 117.697 173.097 115.885 113.406 109.978 126.895 120.999 102.426 150.395 243.543
threshold=0 7.5000000000000009 1 7.5000000000000009 14.000000000000002 2 39.949808333333344 15.500000000000002 779.94013333333339 3 14.000000000000002 18.750000000000004 4 18.750000000000004 24.500000000000004 5 6 26.250000000000004 209.96226666666669 142.50000000000003 7 21.250000000000004 7.5000000000000009 7.5000000000000009 21.250000000000004 17.500000000000004 17.500000000000004 8 18.750000000000004 19.500000000000004
decision_type=9 2 9 2 2 9 2 2 2 9 2 2 9 2 2 9 9 2 2 2 9 2 2 2 2 2 2 9 2 2
left_child=1 5 3 -2 -5 6 7 13 19 23 11 12 -11 -1 15 24 -16 18 -18 27 21 -7 -12 -10 25 -3 -26 28 29 -4
right_child=2 14 8 4 -6 20 -8 -9 9 10 22 -13 -14 -15 16 -17 17 -19 -20 -21 -22 -23 -24 -25 26 -27 -28 -29 -30 -31
leaf_value=1.5838827248870758e-06 -0.00018462279446036512 -0.0029825832550127275 -0.0054463278049711851 5.5922000676389423e-06 -0.0024138902977769664 -0.00018462279446036512 -4.8267302249271896e-06 -2.531208989076106e-08 -0.00019506056237039715 0.00010393767495884277 -0.018593675455314807 -0.012647325744259552 0.00052195042208369458 -0.0020230564285086852 0.0010032793648247385 1.0949588600261961e-05 -0.00016824517164009125 -0.00093409645410629243 0.0017161577027111187 1.2899489046244612 -0.00018462279446036512 -0.00018462279446036512 0.01150510311622579 -0.00014361347489373345 -1.9632864932805917e-05 0.0087569630542210682 -0.0060961869786440919 0.00016193552243952693 0.00037135444205551595 0.00084821858757062614
leaf_weight=244 158 921 49867 7045 78 15175 3803 486 1140 1164 346 534 3693 194 2391 5974 2005 777 981 190 23007 3139 7980 4560 1546 118 414 136994 76211 12225
leaf_count=244 158 921 49867 7045 78 15175 3803 486 1140 1164 346 534 3693 194 2391 5974 2005 777 981 190 23007 3139 7980 4560 1546 118 414 136994 76211 12225
internal_value=-0.00474295 -0.0344455 0.0012712 0.046818 0.048905 -0.0453418 -0.0337872 -0.00584416 0.000145127 0.00436988 0.00782764 0.0159061 0.0187461 0.0173516 -0.001299 -0.00499833 0.0040949 -0.00200106 0.0025787 -0.000152639 -0.0466442 -0.0434294 0.00260629 -0.00395797 -0.0169658 -0.0301732 -0.010051 -0.000179987 -0.00113981 -0.00296657
internal_weight=363360 61175 302185 7281 7123 46048 4727 924 294904 19417 13717 5391 4857 438 15127 8973 6154 3763 2986 275487 41321 18314 8326 5700 2999 1039 1960 275297 138303 62092
internal_count=363360 61175 302185 7281 7123 46048 4727 924 294904 19417 13717 5391 4857 438 15127 8973 6154 3763 2986 275487 41321 18314 8326 5700 2999 1039 1960 275297 138303 62092
cat_boundaries=0 3 5 6 9 11 13 15 18 21
cat_threshold=167821458 3493855232 2 2147483648 512 16384 25239808 136446066 13 262144 536875264 134217744 2147483648 134217746 2147483648 134217744 2415919104 2 1888224580 656605313 12
is_linear=0
shrinkage=0.05


Tree=163
num_leaves=31
num_cat=11
split_feature=17 0 17 0 2 17 16 6 5 17 16 6 17 17 7 17 5 5 0 3 14 17 3 0 5 17 0 14 17 17
split_gain=26347.9 8576.86 6171.69 537.158 308.583 264.567 360.544 179.22 145.329 135.089 222.829 119.419 203.545 135.208 121.846 117.697 173.097 109.325 117.032 111.558 107.921 189.398 155.474 129.642 124.699 139.764 114.782 111.455 163.686 155.598
threshold=0 7.5000000000000009 1 7.5000000000000009 14.000000000000002 2 39.949808333333344 15.500000000000002 18.750000000000004 3 229.91180000000003 17.500000000000004 4 5 5.5000000000000009 6 21.250000000000004 21.250000000000004 82.500000000000014 14.000000000000002 779.94013333333339 7 14.000000000000002 7.5000000000000009 18.750000000000004 8 7.5000000000000009 200.35678333333337 9 10
decision_type=9 2 9 2 2 9 2 2 2 9 2 2 9 9 2 9 2 2 2 2 2 9 2 2 2 9 2 2 9 9
left_child=1 5 3 -2 -5 6 7 8 -1 10 -4 13 -13 -3 -15 16 -7 19 -19 -12 27 23 24 -22 25 -23 -24 29 -29 -11
right_child=2 11 9 4 -6 15 -8 -9 -10 20 17 12 -14 14 -16 -17 -18 18 -20 -21 21 22 26 -25 -26 -27 -28 28 -30 -31
leaf_value=1.5046885886604857e-06 -0.00017539165473734464 -1.1973922781294278e-06 0.00040170797635803447 5.3125900642214679e-06 -0.0022931957828880912 -0.00017539165473734464 -4.5853937136630664e-06 -2.4046485380679885e-08 -0.0019219036070832641 -0.0011397158547366004 0.00028350821952467521 0.0014208145373053593 -9.0133309541151621e-05 -0.00012457532381038305 0.00024390488230512377 -0.00017539165473734464 -0.00017539165473734464 -0.035092652082920499 0.65193150552599599 0.039395367557809285 -0.00018797056699204617 0.00014513573321461859 -0.017663991682549063 -0.00033084900251476593 -0.012014959457046582 0.00047647556282033322 0.010556190881065764 -0.0096893384266982796 0.00023922360321377846 0.0013545156360180056
leaf_weight=244 158 5820 12213 7045 78 15175 3803 486 194 33780 726 2106 2826 3897 478 23007 3139 382 243 281 1027 1306 346 4310 534 3551 7907 86954 75654 65690
leaf_count=244 158 5820 12213 7045 78 15175 3803 486 194 33780 726 2106 2826 3897 478 23007 3139 382 243 281 1027 1306 346 4310 534 3551 7907 86954 75654 65690
internal_value=-0.00468434 -0.0346057 0.00137411 0.046818 0.048905 -0.0453418 -0.0337872 -0.00584416 0.0173516 0.000250582 0.00507037 -0.00194685 0.00444039 -0.00503678 -0.0116648 -0.0466442 -0.0434294 0.0224265 0.006 0.0326216 1.29861e-05 0.00365365 0.00677457 -0.00432953 0.0133834 0.0159049 0.00246577 -0.000250689 -0.00105714 0.00106766
internal_weight=363360 61175 302185 7281 7123 46048 4727 924 438 294904 13845 15127 4932 10195 4375 41321 18314 1632 625 1007 281059 18981 13644 5337 5391 4857 8253 262078 162608 99470
internal_count=363360 61175 302185 7281 7123 46048 4727 924 438 294904 13845 15127 4932 10195 4375 41321 18314 1632 625 1007 281059 18981 13644 5337 5391 4857 8253 262078 162608 99470
cat_boundaries=0 3 5 6 8 11 13 16 19 21 24 27
cat_threshold=167821458 3493855232 2 2147483648 512 16384 0 3145728 33587200 268435456 2 134234130 268435456 134217744 2415919104 2 25239808 134348914 13 263168 536891648 1074083140 755188096 13 344457472 33895441 8
is_linear=0
shrinkage=0.05


Tree=164
num_leaves=31
num_cat=10
split_feature=17 0 17 0 2 17 16 6 5 17 16 17 5 5 3 0 14 17 3 5 17 0 14 17 17 0 17 7 3 0
split_gain=26574.2 8358.76 6167.1 537.158 308.583 264.567 360.544 179.22 145.329 134.929 227.2 117.697 173.097 103.337 110.731 108.135 91.0501 175.937 154.533 111.924 100.507 99.0475 98.4768 140.666 136.476 95.7457 108.351 113.487 94.9386 130.992
threshold=0 7.5000000000000009 1 7.5000000000000009 14.000000000000002 2 39.949808333333344 15.500000000000002 18.750000000000004 3 229.91180000000003 4 21.250000000000004 21.250000000000004 14.000000000000002 82.500000000000014 779.94013333333339 5 14.000000000000002 18.750000000000004 6 7.5000000000000009 200.35678333333337 7 8 7.5000000000000009 9 4.5000000000000009 14.000000000000002 17.500000000000004
decision_type=9 2 9 2 2 9 2 2 2 9 2 9 2 2 2 2 2 9 2 2 9 2 2 9 9 2 9 2 2 2
left_child=1 5 3 -2 -5 6 7 8 -1 10 -4 12 -7 14 -12 -15 22 25 19 20 -19 -20 24 -24 -11 26 -18 -28 29 -25
right_child=2 -3 9 4 -6 11 -8 -9 -10 16 13 -13 -14 15 -16 -17 17 18 21 -21 -22 -23 23 28 -26 -27 27 -29 -30 -31
leaf_value=1.4294541592185795e-06 -0.0001666220720004663 -3.0078264247990208e-05 0.00038162257754015272 5.0469605610281576e-06 -0.0021785359937436691 -0.0001666220720004663 -4.3561240279821336e-06 -2.2844161096102768e-08 -0.0018258084267290808 0.012515665133723354 0.00026933280854843925 -0.0001666220720004663 -0.0001666220720004663 -0.03333801947877451 0.037425599179918834 0.61933493024969621 -0.00016321264462311192 0.0010982331176976334 -0.016484882491940113 -0.0093182756275414398 0.00019452410014038081 0.01109856956639872 -0.0093204882389212873 0.00051692249857833168 -0.00014299814308609273 6.2828550417126647e-05 -0.00011935759800580926 0.00014030116721279741 -0.00051405012403451524 -0.20339762733921862
leaf_weight=244 158 15127 12213 7045 78 15175 3803 486 194 35755 726 23007 3139 382 281 243 564 595 304 493 3441 7429 82740 12737 63715 5096 753 306 65782 1349
leaf_count=244 158 15127 12213 7045 78 15175 3803 486 194 35755 726 23007 3139 382 281 243 564 595 304 493 3441 7429 82740 12737 63715 5096 753 306 65782 1349
internal_value=-0.00469342 -0.034743 0.00139099 0.046818 0.048905 -0.0453418 -0.0337872 -0.00584416 0.0173516 0.000267875 0.00508481 -0.0466442 -0.0434294 0.0226103 0.0325223 0.00664 3.04196e-05 0.00337443 0.00693449 0.0142747 0.0170218 0.00264451 -0.000211769 -0.000969817 0.00102745 -0.00312825 -0.0137092 -0.00406922 0.000527054 0.00425245
internal_weight=363360 61175 302185 7281 7123 46048 4727 924 438 294904 13845 41321 18314 1632 1007 625 281059 18981 12262 4529 4036 7733 262078 162608 99470 6719 1623 1059 79868 14086
internal_count=363360 61175 302185 7281 7123 46048 4727 924 438 294904 13845 41321 18314 1632 1007 625 281059 18981 12262 4529 4036 7733 262078 162608 99470 6719 1623 1059 79868 14086
cat_boundaries=0 3 5 6 8 11 14 16 19 22 24
cat_threshold=167821458 3493855232 2 2147483648 512 16384 0 3145728 134217744 2415919104 2 562110720 134348914 13 263168 536891392 1074083140 755188096 5 1073819652 671238560 5 16777216 131152
is_linear=0
shrinkage=0.05


Tree=165
num_leaves=31
num_cat=8
split_feature=17 0 17 0 2 17 16 6 5 17 16 17 5 5 3 0 6 3 0 5 3 14 6 4 17 17 4 6 16 17
split_gain=26381.5 8415.61 6193.01 537.158 308.583 264.567 360.544 179.22 145.329 138.4 223.386 117.697 173.097 107.206 110.731 106.511 89.6568 406.394 158.423 417.023 216.606 143.571 118.601 85.5056 175.604 117.903 112.849 153.46 151.058 174.298
threshold=0 7.5000000000000009 1 7.5000000000000009 14.000000000000002 2 39.949808333333344 15.500000000000002 18.750000000000004 3 229.91180000000003 4 21.250000000000004 21.250000000000004 14.000000000000002 87.500000000000014 11.500000000000002 17.500000000000004 7.5000000000000009 21.250000000000004 14.000000000000002 39.946450000000006 8.5000000000000018 1.0000000180025095e-35 5 6 -5.9999999999999991 20.500000000000004 20.347333333333339 7
decision_type=9 2 9 2 2 9 2 2 2 9 2 9 2 2 2 2 2 2 2 2 2 2 2 2 9 9 2 2 2 9
left_child=1 5 3 -2 -5 6 7 8 -1 10 16 12 -7 14 -12 -15 17 21 19 20 -18 -4 -19 25 -25 -11 -27 -28 -29 -30
right_child=2 -3 9 4 -6 11 -8 -9 -10 23 13 -13 -14 15 -16 -17 18 22 -20 -21 -22 -23 -24 24 -26 26 27 28 29 -31
leaf_value=1.3579814512443278e-06 -0.0001582909684004541 -2.8574351035626224e-05 8.8224314047025135e-05 4.7946125329545459e-06 -0.0020696091940564545 -0.0001582909684004541 -4.1383178265963492e-06 -2.1701953034636292e-08 -0.0017345180053926158 -0.00043039398875399648 0.00025586616812103282 -0.0001582909684004541 -0.0001582909684004541 -0.026523876450479201 0.035554319220922892 0.60358498331497124 0.00086064452448875173 -0.54770685552762977 0.010023149853169856 -0.010556601344447802 -0.034968047223489319 -0.0019061986772516805 0.19196376210375946 0.071985004012399045 0.00011531511306950293 0.059766408251442374 -0.00038775021645385269 -0.0010949474096690448 0.00028607633864603522 0.00079388518316210195
leaf_weight=244 158 15127 117 7045 78 15175 3803 486 194 124425 726 23007 3139 394 281 231 990 144 7001 733 147 1582 1499 11949 32818 11015 90519 2961 3761 3611
leaf_count=244 158 15127 117 7045 78 15175 3803 486 194 124425 726 23007 3139 394 281 231 990 144 7001 733 147 1582 1499 11949 32818 11015 90519 2961 3761 3611
internal_value=-0.00476662 -0.034707 0.00129569 0.046818 0.048905 -0.0453418 -0.0337872 -0.00584416 0.0173516 0.000170219 0.00504872 -0.0466442 -0.0434294 0.0224265 0.0325223 0.00616 0.0027307 -0.00424895 0.00536016 0.0182888 0.0372471 -0.0213949 0.0134814 -7.02674e-05 0.00193334 -0.000449867 0.000728032 0.000203268 0.005976 0.00980738
internal_weight=363360 61175 302185 7281 7123 46048 4727 924 438 294904 13845 41321 18314 1632 1007 625 12213 3342 8871 1870 1137 1699 1643 281059 44767 236292 111867 100852 10333 7372
internal_count=363360 61175 302185 7281 7123 46048 4727 924 438 294904 13845 41321 18314 1632 1007 625 12213 3342 8871 1870 1137 1699 1643 281059 44767 236292 111867 100852 10333 7372
cat_boundaries=0 3 5 6 8 11 14 17 19
cat_threshold=167821458 3493855232 2 2147483648 512 16384 0 3145728 134217744 2415919104 2 1073808448 215048 1 1905067328 134431041 13 68169732 67119144
is_linear=0
shrinkage=0.05


Tree=166
num_leaves=31
num_cat=7
split_feature=17 0 17 0 2 17 16 6 5 17 16 14 17 3 5 17 17 5 0 6 5 3 0 0 6 3 0 5 3 14
split_gain=26438.4 8431.15 6179.78 537.158 308.583 264.567 360.544 179.22 145.329 129.971 225.994 118.78 173.023 192.577 128.931 187.563 117.697 173.097 112.537 111.201 107.206 110.731 106.511 95.8201 92.1095 382.865 157.736 413.995 215.263 141.994
threshold=0 7.5000000000000009 1 7.5000000000000009 14.000000000000002 2 39.949808333333344 15.500000000000002 18.750000000000004 3 229.91180000000003 779.94013333333339 4 14.000000000000002 18.750000000000004 5 6 21.250000000000004 14.000000000000002 22.500000000000004 21.250000000000004 14.000000000000002 87.500000000000014 142.50000000000003 11.500000000000002 17.500000000000004 7.5000000000000009 21.250000000000004 14.000000000000002 39.946450000000006
decision_type=9 2 9 2 2 9 2 2 2 9 2 2 9 2 2 9 9 2 2 2 2 2 2 2 2 2 2 2 2 2
left_child=1 5 3 -2 -5 6 7 8 -1 10 24 23 19 14 15 -14 17 -7 -15 -13 21 -12 -22 -11 25 29 27 28 -26 -4
right_child=2 -3 9 4 -6 16 -8 -9 -10 11 20 12 13 18 -16 -17 -18 -19 -20 -21 22 -23 -24 -25 26 -27 -28 -29 -30 -31
leaf_value=1.2900823787020954e-06 -0.00015037641998043584 -2.7145633483804945e-05 8.3813098344665004e-05 4.5548819063156998e-06 -0.001966128734353667 -0.00015037641998043584 -3.9314019352865158e-06 -2.0616855378463584e-08 -0.0016477921051230027 -0.00011587861935842271 0.00024307285971496563 -7.4652565248189973e-05 0.00010327749898082496 -0.015578032133620391 -0.010987991961975264 0.00049767295015574759 -0.00015037641998043584 -0.00015037641998043584 0.016143314710208401 -0.014815267136244216 -0.025197682627955145 0.033776603259876838 0.57340573414922247 1.2491075617675307 0.00081761229826433641 0.13820543639901572 0.0095219923605114332 -0.010028771277225436 -0.033219644862314858 -0.0018108887433891053
leaf_weight=244 158 15127 117 7045 78 15175 3803 486 194 261933 726 4640 1164 914 534 3693 23007 3139 7339 697 394 281 231 145 990 1643 7001 733 147 1582
leaf_count=244 158 15127 117 7045 78 15175 3803 486 194 261933 726 4640 1164 914 534 3693 23007 3139 7339 697 394 281 231 145 990 1643 7001 733 147 1582
internal_value=-0.00472452 -0.0346972 0.00134433 0.046818 0.048905 -0.0453418 -0.0337872 -0.00584416 0.0173516 0.000220064 0.00494767 -1.29861e-05 0.00380644 0.00678922 0.0141439 0.0167078 -0.0466442 -0.0434294 0.00199321 -0.00382457 0.0224265 0.0325223 0.00616 -0.000289608 0.00261606 -0.00445841 0.00528125 0.0181818 0.0370712 -0.0211006
internal_weight=363360 61175 302185 7281 7123 46048 4727 924 438 294904 13845 281059 18981 13644 5391 4857 41321 18314 8253 5337 1632 1007 625 262078 12213 3342 8871 1870 1137 1699
internal_count=363360 61175 302185 7281 7123 46048 4727 924 438 294904 13845 281059 18981 13644 5391 4857 41321 18314 8253 5337 1632 1007 625 262078 12213 3342 8871 1870 1137 1699
cat_boundaries=0 3 5 6 8 11 13 16
cat_threshold=167821458 3493855232 2 2147483648 512 16384 0 3145728 25239808 134348914 13 262144 536875264 134217744 2415919104 2
is_linear=0
shrinkage=0.05


Tree=167
num_leaves=31
num_cat=11
split_feature=17 0 17 0 2 17 16 6 5 17 16 17 5 6 17 3 17 0 1 17 3 0 5 0 17 5 17 5 17 6
split_gain=26399.3 8451.89 6183.47 537.158 308.583 264.567 360.544 179.22 145.329 120.211 234.282 117.697 173.097 114.341 420.294 175.684 268.952 235.248 161.443 287.214 159.242 146.408 140.334 129.326 109.555 106.399 207.683 188.999 407.028 156.516
threshold=0 7.5000000000000009 1 7.5000000000000009 14.000000000000002 2 39.949808333333344 15.500000000000002 18.750000000000004 3 229.91180000000003 4 21.250000000000004 20.500000000000004 5 14.000000000000002 6 14.000000000000002 7.5000000000000009 7 14.000000000000002 7.5000000000000009 18.750000000000004 14.000000000000002 8 13.500000000000002 9 6.2500000000000009 10 10.500000000000002
decision_type=9 2 9 2 2 9 2 2 2 9 2 9 2 2 9 2 9 2 2 9 2 2 2 2 9 2 9 2 9 2
left_child=1 5 3 -2 -5 6 7 8 -1 10 -4 12 -7 24 20 16 -16 -17 19 -18 22 -22 -15 -20 -11 26 -26 28 -28 -27
right_child=2 -3 9 4 -6 11 -8 -9 -10 13 -12 -13 -14 14 15 17 18 -19 23 -21 21 -23 -24 -25 25 29 27 -29 -30 -31
leaf_value=1.2255782597669906e-06 -0.00014285759898142737 -2.5788351809641343e-05 0.00027499817415583828 4.327137810999915e-06 -0.0018678222976359572 -0.00014285759898142737 -3.7348318385088676e-06 -1.958601258955639e-08 -0.0015654024998668526 -0.0044605953020665284 0.00060097441132471734 -0.00014285759898142737 -0.00014285759898142737 0.00075228272137803929 -8.3919206959848233e-05 -0.022661724736815006 -0.0039130290012214797 -0.00065087117676325694 0.0050991233202688059 0.00010217173958229076 -0.026063189092684347 0.020864567651017386 -0.01398584891029544 -0.029983570074808698 -0.0095405502458470806 0.033884644599507574 0.00032677595040393471 -0.0047655023123835075 0.0019829007892884221 0.00019434540261902279
leaf_weight=244 158 15127 12213 7045 78 15175 3803 486 194 52642 1632 23007 3139 2720 2473 2587 846 10738 3583 3130 199 1583 155 754 16203 16702 881 9682 3871 152310
leaf_count=244 158 15127 12213 7045 78 15175 3803 486 194 52642 1632 23007 3139 2720 2473 2587 846 10738 3583 3130 199 1583 155 754 16203 16702 881 9682 3871 152310
internal_value=-0.0047336 -0.0346842 0.00133076 0.046818 0.048905 -0.0453418 -0.0337872 -0.00584416 0.0173516 0.000206162 0.0047528 -0.0466442 -0.0434294 -1.79671e-05 0.00296858 0.00030886 0.00505285 -0.00353096 0.0093536 0.00208753 0.0167024 0.00499439 0.0240174 0.0160364 -0.000358515 0.000176551 -0.00253452 0.00182775 0.00999579 0.000668
internal_weight=363360 61175 302185 7281 7123 46048 4727 924 438 294904 13845 41321 18314 281059 28768 24111 10786 13325 8313 3976 4657 1782 2875 4337 252291 199649 30637 14434 4752 169012
internal_count=363360 61175 302185 7281 7123 46048 4727 924 438 294904 13845 41321 18314 281059 28768 24111 10786 13325 8313 3976 4657 1782 2875 4337 252291 199649 30637 14434 4752 169012
cat_boundaries=0 3 5 6 8 11 13 16 19 21 24 26
cat_threshold=167821458 3493855232 2 2147483648 512 16384 0 3145728 134217744 2415919104 2 9175040 554504448 16778500 134225993 1 1074855936 67239936 4 9175104 553713920 335610112 235305088 13 16777216 1026
is_linear=0
shrinkage=0.05


Tree=168
num_leaves=31
num_cat=12
split_feature=17 0 17 0 2 17 16 6 5 16 17 17 5 5 17 17 17 6 5 16 17 17 6 17 17 7 12 6 3 16
split_gain=26376.5 8451.89 6187.7 537.158 308.583 264.567 360.544 179.22 145.329 123.835 245.33 117.697 173.097 114.706 502.88 358.117 217.914 136.464 90.4154 123.265 102.943 90.2191 83.0269 146.218 144.767 114.115 96.3724 89.3735 136.834 91.2192
threshold=0 7.5000000000000009 1 7.5000000000000009 14.000000000000002 2 39.949808333333344 15.500000000000002 18.750000000000004 199.96849166666667 3 4 21.250000000000004 18.750000000000004 5 6 7 17.500000000000004 33.750000000000007 20.347333333333339 8 9 17.500000000000004 10 11 5.5000000000000009 5.5000000000000009 19.500000000000004 17.500000000000004 299.83980000000008
decision_type=9 2 9 2 2 9 2 2 2 2 9 9 2 2 9 9 9 2 2 2 9 9 2 9 9 2 2 2 2 2
left_child=1 5 3 -2 -5 6 7 8 -1 18 -11 12 -7 14 -12 17 -16 -15 21 -20 -21 -4 23 -3 -24 -25 -26 28 -28 -29
right_child=2 22 9 4 -6 11 -8 -9 -10 10 13 -13 -14 15 16 -17 -18 -19 19 20 -22 -23 24 25 26 -27 27 29 -30 -31
leaf_value=1.1642993468008457e-06 -0.00013571471903235378 4.4418073645857703e-06 -0.00031901213239868834 4.1107809204632422e-06 -0.0017744311827541993 -0.00013571471903235378 -3.5480902465856449e-06 -1.860671194897634e-08 -0.0014871323748735232 0.00070161194253555166 0.001754832838131959 -0.00013571471903235378 -0.00013571471903235378 -0.010760899310856909 -0.014094587921558821 0.0016929315381073451 0.00061142700420595557 0.00029438132728145663 0.16545801993513223 0.096578671450274101 -0.021886435423397188 0.00011702834516866823 0.0013553531404689513 -0.00011276722759108183 0.0011061098294313787 0.00023728896821868518 0.0013721776069252735 -8.0047314035258668e-05 -0.027835373723668511 -0.0029135834147007602
leaf_weight=244 158 5820 110772 7045 78 15175 3803 486 194 3839 1549 23007 3139 1371 2261 16328 3805 526 2298 3303 3553 145299 2106 3897 441 478 770 727 317 571
leaf_count=244 158 5820 110772 7045 78 15175 3803 486 194 3839 1549 23007 3139 1371 2261 16328 3805 526 2298 3303 3553 145299 2106 3897 441 478 770 727 317 571
internal_value=-0.00474653 -0.0346842 0.00131521 0.046818 0.048905 -0.0453418 -0.0337872 -0.00584416 0.0173516 0.000190225 0.00325314 -0.0466442 -0.0434294 0.0014971 0.00665135 -0.000655693 0.000131666 -0.0211589 -0.000152512 0.00473017 0.00137106 -0.000327058 -0.00226416 -0.00484061 0.00306164 -0.0117332 -0.00433709 -0.00832285 0.00225391 -0.0171803
internal_weight=363360 61175 302185 7281 7123 46048 4727 924 438 294904 29679 41321 18314 25840 7615 18225 6066 1897 265225 9154 6856 256071 15127 10195 4932 4375 2826 2385 1087 1298
internal_count=363360 61175 302185 7281 7123 46048 4727 924 438 294904 29679 41321 18314 25840 7615 18225 6066 1897 265225 9154 6856 256071 15127 10195 4932 4375 2826 2385 1087 1298
cat_boundaries=0 3 5 6 8 11 13 16 19 22 25 27 30
cat_threshold=167821458 3493855232 2 2147483648 512 16384 67117056 3407936 134217744 2415919104 2 0 533760 0 524546 1 856320 218321032 5 1427636288 588667904 13 1971847488 537330049 12 134234130 268435456 33587200 268435456 2
is_linear=0
shrinkage=0.05


Tree=169
num_leaves=31
num_cat=12
split_feature=17 0 17 0 2 17 16 6 5 16 17 5 17 17 17 6 17 5 6 17 7 17 13 5 17 5 6 17 15 14
split_gain=26329.9 8569.02 6176.36 537.158 308.583 264.567 360.544 179.22 145.329 122.834 199.842 138.429 472.63 332.562 181.162 127.319 117.697 173.097 106.147 148.432 104.862 96.6961 86.6277 97.854 85.06 85.0382 84.4885 133.033 83.9391 79.9281
threshold=0 7.5000000000000009 1 7.5000000000000009 14.000000000000002 2 39.949808333333344 15.500000000000002 18.750000000000004 199.96849166666667 3 18.750000000000004 4 5 6 17.500000000000004 7 21.250000000000004 17.500000000000004 8 5.5000000000000009 9 9.5000000000000018 21.250000000000004 10 26.250000000000004 19.500000000000004 11 65.000000000000014 779.94013333333339
decision_type=9 2 9 2 2 9 2 2 2 2 9 2 9 9 9 2 9 2 2 9 2 9 2 2 9 2 2 9 2 2
left_child=1 5 3 -2 -5 6 7 8 -1 28 -11 12 -12 15 -14 -13 17 -7 19 -3 22 -20 -21 -24 -15 -25 27 -23 29 -4
right_child=2 18 9 4 -6 16 -8 -9 -10 10 11 13 14 24 -16 -17 -18 -19 21 20 -22 26 23 25 -26 -27 -28 -29 -30 -31
leaf_value=1.1060843794652441e-06 -0.00012892898308072275 4.2197169963564821e-06 -0.00019172903837065826 3.9052418744134346e-06 -0.0016857096236164715 -0.00012892898308072275 -3.3706857342608035e-06 -1.7676376362629753e-08 -0.0014127757561298361 0.00066653134540879406 0.0016670911962253677 -0.010222854345314048 -0.013478689076435346 -0.0015060350084444174 0.00054630204406214133 0.00027966226091731273 -0.00012892898308072275 -0.00012892898308072275 0.0041039360688991172 -0.00029884479208677208 0.0002254245198077598 -0.023544476068177292 -0.00018230171778155224 0.0012824962214433634 0.01510889887305762 -0.00010836542312882004 -0.00025762801469255694 0.0010254737199506981 0.11070755610278803 0.00015779426599209502
leaf_weight=244 158 5820 246353 7045 78 15175 3803 486 194 3839 1549 1371 1971 9454 4095 526 23007 3139 414 1725 478 580 971 568 6874 633 2172 1766 2883 15989
leaf_count=244 158 5820 246353 7045 78 15175 3803 486 194 3839 1549 1371 1971 9454 4095 526 23007 3139 414 1725 478 580 971 568 6874 633 2172 1766 2883 15989
internal_value=-0.00469947 -0.0346106 0.00135691 0.046818 0.048905 -0.0453418 -0.0337872 -0.00584416 0.0173516 0.000232949 0.00328347 0.00169826 0.00736047 -0.000666667 0.00103687 -0.0204248 -0.0466442 -0.0434294 -0.00196668 -0.00487984 -0.0118244 0.00405515 -0.0145625 -0.00791897 0.00164035 0.00162365 0.00189929 0.00848252 -0.000108399 -0.000201645
internal_weight=363360 61175 302185 7281 7123 46048 4727 924 438 294904 29679 25840 7615 18225 6066 1897 41321 18314 15127 10195 4375 4932 3897 2172 16328 1201 4518 2346 265225 262342
internal_count=363360 61175 302185 7281 7123 46048 4727 924 438 294904 29679 25840 7615 18225 6066 1897 41321 18314 15127 10195 4375 4932 3897 2172 16328 1201 4518 2346 265225 262342
cat_boundaries=0 3 5 6 8 10 13 16 19 21 22 25 26
cat_threshold=167821458 3493855232 2 2147483648 512 16384 67117056 3407936 0 533760 0 524546 1 856320 218316808 5 134217744 2415919104 2 134234130 268435456 33554432 555025472 771763232 8 16400
is_linear=0
shrinkage=0.05


Tree=170
num_leaves=31
num_cat=13
split_feature=17 0 17 0 2 17 16 6 5 17 5 16 17 5 17 17 17 6 0 17 6 17 17 16 5 17 2 5 5 17
split_gain=25810 9075.17 6188.51 537.158 308.583 264.567 360.544 179.22 145.329 117.697 173.097 115.508 205.075 129.636 483.372 322.805 169.38 124.765 83.8843 81.0483 77.4304 78.894 72.8676 122.19 92.3445 198.831 204.02 153.197 148.068 192.407
threshold=0 7.5000000000000009 1 7.5000000000000009 14.000000000000002 2 39.949808333333344 15.500000000000002 18.750000000000004 3 21.250000000000004 199.96849166666667 4 18.750000000000004 5 6 7 17.500000000000004 14.000000000000002 8 10.500000000000002 9 10 249.90640833333336 21.250000000000004 11 17.500000000000004 18.750000000000004 26.250000000000004 12
decision_type=9 2 9 2 2 9 2 2 2 9 2 2 9 2 9 9 9 2 2 9 2 9 9 2 2 9 2 2 2 9
left_child=1 5 3 -2 -5 6 7 8 -1 10 -7 19 -13 14 -14 17 -16 18 -15 -4 21 -3 23 -22 27 26 -26 -24 29 -27
right_child=2 20 11 4 -6 9 -8 -9 -10 -11 -12 12 13 15 16 -17 -18 -19 -20 -21 22 -23 24 -25 25 28 -28 -29 -30 -31
leaf_value=1.0507801604831001e-06 -0.00012248253392668217 0.001245770434100635 -0.00041337069450388955 3.7099797807194079e-06 -0.0016014241424356257 -0.00012248253392668217 -3.2021514475566448e-06 -1.6792557566702726e-08 -0.0013421369683233487 -0.00012248253392668217 -0.00012248253392668217 0.00063320477813837432 0.0015837366364141127 -0.0097117116280483369 -0.012804754622613591 0.0014948633428598869 0.00051898694185901204 0.00026567914787136717 -0.010608050357708267 0.00012841372434810872 1.8708001338829663e-05 -0.001657050572763641 7.8513257434398301e-05 0.003749139155924475 0.00046217630876279616 0.00092332131383514597 -0.0048000180454426562 -0.0001844174871987292 -0.00040535496690488062 -0.025266381234076186
leaf_weight=244 158 214 138296 7045 78 15175 3803 486 194 23007 3139 3839 1549 836 1971 16328 4095 526 535 126929 1247 564 2455 503 1364 1425 277 2252 3832 994
leaf_count=244 158 214 138296 7045 78 15175 3803 486 194 23007 3139 3839 1549 836 1971 16328 4095 526 535 126929 1247 564 2455 503 1364 1425 277 2252 3832 994
internal_value=-0.00468406 -0.0342984 0.00131223 0.046818 0.048905 -0.0453418 -0.0337872 -0.00584416 0.0173516 -0.0466442 -0.0434294 0.000187173 0.00314532 0.00153965 0.00701904 -0.000748971 0.000625411 -0.020215 -0.028264 -0.00014384 -0.000704039 -0.0160668 0.000128929 0.00965909 -0.00120152 0.0021034 0.0175348 -0.00674527 -0.00197253 0.0077098
internal_weight=363360 61175 302185 7281 7123 46048 4727 924 438 41321 18314 294904 29679 25840 7615 18225 6066 1897 1371 265225 15127 778 14349 1750 12599 7892 1641 4707 6251 2419
internal_count=363360 61175 302185 7281 7123 46048 4727 924 438 41321 18314 294904 29679 25840 7615 18225 6066 1897 1371 265225 15127 778 14349 1750 12599 7892 1641 4707 6251 2419
cat_boundaries=0 3 5 6 9 11 13 16 19 22 23 24 26 29
cat_threshold=167821458 3493855232 2 2147483648 512 16384 134217744 2415919104 2 67117056 3407936 0 533760 0 524546 1 856320 218316808 5 1955332420 554107313 12 134234114 167772160 0 2147483648 32768 268435456 2
is_linear=0
shrinkage=0.05


Tree=171
num_leaves=31
num_cat=11
split_feature=17 0 17 0 2 17 16 6 5 17 5 6 17 7 0 6 17 3 0 17 3 0 1 17 16 17 17 17 5 3
split_gain=26404.8 8415.61 6188.69 537.158 308.583 264.567 360.544 179.22 145.329 117.697 173.097 114.33 153.411 106.756 97.1588 87.0214 399.787 153.844 246.237 234.551 144.057 137.919 118.628 207.665 137.469 181.774 118.292 114.992 114.961 114.815
threshold=0 7.5000000000000009 1 7.5000000000000009 14.000000000000002 2 39.949808333333344 15.500000000000002 18.750000000000004 3 21.250000000000004 17.500000000000004 4 5.5000000000000009 117.50000000000001 20.500000000000004 5 14.000000000000002 14.000000000000002 6 14.000000000000002 7.5000000000000009 7.5000000000000009 7 109.99456666666667 8 9 10 18.750000000000004 17.500000000000004
decision_type=9 2 9 2 2 9 2 2 2 9 2 2 9 2 2 2 9 2 2 9 2 2 2 9 2 9 9 9 2 2
left_child=1 5 3 -2 -5 6 7 8 -1 10 -7 12 -3 -14 15 27 20 19 -19 -18 28 -22 23 -21 -25 -26 -24 29 -17 -4
right_child=2 11 14 4 -6 9 -8 -9 -10 -11 -12 -13 13 -15 -16 16 17 18 -20 22 21 -23 26 24 25 -27 -28 -29 -30 -31
leaf_value=9.9824115245006335e-07 -0.00011635840723034363 -8.017540328264517e-06 -0.0027522742611230111 3.5244807916612331e-06 -0.0015213529353138356 -0.00011635840723034363 -3.0420438752010173e-06 -1.595292968836759e-08 -0.0012750301199071945 -0.00011635840723034363 -0.00011635840723034363 0.00031711872268811451 -8.8792905962442611e-05 0.00021022763094560306 0.34364128874286171 0.00067904695445539795 -0.0091732435973944874 -0.022405392981279172 -0.00010921553405731644 -0.0058212641315418924 -0.02473130021000465 0.010087132251483855 -0.0001738597071078374 0.00011399689424123061 -7.1763224337262346e-05 0.00016955934758859927 0.0052646840205311744 0.00026488018741495091 -0.012614454488078186 0.00024125039539732996
leaf_weight=244 158 5820 59543 7045 78 15175 3803 486 194 23007 3139 4932 3897 478 1171 3097 1279 2631 11414 646 209 1202 1028 2865 746 698 3215 127700 162 77298
leaf_count=244 158 5820 59543 7045 78 15175 3803 486 194 23007 3139 4932 3897 478 1171 3097 1279 2631 11414 646 209 1202 1028 2865 746 698 3215 127700 162 77298
internal_value=-0.00475341 -0.034707 0.00131157 0.046818 0.048905 -0.0453418 -0.0337872 -0.00584416 0.0173516 -0.0466442 -0.0434294 -0.00235671 -0.00538009 -0.0124401 0.000186495 0.000129199 0.00271992 0.000163052 -0.00325739 0.0047485 0.0161111 0.00279943 0.00753692 0.00229062 0.00626302 -0.00630194 0.0136814 -0.000156686 0.0219239 -0.00116367
internal_weight=363360 61175 302185 7281 7123 46048 4727 924 438 41321 18314 15127 10195 4375 294904 293733 29192 24522 14045 10477 4670 1411 9198 4955 4309 1444 4243 264541 3259 136841
internal_count=363360 61175 302185 7281 7123 46048 4727 924 438 41321 18314 15127 10195 4375 294904 293733 29192 24522 14045 10477 4670 1411 9198 4955 4309 1444 4243 264541 3259 136841
cat_boundaries=0 3 5 6 9 11 13 16 19 21 24 27
cat_threshold=167821458 3493855232 2 2147483648 512 16384 134217744 2415919104 2 134234130 268435456 10223616 554242304 1284 134225993 1 1073807360 67239936 4 553648128 1024 83890176 35651744 4 1889276228 554373536 12
is_linear=0
shrinkage=0.05


Tree=172
num_leaves=31
num_cat=9
split_feature=17 0 17 0 2 17 16 6 5 17 5 8 17 17 5 7 5 1 6 2 5 17 6 8 0 16 17 14 17 5
split_gain=26341.7 8459.67 6192.83 537.158 308.583 264.567 360.544 179.22 145.329 117.697 173.097 105.382 229.811 201.016 128.515 158.853 108.374 126.395 122.95 129.188 96.7335 94.1914 154.115 132.173 94.0708 92.1731 87.1103 83.3992 369.896 264.325
threshold=0 7.5000000000000009 1 7.5000000000000009 14.000000000000002 2 39.949808333333344 15.500000000000002 18.750000000000004 3 21.250000000000004 24.500000000000004 4 5 21.250000000000004 4.5000000000000009 21.250000000000004 17.500000000000004 17.500000000000004 14.000000000000002 26.250000000000004 6 17.500000000000004 28.500000000000004 142.50000000000003 209.96226666666669 7 40.174033333333341 8 6.2500000000000009
decision_type=9 2 9 2 2 9 2 2 2 9 2 2 9 9 2 2 2 2 2 2 2 9 2 2 2 2 9 2 9 2
left_child=1 5 3 -2 -5 6 7 8 -1 10 -7 12 16 14 15 21 17 -3 19 -18 25 -13 -23 -24 27 -15 -14 28 -4 -30
right_child=2 11 24 4 -6 9 -8 -9 -10 -11 -12 13 26 20 -16 -17 18 -19 -20 -21 -22 22 23 -25 -26 -27 -28 -29 29 -31
leaf_value=9.4832909480757621e-07 -0.00011054048686882646 -0.0027748044422372335 0.0027409409988249592 3.3482567520337627e-06 -0.0014452852885481705 -0.00011054048686882646 -2.8899416814276436e-06 -1.5155283206169656e-08 -0.001211278613911837 -0.00011054048686882646 -0.00011054048686882646 0.0063653094690260485 0.001219182179464884 -0.00012326327025453666 0.0045114894872968492 0.00096785706646511653 -4.9316946229893691e-06 0.0082669952072729203 0.0013460951500379181 -0.0045311176675417288 -0.00086151688261475461 -7.852610694909502e-05 0.00082353722673946808 -0.00015404658784361482 1.0591763445660634 0.0011893092854733389 -6.5001762034633267e-05 -6.7645075193745191e-06 -0.022370571838293454 0.010179302216835939
leaf_weight=244 158 921 7629 7045 78 15175 3803 486 194 23007 3139 241 492 2039 744 516 872 118 438 650 784 333 203 274 276 1020 5482 280388 2988 3623
leaf_count=244 158 921 7629 7045 78 15175 3803 486 194 23007 3139 241 492 2039 744 516 872 118 438 650 784 333 203 274 276 1020 5482 280388 2988 3623
internal_value=-0.00476139 -0.0346793 0.00129635 0.046818 0.048905 -0.0453418 -0.0337872 -0.00584416 0.0173516 -0.0466442 -0.0434294 -0.00224433 -0.00570043 0.00279493 0.0144119 0.00634971 -0.0169658 -0.030077 -0.010102 -0.01682 -0.00421749 -0.00480495 -0.0129268 0.00513627 0.000170897 -0.000212488 -1.67112e-05 0.000143571 0.0038764 -0.00478024
internal_weight=363360 61175 302185 7281 7123 46048 4727 924 438 41321 18314 15127 8973 6154 2311 1567 2999 1039 1960 1522 3843 1051 810 477 294904 3059 5974 294628 14240 6611
internal_count=363360 61175 302185 7281 7123 46048 4727 924 438 41321 18314 15127 8973 6154 2311 1567 2999 1039 1960 1522 3843 1051 810 477 294904 3059 5974 294628 14240 6611
cat_boundaries=0 3 5 6 9 11 13 14 15 18
cat_threshold=167821458 3493855232 2 2147483648 512 16384 134217744 2415919104 2 134217744 2147483648 134217744 2147483648 134217744 33554434 554972228 589370706 5
is_linear=0
shrinkage=0.05


Tree=173
num_leaves=31
num_cat=11
split_feature=17 0 17 0 2 17 16 6 5 17 5 16 17 5 17 17 6 6 6 3 0 6 17 17 6 17 12 0 6 17
split_gain=25935.3 8721.19 6224.2 537.158 308.583 264.567 360.544 179.22 145.329 117.697 173.097 97.2339 221.168 118.683 497.514 431.964 231.804 168.142 179.263 117.86 110.832 98.141 105.288 87.7321 97.7582 224.374 88.2232 87.5436 85.4842 170.793
threshold=0 7.5000000000000009 1 7.5000000000000009 14.000000000000002 2 39.949808333333344 15.500000000000002 18.750000000000004 3 21.250000000000004 109.96683333333335 4 18.750000000000004 5 6 17.500000000000004 19.500000000000004 11.500000000000002 14.000000000000002 7.5000000000000009 21.500000000000004 7 8 10.500000000000002 9 58.500000000000007 14.000000000000002 9.5000000000000018 10
decision_type=9 2 9 2 2 9 2 2 2 9 2 2 9 2 9 9 2 2 2 2 2 2 9 9 2 9 2 2 2 9
left_child=1 5 3 -2 -5 6 7 8 -1 10 -7 23 13 14 17 16 27 18 -13 -20 -19 -14 -23 28 25 -25 -26 -15 29 -4
right_child=2 -3 11 4 -6 9 -8 -9 -10 -11 -12 12 21 15 -16 -17 -18 20 19 -21 -22 22 -24 24 26 -27 -28 -29 -30 -31
leaf_value=9.0091264004499294e-07 -0.00010501346252538291 -2.5836720892158384e-05 -2.3522113294793814e-05 3.1808439143965473e-06 -0.0013730210241207352 -0.00010501346252538291 -2.7454445973518205e-06 -1.4397519043640729e-08 -0.0011507146832162364 -0.00010501346252538291 -0.00010501346252538291 -0.00035429240601771996 0.0025176922442851969 -0.011073533394033764 -8.2569089657180689e-05 -0.00070649395388464606 0.0094729742253875319 -4.565249118257953e-05 0.0016425017430255374 0.0012210607028880105 0.024804444329262855 9.0386900478378615e-05 0.0058696264708758333 0.063492650640735712 -1.9004879161954591e-05 -1.4832597949565597e-05 -0.016368214968040817 -0.018300008508772957 -0.0021904350138230557 -0.0019968734025247238
leaf_weight=244 158 15127 3859 7045 78 15175 3803 486 194 23007 3139 432 28724 1430 10378 19419 604 229 1451 398 415 1040 786 9488 129570 23843 8311 337 51017 3173
leaf_count=244 158 15127 3859 7045 78 15175 3803 486 194 23007 3139 432 28724 1430 10378 19419 604 229 1451 398 415 1040 786 9488 129570 23843 8311 337 51017 3173
internal_value=-0.00482965 -0.0345158 0.00118119 0.046818 0.048905 -0.0453418 -0.0337872 -0.00584416 0.0173516 -0.0466442 -0.0434294 5.28968e-05 0.00174962 -0.000958608 0.00276253 -0.00323084 -0.0233305 0.020937 0.0273783 0.0341536 -0.0015528 0.00485929 0.0161008 -0.000432913 0.000136665 0.00256668 -0.000450751 -0.0325693 -0.00211251 -0.007281
internal_weight=363360 61175 302185 7281 7123 46048 4727 924 438 41321 18314 294904 65643 35093 13303 21790 2371 2925 2281 1849 644 30550 1826 229261 171212 33331 137881 1767 58049 7032
internal_count=363360 61175 302185 7281 7123 46048 4727 924 438 41321 18314 294904 65643 35093 13303 21790 2371 2925 2281 1849 644 30550 1826 229261 171212 33331 137881 1767 58049 7032
cat_boundaries=0 3 5 6 9 12 14 16 18 20 23 25
cat_threshold=167821458 3493855232 2 2147483648 512 16384 134217744 2415919104 2 1091831044 202052963 13 0 525568 0 256 536875072 33564680 881328448 539033728 1073755140 68157456 4 805306688 536936448
is_linear=0
shrinkage=0.05


Tree=174
num_leaves=31
num_cat=12
split_feature=17 0 17 0 2 17 16 6 5 17 5 5 6 3 17 0 5 0 17 16 17 14 17 17 17 0 17 14 17 14
split_gain=25916.6 8721.19 6227.72 537.158 308.583 264.567 360.544 179.22 145.329 117.697 173.097 90.3929 92.0829 320.801 334.245 298.292 182.805 179.045 172.964 147.946 131.884 130.953 228.771 132.946 102.499 93.946 122.412 141.873 96.3383 91.0129
threshold=0 7.5000000000000009 1 7.5000000000000009 14.000000000000002 2 39.949808333333344 15.500000000000002 18.750000000000004 3 21.250000000000004 38.750000000000007 20.500000000000004 14.000000000000002 4 7.5000000000000009 18.750000000000004 14.000000000000002 5 70.02951666666668 6 150.15014166666671 7 8 9 7.5000000000000009 10 209.97191666666671 11 760.0233166666668
decision_type=9 2 9 2 2 9 2 2 2 9 2 2 2 2 9 2 2 2 9 2 9 2 9 9 9 2 9 2 9 2
left_child=1 5 3 -2 -5 6 7 8 -1 10 -7 12 24 14 16 -15 17 21 -17 20 -16 22 -14 -23 -4 26 27 -21 -27 -25
right_child=2 -3 11 4 -6 9 -8 -9 -10 -11 -12 -13 13 15 19 18 -18 -19 -20 25 -22 23 -24 29 -26 28 -28 -29 -30 -31
leaf_value=8.5586700802053885e-07 -9.9762789399093779e-05 -2.4544884847532702e-05 -0.00093236740730144878 3.0218017187166882e-06 -0.0013043699729147207 -9.9762789399093779e-05 -2.6081723675019933e-06 -1.3677643107001815e-08 -0.0010931789490554067 -9.9762789399093779e-05 -9.9762789399093779e-05 0.086560228277546974 -0.00079246920631894648 -0.022457037915771319 -0.0086404476499646783 -0.022780440019263895 -0.016362445900945134 -0.17747246561502741 0.011291767963372968 0.00029474976704162441 8.7707105679246677e-05 0.0017129500697101287 0.00066893949564277304 0.0023702016248838831 0.00056290227383311027 0.010410777111001046 -0.00025608079974244192 -5.2552033215125252e-05 -0.037264526212473829 0.00044082128207127984
leaf_weight=244 158 15127 139079 7045 78 15175 3803 486 194 23007 3139 4917 429 1157 565 5312 285 546 9150 213 2757 1211 999 967 121555 479 824 788 265 3406
leaf_count=244 158 15127 139079 7045 78 15175 3803 486 194 23007 3139 4917 429 1157 565 5312 285 546 9150 213 2757 1211 999 967 121555 479 824 788 265 3406
internal_value=-0.00484038 -0.0345158 0.00116829 0.046818 0.048905 -0.0453418 -0.0337872 -0.00584416 0.0173516 -0.0466442 -0.0434294 3.96726e-05 -7.43137e-05 0.00258066 0.00815494 -0.00232089 0.0149051 0.0164065 -0.000366478 -0.000855787 0.00611078 0.0185539 0.00504202 0.0220093 -0.00037332 -0.00986765 -0.0159726 -0.00400593 0.00510753 0.0178074
internal_weight=363360 61175 302185 7281 7123 46048 4727 924 438 41321 18314 294904 289987 29353 13734 15619 7843 7558 14462 5891 3322 7012 1428 5584 260634 2569 1825 1001 744 4373
internal_count=363360 61175 302185 7281 7123 46048 4727 924 438 41321 18314 294904 289987 29353 13734 15619 7843 7558 14462 5891 3322 7012 1428 5584 260634 2569 1825 1001 744 4373
cat_boundaries=0 3 5 6 9 12 15 18 20 22 25 27 30
cat_threshold=167821458 3493855232 2 2147483648 512 16384 134217744 2415919104 2 1611989056 589385874 8 1141187648 33702091 9 8389636 134225993 1 1610678336 536952848 262144 536956946 1888227652 656606496 12 83887104 8224 0 67240192 4
is_linear=0
shrinkage=0.05


Tree=175
num_leaves=31
num_cat=9
split_feature=17 0 17 0 2 17 16 6 5 17 5 0 4 4 17 17 5 3 3 6 17 6 17 17 0 0 15 16 16 5
split_gain=26036.5 8731.73 6203.46 537.158 308.583 264.567 360.544 179.22 145.329 117.697 173.097 80.312 71.5264 74.5432 217.142 135.884 96.8314 175.733 158.977 349.052 325.022 369.247 229.774 208.659 151.545 139.356 123.144 125.663 118.844 110.891
threshold=0 7.5000000000000009 1 7.5000000000000009 14.000000000000002 2 39.949808333333344 15.500000000000002 18.750000000000004 3 21.250000000000004 107.50000000000001 -20.999999999999996 1.0000000180025095e-35 4 5 21.250000000000004 17.500000000000004 11.500000000000002 11.500000000000002 6 19.500000000000004 7 8 11.500000000000002 14.000000000000002 25.000000000000004 29.903941666666672 20.000591666666669 6.2500000000000009
decision_type=9 2 9 2 2 9 2 2 2 9 2 2 2 2 9 9 2 2 2 2 9 2 9 9 2 2 2 2 2 2
left_child=1 5 3 -2 -5 6 7 8 -1 10 -7 12 -4 15 -15 -14 18 -18 19 22 21 25 29 -22 -20 -21 27 -25 -19 -17
right_child=2 -3 11 4 -6 9 -8 -9 -10 -11 -12 -13 13 14 -16 16 17 28 24 20 23 -23 -24 26 -26 -27 -28 -29 -30 -31
leaf_value=8.1307365760174834e-07 -9.4774649929130206e-05 -2.3317640605124981e-05 0.14187897648137757 2.87071163276309e-06 -0.0012391514742690292 -9.4774649929130206e-05 -2.4777637491091299e-06 -1.2993760956092615e-08 -0.0010385200016026276 -9.4774649929130206e-05 -9.4774649929130206e-05 0.28530507856001358 -0.0020058924320910166 0.083160933000529985 -0.00058451443645850536 5.9357864341702542e-05 -0.0092207175951196877 0.06295686068206123 -0.022802692525879211 -0.026594267482874124 0.00049054643195982632 0.00048050953194751501 7.0832271808640715e-05 0.00017082530839935829 0.0018565458514736123 0.01773949988766468 -0.0017035624603801037 0.00048918881228985354 -0.0027388824622883948 -0.0048932332845786908
leaf_weight=244 158 15127 2220 7045 78 15175 3803 486 194 23007 3139 1692 124237 11950 34177 868 9043 5379 5380 2343 2158 3484 7929 2998 45322 567 316 10318 22061 2462
leaf_count=244 158 15127 2220 7045 78 15175 3803 486 194 23007 3139 1692 124237 11950 34177 868 9043 5379 5380 2343 2158 3484 7929 2998 45322 567 316 10318 22061 2462
internal_value=-0.00476525 -0.0345093 0.0012573 0.046818 0.048905 -0.0453418 -0.0337872 -0.00584416 0.0173516 -0.0466442 -0.0434294 0.000130886 6.821e-05 0 0.00184382 -0.000347334 0.000847992 -0.00130335 0.00178085 0.00445684 0.00809592 -0.00142099 -0.00271338 0.011943 1.57785e-05 -0.0145704 0.00963935 0.0103785 0.000688776 -0.0137126
internal_weight=363360 61175 302185 7281 7123 46048 4727 924 438 41321 18314 294904 293212 290992 46127 244865 120628 36483 84145 33443 22184 6394 11259 15790 50702 2910 13632 13316 27440 3330
internal_count=363360 61175 302185 7281 7123 46048 4727 924 438 41321 18314 294904 293212 290992 46127 244865 120628 36483 84145 33443 22184 6394 11259 15790 50702 2910 13632 13316 27440 3330
cat_boundaries=0 3 5 6 9 12 15 17 19 21
cat_threshold=167821458 3493855232 2 2147483648 512 16384 134217744 2415919104 2 66624 1263624 1 277677376 604193115 13 1140850692 168304800 83886080 2359296 0 2097152
is_linear=0
shrinkage=0.05


Tree=176
num_leaves=31
num_cat=12
split_feature=17 0 17 0 2 17 16 6 5 14 17 3 5 17 17 5 5 0 17 17 5 17 17 14 6 6 3 8 17 17
split_gain=26095.5 8744.92 6190.22 537.158 308.583 264.567 360.544 179.22 145.329 138.469 193.871 226.815 146.062 183.348 117.697 173.097 85.427 80.4805 79.9098 74.8815 76.6104 117.066 115.636 120.486 139.003 89.4714 222.326 282.369 208.287 115.039
threshold=0 7.5000000000000009 1 7.5000000000000009 14.000000000000002 2 39.949808333333344 15.500000000000002 18.750000000000004 779.94013333333339 3 14.000000000000002 18.750000000000004 4 5 21.250000000000004 38.750000000000007 14.000000000000002 6 7 16.250000000000004 8 9 600.02755000000013 8.5000000000000018 19.500000000000004 14.000000000000002 23.500000000000004 10 11
decision_type=9 2 9 2 2 9 2 2 2 2 9 2 2 9 9 2 2 2 9 9 2 9 9 2 2 2 2 2 9 9
left_child=1 5 3 -2 -5 6 7 8 -1 16 11 12 13 -11 15 -7 19 -13 -18 20 22 -22 23 24 -4 -24 27 -27 -29 -28
right_child=2 -3 9 4 -6 14 -8 -9 -10 10 -12 17 -14 -15 -16 -17 18 -19 -20 -21 21 -23 25 -25 -26 26 29 28 -30 -31
leaf_value=7.7241997473720405e-07 -9.0035917432684809e-05 -2.2151758574828764e-05 0.00055713141749715869 2.7271760511204946e-06 -0.0011771939005555511 -9.0035917432684809e-05 -2.3538755616669963e-06 -1.2344072919390215e-08 -0.00098659400152247847 0.00023586396365682383 -4.4257391022428649e-05 -0.01323257364197601 -0.0082977100333881722 0.00064329481909277677 -9.0035917432684809e-05 -9.0035917432684809e-05 0.15880693849234329 0.017034086876667232 0.0083103223285657894 0.00020512986485075047 -0.0027536920665692578 0.0097370950649766641 -0.016740672512813859 0.0043466287071058929 -0.00016063729974020725 -0.0053492442706621459 -0.029248926263825095 0.0028630730511749695 0.00032157333540556722 -0.0088980554274231682
leaf_weight=244 158 15127 1192 7045 78 15175 3803 486 194 1292 9536 692 418 2594 23007 3139 1740 4885 2380 130275 37652 42748 30788 2990 17406 605 1354 1394 1061 3902
leaf_count=244 158 15127 1192 7045 78 15175 3803 486 194 1292 9536 692 418 2594 23007 3139 1740 4885 2380 130275 37652 42748 30788 2990 17406 605 1354 1394 1061 3902
internal_value=-0.00472341 -0.0345011 0.00130594 0.046818 0.048905 -0.0453418 -0.0337872 -0.00584416 0.0173516 0.000180731 0.00426173 0.0091649 0.0177974 0.0208183 -0.0466442 -0.0434294 -0.000106902 0.00251928 0.00703883 -0.000215391 -0.00101345 -1.24378e-06 -0.00235451 0.000583387 -0.000914077 -0.00397556 0.000625301 0.0113399 0.0188798 -0.00561263
internal_weight=363360 61175 302185 7281 7123 46048 4727 924 438 294904 19417 9881 4304 3886 41321 18314 275487 5577 4120 271367 141092 80400 60692 21588 18598 39104 8316 3060 2455 5256
internal_count=363360 61175 302185 7281 7123 46048 4727 924 438 294904 19417 9881 4304 3886 41321 18314 275487 5577 4120 271367 141092 80400 60692 21588 18598 39104 8316 3060 2455 5256
cat_boundaries=0 3 5 6 8 10 13 16 19 21 23 26 29
cat_threshold=167821458 3493855232 2 2147483648 512 16384 1880888384 622164352 262144 536891648 134217744 2415919104 2 1142423616 202790977 5 1418462532 623051905 13 1074005056 555811841 1074004992 18940929 67108928 536870912 8 67108928 536871040 8
is_linear=0
shrinkage=0.05


Tree=177
num_leaves=31
num_cat=12
split_feature=17 0 17 0 2 17 16 6 5 17 5 14 17 3 5 5 17 17 12 0 17 16 5 5 17 2 17 17 5 17
split_gain=26053.9 8866.72 6177.53 537.158 308.583 264.567 360.544 179.22 145.329 117.697 173.097 114.359 193.353 125.056 177.369 78.5766 75.5409 71.2071 102.563 68.9015 76.9152 68.3739 66.0006 200.764 187.488 198.208 147.992 109.959 104.339 176.765
threshold=0 7.5000000000000009 1 7.5000000000000009 14.000000000000002 2 39.949808333333344 15.500000000000002 18.750000000000004 3 21.250000000000004 779.94013333333339 4 14.000000000000002 18.750000000000004 38.750000000000007 5 6 63.500000000000007 52.500000000000007 7 199.96849166666667 21.250000000000004 18.750000000000004 8 17.500000000000004 9 10 26.250000000000004 11
decision_type=9 2 9 2 2 9 2 2 2 9 2 2 9 2 2 2 9 9 2 2 9 2 2 2 9 2 9 9 2 9
left_child=1 5 3 -2 -5 6 7 8 -1 10 -7 15 13 14 21 17 -17 18 19 -4 -21 -13 23 26 25 -24 -3 -25 29 -26
right_child=2 22 11 4 -6 9 -8 -9 -10 -11 -12 12 -14 -15 -16 16 -18 -19 -20 20 -22 -23 24 27 28 -27 -28 -29 -30 -31
leaf_value=7.337989759825803e-07 -8.5534121561048348e-05 -4.0832227834197714e-05 -0.0044971634254271642 2.5908172485600291e-06 -0.001118334205527738 -8.5534121561048348e-05 -2.2361817835658828e-06 -1.1726869253436689e-08 -0.00093726430144633896 -8.5534121561048348e-05 -8.5534121561048348e-05 0.00014068110575742311 0.00015098243549895864 0.045675118407585563 -0.0078828245317187576 0.15439324704803958 0.013224736489572919 0.00010795475509679521 -0.050385353207590945 0.22061235860619599 -0.0946818103609008 0.00043759628363750915 0.0005711401767728219 -0.00023574296993489341 0.00088559876350764461 -0.0045940555618015468 0.0022473752743016107 -0.00078400157542501958 -0.00028685669910970545 -0.0028399581663326682
leaf_weight=244 158 1811 86890 7045 78 15175 3803 486 194 23007 3139 1357 14713 2765 266 1619 2501 180435 978 2159 905 316 1445 1622 1701 282 1566 1129 4501 1070
leaf_count=244 158 1811 86890 7045 78 15175 3803 486 194 23007 3139 1357 14713 2765 266 1619 2501 180435 978 2159 905 316 1445 1622 1701 282 1566 1129 4501 1070
internal_value=-0.00467195 -0.0344259 0.0013526 0.046818 0.048905 -0.0453418 -0.0337872 -0.00584416 0.0173516 -0.0466442 -0.0434294 0.000228541 0.00393727 0.0127493 0.0225116 -3.28509e-05 0.00682039 -0.000136899 -0.00127774 -0.00110279 0.00626632 0.0285415 -0.00121967 -0.00522193 0.00150572 0.0162637 0.0029464 -0.015249 -0.00201868 0.00561169
internal_weight=363360 61175 302185 7281 7123 46048 4727 924 438 41321 18314 294904 19417 4704 1939 275487 4120 271367 90932 89954 3064 1673 15127 6128 8999 1727 3377 2751 7272 2771
internal_count=363360 61175 302185 7281 7123 46048 4727 924 438 41321 18314 294904 19417 4704 1939 275487 4120 271367 90932 89954 3064 1673 15127 6128 8999 1727 3377 2751 7272 2771
cat_boundaries=0 3 5 6 9 11 14 17 20 22 24 27 30
cat_threshold=167821458 3493855232 2 2147483648 512 16384 134217744 2415919104 2 270009408 538278144 1142423616 202659905 5 1351352644 604045313 12 277348352 65536 4 2 2147483648 16386 2147483648 0 2415919104 2 32784 268435456 2
is_linear=0
shrinkage=0.05


Tree=178
num_leaves=31
num_cat=11
split_feature=17 0 17 0 2 17 16 6 5 17 5 14 17 3 5 0 6 17 6 17 3 15 16 17 5 17 17 6 17 0
split_gain=26164.7 8715.92 6182.21 537.158 308.583 264.567 360.544 179.22 145.329 117.697 173.097 92.7555 186.95 200.232 202.762 78.5106 77.504 75.7479 70.2042 93.1127 69.5235 68.8829 75.524 155.557 130.693 635.877 433.714 229.483 115.389 105.043
threshold=0 7.5000000000000009 1 7.5000000000000009 14.000000000000002 2 39.949808333333344 15.500000000000002 18.750000000000004 3 21.250000000000004 779.94013333333339 4 14.000000000000002 18.750000000000004 142.50000000000003 10.500000000000002 5 21.500000000000004 6 17.500000000000004 65.000000000000014 109.96683333333335 7 18.750000000000004 8 9 17.500000000000004 10 7.5000000000000009
decision_type=9 2 9 2 2 9 2 2 2 9 2 2 9 2 2 2 2 9 2 9 2 2 2 9 2 9 9 2 9 2
left_child=1 5 3 -2 -5 6 7 8 -1 10 -7 15 13 14 -13 21 -3 -15 19 -14 -20 22 -4 24 25 29 27 -26 -27 -24
right_child=2 16 11 4 -6 9 -8 -9 -10 -11 -12 12 18 17 -16 -17 -18 -19 20 -21 -22 -23 23 -25 26 28 -28 -29 -30 -31
leaf_value=6.9710902717012857e-07 -8.125741548301591e-05 -0.0012397519507016065 -0.0003092739161758562 2.4612763861675547e-06 -0.0010624174952513776 -8.125741548301591e-05 -2.1243726943787069e-06 -1.1140525790764856e-08 -0.00089040108637403756 -8.125741548301591e-05 -8.125741548301591e-05 0.00025414066466107333 -0.00188812755175638 -0.015072603574563682 -0.0075123272263141862 1.1017218247417653 -1.602852899669216e-05 0.10328260676137219 -3.4681199316821677e-07 0.0090897425402207254 -0.053929481044280886 0.10212334046008636 0.0016916354168465377 0.002203400575398451 -0.010537192864478762 -0.011553802919385438 -0.00084311639577085986 0.011726237539293961 0.00036891658735327404 0.013381731897887762
leaf_weight=244 158 778 213351 7045 78 15175 3803 486 194 23007 3139 1882 2424 827 318 190 14349 2328 3753 6398 1487 2915 1037 26635 1679 3373 18411 534 7081 281
leaf_count=244 158 778 213351 7045 78 15175 3803 486 194 23007 3139 1882 2424 827 318 190 14349 2328 3753 6398 1487 2915 1037 26635 1679 3373 18411 534 7081 281
internal_value=-0.00470195 -0.0345191 0.0013354 0.046818 0.048905 -0.0453418 -0.0337872 -0.00584416 0.0173516 -0.0466442 -0.0434294 0.000210909 0.00355101 0.0114911 0.0230909 -2.45021e-05 -0.00159648 0.00343899 0.000518761 0.0032419 -0.00406489 -4.66769e-05 -0.000128496 0.00145432 -0.000873295 0.00332994 -0.00327289 -0.0241341 -0.000812309 0.0359187
internal_weight=363360 61175 302185 7281 7123 46048 4727 924 438 41321 18314 294904 19417 5355 2200 275487 15127 3155 14062 8822 5240 275297 272382 59031 32396 11772 20624 2213 10454 1318
internal_count=363360 61175 302185 7281 7123 46048 4727 924 438 41321 18314 294904 19417 5355 2200 275487 15127 3155 14062 8822 5240 275297 272382 59031 32396 11772 20624 2213 10454 1318
cat_boundaries=0 3 5 6 9 11 13 16 19 21 23 26
cat_threshold=167821458 3493855232 2 2147483648 512 16384 134217744 2415919104 2 270271552 538278144 262144 536887552 25239552 134873298 1 1091830852 755959107 5 0 256 0 256 1074003972 201457664 4
is_linear=0
shrinkage=0.05


Tree=179
num_leaves=31
num_cat=10
split_feature=17 0 17 0 2 17 16 6 5 17 5 6 17 3 0 5 0 3 17 17 0 0 3 16 17 14 17 8 17 6
split_gain=26121 8739.64 6186.35 537.158 308.583 264.567 360.544 179.22 145.329 117.697 173.097 88.1791 496.904 256.903 168.353 150.74 143.848 232.55 279.395 202.945 159.399 147.799 146.104 235.852 177.035 117.823 98.2131 92.584 148.288 117.894
threshold=0 7.5000000000000009 1 7.5000000000000009 14.000000000000002 2 39.949808333333344 15.500000000000002 18.750000000000004 3 21.250000000000004 20.500000000000004 4 14.000000000000002 22.500000000000004 18.750000000000004 7.5000000000000009 17.500000000000004 5 6 14.000000000000002 17.500000000000004 14.000000000000002 109.96683333333335 7 200.05238333333338 8 29.500000000000004 9 17.500000000000004
decision_type=9 2 9 2 2 9 2 2 2 9 2 2 9 2 2 2 2 2 9 9 2 2 2 2 9 2 9 2 9 2
left_child=1 5 3 -2 -5 6 7 8 -1 10 -7 26 13 15 -15 -13 19 18 -18 -14 -19 -20 23 -21 -25 -26 -4 29 -29 -28
right_child=2 -3 11 4 -6 9 -8 -9 -10 -11 -12 12 16 14 -16 -17 17 20 21 22 -22 -23 -24 24 25 -27 27 28 -30 -31
leaf_value=6.6225357580051997e-07 -7.7194544708847357e-05 -2.8017141169378592e-05 -0.0022256475761272656 2.3382125668547363e-06 -0.0010092966204887867 -7.7194544708847357e-05 -2.0181540596464487e-06 -1.0583499499006167e-08 -0.00084588103205534009 -7.7194544708847357e-05 -7.7194544708847357e-05 0.00074960530050982577 -0.0052233393007017799 -0.010863844199228902 0.096999071171895948 -0.011249296979585544 -0.028581633561665855 -0.024936587876331864 0.0065718027556302518 8.5499713783221415e-05 -0.009189494704106238 -0.15637566136279091 -0.019806557686087078 0.0010207794550052718 0.00014899198186260067 -0.00012959970028498803 0.00030395527615088017 0.012639691262031683 0.00035047075798559928 -0.0069193684011743979
leaf_weight=244 158 15127 124422 7045 78 15175 3803 486 194 23007 3139 3627 1145 1160 962 184 2376 1014 4321 2919 8955 607 695 251 122 1040 83882 9561 23345 24316
leaf_count=244 158 15127 124422 7045 78 15175 3803 486 194 23007 3139 3627 1145 1160 962 184 2376 1014 4321 2919 8955 607 695 251 122 1040 83882 9561 23345 24316
internal_value=-0.00471213 -0.0345044 0.00132017 0.046818 0.048905 -0.0453418 -0.0337872 -0.00584416 0.0173516 -0.0466442 -0.0434294 0.000195311 0.00279461 0.0157076 0.00179076 0.0234978 -0.000479642 0.00186129 0.0086391 -0.00703176 -0.00310462 0.0154111 -0.00267024 0.000738689 -0.0160297 -0.0241468 -9.22697e-05 0.000810692 0.00313317 0.000104438
internal_weight=363360 61175 302185 7281 7123 46048 4727 924 438 41321 18314 294904 29378 5933 2122 3811 23445 17273 7304 6172 9969 4928 5027 4332 1413 1162 265526 141104 32906 108198
internal_count=363360 61175 302185 7281 7123 46048 4727 924 438 41321 18314 294904 29378 5933 2122 3811 23445 17273 7304 6172 9969 4928 5027 4332 1413 1162 265526 141104 32906 108198
cat_boundaries=0 3 5 6 9 11 14 17 19 22 24
cat_threshold=167821458 3493855232 2 2147483648 512 16384 134217744 2415919104 2 9175104 554504448 83887364 33562819 5 1074790404 201457737 1 66560 24720 277614916 621482288 12 536871936 34620417
is_linear=0
shrinkage=0.05


Tree=180
num_leaves=31
num_cat=11
split_feature=17 0 17 0 2 17 16 6 5 17 5 6 17 3 0 5 17 0 3 17 17 0 16 3 17 0 17 3 5 17
split_gain=26109.5 8747.56 6187.16 537.158 308.583 264.567 360.544 179.22 145.329 117.697 173.097 112.759 549.158 244.972 148.022 139.689 113.955 125.098 186.196 176.593 156.437 144.889 130.229 175.985 170.756 126.053 95.9533 81.6502 199.318 388.801
threshold=0 7.5000000000000009 1 7.5000000000000009 14.000000000000002 2 39.949808333333344 15.500000000000002 18.750000000000004 3 21.250000000000004 20.500000000000004 4 14.000000000000002 7.5000000000000009 18.750000000000004 5 7.5000000000000009 17.500000000000004 6 7 14.000000000000002 109.96683333333335 14.000000000000002 8 11.500000000000002 9 17.500000000000004 21.250000000000004 10
decision_type=9 2 9 2 2 9 2 2 2 9 2 2 9 2 2 2 9 2 2 9 9 2 2 2 9 2 9 2 2 9
left_child=1 5 3 -2 -5 6 7 8 -1 10 -7 26 13 15 -15 -13 -14 19 20 -18 -19 -20 23 -21 -24 -22 27 28 29 -4
right_child=2 -3 11 4 -6 9 -8 -9 -10 -11 -12 12 16 14 -16 -17 17 18 21 22 25 -23 24 -25 -26 -27 -28 -29 -30 -31
leaf_value=6.2914089702381661e-07 -7.3334817473424971e-05 -2.6616284110936306e-05 0.00037857049048080073 2.221301938476472e-06 -0.00095883178946438725 -7.3334817473424971e-05 -1.9172463566530239e-06 -1.005432452849675e-08 -0.00080358698045257526 -7.3334817473424971e-05 -7.3334817473424971e-05 0.00066449593648760803 -0.0079322956157852793 -0.021115180690610205 0.0091705821236774294 -0.010640879935006221 -0.0081861841415816535 -0.0030361977210078273 -0.021701722521257506 7.8377604390222899e-05 0.0075540730891318301 0.0022577588805939189 0.001111877520100535 -0.017971404111048941 -0.00011368635429853668 0.0018111277846013963 0.00070145669814918325 6.887515574041104e-05 -0.016013280438660706 -0.0085329708757479143
leaf_weight=244 158 15127 12462 7045 78 15175 3803 486 194 23007 3139 4005 2294 253 1942 191 707 2285 883 2705 2083 7759 144 622 1252 2253 126908 77608 12265 36283
leaf_count=244 158 15127 12462 7045 78 15175 3803 486 194 23007 3139 4005 2294 253 1942 191 707 2285 883 2705 2083 7759 144 622 1252 2253 126908 77608 12265 36283
internal_value=-0.00471378 -0.0344995 0.0013172 0.046818 0.048905 -0.0453418 -0.0337872 -0.00584416 0.0173516 -0.0466442 -0.0434294 0.000192259 0.0031316 0.0160834 0.00257403 0.0231888 -0.000476149 0.000697966 0.0030171 -0.00581952 0.00932639 -0.00181671 -0.00229241 0.00308085 -0.0151146 0.0148873 -0.000132944 -0.00104236 -0.00241108 -0.000977536
internal_weight=363360 61175 302185 7281 7123 46048 4727 924 438 41321 18314 294904 29378 6391 2195 4196 22987 20693 15263 5430 6621 8642 4723 3327 1396 4336 265526 138618 61010 48745
internal_count=363360 61175 302185 7281 7123 46048 4727 924 438 41321 18314 294904 29378 6391 2195 4196 22987 20693 15263 5430 6621 8642 4723 3327 1396 4336 265526 138618 61010 48745
cat_boundaries=0 3 5 6 9 11 14 16 19 21 24 26
cat_threshold=167821458 3493855232 2 2147483648 512 16384 134217744 2415919104 2 10223680 554504448 67109888 73 1 1073741824 201457664 16777476 169877634 4 0 16512 814485828 623576368 12 4096 2098432
is_linear=0
shrinkage=0.05


Tree=181
num_leaves=31
num_cat=12
split_feature=17 0 17 0 2 17 16 6 5 17 5 0 6 17 4 4 17 17 17 5 8 17 5 17 17 5 2 17 6 5
split_gain=26050.2 8747.56 6198.23 537.158 308.583 264.567 360.544 179.22 145.329 117.697 173.097 69.8951 68.2292 78.1324 65.5107 65.1541 193.317 97.6731 92.4607 68.5388 62.6988 167.983 141.806 138.866 125.896 123.568 103.322 108.667 100.864 94.6278
threshold=0 7.5000000000000009 1 7.5000000000000009 14.000000000000002 2 39.949808333333344 15.500000000000002 18.750000000000004 3 21.250000000000004 107.50000000000001 10.500000000000002 4 -20.999999999999996 1.0000000180025095e-35 5 6 7 18.750000000000004 24.500000000000004 8 21.250000000000004 9 10 21.250000000000004 17.500000000000004 11 20.500000000000004 26.250000000000004
decision_type=9 2 9 2 2 9 2 2 2 9 2 2 2 9 2 2 9 9 9 2 2 9 2 9 9 2 2 9 2 2
left_child=1 5 3 -2 -5 6 7 8 -1 10 -7 14 13 -3 -4 17 -17 -16 -18 -20 24 22 23 -22 -14 26 27 -26 -25 -23
right_child=2 12 11 4 -6 9 -8 -9 -10 -11 -12 -13 20 -15 15 16 18 -19 19 -21 21 29 -24 28 25 -27 -28 -29 -30 -31
leaf_value=5.9768385218816888e-07 -6.9668076599738174e-05 0.0012316355782550305 0.13418711401415601 2.1102368415348851e-06 -0.00091089019999115453 -6.9668076599738174e-05 -1.821384038835916e-06 -9.5516083042923586e-09 -0.00076340763142992432 -6.9668076599738174e-05 -6.9668076599738174e-05 0.2578235553452643 6.2195428973588215e-05 -0.001580861362592767 -0.00042704190358353603 0.094252097361030351 -0.021275945089395166 0.0001853283205530021 -0.0026239302221604532 0.018990722694748552 0.0090019177190185928 4.2666226704035638e-05 0.0042656836520533759 -5.4487005145098522e-05 0.0012586770751322974 -5.9084487427618631e-05 0.00786401270626076 -0.0026256969607738158 0.00019494856313482246 -0.00079577255556859692
leaf_weight=244 158 214 2220 7045 78 15175 3803 486 194 23007 3139 1692 3952 564 126741 9451 13615 118124 9401 13660 437 2813 742 780 219 3281 104 911 333 777
leaf_count=244 158 214 2220 7045 78 15175 3803 486 194 23007 3139 1692 3952 564 126741 9451 13615 118124 9401 13660 437 2813 742 780 219 3281 104 911 333 777
internal_value=-0.00474763 -0.0344995 0.00127649 0.046818 0.048905 -0.0453418 -0.0337872 -0.00584416 0.0173516 -0.0466442 -0.0434294 0.000150552 -0.00151715 -0.0159383 9.20835e-05 2.68049e-05 0.0017506 -0.000297919 0.000106308 0.00203502 -0.000735243 0.00323019 0.0137706 0.00522581 -0.00349002 -0.00918232 -0.0226904 -0.0270796 -0.00422974 -0.00352778
internal_weight=363360 61175 302185 7281 7123 46048 4727 924 438 41321 18314 294904 15127 778 293212 290992 46127 244865 36676 23061 14349 5882 2292 1550 8467 4515 1234 1130 1113 3590
internal_count=363360 61175 302185 7281 7123 46048 4727 924 438 41321 18314 294904 15127 778 293212 290992 46127 244865 36676 23061 14349 5882 2292 1550 8467 4515 1234 1130 1113 3590
cat_boundaries=0 3 5 6 9 10 13 16 18 20 21 23 26
cat_threshold=167821458 3493855232 2 2147483648 512 16384 134217744 2415919104 2 134234114 66560 1263616 1 277677376 539182425 13 17838084 52692130 134217744 2147483648 134217744 33570818 268435456 32768 0 2
is_linear=0
shrinkage=0.05


Tree=182
num_leaves=31
num_cat=9
split_feature=17 0 17 0 2 17 16 6 5 17 5 8 17 5 17 5 17 5 7 6 6 1 6 17 3 0 5 0 17 3
split_gain=25770.1 9153.29 6183.11 537.158 308.583 264.567 360.544 179.22 145.329 117.697 173.097 91.2212 184.743 144.022 139.03 145.158 125.633 114.997 94.7639 91.3476 158.597 129.669 87.3527 444.193 203.876 153.667 124.958 102.391 198.986 181.842
threshold=0 7.5000000000000009 1 7.5000000000000009 14.000000000000002 2 39.949808333333344 15.500000000000002 18.750000000000004 3 21.250000000000004 24.500000000000004 4 21.250000000000004 5 16.250000000000004 6 21.250000000000004 4.5000000000000009 17.500000000000004 19.500000000000004 17.500000000000004 20.500000000000004 7 14.000000000000002 22.500000000000004 18.750000000000004 7.5000000000000009 8 17.500000000000004
decision_type=9 2 9 2 2 9 2 2 2 9 2 2 9 2 9 2 9 2 2 2 2 2 2 9 2 2 2 2 9 2
left_child=1 5 3 -2 -5 6 7 8 -1 10 -7 16 13 14 -13 -16 -3 19 -19 -18 -21 -22 -4 24 26 -26 -24 28 -25 -29
right_child=2 11 22 4 -6 9 -8 -9 -10 -11 -12 12 -14 -15 15 -17 17 18 -20 20 21 -23 23 27 25 -27 -28 29 -30 -31
leaf_value=5.6779965955655604e-07 -6.6184672769731284e-05 5.2376954908250896e-05 -2.8415085304245304e-05 2.0047249994270543e-06 -0.0008653456899915924 -6.6184672769731284e-05 -1.7303148368785771e-06 -9.0740278846368486e-09 -0.00072523724985842366 -6.6184672769731284e-05 -6.6184672769731284e-05 0.0083195692023219081 -8.6942793185862405e-05 0.0031255070191313905 0.00010639657316264818 -7.7073000767136082e-05 -0.0007525387317365074 -0.00014247878742326136 0.00025382113876615264 0.0011545187099420318 -0.0027024587160809689 0.0074708120709477306 0.00062992025645507437 -0.0074343157164824536 -0.010457996878837507 0.091503926416639028 -0.010108949437655612 0.003706799812762718 -3.9572842347723738e-05 -0.01687424206798389
leaf_weight=244 158 4280 265526 7045 78 15175 3803 486 194 23007 3139 447 3292 1128 758 529 632 2823 539 153 447 99 4005 855 1232 963 191 7079 5105 9948
leaf_count=244 158 4280 265526 7045 78 15175 3803 486 194 23007 3139 447 3292 1128 758 529 632 2823 539 153 447 99 4005 855 1232 963 191 7079 5105 9948
internal_value=-0.00465957 -0.034251 0.00133209 0.046818 0.048905 -0.0453418 -0.0337872 -0.00584416 0.0173516 -0.0466442 -0.0434294 -0.000512329 0.00417615 0.0134401 0.0044406 -0.0039707 -0.00372785 -0.00936636 -0.00446163 -0.0218257 -0.00937053 -0.021978 0.000207518 0.00279461 0.0144431 0.00211845 0.0209247 -0.000450059 -0.0060906 0.00152405
internal_weight=363360 61175 302185 7281 7123 46048 4727 924 438 41321 18314 15127 6154 2862 1734 1287 8973 4693 3362 1331 699 546 294904 29378 6391 2195 4196 22987 5960 17027
internal_count=363360 61175 302185 7281 7123 46048 4727 924 438 41321 18314 15127 6154 2862 1734 1287 8973 4693 3362 1331 699 546 294904 29378 6391 2195 4196 22987 5960 17027
cat_boundaries=0 3 5 6 9 12 13 15 17 20
cat_threshold=167821458 3493855232 2 2147483648 512 16384 134217744 2415919104 2 134217744 2147483648 2 134217744 33570818 268435456 10223680 554504448 1073741828 201457673 1
is_linear=0
shrinkage=0.05


Tree=183
num_leaves=31
num_cat=8
split_feature=17 0 17 0 2 17 16 6 5 17 5 6 17 6 0 0 17 17 3 5 17 5 5 8 14 3 7 7 13 4
split_gain=25787.8 8967.97 6210.49 537.158 308.583 264.567 360.544 179.22 145.329 117.697 173.097 68.0295 81.9151 120.963 89.9391 67.4845 67.3094 66.461 108.256 119.089 154.387 146.218 142.814 123.25 106.543 103.857 93.2283 90.1954 65.7872 62.1548
threshold=0 7.5000000000000009 1 7.5000000000000009 14.000000000000002 2 39.949808333333344 15.500000000000002 18.750000000000004 3 21.250000000000004 17.500000000000004 4 19.500000000000004 17.500000000000004 117.50000000000001 5 6 17.500000000000004 21.250000000000004 7 10.750000000000002 26.250000000000004 24.500000000000004 180.05365833333335 14.000000000000002 5.5000000000000009 4.5000000000000009 5.5000000000000009 1.0000000180025095e-35
decision_type=9 2 9 2 2 9 2 2 2 9 2 2 9 2 2 2 9 9 2 2 9 2 2 2 2 2 2 2 2 2
left_child=1 5 3 -2 -5 6 7 8 -1 10 -7 17 -13 16 28 29 -14 -3 19 21 23 -19 24 25 -22 27 -24 -21 -15 -4
right_child=2 11 15 4 -6 9 -8 -9 -10 -11 -12 12 13 14 -16 -17 -18 18 -20 20 22 -23 26 -25 -26 -27 -28 -29 -30 -31
leaf_value=5.3940967656984642e-07 -6.2875439131238056e-05 1.1884986745336336e-05 -3.5653133348612086e-05 1.9044887494601427e-06 -0.00082207840549202165 -6.2875439131238056e-05 -1.6437990950191051e-06 -8.6203264970663447e-09 -0.00068897538736552028 -6.2875439131238056e-05 -6.2875439131238056e-05 -0.013515011786386921 0.0012988951384155457 0.00045483674300381697 0.0079644223515552785 0.28485209472862183 0.0008260161340968964 5.0422451274467765e-05 -0.0055021779211100966 -2.4362275475908748e-05 -0.0020645211987766034 -0.00012817538115106331 -0.0009154192221078717 0.0038961241184940934 0.0012270554341808017 0.00020149393439101716 0.0018087768106750169 0.00024113008182782283 -0.000427929155497786 0.0074282688242517381
leaf_weight=244 158 5820 247464 7045 78 15175 3803 486 194 23007 3139 1175 1096 446 217 1171 854 161 303 349 122 1373 918 316 420 226 89 98 1144 46269
leaf_count=244 158 5820 247464 7045 78 15175 3803 486 194 23007 3139 1175 1096 446 217 1171 854 161 303 349 122 1373 918 316 420 226 89 98 1144 46269
internal_value=-0.00476222 -0.0343638 0.00123149 0.046818 0.048905 -0.0453418 -0.0337872 -0.00584416 0.0173516 -0.0466442 -0.0434294 -0.000968467 0.00385239 0.00744624 -0.0018539 0.000104437 0.0161026 -0.00330064 -0.00794755 -0.00582024 0.000827423 -0.0168188 -0.00901219 0.0161662 0.0116236 0.00423477 -0.0202085 -0.00973154 -0.00597484 5.66841e-05
internal_weight=363360 61175 302185 7281 7123 46048 4727 924 438 41321 18314 15127 4932 3757 1807 294904 1950 10195 4375 4072 2538 1534 1549 989 542 673 1007 447 1590 293733
internal_count=363360 61175 302185 7281 7123 46048 4727 924 438 41321 18314 15127 4932 3757 1807 294904 1950 10195 4375 4072 2538 1534 1549 989 542 673 1007 447 1590 293733
cat_boundaries=0 3 5 6 9 10 13 15 17
cat_threshold=167821458 3493855232 2 2147483648 512 16384 134217744 2415919104 2 134234128 33554432 2147483648 2 134234130 268435456 0 2147483648
is_linear=0
shrinkage=0.05


Tree=184
num_leaves=31
num_cat=10
split_feature=17 0 17 0 2 17 16 6 5 17 5 17 16 14 17 0 17 5 17 6 0 5 8 17 5 7 17 5 0 5
split_gain=25774.9 8978.66 6211.12 537.158 308.583 264.567 360.544 179.22 145.329 117.697 173.097 65.0427 97.5393 82.9145 165.985 80.0857 68.0172 97.4441 67.8779 108.461 66.5509 65.3492 64.1577 200.246 125.928 129.664 115.865 89.977 75.973 74.2188
threshold=0 7.5000000000000009 1 7.5000000000000009 14.000000000000002 2 39.949808333333344 15.500000000000002 18.750000000000004 3 21.250000000000004 4 79.959941666666694 39.946450000000006 5 14.000000000000002 6 6.2500000000000009 7 21.500000000000004 157.50000000000003 21.250000000000004 24.500000000000004 8 21.250000000000004 4.5000000000000009 9 26.250000000000004 17.500000000000004 23.750000000000004
decision_type=9 2 9 2 2 9 2 2 2 9 2 9 2 2 9 2 9 2 9 2 2 2 2 9 2 2 9 2 2 2
left_child=1 5 3 -2 -5 6 7 8 -1 10 -7 13 -13 14 15 -4 17 -16 20 -20 21 -14 26 24 25 -24 -3 -25 -26 -28
right_child=2 22 11 4 -6 9 -8 -9 -10 -11 -12 12 18 -15 16 -17 -18 -19 19 -21 -22 -23 23 27 28 -27 29 -29 -30 -31
leaf_value=5.1243919272359053e-07 -5.9731667174656167e-05 0.0011685614209161256 -0.016120176192001259 1.809264311969372e-06 -0.00078097448521745609 -5.9731667174656167e-05 -1.5616091402659295e-06 -8.1893101633312433e-09 -0.00065452661799723097 -5.9731667174656167e-05 -5.9731667174656167e-05 -8.1356765452955677e-06 0.00029413715417558883 -0.00024259145081306777 0.011527097769491058 0.10212638344357128 0.025049151838345909 0.0052363679235941877 0.0071749202510131395 0.0045907185796951301 1.175801309649404 -0.0031892587089641824 -3.1444228072086132e-05 -1.5781546364834754e-06 0.0037013179125693798 0.00072440111527809496 -0.00048310100253772252 -0.00075223103746822071 -0.012839261197067487 -3.0536054689900287e-05
leaf_weight=244 158 492 607 7045 78 15175 3803 486 194 23007 3139 99009 15536 145943 632 226 2659 523 16370 955 117 12327 1051 3059 673 516 2524 784 71 5957
leaf_count=244 158 492 607 7045 78 15175 3803 486 194 23007 3139 99009 15536 145943 632 226 2659 523 16370 955 117 12327 1051 3059 673 516 2524 784 71 5957
internal_value=-0.00476304 -0.0343573 0.00122917 0.046818 0.048905 -0.0453418 -0.0337872 -0.00584416 0.0173516 -0.0466442 -0.0434294 0.000102064 0.000860564 -0.000624834 0.00595008 -0.0141756 0.0103556 0.0204721 0.00278225 0.00524084 0.00125759 0.00110003 -0.000942024 0.00298993 0.0145842 0.00660498 -0.00363869 -0.00400986 0.031586 -0.00501119
internal_weight=363360 61175 302185 7281 7123 46048 4727 924 438 41321 18314 294904 144314 150590 4647 833 3814 1155 45305 17325 27980 27863 15127 6154 2311 1567 8973 3843 744 8481
internal_count=363360 61175 302185 7281 7123 46048 4727 924 438 41321 18314 294904 144314 150590 4647 833 3814 1155 45305 17325 27980 27863 15127 6154 2311 1567 8973 3843 744 8481
cat_boundaries=0 3 5 6 9 12 15 17 19 21 22
cat_threshold=167821458 3493855232 2 2147483648 512 16384 134217744 2415919104 2 277611844 774045971 13 8912896 33685504 8 262148 539033858 1628438528 799840 134217744 2147483648 33554434
is_linear=0
shrinkage=0.05


Tree=185
num_leaves=31
num_cat=13
split_feature=17 0 17 0 2 17 16 6 5 17 5 16 17 17 14 17 0 3 6 1 17 6 17 17 0 17 6 17 17 3
split_gain=25830.3 8909.28 6212.29 537.158 308.583 264.567 360.544 179.22 145.329 117.697 173.097 72.3398 133.174 69.4586 111.373 118.905 95.5835 196.414 92.6084 100.156 91.1928 82.5975 74.3185 73.7529 79.7951 107.374 97.6429 217.356 179.22 143.142
threshold=0 7.5000000000000009 1 7.5000000000000009 14.000000000000002 2 39.949808333333344 15.500000000000002 18.750000000000004 3 21.250000000000004 139.9724416666667 4 5 140.08532500000004 6 32.500000000000007 37.500000000000007 10.500000000000002 14.000000000000002 7 18.500000000000004 8 9 17.500000000000004 10 17.500000000000004 11 12 14.000000000000002
decision_type=9 2 9 2 2 9 2 2 2 9 2 2 9 9 2 9 2 2 2 2 9 2 9 9 2 9 2 9 9 2
left_child=1 5 3 -2 -5 6 7 8 -1 10 -7 13 -13 -4 15 18 17 23 -15 -20 -18 -19 -23 -16 26 -26 27 -25 29 -28
right_child=2 -3 11 4 -6 9 -8 -9 -10 -11 -12 12 -14 14 16 -17 20 21 19 -21 -22 22 -24 24 25 -27 28 -29 -30 -31
leaf_value=4.8681723310295408e-07 -5.6745083815901159e-05 -2.154141916124175e-05 -0.0011323619281323083 1.7188010963842261e-06 -0.00074192576095661884 -5.6745083815901159e-05 -1.4835286832326489e-06 -7.7798446351806657e-09 -0.0006218002870973738 -5.6745083815901159e-05 -5.6745083815901159e-05 -6.1576688226949735e-05 0.0033972562192123414 0.049554618176575894 0.0022797707163888961 0.0001575259837181875 0.0049347753747369444 0.15284596384247637 -0.011398698120007067 0.027659684873990821 -0.04055384685751165 0.23517774464697611 -0.049652051103607958 -0.015063472498994646 -0.030120744131524546 -0.002139187770085016 0.0024303405767475365 0.0021714383243927496 -5.9901224724789871e-05 0.003002585731176666
leaf_weight=244 158 15127 65334 7045 78 15175 3803 486 194 23007 3139 27324 21494 7689 14404 40472 20293 4629 219 5502 30027 539 1397 9782 7171 14371 3843 8255 8948 3211
leaf_count=244 158 15127 65334 7045 78 15175 3803 486 194 23007 3139 27324 21494 7689 14404 40472 20293 4629 219 5502 30027 539 1397 9782 7171 14371 3843 8255 8948 3211
internal_value=-0.00477378 -0.0343998 0.00122487 0.046818 0.048905 -0.0453418 -0.0337872 -0.00584416 0.0173516 -0.0466442 -0.0434294 9.76556e-05 0.00185587 -0.000251132 0.000253925 0.00215842 -0.000554899 0.000557805 0.00623696 0.00142458 -0.00224762 0.00882711 0.000154959 -0.000217904 -0.00104423 -0.00342587 0.000462705 -0.00205966 0.00330584 0.00925821
internal_weight=363360 61175 302185 7281 7123 46048 4727 924 438 41321 18314 294904 48818 246086 180752 53882 126870 76550 13410 5721 50320 6565 1936 69985 55581 21542 34039 18037 16002 7054
internal_count=363360 61175 302185 7281 7123 46048 4727 924 438 41321 18314 294904 48818 246086 180752 53882 126870 76550 13410 5721 50320 6565 1936 69985 55581 21542 34039 18037 16002 7054
cat_boundaries=0 3 5 6 9 12 15 18 20 23 25 27 30 32
cat_threshold=167821458 3493855232 2 2147483648 512 16384 134217744 2415919104 2 1091831044 237703459 13 277348672 539034642 8 1610887172 1048576 4 1140850688 101845192 9216 134481920 4 13316 135034881 1091567616 50331808 1074003968 84017408 4 1074003968 83886368
is_linear=0
shrinkage=0.05


Tree=186
num_leaves=31
num_cat=11
split_feature=17 0 17 0 2 17 16 6 5 17 5 0 17 5 17 14 14 17 3 12 15 14 16 6 17 17 0 6 17 17
split_gain=25695.7 8914.61 6236.76 537.158 308.583 264.567 360.544 179.22 145.329 117.697 173.097 90.6038 243.853 608.89 469.891 923.75 293.033 168.202 131.678 109.055 98.2975 154.307 110.68 167.817 159.266 131.085 133.787 151.917 223.759 112.762
threshold=0 7.5000000000000009 1 7.5000000000000009 14.000000000000002 2 39.949808333333344 15.500000000000002 18.750000000000004 3 21.250000000000004 7.5000000000000009 4 18.750000000000004 5 789.91352500000005 169.91132500000001 6 14.000000000000002 63.500000000000007 25.000000000000004 59.95662500000001 79.959941666666694 21.500000000000004 7 8 11.500000000000002 19.500000000000004 9 10
decision_type=9 2 9 2 2 9 2 2 2 9 2 2 9 2 9 2 2 9 2 2 2 2 2 2 9 9 2 2 9 9
left_child=1 5 3 -2 -5 6 7 8 -1 10 -7 12 13 14 15 16 -4 -15 -18 20 22 -22 29 25 -25 26 27 28 -24 -13
right_child=2 -3 11 4 -6 9 -8 -9 -10 -11 -12 19 -14 17 -16 -17 18 -19 -20 -21 21 -23 23 24 -26 -27 -28 -29 -30 -31
leaf_value=4.6247637146556998e-07 -5.3907829625110537e-05 -2.0464348203219631e-05 0.00010192294909354694 1.6328610415783375e-06 -0.00070482947290875233 -5.3907829625110537e-05 -1.4093522490821187e-06 -7.3908524189647558e-09 -0.00059071027274248955 -5.3907829625110537e-05 -5.3907829625110537e-05 -0.0061532736711193969 3.6690222992108451e-05 -0.016952940299066379 -0.0021851147884583088 -0.00012494403943872357 0.0017391714133503378 -0.025729107459806014 -0.027216847332893913 -0.10572598755131049 0.1227152425480087 -0.0030706445968597951 -0.017454169200490366 0.00024472339075636284 0.011875867126003926 0.0036529544975660855 0.00054973664902266959 0.0094171892086466705 0.00025506829270423027 0.001111950584479704
leaf_weight=244 158 15127 644 7045 78 15175 3803 486 194 23007 3139 63073 24023 2342 10239 551 1375 698 58 1599 4146 4212 2155 1360 1503 36764 29489 778 1380 108515
leaf_count=244 158 15127 644 7045 78 15175 3803 486 194 23007 3139 63073 24023 2342 10239 551 1375 698 58 1599 4146 4212 2155 1360 1503 36764 29489 778 1380 108515
internal_value=-0.00484781 -0.0343965 0.00113519 0.046818 0.048905 -0.0453418 -0.0337872 -0.00584416 0.0173516 -0.0466442 -0.0434294 5.76439e-06 -0.00220887 -0.00700823 -0.00225771 0.0165656 0.031897 -0.0271382 0.0444871 0.000352585 0.000434731 0.00576693 0.00025284 0.00187732 0.0137443 0.00139586 -0.000851769 -0.00907721 -0.0134795 -0.000442339
internal_weight=363360 61175 302185 7281 7123 46048 4727 924 438 41321 18314 294904 39930 15907 12867 2628 2077 3040 1433 254974 253375 8358 245017 73429 2863 70566 33802 4313 3535 171588
internal_count=363360 61175 302185 7281 7123 46048 4727 924 438 41321 18314 294904 39930 15907 12867 2628 2077 3040 1433 254974 253375 8358 245017 73429 2863 70566 33802 4313 3535 171588
cat_boundaries=0 3 5 6 9 11 13 15 18 21 23 26
cat_threshold=167821458 3493855232 2 2147483648 512 16384 134217744 2415919104 2 1619853312 201539865 0 256 0 65792 603985156 235415752 12 1090520068 738947443 13 1073741824 537067824 891031872 589299842 8
is_linear=0
shrinkage=0.05


Tree=187
num_leaves=31
num_cat=10
split_feature=17 0 17 0 2 17 16 6 5 17 5 0 17 5 17 14 14 17 3 6 17 17 5 6 16 3 5 14 17 3
split_gain=25663.1 8957.28 6235.76 537.158 308.583 264.567 360.544 179.22 145.329 117.697 173.097 75.2299 246.242 639.354 459.651 917.653 288.019 136.067 130.436 100.653 340.085 166.048 151.739 240.132 217.489 207.19 154.603 151.312 122.12 99.7805
threshold=0 7.5000000000000009 1 7.5000000000000009 14.000000000000002 2 39.949808333333344 15.500000000000002 18.750000000000004 3 21.250000000000004 7.5000000000000009 4 18.750000000000004 5 789.91352500000005 169.91132500000001 6 14.000000000000002 11.500000000000002 7 8 21.250000000000004 20.500000000000004 110.02372500000003 14.000000000000002 13.500000000000002 209.91380833333335 9 14.000000000000002
decision_type=9 2 9 2 2 9 2 2 2 9 2 2 9 2 9 2 2 9 2 2 9 9 2 2 2 2 2 2 9 2
left_child=1 5 3 -2 -5 6 7 8 -1 10 -7 12 13 14 15 16 -4 -15 -18 20 28 22 23 29 25 26 -25 -26 -14 -21
right_child=2 -3 11 4 -6 9 -8 -9 -10 -11 -12 -13 19 17 -16 -17 18 -19 -20 21 -22 -23 -24 24 27 -27 -28 -29 -30 -31
leaf_value=4.3935255287230748e-07 -5.1212438143855016e-05 -1.9441130793040887e-05 9.6826801638849605e-05 1.5512179895260659e-06 -0.00066958799926331025 -5.1212438143855016e-05 -1.3388846366257924e-06 -7.021309800236964e-09 -0.00056117475910535399 -5.1212438143855016e-05 -5.1212438143855016e-05 0.00040800474625477537 -0.0012047706796725066 -0.016105293284113077 -0.0049314109538027839 -0.00011869683746676963 0.0016522128426828431 -0.023341346676186925 -0.025856004966249225 0.00051149394469340859 0.0072552258080062606 -3.7338890421523278e-05 -0.0075536463895281795 0.00026909764471034771 0.00015434009647647963 -0.016304065245656973 -0.00015133517370760077 -0.00011537105466974396 -0.0020795256720550714 -0.024189303166733556
leaf_weight=244 158 15127 644 7045 78 15175 3803 486 194 23007 3139 254974 1335 2342 8653 551 1375 575 58 3390 4481 8995 1037 1351 91 264 357 663 3410 358
leaf_count=244 158 15127 644 7045 78 15175 3803 486 194 23007 3139 254974 1335 2342 8653 551 1375 575 58 3390 4481 8995 1037 1351 91 264 357 663 3410 358
internal_value=-0.00484038 -0.0343704 0.00113883 0.046818 0.048905 -0.0453418 -0.0337872 -0.00584416 0.0173516 -0.0466442 -0.0434294 9.49429e-06 -0.00200851 -0.00729167 -0.00190143 0.016376 0.0316562 -0.0281625 0.0441382 0.00090902 -0.00327336 0.0032473 0.00872889 0.0115848 0.00029347 0.00902637 0.0153981 -0.0225464 -0.0125868 0.0197972
internal_weight=363360 61175 302185 7281 7123 46048 4727 924 438 41321 18314 294904 39930 14198 11281 2628 2077 2917 1433 25732 9226 16506 7511 6474 2726 1972 1708 754 4745 3748
internal_count=363360 61175 302185 7281 7123 46048 4727 924 438 41321 18314 294904 39930 14198 11281 2628 2077 2917 1433 25732 9226 16506 7511 6474 2726 1972 1708 754 4745 3748
cat_boundaries=0 3 5 6 9 11 13 15 17 19 21
cat_threshold=167821458 3493855232 2 2147483648 512 16384 134217744 2415919104 2 1082982400 201539865 0 256 0 65792 620756992 2098176 889192448 2097280 0 2097152
is_linear=0
shrinkage=0.05


Tree=188
num_leaves=31
num_cat=10
split_feature=17 0 17 0 2 17 16 6 5 17 5 0 5 17 17 3 17 14 6 17 16 14 17 6 6 14 17 6 3 6
split_gain=25572.3 8957.28 6252.94 537.158 308.583 264.567 360.544 179.22 145.329 117.697 173.097 103.483 269.808 672.131 340.974 165.284 170.44 916.254 305.196 440.441 347.101 292.982 267.415 332.197 159.544 156.333 143.193 127.574 116.918 108.529
threshold=0 7.5000000000000009 1 7.5000000000000009 14.000000000000002 2 39.949808333333344 15.500000000000002 18.750000000000004 3 21.250000000000004 7.5000000000000009 18.750000000000004 4 5 14.000000000000002 6 779.94013333333339 19.500000000000004 7 99.987683333333351 160.0109166666667 8 11.500000000000002 20.500000000000004 70.039250000000024 9 19.500000000000004 7.5000000000000009 11.500000000000002
decision_type=9 2 9 2 2 9 2 2 2 9 2 2 2 9 9 2 9 2 2 9 2 2 9 2 2 2 9 2 2 2
left_child=1 5 3 -2 -5 6 7 8 -1 10 -7 12 14 -14 25 16 17 21 22 -20 -21 -16 23 -18 -22 -4 29 -15 -23 -27
right_child=2 -3 11 4 -6 9 -8 -9 -10 -11 -12 -13 13 27 15 -17 18 -19 19 20 24 28 -24 -25 -26 26 -28 -29 -30 -31
leaf_value=4.1738492524423525e-07 -4.8651816236677808e-05 -1.8469074253424368e-05 -0.0033814235396310011 1.4736570900453217e-06 -0.00063610859930012258 -4.8651816236677808e-05 -1.2719404047789595e-06 -6.6702443124455614e-09 -0.000533116021150093 -4.8651816236677808e-05 -4.8651816236677808e-05 0.00038760450894201884 -0.015837358786827994 0.00040088286399053707 9.1985461556909345e-05 -0.016360146117189479 -0.00033929122679476897 -0.0001122406973970147 0.0023283291770493267 0.00020200216653405435 0.0023159200711213579 0.001569602200548692 0.00025509992249386217 -0.019435735660620693 -0.00010951872876114878 0.040347225647766653 0.00017595651266466561 -0.0152319325747325 -7.6105215827571017e-06 -0.00976331319816124
leaf_weight=244 158 15127 3175 7045 78 15175 3803 486 194 23007 3139 254974 2476 4858 667 1881 4724 558 1095 3601 196 1278 5609 2329 1707 263 3686 555 132 1140
leaf_count=244 158 15127 3175 7045 78 15175 3803 486 194 23007 3139 254974 2476 4858 667 1881 4724 558 1095 3601 196 1278 5609 2329 1707 263 3686 555 132 1140
internal_value=-0.00489267 -0.0343704 0.00107596 0.046818 0.048905 -0.0453418 -0.0337872 -0.00584416 0.0173516 -0.0466442 -0.0434294 -5.49313e-05 -0.00242174 -0.0107048 -0.000382323 0.00265902 0.00388199 0.0157845 0.0022443 0.0109638 0.00515053 0.0311266 -0.00229822 -0.00877106 -0.0121125 -0.00912497 -0.00370407 -0.000802139 0.0440426 -0.0172328
internal_weight=363360 61175 302185 7281 7123 46048 4727 924 438 41321 18314 294904 39930 7889 32041 23777 21896 2635 19261 6599 5504 2077 12662 7053 1903 8264 5089 5413 1410 1403
internal_count=363360 61175 302185 7281 7123 46048 4727 924 438 41321 18314 294904 39930 7889 32041 23777 21896 2635 19261 6599 5504 2077 12662 7053 1903 8264 5089 5413 1410 1403
cat_boundaries=0 3 5 6 9 11 13 15 17 20 22
cat_threshold=167821458 3493855232 2 2147483648 512 16384 134217744 2415919104 2 0 82192 1082720256 203571211 268436480 256 262144 536936448 604241920 587276448 4 1073741824 67239944
is_linear=0
shrinkage=0.05


Tree=189
num_leaves=31
num_cat=10
split_feature=17 0 17 0 2 17 16 6 5 17 5 0 5 17 17 14 17 14 14 3 6 17 3 17 6 16 3 6 17 5
split_gain=25556.7 8967.97 6254.12 537.158 308.583 264.567 360.544 179.22 145.329 117.697 173.097 97.2804 241.941 607.431 324.809 160.178 159.635 872.699 275.99 223.876 155.699 341.493 254.476 234.676 297.68 223.147 244.097 146.176 129.074 129.022
threshold=0 7.5000000000000009 1 7.5000000000000009 14.000000000000002 2 39.949808333333344 15.500000000000002 18.750000000000004 3 21.250000000000004 7.5000000000000009 18.750000000000004 4 5 70.039250000000024 6 779.94013333333339 169.91132500000001 7.5000000000000009 19.500000000000004 7 14.000000000000002 8 11.500000000000002 110.02372500000003 14.000000000000002 20.500000000000004 9 8.7500000000000018
decision_type=9 2 9 2 2 9 2 2 2 9 2 2 2 9 9 2 9 2 2 2 2 9 2 9 2 2 2 2 9 2
left_child=1 5 3 -2 -5 6 7 8 -1 10 -7 12 14 -14 15 -4 17 18 -16 -20 23 22 -22 24 29 26 -23 -27 -17 -18
right_child=2 -3 11 4 -6 9 -8 -9 -10 -11 -12 -13 13 -15 16 28 20 -19 19 -21 21 25 -24 -25 -26 27 -28 -29 -30 -31
leaf_value=3.9651567900200747e-07 -4.6219225424826151e-05 -1.7545620540726502e-05 -0.0032123523626494512 1.3999742355608192e-06 -0.00060430316933510761 -4.6219225424826151e-05 -1.2083433845511139e-06 -6.3367321168072981e-09 -0.00050646022009259717 -4.6219225424826151e-05 -4.6219225424826151e-05 0.00036822428349498894 -0.015045490847486588 -3.5595144630962142e-05 8.7386188479055002e-05 -0.0076845743967851824 0.011380151825875907 -0.00010714996072360706 0.0014911220905212464 -4.2590035615486245e-05 0.0022119127181968513 0.00017770722477641334 -0.034792465165073554 0.00024001915227747086 -0.018520720313741634 0.0022001240675653122 -0.014758537632713731 -0.000104126565498186 0.00016715868703141013 -0.0230335660844188
leaf_weight=244 158 15127 3175 7045 78 15175 3803 486 194 23007 3139 254974 2476 5413 735 1403 2014 590 1266 195 1095 3828 123 6483 2566 179 741 1515 3686 2447
leaf_count=244 158 15127 3175 7045 78 15175 3803 486 194 23007 3139 254974 2476 5413 735 1403 2014 590 1266 195 1095 3828 123 6483 2566 179 741 1515 3686 2447
internal_value=-0.00489515 -0.0343638 0.00107166 0.046818 0.048905 -0.0453418 -0.0337872 -0.00584416 0.0173516 -0.0466442 -0.0434294 -5.93393e-05 -0.00235412 -0.0101977 -0.000422896 -0.00895577 0.00254551 0.0137697 0.0283242 0.0408966 0.00104995 0.00683732 0.0309446 -0.00215396 -0.00847662 0.00209629 0.00784636 -0.0134002 -0.00346826 -0.000683703
internal_weight=363360 61175 302185 7281 7123 46048 4727 924 438 41321 18314 294904 39930 7889 32041 8264 23777 2786 2196 1461 20991 7481 1218 13510 7027 6263 4569 1694 5089 4461
internal_count=363360 61175 302185 7281 7123 46048 4727 924 438 41321 18314 294904 39930 7889 32041 8264 23777 2786 2196 1461 20991 7481 1218 13510 7027 6263 4569 1694 5089 4461
cat_boundaries=0 3 5 6 9 11 13 15 17 20 22
cat_threshold=167821458 3493855232 2 2147483648 512 16384 134217744 2415919104 2 0 82192 1082720256 203571211 268436480 256 262144 536936448 604241920 587276320 4 1073741824 67239944
is_linear=0
shrinkage=0.05


Tree=190
num_leaves=31
num_cat=11
split_feature=17 0 17 0 2 17 16 6 5 0 5 17 17 14 17 14 3 17 5 6 17 17 3 6 17 3 6 17 16 6
split_gain=25491.8 8967.97 6266.43 537.158 308.583 264.567 360.544 179.22 145.329 119.104 219.855 597.653 315.366 336.597 453.206 251.249 209.107 198.15 179.756 322.235 177.715 177.028 164.969 161.696 474.853 312.784 240.403 158.266 187.014 144.089
threshold=0 7.5000000000000009 1 7.5000000000000009 14.000000000000002 2 39.949808333333344 15.500000000000002 18.750000000000004 7.5000000000000009 18.750000000000004 3 4 779.94013333333339 5 160.0109166666667 7.5000000000000009 6 6.2500000000000009 11.500000000000002 7 8 7.5000000000000009 19.500000000000004 9 14.000000000000002 20.500000000000004 10 79.959941666666694 21.500000000000004
decision_type=9 2 9 2 2 9 2 2 2 2 2 9 9 2 9 2 2 9 2 2 9 9 2 2 9 2 2 9 2 2
left_child=1 5 3 -2 -5 6 7 8 -1 10 12 -12 13 14 15 -4 -17 -15 20 21 -16 -20 29 -14 -25 26 -26 -28 -29 -21
right_child=2 -3 9 4 -6 -7 -8 -9 -10 -11 11 -13 23 17 18 16 -18 -19 19 22 -22 -23 -24 24 25 -27 27 28 -30 -31
leaf_value=3.7668989505412753e-07 -4.3908264153591504e-05 -1.6668339513703501e-05 8.3016879055097803e-05 1.329975523756133e-06 -0.00057408801086831216 -4.3908264153591504e-05 -1.1479262153279991e-06 -6.0198955154078255e-09 -0.00048113720908795623 0.00034981306932024836 -0.014293216305112245 -3.3815387399416251e-05 -0.0012712327928864121 -0.00010179246268742226 0.0029664364902152853 0.0014165659859951775 -4.0460533834707493e-05 -4.9165185182986629e-05 -0.013861520548998163 0.00046769526085328473 0.00010125672349448056 0.12370435265822344 -0.0024121019037679939 -0.0071446586997424791 0.0039397983972833117 -0.017415123847294069 0.001313095804726383 0.00027097563673064153 -8.6457335083167663e-05 -4.228985719172407e-05
leaf_weight=244 158 15127 629 7045 78 41321 3803 486 194 254974 2476 5413 13625 582 771 1244 173 1278 1746 2730 1550 442 1308 960 591 633 850 1260 855 814
leaf_count=244 158 15127 629 7045 78 41321 3803 486 194 254974 2476 5413 13625 582 771 1244 173 1278 1746 2730 1550 442 1308 960 591 633 850 1260 855 814
internal_value=-0.00493257 -0.0343638 0.00102665 0.046818 0.048905 -0.0453418 -0.0337872 -0.00584416 0.0173516 -0.000105454 -0.00264463 -0.0101217 -0.000803658 0.00509528 0.00831507 0.029572 0.0413903 -0.0146237 0.00363355 -0.000340909 0.0157044 -0.0162706 0.00684254 -0.00497232 0.00257332 0.00984758 0.0156355 0.00983137 0.00242353 0.0124436
internal_weight=363360 61175 302185 7281 7123 46048 4727 924 438 294904 39930 7889 32041 13267 11407 2046 1417 1860 9361 7040 2321 2188 4852 18774 5149 4189 3556 2965 2115 3544
internal_count=363360 61175 302185 7281 7123 46048 4727 924 438 294904 39930 7889 32041 13267 11407 2046 1417 1860 9361 7040 2321 2188 4852 18774 5149 4189 3556 2965 2115 3544
cat_boundaries=0 3 5 6 8 10 12 14 16 18 21 23
cat_threshold=167821458 3493855232 2 2147483648 512 16384 0 82192 285214016 536876480 0 256 0 256 16777216 536870976 16777216 536871936 1082654724 201457673 1 67371008 2179074
is_linear=0
shrinkage=0.05


Tree=191
num_leaves=31
num_cat=12
split_feature=17 0 17 0 2 17 16 6 5 0 5 17 17 6 17 14 6 17 3 14 17 14 3 17 5 6 17 17 17 14
split_gain=25469.5 8975.99 6269.33 537.158 308.583 264.567 360.544 179.22 145.329 118.323 210.127 576.739 268.451 292.303 498.851 211.167 167.085 460.834 323.489 226.723 147.857 184.914 132.138 131.246 127.313 388.614 249.22 204.008 172.704 126.973
threshold=0 7.5000000000000009 1 7.5000000000000009 14.000000000000002 2 39.949808333333344 15.500000000000002 18.750000000000004 7.5000000000000009 18.750000000000004 3 4 20.500000000000004 5 209.91380833333335 19.500000000000004 6 14.000000000000002 779.94013333333339 7 209.91380833333335 7.5000000000000009 8 6.2500000000000009 11.500000000000002 9 10 11 200.35678333333337
decision_type=9 2 9 2 2 9 2 2 2 2 2 9 9 2 9 2 2 9 2 2 9 2 2 9 2 2 9 9 9 2
left_child=1 5 3 -2 -5 6 7 8 -1 10 12 -12 13 14 15 -4 -14 -18 19 29 21 23 -22 -15 27 28 -27 -16 -26 -19
right_child=2 -3 9 4 -6 -7 -8 -9 -10 -11 11 -13 16 20 24 -17 17 18 -20 -21 22 -23 -24 -25 25 26 -28 -29 -30 -31
leaf_value=3.5785540029031895e-07 -4.1712850945918591e-05 -1.5834922538005004e-05 0.00022137476433989889 1.2634767475816489e-06 -0.00054538361032490106 -4.1712850945918591e-05 -1.0905299045571582e-06 -5.7189007307556501e-09 -0.00045708034863354289 0.00033232241585423594 -0.013578555489856647 -3.2124618029438782e-05 -0.0012076711532420959 0.00021278678381073668 0.0023375768139804356 0.0013457376866954363 -0.0067874257647553733 0.00021694735597010961 -0.016738857725876889 5.0645045321262572e-05 0.00028582143804194436 -9.6181541356621389e-05 -0.0028901766833981713 -0.00012663585449135262 -0.013168444521548263 0.00068570778215359951 2.1284051679049123e-05 -0.001510115029153436 0.095864795560085148 0.002933354755154305
leaf_weight=244 158 15127 780 7045 78 41321 3803 486 194 254974 2476 5413 12989 314 1330 1114 960 652 618 1539 1344 1977 414 360 1783 1262 2270 637 572 1126
leaf_count=244 158 15127 780 7045 78 41321 3803 486 194 254974 2476 5413 12989 314 1330 1114 960 652 618 1539 1344 1977 414 360 1783 1262 2270 637 572 1126
internal_value=-0.00494055 -0.0343589 0.00101607 0.046818 0.048905 -0.0453418 -0.0337872 -0.00584416 0.0173516 -0.000116305 -0.00264713 -0.0099569 -0.000847352 0.00429519 0.00913008 0.0320903 -0.00491785 0.00295199 0.0105323 0.0167471 -0.00638467 -0.0138106 0.00486425 0.00875371 0.00354781 -0.000127399 0.0103624 0.0145653 -0.0158599 0.0289089
internal_weight=363360 61175 302185 7281 7123 46048 4727 924 438 294904 39930 7889 32041 14157 9748 1894 17884 4895 3935 3317 4409 2651 1758 674 7854 5887 3532 1967 2355 1778
internal_count=363360 61175 302185 7281 7123 46048 4727 924 438 294904 39930 7889 32041 14157 9748 1894 17884 4895 3935 3317 4409 2651 1758 674 7854 5887 3532 1967 2355 1778
cat_boundaries=0 3 5 6 8 10 12 15 17 18 20 22 24
cat_threshold=167821458 3493855232 2 2147483648 512 16384 0 82192 286262592 536884672 268436480 320 1082654724 201457673 1 16777472 1344 16777216 16777216 128 17826048 536871936 16777216 536871936
is_linear=0
shrinkage=0.05


Tree=192
num_leaves=31
num_cat=11
split_feature=17 0 17 0 2 17 16 6 5 17 5 0 5 17 17 14 14 3 17 6 6 3 16 3 17 17 6 17 17 6
split_gain=25462.4 8984.01 6269.33 537.158 308.583 264.567 360.544 179.22 145.329 117.697 173.097 109.366 210.642 565.632 295.051 715.706 290.292 170.476 141.889 196.926 351.722 265.063 213.645 249.415 190.443 180.163 217.221 291.699 273.981 247.123
threshold=0 7.5000000000000009 1 7.5000000000000009 14.000000000000002 2 39.949808333333344 15.500000000000002 18.750000000000004 3 21.250000000000004 7.5000000000000009 18.750000000000004 4 5 779.94013333333339 200.35678333333337 7.5000000000000009 6 19.500000000000004 20.500000000000004 14.000000000000002 109.96683333333335 14.000000000000002 7 8 11.500000000000002 9 10 8.5000000000000018
decision_type=9 2 9 2 2 9 2 2 2 9 2 2 2 9 9 2 2 2 9 2 2 2 2 2 9 9 2 9 9 2
left_child=1 5 3 -2 -5 6 7 8 -1 10 -7 12 14 -14 15 16 -4 -18 -16 25 21 -21 23 -22 -24 -20 27 29 -28 -27
right_child=2 -3 11 4 -6 9 -8 -9 -10 -11 -12 -13 13 -15 18 -17 17 -19 19 20 22 -23 24 -25 -26 26 28 -29 -30 -31
leaf_value=3.3996263026914164e-07 -3.9627208398629325e-05 -1.5043176411122518e-05 6.7797296885352418e-05 1.2003029102203301e-06 -0.00051811442980866931 -3.9627208398629325e-05 -1.0360034093270798e-06 -5.4329556853360834e-09 -0.0004342263312018702 -3.9627208398629325e-05 -3.9627208398629325e-05 0.00031570629506152417 -0.012899627715363815 -3.0518387127953515e-05 -0.0050076069383914847 -9.1893762485240063e-05 0.0012784508023606644 -3.3628430075172135e-05 -0.0080208236546210013 0.0036693973705498985 0.00016767703675677482 -0.029785390910054457 0.00076468289580051702 -0.01258013892261749 -0.00010333530767518973 2.1329799270430885e-05 0.00044350106249360091 0.0052901954904744034 -0.018740565208397508 -0.002863021482630579
leaf_weight=244 158 15127 847 7045 78 15175 3803 486 194 23007 3139 254974 2476 5413 5095 590 1181 168 7202 1124 3839 195 218 768 1623 464 2775 2565 1120 2267
leaf_count=244 158 15127 847 7045 78 15175 3803 486 194 23007 3139 254974 2476 5413 5095 590 1181 168 7202 1124 3839 195 218 768 1623 464 2775 2565 1120 2267
internal_value=-0.00493973 -0.034354 0.00101607 0.046818 0.048905 -0.0453418 -0.0337872 -0.00584416 0.0173516 -0.0466442 -0.0434294 -0.000116305 -0.00254946 -0.00986817 -0.00074748 0.0147711 0.0279599 0.0423647 -0.00222963 -0.000628879 0.00592893 0.0294541 0.00111663 0.00686998 -0.0132808 -0.00373635 0.00090751 -0.00568353 0.00987163 -0.0170193
internal_weight=363360 61175 302185 7281 7123 46048 4727 924 438 41321 18314 294904 39930 7889 32041 2786 2196 1349 29255 24160 7767 1319 6448 4607 1841 16393 9191 5296 3895 2731
internal_count=363360 61175 302185 7281 7123 46048 4727 924 438 41321 18314 294904 39930 7889 32041 2786 2196 1349 29255 24160 7767 1319 6448 4607 1841 16393 9191 5296 3895 2731
cat_boundaries=0 3 5 6 9 11 13 15 17 19 21 23
cat_threshold=167821458 3493855232 2 2147483648 512 16384 134217744 2415919104 2 0 82192 268436480 256 1082720256 201474056 262144 78016 604241920 587268224 16777216 2098176 16777472 2098176
is_linear=0
shrinkage=0.05


Tree=193
num_leaves=31
num_cat=11
split_feature=17 0 17 0 2 17 16 6 5 17 5 0 5 17 17 14 14 3 17 6 6 17 3 16 17 6 3 5 17 17
split_gain=25508.3 8997.38 6258.37 537.158 308.583 264.567 360.544 179.22 145.329 117.697 173.097 80.1919 220.847 539.107 284.112 700.146 290.292 170.476 158.1 125.764 117.837 317.339 276.53 220.212 196.322 279.055 188.739 155.2 430.411 240.153
threshold=0 7.5000000000000009 1 7.5000000000000009 14.000000000000002 2 39.949808333333344 15.500000000000002 18.750000000000004 3 21.250000000000004 7.5000000000000009 18.750000000000004 4 5 779.94013333333339 200.35678333333337 7.5000000000000009 6 19.500000000000004 19.500000000000004 7 14.000000000000002 100.14328333333334 8 11.500000000000002 14.000000000000002 8.7500000000000018 9 10
decision_type=9 2 9 2 2 9 2 2 2 9 2 2 2 9 9 2 2 2 9 2 2 9 2 2 9 2 2 2 9 9
left_child=1 5 3 -2 -5 6 7 8 -1 10 -7 12 14 -14 15 16 -4 -18 -16 -15 24 22 -22 26 25 27 -23 28 -20 -29
right_child=2 -3 11 4 -6 9 -8 -9 -10 -11 -12 -13 13 19 18 -17 17 -19 20 -21 21 23 -24 -25 -26 -27 -28 29 -30 -31
leaf_value=3.2296449874458234e-07 -3.7645847978717839e-05 -1.4291017590561951e-05 6.4407432041102555e-05 1.1402877647448407e-06 -0.00049220870831820915 -3.7645847978717839e-05 -9.8420323886294629e-07 -5.1613079143919554e-09 -0.0004125150146417678 -3.7645847978717839e-05 -3.7645847978717839e-05 0.00029992098030842131 -0.012254646329595609 0.00038744139765038992 -0.0041530472212574221 -8.7299074360958084e-05 0.0012145282622426203 -3.194700857140909e-05 0.015786695367437355 -0.014463733269136504 0.0022538098926865313 0.00013987135140118846 -0.026070616965023864 -8.6746128737003058e-05 4.3328115321328302e-05 -0.017391919194397153 -0.012046917778141953 -0.022259192625780289 -0.00045312638703620678 0.033177451714076781
leaf_weight=244 158 15127 847 7045 78 15175 3803 486 194 23007 3139 254974 2476 4858 6210 590 1181 168 563 555 1184 3706 182 1817 8736 2516 740 1190 1211 1200
leaf_count=244 158 15127 847 7045 78 15175 3803 486 194 23007 3139 254974 2476 4858 6210 590 1181 168 563 555 1184 3706 182 1817 8736 2516 740 1190 1211 1200
internal_value=-0.00490505 -0.0343458 0.00105611 0.046818 0.048905 -0.0453418 -0.0337872 -0.00584416 0.0173516 -0.0466442 -0.0434294 -7.52762e-05 -0.00215878 -0.00965268 -0.000313661 0.0149142 0.0279599 0.0423647 -0.00176832 -0.000783699 0.000140967 0.00522349 0.0269622 0.000438387 -0.00237416 -0.00881913 0.00643275 -0.000888569 0.0103157 -0.00920502
internal_weight=363360 61175 302185 7281 7123 46048 4727 924 438 41321 18314 294904 39930 7889 32041 2786 2196 1349 29255 5413 23045 7629 1366 6263 15416 6680 4446 4164 1774 2390
internal_count=363360 61175 302185 7281 7123 46048 4727 924 438 41321 18314 294904 39930 7889 32041 2786 2196 1349 29255 5413 23045 7629 1366 6263 15416 6680 4446 4164 1774 2390
cat_boundaries=0 3 5 6 9 11 13 15 17 19 21 23
cat_threshold=167821458 3493855232 2 2147483648 512 16384 134217744 2415919104 2 0 82192 268436480 256 1082720256 201474059 262144 539033600 604241920 587268096 0 536936448 0 536936448
is_linear=0
shrinkage=0.05


Tree=194
num_leaves=31
num_cat=13
split_feature=17 0 17 0 2 17 16 6 5 17 5 12 7 17 17 8 7 17 6 17 5 17 6 14 17 6 17 17 17 14
split_gain=25527.9 8997.38 6254.66 537.158 308.583 264.567 360.544 179.22 145.329 117.697 173.097 72.7191 99.9553 180.729 171.986 139.668 126.298 135.301 122.625 209.375 122.134 161.829 103.305 101.956 88.0855 87.2327 84.6078 80.5258 78.9482 78.8827
threshold=0 7.5000000000000009 1 7.5000000000000009 14.000000000000002 2 39.949808333333344 15.500000000000002 18.750000000000004 3 21.250000000000004 5.5000000000000009 4.5000000000000009 4 5 21.500000000000004 1.0000000180025095e-35 6 11.500000000000002 7 18.750000000000004 8 20.500000000000004 150.03257500000004 9 17.500000000000004 10 11 12 2554.9982500000001
decision_type=9 2 9 2 2 9 2 2 2 9 2 2 2 9 9 2 2 9 2 9 2 9 2 2 9 2 9 9 9 2
left_child=1 5 3 -2 -5 6 7 8 -1 10 -7 26 13 -13 15 -14 17 -15 19 -18 21 22 23 -16 -22 -17 29 -20 -27 -4
right_child=2 -3 11 4 -6 9 -8 -9 -10 -11 -12 12 14 16 20 25 18 -19 27 -21 24 -23 -24 -25 -26 28 -28 -29 -30 -31
leaf_value=3.0681627380957368e-07 -3.5763555579793051e-05 -1.3576466711029412e-05 -0.0043540616054832176 1.0832733765120395e-06 -0.00046759827290232536 -3.5763555579793051e-05 -9.3499307691757853e-07 -4.9032425231132499e-09 -0.00039188926390969496 -3.5763555579793051e-05 -3.5763555579793051e-05 -0.00025099236088919067 0.0080128474941322022 -0.0070098021487609687 6.1187060439049648e-05 -0.019516649102436112 0.070399405309667526 0.0010139549889113919 0.006771177665714845 0.0016158537705427635 -0.0055981942866525358 0.00027309524193448454 -3.1170358533216816e-05 0.0011538018491304759 -4.8364537654110862e-05 0.0061374987447329948 5.1304300556420662e-05 0.00037336056970933563 -0.0026403551924253591 0.45458355029099418
leaf_weight=244 158 15127 31120 7045 78 15175 3803 486 194 23007 3139 29636 5799 14181 304 18539 12651 13607 28174 13362 3320 20467 290 657 7794 2281 29360 56823 6383 156
leaf_count=244 158 15127 31120 7045 78 15175 3803 486 194 23007 3139 29636 5799 14181 304 18539 12651 13607 28174 13362 3320 20467 290 657 7794 2281 29360 56823 6383 156
internal_value=-0.00489377 -0.0343458 0.00106967 0.046818 0.048905 -0.0453418 -0.0337872 -0.00584416 0.0173516 -0.0466442 -0.0434294 -6.13738e-05 0.000338074 0.000983768 -0.00131391 -0.00386223 0.00174053 -0.00127393 0.00249527 0.00549917 0.0012484 0.00343033 0.0208168 0.0288762 -0.00301422 -0.00536522 -0.00160466 0.00157594 -0.00122345 -0.00341367
internal_weight=363360 61175 302185 7281 7123 46048 4727 924 438 41321 18314 294904 234268 168434 65834 33002 138798 27788 111010 26013 32832 21718 1251 961 11114 27203 60636 84997 8664 31276
internal_count=363360 61175 302185 7281 7123 46048 4727 924 438 41321 18314 294904 234268 168434 65834 33002 138798 27788 111010 26013 32832 21718 1251 961 11114 27203 60636 84997 8664 31276
cat_boundaries=0 3 5 6 9 12 15 18 21 23 25 28 31 33
cat_threshold=167821458 3493855232 2 2147483648 512 16384 134217744 2415919104 2 16777216 134292738 8 344789316 637669528 13 1686634820 84558001 4 1074869316 102367409 4 0 256 554696704 66816 815006980 554522891 5 76022016 3430528 4 344719360 4120
is_linear=0
shrinkage=0.05


Tree=195
num_leaves=31
num_cat=8
split_feature=17 0 17 0 2 17 16 6 5 17 5 0 8 17 5 17 17 5 5 6 6 0 7 5 0 17 6 0 6 14
split_gain=25622.5 9002.74 6235.85 537.158 308.583 264.567 360.544 179.22 145.329 117.697 173.097 66.6364 65.9403 173.484 136.433 111.403 103.277 95.6722 94.4844 116.827 135.315 182.798 96.6735 92.0792 75.973 72.5885 68.1653 65.7327 80.7384 64.9105
threshold=0 7.5000000000000009 1 7.5000000000000009 14.000000000000002 2 39.949808333333344 15.500000000000002 18.750000000000004 3 21.250000000000004 117.50000000000001 24.500000000000004 4 21.250000000000004 5 6 26.250000000000004 21.250000000000004 17.500000000000004 19.500000000000004 14.000000000000002 4.5000000000000009 16.250000000000004 17.500000000000004 7 17.500000000000004 17.500000000000004 19.500000000000004 149.9378916666667
decision_type=9 2 9 2 2 9 2 2 2 9 2 2 2 9 2 9 9 2 2 2 2 2 2 2 2 9 2 2 2 2
left_child=1 5 3 -2 -5 6 7 8 -1 10 -7 -4 16 14 15 27 -3 -15 19 -18 -21 -22 -20 29 -16 -19 -27 28 -14 -17
right_child=2 12 11 4 -6 9 -8 -9 -10 -11 -12 -13 13 17 24 23 18 25 22 20 21 -23 -24 -25 -26 26 -28 -29 -30 -31
leaf_value=2.914754601235359e-07 -3.3975377800787852e-05 7.0612152091253932e-05 -1.0832024956419773e-05 1.0291097076731148e-06 -0.0004442183592572313 -3.3975377800787852e-05 -8.8824342308058141e-07 -4.6580804102802638e-09 -0.00037229480071419022 -3.3975377800787852e-05 -3.3975377800787852e-05 0.26995480369355251 0.0090010751402568086 7.144528881131152e-06 0.0035248957927267455 -4.8330369711813152e-05 -0.00067570420017943895 0.042139739453615377 -0.00013598586568317473 0.0010646468434368118 -0.0025131404965893726 0.0019195849320669646 0.0002392441562567349 -3.7111402317613344e-05 -0.01218865436142842 -0.00070597570980899258 0.0013270709614508825 -0.0014663162102094064 -0.0043756745569508487 0.00013792766610523088
leaf_weight=244 158 4280 293733 7045 78 15175 3803 486 194 23007 3139 1171 359 3059 673 63 632 257 2823 153 358 188 539 411 71 397 130 51 37 646
leaf_count=244 158 4280 293733 7045 78 15175 3803 486 194 23007 3139 1171 359 3059 673 63 632 257 2823 153 358 188 539 411 71 397 130 51 37 646
internal_value=-0.00483598 -0.0343426 0.0011385 0.046818 0.048905 -0.0453418 -0.0337872 -0.00584416 0.0173516 -0.0466442 -0.0434294 9.15521e-06 -0.000882528 0.00310367 0.0138949 0.00558392 -0.0036164 -0.00341292 -0.00872847 -0.0200225 -0.00593705 -0.0175824 -0.00428316 -0.00292035 0.031586 -0.0190051 -0.0293296 0.0263676 0.0338384 0.00796897
internal_weight=363360 61175 302185 7281 7123 46048 4727 924 438 41321 18314 294904 15127 6154 2311 1567 8973 3843 4693 1331 699 546 3362 1120 744 784 527 447 396 709
internal_count=363360 61175 302185 7281 7123 46048 4727 924 438 41321 18314 294904 15127 6154 2311 1567 8973 3843 4693 1331 699 546 3362 1120 744 784 527 447 396 709
cat_boundaries=0 3 5 6 9 11 12 14 15
cat_threshold=167821458 3493855232 2 2147483648 512 16384 134217744 2415919104 2 134217744 2147483648 134217744 33570818 268435456 16384
is_linear=0
shrinkage=0.05


Tree=196
num_leaves=31
num_cat=11
split_feature=17 0 17 0 2 17 16 6 5 17 5 5 17 17 5 5 17 2 5 17 12 5 17 3 17 14 17 8 6 15
split_gain=25503.7 9137.1 6236.03 537.158 308.583 264.567 360.544 179.22 145.329 117.697 173.097 64.8987 87.927 64.9865 63.9124 90.7992 185.8 198.208 136.984 107.402 99.0302 98.2295 165.49 127.275 113.644 97.417 89.5439 70.6778 60.1143 57.0482
threshold=0 7.5000000000000009 1 7.5000000000000009 14.000000000000002 2 39.949808333333344 15.500000000000002 18.750000000000004 3 21.250000000000004 38.750000000000007 4 5 10.750000000000002 21.250000000000004 6 17.500000000000004 18.750000000000004 7 1.5000000000000002 26.250000000000004 8 14.000000000000002 9 190.02888333333337 10 19.500000000000004 10.500000000000002 25.000000000000004
decision_type=9 2 9 2 2 9 2 2 2 9 2 2 9 9 2 2 9 2 2 9 2 2 9 2 9 2 9 2 2 2
left_child=1 5 3 -2 -5 6 7 8 -1 10 -7 13 -13 -4 -3 18 17 20 19 28 -17 22 23 25 27 -18 -20 -23 -16 -22
right_child=2 14 11 4 -6 9 -8 -9 -10 -11 -12 12 -14 -15 15 16 21 -19 26 -21 29 24 -24 -25 -26 -27 -28 -29 -30 -31
leaf_value=2.7690168713512264e-07 -3.2276608910741802e-05 0.0003590289356652399 -0.00020809988911287827 9.7765422228945904e-07 -0.00042200744129434754 -3.2276608910741802e-05 -8.43831251939875e-07 -4.4251764030889264e-09 -0.00035368006067848512 -3.2276608910741802e-05 -3.2276608910741802e-05 0.12581233858758606 -0.0051527580052693981 0.00022082824106028909 -0.0011838826961731109 -6.0983500913103235e-06 -0.00028643421393157457 -0.0040586627543952149 -0.00014670679632091679 -3.3951777902974099e-05 0.0011323185765930611 0.0020113440606241541 -0.0026154332186939301 -0.023419378531357893 -2.3896083774221924e-05 0.0010710595542953172 -0.00070259244065056241 -0.00085267838919804721 0.0058654676215796897 -0.0070180621016617374
leaf_weight=244 158 1057 143824 7045 78 15175 3803 486 194 23007 3139 2420 2497 146163 82 54 229 282 1622 1465 1367 97 1070 315 3182 1157 1129 1222 773 24
leaf_count=244 158 1057 143824 7045 78 15175 3803 486 194 23007 3139 2420 2497 146163 82 54 229 282 1622 1465 1367 97 1070 315 3182 1157 1129 1222 773 24
internal_value=-0.00482277 -0.0342608 0.00113784 0.046818 0.048905 -0.0453418 -0.0337872 -0.00584416 0.0173516 -0.0466442 -0.0434294 8.47705e-06 0.0057047 -8.81074e-05 -0.000551993 -0.00144279 0.0015724 0.0162637 -0.00679353 0.00215517 0.0238408 -0.00193628 0.00546734 0.0151081 -0.00649856 0.0217172 -0.0143402 -0.0187735 0.0161272 0.0264198
internal_weight=363360 61175 302185 7281 7123 46048 4727 924 438 41321 18314 294904 4917 289987 15127 14070 8999 1727 5071 2320 1445 7272 2771 1701 4501 1386 2751 1319 855 1391
internal_count=363360 61175 302185 7281 7123 46048 4727 924 438 41321 18314 294904 4917 289987 15127 14070 8999 1727 5071 2320 1445 7272 2771 1701 4501 1386 2751 1319 855 1391
cat_boundaries=0 3 5 6 9 12 15 17 20 23 26 29
cat_threshold=167821458 3493855232 2 2147483648 512 16384 134217744 2415919104 2 1159204928 202856513 5 361497924 740361235 13 2 2147483648 134250512 268435456 2 32784 268435456 2 32768 0 2 0 2415919104 2
is_linear=0
shrinkage=0.05


Tree=197
num_leaves=31
num_cat=10
split_feature=17 0 17 0 2 17 16 6 5 17 5 8 17 5 17 5 17 5 7 2 14 14 0 6 17 12 0 4 17 17
split_gain=25553.6 9080.55 6235.94 537.158 308.583 264.567 360.544 179.22 145.329 117.697 173.097 89.3242 169.16 159.268 128.896 111.569 106.7 86.4316 94.6246 78.0569 75.1552 74.5752 66.3767 69.0001 64.9151 64.7526 63.3564 61.2574 185.534 89.5301
threshold=0 7.5000000000000009 1 7.5000000000000009 14.000000000000002 2 39.949808333333344 15.500000000000002 18.750000000000004 3 21.250000000000004 24.500000000000004 4 21.250000000000004 5 16.250000000000004 6 21.250000000000004 4.5000000000000009 17.500000000000004 99.756275000000002 160.08540833333336 14.000000000000002 19.500000000000004 7 63.500000000000007 122.50000000000001 1.0000000180025095e-35 8 9
decision_type=9 2 9 2 2 9 2 2 2 9 2 2 9 2 9 2 9 2 2 2 2 2 2 2 9 2 2 2 9 9
left_child=1 5 3 -2 -5 6 7 8 -1 10 -7 16 13 14 22 21 -3 19 -19 24 -15 -16 23 -13 -18 -14 27 -4 -29 -30
right_child=2 11 26 4 -6 9 -8 -9 -10 -11 -12 12 25 20 15 -17 17 18 -20 -21 -22 -23 -24 -25 -26 -27 -28 28 29 -31
leaf_value=2.6305660276726429e-07 -3.0662778465195828e-05 7.441688430267491e-05 -6.5393284300352414e-05 9.2877151116610443e-07 -0.00040090706922963905 -3.0662778465195828e-05 -8.0163968934066083e-07 -4.203917569611804e-09 -0.00033599605764456086 -3.0662778465195828e-05 -3.0662778465195828e-05 0.0085507248016828182 -0.00010603455389546212 -0.0035394846300940588 -0.00064267413263796591 -6.0307231240663842e-05 -0.0010916809618415791 -0.0001177844213962942 0.00017066601961426289 0.0066179184823482728 0.0029980044561383149 0.00013334623687901725 -4.1139297182191115e-05 -0.0057622205212958027 -0.0021875637973581608 0.029747857935214839 0.3960561736680781 0.10015373447366899 -0.042877204235020373 0.0054589394907102575
leaf_weight=244 158 4280 247870 7045 78 15175 3803 486 194 23007 3139 287 3237 86 84 529 292 2823 539 111 1042 674 132 28 928 55 632 8254 6345 31803
leaf_count=244 158 4280 247870 7045 78 15175 3803 486 194 23007 3139 287 3237 86 84 529 292 2823 539 111 1042 674 132 28 928 55 632 8254 6345 31803
internal_value=-0.00482827 -0.0342952 0.00113817 0.046818 0.048905 -0.0453418 -0.0337872 -0.00584416 0.0173516 -0.0466442 -0.0434294 -0.000690818 0.00394865 0.0128134 0.00334487 -0.00474171 -0.00387273 -0.00906868 -0.00481856 -0.0198723 0.0274823 0.00751979 0.0261488 0.0392063 -0.0235246 -0.00378558 8.81613e-06 -2.51468e-05 0.00164217 0.000170344
internal_weight=363360 61175 302185 7281 7123 46048 4727 924 438 41321 18314 15127 6154 2862 1734 1287 8973 4693 3362 1331 1128 758 447 315 1220 3292 294904 294272 46402 38148
internal_count=363360 61175 302185 7281 7123 46048 4727 924 438 41321 18314 15127 6154 2862 1734 1287 8973 4693 3362 1331 1128 758 447 315 1220 3292 294904 294272 46402 38148
cat_boundaries=0 3 5 6 9 12 13 15 18 21 23
cat_threshold=167821458 3493855232 2 2147483648 512 16384 134217744 2415919104 2 134217744 2147483648 2 134217744 33570818 268435456 32768 0 2 65536 1263616 1 4100 18875424
is_linear=0
shrinkage=0.05


Tree=198
num_leaves=31
num_cat=10
split_feature=17 0 17 0 2 17 16 6 5 17 5 7 6 17 17 5 5 14 5 8 5 17 8 17 0 4 4 17 5 17
split_gain=25312.3 9354.14 6236.67 537.158 308.583 264.567 360.544 179.22 145.329 117.697 173.097 74.815 69.8501 119.88 108.121 119.685 200.388 115.137 78.1729 68.0398 64.5826 168.131 93.6711 167.291 63.2196 61.0046 60.8553 175.184 88.8915 110.579
threshold=0 7.5000000000000009 1 7.5000000000000009 14.000000000000002 2 39.949808333333344 15.500000000000002 18.750000000000004 3 21.250000000000004 4.5000000000000009 17.500000000000004 4 5 26.250000000000004 23.750000000000004 169.91132500000001 12.000000000000002 24.500000000000004 21.250000000000004 6 24.500000000000004 7 157.50000000000003 -20.999999999999996 1.0000000180025095e-35 8 28.750000000000004 9
decision_type=9 2 9 2 2 9 2 2 2 9 2 2 2 9 9 2 2 2 2 2 2 9 2 9 2 2 2 9 2 9
left_child=1 5 3 -2 -5 6 7 8 -1 10 -7 12 14 -14 20 16 18 -18 -16 -17 21 -3 -22 -24 25 -4 -27 -28 -29 -30
right_child=2 11 24 4 -6 9 -8 -9 -10 -11 -12 -13 13 -15 15 19 17 -19 -20 -21 22 -23 23 -25 -26 26 27 28 29 -31
leaf_value=2.4990377260891706e-07 -2.9129639541913834e-05 -7.4480351818539964e-05 0.1290343368841797 8.8233293560335824e-07 -0.00038086171576816601 -2.9129639541913834e-05 -7.6155770485364376e-07 -3.9937217088947822e-09 -0.00031919625476231064 -2.9129639541913834e-05 -2.9129639541913834e-05 8.7113504914260187e-05 -0.19534537647140732 0.00071355429250079543 4.3617066695844647e-05 -0.00080415524866834793 -0.0019924380904452477 0.00099894992127356206 -0.00025025724539258222 -0.00066418039243494327 -4.737702920971643e-05 0.0049317813735163529 -0.035314783332943377 0.0031996087922277817 1.0788773320970293 -7.0878743423907769e-05 0.098284063952437967 -0.0036568702053855874 -0.006618605708080239 0.12525420984592586
leaf_weight=244 158 454 2242 7045 78 15175 3803 486 194 23007 3139 3411 514 3234 89 1426 133 718 1011 374 2168 596 473 526 131 245987 8299 31263 3107 3875
leaf_count=244 158 454 2242 7045 78 15175 3803 486 194 23007 3139 3411 514 3234 89 1426 133 718 1011 374 2168 596 473 526 131 245987 8299 31263 3107 3875
internal_value=-0.00480268 -0.0341301 0.00113553 0.046818 0.048905 -0.0453418 -0.0337872 -0.00584416 0.0173516 -0.0466442 -0.0434294 -2.31374e-05 -0.00192045 0.00370864 -0.00456827 -0.0107285 -0.00217837 0.01604 -0.0162727 -0.0200556 0.000934469 -0.00980952 0.00449953 0.0171672 6.10347e-06 -9.32921e-06 -7.23e-05 0.0015856 0.000155535 0.00525637
internal_weight=363360 61175 302185 7281 7123 46048 4727 924 438 41321 18314 15127 11716 3748 7968 3751 1951 851 1100 1800 4217 1050 3167 999 294904 294773 292531 46544 38245 6982
internal_count=363360 61175 302185 7281 7123 46048 4727 924 438 41321 18314 15127 11716 3748 7968 3751 1951 851 1100 1800 4217 1050 3167 999 294904 294773 292531 46544 38245 6982
cat_boundaries=0 3 5 6 9 10 12 14 15 18 21
cat_threshold=167821458 3493855232 2 2147483648 512 16384 134217744 2415919104 2 16384 134234130 2147483648 0 2147483648 16384 65536 1263616 1 546574340 153629985 4
is_linear=0
shrinkage=0.05


Tree=199
num_leaves=31
num_cat=10
split_feature=17 0 17 0 2 17 16 6 5 17 5 5 5 17 2 6 6 17 5 7 17 4 0 5 17 6 17 16 17 16
split_gain=25272.2 9378.72 6240.28 537.158 308.583 264.567 360.544 179.22 145.329 117.697 173.097 63.63 177.391 166.913 139.259 111.746 84.3778 74.0191 71.4214 69.993 69.8293 63.9429 62.6008 59.3608 83.0987 61.4846 271.284 178.172 127.734 86.5332
threshold=0 7.5000000000000009 1 7.5000000000000009 14.000000000000002 2 39.949808333333344 15.500000000000002 18.750000000000004 3 21.250000000000004 18.750000000000004 21.250000000000004 4 17.500000000000004 12.500000000000002 13.500000000000002 5 23.750000000000004 4.5000000000000009 6 -1.0000000180025095e-35 14.000000000000002 38.750000000000007 7 20.500000000000004 8 20.15859166666667 9 20.347333333333339
decision_type=9 2 9 2 2 9 2 2 2 9 2 2 2 9 2 2 2 9 2 2 9 2 2 2 9 2 9 2 9 2
left_child=1 5 3 -2 -5 6 7 8 -1 10 -7 20 17 14 15 -14 -15 19 -17 22 -3 -20 -13 25 -25 -4 27 -27 -28 -30
right_child=2 11 23 4 -6 9 -8 -9 -10 -11 -12 12 13 16 -16 18 -18 -19 21 -21 -22 -23 -24 24 -26 26 28 -29 29 -31
leaf_value=2.374085839917939e-07 -2.7673157564800377e-05 0.0056343553809611539 -0.0001905555974358375 8.3821628882319033e-07 -0.00036181862997972661 -2.7673157564800377e-05 -7.2347981960874108e-07 -3.7940356190091511e-09 -0.00030323644202421288 -2.7673157564800377e-05 -2.7673157564800377e-05 -0.0001852877578836676 -0.00018595043064721929 0.00034775763107273153 -0.0040288034336587236 -0.00011080933963265595 -0.00076394748623496165 -0.00078132085402868876 -0.037586583587603251 -1.3969622971288232e-06 9.43094378129672e-06 0.00064917833904525328 6.3714995671126934e-05 0.11948285566071704 -0.0048883065036196887 -0.0013348080736067748 -0.00017413631685290199 0.0012627105982183197 -0.0015384293383884362 0.00026670630172738187
leaf_weight=244 158 940 260634 7045 78 15175 3803 486 194 23007 3139 1022 708 1863 561 147 3038 1129 67 468 2437 2615 132 2420 2497 1710 5267 5367 6566 10443
leaf_count=244 158 940 260634 7045 78 15175 3803 486 194 23007 3139 1022 708 1863 561 147 3038 1129 67 468 2437 2615 132 2420 2497 1710 5267 5367 6566 10443
internal_value=-0.00481121 -0.0341154 0.00112229 0.046818 0.048905 -0.0453418 -0.0337872 -0.00584416 0.0173516 -0.0466442 -0.0434294 3.63588e-05 -0.00170213 0.00169463 0.00912853 0.0128216 -0.00453065 -0.0128135 0.0172676 -0.0196078 0.00608528 0.0191275 -0.0263432 -7.4598e-06 0.00544031 -9.98321e-05 0.00206964 0.0105898 -0.000641658 0.00146601
internal_weight=363360 61175 302185 7281 7123 46048 4727 924 438 41321 18314 15127 11750 8999 4098 3537 4901 2751 2829 1622 3377 2682 1154 294904 4917 289987 29353 7077 22276 17009
internal_count=363360 61175 302185 7281 7123 46048 4727 924 438 41321 18314 15127 11750 8999 4098 3537 4901 2751 2829 1622 3377 2682 1154 294904 4917 289987 29353 7077 22276 17009
cat_boundaries=0 3 5 6 9 11 14 16 19 21 24
cat_threshold=167821458 3493855232 2 2147483648 512 16384 134217744 2415919104 2 33554434 2415919104 0 2415919104 2 134250512 268435456 1159204928 202856513 5 547094592 17649664 83887360 134217801 1
is_linear=0
shrinkage=0.05


end of trees

feature_importances:
ride_id_cat=2343
wait_minutes=854
park_crowd_median=788
hour_of_day=784
wait_lag_3=391
minutes_at_current_level=254
wait_lag_2=190
week_of_year=125
minutes_since_last_status_change=113
days_until_next_holiday=41
wait_lag_1=40
wait_delta_1=28
day_of_week=26
closure_duration_minutes=17
days_since_last_holiday=5
is_holiday_weekend=1

parameters:
[boosting: gbdt]
[objective: regression_l1]
[metric: l1]
[tree_learner: serial]
[device_type: cpu]
[data_sample_strategy: bagging]
[data: ]
[valid: ]
[num_iterations: 200]
[learning_rate: 0.05]
[num_leaves: 31]
[num_threads: 12]
[seed: 0]
[deterministic: 0]
[force_col_wise: 0]
[force_row_wise: 0]
[histogram_pool_size: -1]
[max_depth: -1]
[min_data_in_leaf: 20]
[min_sum_hessian_in_leaf: 0.001]
[bagging_fraction: 1]
[pos_bagging_fraction: 1]
[neg_bagging_fraction: 1]
[bagging_freq: 0]
[bagging_seed: 3]
[bagging_by_query: 0]
[feature_fraction: 1]
[feature_fraction_bynode: 1]
[feature_fraction_seed: 2]
[extra_trees: 0]
[extra_seed: 6]
[early_stopping_round: 0]
[early_stopping_min_delta: 0]
[first_metric_only: 0]
[max_delta_step: 0]
[lambda_l1: 0]
[lambda_l2: 0]
[linear_lambda: 0]
[min_gain_to_split: 0]
[drop_rate: 0.1]
[max_drop: 50]
[skip_drop: 0.5]
[xgboost_dart_mode: 0]
[uniform_drop: 0]
[drop_seed: 4]
[top_rate: 0.2]
[other_rate: 0.1]
[min_data_per_group: 100]
[max_cat_threshold: 32]
[cat_l2: 10]
[cat_smooth: 10]
[max_cat_to_onehot: 4]
[top_k: 20]
[monotone_constraints: ]
[monotone_constraints_method: basic]
[monotone_penalty: 0]
[feature_contri: ]
[forcedsplits_filename: ]
[refit_decay_rate: 0.9]
[cegb_tradeoff: 1]
[cegb_penalty_split: 0]
[cegb_penalty_feature_lazy: ]
[cegb_penalty_feature_coupled: ]
[path_smooth: 0]
[interaction_constraints: ]
[verbosity: -1]
[saved_feature_importance_type: 0]
[use_quantized_grad: 0]
[num_grad_quant_bins: 4]
[quant_train_renew_leaf: 0]
[stochastic_rounding: 1]
[linear_tree: 0]
[max_bin: 255]
[max_bin_by_feature: ]
[min_data_in_bin: 3]
[bin_construct_sample_cnt: 200000]
[data_random_seed: 1]
[is_enable_sparse: 1]
[enable_bundle: 1]
[use_missing: 1]
[zero_as_missing: 0]
[feature_pre_filter: 1]
[pre_partition: 0]
[two_round: 0]
[header: 0]
[label_column: ]
[weight_column: ]
[group_column: ]
[ignore_column: ]
[categorical_feature: 17,18]
[forcedbins_filename: ]
[precise_float_parser: 0]
[parser_config_file: ]
[objective_seed: 5]
[num_class: 1]
[is_unbalance: 0]
[scale_pos_weight: 1]
[sigmoid: 1]
[boost_from_average: 1]
[reg_sqrt: 0]
[alpha: 0.9]
[fair_c: 1]
[poisson_max_delta_step: 0.7]
[tweedie_variance_power: 1.5]
[lambdarank_truncation_level: 30]
[lambdarank_norm: 1]
[label_gain: ]
[lambdarank_position_bias_regularization: 0]
[eval_at: ]
[multi_error_top_k: 1]
[auc_mu_weights: ]
[num_machines: 1]
[local_listen_port: 12400]
[time_out: 120]
[machine_list_filename: ]
[machines: ]
[gpu_platform_id: -1]
[gpu_device_id: -1]
[gpu_use_dp: 0]
[num_gpu: 1]

end of parameters

pandas_categorical:[["05b17c11-fd4c-4b85-ab45-3e269dc56559", "07952343-3498-404b-8337-734de9a185c1", "0de1413a-73ee-46cf-af2e-c491cc7c7d3b", "106c1e5a-a5e7-42d7-96ab-bc100d8faf71", "10a5fc6f-5ad3-414b-9bdd-e6bae097b6ad", "1b23667a-d8fb-436d-8952-c3e3f2e56d13", "1b83fda8-d60e-48e4-9a3d-90ddcbcd1001", "1d24dd7a-372b-4195-8ad0-ba9679d72b08", "1da85181-bf0f-4ccc-b98e-243142f7347b", "2108cc58-80df-4fff-9b91-735e89873ffd", "2295351d-ce6b-4c04-92d5-5b416372c5b5", "24066306-d364-4048-b4c9-a0e81980c5b4", "2aedc657-1ee2-4545-a1ce-14753f28cc66", "34b1d70f-11c4-42df-935e-d5582c9f1a8e", "3638ac09-9fce-4a43-8c79-8ebbe17afce2", "388ad3f1-5cf5-4a9d-8d0e-6dfb817d7822", "40524fba-5d84-49e7-9204-f493dbe2d5a4", "44c1f655-25d3-440c-b1a8-db736a12b105", "46097afe-a1ea-4807-93d3-14d14f36e55f", "4ca6cdbf-4c5f-45bf-b0dc-db83393ec208", "4f0053e7-b8db-4833-b02f-35e1c91b4523", "4f5b28d0-b78e-482b-8e2e-1f90756d6220", "526ada11-4688-442b-96d4-4077eac4f988", "528016ef-db24-47fa-a0f2-b6d26d61e29f", "52a8ef64-d54c-4974-883f-027c3026e3f1", "56d0bd6d-5106-4420-8f60-0005475c04c3", "59647168-d239-4161-8b24-92eb128e96fb", "5bd95ae8-181d-449c-8f04-a621e2448961", "5d07a2b1-49ca-4de7-9d32-6d08edf69b08", "64d44aaa-6857-4693-b24b-bcff6c6dcfa1", "6c225598-91c9-44a3-95e2-7c423475db61", "6c30d5b0-8c0a-406f-9258-0b6c55d4a5e4", "6ce9cdd1-0a43-459e-83cd-f4cace9cfa7b", "6d876f4c-c3ff-4ae3-a2d8-d4b831e1039b", "6e2af074-3a67-4f38-9bcf-2f5a572c87df", "77f205a4-d482-4d91-a5ff-71e54a086ad2", "7a09a2f0-e226-4f3e-86f8-2598ab67ec44", "82aeb29b-504a-416f-b13f-f41fa5b766aa", "86ab3069-110d-49c5-a7e7-29ddf28695a6", "88197808-3c56-4198-a5a4-6066541251cf", "8e686e4c-f3db-4d9c-a185-2d54b1fa8899", "8f586a2f-cef5-46d3-b822-fd622c4e9e33", "90ee50d4-7cc9-4824-b29d-2aac801acc29", "9167db1d-e5e7-46da-a07f-ae30a87bc4c4", "9d401ad3-49b2-469f-ac73-93eb429428fb", "a07f3110-013e-43bb-a182-e66bb8b5e28d", "a9076acd-7630-4bad-a8da-e6bd689ddcac", "b0eca3d3-a519-47f9-a5a7-9911126da2df", "b1d285a7-2444-4a7c-b7bb-d2d4d6428a85", "b2c2549c-e9da-4fdd-98ea-1dcff596fed7", "b7678dab-5544-48d5-8fdc-c1a0127cfbcd", "c23af6ba-8515-406a-8a48-d0818ba0bfc9", "c60c768b-3461-465c-8f4f-b44b087506fc", "c8a4b7b1-c1b2-4dfe-b73c-4e834b4a73db", "c9803366-6f37-4406-82af-7692357e3ca9", "c9e39189-7e99-4e0a-97e0-4a0d5654d257", "cb929138-d77a-4dd2-983c-f651bbd1bd92", "cc718d11-fa15-44ee-87d0-ded989ad61bc", "cc980e8e-192f-48b6-848c-27784084e54b", "cd670bff-81d1-4f34-8676-7bafdf49220a", "e0cfed11-96d7-40f3-907f-5cfed172592a", "e1fbc7a1-2cd1-4282-b373-ac11d9d9d38a", "e27b1db8-9ec9-4f8b-9ca6-fd6377de66ee", "e2d460e9-2bef-4613-b126-092ab7cb37e5", "f44a5072-3cda-4c7c-8574-33ad09d16cca", "f7904912-3f08-4563-b99e-fd59f43cc9f2", "faaa8be9-cc1e-4535-ac20-04a535654bd0", "ff52cb64-c1d5-4feb-9d43-5dbd429bac81"], ["CLOSED", "DOWN", "OPERATING", "REFURBISHMENT"]]
