tree
version=v4
num_class=1
num_tree_per_iteration=1
label_index=0
max_feature_idx=18
objective=regression_l1
feature_names=wait_minutes wait_lag_1 wait_lag_2 wait_lag_3 wait_delta_1 park_crowd_median hour_of_day day_of_week week_of_year month is_holiday is_holiday_weekend days_until_next_holiday days_since_last_holiday minutes_since_last_status_change closure_duration_minutes minutes_at_current_level ride_id_cat status_cat
feature_infos=[0:300] [0:240] [0:225] [0:300] [-105:245] [5:45] [8:23] [0:6] [18:33] [5:8] [0:1] [0:1] [0:64] [0:38] [0:5120.0614499999992] [0:700] [0:300] -1:8:60:30:49:57:29:40:56:58:63:2:14:18:6:35:43:50:67:24:61:66:53:20:16:46:44:26:38:12:42:52:15:48:64:13:65:51:28:45:19:10:23:36:59:25:32:54:39:31:37:1:7:33:41:4:27:62 -1:2:1
tree_sizes=2515 2941 2976 2977 2965 2989 2984 2993 2997 3036 3046 3035 3018 3050 3045 3049 3061 3057 3069 3066 3068 3072 2976 3041 3057 2988 3074 3061 3055 3045 3076 3109 3113 3088 3106 3091 3126 3124 3150 3124 3134 3147 3164 3117 3125 3136 3132 3132 3185 3128 3149 3145 3140 3165 3130 3133 3096 3114 3124 3122 3113 3105 3116 3143 3133 3132 3139 3120 3100 3117 3114 3125 3122 3112 3104 3125 3122 3117 3117 3134 3128 3115 3122 3121 3107 3106 3129 3118 3134 3157 3155 3092 3141 3119 3124 3098 3140 3089 3102 3152 3126 3084 3092 3119 3102 3093 3135 3121 3141 3060 3087 3084 3063 3055 3064 3106 3084 3060 3137 3103 3063 3083 3117 3073 3077 3066 3076 3098 3082 3080 3112 3129 3129 3092 3118 3102 3078 3088 3098 3058 3078 3132 3107 3093 3071 3112 3115 3077 3097 3096 3105 3074 3065 3080 3073 3072 3058 3062 3076 3080 3061 3074 3074 3088 3065 3070 3109 3083 3055 3091 3073 3042 3055 3057 3053 3078 3080 3091 3048 3062 3078 3082 3103 3064 3073 3069 3075 3079 3080 3081 3136 3158 3102 3057 3043 3077 3092 3115 3119 3023

Tree=0
num_leaves=31
num_cat=11
split_feature=0 0 0 17 17 17 17 17 5 0 3 3 3 6 6 17 17 3 3 17 0 6 6 6 6 17 17 6 5 17
split_gain=228560 18138 3465.21 2749.53 1477.83 975.466 690.224 674.029 627.956 583.969 424.35 418.983 363.976 286.703 263.704 249.167 194.115 189.51 175.741 171.821 157.229 157.143 152.45 152.055 138.588 128.726 118.397 118.181 116.553 113.702
threshold=17.500000000000004 22.500000000000004 11.500000000000002 0 1 2 3 4 23.750000000000004 32.500000000000007 22.500000000000004 27.500000000000004 22.500000000000004 19.500000000000004 11.500000000000002 5 6 17.500000000000004 32.500000000000007 7 7.5000000000000009 12.500000000000002 19.500000000000004 19.500000000000004 11.500000000000002 8 9 19.500000000000004 33.750000000000007 10
decision_type=2 2 2 9 9 9 9 9 2 2 2 2 2 2 2 9 9 2 2 9 2 2 2 2 2 9 9 2 2 9
left_child=2 5 6 9 10 18 20 26 23 13 29 14 15 -3 16 -7 -6 -8 22 -15 -1 -22 -2 -9 -17 -13 28 -16 -5 -4
right_child=1 3 4 7 11 12 17 8 -10 -11 -12 25 -14 19 27 24 -18 -19 -20 -21 21 -23 -24 -25 -26 -27 -28 -29 -30 -31
leaf_value=19.25 20 20.5 19.75 20.25 19.75 20 19.25 20.25 20.5 21.25 19.75 19.75 20 20.25 19.75 20 20 19.5 20.5 20.25 19.75 19.5 20 20.25 20 20.25 20 19.75 20.5 19.75
leaf_weight=8130 6452 26167 14516 4437 2598 5149 119930 11391 19045 86042 2513 1439 5046 2001 5569 3039 1284 4465 1777 2748 3072 6350 1398 1499 10354 815 1229 2135 1226 9442
leaf_count=8130 6452 26167 14516 4437 2598 5149 119930 11391 19045 86042 2513 1439 5046 2001 5569 3039 1284 4465 1777 2748 3072 6350 1398 1499 10354 815 1229 2135 1226 9442
internal_value=19.9966 20.0352 19.9567 20.0423 19.9696 20.0016 19.953 20.0308 20.0338 20.0461 19.9627 19.9829 19.9961 20.0403 19.9791 19.9929 19.9897 19.9517 20.015 20.029 19.9624 19.9668 20.0118 20.0253 19.9965 20.0026 20.0165 19.9737 20.0196 19.9606
internal_weight=371258 189000 182258 155785 40311 33215 141947 38827 31935 116958 26471 13840 23588 30916 11586 18542 3882 124395 9627 4749 17552 9422 7850 12890 13393 2254 6892 7704 5663 23958
internal_count=371258 189000 182258 155785 40311 33215 141947 38827 31935 116958 26471 13840 23588 30916 11586 18542 3882 124395 9627 4749 17552 9422 7850 12890 13393 2254 6892 7704 5663 23958
cat_boundaries=0 3 6 9 12 14 17 19 22 24 26 29
cat_threshold=310457364 203245641 13 3943989328 2535462178 10 344536068 135006281 13 1418269956 135145561 13 17842432 287315202 17825792 287315200 2 344457472 537010320 66560 67190849 12 76103936 537084048 17842432 4352 1628700736 117440544 8
is_linear=0
shrinkage=1


Tree=1
num_leaves=31
num_cat=11
split_feature=0 0 0 17 17 0 17 3 17 3 5 6 6 3 17 3 3 3 6 17 17 17 17 3 17 6 0 6 6 17
split_gain=203966 16565.1 5376.96 4222.6 1485.43 1119.46 1118.51 750.068 739.916 672.56 465.551 397.179 388.964 335.875 318.47 317.911 295.281 254.921 236.262 226.114 220.4 213.376 209.382 205.183 200.294 198.687 213.622 185.743 185.325 177.946
threshold=17.500000000000004 22.500000000000004 11.500000000000002 0 1 32.500000000000007 2 22.500000000000004 3 17.500000000000004 23.750000000000004 19.500000000000004 19.500000000000004 22.500000000000004 4 17.500000000000004 22.500000000000004 17.500000000000004 19.500000000000004 5 6 7 8 27.500000000000004 9 14.500000000000002 7.5000000000000009 11.500000000000002 19.500000000000004 10
decision_type=2 2 2 9 9 2 9 2 9 2 2 2 2 2 9 2 2 2 2 9 9 9 9 2 9 2 2 2 2 9
left_child=2 8 6 7 9 12 17 20 18 27 -9 13 23 24 -12 -8 22 25 19 -2 -3 -14 -10 -5 -6 26 -1 29 -19 -4
right_child=1 3 4 5 11 -7 15 10 16 -11 14 -13 21 -15 -16 -17 -18 28 -20 -21 -22 -23 -24 -25 -26 -27 -28 -29 -30 -31
leaf_value=-0.71250000000000002 0 0 -0.23750000000000002 0.22500000000000001 -0.23750000000000002 1.1875 -0.71250000000000002 0.23750000000000002 0 -0.23750000000000002 0.47500000000000003 -0.23750000000000002 0.23750000000000002 0.012500000000000001 0.23750000000000002 -0.47500000000000003 0 -0.22500000000000001 0 0.25 0.23750000000000002 0.23750000000000002 0 0.47500000000000003 0 -0.47500000000000003 -0.46250000000000002 -0.23750000000000002 -0.47500000000000003 -0.23750000000000002
leaf_weight=5011 6274 2111 1900 10681 5393 86042 117594 8046 5149 5564 15493 2676 2001 2877 2611 4070 4043 1945 2342 4311 10524 2748 11096 15528 2894 8370 3549 16020 1408 2987
leaf_count=5011 6274 2111 1900 10681 5393 86042 117594 8046 5149 5564 15493 2676 2001 2877 2611 4070 4043 1945 2342 4311 10524 2748 11096 15528 2894 8370 3549 16020 1408 2987
internal_value=-0.00348073 0.0329127 -0.0412204 0.0397477 -0.0251048 0.0444894 -0.045797 0.025426 0.000855035 -0.0320437 0.0302658 -0.0118014 0.0363396 -0.00766302 0.0347133 -0.0476166 -0.00510149 -0.0348421 0.0101994 0.0133869 0.0154294 0.0231733 -0.00811327 0.0387252 -0.012773 -0.0373538 -0.0319977 -0.0361673 -0.0222636 -0.0276345
internal_weight=371258 189000 182258 155785 40311 117000 141947 38785 33215 26471 26150 13840 30958 11164 18104 121664 20288 20283 12927 10585 12635 4749 16245 26209 8287 16930 8560 20907 3353 4887
internal_count=371258 189000 182258 155785 40311 117000 141947 38785 33215 26471 26150 13840 30958 11164 18104 121664 20288 20283 12927 10585 12635 4749 16245 26209 8287 16930 8560 20907 3353 4887
cat_boundaries=0 2 5 8 11 13 15 17 20 23 25 28
cat_threshold=1696350528 3005363634 3943989328 2535462178 10 1418270020 135145561 13 378090500 135161929 13 1678508096 570564784 378011648 139264 17842176 287315200 66560 67190849 12 17825792 287315200 2 268976384 537002136 1627390016 100663328 8
is_linear=0
shrinkage=0.05


Tree=2
num_leaves=31
num_cat=10
split_feature=0 0 17 0 17 0 17 17 5 3 3 6 6 17 3 3 3 17 3 6 0 17 6 6 17 5 17 6 3 17
split_gain=202032 19298.5 4284.12 4202.7 1492.89 1119.46 1118.51 761.633 916.615 672.56 592.251 399.505 388.964 353.129 321.278 317.911 254.921 213.376 205.183 198.687 213.622 193.76 185.743 185.325 177.946 159.61 155.283 151.553 142.816 142.06
threshold=22.500000000000004 11.500000000000002 0 17.500000000000004 1 32.500000000000007 2 3 23.750000000000004 17.500000000000004 22.500000000000004 19.500000000000004 19.500000000000004 4 22.500000000000004 17.500000000000004 17.500000000000004 5 27.500000000000004 14.500000000000002 7.5000000000000009 6 11.500000000000002 19.500000000000004 7 28.750000000000004 8 19.500000000000004 27.500000000000004 9
decision_type=2 2 9 2 9 2 9 9 2 2 2 2 2 9 2 2 2 9 2 2 2 9 2 2 9 2 9 2 2 9
left_child=1 6 7 4 9 12 16 -2 -9 22 13 14 18 -5 21 -8 19 -14 -4 20 -1 -6 24 26 -3 -10 -18 -12 -11 -22
right_child=2 3 5 10 11 -7 15 8 25 28 27 -13 17 -15 -16 -17 23 -19 -20 -21 29 -23 -24 -25 -26 -27 -28 -29 -30 -31
leaf_value=-0.67687500000000012 0.22562499999999996 -0.22562499999999996 0.21374999999999994 0 -0.22562499999999996 1.128125 -0.67687500000000012 0.22562499999999996 0.45124999999999993 -0.22562499999999996 0 -0.22562499999999996 0.22562499999999996 0 0.011875000000000037 -0.45124999999999993 -0.45124999999999993 0.22562499999999996 0.45124999999999993 -0.45124999999999993 -0.45187500000000008 0 -0.22562499999999996 -0.45124999999999993 -0.22562499999999996 0.46312500000000001 0.036250000000000074 0 -0.22562499999999996 -0.21437500000000009
leaf_weight=5011 6892 1900 10681 8965 5393 86042 117594 12867 8200 4504 7864 2676 2001 14714 2877 4070 1509 2748 15528 8370 2244 2894 16020 1408 2987 10826 436 1672 1060 1305
leaf_count=5011 6892 1900 10681 8965 5393 86042 117594 12867 8200 4504 7864 2676 2001 14714 2877 4070 1509 2748 15528 8370 2244 2894 16020 1408 2987 10826 436 1672 1060 1305
internal_value=-0.00366524 -0.0350276 0.0397134 -0.0142365 -0.0250874 0.0444894 -0.045797 0.0252881 0.0285506 -0.0320437 -0.00106729 -0.0117509 0.0363396 -0.00530428 -0.00760032 -0.0476166 -0.0348421 0.0231733 0.0387252 -0.0373538 -0.0319977 -0.012598 -0.0361673 -0.0222636 -0.0276345 0.0355303 -0.0122622 0.00945365 -0.0166068 -0.022612
internal_weight=371258 215473 155785 73526 40311 117000 141947 38785 31893 26471 33215 13840 30958 23679 11164 121664 20283 4749 26209 16930 8560 8287 20907 3353 4887 19026 1945 9536 5564 3549
internal_count=371258 215473 155785 73526 40311 117000 141947 38785 31893 26471 33215 13840 30958 23679 11164 121664 20283 4749 26209 16930 8560 8287 20907 3353 4887 19026 1945 9536 5564 3549
cat_boundaries=0 2 5 8 10 13 16 18 21 23 25
cat_threshold=1696350528 3005363634 3943989328 2535462178 10 1418270020 135145561 13 17842432 287315202 18104320 321410306 14 66560 67190849 12 268976384 537002136 1627390016 100663328 8 1149763904 131088 1342701888 131088
is_linear=0
shrinkage=0.05


Tree=3
num_leaves=31
num_cat=10
split_feature=0 0 17 0 17 0 17 17 5 3 3 6 17 3 3 6 3 17 3 6 0 6 6 17 17 5 17 6 17 3
split_gain=201701 19373.4 4357.13 4163.73 1541.29 1119.46 1118.51 839.746 916.615 672.56 592.251 388.964 353.129 351.383 317.911 272.336 254.921 213.376 205.183 198.687 213.622 185.743 185.325 177.946 167.186 159.61 155.283 151.553 151.366 142.816
threshold=22.500000000000004 11.500000000000002 0 17.500000000000004 1 32.500000000000007 2 3 23.750000000000004 17.500000000000004 22.500000000000004 19.500000000000004 4 22.500000000000004 17.500000000000004 13.500000000000002 17.500000000000004 5 27.500000000000004 14.500000000000002 7.5000000000000009 11.500000000000002 19.500000000000004 6 7 28.750000000000004 8 19.500000000000004 9 27.500000000000004
decision_type=2 2 9 2 9 2 9 9 2 2 2 2 9 2 2 2 2 9 2 2 2 2 2 9 9 2 9 2 9 2
left_child=1 6 7 4 9 11 16 24 -9 21 12 18 -5 15 -8 28 19 -13 -4 20 -1 23 26 -3 -2 -10 -18 -12 -6 -11
right_child=2 3 5 10 13 -7 14 8 25 29 27 17 -14 -15 -16 -17 22 -19 -20 -21 -22 -23 -24 -25 -26 -27 -28 -29 -30 -31
leaf_value=-0.64303125000000017 0.21434374999999994 -0.21434374999999994 0.2030624999999999 0 -0.21434374999999994 1.0717187500000001 -0.64303125000000017 0.21434374999999994 0.42868749999999989 -0.21434374999999994 0 0.21434374999999994 0 0.011281250000000043 -0.42868749999999989 -0.21434374999999994 -0.42868749999999989 0.21434374999999994 0.42868749999999989 -0.42868749999999989 -0.41678125000000005 -0.21434374999999994 -0.42868749999999989 -0.21434374999999994 0.20184374999999993 0.43996874999999991 0.034437500000000121 0 0 -0.21434374999999994
leaf_weight=5011 3913 1900 10681 8965 1989 86042 117594 12867 8200 4504 7864 2001 14714 3747 4070 5289 1509 2748 15528 8370 3549 16020 1408 2987 2979 10826 436 1672 2815 1060
leaf_count=5011 3913 1900 10681 8965 1989 86042 117594 12867 8200 4504 7864 2001 14714 3747 4070 5289 1509 2748 15528 8370 3549 16020 1408 2987 2979 10826 436 1672 2815 1060
internal_value=-0.00367009 -0.0350067 0.0396729 -0.0141753 -0.0249758 0.0444894 -0.045797 0.0251257 0.0285506 -0.0320437 -0.00106729 0.0363396 -0.00530428 -0.011426 -0.0476166 -0.0162885 -0.0348421 0.0231733 0.0387252 -0.0373538 -0.0319977 -0.0361673 -0.0222636 -0.0276345 0.00925819 0.0355303 -0.0122622 0.00945365 -0.00767069 -0.0166068
internal_weight=371258 215473 155785 73526 40311 117000 141947 38785 31893 26471 33215 30958 23679 13840 121664 10093 20283 4749 26209 16930 8560 20907 3353 4887 6892 19026 1945 9536 4804 5564
internal_count=371258 215473 155785 73526 40311 117000 141947 38785 31893 26471 33215 30958 23679 13840 121664 10093 20283 4749 26209 16930 8560 20907 3353 4887 6892 19026 1945 9536 4804 5564
cat_boundaries=0 2 5 8 10 13 16 19 21 23 25
cat_threshold=1696350528 3005363634 3943989328 2535462178 10 1418270020 135145561 13 17842432 287315202 18104320 321410306 14 66560 67190849 12 1627390016 100663328 8 16640 256 1149763904 131088 268960000 131088
is_linear=0
shrinkage=0.05


Tree=4
num_leaves=31
num_cat=10
split_feature=0 0 17 0 17 0 17 17 5 3 3 6 17 3 3 6 3 17 3 6 0 6 6 17 17 5 17 6 17 3
split_gain=201701 19373.4 4357.13 4163.73 1541.29 1119.46 1118.51 839.746 916.615 672.56 592.251 388.964 353.129 351.383 317.911 272.336 254.921 213.376 205.183 198.687 213.622 185.743 185.325 177.946 167.186 159.61 155.283 151.553 151.366 142.816
threshold=22.500000000000004 11.500000000000002 0 17.500000000000004 1 32.500000000000007 2 3 23.750000000000004 17.500000000000004 22.500000000000004 19.500000000000004 4 22.500000000000004 17.500000000000004 13.500000000000002 17.500000000000004 5 27.500000000000004 14.500000000000002 7.5000000000000009 11.500000000000002 19.500000000000004 6 7 28.750000000000004 8 19.500000000000004 9 27.500000000000004
decision_type=2 2 9 2 9 2 9 9 2 2 2 2 9 2 2 2 2 9 2 2 2 2 2 9 9 2 9 2 9 2
left_child=1 6 7 4 9 11 16 24 -9 21 12 18 -5 15 -8 28 19 -13 -4 20 -1 23 26 -3 -2 -10 -18 -12 -6 -11
right_child=2 3 5 10 13 -7 14 8 25 29 27 17 -14 -15 -16 -17 22 -19 -20 -21 -22 -23 -24 -25 -26 -27 -28 -29 -30 -31
leaf_value=-0.61087968750000021 0.20362656249999989 -0.20362656249999989 0.19290937499999983 0 -0.20362656249999989 1.0181328125 -0.61087968750000021 0.20362656249999989 0.40725312499999994 -0.20362656249999989 0 0.20362656249999989 0 0.010717187500000058 -0.40725312499999994 -0.20362656249999989 -0.40725312499999994 0.20362656249999989 0.40725312499999994 -0.40725312499999994 -0.39594218750000004 -0.20362656249999989 -0.40725312499999994 -0.20362656249999989 0.19175156250000003 0.4179703125 0.032715625000000158 0 0 -0.20362656249999989
leaf_weight=5011 3913 1900 10681 8965 1989 86042 117594 12867 8200 4504 7864 2001 14714 3747 4070 5289 1509 2748 15528 8370 3549 16020 1408 2987 2979 10826 436 1672 2815 1060
leaf_count=5011 3913 1900 10681 8965 1989 86042 117594 12867 8200 4504 7864 2001 14714 3747 4070 5289 1509 2748 15528 8370 3549 16020 1408 2987 2979 10826 436 1672 2815 1060
internal_value=-0.00367009 -0.0350067 0.0396729 -0.0141753 -0.0249758 0.0444894 -0.045797 0.0251257 0.0285506 -0.0320437 -0.00106729 0.0363396 -0.00530428 -0.011426 -0.0476166 -0.0162885 -0.0348421 0.0231733 0.0387252 -0.0373538 -0.0319977 -0.0361673 -0.0222636 -0.0276345 0.00925819 0.0355303 -0.0122622 0.00945365 -0.00767069 -0.0166068
internal_weight=371258 215473 155785 73526 40311 117000 141947 38785 31893 26471 33215 30958 23679 13840 121664 10093 20283 4749 26209 16930 8560 20907 3353 4887 6892 19026 1945 9536 4804 5564
internal_count=371258 215473 155785 73526 40311 117000 141947 38785 31893 26471 33215 30958 23679 13840 121664 10093 20283 4749 26209 16930 8560 20907 3353 4887 6892 19026 1945 9536 4804 5564
cat_boundaries=0 2 5 8 10 13 16 19 21 23 25
cat_threshold=1696350528 3005363634 3943989328 2535462178 10 1418270020 135145561 13 17842432 287315202 18104320 321410306 14 66560 67190849 12 1627390016 100663328 8 16640 256 1149763904 131088 268960000 131088
is_linear=0
shrinkage=0.05


Tree=5
num_leaves=31
num_cat=10
split_feature=0 0 0 3 17 17 0 17 3 3 6 17 17 3 17 5 3 17 6 3 6 0 6 6 17 6 17 6 17 3
split_gain=192690 16433.7 5444.21 3841.66 1541.29 1118.51 888.044 824.167 672.56 592.251 527.956 514.414 353.129 351.383 336.751 326.994 317.911 305.252 272.336 254.921 198.687 213.622 185.743 185.325 177.946 167.55 155.283 151.553 151.366 147.947
threshold=17.500000000000004 22.500000000000004 11.500000000000002 27.500000000000004 0 1 42.500000000000007 2 17.500000000000004 22.500000000000004 19.500000000000004 3 4 22.500000000000004 5 21.250000000000004 17.500000000000004 6 13.500000000000002 17.500000000000004 14.500000000000002 7.5000000000000009 11.500000000000002 19.500000000000004 7 18.500000000000004 8 19.500000000000004 9 17.500000000000004
decision_type=2 2 2 2 9 9 2 9 2 2 2 9 9 2 9 2 2 9 2 2 2 2 2 2 9 2 9 2 9 2
left_child=2 9 5 7 8 19 10 -3 22 12 14 15 -2 18 -5 29 -7 -12 28 20 21 -1 24 26 -4 -13 -21 -11 -6 -9
right_child=1 3 4 6 13 16 -8 11 -10 27 17 25 -14 -15 -16 -17 -18 -19 -20 23 -22 -23 -24 -25 -26 -27 -28 -29 -30 -31
leaf_value=-0.58033570312500016 0 0.18216398437500009 -0.19344523437499994 0.63689046874999988 -0.19344523437499994 -0.58033570312500016 1.2172261718750002 0.19344523437499994 -0.19344523437499994 0 0.4672261718750001 0.43326390624999989 0 0.0101813281250001 0.38689046874999988 0.19344523437499994 -0.38689046874999988 0.19344523437499994 -0.19344523437499994 -0.38689046874999988 -0.38689046874999988 -0.37614507812499998 -0.19344523437499994 -0.38689046874999988 -0.19344523437499994 0.19344523437499994 0.031079843750000082 0 0 0.19344523437499994
leaf_weight=5011 8965 3317 1900 31029 1989 117594 55477 5129 5564 7864 3929 11827 14714 3747 20403 9331 4070 2881 5289 1509 8370 3549 16020 1408 2987 2484 436 1672 2815 9978
leaf_count=5011 8965 3317 1900 31029 1989 117594 55477 5129 5564 7864 3929 11827 14714 3747 20403 9331 4070 2881 5289 1509 8370 3549 16020 1408 2987 2484 436 1672 2815 9978
internal_value=-0.00451021 0.030863 -0.0411919 0.0376708 -0.0249758 -0.045797 0.0424463 0.0247611 -0.0320437 -0.00106729 0.038134 0.0268054 -0.00530428 -0.011426 0.0398662 0.0223658 -0.0476166 0.0250514 -0.0162885 -0.0348421 -0.0373538 -0.0319977 -0.0361673 -0.0222636 -0.0276345 0.0343656 -0.0122622 0.00945365 -0.00767069 0.0178295
internal_weight=371258 189000 182258 155785 40311 141947 113719 42066 26471 33215 58242 38749 23679 13840 51432 24438 121664 6810 10093 20283 16930 8560 20907 3353 4887 14311 1945 9536 4804 15107
internal_count=371258 189000 182258 155785 40311 141947 113719 42066 26471 33215 58242 38749 23679 13840 51432 24438 121664 6810 10093 20283 16930 8560 20907 3353 4887 14311 1945 9536 4804 15107
cat_boundaries=0 3 6 8 11 14 17 20 23 25 27
cat_threshold=3943989328 2535462178 10 1418270020 135145561 13 17842176 287315202 2081161540 570826928 12 18104320 321410306 14 276902916 1853513 5 302526484 136054792 4 1627390016 100663328 8 1149763904 131088 268960000 131088
is_linear=0
shrinkage=0.05


Tree=6
num_leaves=31
num_cat=10
split_feature=0 0 0 3 17 17 0 17 3 3 6 17 17 3 17 5 3 17 6 3 6 0 6 6 17 6 17 6 17 3
split_gain=192690 16433.7 5444.21 3841.66 1541.29 1118.51 888.044 824.167 672.56 592.251 527.956 514.414 353.129 351.383 336.751 326.994 317.911 305.252 272.336 254.921 198.687 213.622 185.743 185.325 177.946 167.55 155.283 151.553 151.366 147.947
threshold=17.500000000000004 22.500000000000004 11.500000000000002 27.500000000000004 0 1 42.500000000000007 2 17.500000000000004 22.500000000000004 19.500000000000004 3 4 22.500000000000004 5 21.250000000000004 17.500000000000004 6 13.500000000000002 17.500000000000004 14.500000000000002 7.5000000000000009 11.500000000000002 19.500000000000004 7 18.500000000000004 8 19.500000000000004 9 17.500000000000004
decision_type=2 2 2 2 9 9 2 9 2 2 2 9 9 2 9 2 2 9 2 2 2 2 2 2 9 2 9 2 9 2
left_child=2 9 5 7 8 19 10 -3 22 12 14 15 -2 18 -5 29 -7 -12 28 20 21 -1 24 26 -4 -13 -21 -11 -6 -9
right_child=1 3 4 6 13 16 -8 11 -10 27 17 25 -14 -15 -16 -17 -18 -19 -20 23 -22 -23 -24 -25 -26 -27 -28 -29 -30 -31
leaf_value=-0.5513189179687501 0 0.17305578515625017 -0.18377297265625003 0.60504594531249989 -0.18377297265625003 -0.5513189179687501 1.15636486328125 0.18377297265625003 -0.18377297265625003 0 0.44386486328125002 0.41160071093749978 0 0.0096722617187500869 0.3675459453124999 0.18377297265625003 -0.3675459453124999 0.18377297265625003 -0.18377297265625003 -0.3675459453124999 -0.3675459453124999 -0.35733782421875004 -0.18377297265625003 -0.3675459453124999 -0.18377297265625003 0.18377297265625003 0.029525851562500094 0 0 0.18377297265625003
leaf_weight=5011 8965 3317 1900 31029 1989 117594 55477 5129 5564 7864 3929 11827 14714 3747 20403 9331 4070 2881 5289 1509 8370 3549 16020 1408 2987 2484 436 1672 2815 9978
leaf_count=5011 8965 3317 1900 31029 1989 117594 55477 5129 5564 7864 3929 11827 14714 3747 20403 9331 4070 2881 5289 1509 8370 3549 16020 1408 2987 2484 436 1672 2815 9978
internal_value=-0.00451021 0.030863 -0.0411919 0.0376708 -0.0249758 -0.045797 0.0424463 0.0247611 -0.0320437 -0.00106729 0.038134 0.0268054 -0.00530428 -0.011426 0.0398662 0.0223658 -0.0476166 0.0250514 -0.0162885 -0.0348421 -0.0373538 -0.0319977 -0.0361673 -0.0222636 -0.0276345 0.0343656 -0.0122622 0.00945365 -0.00767069 0.0178295
internal_weight=371258 189000 182258 155785 40311 141947 113719 42066 26471 33215 58242 38749 23679 13840 51432 24438 121664 6810 10093 20283 16930 8560 20907 3353 4887 14311 1945 9536 4804 15107
internal_count=371258 189000 182258 155785 40311 141947 113719 42066 26471 33215 58242 38749 23679 13840 51432 24438 121664 6810 10093 20283 16930 8560 20907 3353 4887 14311 1945 9536 4804 15107
cat_boundaries=0 3 6 8 11 14 17 20 23 25 27
cat_threshold=3943989328 2535462178 10 1418270020 135145561 13 17842176 287315202 2081161540 570826928 12 18104320 321410306 14 276902916 1853513 5 302526484 136054792 4 1627390016 100663328 8 1149763904 131088 268960000 131088
is_linear=0
shrinkage=0.05


Tree=7
num_leaves=31
num_cat=10
split_feature=0 0 0 3 17 17 0 17 3 3 6 17 17 3 17 5 3 17 6 3 6 0 6 6 17 6 17 6 17 3
split_gain=192690 16433.7 5444.21 3841.66 1541.29 1118.51 888.044 824.167 672.56 592.251 527.956 514.414 353.129 351.383 336.751 326.994 317.911 305.252 272.336 254.921 198.687 213.622 185.743 185.325 177.946 167.55 155.283 151.553 151.366 147.947
threshold=17.500000000000004 22.500000000000004 11.500000000000002 27.500000000000004 0 1 42.500000000000007 2 17.500000000000004 22.500000000000004 19.500000000000004 3 4 22.500000000000004 5 21.250000000000004 17.500000000000004 6 13.500000000000002 17.500000000000004 14.500000000000002 7.5000000000000009 11.500000000000002 19.500000000000004 7 18.500000000000004 8 19.500000000000004 9 17.500000000000004
decision_type=2 2 2 2 9 9 2 9 2 2 2 9 9 2 9 2 2 9 2 2 2 2 2 2 9 2 9 2 9 2
left_child=2 9 5 7 8 19 10 -3 22 12 14 15 -2 18 -5 29 -7 -12 28 20 21 -1 24 26 -4 -13 -21 -11 -6 -9
right_child=1 3 4 6 13 16 -8 11 -10 27 17 25 -14 -15 -16 -17 -18 -19 -20 23 -22 -23 -24 -25 -26 -27 -28 -29 -30 -31
leaf_value=-0.52375297207031257 0 0.16440299589843763 -0.17458432402343754 0.57479364804687483 -0.17458432402343754 -0.52375297207031257 1.0985466201171874 0.17458432402343754 -0.17458432402343754 0 0.42167162011718756 0.39102067539062485 0 0.0091886486328125027 0.34916864804687492 0.17458432402343754 -0.34916864804687492 0.17458432402343754 -0.17458432402343754 -0.34916864804687492 -0.34916864804687492 -0.33947093300781256 -0.17458432402343754 -0.34916864804687492 -0.17458432402343754 0.17458432402343754 0.028049558984375091 0 0 0.17458432402343754
leaf_weight=5011 8965 3317 1900 31029 1989 117594 55477 5129 5564 7864 3929 11827 14714 3747 20403 9331 4070 2881 5289 1509 8370 3549 16020 1408 2987 2484 436 1672 2815 9978
leaf_count=5011 8965 3317 1900 31029 1989 117594 55477 5129 5564 7864 3929 11827 14714 3747 20403 9331 4070 2881 5289 1509 8370 3549 16020 1408 2987 2484 436 1672 2815 9978
internal_value=-0.00451021 0.030863 -0.0411919 0.0376708 -0.0249758 -0.045797 0.0424463 0.0247611 -0.0320437 -0.00106729 0.038134 0.0268054 -0.00530428 -0.011426 0.0398662 0.0223658 -0.0476166 0.0250514 -0.0162885 -0.0348421 -0.0373538 -0.0319977 -0.0361673 -0.0222636 -0.0276345 0.0343656 -0.0122622 0.00945365 -0.00767069 0.0178295
internal_weight=371258 189000 182258 155785 40311 141947 113719 42066 26471 33215 58242 38749 23679 13840 51432 24438 121664 6810 10093 20283 16930 8560 20907 3353 4887 14311 1945 9536 4804 15107
internal_count=371258 189000 182258 155785 40311 141947 113719 42066 26471 33215 58242 38749 23679 13840 51432 24438 121664 6810 10093 20283 16930 8560 20907 3353 4887 14311 1945 9536 4804 15107
cat_boundaries=0 3 6 8 11 14 17 20 23 25 27
cat_threshold=3943989328 2535462178 10 1418270020 135145561 13 17842176 287315202 2081161540 570826928 12 18104320 321410306 14 276902916 1853513 5 302526484 136054792 4 1627390016 100663328 8 1149763904 131088 268960000 131088
is_linear=0
shrinkage=0.05


Tree=8
num_leaves=31
num_cat=10
split_feature=0 0 17 3 6 3 17 17 17 3 17 5 17 5 0 6 6 17 5 6 5 17 3 5 17 5 5 6 17 6
split_gain=177961 15582 4886.27 3789.88 1953.63 1730.87 861.525 824.167 802.831 592.251 514.912 535.437 514.414 424.285 409.189 383.71 357.664 353.129 326.994 326.073 384.282 316.15 302.129 211.579 296.98 182.266 168.519 167.55 163.144 151.553
threshold=22.500000000000004 17.500000000000004 0 27.500000000000004 19.500000000000004 22.500000000000004 1 2 3 22.500000000000004 4 23.750000000000004 5 21.250000000000004 42.500000000000007 19.500000000000004 19.500000000000004 6 21.250000000000004 11.500000000000002 10.750000000000002 7 27.500000000000004 6.2500000000000009 8 21.250000000000004 28.750000000000004 18.500000000000004 9 19.500000000000004
decision_type=2 2 9 2 2 2 9 9 9 2 9 2 9 2 2 2 2 9 2 2 2 9 2 2 9 2 2 2 9 2
left_child=1 2 10 7 5 8 14 -2 23 17 11 -1 18 19 16 25 -5 -3 -9 20 -10 -7 -6 24 -4 -8 -23 -14 -13 -11
right_child=3 9 4 6 22 21 15 12 13 29 -12 28 27 -15 -16 -17 -18 -19 -20 -21 -22 26 -24 -25 -26 -27 -28 -29 -30 -31
leaf_value=-0.49756532346679699 0.15618284610351571 0 -0.49756532346679699 0.54605396564453113 -0.33171021564453124 0.25872921620117195 0.33171021564453124 0.16585510782226562 -0.41585510782226565 0 -0.49756532346679699 -0.24127078379882808 0.37146964162109364 -0.16585510782226562 1.2936192891113283 0.16585510782226562 0.40058803911132818 0 0.16585510782226562 -0.24756532346679699 -0.16585510782226562 -0.16585510782226562 -0.21689578379882804 -0.16585510782226562 -0.16585510782226562 0.41204591876953139 0.16828978435546882 0.16585510782226562 -0.24756532346679699 0
leaf_weight=28175 3317 8965 1939 34123 21297 1304 4780 15107 9130 7864 60982 2166 11827 6374 51390 1342 5581 14714 9331 23990 7087 4030 1358 6162 1392 16503 736 2484 6136 1672
leaf_count=28175 3317 8965 1939 34123 21297 1304 4780 15107 9130 7864 60982 2166 11827 6374 51390 1342 5581 14714 9331 23990 7087 4030 1358 6162 1392 16503 736 2484 6136 1672
internal_value=-0.00312896 -0.0325637 -0.0383037 0.0375835 -0.0295128 -0.024934 0.0423267 0.0247611 -0.0276795 -0.00106729 -0.0459449 -0.0411653 0.0268054 -0.0303814 0.0445063 0.0335167 0.0406987 -0.00530428 0.0223658 -0.0322879 -0.0268114 0.000428336 -0.0420856 -0.0143744 -0.0245422 0.0351666 -0.00554858 0.0343656 -0.0300169 0.00945365
internal_weight=371258 215473 182258 155785 84799 62144 113719 42066 56074 33215 97459 36477 38749 46581 91094 22625 39704 23679 24438 40207 16217 6070 22655 9493 3331 21283 4766 14311 8302 9536
internal_count=371258 215473 182258 155785 84799 62144 113719 42066 56074 33215 97459 36477 38749 46581 91094 22625 39704 23679 24438 40207 16217 6070 22655 9493 3331 21283 4766 14311 8302 9536
cat_boundaries=0 3 6 8 11 13 16 19 22 25 26
cat_threshold=2332082322 3496019712 2 276902916 136136777 5 17842176 287315202 344003588 201599049 13 16793600 2163968 2081161540 570826928 12 18104320 321410306 14 70660 135014633 9 75563008 134225921 8 16793600
is_linear=0
shrinkage=0.05


Tree=9
num_leaves=31
num_cat=13
split_feature=0 0 17 3 6 3 17 17 3 6 3 17 5 17 5 17 17 6 5 5 3 17 17 17 17 6 17 5 5 17
split_gain=171900 15296.2 4863.67 3072.38 1942.65 1527.92 867.35 824.167 774.624 673.192 592.251 515.869 535.935 514.414 412.996 367.88 353.129 335.77 444.852 326.994 302.129 292.585 280.696 175.975 174.385 167.55 164.113 163.299 160.449 158.325
threshold=17.500000000000004 22.500000000000004 0 27.500000000000004 19.500000000000004 22.500000000000004 1 2 47.500000000000007 19.500000000000004 22.500000000000004 3 23.750000000000004 4 21.250000000000004 5 6 11.500000000000002 10.750000000000002 21.250000000000004 27.500000000000004 7 8 9 10 18.500000000000004 11 28.750000000000004 8.7500000000000018 12
decision_type=2 2 9 2 2 2 9 9 2 2 2 9 2 9 2 9 9 2 2 2 2 9 9 9 9 2 9 2 2 9
left_child=2 10 11 7 5 6 23 -3 9 21 16 12 -1 19 17 -11 -2 18 -8 -9 -6 -5 -7 28 -20 -15 -14 -24 -4 -19
right_child=1 3 4 8 20 22 14 13 -10 15 -12 -13 26 25 -16 -17 -18 29 24 -21 -22 -23 27 -25 -26 -27 -28 -29 -30 -31
leaf_value=-0.47268705729345717 0 0.14837370379833992 -0.24097684164892572 0.59908697048730475 -0.31512470486230471 0.32120843136767585 -0.39506235243115229 0.15756235243115224 1.2289383246557617 0.38055863715576188 0 -0.47268705729345717 -0.22920724460888664 0.35289615954003895 -0.15756235243115224 0.15756235243115224 0 -0.20196548382666002 -0.15756235243115224 0.15756235243115224 -0.20605099460888657 0.37167947048730476 -0.15756235243115224 -0.10107963096630855 -0.15756235243115224 0.15756235243115224 -0.23518705729345718 0.15987529513769536 -0.15756235243115224 -0.23518705729345718
leaf_weight=28175 8965 3317 1762 52184 21297 784 9772 15107 38572 4458 9536 60982 2166 11827 6396 3492 14714 7022 2477 9331 1358 15013 4542 2659 4941 2484 6136 744 3744 17301
leaf_count=28175 8965 3317 1762 52184 21297 784 9772 15107 38572 4458 9536 60982 2166 11827 6396 3492 14714 7022 2477 9331 1358 15013 4542 2659 4941 2484 6136 744 3744 17301
internal_value=-0.00367238 0.0297381 -0.0383188 0.0363061 -0.0295482 -0.0249823 -0.0275618 0.0247611 0.0405768 0.0376203 -0.00106729 -0.0459423 -0.0411585 0.0268054 -0.030129 0.0238616 -0.00530428 -0.0319575 -0.0266085 0.0223658 -0.0420856 0.039248 -0.00115321 -0.0124465 -0.0173767 0.0343656 -0.0300048 -0.00530589 -0.0175489 -0.0357378
internal_weight=371258 189000 182258 155785 84799 62144 56074 42066 113719 75147 33215 97459 36477 38749 47909 7950 23679 41513 17190 24438 22655 67197 6070 8165 7418 14311 8302 5286 5506 24323
internal_count=371258 189000 182258 155785 84799 62144 56074 42066 113719 75147 33215 97459 36477 38749 47909 7950 23679 41513 17190 24438 22655 67197 6070 8165 7418 14311 8302 5286 5506 24323
cat_boundaries=0 3 6 8 10 13 16 19 22 25 28 30 31 33
cat_threshold=2332082322 3496019712 2 335614980 201599049 13 17842176 287315202 16793600 2163968 2081161540 570826928 12 302526484 136054784 4 18104320 321410306 14 813773828 69036137 13 70660 264297 9 335609856 201326600 8 1619001600 147632 16793600 545784064 536887440
is_linear=0
shrinkage=0.05


Tree=10
num_leaves=31
num_cat=13
split_feature=0 0 17 3 6 3 17 17 6 3 17 5 0 5 0 17 17 6 5 3 17 17 5 17 17 17 17 5 17 8
split_gain=166505 14270.5 4896.7 3363.63 1959.87 1618.83 1121.48 867.35 660.279 592.251 515.869 535.935 487.704 412.996 408.212 375.306 353.129 335.77 444.852 302.129 298.572 271.406 265.437 175.975 174.385 165.456 164.113 160.449 158.661 176.59
threshold=17.500000000000004 22.500000000000004 0 37.500000000000007 19.500000000000004 22.500000000000004 1 2 19.500000000000004 22.500000000000004 3 23.750000000000004 32.500000000000007 21.250000000000004 52.500000000000007 4 5 11.500000000000002 10.750000000000002 27.500000000000004 6 7 21.250000000000004 8 9 10 11 8.7500000000000018 12 24.500000000000004
decision_type=2 2 9 2 2 2 9 9 2 2 9 2 2 2 2 9 9 2 2 2 9 9 2 9 9 9 9 2 9 2
left_child=2 9 10 6 5 7 -3 23 12 16 11 -1 20 17 25 -10 -2 18 -9 -6 22 -7 -8 27 -20 -5 -13 -4 29 -14
right_child=1 3 4 14 19 21 8 13 15 -11 -12 26 28 -15 -16 -17 -18 -19 24 -21 -22 -23 -24 -25 -26 -27 -28 -29 -30 -31
leaf_value=-0.44905270442878431 0 0.14968423480959459 -0.22892799956647938 0.54252394618168942 -0.29936846961918945 -0.14968423480959459 0.14968423480959459 -0.37530923480959455 0.13794758824514161 0 -0.44905270442878431 -0.21774688237844231 0.54252394618168942 -0.14968423480959459 1.6674914084229735 0.17346517230959471 0 -0.22342770442878435 -0.14968423480959459 -0.19574844487844223 0.23879691883793921 0.20473233382272957 0.23879691883793921 -0.096025649417993186 -0.14968423480959459 0.66749140842297361 -0.22342770442878435 -0.14968423480959459 0.56913262196293946 0.36550605946293957
leaf_weight=28175 8965 6472 1762 10929 21297 4347 11487 9772 3315 9536 60982 2166 4536 6396 27343 4785 14714 24323 2477 1358 18020 1723 8267 2659 4941 35157 6136 3744 20696 4778
leaf_count=28175 8965 6472 1762 10929 21297 4347 11487 9772 3315 9536 60982 2166 4536 6396 27343 4785 14714 24323 2477 1358 18020 1723 8267 2659 4941 35157 6136 3744 20696 4778
internal_value=-0.00419466 0.0286873 -0.038293 0.0350313 -0.0294927 -0.0249067 0.0280939 -0.0275618 0.0297968 -0.00106729 -0.0459423 -0.0411585 0.031413 -0.030129 0.0428121 0.0163086 -0.00530428 -0.0319575 -0.0266085 -0.0420856 0.0276328 -0.000378913 0.0233303 -0.0124465 -0.0173767 0.0399405 -0.0300048 -0.0175489 0.0361713 0.0305556
internal_weight=371258 189000 182258 155785 84799 62144 82356 56074 75884 33215 97459 36477 67784 47909 73429 8100 23679 41513 17190 22655 37774 6070 19754 8165 7418 46086 8302 5506 30010 9314
internal_count=371258 189000 182258 155785 84799 62144 82356 56074 75884 33215 97459 36477 67784 47909 73429 8100 23679 41513 17190 22655 37774 6070 19754 8165 7418 46086 8302 5506 30010 9314
cat_boundaries=0 3 5 8 10 13 16 19 21 24 26 29 30 33
cat_threshold=2332082322 3496019712 2 17842432 287315202 335614980 201599049 13 16793600 2163968 1678050368 637747377 8 18104320 321410306 14 881590340 570818736 4 1686896960 654462994 335609856 201326600 8 1619001600 147632 1149583680 604110849 1 16793600 268697684 201728000 8
is_linear=0
shrinkage=0.05


Tree=11
num_leaves=31
num_cat=13
split_feature=0 0 17 3 6 3 17 17 6 3 17 5 0 0 5 17 17 6 5 3 17 5 17 17 17 17 17 5 17 8
split_gain=166543 14227.9 4830.05 3317.39 1925.14 1437.79 1122.53 867.35 664.604 592.251 515.869 535.935 487.704 426.562 412.996 379.472 353.129 335.77 444.852 302.129 298.572 265.437 228.062 186.514 175.975 174.385 164.113 160.449 158.661 176.59
threshold=17.500000000000004 22.500000000000004 0 37.500000000000007 19.500000000000004 22.500000000000004 1 2 19.500000000000004 22.500000000000004 3 23.750000000000004 32.500000000000007 52.500000000000007 21.250000000000004 4 5 11.500000000000002 10.750000000000002 27.500000000000004 6 21.250000000000004 7 8 9 10 11 8.7500000000000018 12 24.500000000000004
decision_type=2 2 9 2 2 2 9 9 2 2 9 2 2 2 2 9 9 2 2 2 9 2 9 9 9 9 9 2 9 2
left_child=2 9 10 6 5 7 -3 24 12 16 11 -1 20 23 17 -10 -2 18 -9 -6 21 -8 -7 -5 27 -20 -13 -4 29 -14
right_child=1 3 4 13 19 22 8 14 15 -11 -12 26 28 -15 -16 -17 -18 -19 25 -21 -22 -23 -24 -25 -26 -27 -28 -29 -30 -31
leaf_value=-0.42660006920734511 0 0.14220002306911486 -0.21748159958815538 0.63411683800182495 -0.28440004613823 0.29491139310815556 0.14220002306911486 -0.35654377306911478 0.13105020883288462 0 -0.42660006920734511 -0.20685953825952019 0.51539774887260492 1.5841168380018251 -0.14220002306911486 0.164791913694115 0 -0.21225631920734511 -0.14220002306911486 -0.18596102263452005 0.22685707289604232 0.22685707289604232 -0.070555130891380463 0.54200642465385496 -0.091224366947093571 -0.14220002306911486 -0.21225631920734511 -0.14220002306911486 0.54067599086479246 0.34723075648979251
leaf_weight=28175 8965 6472 1762 31288 21297 894 11487 9772 3315 9536 60982 2166 4536 27343 6396 4785 14714 24323 2477 1358 18020 8267 5176 14798 2659 4941 6136 3744 20696 4778
leaf_count=28175 8965 6472 1762 31288 21297 894 11487 9772 3315 9536 60982 2166 4536 27343 6396 4785 14714 24323 2477 1358 18020 8267 5176 14798 2659 4941 6136 3744 20696 4778
internal_value=-0.00424287 0.0286429 -0.0383451 0.0349774 -0.0296048 -0.0250595 0.0280878 -0.0275618 0.0297916 -0.00106729 -0.0459423 -0.0411585 0.031413 0.0427045 -0.030129 0.0162593 -0.00530428 -0.0319575 -0.0266085 -0.0420856 0.0276328 0.0233303 -0.00194399 0.0397691 -0.0124465 -0.0173767 -0.0300048 -0.0175489 0.0361713 0.0305556
internal_weight=371258 189000 182258 155785 84799 62144 82356 56074 75884 33215 97459 36477 67784 73429 47909 8100 23679 41513 17190 22655 37774 19754 6070 46086 8165 7418 8302 5506 30010 9314
internal_count=371258 189000 182258 155785 84799 62144 82356 56074 75884 33215 97459 36477 67784 73429 47909 8100 23679 41513 17190 22655 37774 19754 6070 46086 8165 7418 8302 5506 30010 9314
cat_boundaries=0 3 5 8 10 13 16 19 22 25 28 30 31 34
cat_threshold=2332082322 3496019712 2 17842432 287315202 335614980 201599049 13 16793600 2163968 1678050368 637747377 8 18104320 321410306 14 881590340 570818736 4 70660 788585 13 268973060 136071384 4 335609856 201326600 8 1619001600 147632 16793600 268697684 201728000 8
is_linear=0
shrinkage=0.05


Tree=12
num_leaves=31
num_cat=13
split_feature=0 0 17 0 6 3 0 17 17 3 17 5 5 6 17 17 6 5 17 3 5 17 17 5 17 8 17 17 5 17
split_gain=163852 13769.5 4822.71 3070.14 1941.92 1455.28 920.888 874.238 860.586 592.251 532.96 522.337 408.2 378.778 416.103 353.129 350.04 426.544 306.457 302.129 276.188 307.115 267.752 245.676 219.557 203.928 175.975 174.385 164.725 164.113
threshold=17.500000000000004 22.500000000000004 0 32.500000000000007 19.500000000000004 22.500000000000004 52.500000000000007 1 2 22.500000000000004 3 23.750000000000004 21.250000000000004 19.500000000000004 4 5 11.500000000000002 10.750000000000002 6 27.500000000000004 23.750000000000004 7 8 28.750000000000004 9 24.500000000000004 10 11 28.750000000000004 12
decision_type=2 2 9 2 2 2 2 9 9 2 9 2 2 2 9 9 2 2 9 2 2 9 9 2 9 2 9 9 2 9
left_child=2 9 10 7 5 8 13 18 26 15 11 -1 16 14 -5 -2 17 -10 23 -6 21 -9 -15 -3 -7 -16 -4 -19 -26 -13
right_child=1 3 4 6 19 24 -8 20 12 -11 -12 29 -14 22 25 -17 -18 27 -20 -21 -22 -23 -24 -25 28 -27 -28 -29 -30 -31
leaf_value=-0.40527006574697788 0 0.13509002191565908 -0.18418167256870854 0.60241099610173388 -0.27018004383131844 0.28016582345274782 1.3934935454900097 0.21551421925124023 -0.33871658441565916 0 -0.40527006574697788 -0.19651656134654411 -0.13509002191565908 0.54645029297673386 0.55101438265284808 0 -0.20164350324697786 -0.13509002191565908 0.073203248912754051 -0.17666297150279409 0.25617719971999037 0.13509002191565908 0.30393320859213413 0.26754757471999041 -0.13867226652454576 0.387828331511958 -0.08666314859973881 -0.13509002191565908 0.16289349866585942 -0.20164350324697786
leaf_weight=28175 8965 8589 5506 27543 21297 784 30115 13629 9772 9536 60982 2166 6396 3751 19065 14714 24323 2477 2957 1358 11549 17103 3262 3192 4542 15030 2659 4941 744 6136
leaf_count=28175 8965 8589 5506 27543 21297 784 30115 13629 9772 9536 60982 2166 6396 3751 19065 14714 24323 2477 2957 1358 11549 17103 3262 3192 4542 15030 2659 4941 744 6136
internal_value=-0.00445862 0.0281603 -0.0382842 0.034392 -0.0295505 -0.0249855 0.0397252 0.0251539 -0.0275029 -0.00106729 -0.0458756 -0.041016 -0.0300601 0.0365275 0.0377803 -0.00530428 -0.031878 -0.0264165 0.0146325 -0.0420856 0.0288111 0.0263406 0.0255169 0.018247 -0.00172982 0.0340258 -0.0124465 -0.0173767 -0.0054003 -0.0300048
internal_weight=371258 189000 182258 155785 84799 62144 98766 57019 56074 33215 97459 36477 47909 68651 61638 23679 41513 17190 14738 22655 42281 30732 7013 11781 6070 34095 8165 7418 5286 8302
internal_count=371258 189000 182258 155785 84799 62144 98766 57019 56074 33215 97459 36477 47909 68651 61638 23679 41513 17190 14738 22655 42281 30732 7013 11781 6070 34095 8165 7418 5286 8302
cat_boundaries=0 3 5 8 10 13 16 18 21 23 26 29 31 32
cat_threshold=2332082322 3496019712 2 18628864 857871762 335614980 201599049 13 16793600 2163968 13312 1656904 4 18104320 321410306 14 803072 570556560 167785488 203229256 1 268972036 1312768 70660 264297 9 335609856 201326600 8 1619001600 147632 16793600
is_linear=0
shrinkage=0.05


Tree=13
num_leaves=31
num_cat=13
split_feature=0 0 17 0 6 3 17 17 3 0 17 5 17 5 6 5 17 6 17 3 17 17 5 5 3 17 17 17 17 3
split_gain=156215 12442.1 4979.77 2897.65 1848.11 1613.63 1016.49 858.541 592.251 572.105 532.96 522.337 465.865 406.752 354.423 421.072 353.129 335.694 355.349 287.27 278.617 274.091 265.359 210.582 185.88 422.053 271.878 184.996 175.975 175.557
threshold=17.500000000000004 22.500000000000004 0 42.500000000000007 19.500000000000004 22.500000000000004 1 2 22.500000000000004 27.500000000000004 3 23.750000000000004 4 21.250000000000004 11.500000000000002 10.750000000000002 5 18.500000000000004 6 27.500000000000004 7 8 26.250000000000004 23.750000000000004 27.500000000000004 9 10 11 12 47.500000000000007
decision_type=2 2 9 2 2 2 9 9 2 2 9 2 9 2 2 2 9 2 9 2 9 9 2 2 2 9 9 9 9 2
left_child=2 8 10 6 5 7 -3 28 16 24 11 -1 29 14 15 -9 -2 20 -19 27 -11 -7 -22 -14 26 -26 -8 -6 -4 -5
right_child=1 3 4 12 19 21 9 13 -10 17 -12 -13 23 -15 -16 -17 -18 18 -20 -21 22 -23 -24 -25 25 -27 -28 -29 -30 -31
leaf_value=-0.38500656245962905 0 0.12833552081987618 -0.17497258894027309 0.61451214723455871 -0.25667104163975252 -0.13173865319831854 0.051192941013776055 -0.32178075519487614 0 0.45473850828867823 -0.38500656245962905 -0.191561328084629 0.60378301400506984 -0.12833552081987618 -0.191561328084629 -0.12833552081987618 0 0.31729533634895174 0.24425077474595494 -0.16782982292765444 0.25643238660899093 0.17824185630354794 0.44143428852020555 0.63611190101793369 -0.004937988391009185 0.16696200542091655 0.11815419269487588 -0.25667104163975252 -0.082329991169751801 1.4352363188272332
leaf_weight=28175 8965 6522 5506 12509 3066 4347 4949 9772 9536 22950 60982 8302 7495 6396 24323 7418 14714 5285 6606 1358 21107 1723 9565 14634 2473 5451 11626 18231 2659 24613
leaf_count=28175 8965 6522 5506 12509 3066 4347 4949 9772 9536 22950 60982 8302 7495 6396 24323 7418 14714 5285 6606 1358 21107 1723 9565 14634 2473 5451 11626 18231 2659 24613
internal_value=-0.0051339 0.0267159 -0.0381618 0.0326395 -0.0292876 -0.0248343 0.0272971 -0.0274851 -0.00106729 0.0286774 -0.0458756 -0.041016 0.0413436 -0.0300392 -0.0318539 -0.0263583 -0.00530428 0.0311183 0.0235178 -0.0415162 0.0328037 -0.000345964 0.0296265 0.0355052 0.0221621 0.0158632 0.0251735 -0.042938 -0.0124465 0.0448023
internal_weight=371258 189000 182258 155785 84799 62144 96534 56074 33215 90012 97459 36477 59251 47909 41513 17190 23679 65513 11891 22655 53622 6070 30672 22129 24499 7924 16575 21297 8165 37122
internal_count=371258 189000 182258 155785 84799 62144 96534 56074 33215 90012 97459 36477 59251 47909 41513 17190 23679 65513 11891 22655 53622 6070 30672 22129 24499 7924 16575 21297 8165 37122
cat_boundaries=0 3 5 8 10 13 16 18 21 23 25 28 31 34
cat_threshold=2332082322 3496019712 2 17842432 287315202 335614980 201599049 13 16793600 2163968 536576 1394752 4 18104320 321410306 14 378023956 1845312 167785472 202459209 9 1686896960 654462994 813760512 67706881 33625104 2349402185 1 277352708 655361 4 335609856 201326600 8
is_linear=0
shrinkage=0.05


Tree=14
num_leaves=31
num_cat=14
split_feature=0 0 17 0 3 6 3 17 3 17 5 17 5 6 17 17 17 17 0 6 17 17 5 17 17 0 17 17 3 3
split_gain=153331 12108.2 5177.64 2392.46 1931.57 1647.97 1426.82 832.313 592.251 532.96 522.337 495.925 397.735 408.476 377.769 371.242 354.061 353.129 345.214 310.115 267.176 255.878 243.192 226.383 219.557 209.779 196.964 196.889 191.986 191.95
threshold=17.500000000000004 27.500000000000004 0 22.500000000000004 42.500000000000007 19.500000000000004 22.500000000000004 1 22.500000000000004 2 23.750000000000004 3 21.250000000000004 11.500000000000002 4 5 6 7 7.5000000000000009 18.500000000000004 8 9 21.250000000000004 10 11 7.5000000000000009 12 13 27.500000000000004 27.500000000000004
decision_type=2 2 9 2 2 2 2 9 2 9 2 9 2 2 9 9 9 9 2 2 9 9 2 9 9 2 9 9 2 2
left_child=2 3 9 8 11 6 7 25 17 10 -1 19 13 18 -6 -7 29 -2 -9 -3 -20 -21 -13 -24 -8 -4 -27 -18 -29 -5
right_child=1 4 5 16 14 15 24 12 -10 -11 -12 22 -14 -15 -16 -17 27 -19 20 21 -22 -23 23 -25 -26 26 -28 28 -30 -31
leaf_value=-0.36575623433664756 0 0.36551390148942658 -0.39990193307966387 0.063005199977152412 1.1134745028858715 -0.24383748955776491 0.25724543946493306 -0.38740193307966386 0 -0.36575623433664756 -0.1819832616803975 0.25474352326202182 -0.12191874477888227 -0.1819832616803975 0.57766292731074065 -0.24383748955776491 0.06312631042612242 0 -0.055691717435132307 0.35228942587742829 -0.12191874477888227 0.23284947287169314 0.25269711194184519 0.30609129028144672 -0.053506828360668203 -0.11713230884020992 0.092147536923891951 0.10355799636736851 0.064690344135760469 0.16090080006177931
leaf_weight=28175 8965 37782 2815 7876 33220 4099 784 7206 9536 60982 8302 10614 6374 23990 21736 18556 2331 14714 2657 2896 6354 5062 2760 13508 5286 5298 1380 9796 4070 4134
leaf_count=28175 8965 37782 2815 7876 33220 4099 784 7206 9536 60982 8302 10614 6374 23990 21736 18556 2331 14714 2657 2896 6354 5062 2760 13508 5286 5298 1380 9796 4070 4134
internal_value=-0.00528877 0.0262656 -0.0380104 0.00802644 0.0350468 -0.0289621 -0.024757 -0.0272497 -0.00106729 -0.0458756 -0.041016 0.0296949 -0.0300004 -0.0318464 0.0421191 -0.0405098 0.0187347 -0.00530428 -0.0257168 0.0328765 -0.0191932 0.023913 0.02426 0.0281104 -0.00172982 -0.0137062 -0.00889488 0.0138798 0.016143 0.0252496
internal_weight=371258 189000 182258 61422 127578 84799 62144 56074 33215 97459 36477 72622 46581 40207 54956 22655 28207 23679 16217 45740 9011 7958 26882 16268 6070 9493 6678 16197 13866 12010
internal_count=371258 189000 182258 61422 127578 84799 62144 56074 33215 97459 36477 72622 46581 40207 54956 22655 28207 23679 16217 45740 9011 7958 26882 16268 6070 9493 6678 16197 13866 12010
cat_boundaries=0 3 6 8 11 13 16 19 22 24 26 28 31 34 36
cat_threshold=2332082322 3496019712 2 344003588 201599049 13 16793600 2163968 973681680 203245641 5 12292 1329216 277361924 919561 5 167785492 2216503416 5 18104320 321410306 14 1610612800 536887472 302522384 1837120 18104576 18879746 70660 264297 9 343932928 201334792 8 17825792 287315202
is_linear=0
shrinkage=0.05


Tree=15
num_leaves=31
num_cat=14
split_feature=0 0 17 0 0 6 3 17 3 3 17 5 17 17 17 5 6 5 17 3 17 17 17 6 17 17 3 6 17 17
split_gain=149281 11410.6 5260.48 2258.19 2084.3 1671.31 1308.98 833.307 627.983 592.251 532.96 522.337 378.326 361.362 353.129 352.205 350.548 399.74 323.109 495.135 401.938 296.55 235.633 223.53 222.996 221.842 196.222 194.841 185.519 164.113
threshold=17.500000000000004 27.500000000000004 0 22.500000000000004 47.500000000000007 19.500000000000004 22.500000000000004 1 37.500000000000007 22.500000000000004 2 23.750000000000004 3 4 5 21.250000000000004 11.500000000000002 8.7500000000000018 6 27.500000000000004 7 8 9 18.500000000000004 10 11 32.500000000000007 18.500000000000004 12 13
decision_type=2 2 9 2 2 2 2 9 2 2 9 2 9 9 9 2 2 2 9 2 9 9 9 2 9 9 2 2 9 9
left_child=2 3 10 9 8 6 7 24 13 14 11 -1 -7 -3 -2 16 17 -9 -5 21 -21 -20 -19 -15 -4 -6 -8 -10 -25 -13
right_child=1 4 5 18 25 12 26 15 27 -11 -12 29 -14 23 -16 -17 -18 22 19 20 -22 -23 -24 28 -26 -27 -28 -29 -30 -31
leaf_value=-0.3474684226198152 0 0.26796795879681351 -0.11582280753993822 0.059969994904816387 1.1303295540296343 -0.23164561507987669 -0.063114643650891727 -0.36803183642568071 0.46441737244064341 0 -0.3474684226198152 -0.16801350379096558 -0.23164561507987669 0.26018032052487089 0 -0.11582280753993822 -0.17288409859637766 -0.11803183642568067 0.045483033964229591 -0.0096192780532465619 0.17084899324580827 0.10856142467400041 -0.13130599584071972 0.28381609823763265 -0.08282086845745891 0.76321814923085685 0.24388809099635883 0.40517030199115606 0.22039576236507266 -0.17288409859637766
leaf_weight=28175 8965 15675 8150 2612 30651 4298 4633 4920 28731 9536 60982 2166 18357 30509 14714 6093 23014 4231 4949 1968 6171 12507 7007 1485 2659 9124 1437 6971 4432 6136
leaf_count=28175 8965 15675 8150 2612 30651 4298 4633 4920 28731 9536 60982 2166 18357 30509 14714 6093 23014 4231 4949 1968 6171 12507 7007 1485 2659 9124 1437 6971 4432 6136
internal_value=-0.00566129 0.0254735 -0.0379479 0.00776758 0.033998 -0.0288277 -0.0245929 -0.0269804 0.0296966 -0.00106729 -0.0458756 -0.041016 -0.0404569 0.0261962 -0.00530428 -0.0299602 -0.0317063 -0.0260614 0.018171 0.019877 0.00970021 0.0246334 -0.0208578 0.0289384 -0.0144607 0.0434934 -0.00253707 0.0348048 0.0200524 -0.0300048
internal_weight=371258 189000 182258 61422 127578 84799 62144 56074 87803 33215 97459 36477 22655 52101 23679 45265 39172 16158 28207 25595 8139 17456 11238 36426 10809 39775 6070 35702 5917 8302
internal_count=371258 189000 182258 61422 127578 84799 62144 56074 87803 33215 97459 36477 22655 52101 23679 45265 39172 16158 28207 25595 8139 17456 11238 36426 10809 39775 6070 35702 5917 8302
cat_boundaries=0 3 6 8 11 14 17 19 21 24 26 29 32 34 35
cat_threshold=2332082322 3496019712 2 335615236 201599049 13 16793600 2163968 277361924 919625 5 18104580 2200319410 8 18104320 321410306 14 17842176 287315202 1619263488 67706880 33625104 2349402185 1 1619001408 147632 335610112 201326600 8 268447744 135612480 4 310910992 526336 16793600
is_linear=0
shrinkage=0.05


Tree=16
num_leaves=31
num_cat=12
split_feature=0 0 0 17 17 0 3 17 6 17 3 17 5 0 3 17 5 17 5 17 0 17 6 3 17 17 17 6 5 6
split_gain=136080 10900.2 8528.14 4062.74 2673.07 2161.87 2074.56 1079.97 790.952 623.899 592.251 504.825 497.167 427.847 403.802 592.371 400.733 386.372 370.216 353.129 297.291 296.839 290.422 276.565 244.81 238.646 237.213 222.655 204.031 220.28
threshold=17.500000000000004 27.500000000000004 14.000000000000002 0 1 22.500000000000004 47.500000000000007 2 19.500000000000004 3 22.500000000000004 4 23.750000000000004 7.5000000000000009 27.500000000000004 5 21.250000000000004 6 21.250000000000004 7 57.500000000000007 8 11.500000000000002 14.000000000000002 9 10 11 11.500000000000002 23.750000000000004 22.500000000000004
decision_type=2 2 2 9 9 2 2 9 2 9 2 9 2 2 2 9 2 9 2 9 2 9 2 2 9 9 9 2 2 2
left_child=2 5 4 21 23 10 9 12 11 18 19 -6 27 -13 15 -7 -11 -16 25 -2 -8 -4 -15 -1 -18 -3 -9 -5 29 -28
right_child=1 6 3 7 8 14 20 26 -10 16 -12 13 -14 22 17 -17 24 -19 -20 -21 -22 -23 -24 -25 -26 -27 28 -29 -30 -31
leaf_value=-0.33009500148882442 0 0.47958100022641531 0.0016152141557071787 -0.10925750774790224 -0.19312395956926265 0.10313335344030038 0.60727045410019864 -0.082529678022027403 -0.33009500148882442 0.22694478103393312 0 -0.34963024460439662 -0.11003166716294129 -0.12474069604868375 0.19251261491179561 0.06048122763481132 0.2229540235003496 0.0013850919240359972 0.50785521554724189 0 1.5012843000400959 0.0016152141557071787 -0.16423989366655878 -0.16423989366655878 0.27790631125344201 0.25708661058261167 0.0016152141557071787 -0.082529678022027403 -0.082529678022027403 -0.054208226503617146
leaf_weight=80693 8965 11245 2250 3623 7424 5761 19364 8375 17508 13935 9536 16776 3933 5020 3099 14118 2889 5229 16909 14714 18574 1743 13114 3066 19577 25085 5696 10675 2016 346
leaf_count=80693 8965 11245 2250 3623 7424 5761 19364 8375 17508 13935 9536 16776 3933 5020 3099 14118 2889 5229 16909 14714 18574 1743 13114 3066 19577 25085 5696 10675 2016 346
internal_value=-0.0048438 0.0248825 -0.0356698 -0.014824 -0.0412814 0.00757709 0.0332142 -0.0203236 -0.0331852 0.0290663 -0.00106729 -0.029494 -0.0287073 -0.032016 0.0177562 0.0216284 0.0239886 0.00851345 0.0325274 -0.00530428 0.0430149 0.0328878 -0.0267012 -0.0470562 0.0281269 0.029689 -0.0110108 -0.0330536 -0.0048711 -0.000281364
internal_weight=371258 189000 182258 38657 143601 61422 127578 34664 59842 89640 33215 42334 18231 34910 28207 19879 36401 8328 53239 23679 37938 3993 18134 83759 22466 36330 16433 14298 8058 6042
internal_count=371258 189000 182258 38657 143601 61422 127578 34664 59842 89640 33215 42334 18231 34910 28207 19879 36401 8328 53239 23679 37938 3993 18134 83759 22466 36330 16433 14298 8058 6042
cat_boundaries=0 3 6 8 11 14 16 19 22 24 26 28 31
cat_threshold=2315297812 2416183296 3 2332082322 3493922560 2 1611923520 117444658 436810768 1919049 5 67179844 67381321 13 18366720 857871746 16807172 1312872 5 18104320 321410306 14 2315288592 2147483648 18104576 18879746 167780352 1132608 590080 537019528 8
is_linear=0
shrinkage=0.05


Tree=17
num_leaves=31
num_cat=11
split_feature=0 0 0 17 3 17 17 0 6 17 3 0 5 17 6 3 5 17 17 17 3 17 6 17 5 5 17 6 5 6
split_gain=131832 10244.3 8413.61 4050.43 2944.73 2822.82 1072.54 871.763 834.804 659.949 592.251 576.261 495.058 466.399 385.099 374.813 358.933 353.129 298.4 296.839 296.649 294.41 262.322 240.259 231.479 230.927 224.474 221.157 200.81 235.125
threshold=17.500000000000004 22.500000000000004 14.000000000000002 0 37.500000000000007 1 2 57.500000000000007 19.500000000000004 3 22.500000000000004 7.5000000000000009 23.750000000000004 4 11.500000000000002 14.000000000000002 26.250000000000004 5 6 7 14.000000000000002 8 19.500000000000004 9 18.750000000000004 26.250000000000004 10 11.500000000000002 23.750000000000004 22.500000000000004
decision_type=2 2 2 9 2 9 9 2 2 9 2 2 2 9 2 2 2 9 9 9 2 9 2 9 2 2 9 2 2 2
left_child=2 10 5 19 9 15 12 21 11 24 17 18 27 -11 26 -1 -15 -2 -7 -4 -16 22 -6 -8 -3 -23 -13 -5 29 -25
right_child=1 4 3 6 7 8 23 -9 -10 13 -12 14 -14 16 20 -17 -18 -19 -20 -21 -22 25 -24 28 -26 -27 -28 -29 -30 -31
leaf_value=-0.31359025141438313 0 0.17737480770167569 0.0015344534479218019 -0.10379463236050715 0.5015798623118507 -0.3399740466259335 -0.078403194120926056 1.4262200850380911 -0.31359025141438313 0.038445355714172007 0 0.056008379701215111 -0.10453008380479414 0.10666517246104892 -0.15602789898323088 -0.15602789898323088 0.24010572654430062 0 -0.3321487323741768 0.0015344534479218019 -0.15602789898323088 0.21278169555652227 0.39703090256267404 0.0015344534479218019 0.29012506083485495 0.47144103800507831 -0.11850366124624952 -0.078403194120926056 -0.078403194120926056 -0.051497815178436213
leaf_weight=80693 8965 17994 2250 3623 28912 3859 8191 21537 17508 3134 9536 1786 3933 35261 10269 3066 11569 14714 15938 1743 5165 9009 5088 5861 14398 8883 5317 10675 2018 363
leaf_count=80693 8965 17994 2250 3623 28912 3859 8191 21537 17508 3134 9536 1786 3933 35261 10269 3066 11569 14714 15938 1743 5165 9009 5088 5861 14398 8883 5317 10675 2018 363
internal_value=-0.00511585 0.0241429 -0.0354569 -0.0147515 0.0295179 -0.0410307 -0.0202428 0.0367981 -0.0327124 0.0230269 -0.00106729 -0.02892 -0.0285977 0.0194061 -0.0234525 -0.0469643 0.0206576 -0.00530428 -0.0351442 0.0328878 -0.0278865 0.0332884 0.0360482 -0.0109621 0.028597 0.028008 -0.0138181 -0.0329347 -0.00492002 -0.000482005
internal_weight=371258 189000 182258 38657 155785 143601 34664 73429 59842 82356 33215 42334 18231 49964 22537 83759 46830 23679 19797 3993 15434 51892 34000 16433 32392 17892 7103 14298 8242 6224
internal_count=371258 189000 182258 38657 155785 143601 34664 73429 59842 82356 33215 42334 18231 49964 22537 83759 46830 23679 19797 3993 15434 51892 34000 16433 32392 17892 7103 14298 8242 6224
cat_boundaries=0 3 6 8 11 13 16 19 21 24 26 29
cat_threshold=2315297812 2416183296 3 2332082322 3493922560 2 1611923520 117444658 436286480 2149140553 5 17825792 287315202 18104320 321410306 14 1409353028 67117145 5 2315288592 2147483648 268448772 1394760 4 590080 537019528 604050500 604268769 4
is_linear=0
shrinkage=0.05


Tree=18
num_leaves=31
num_cat=13
split_feature=0 0 0 17 17 17 17 0 6 17 5 0 3 5 5 17 3 17 17 17 8 17 6 3 17 6 5 6 17 17
split_gain=129662 9894.28 8376.89 4048.23 2890.43 2823.73 1076.26 966.03 865.772 640.104 717.738 606.802 592.251 495.058 438.914 376.178 374.813 353.129 307.407 296.839 243.113 237.841 228.857 246.049 224.484 221.157 200.81 235.125 187.284 184.62
threshold=17.500000000000004 22.500000000000004 14.000000000000002 0 1 2 3 57.500000000000007 19.500000000000004 4 26.250000000000004 7.5000000000000009 22.500000000000004 23.750000000000004 18.750000000000004 5 14.000000000000002 6 7 8 23.500000000000004 9 11.500000000000002 14.000000000000002 10 11.500000000000002 23.750000000000004 22.500000000000004 11 12
decision_type=2 2 2 9 9 9 9 2 2 9 2 2 2 2 2 9 2 9 9 9 2 9 2 2 9 2 2 2 9 9
left_child=2 12 4 19 16 7 13 14 11 -7 20 18 17 25 -3 -13 -1 -2 -6 -4 -11 -8 -17 -24 -22 -5 27 28 -23 -12
right_child=1 5 3 6 8 9 21 -9 -10 10 29 15 -14 -15 -16 22 -18 -19 -20 -21 24 26 23 -25 -26 -27 -28 -29 -30 -31
leaf_value=-0.29791073884366404 0 0.30232479134949719 0.0014577307755256896 -0.098604900742481766 -0.32297534429463681 0.092509547374654846 -0.07448303441487969 1.3549090807861868 -0.29791073884366404 0.19606861255250083 0.44786898610482456 -0.059605754513031607 0 -0.099303579614554494 0.46701902308286308 -0.11257847818393706 -0.14822650403406934 0 -0.31554129575546797 0.0014577307755256896 0.1389091069432995 0.0014577307755256896 -0.14822650403406934 -0.14822650403406934 0.096803673255018208 -0.07448303441487969 -0.07448303441487969 -0.048922924419514402 -0.054365709883798456 0.20112023201629656
leaf_weight=80693 8965 26554 2250 3623 3859 8333 8191 21344 17508 16514 11926 3338 9536 3933 30496 5276 3066 14714 15938 1743 11014 1363 9605 4318 21305 10675 2018 363 4498 8299
leaf_count=80693 8965 26554 2250 3623 3859 8333 8191 21344 17508 16514 11926 3338 9536 3933 30496 5276 3066 14714 15938 1743 11014 1363 9605 4318 21305 10675 2018 363 4498 8299
internal_value=-0.00530844 0.0237085 -0.0353987 -0.0147386 -0.0409604 0.0289909 -0.0202284 0.0356831 -0.0325436 0.0222045 0.0237867 -0.0286814 -0.00106729 -0.0285977 0.0322927 -0.0230709 -0.0469643 -0.00530428 -0.0350684 0.0328878 0.0205097 -0.0109317 -0.0257614 -0.0291352 0.0179879 -0.0329347 -0.00492002 -0.000482005 0.00193653 0.0317108
internal_weight=371258 189000 182258 38657 143601 155785 34664 78394 59842 77391 69058 42334 33215 18231 57050 22537 83759 23679 19797 3993 48833 16433 19199 13923 32319 14298 8242 6224 5861 20225
internal_count=371258 189000 182258 38657 143601 155785 34664 78394 59842 77391 69058 42334 33215 18231 57050 22537 83759 23679 19797 3993 48833 16433 19199 13923 32319 14298 8242 6224 5861 20225
cat_boundaries=0 3 6 9 11 13 16 19 22 24 26 28 30 33
cat_threshold=2315297812 2416183296 3 2332082322 3493922560 2 436220944 1394760 5 1611923520 117444658 18104576 287315202 76092420 201615553 5 18104320 321410306 14 1409353028 67117145 5 2315288592 2147483648 590080 537019528 1610678272 524289 0 2097409 76087300 134873217 8
is_linear=0
shrinkage=0.05


Tree=19
num_leaves=31
num_cat=13
split_feature=0 0 0 17 3 17 17 17 6 17 3 5 0 17 5 6 17 0 3 17 17 17 17 5 17 6 6 5 6 17
split_gain=127649 9561.17 8344.45 4048.23 2959.03 2939.79 1080.72 1076.26 888.506 611.427 592.251 495.058 488.8 485.406 523.749 429.76 393.721 377.473 374.813 353.129 296.839 278.984 237.841 235.658 226.203 221.157 209.494 200.81 235.125 187.284
threshold=17.500000000000004 22.500000000000004 14.000000000000002 0 47.500000000000007 1 2 3 19.500000000000004 4 22.500000000000004 23.750000000000004 7.5000000000000009 5 26.250000000000004 18.500000000000004 6 62.500000000000007 14.000000000000002 7 8 9 10 21.250000000000004 11 11.500000000000002 11.500000000000002 23.750000000000004 22.500000000000004 12
decision_type=2 2 2 9 2 9 9 9 2 9 2 2 2 9 2 2 9 2 2 9 9 9 9 2 9 2 2 2 2 9
left_child=2 10 5 20 6 18 15 11 9 -7 19 25 -11 -8 26 23 -17 -6 -1 -2 -4 -14 -9 24 -3 -5 -15 28 29 -24
right_child=1 4 3 7 17 8 13 22 -10 12 -12 -13 21 14 -16 16 -18 -19 -20 -21 -22 -23 27 -25 -26 -27 -28 -29 -30 -31
leaf_value=-0.28301520190148083 0 0.16075763316448966 0.0013848442367494053 -0.093674655705357601 0.55954496053476466 -0.18061563489187443 0.031897610559730796 -0.070758882694135758 -0.28301520190148083 -0.29976423096769456 0 -0.094338400633826688 -0.14247625750570575 0.16697161724536669 0.25043427473618357 0.26520619211456148 0.13957887873828323 1.5371636267468773 -0.14081517883236591 0 0.0013848442367494053 -0.14081517883236591 0.0013848442367494053 0.44605069891950611 0.39266069451962837 -0.070758882694135758 0.096197370063013751 -0.070758882694135758 -0.046476778198538682 -0.051647424389608614
leaf_weight=80693 8965 18590 2250 3623 23775 7855 3152 8191 17508 16953 9536 3933 3519 9126 16833 3272 8750 14797 3066 14714 1743 14007 1363 14283 14040 10675 29167 2018 363 4498
leaf_count=80693 8965 18590 2250 3623 23775 7855 3152 8191 17508 16953 9536 3933 3519 9126 16833 3272 8750 14797 3066 14714 1743 14007 1363 14283 14040 10675 29167 2018 363 4498
internal_value=-0.00550291 0.0232878 -0.0353587 -0.0147386 0.0284806 -0.0409095 0.0245276 -0.0202284 -0.0324216 -0.028509 -0.00106729 -0.0285977 -0.0313796 0.019685 0.0207777 0.0293078 0.0208784 0.0404931 -0.0469643 -0.00530428 0.0328878 -0.0255335 -0.0109317 0.0314742 0.0291296 -0.0329347 0.0175502 -0.00492002 -0.000482005 0.00193653
internal_weight=371258 189000 182258 38657 155785 143601 117213 34664 59842 42334 33215 18231 34479 58278 55126 58935 12022 38572 83759 23679 3993 17526 16433 46913 32630 14298 38293 8242 6224 5861
internal_count=371258 189000 182258 38657 155785 143601 117213 34664 59842 42334 33215 18231 34479 58278 55126 58935 12022 38572 83759 23679 3993 17526 16433 46913 32630 14298 38293 8242 6224 5861
cat_boundaries=0 3 6 9 11 14 16 18 21 23 25 27 30 32
cat_threshold=2315297812 2416183296 3 2332082322 3493922560 2 436286480 1919049 5 1611923520 117444658 268506436 67381337 13 17825792 287315202 301989904 1837056 18104320 321410306 14 2315288592 2147483648 612892672 671105152 590080 537019528 268500992 786441 5 0 2097409
is_linear=0
shrinkage=0.05


Tree=20
num_leaves=31
num_cat=13
split_feature=0 0 0 17 17 3 0 17 6 3 3 6 17 5 17 17 17 3 8 3 17 17 17 17 17 0 6 17 6 5
split_gain=123269 9115.76 8291.75 4043.84 3046.67 1781.89 1673.54 1083.71 928.195 713.497 592.251 539.872 558.542 495.058 452.799 437.009 435.986 622.992 374.928 374.813 353.129 351.416 338.202 296.839 238.802 235.409 241.588 223.539 221.157 202.949
threshold=17.500000000000004 27.500000000000004 14.000000000000002 0 1 47.500000000000007 22.500000000000004 2 19.500000000000004 11.500000000000002 22.500000000000004 18.500000000000004 3 23.750000000000004 4 5 6 27.500000000000004 24.500000000000004 14.000000000000002 7 8 9 10 11 7.5000000000000009 11.500000000000002 12 11.500000000000002 23.750000000000004
decision_type=2 2 2 9 9 2 2 9 2 2 2 2 9 2 9 9 9 2 2 2 9 9 9 9 9 2 2 9 2 2
left_child=2 6 4 23 19 11 10 13 9 14 20 12 -3 28 -6 -13 -8 -18 27 -1 -2 -7 -19 -4 -9 -16 -27 -14 -5 -26
right_child=1 5 3 7 8 21 16 24 -10 -11 -12 15 18 -15 25 -17 17 22 -20 -21 -22 -23 -24 -25 29 26 -28 -29 -30 -31
leaf_value=-0.26886444180640678 0 0.38178716758477621 0.0013156020249119216 -0.088990922920089768 -0.2019850859703711 0.96030544540953366 0.026438609354331358 -0.067220938559428942 -0.26886444180640678 -0.13377441989074762 0 0.3499664255010011 0.17420150570665671 -0.089621480602135331 -0.2847760194193098 0.17624818741931172 0.057836886592297534 -0.032270977421915252 0.1799301062974312 -0.13377441989074762 0 0.48770809257302405 0.14059415537143369 0.0013156020249119216 -0.016397862510803839 -0.099908795333121872 -0.13377441989074762 0.27576069732009428 -0.067220938559428942 -0.067220938559428942
leaf_weight=80693 8965 32879 2250 3623 6450 23963 6175 8191 17508 8982 9536 2973 2177 3933 14416 12388 14983 1837 19154 3066 14714 13975 5212 1743 6224 3727 8759 20069 10675 2018
leaf_count=80693 8965 32879 2250 3623 6450 23963 6175 8191 17508 8982 9536 2973 2177 3933 14416 12388 14983 1837 19154 3066 14714 13975 5212 1743 6224 3727 8759 20069 10675 2018
internal_value=-0.00592849 0.022364 -0.0352676 -0.0147127 -0.0408009 0.0299832 0.00653837 -0.0201996 -0.032161 -0.0281618 -0.00106729 0.026139 0.0279036 -0.0285977 -0.0315303 0.0176063 0.0154944 0.0187823 0.0240111 -0.0469643 -0.00530428 0.0390664 0.00653284 0.0328878 -0.0108709 -0.0343899 -0.0293769 0.0284321 -0.0329347 -0.00484731
internal_weight=371258 189000 182258 38657 143601 127578 61422 34664 59842 42334 33215 89640 74279 18231 33352 15361 28207 22032 41400 83759 23679 37938 7049 3993 16433 26902 12486 22246 14298 8242
internal_count=371258 189000 182258 38657 143601 127578 61422 34664 59842 42334 33215 89640 74279 18231 33352 15361 28207 22032 41400 83759 23679 37938 7049 3993 16433 26902 12486 22246 14298 8242
cat_boundaries=0 3 6 8 11 14 16 18 21 23 25 27 29 31
cat_threshold=2315297812 2416183296 3 2332082322 3493922560 2 1611923520 117444658 167851008 1132617 5 335611204 67133529 5 310902800 1837056 51920896 3005437186 18104320 321410306 14 12292 1329152 1619263488 67641344 2315288592 2147483648 590080 537019528 18104576 18879872
is_linear=0
shrinkage=0.05


Tree=21
num_leaves=31
num_cat=11
split_feature=0 0 0 17 17 0 0 17 6 3 3 3 17 3 17 6 3 3 0 17 17 17 17 17 6 17 8 6 5 6
split_gain=119565 8562.67 8246.09 4043.4 3121.07 1717.97 1533.31 1084.52 960.562 807.528 641.758 592.251 474.315 406.518 597.035 388.297 380.663 374.813 362.172 353.129 317.847 300.79 296.839 287.625 249.125 242.853 237.488 214.3 201.059 200.695
threshold=17.500000000000004 27.500000000000004 14.000000000000002 0 1 62.500000000000007 22.500000000000004 2 19.500000000000004 17.500000000000004 32.500000000000007 22.500000000000004 3 27.500000000000004 4 18.500000000000004 17.500000000000004 14.000000000000002 7.5000000000000009 5 6 7 8 9 11.500000000000002 10 24.500000000000004 11.500000000000002 21.250000000000004 22.500000000000004
decision_type=2 2 2 9 9 2 2 9 2 2 2 2 9 2 9 2 2 2 2 9 9 9 9 9 2 9 2 2 2 2
left_child=2 6 4 22 17 10 11 16 9 12 23 19 -6 14 -8 25 27 -1 -14 -2 -17 -15 -4 -3 -20 28 -27 -5 -12 -9
right_child=1 5 3 7 8 -7 13 29 -10 -11 15 -13 18 21 -16 20 -18 -19 24 -21 -22 -23 -24 -25 -26 26 -28 -29 -30 -31
leaf_value=-0.25542121971608645 0 0.18879216058438697 0.0012498219236663389 -0.084541376774085297 -0.19172664046019205 1.4122901731390571 0.049829520442597898 -0.063859891631457444 -0.25542121971608645 -0.15452912968149557 0.35797052799795814 0 -0.27053721844834433 -0.028146206730249548 0.03699167888661492 0.46117110644966247 -0.063859891631457444 -0.12708569889621027 -0.09491335556646581 0 0.21957821204682215 0.11324543542489476 0.0012498219236663389 0.19173468001345687 -0.12708569889621027 0.38307259748468675 0.21714599739861029 -0.063859891631457444 0.50718230787937524 -0.04333304616307157
leaf_weight=80693 8965 22117 2250 3548 8047 17011 12482 14554 17508 4014 17682 9536 15206 2458 7397 3795 4878 3066 4303 14714 9482 5870 1743 18653 10764 15537 10211 11167 13090 517
leaf_count=80693 8965 22117 2250 3548 8047 17011 12482 14554 17508 4014 17682 9536 15206 2458 7397 3795 4878 3066 4303 14714 9482 5870 1743 18653 10764 15537 10211 11167 13090 517
internal_value=-0.0063134 0.0215508 -0.0352083 -0.0147101 -0.0407264 0.0289352 0.00621276 -0.0201967 -0.0319822 -0.0279137 0.0266594 -0.00106729 -0.0301487 0.0147853 0.0186705 0.0295708 -0.0279575 -0.0469643 -0.0330235 -0.00530428 0.0218762 0.00551153 0.0328878 0.0216753 -0.0275403 0.0313783 0.0277273 -0.0319844 0.034413 -0.0100955
internal_weight=371258 189000 182258 38657 143601 127578 61422 34664 59842 42334 110567 33215 38320 28207 19879 69797 19593 83759 30273 23679 13277 8328 3993 40770 15067 56520 25748 14715 30772 15071
internal_count=371258 189000 182258 38657 143601 127578 61422 34664 59842 42334 110567 33215 38320 28207 19879 69797 19593 83759 30273 23679 13277 8328 3993 40770 15067 56520 25748 14715 30772 15071
cat_boundaries=0 3 6 8 11 14 17 19 21 23 26 29
cat_threshold=2315297812 2416183296 3 2332082322 3493922560 2 1611923520 117445682 343999812 67117145 13 1552224340 202121273 13 18104320 321410306 14 277348352 1845248 1619787776 638132224 2315288592 2147483648 1577657424 68765769 5 536884228 1132632 4
is_linear=0
shrinkage=0.05


Tree=22
num_leaves=31
num_cat=10
split_feature=0 17 0 17 17 0 0 3 5 17 17 5 17 6 17 6 17 3 0 5 6 0 6 5 17 3 5 3 3 17
split_gain=81203.8 28738.8 15539.5 3255.24 2671.63 2890.35 2345.06 916.906 895.191 888.073 797.32 659.126 1022.99 658.866 653.333 648.317 613.964 574.649 428.72 494.688 410.392 402.572 371.418 354.459 340.481 332.647 332.069 302.869 292.484 275.456
threshold=7.5000000000000009 0 22.500000000000004 1 2 17.500000000000004 22.500000000000004 17.500000000000004 21.250000000000004 3 4 23.750000000000004 5 11.500000000000002 6 18.500000000000004 7 14.000000000000002 27.500000000000004 26.250000000000004 19.500000000000004 67.500000000000014 18.500000000000004 12.000000000000002 8 14.000000000000002 16.250000000000004 27.500000000000004 22.500000000000004 9
decision_type=2 9 2 9 9 2 2 2 2 9 9 2 9 2 9 2 9 2 2 2 2 2 2 2 9 2 2 2 2 9
left_child=10 3 4 14 11 7 9 13 22 25 -1 12 17 -6 -2 -11 -13 -3 27 -20 -9 -16 -8 -14 -15 -5 -26 29 -7 -4
right_child=1 2 18 6 5 28 8 20 -10 15 -12 16 23 24 21 -17 -18 -19 19 -21 -22 -23 -24 -25 26 -27 -28 -29 -30 -31
leaf_value=-0.2570103575259271 0.0073498412697179383 0.0073498412697179383 0.023267094942283961 0.0073498412697179383 -0.080314307935381107 0 0.18737695818420974 -0.062327975723224328 0.41200079452727112 0.18342080194477914 -0.24265015873028206 -0.060666897049884483 -0.12211323238839605 -0.065181040276046431 0.2361633576497697 -0.037500000000000006 0 -0.036586521773665392 0.18911115243876075 0.29189054967790112 -0.11380139557724683 1.5916756644821044 0.1024820486173546 0 -0.12011849156734043 0 -0.081947411990455521 -0.0053531835936356138 0 0.030033468721268265
leaf_weight=20032 17232 3717 3909 2415 9107 14830 32746 8002 28220 6790 68790 3422 2764 4419 22515 4621 3565 1021 20699 15967 2589 5523 10918 10181 16472 718 10748 4092 4510 10724
leaf_count=20032 17232 3717 3909 2415 9107 14830 32746 8002 28220 6790 68790 3422 2764 4419 22515 4621 3565 1021 20699 15967 2589 5523 10918 10181 16472 718 10748 4092 4510 10724
internal_value=-0.00130664 0.0118069 -0.00310187 0.0288692 -0.0153382 -0.0202817 0.0231721 -0.0264906 0.0268794 0.00486455 -0.0430051 -0.00116694 0.00396991 -0.0298974 0.0397383 -0.00161982 -0.0141692 0.0238206 0.0179605 0.021104 -0.013384 0.0349758 0.0223937 -0.00331146 -0.0333086 0.0283964 -0.0354058 0.0118051 -0.00381075 0.0151678
internal_weight=371258 282436 150738 131698 95347 70677 86428 51337 71884 14544 88822 24670 17683 40746 45270 11411 6987 4738 55391 36666 10591 28038 43664 12945 31639 3133 27220 18725 19340 14633
internal_count=371258 282436 150738 131698 95347 70677 86428 51337 71884 14544 88822 24670 17683 40746 45270 11411 6987 4738 55391 36666 10591 28038 43664 12945 31639 3133 27220 18725 19340 14633
cat_boundaries=0 3 6 8 10 13 15 17 19 21 23
cat_threshold=2583802902 2417838665 7 2315296786 2148796928 2 92815360 134227200 0 268435456 1418532164 170013785 5 0 1280 2315288578 1049088 0 1280 256 538968064 18366464 589305090
is_linear=0
shrinkage=0.05


Tree=23
num_leaves=31
num_cat=14
split_feature=0 0 17 0 17 0 17 3 6 5 17 17 3 5 17 17 6 0 3 6 17 6 17 17 0 17 5 17 17 17
split_gain=82480.6 17590.4 19697.1 8317.99 4159.18 1790.36 1242.43 1192.61 1245.63 1114.79 1379.61 950.259 672.564 565.393 622.906 521.288 493.44 431.855 370.548 365.041 352.45 351.166 343.262 337.092 304.181 298.636 285.178 271.618 269.037 264.906
threshold=17.500000000000004 7.5000000000000009 0 27.500000000000004 1 62.500000000000007 2 17.500000000000004 11.500000000000002 23.750000000000004 3 4 14.000000000000002 23.750000000000004 5 6 19.500000000000004 22.500000000000004 27.500000000000004 11.500000000000002 7 21.500000000000004 8 9 14.000000000000002 10 21.250000000000004 11 12 13
decision_type=2 2 9 2 9 2 9 2 2 2 9 9 2 2 9 9 2 2 2 2 9 2 9 9 2 9 2 9 9 9
left_child=1 11 25 6 9 13 28 8 22 10 12 -1 -4 14 -5 -15 -9 23 -19 -13 -11 -12 -6 -8 -14 -3 -25 -7 -2 -10
right_child=3 2 4 5 7 27 17 16 29 20 21 19 24 15 -16 -17 -18 18 -20 -21 -22 -23 -24 26 -26 -27 -28 -29 -30 -31
leaf_value=-0.23051765079376799 -0.011808167882488441 0.0069823492062320199 0.0069823492062320199 0.27953412061695887 -0.014046624532801477 1.3413081724186187 0 -0.05755049826372325 -0.010620837055005517 -0.073761706055522236 -0.033327469759863074 -0.23098715868223621 -0.036586521773665392 0.41389488690993836 0.1613129053536472 0.16794280044248602 -0.12651282994792065 0.050944012496069752 0.037643450636841359 -0.28634109145309211 -0.062334371652712051 -0.12651282994792065 -0.076298592538612028 0 0.0071578158207082692 0.0069823492062320199 0 0.8707561223241076 0 -0.11411256698897337
leaf_weight=65191 606 3100 5333 39458 3849 13846 7874 8159 7445 3865 9713 9756 681 27979 23088 20042 2906 16609 7907 13875 2262 1060 6099 13017 850 10162 4335 3165 11074 27952
leaf_count=65191 606 3100 5333 39458 3849 13846 7874 8159 7445 3865 9713 9756 681 27979 23088 20042 2906 16609 7907 13875 2262 1060 6099 13017 850 10162 4335 3165 11074 27952
internal_value=-0.00271738 -0.0267165 -0.0115716 0.0204257 -0.0209082 0.0277038 0.00530836 -0.0283002 -0.0318966 -0.00335661 0.00302489 -0.0426482 0.0205266 0.0253805 0.0222476 0.0294611 -0.0135879 0.00875342 0.013481 -0.0339854 -0.0217317 -0.00813781 -0.0162646 0.00416237 -0.00865447 0.0448538 0.000264946 0.0428047 -0.0093627 -0.0362898
internal_weight=371258 182258 93436 189000 80174 127578 61422 56410 45345 23764 17637 88822 6864 110567 62546 48021 11065 49742 24516 23631 6127 10773 9948 25226 1531 13262 17352 17011 11680 35397
internal_count=371258 182258 93436 189000 80174 127578 61422 56410 45345 23764 17637 88822 6864 110567 62546 48021 11065 49742 24516 23631 6127 10773 9948 25226 1531 13262 17352 17011 11680 35397
cat_boundaries=0 2 5 8 10 13 16 19 21 23 26 28 30 33 36
cat_threshold=2315288578 268698112 361264132 2698569 5 185909264 2434863106 2 16801792 3328 2868953234 4114678018 2 1241527296 1919049 1 302593044 135612489 13 0 2098432 1610678592 738214064 75576324 288841 1 0 268697600 12288 1394688 33587200 2147483648 2 65552 2281717792 10
is_linear=0
shrinkage=0.05


Tree=24
num_leaves=31
num_cat=13
split_feature=0 17 0 17 0 17 0 5 3 17 6 17 17 6 3 0 17 6 6 17 17 17 8 17 17 0 5 3 5 17
split_gain=79612 17389.8 11358.5 9205.52 8283.17 2309.49 1754.83 1585.06 1456.19 1425.52 1338.73 1093.64 668.287 638.779 619.662 597.658 565.268 556.946 548.913 512.847 423.669 420.013 398.504 393.18 387.13 334.047 278.391 245.727 230.96 230.159
threshold=17.500000000000004 0 7.5000000000000009 1 27.500000000000004 2 52.500000000000007 23.750000000000004 17.500000000000004 3 11.500000000000002 4 5 19.500000000000004 14.000000000000002 7.5000000000000009 6 11.500000000000002 18.500000000000004 7 8 9 24.500000000000004 10 11 22.500000000000004 21.250000000000004 27.500000000000004 18.750000000000004 12
decision_type=2 9 2 9 2 9 2 2 2 9 2 9 9 2 2 2 9 2 2 9 9 9 2 9 9 2 2 2 2 9
left_child=1 15 11 5 9 -4 18 14 10 -2 24 -3 -12 -10 16 -1 -7 -13 19 28 -8 -20 -21 -11 -5 26 -25 -27 -6 -9
right_child=4 2 3 8 6 7 20 29 13 23 12 17 -14 -15 -16 -17 -18 -19 21 22 -22 -23 -24 25 -26 27 -28 -29 -30 -31
leaf_value=-0.21899176825407959 0 -0.21899176825407959 0.0066332317459203878 -0.013344293306161426 0.22572006454301069 0.0066332317459203878 1.1737683530328458 -0.053945466894614214 -0.054672973350537113 0.022024055196414417 -0.060661602235231094 -0.23184049983270008 -0.052524976774252968 -0.11719004046340631 -0.032927869596298807 0.0066332317459203878 -0.04763205685865568 -0.27202403688043753 0.21973291590386987 0.20837334689051001 0.64451720698383319 0.072977097725564738 0.13126373084005002 0 -0.07248366291168136 0.026468292605492216 0 -0.00017122380364149593 0.33800490612846268 -0.059217653070076537
leaf_weight=168 13788 63228 5824 4456 15990 5328 15454 2778 10289 18010 8901 10525 30610 3243 3664 7452 1433 14901 11010 20241 14661 6528 16599 12038 7744 9801 4338 3447 27095 1714
leaf_count=168 13788 63228 5824 4456 15990 5328 15454 2778 10289 18010 8901 10525 30610 3243 3664 7452 1433 14901 11010 20241 14661 6528 16599 12038 7744 9801 4338 3447 27095 1714
internal_value=-0.00295845 -0.0265366 -0.0297622 -0.0168159 0.0197786 0.0121994 0.0270415 0.00176526 -0.0260379 0.00469294 -0.0298631 -0.0423218 -0.0343335 -0.0114396 0.0124652 0.0473657 0.0214391 -0.0334998 0.0237818 0.0255396 0.0375909 0.0157715 0.0211805 0.00879019 -0.0153852 0.00524398 0.0004702 0.0111489 0.0292551 -0.0230632
internal_weight=371258 182258 174638 85984 189000 20741 127578 14917 65243 61422 51711 88654 39511 13532 10425 7620 6761 25426 97463 79925 30115 17538 36840 47634 12200 29624 16376 13248 43085 4492
internal_count=371258 182258 174638 85984 189000 20741 127578 14917 65243 61422 51711 88654 39511 13532 10425 7620 6761 25426 97463 79925 30115 17538 36840 47634 12200 29624 16376 13248 43085 4492
cat_boundaries=0 2 5 7 10 13 15 17 20 22 25 28 30 32
cat_threshold=2147491840 262656 192992262 268963137 5 167804930 268435456 152322064 2435387394 2 184598674 4114678018 2 336068864 539172880 16793600 1280 1778463760 2148616265 13 0 1329152 378024980 1845320 1 109163524 135538761 4 1946222848 738279608 0 1280
is_linear=0
shrinkage=0.05


Tree=25
num_leaves=31
num_cat=11
split_feature=0 0 17 17 3 0 6 0 17 0 5 17 6 17 0 6 6 17 0 17 3 17 0 3 5 17 17 0 17 16
split_gain=76322.3 22973.3 16873.7 3654.46 2930.16 2653.17 1850.84 1353.94 1145.55 675.62 644.984 997.836 640.303 633.119 612.193 602.971 504.549 499.055 492.399 458.916 400.951 398.788 391.755 391.274 386.375 360.794 337.233 325.259 302.773 295.987
threshold=22.500000000000004 7.5000000000000009 0 1 17.500000000000004 47.500000000000007 11.500000000000002 27.500000000000004 2 17.500000000000004 23.750000000000004 3 19.500000000000004 4 72.500000000000014 11.500000000000002 18.500000000000004 5 17.500000000000004 6 14.000000000000002 7 17.500000000000004 27.500000000000004 26.250000000000004 8 9 14.000000000000002 10 39.937358333333343
decision_type=2 2 9 9 2 2 2 2 9 2 2 9 2 9 2 2 2 9 2 9 2 9 2 2 2 9 9 2 9 2
left_child=1 8 18 10 6 7 19 13 -1 17 11 20 23 -2 -7 -10 21 -8 25 -5 -4 -9 28 -6 -23 -3 -18 -22 -12 -13
right_child=5 2 3 4 12 14 9 16 15 -11 22 29 -14 -15 -16 -17 26 -19 -20 -21 27 24 -24 -25 -26 -27 -28 -29 -30 -31
leaf_value=-0.2080421798413756 -0.00096662539195442327 0.006301570158624337 0.006301570158624337 -0.068859479766097215 0 0.52986668420326344 -0.075332807130065585 0.29267915605794864 -0.22024847484106511 0 -0.051248193549883504 0.0028782547722336462 -0.048888170445646223 0.047295609111445459 1.6363380549854256 -0.25842283503641561 0.20499673212086159 -0.048237649262200491 0.00077379724017934137 0 -0.031281476116483908 0.14356656285644362 0 0 0.26168232465623603 0.006301570158624337 0.10944805556171265 0.0084463185094877605 -0.056256770416572621 -0.021671040097239039
leaf_weight=63394 3174 3283 3866 6960 17834 29653 7624 19607 10527 4967 2778 8671 5184 25033 10122 14901 6057 30006 918 6053 424 35239 1905 4958 17135 10162 9765 962 2152 7944
leaf_count=63394 3174 3283 3866 6960 17834 29653 7624 19607 10527 4967 2778 8671 5184 25033 10122 14901 6057 30006 918 6053 424 35239 1905 4958 17135 10162 9765 962 2152 7944
internal_value=-0.00347131 -0.0227476 -0.00907533 -0.0156027 -0.0208886 0.0231906 -0.027531 0.0193699 -0.0422429 -0.0325727 -0.00020723 0.00398317 -0.00769231 0.00983976 0.0343344 -0.0332141 0.0224315 -0.0348605 0.0419363 -0.0110274 0.0229571 0.0242085 -0.0136138 -0.00408477 0.0219113 0.0443845 0.0143471 -7.21501e-05 -0.0210548 -0.00202707
internal_weight=371258 215473 126651 112288 83586 155785 55610 116010 88822 42597 28702 21867 27976 28207 39775 25428 87803 37630 14363 13013 5252 71981 6835 22792 52374 13445 15822 1386 4930 16615
internal_count=371258 215473 126651 112288 83586 155785 55610 116010 88822 42597 28702 21867 27976 28207 39775 25428 87803 37630 14363 13013 5252 71981 6835 22792 52374 13445 15822 1386 4930 16615
cat_boundaries=0 2 5 8 10 12 14 17 19 21 23 25
cat_threshold=2315292674 268700160 294216708 134808905 5 2332082322 4114678018 2 9216 1280 0 19481600 67109120 539107344 1310720 52563970 8 167785472 1132616 4096 268699648 378019860 1845312 0 1280
is_linear=0
shrinkage=0.05


Tree=26
num_leaves=31
num_cat=12
split_feature=0 0 17 0 0 17 0 17 0 17 6 3 5 17 3 6 3 17 17 6 5 17 17 6 17 17 17 0 3 5
split_gain=70760.2 23704 13323.4 4491.68 2739.09 3376.17 2607.42 1577.42 1397.7 1318.09 1091.76 1087.81 1065.16 1064.51 984.893 809.209 716.862 585.699 584.111 574.239 484.528 512.248 407.348 345.232 324.543 315.487 315.193 294.964 291.23 284.808
threshold=7.5000000000000009 22.500000000000004 0 11.500000000000002 17.500000000000004 1 32.500000000000007 2 67.500000000000014 3 19.500000000000004 14.000000000000002 23.750000000000004 4 17.500000000000004 11.500000000000002 14.000000000000002 5 6 11.500000000000002 23.750000000000004 7 8 21.500000000000004 9 10 11 27.500000000000004 27.500000000000004 6.2500000000000009
decision_type=2 2 9 2 2 9 2 9 2 9 2 2 2 9 2 2 2 9 9 2 2 9 9 2 9 9 9 2 2 2
left_child=9 2 3 11 5 12 18 -5 20 -1 14 -2 13 16 15 -7 -4 -6 27 26 21 -8 -12 -15 -14 -22 -11 -3 -19 -28
right_child=1 6 4 7 17 10 8 -9 -10 19 22 -13 24 23 -16 -17 -18 28 -20 -21 25 -23 -24 -25 -26 -27 29 -29 -30 -31
leaf_value=-0.19764007084930679 0.0059864916506930932 -0.00091829412235675542 0.0059864916506930932 -0.005051663900432591 -0.0011012027598207297 -0.065416505777792372 0.3241020957074035 0.00073510737817041873 1.3309837095386052 0.0062836640860261641 0.017053635702085315 -0.037949871392690238 -0.048685783872389359 -0.011698197459607053 -0.051939324683010213 -0.10398172972176144 -0.029717402310659759 0 0.074255443461112056 -0.24550169328459479 0.1426091901585938 0.14905737413840078 -0.041029426235033299 -0.11338746798225979 -0.053443931895743903 0.36996274974279991 -0.21000603298183071 0.051260089678160807 0.0024444085222823375 -0.19047078986625846
leaf_weight=63394 14842 6584 5328 1855 8049 10670 26182 3252 12742 1044 428 567 2778 6238 8756 23595 1461 18211 45638 14901 4546 20526 12748 918 2352 34770 4424 4797 4603 5059
leaf_count=63394 14842 6584 5328 1855 8049 10670 26182 3252 12742 1044 428 567 2778 6238 8756 23595 1461 18211 45638 14901 4546 20526 12748 918 2352 34770 4424 4797 4603 5059
internal_value=-0.00299387 0.0092474 -0.00681755 0.0300594 -0.0139474 -0.0190921 0.022308 -0.0105639 0.0272229 -0.0419187 -0.0252593 0.0435427 -0.000909091 0.00625672 -0.021407 -0.0252313 0.0204221 -0.00140459 0.0137945 -0.0322431 0.0249337 0.021491 -0.0378567 -0.00720067 -0.0203899 0.0290238 -0.0233162 0.00364762 0.00268796 -0.0261719
internal_weight=371258 282436 126651 20516 106135 75272 155785 5107 98766 88822 56197 15409 19075 13945 43021 34265 6789 30863 57019 25428 86024 46708 13176 7156 5130 39316 10527 11381 22814 9483
internal_count=371258 282436 126651 20516 106135 75272 155785 5107 98766 88822 56197 15409 19075 13945 43021 34265 6789 30863 57019 25428 86024 46708 13176 7156 5130 39316 10527 11381 22814 9483
cat_boundaries=0 3 6 9 12 14 16 18 20 22 24 26 28
cat_threshold=2281747462 2416183808 2 360726544 599369 5 2281734144 2147483648 2 2332082322 4114678018 2 16793600 1280 126877712 18948096 18104320 321475842 1610621952 1394760 0 2097152 0 1280 18104576 606613792 1073743172 80
is_linear=0
shrinkage=0.05


Tree=27
num_leaves=31
num_cat=11
split_feature=0 17 0 17 17 0 0 17 5 17 6 3 17 0 17 3 5 3 6 17 8 0 6 6 6 17 17 17 5 0
split_gain=70794.5 22396.6 11984.5 4165.44 2995.32 2037.83 2016.75 1340.54 1085.54 1104.09 1026.71 982.454 835.955 1658.68 1423.85 875.739 722.038 716.862 670.301 651.173 504.49 502.155 574.836 445.988 363.274 346.867 342.112 340.481 332.069 326.565
threshold=7.5000000000000009 0 17.500000000000004 1 2 27.500000000000004 27.500000000000004 3 23.750000000000004 4 11.500000000000002 17.500000000000004 5 14.000000000000002 6 14.000000000000002 26.250000000000004 14.000000000000002 11.500000000000002 7 24.500000000000004 17.500000000000004 18.500000000000004 17.500000000000004 19.500000000000004 8 9 10 16.250000000000004 22.500000000000004
decision_type=2 9 2 9 9 2 2 9 2 9 2 2 9 2 9 2 2 2 2 9 2 2 2 2 2 9 9 9 2 2
left_child=7 3 4 19 8 12 29 -1 9 17 -6 27 13 15 -15 -5 23 -3 26 20 -2 22 -14 -7 -13 -10 -9 -12 -29 -4
right_child=1 2 6 5 10 16 -8 18 25 -11 11 24 21 14 -16 -17 -18 -19 -20 -21 -22 -23 -24 -25 -26 -27 -28 28 -30 -31
leaf_value=-0.18775806730684144 0.98797196675922416 0.0056871670681584163 0 0.0008115219592676582 -0.062145680488902677 0.23896253413074364 0.13765267000289436 0.0059694808817248209 -0.046251494678769857 -0.051959616004256227 -0.04421755295844268 -0.051003437122199458 0.0045467166500759324 -0.00479908070541093 0.059790246732011276 -0.040928022931946466 0.45237958925059463 -0.028231532195126797 -0.23322660862036504 0.0056871670681584163 0.29338896539333098 0.021695677429318039 -0.11242012785421443 0.16491578748731187 -0.091430302443784056 -0.040153319906793786 -0.19873574944992028 -0.098782643235673373 -0.061907195253573202 0.012378630318502105
leaf_weight=61644 7012 5328 26023 6102 10439 39134 34246 1155 2778 4384 4419 6670 4172 1326 5384 544 16886 1461 16540 16165 9448 10685 2480 16109 2589 2293 9483 16472 10748 19139
leaf_count=61644 7012 5328 26023 6102 10439 39134 34246 1155 2778 4384 4419 6670 4172 1326 5384 544 16886 1461 16540 16165 9448 10685 2480 16109 2589 2293 9483 16472 10748 19139
internal_value=-0.00287186 0.00937239 -0.00414391 0.024039 -0.0196202 0.0190952 0.0090268 -0.0418061 -0.00089824 0.007809 -0.025539 -0.0291163 0.00830645 0.0177016 0.000178838 0.0354198 0.0236888 0.0204221 -0.0324996 0.0396093 0.0325319 0.00105782 -0.0097264 0.020923 -0.014791 -0.0200848 -0.0227204 -0.0333086 -0.0354058 0.00208804
internal_weight=371258 282436 146989 135447 67581 102822 79408 88822 16244 11173 51337 40898 30693 13356 6710 6646 72129 6789 27178 32625 16460 17337 6652 55243 9259 5071 10638 31639 27220 45162
internal_count=371258 282436 146989 135447 67581 102822 79408 88822 16244 11173 51337 40898 30693 13356 6710 6646 72129 6789 27178 32625 16460 17337 6652 55243 9259 5071 10638 31639 27220 45162
cat_boundaries=0 3 5 7 10 12 15 18 20 22 24 26
cat_threshold=2592191494 2551532105 7 2315288578 1313280 84426768 533760 2332082322 4030791938 2 16793600 1280 13316 2415919168 2 0 2147483648 2 33554432 264192 0 1280 1073743172 83886160 256 538968064
is_linear=0
shrinkage=0.05


Tree=28
num_leaves=31
num_cat=12
split_feature=0 0 17 0 0 0 17 17 0 6 3 3 5 17 17 3 17 6 17 17 5 17 6 17 5 17 5 17 5 0
split_gain=66526.5 21301.8 12375.5 6394.91 2841.02 2757.68 3638.86 1631.62 1190.14 1179.3 1149.53 1018.65 839.224 1210.77 799.41 716.862 584.83 527.476 416.856 408.762 372.29 366.389 355.091 354.447 547.962 335.171 317.489 293.051 282.051 278.426
threshold=7.5000000000000009 22.500000000000004 0 14.000000000000002 37.500000000000007 17.500000000000004 1 2 72.500000000000014 11.500000000000002 17.500000000000004 14.000000000000002 23.750000000000004 3 4 14.000000000000002 5 11.500000000000002 6 7 23.750000000000004 8 21.500000000000004 9 21.250000000000004 10 16.250000000000004 11 12.000000000000002 14.000000000000002
decision_type=2 2 9 2 2 2 9 9 2 2 2 2 2 9 9 2 9 2 9 9 2 9 2 9 2 9 2 9 2 2
left_child=7 2 3 11 16 6 12 -1 23 27 21 -2 13 15 -5 -4 -3 25 -14 28 -12 -11 -15 -6 -25 -9 -23 -8 -7 -17
right_child=1 4 5 14 8 19 9 17 -10 10 20 -13 18 22 -16 29 -18 -19 -20 -21 -22 26 -24 24 -26 -27 -28 -29 -30 -31
leaf_value=-0.17837016394149938 0.005402808714750496 0.026470444514659165 0.005402808714750496 0.45984573585710697 0.42257154879710374 0.005059518997590118 0.0057542949672813931 0.0056710068376386149 1.4385733684212629 -0.042006675310520519 -0.070236049558632982 -0.036336736176463623 -0.043938919944831324 -0.033403180833564063 -0.0045591266701404008 -0.029129803475015949 0.074871660562454784 -0.22156527818934679 -0.041532664294419687 0 0.00081863692452017751 -0.093843511073889732 -0.10512011378293398 0.23770638300129043 0.33238784430546464 -0.1887989619774243 -0.058811835490894464 -0.0590383964644575 -0.0010461426218297376 0.010921449309302656
leaf_weight=61644 14692 17884 5328 477 18574 463 3728 1155 10122 5415 6974 431 2778 8580 2659 672 60024 16540 2559 28489 2886 16870 1076 20748 28433 9483 10802 7722 3261 789
leaf_count=61644 14692 17884 5328 477 18574 463 3728 1155 10122 5415 6974 431 2778 8580 2659 672 60024 16540 2559 28489 2886 16870 1076 20748 28433 9483 10802 7722 3261 789
internal_value=-0.0036449 0.00822452 -0.00700468 0.0310663 0.0206056 -0.0134195 -0.0186068 -0.0413873 0.0273592 -0.0255197 -0.0293257 0.044558 -0.00133076 0.00425965 -0.0338967 0.0204221 0.0138548 -0.0311314 -0.0185591 -0.00115637 -0.0143408 -0.0337912 -0.00711773 0.0249701 0.0227247 -0.0224572 -0.0361282 -0.0112664 -0.0167113 -0.0105749
internal_weight=371258 282436 126651 18259 155785 108392 76179 88822 77877 54397 42947 15123 21782 16445 3136 6789 77908 27178 5337 32213 9860 33087 9656 67755 49181 10638 27672 11450 3724 1461
internal_count=371258 282436 126651 18259 155785 108392 76179 88822 77877 54397 42947 15123 21782 16445 3136 6789 77908 27178 5337 32213 9860 33087 9656 67755 49181 10638 27672 11450 3724 1461
cat_boundaries=0 3 6 9 11 13 15 17 19 21 23 25 27
cat_threshold=2281742338 2416183808 2 361255956 599369 5 2332082322 4030791938 2 16793600 1280 0 264192 51659008 321475874 0 1280 100663312 73728 256 538968080 524288 1394688 1073743172 83886160 1610678336 738214064
is_linear=0
shrinkage=0.05


Tree=29
num_leaves=31
num_cat=13
split_feature=0 17 0 17 17 0 17 6 0 5 17 6 3 17 0 17 17 3 3 17 6 0 8 5 5 17 17 5 17 17
split_gain=64679.4 20793.5 11481 4365.55 3099.42 2014.91 1911.86 1889.19 1140.98 1088.23 1103.52 1016.65 1087.26 777.651 754.244 2197.98 813.191 716.862 704.71 682.989 583.29 571.303 538.395 441.07 359.638 354.314 321.438 302.828 283.566 280.571
threshold=7.5000000000000009 0 17.500000000000004 1 2 27.500000000000004 3 19.500000000000004 37.500000000000007 23.750000000000004 4 11.500000000000002 17.500000000000004 5 14.000000000000002 6 7 14.000000000000002 14.000000000000002 8 19.500000000000004 17.500000000000004 24.500000000000004 23.750000000000004 21.250000000000004 9 10 16.250000000000004 11 12
decision_type=2 9 2 9 9 2 9 2 2 2 9 2 2 9 2 9 9 2 2 9 2 2 2 2 2 9 9 2 9 9
left_child=6 3 4 13 9 29 -1 8 14 10 17 -6 25 22 16 -16 18 -3 -5 -9 28 -21 -2 -10 -14 -13 -11 -27 -8 -4
right_child=1 2 5 7 11 -7 20 19 23 26 -12 12 24 -15 15 -17 -18 -19 -20 21 -22 -23 -24 -25 -26 27 -28 -29 -30 -31
leaf_value=-0.16945165574442439 0.97276835952051577 0.0051326682790129759 0 0.00050080542556676379 -0.056086476641234562 0.12371160168896189 -0.1615705148015783 0.0053764505344575221 0.2609713331097005 -0.041741973947589717 -0.05120676023027429 -0.039906341544994464 -0.066235259113993375 0.0051326682790129759 -0.004331170336633417 0.09335287003322322 -0.0054171636047581021 -0.025363465411619671 -0.036069020696733033 -0.1041616637453994 -0.21048701427987943 -0.00045489936989824288 0.30705767530905564 0.38038616217677446 -0.001891034797890967 -0.089151335520195218 -0.046687436090896033 -0.055871243716349821 -0.1808470057011542 0
leaf_weight=61044 6546 5328 18228 4939 10702 37212 10270 8028 20291 2778 4997 5415 6144 16165 1893 30970 1736 1461 305 2288 7898 5186 8847 22483 3116 16072 2026 10747 9610 28533
leaf_count=61044 6546 5328 18228 4939 10702 37212 10270 8028 20291 2778 4997 5415 6144 16165 1893 30970 1736 1461 305 2288 7898 5186 8847 22483 3116 16072 2026 10747 9610 28533
internal_value=-0.00375372 0.00794977 -0.00455033 0.0226734 -0.0196959 0.0078555 -0.0409685 0.0174663 0.0204734 -0.000861446 0.00731376 -0.0256771 -0.0292259 0.0388526 0.0143852 0.0112147 0.0293123 0.0204221 0.039094 0.00145143 -0.0300489 -0.0094201 0.0307375 0.0261444 -0.0141253 -0.0335639 -0.0209201 -0.0359294 -0.025493 0.000946301
internal_weight=371258 282436 152759 129677 68786 83973 88822 98119 82617 16590 11786 52196 41494 31558 39843 32863 6980 6789 5244 15502 27778 7474 15393 42774 9260 32234 4804 26819 19880 46761
internal_count=371258 282436 152759 129677 68786 83973 88822 98119 82617 16590 11786 52196 41494 31558 39843 32863 6980 6789 5244 15502 27778 7474 15393 42774 9260 32234 4804 26819 19880 46761
cat_boundaries=0 3 5 7 10 12 14 17 20 23 25 27 29 32
cat_threshold=2550248470 2551532105 7 2281734146 1313280 92815360 533760 2332082322 4097900800 2 16793600 1280 0 264192 0 2415919104 2 16 2415919104 2 268447764 2415919104 3 256 538968080 0 1280 537133056 2245634 18350400 2229680 8
is_linear=0
shrinkage=0.05


Tree=30
num_leaves=31
num_cat=13
split_feature=0 17 0 17 17 17 5 0 5 17 3 17 6 3 6 0 0 17 3 6 17 8 17 17 17 0 17 17 0 5
split_gain=63880.5 18525.8 9307.85 3979.24 2490.21 1894.22 1815.3 1797.27 1051.2 1082.29 1048.19 795.655 771.195 716.862 694.922 681.544 1211.74 2799.81 941.146 609.518 558.922 440.415 370.271 359.453 353.116 328.086 306.298 286.8 278.426 277.724
threshold=7.5000000000000009 0 17.500000000000004 1 2 3 16.250000000000004 27.500000000000004 23.750000000000004 4 17.500000000000004 5 11.500000000000002 14.000000000000002 19.500000000000004 37.500000000000007 14.000000000000002 6 14.000000000000002 19.500000000000004 7 24.500000000000004 8 9 10 17.500000000000004 11 12 14.000000000000002 28.750000000000004
decision_type=2 9 2 9 9 9 2 2 2 9 2 9 2 2 2 2 2 9 2 2 9 2 9 9 9 2 9 9 2 2
left_child=5 3 4 11 8 -1 14 27 9 13 12 -2 -6 -3 22 16 18 -18 -8 26 -16 -13 -5 -10 -14 -22 -7 -4 -15 -17
right_child=1 2 7 6 10 19 15 -9 23 -11 -12 21 24 28 20 29 17 -19 -20 -21 25 -23 -24 -25 -26 -27 -28 -29 -30 -31
leaf_value=-0.16097907295720315 0.0048760348650623625 0.0048760348650623625 0 0.039447063439988918 -0.053282152809172881 -0.15349198906149938 0.0023457047722301285 0.11746518694928057 -0.039654875250210254 -0.045744870522588334 -0.044482764385280406 0.81800628202417414 -0.037911024467744706 -0.026405140030684216 0.00023198289884387437 0.27095914185760339 -0.0041146118198017055 0.15312062440067536 -0.035261333941689267 -0.19996266356588546 -0.099198226553909225 0.25745214141957556 0.13710568053484984 -0.0029628115972458072 -0.059299155730875346 -0.0054616523638909347 -0.18389969966134087 0 0.011643550114418489 0.43245051700247483
leaf_weight=61044 14207 5328 18228 9455 9370 11029 5231 37283 2778 5258 10592 7187 14157 672 5611 23392 2278 15784 515 7898 2090 9226 17710 2323 18077 3155 8851 28754 789 12986
leaf_count=61044 14207 5328 18228 9455 9370 11029 5231 37283 2778 5258 10592 7187 14157 672 5611 23392 2278 15784 515 7898 2090 9226 17710 2323 18077 3155 8851 28754 789 12986
internal_value=-0.00367804 0.00795295 -0.0037746 0.0219351 -0.0173425 -0.0406622 0.017024 0.00739038 -0.00080429 0.00725077 -0.0227713 0.0376755 -0.0263508 0.0204221 0.00847295 0.0224288 0.0158518 0.00948954 0.035851 -0.0297934 -0.00221997 0.0301133 0.0127462 -0.0198294 -0.0300211 -0.0139391 -0.0251358 0.000885445 -0.0105749 0.0267332
internal_weight=371258 282436 153609 128827 69344 88822 98207 84265 17148 12047 52196 30620 41604 6789 38021 60186 23808 18062 5746 27778 10856 16413 27165 5101 32234 5245 19880 46982 1461 36378
internal_count=371258 282436 153609 128827 69344 88822 98207 84265 17148 12047 52196 30620 41604 6789 38021 60186 23808 18062 5746 27778 10856 16413 27165 5101 32234 5245 19880 46982 1461 36378
cat_boundaries=0 3 5 7 10 12 14 17 20 23 25 27 29 32
cat_threshold=2550248454 2551532105 7 2281701378 1313280 92815376 533760 2332082322 4097900800 2 16793600 1280 2147483650 1049088 32768 2415919104 2 268480516 2415919104 3 268500996 134217728 1 0 1280 1610612992 606208146 537657344 2245634 18350400 2229680 8
is_linear=0
shrinkage=0.05


Tree=31
num_leaves=31
num_cat=14
split_feature=0 0 17 0 17 3 17 3 3 6 0 0 17 6 17 0 17 17 17 0 5 17 17 17 17 17 5 5 17 6
split_gain=60750.4 18136 9102.61 3495.46 4637.01 2211.17 2128.36 2116.91 1136.78 1040.57 892.975 866.769 829.639 788.786 641.002 630.167 585.795 510.597 465.128 398.921 385.343 351.281 338.572 330.981 323.132 304.072 397.718 300.165 292.771 268.817
threshold=7.5000000000000009 27.500000000000004 0 17.500000000000004 1 14.000000000000002 2 62.500000000000007 17.500000000000004 10.500000000000002 14.000000000000002 11.500000000000002 3 19.500000000000004 4 37.500000000000007 5 6 7 22.500000000000004 21.250000000000004 8 9 10 11 12 21.250000000000004 12.000000000000002 13 21.500000000000004
decision_type=2 2 9 2 9 2 9 2 2 2 2 2 9 2 9 2 9 9 9 2 2 9 9 9 9 9 2 2 9 2
left_child=6 2 11 4 5 10 -1 15 9 -6 12 -2 -4 22 -7 28 29 -13 -11 20 23 -21 -8 27 -9 -17 -27 -18 -3 -5
right_child=1 7 3 16 8 14 13 24 -10 18 -12 17 -14 -15 -16 25 19 -19 -20 21 -22 -23 -24 -25 -26 26 -28 -29 -30 -31
leaf_value=-0.15293011930934297 0.0046322331218092037 0.031698044529933612 0.0046322331218092037 -0.0084523458145557839 -0.048635132992227971 -0.022775035139504497 -0.15001567177257302 0.9944747959881689 -0.043703868090227263 -0.042230162252985259 -0.003908881228811634 -0.003908881228811634 -0.060333077564620918 -0.1927557024205574 -0.025084883029149997 0.32303644770087986 0.0048065430477105767 0.44851492897707745 -0.050112723743988501 0.053748976929043658 0 0.00046712152064394276 -0.1692334271804472 0 0.38042779023332757 0.21224787239922416 0.27891320213627752 -0.00099383549073817079 0.10053990613586272 0.017766642399127619
leaf_weight=58390 8773 10887 10792 3501 8066 4424 11579 13764 11722 14667 2996 353 2396 8698 6405 16435 675 1188 22701 13900 9299 11276 10155 16702 2925 19923 25320 4558 38324 464
leaf_count=58390 8773 10887 10792 3501 8066 4424 11579 13764 11722 14667 2996 353 2396 8698 6405 16435 675 1188 22701 13900 9299 11276 10155 16702 2925 19923 25320 4558 38324 464
internal_value=-0.00419924 0.00714321 -0.00435689 -0.00759578 -0.0141816 0.00289198 -0.0402659 0.0211024 -0.0222475 -0.0258331 0.0145947 0.0410015 0.0201926 -0.0295053 -0.0145951 0.0186037 0.00158427 0.00645685 -0.0293486 0.00289082 -0.000883652 0.00757467 -0.0244226 -0.00449966 0.0377045 0.0219706 0.019834 -0.0154587 0.014384 -0.0169686
internal_weight=371258 282436 154858 144544 84169 27013 88822 127578 57156 45434 16184 10314 13188 30432 10829 110889 60375 1541 37368 56410 31234 25176 21734 21935 16689 61678 45243 5233 49211 3965
internal_count=371258 282436 154858 144544 84169 27013 88822 127578 57156 45434 16184 10314 13188 30432 10829 110889 60375 1541 37368 56410 31234 25176 21734 21935 16689 61678 45243 5233 49211 3965
cat_boundaries=0 3 6 9 11 13 15 18 20 23 25 27 29 31 33
cat_threshold=2147491842 1313280 2 360764436 2416518473 5 2332082322 3561029888 2 16810000 2415985920 32784 2415985920 167804944 2416508928 2147483648 0 2 1611137280 606208144 343938372 139769 12 537133056 539100162 92274688 553661696 268447744 1329152 537395200 1132608 51660032 19486114
is_linear=0
shrinkage=0.05


Tree=32
num_leaves=31
num_cat=12
split_feature=0 0 17 0 17 17 0 3 6 3 6 0 17 0 17 17 17 6 17 0 17 0 17 5 5 17 17 3 6 0
split_gain=59878 16816.7 9512.65 3363.36 3783.56 2215.69 2029.84 1691.59 1018.76 1384.51 830.888 745.832 938.274 659.142 604.87 587.095 422.902 415.113 783.878 407.849 383.791 321.305 352.571 324.755 314.089 406.189 313.651 311.119 492.877 561.566
threshold=7.5000000000000009 27.500000000000004 0 17.500000000000004 1 2 67.500000000000014 14.000000000000002 11.500000000000002 14.000000000000002 19.500000000000004 14.000000000000002 3 37.500000000000007 4 5 6 19.500000000000004 7 11.500000000000002 8 22.500000000000004 9 12.000000000000002 23.750000000000004 10 11 17.500000000000004 19.500000000000004 14.000000000000002
decision_type=2 2 9 2 9 9 2 2 2 2 2 2 9 2 9 9 9 2 9 2 9 2 9 2 2 9 9 2 2 2
left_child=5 2 19 4 7 -1 13 11 16 -10 20 12 -4 -3 -5 -9 -6 -14 -19 -2 -7 22 23 -16 25 -15 -23 28 -11 -30
right_child=1 6 3 14 8 10 -8 15 9 27 -12 -13 17 24 21 -17 -18 18 -20 -21 -22 26 -24 -25 -26 -27 -28 -29 29 -31
leaf_value=-0.14528361334387579 0.0044006214657187574 0.080706599629209563 0.0044006214657187574 -0.0080297285238280832 0.0013135040462489479 -0.14251488818394434 1.1018949703998266 -0.027116378315252911 -0.079223174770442301 -0.031050900578886067 -0.18311791729952953 -0.0037134371673710476 0.00012686825958647675 0.26017539237503939 0.0045662158953250652 -0.01173889726803763 -0.048186288519102762 0.0044006214657187574 -1.1227902188792883e-05 0.13620221177896605 -0.16077175582142483 0.051061528082591505 0 -0.00094414371620121784 0.29310464771443334 0.15565739986139049 0.00044376544461179892 -0.044173985288119777 -0.017280890130276474 0.0012591415169538323
leaf_weight=58390 8021 49701 6820 3984 4492 11579 12742 4365 20581 9907 8698 3121 5199 22719 498 7146 7469 785 1138 1572 10155 13900 27010 3726 31308 11108 11276 10268 1033 2547
leaf_count=58390 8021 49701 6820 3984 4492 11579 12742 4365 20581 9907 8698 3121 5199 22719 498 7146 7469 785 1138 1572 10155 13900 27010 3726 31308 11108 11276 10268 1033 2547
internal_value=-0.00434092 0.0069198 -0.00415413 -0.00733953 -0.0137579 -0.0401477 0.0203617 0.00106353 -0.0212771 -0.0247744 -0.0291702 0.0110561 0.016002 0.0182608 0.00167897 -0.0137477 -0.00833124 0.00328099 -0.0165627 0.0440435 -0.0239533 0.00300957 -0.000377793 -0.0137931 0.0215698 0.0182295 0.00721322 -0.0165502 -0.021543 -0.00564246
internal_weight=371258 282436 154858 145265 84871 88822 127578 28574 56297 44336 30432 17063 13942 114836 60394 11511 11961 7122 1923 9593 21734 56410 31234 4224 65135 33827 25176 23755 13487 3580
internal_count=371258 282436 154858 145265 84871 88822 127578 28574 56297 44336 30432 17063 13942 114836 60394 11511 11961 7122 1923 9593 21734 56410 31234 4224 65135 33827 25176 23755 13487 3580
cat_boundaries=0 2 5 8 11 14 17 19 21 23 25 27 30
cat_threshold=2147524610 1313280 394286100 2416518473 7 2332082322 3561029888 2 50331664 268436480 2 167772176 2416508928 2 16 2415985920 2 1610678592 738214064 16384 65792 537133056 539100162 75497472 8192 1879057408 1394760 343938372 139769 12
is_linear=0
shrinkage=0.05


Tree=33
num_leaves=31
num_cat=14
split_feature=0 0 17 0 17 17 3 6 3 0 3 6 17 17 5 5 17 17 3 17 5 17 17 17 17 0 17 6 17 6
split_gain=57649.8 16818.2 9198.46 4039.61 2889.2 2418.1 2016.37 1215.02 1441.71 1036.55 975.541 705.243 598.907 591.072 1144.41 812.377 729.076 586.021 526.074 506.089 483.352 479.723 460.568 408.786 395.348 361.626 354.62 318.337 315.807 472.583
threshold=7.5000000000000009 27.500000000000004 0 17.500000000000004 1 2 62.500000000000007 11.500000000000002 14.000000000000002 11.500000000000002 14.000000000000002 19.500000000000004 3 4 23.750000000000004 16.250000000000004 5 6 14.000000000000002 7 23.750000000000004 8 9 10 11 77.500000000000014 12 11.500000000000002 13 19.500000000000004
decision_type=2 2 9 2 9 9 2 2 2 2 2 2 9 9 2 2 9 9 2 9 2 9 9 9 9 2 9 2 9 2
left_child=5 2 9 4 10 -1 12 22 -9 18 13 24 -3 14 -4 21 -16 26 -2 -12 23 -15 -6 -14 -7 -8 -5 -19 29 -17
right_child=1 6 3 17 7 11 25 8 -10 -11 19 -13 20 15 16 28 -18 27 -20 -21 -22 -23 -24 -25 -26 -27 -28 -29 -30 -31
leaf_value=-0.13801943267668199 0.0041805903924328367 0.034028774459635085 0.0041805903924328367 -0.0092508730998238416 -0.045776974093147606 -0.13538914377474712 0.50156196373938655 -0.075262016031920176 -0.029854819923274434 0.00031002168050164869 -0.020280464466766637 -0.17396202143455303 0.55779927345533908 -1.0666507079371002e-05 0.0043071068970744978 0.00012052484660713959 -0.054038240414901399 0.0034926657628417956 -0.02576055939949029 -0.023243694014290651 0.21154814926147161 -0.065020465136803193 0.0012478288439364605 0.14244559384749353 -0.1469117868731456 1.6396563076687691 -0.00018774341605034552 0 -0.032985110850941093 -0.00011635260074864817
leaf_weight=58390 9511 9616 5255 644 6196 12124 10271 21454 23071 2104 3834 8698 1707 987 588 1375 1776 10077 250 8249 42586 3401 5386 56980 9610 6418 16561 32886 1099 154
leaf_count=58390 9511 9616 5255 644 6196 12124 10271 21454 23071 2104 3834 8698 1707 987 588 1375 1776 10077 250 8249 42586 3401 5386 56980 9610 6418 16561 32886 1099 154
internal_value=-0.00475788 0.00629134 -0.00478309 -0.00829388 -0.0154573 -0.0398921 0.0197338 -0.0218998 -0.0256564 0.0375032 -0.00191934 -0.0284278 0.0172952 0.00676119 0.0163914 -0.00371477 -0.0124788 0.00156562 0.0443961 -0.0124348 0.0184271 -0.016887 -0.00747712 0.0154864 -0.023622 0.0359368 -0.00623003 0.00468783 0.0182648 0.032846
internal_weight=371258 282436 154858 142993 82825 88822 127578 56107 44525 11865 26718 30432 110889 14635 7619 7016 2364 60168 9761 12083 101273 4388 11582 58687 21734 16689 17205 42963 2628 1529
internal_count=371258 282436 154858 142993 82825 88822 127578 56107 44525 11865 26718 30432 110889 14635 7619 7016 2364 60168 9761 12083 101273 4388 11582 58687 21734 16689 17205 42963 2628 1529
cat_boundaries=0 2 5 8 10 12 13 16 18 20 23 25 27 30 32
cat_threshold=2147491842 269748736 394843156 2148083017 5 2332082322 3561029888 2 51659008 19404194 16810000 66816 32784 780189712 2164858882 2 32784 2147550464 0 2147483648 135528448 52432898 8 0 1048576 537133056 539116546 167804928 2147483648 2 0 2147483648
is_linear=0
shrinkage=0.05


Tree=34
num_leaves=31
num_cat=11
split_feature=0 17 0 17 17 17 5 0 3 0 0 6 6 6 3 3 6 3 17 17 5 6 17 17 17 6 0 6 17 17
split_gain=58323.9 15370.3 6980.85 4308.57 2451.33 2448.8 2237.79 1493.68 1015.02 891.087 885.841 1283.13 777.194 718.193 638.26 585.344 551.853 554.732 499.057 468.665 466.569 420.373 403.789 399.316 363.579 353.414 348.67 503.445 914.178 344.707
threshold=7.5000000000000009 0 17.500000000000004 1 2 3 16.250000000000004 27.500000000000004 14.000000000000002 22.500000000000004 14.000000000000002 19.500000000000004 10.500000000000002 19.500000000000004 22.500000000000004 67.500000000000014 19.500000000000004 17.500000000000004 4 5 10.750000000000002 17.500000000000004 6 7 8 18.500000000000004 14.000000000000002 19.500000000000004 9 10
decision_type=2 9 2 9 9 9 2 2 2 2 2 2 2 2 2 2 2 2 9 9 2 2 9 9 9 2 2 2 9 9
left_child=5 3 4 -2 8 -1 9 18 26 25 16 12 20 23 -14 21 17 -6 -4 -10 -12 -8 -23 -7 -9 -5 27 -3 -29 -20
right_child=1 2 7 6 10 13 15 24 19 -11 11 -13 14 -15 -16 -17 -18 -19 29 -21 -22 22 -24 -25 -26 -27 -28 28 -30 -31
leaf_value=-0.13111846104284788 0.0039715608728111643 0.0039715608728111643 9.3871708024551026e-06 0.034000959376709348 -0.078666829977615482 -0.12861968658600978 0.20244236162545626 0.026747931762183087 -0.01926644124342829 0.090304664220127506 0.016642405882015689 0.0059814277577561192 -0.028005614553778015 -0.16526392036282536 -0.068648818190570546 0.80061506342127764 -0.025853086695033944 -0.050981298787848718 -0.0087883294448326769 -0.022081509313576133 -0.043488125388490229 0.0012027714711896566 0.14544047668369187 -0.13956619752948832 0.12265748833355411 -0.013634356772034019 -0.034589103547145506 -1.0133181725358043e-05 0.0039715608728111643 0
leaf_weight=58084 14207 7748 19159 6250 18310 12124 43518 8762 3214 32829 1432 4469 14657 8963 2786 7158 7391 2738 595 4763 2313 4145 11362 9651 28512 4639 2015 897 1089 27478
leaf_count=58084 14207 7748 19159 6250 18310 12124 43518 8762 3214 32829 1432 4469 14657 8963 2786 7158 7391 2738 595 4763 2313 4145 11362 9651 28512 4639 2015 897 1089 27478
internal_value=-0.00451478 0.00659884 -0.00372842 0.0197723 -0.0149617 -0.0398539 0.0164192 0.00608418 0.000131739 0.00764216 -0.0204617 -0.0137292 -0.0188645 -0.0284051 -0.0233016 0.0222195 -0.0265428 -0.0224154 0.000178904 -0.0136329 0.0018024 0.020582 0.0135133 -0.0235109 0.0135671 -0.0047525 0.0094774 0.0133963 -0.00906344 -0.00406652
internal_weight=371258 282436 158328 124108 73822 88822 109901 84506 19726 43718 54096 25657 21188 30738 17443 66183 28439 21048 47232 7977 3745 59025 15507 21775 37274 10889 11749 9734 1986 28073
internal_count=371258 282436 158328 124108 73822 88822 109901 84506 19726 43718 54096 25657 21188 30738 17443 66183 28439 21048 47232 7977 3745 59025 15507 21775 37274 10889 11749 9734 1986 28073
cat_boundaries=0 3 5 7 10 13 15 17 19 21 23 25
cat_threshold=2415997974 404048457 7 2147483650 1049088 125878272 2148017408 2332082322 3493921024 2 538460416 539100578 8 32768 2147484928 65536 134299649 537133056 539116546 51659008 19404066 67108864 2147491840 167804928 2147483648
is_linear=0
shrinkage=0.05


Tree=35
num_leaves=31
num_cat=12
split_feature=0 0 17 17 0 17 0 0 6 6 6 17 5 17 6 5 17 17 3 17 3 0 17 17 5 17 6 17 0 3
split_gain=53684 17419.4 10726.1 3480.13 2741.2 2509.62 2485.83 1417.71 741.58 716.961 705.942 644.748 616.558 716.56 670.15 580.184 1175.81 744.043 549.548 440.444 425.655 415.51 381.807 372.509 375.163 350.126 328.026 312.751 283.044 276.011
threshold=7.5000000000000009 22.500000000000004 0 1 37.500000000000007 2 14.000000000000002 72.500000000000014 19.500000000000004 19.500000000000004 11.500000000000002 3 23.750000000000004 4 10.500000000000002 23.750000000000004 5 6 17.500000000000004 7 17.500000000000004 17.500000000000004 8 9 23.750000000000004 10 18.500000000000004 11 11.500000000000002 14.000000000000002
decision_type=2 2 9 9 2 9 2 2 2 2 2 9 2 9 2 2 9 9 2 9 2 2 9 9 2 9 2 9 2 2
left_child=5 2 28 15 11 -1 10 23 19 12 25 -3 14 -14 -8 16 29 21 22 -7 -16 -17 -12 -6 -25 -5 27 -18 -2 -4
right_child=1 4 3 6 7 8 9 -9 -10 -11 18 -13 13 -15 20 17 26 -19 -20 -21 -22 -23 -24 24 -26 -27 -28 -29 -30 -31
leaf_value=-0.12456253799070548 0.0037729828291706013 -0.0019813422701753683 0.0037729828291706013 0.0031405686107762957 0.38589697801317019 -0.12316546441248787 -0.0001746332881420898 1.1524129853452174 -0.15700072434468409 0.00054302033753099725 -0.021861042009947963 0.057567308268621886 -0.011728227574567996 0 -0.021881005863421434 -0.03320021552945214 -0.0021685531007578974 8.9178122623323471e-06 -0.089448891658960514 -0.13258788765301391 -0.00012268978465428406 5.4590779450869324e-05 -0.06756557373144334 0.18796981958389197 0.26200059940090625 -0.047714882514490055 -0.0084468540520449952 0.010859343662246524 0.27763461670248868 0.0014562325792056186
leaf_weight=58084 7384 13161 4748 1834 5466 12845 6416 10122 8963 7439 2286 64747 1221 10857 11598 4103 8438 4727 3688 8930 10178 898 21295 31056 31233 4387 6099 6063 574 2418
leaf_count=58084 7384 13161 4748 1834 5466 12845 6416 10122 8963 7439 2286 64747 1221 10857 11598 4103 8438 4727 3688 8930 10178 898 21295 31056 31233 4387 6099 6063 574 2418
internal_value=-0.00587529 0.0047871 -0.00898453 -0.0127528 0.0159832 -0.0397796 -0.0185706 0.0226171 -0.0281905 -0.0112432 -0.0290146 0.00935206 -0.0138776 -0.0044254 -0.0179271 -0.000151984 0.0035295 -0.01066 -0.0324819 -0.023217 -0.0221115 -0.024077 -0.035289 0.0200096 0.0189 -0.0138161 -0.00254246 0.00154817 0.0471762 0.0209588
internal_weight=371258 282436 126651 118693 155785 88822 81199 77877 30738 47709 33490 77908 40270 12078 28192 37494 27766 9728 27269 21775 21776 5001 23581 67755 62289 6221 20600 14501 7958 7166
internal_count=371258 282436 126651 118693 155785 88822 81199 77877 30738 47709 33490 77908 40270 12078 28192 37494 27766 9728 27269 21775 21776 5001 23581 67755 62289 6221 20600 14501 7958 7166
cat_boundaries=0 2 5 8 11 14 16 18 20 22 24 26 28
cat_threshold=2147483650 264704 864678916 136840521 5 2332082322 3493921024 2 51380224 287921154 1 134217744 268435456 2 33562624 2098432 33554432 2098432 538181632 539116546 134218000 65552 0 1114112 201326912 2751553712 814219264 134742016
is_linear=0
shrinkage=0.05


Tree=36
num_leaves=31
num_cat=14
split_feature=0 17 0 17 17 17 5 5 0 17 6 3 6 17 0 6 0 17 17 17 17 17 0 17 0 17 17 3 0 6
split_gain=57121.7 13266.7 6872.35 4529.91 2588.84 2515.51 1956.13 1676.59 1065.63 822.099 728.195 701.487 855.99 1061.24 1026.14 977.022 688.511 664.648 660.822 500.736 447.339 364.973 348.913 338.886 336.389 312.795 311.137 274.886 426.333 260.041
threshold=7.5000000000000009 0 17.500000000000004 1 2 3 16.250000000000004 23.750000000000004 27.500000000000004 4 19.500000000000004 17.500000000000004 19.500000000000004 5 14.000000000000002 10.500000000000002 22.500000000000004 6 7 8 9 10 82.500000000000014 11 37.500000000000007 12 13 14.000000000000002 14.000000000000002 13.500000000000002
decision_type=2 9 2 9 9 9 2 2 2 9 2 2 2 9 2 2 2 9 9 9 9 9 2 9 2 9 9 2 2 2
left_child=5 3 4 -2 7 -1 16 9 18 27 20 12 15 14 -14 26 29 22 -4 -9 -7 -17 -8 -10 25 -19 -6 -3 -29 -5
right_child=1 2 8 6 11 10 17 19 23 -11 -12 -13 13 -15 -16 21 -18 24 -20 -21 -22 -23 -24 -25 -26 -27 -28 28 -30 -31
leaf_value=-0.11833441109117021 0.0035843336877120716 0.0035843336877120716 8.4719216491890851e-06 0.1384863513704831 0.0033190172523219989 -0.11700719119186345 0.25289529700113283 -0.031540204752979493 0.023138044124394599 -0.0033699022874428054 -0.14915068812744989 -0.032112512731191423 -0.069362674999277382 0.002282217178456847 0.001944153493999945 -0.024897191519430085 0.084826325226062427 -0.031588424827878735 -0.00016723547804744501 -0.0037251998764581632 -0.12595849327036321 -0.043161520803992118 1.4926532617818027 0.11118040273591455 0.1967355046847665 0.11933387493040684 -0.041304987454658632 -0.018375930810217156 0.004606733954825604 -0.0034372399732382599
leaf_weight=58084 14207 4556 26741 4544 1633 12845 23207 4103 8762 7939 8963 10379 3124 4359 1415 7090 32798 1541 20614 2524 8930 21185 2808 28550 23213 12752 5517 482 1469 6924
leaf_count=58084 14207 4556 26741 4544 1633 12845 23207 4103 8762 7939 8963 10379 3124 4359 1415 7090 32798 1541 20614 2524 8930 21185 2808 28550 23213 12752 5517 482 1469 6924
internal_value=-0.00472892 0.00626956 -0.00318008 0.0186961 -0.0141188 -0.0397019 0.0151948 0.000775506 0.00660942 0.0103281 -0.0280994 -0.019853 -0.0225966 -0.0087323 -0.025621 -0.026079 0.00712737 0.0208191 0.00163024 -0.0200468 -0.0231711 -0.0302546 0.0269683 0.0129288 0.0165423 0.0105121 -0.00956643 0.0234847 0.0078165 -0.00341821
internal_weight=371258 282436 160442 121994 75775 88822 107787 21073 84667 14446 30738 54702 44323 8898 4539 35425 44266 63521 47355 6627 21775 28275 26015 37312 37506 14293 7150 6507 1951 11468
internal_count=371258 282436 160442 121994 75775 88822 107787 21073 84667 14446 30738 54702 44323 8898 4539 35425 44266 63521 47355 6627 21775 28275 26015 37312 37506 14293 7150 6507 1951 11468
cat_boundaries=0 3 5 7 10 12 15 17 20 22 24 26 28 30 32
cat_threshold=2415997958 2283096649 5 2147483650 1049088 125878272 69739776 2332082322 3493921024 2 33554432 2098432 1610613056 536870960 10 12288 2147764288 1612464448 33686962 8 33554432 2098432 538181632 539116546 671613200 536871056 51659008 19404066 0 65536 1744830544 176
is_linear=0
shrinkage=0.05


Tree=37
num_leaves=31
num_cat=12
split_feature=0 17 0 17 17 17 0 5 17 0 6 17 3 6 17 6 0 0 5 3 5 17 17 17 3 0 0 17 0 17
split_gain=55472.8 12705 6698.21 4769.58 2552.77 2437.32 2071.44 1211.66 1551.2 1074.13 981.62 1167.8 885.539 979.827 799.443 737.25 663.475 637.528 506.732 485.627 473.412 451.674 436.21 420.307 408.688 512.874 386.656 346.6 333.352 315.674
threshold=7.5000000000000009 0 17.500000000000004 1 2 3 37.500000000000007 23.750000000000004 4 27.500000000000004 19.500000000000004 5 17.500000000000004 10.500000000000002 6 19.500000000000004 82.500000000000014 14.000000000000002 12.000000000000002 14.000000000000002 23.750000000000004 7 8 9 14.000000000000002 14.000000000000002 11.500000000000002 10 14.000000000000002 11
decision_type=2 9 2 9 9 9 2 2 9 2 2 9 2 2 9 2 2 2 2 2 2 9 9 9 2 2 2 9 2 9
left_child=4 3 5 -2 -1 7 18 8 24 14 12 17 13 -7 -4 21 20 -12 26 -13 -8 -6 -9 -20 -3 -26 -5 -16 -21 -11
right_child=1 2 9 6 15 10 16 22 -10 29 11 19 -14 -15 27 -17 -18 -19 23 28 -22 -23 -24 -25 25 -27 -28 -29 -30 -31
leaf_value=-0.11241769053661171 0.0034051170033264633 0.0034051170033264633 -0.0020517636718174969 -0.086694154156167352 -0.11115683163227029 -0.033120878214665785 0.17889910988673707 -0.029963194515330561 -0.02365233194345855 0.021981141918174886 -0.065894541249313487 0.0021681063195339691 -0.030506887094631809 -0.02711948850976853 -4.2359608247721782e-07 -0.14169315372107741 1.4180205986927128 0.0022654953578054916 -0.0029809812706697693 -0.083370821439452847 0.257263175941355 -0.11966056860684504 -0.039911660422026519 0.085815324218251915 -0.017457134269706298 0.004376397257084364 0.0023932243241232779 8.49421617985513e-06 0.0059352225686189371 0.10534222030501628
leaf_weight=58084 14207 6266 5770 2181 12845 6151 30696 4103 12330 8762 3027 3451 6563 27394 21776 8963 3556 1394 6775 848 25284 8930 2485 26104 782 1740 10518 20182 1502 28589
leaf_count=58084 14207 6266 5770 2181 12845 6151 30696 4103 12330 8762 3027 3451 6563 27394 21776 8963 3556 1394 6775 848 25284 8930 2485 26104 782 1740 10518 20182 1502 28589
internal_value=-0.00519235 0.00564623 -0.00342406 0.0180443 -0.0396568 -0.0140038 0.0143659 -0.00208905 0.00375036 0.00627946 -0.0205582 -0.00673058 -0.0240875 -0.0273737 0.0013095 -0.0279693 0.0205086 -0.0260551 0.00634517 0.00802788 0.0191783 -0.0230103 -0.0208106 0.00962164 0.0197886 0.00281523 -0.00213796 0.00370997 -0.00948936 0.0126302
internal_weight=371258 282436 163115 119321 88822 78036 105114 27706 21118 85079 50330 10222 40108 33545 47728 30738 59536 4421 45578 5801 55980 21775 6588 32879 8788 2522 12699 41958 2350 37351
internal_count=371258 282436 163115 119321 88822 78036 105114 27706 21118 85079 50330 10222 40108 33545 47728 30738 59536 4421 45578 5801 55980 21775 6588 32879 8788 2522 12699 41958 2350 37351
cat_boundaries=0 3 5 8 10 12 15 18 20 22 24 26 28
cat_threshold=2416030726 135613001 5 2147483650 1049088 2332082322 3493921024 2 663240704 69739936 50348032 2098432 1073742144 536870928 8 176160784 2418540544 2 538181632 539116546 33554432 2098432 268435456 81920 1158414336 117449744 51659008 19404066
is_linear=0
shrinkage=0.05


Tree=38
num_leaves=31
num_cat=14
split_feature=0 17 0 17 17 17 0 5 17 0 6 17 3 6 0 6 5 16 17 17 3 0 17 6 17 17 17 5 17 17
split_gain=56468 11712.4 6116.23 4893.11 2564.94 2382.71 1770.8 1190.5 1514.94 915.988 849.327 1178.95 906.87 1042.5 807.919 739.693 675.225 675.097 672.343 475.205 460.102 483.535 459.355 438.748 384.521 372.921 341.077 319.612 309.917 308.039
threshold=7.5000000000000009 0 17.500000000000004 1 2 3 37.500000000000007 23.750000000000004 4 27.500000000000004 19.500000000000004 5 17.500000000000004 10.500000000000002 14.000000000000002 19.500000000000004 16.250000000000004 70.100866666666676 6 7 14.000000000000002 14.000000000000002 8 17.500000000000004 9 10 11 23.750000000000004 12 13
decision_type=2 9 2 9 9 9 2 2 9 2 2 9 2 2 2 2 2 2 9 9 2 2 9 2 9 9 9 2 9 9
left_child=4 3 5 -2 -1 7 23 8 20 18 12 14 13 -7 -12 22 -13 27 -4 -9 -3 -22 -6 25 -25 -5 -20 -8 -11 -15
right_child=1 2 9 6 15 10 17 19 -10 28 11 16 -14 29 -16 -17 -18 -19 26 -21 21 -23 -24 24 -26 -27 -28 -29 -30 -31
leaf_value=-0.10679680600978113 0.0032348611531601182 0.0032348611531601182 8.0695053709334271e-06 0.00068255782132276011 -0.10559899005065679 -0.037583694171192408 0.16199315891892213 -0.028465034789564039 -0.022469715346285658 0.020882084822266125 -0.062599814186847791 0.0020597010035572796 -0.028981542739900237 -0.022443332848532463 0.0029715691312910408 -0.13460849603502353 -0.0061987413932254043 0.34711956875807748 -0.02089108963905666 -0.0092041838112130406 -0.019513739317437651 0.0041575773942301277 -0.11367754017650281 0.0082728369640686413 -0.022731960140719744 0.038943014928794997 -5.628552055405578e-05 0.21543552698307844 0.10019523788483475 -0.039647470338304118
leaf_weight=58084 14207 6427 23990 6758 12845 5848 26046 4103 12330 8762 3590 3160 6425 3989 1838 8963 1119 16532 595 2782 788 1834 8930 7769 9580 25408 22868 16958 28583 20147
leaf_count=58084 14207 6427 23990 6758 12845 5848 26046 4103 12330 8762 3590 3160 6425 3989 1838 8963 1119 16532 595 2782 788 1834 8930 7769 9580 25408 22868 16958 28583 20147
internal_value=-0.00486993 0.00606544 -0.00289469 0.0176356 -0.0396422 -0.0133598 0.0140366 -0.00192403 0.00389869 0.00628435 -0.0203638 -0.00722674 -0.0238718 -0.0275247 -0.0226738 -0.027927 0.0123922 0.0198485 0.00167429 -0.0200073 0.0194227 0.00179252 -0.0229598 0.0070514 0.000642688 0.010508 -0.00434329 0.0165473 0.0121422 -0.0321139
internal_weight=371258 282436 159178 123258 88822 74380 109051 28264 21379 84798 46116 9707 36409 29984 5428 30738 4279 59536 47453 6885 9049 2622 21775 49515 17349 32166 23463 43004 37345 24136
internal_count=371258 282436 159178 123258 88822 74380 109051 28264 21379 84798 46116 9707 36409 29984 5428 30738 4279 59536 47453 6885 9049 2622 21775 49515 17349 32166 23463 43004 37345 24136
cat_boundaries=0 3 5 8 10 12 15 18 20 22 25 28 30 32 34
cat_threshold=2415997958 404048457 7 2147483650 1049088 2332082322 3493921024 2 663240720 69739936 50348048 2098432 1073774912 537002000 8 538460480 537007538 8 33554432 2098432 538181632 539116546 268447748 268699648 3 268435456 65536 1 167804928 2147483648 51659008 19404066 134217984 536870928
is_linear=0
shrinkage=0.05


Tree=39
num_leaves=31
num_cat=13
split_feature=0 17 0 17 17 17 5 17 0 5 6 17 6 17 3 6 17 0 17 5 17 17 3 0 17 6 3 5 5 17
split_gain=55233.4 11385.2 8726.42 3472.25 2656 2591.25 1231.78 1304.03 1134.82 835.602 750.882 621.759 600.148 1311.96 966.386 1013.77 591.272 506.71 476.777 450.039 387.64 356.57 354.277 421.438 303.557 303.293 294.413 292.343 291.288 288.676
threshold=7.5000000000000009 0 17.500000000000004 1 2 3 23.750000000000004 4 32.500000000000007 23.750000000000004 19.500000000000004 5 19.500000000000004 6 17.500000000000004 10.500000000000002 7 14.000000000000002 8 16.250000000000004 9 10 14.000000000000002 14.000000000000002 11 21.500000000000004 37.500000000000007 28.750000000000004 14.500000000000002 12
decision_type=2 9 2 9 9 9 2 9 2 2 2 9 2 9 2 2 9 2 9 2 9 9 2 2 9 2 2 2 2 9
left_child=5 3 4 -2 6 -1 7 22 11 26 18 21 14 17 15 29 -8 -14 -7 20 -15 -4 -3 -24 -17 -23 -5 -10 -13 -6
right_child=1 2 8 9 12 10 16 -9 27 -11 -12 28 13 19 -16 24 -18 -19 -20 -21 -22 25 23 -25 -26 -27 -28 -29 -30 -31
leaf_value=-0.10145696570929208 0.0030731180955021033 0.0030731180955021033 -0.019846535157103773 0.056073101100124138 0.0066882950089988576 -0.10031904054812393 -0.027041783050085845 -0.014178314831679995 0.097455146590325198 0.40249117645577032 -0.12787807123327233 -0.00015470439400075975 -0.059469823477505381 0.00088730939022294572 -0.025871386929565521 -0.024641347441853513 -0.0057807406318310054 -0.0017486842445988415 -0.10799366316767767 -0.0058888043235641348 0.0019567159533794508 -0.00087021764062189533 -0.015608590590349093 0.0039496985245186522 -0.035423490847438989 0.043137364021477609 0.19852170701157343 0.2029968414001477 0.00025074716168971278 -0.035704509462632754
leaf_weight=58084 14207 5780 782 15386 1880 12845 4103 13702 30042 17168 8963 6831 3894 2624 7559 5598 3422 1606 8930 1331 1699 18482 669 1689 22969 722 22603 17614 54812 5262
leaf_count=58084 14207 5780 782 15386 1880 12845 4103 13702 30042 17168 8963 6831 3894 2624 7559 5598 3422 1606 8930 1331 1699 18482 669 1689 22969 722 22603 17614 54812 5262
internal_value=-0.00522063 0.00559454 -0.000133751 0.0231874 -0.012703 -0.0396107 -0.000580426 0.0054304 0.00801214 0.0175023 -0.027836 0.00443286 -0.0192405 -0.00890264 -0.02191 -0.025348 -0.0180266 -0.0262613 -0.0228312 0.00801554 0.015857 -0.00323065 0.021269 0.00496183 -0.0295603 -0.00187363 0.0133683 0.014143 0.00691694 -0.00849902
internal_weight=371258 282436 213072 69364 83787 88822 29365 21840 129285 55157 30738 81629 54422 11154 43268 35709 7525 5500 21775 5654 4323 19986 8138 2358 28567 19204 37989 47656 61643 7142
internal_count=371258 282436 213072 69364 83787 88822 29365 21840 129285 55157 30738 81629 54422 11154 43268 35709 7525 5500 21775 5654 4323 19986 8138 2358 28567 19204 37989 47656 61643 7142
cat_boundaries=0 2 4 7 10 12 15 18 20 22 24 27 29 31
cat_threshold=2147496962 1329736 2147483650 1049088 931184660 69805345 5 2332082322 3493921024 2 50364416 2098432 192970768 2435391488 3 1073807680 939524112 8 33554432 2098432 538181632 539116546 0 50462850 32768 2415919104 2 134807808 671088784 1208025408 144
is_linear=0
shrinkage=0.05


Tree=40
num_leaves=31
num_cat=12
split_feature=0 17 17 0 17 17 0 5 17 6 0 6 17 0 3 6 0 0 17 17 0 17 0 17 3 17 17 16 5 6
split_gain=53872 11611.6 5295.47 4933.49 2619.59 1969.14 1606.2 824.861 1380.77 762.963 715.03 679.149 948.092 1065.44 709.766 788.142 652.514 570.782 701.717 523.032 592.361 1497.82 510.821 498.816 498.793 493.923 398.247 394.219 355.506 342.448
threshold=7.5000000000000009 0 1 22.500000000000004 2 3 37.500000000000007 23.750000000000004 4 19.500000000000004 82.500000000000014 19.500000000000004 5 14.000000000000002 22.500000000000004 11.500000000000002 17.500000000000004 27.500000000000004 6 7 11.500000000000002 8 14.000000000000002 9 14.000000000000002 10 11 70.06795000000001 16.250000000000004 18.500000000000004
decision_type=2 9 9 2 9 9 2 2 9 2 2 2 9 2 2 2 2 2 9 9 2 9 2 9 2 9 9 2 2 2
left_child=4 2 -2 5 -1 7 19 8 -3 23 27 14 13 -13 15 -7 -17 18 29 20 24 -22 -21 -6 -4 -18 -9 -8 -14 -5
right_child=1 3 6 17 9 11 10 26 -10 -11 -12 12 28 -15 -16 16 25 -19 -20 22 21 -23 -24 -25 -26 -27 -28 -29 -30 -31
leaf_value=-0.096384117423827492 0.0029194621907270069 0.0029194621907270069 0.0011676876424891347 -0.0038826629751568479 -0.095303088520717741 -0.027800424122241197 0.15848406159616141 -0.025689693897581557 -0.00018275729769392515 -0.1214841676716087 1.3096390314973854 -0.056496332303630138 0.0018588801557104517 0.0022807785805071036 -8.1240095518353431e-06 -0.035893922279016978 1.2631612506197599e-06 0.065398852741007305 0.03283961024864155 -0.079788724322570656 -0.0070625096963689241 0.12541083002881664 0.013651832975690149 -0.10259398000929379 -0.027878296562596286 -8.1240095518353431e-06 -1.34012835033559e-06 0.25104726362618485 -0.0055943641073858963 0.053298990087837339
leaf_weight=58084 14207 7119 4295 5001 13096 11120 41695 6973 23991 8963 3556 3516 3473 3274 5962 23881 2675 37345 14062 2858 1413 15088 26299 8679 500 4145 3296 14285 1489 918
leaf_count=58084 14207 7119 4295 5001 13096 11120 41695 6973 23991 8963 3556 3516 3473 3274 5962 23881 2675 37345 14062 2858 1413 15088 26299 8679 500 4145 3296 14285 1489 918
internal_value=-0.00561335 0.0050677 0.0165105 -0.00391406 -0.0395769 -0.0105684 0.0127969 -0.00218778 0.00186757 -0.0277384 0.0183603 -0.0163901 -0.00562457 -0.01775 -0.0190413 -0.0213421 -0.0254731 0.00779925 0.00097843 0.00623452 0.0121891 0.00769953 0.00188055 -0.0226935 0.0276642 -0.0118328 -0.0144756 0.0169793 0.0109815 -0.0134508
internal_weight=371258 282436 124196 158240 88822 100914 109989 41379 31110 30738 59536 59535 11752 6790 47783 41821 30701 57326 19981 50453 21296 16501 29157 21775 4795 6820 10269 55980 4962 5919
internal_count=371258 282436 124196 158240 88822 100914 109989 41379 31110 30738 59536 59535 11752 6790 47783 41821 30701 57326 19981 50453 21296 16501 29157 21775 4795 6820 10269 55980 4962 5919
cat_boundaries=0 3 5 8 10 12 15 17 20 23 25 27 29
cat_threshold=2416030726 404048457 7 2147483650 1049088 2332082322 3493921024 2 663240720 69739936 33554432 2098432 1073742144 537002000 8 679477248 86508544 46084 268699712 2 32768 268435456 2 538181632 539116578 1048832 553648130 570441728 2098432
is_linear=0
shrinkage=0.05


Tree=41
num_leaves=31
num_cat=13
split_feature=0 17 0 17 17 17 6 6 0 17 3 6 17 0 0 0 8 17 17 5 17 17 3 0 3 17 17 0 0 17
split_gain=54689.9 10500.6 6939.94 2969.68 2669.06 2327.12 919.57 784.133 744.862 723.105 634.719 854.266 1195.42 833.205 581.151 572.23 557.942 555.693 533.313 489.075 974.469 927.937 440.415 437.987 344.423 339.81 337.151 327.87 319.581 315.196
threshold=7.5000000000000009 0 22.500000000000004 1 2 3 11.500000000000002 19.500000000000004 77.500000000000014 4 22.500000000000004 19.500000000000004 5 14.000000000000002 17.500000000000004 17.500000000000004 23.500000000000004 6 7 23.750000000000004 8 9 14.000000000000002 17.500000000000004 17.500000000000004 10 11 14.000000000000002 27.500000000000004 12
decision_type=2 9 2 9 9 9 2 2 2 9 2 2 9 2 2 2 2 9 9 2 9 9 2 2 2 9 9 2 2 9
left_child=4 3 5 -2 -1 19 14 18 -5 28 11 15 13 -13 25 26 29 -17 -6 21 23 22 -3 -21 -19 -7 -8 -24 -4 -11
right_child=1 2 9 8 7 6 10 -9 -10 16 -12 12 -14 -15 -16 17 -18 24 -20 20 -22 -23 27 -25 -26 -27 -28 -29 -30 -31
leaf_value=-0.091564911552636116 0.002773489081190661 0.002773489081190661 -0.0024183559309998159 0.1402749201737617 -0.090537934094681874 0.0063782488738429958 -0.021614583955809952 -0.11540995928802827 1.1102624201825699 0.05574882506343562 -0.00012728735443623407 -0.060839430435739944 0.0017659361479249293 -0.00013426061774879372 0.0012342666618263111 1.2000031880177177e-06 0.050071158560486856 -4.597569781950029e-06 -0.09746428100882909 -0.024405209202702505 0.00020578847269163704 1.0138553328431498e-06 -0.014974134170368015 0.0014936210509095106 -9.7192978577353987e-06 -0.032529262783389079 -0.050839716438903261 0.0012236587004645473 0.023485891006284378 0.17536107757058536
leaf_weight=58084 14207 4009 7390 33938 13096 4213 5231 8963 3964 13548 9611 3099 6126 2234 4389 3758 57429 1827 8679 4103 6253 25164 373 898 3703 7098 20660 1330 9420 28461
leaf_count=58084 14207 4009 7390 33938 13096 4213 5231 8963 3964 13548 9611 3099 6126 2234 4389 3758 57429 1827 8679 4103 6253 25164 373 898 3703 7098 20660 1330 9420 28461
internal_value=-0.00529793 0.00546389 0.000877627 0.0257305 -0.0395184 -0.00788357 -0.0133472 -0.0275693 0.0184111 0.00947543 -0.0163354 -0.0187465 -0.00688978 -0.0241718 -0.00264968 -0.0226087 0.0110963 -0.0119617 -0.0224546 0.00144993 -0.0074729 0.00470268 0.0228766 -0.0238974 -0.0220217 -0.00864203 -0.0264281 0.0016148 -0.000118906 0.0154764
internal_weight=371258 282436 230327 52109 88822 114079 71949 30738 37902 116248 56249 46638 11459 5333 15700 35179 99438 9288 21775 42130 11254 30876 5712 5001 5530 11311 25891 1703 16810 42009
internal_count=371258 282436 230327 52109 88822 114079 71949 30738 37902 116248 56249 46638 11459 5333 15700 35179 99438 9288 21775 42130 11254 30876 5712 5001 5530 11311 25891 1703 16810 42009
cat_boundaries=0 2 4 7 10 12 15 17 19 21 23 25 28 30
cat_threshold=2147491842 269765184 2147483650 1049088 2332082322 3493921024 2 864080916 69207465 7 588513296 86512642 1140916544 671088656 8 68747520 553648130 538181632 539116578 33554432 2098432 33587200 1280 1275134272 671162384 201916672 134291472 8 1283473664 570499329
is_linear=0
shrinkage=0.05


Tree=42
num_leaves=31
num_cat=14
split_feature=0 17 0 17 17 17 0 0 3 17 0 17 5 6 6 0 8 17 17 17 6 3 17 17 17 17 0 5 0 17
split_gain=53327.9 10583 7125.32 2859.1 2690.14 2114.69 1286.76 1023.68 906.848 1231.75 1163.24 1054.86 810.95 793.176 681.035 626.877 611.878 572.773 560.173 527.247 496.871 584.889 494.493 394.648 364.293 326.453 313.03 431.595 311.024 295.148
threshold=7.5000000000000009 0 22.500000000000004 1 2 3 14.000000000000002 42.500000000000007 14.000000000000002 4 14.000000000000002 5 23.750000000000004 19.500000000000004 11.500000000000002 17.500000000000004 23.500000000000004 6 7 8 19.500000000000004 22.500000000000004 9 10 11 12 17.500000000000004 10.750000000000002 17.500000000000004 13
decision_type=2 9 2 9 9 9 2 2 2 9 2 9 2 2 2 2 2 9 9 9 2 2 9 9 9 9 2 2 2 9
left_child=4 5 3 8 -1 -2 18 17 10 -10 11 -3 22 19 26 -11 -7 -4 -5 -6 21 23 -13 -16 -22 -17 27 -8 -25 -30
right_child=1 2 7 6 13 16 14 -9 9 15 -12 12 -14 -15 20 25 -18 -19 -20 -21 24 -23 -24 28 -26 -27 -28 -29 29 -31
leaf_value=-0.086986665975004318 0.0026348146271311101 0.0019909581436250434 0.05699582183364154 -0.052583014584000054 -0.086011037389947781 0.58788790468984864 0.019924989020968821 0.20962005206281839 -0.0055019260174565161 -0.019585375216414482 -0.0082596335727593839 0.0028485022874376932 -0.041519639650912148 -0.10963946132362686 -0.0091826751093791788 -0.00018160282440238262 0.17725902922069992 0.0046894414984103962 -0.052583014584000054 -0.092591066958387647 -0.026345061683124095 -3.3549301360125131e-06 -0.064179700223180716 -0.020241135647191211 0.0020953113406335434 0.00011264349917396999 0.0011725533287350487 -0.030902799644219672 4.0678480984546184e-05 -1.315306127782634e-05
leaf_weight=58084 14207 7738 54280 11329 13096 7811 1587 36891 1782 13168 5974 3136 1388 8963 7386 4062 14107 36499 17347 8679 881 6639 2648 6859 5490 6062 4457 4135 2634 3939
leaf_count=58084 14207 7738 54280 11329 13096 7811 1587 36891 1782 13168 5974 3136 1388 8963 7386 4062 14107 36499 17347 8679 881 6639 2648 6859 5490 6062 4457 4135 2634 3939
internal_value=-0.00570196 0.00492501 0.00121772 -0.00760403 -0.0394936 0.0301937 -0.0137751 0.00941568 0.00215802 -0.00425142 0.00985443 0.0173239 0.00348092 -0.0274977 -0.00840662 -0.00117586 0.0204305 0.00656154 -0.0220184 -0.0223536 -0.0118186 -0.0147376 0.011722 -0.0188587 0.000761262 0.00817859 0.00293251 -0.00480601 -0.0137182 -0.00595618
internal_weight=371258 282436 246311 118641 88822 36125 72683 127670 45958 25074 20884 14910 7172 30738 44007 23292 21918 90779 28676 21775 33828 27457 5784 20818 6371 10124 10179 5722 13432 6573
internal_count=371258 282436 246311 118641 88822 36125 72683 127670 45958 25074 20884 14910 7172 30738 44007 23292 21918 90779 28676 21775 33828 27457 5784 20818 6371 10124 10179 5722 13432 6573
cat_boundaries=0 2 5 8 10 13 16 19 21 23 25 27 29 32 34
cat_threshold=2147491842 1313280 864080916 2216691177 7 2332082322 3493921024 2 2147483650 1049088 32784 2147483648 2 50364432 2147484672 2 1141462340 704774649 8 202178816 570503184 538181632 539116578 16384 69206272 1208221696 302059520 65536 939606016 327159812 2097160 4 1572864 553648130
is_linear=0
shrinkage=0.05


Tree=43
num_leaves=31
num_cat=12
split_feature=0 17 0 17 17 0 5 6 17 17 17 6 3 17 17 6 0 8 0 17 5 17 6 17 5 3 0 3 17 0
split_gain=53107.6 10318.2 7910.8 2767.91 2692.05 1748.49 1259.69 957.677 1566.59 947.188 891.869 875.378 1041.36 848.27 834.693 794.001 643.904 627.22 546.449 528.785 527.933 490.943 442.212 426.527 382.644 375.008 431.028 324.849 278.7 257.589
threshold=7.5000000000000009 0 17.500000000000004 1 2 32.500000000000007 23.750000000000004 19.500000000000004 3 4 5 10.500000000000002 17.500000000000004 6 7 19.500000000000004 14.000000000000002 24.500000000000004 14.000000000000002 8 28.750000000000004 9 16.500000000000004 10 16.250000000000004 11.500000000000002 11.500000000000002 14.000000000000002 11 27.500000000000004
decision_type=2 9 2 9 9 2 2 2 9 9 9 2 2 9 9 2 2 2 2 9 2 9 2 9 2 2 2 2 9 2
left_child=4 10 3 6 -1 13 14 11 16 -8 17 28 -13 22 25 19 -9 -2 23 -6 -7 -15 -4 -11 27 -3 -27 -10 -5 -23
right_child=1 2 5 7 15 20 9 8 24 18 -12 12 -14 21 -16 -17 -18 -19 -20 -21 -22 29 -24 -25 -26 26 -28 -29 -30 -31
leaf_value=-0.082637332676254088 0.94923580141652053 0.0025352667199499026 0.0052620383137115924 0.0064287395699203394 -0.081710485520450377 0.10513674398516848 -0.022431399904265528 -0.065476673627600943 0.0043067900697287163 -0.04959126900020925 0.0025030738957745771 -0.029090691977574502 -0.025204478715148238 -0.018554669058817197 -0.0011054232778833217 -0.10415748825744552 -0.00032323175905082382 0.18229025642543634 -0.0053502446397441176 -0.08796151361046825 0.22496475113902081 -7.0284102532625075e-06 0.00042092637177955085 9.595114187579413e-05 -0.0027737919802127923 -0.013246158701028944 0.0001801278881056412 0.0032162624202373815 -0.029357659662008651 0.019406513010260796
leaf_weight=58084 3338 5797 25415 3369 13096 60571 4103 4185 2925 932 14207 29197 7778 1244 9554 8963 2319 4381 1728 8679 24917 31230 16799 1551 1351 691 3556 1735 5083 14480
leaf_count=58084 3338 5797 25415 3369 13096 60571 4103 4185 2925 932 14207 29197 7778 1244 9554 8963 2319 4381 1728 8679 24917 31230 16799 1551 1351 691 3556 1735 5083 14480
internal_value=-0.00576957 0.00483543 0.00206203 -0.0103653 -0.0394913 0.00817092 0.00257145 -0.0165948 -0.00435078 -0.0137359 0.037769 -0.0199716 -0.0232901 0.00327247 0.00949076 -0.0274912 -0.0213387 0.023994 0.00294954 -0.0223444 0.0132802 -0.0013521 0.00841465 0.0179823 0.0140425 0.0195445 0.00827643 0.0208584 -0.00545433 -0.000505249
internal_weight=371258 282436 260510 85854 88822 174656 27912 57942 12515 8314 21926 45427 36975 89168 19598 30738 6504 7719 4211 21775 85488 46954 42214 2483 6011 10044 4247 4660 8452 45710
internal_count=371258 282436 260510 85854 88822 174656 27912 57942 12515 8314 21926 45427 36975 89168 19598 30738 6504 7719 4211 21775 85488 46954 42214 2483 6011 10044 4247 4660 8452 45710
cat_boundaries=0 2 5 8 10 12 14 17 20 22 25 27 29
cat_threshold=2147483650 1311232 125891604 2698593 15 2332082322 3493921024 2 1073807680 939671704 33554432 2098432 0 262144 1612018948 704649545 12 50372608 2100480 8 538181632 539116578 33587216 2415919104 2 16793600 65536 2013331776 67125400
is_linear=0
shrinkage=0.05


Tree=44
num_leaves=31
num_cat=12
split_feature=0 17 0 17 17 0 6 17 17 17 0 17 3 6 0 0 8 17 5 17 3 6 17 17 2 17 5 3 0 6
split_gain=53254.4 10157.8 6380.39 2703.59 2174.08 1767.08 995.261 1477.26 1107.83 936.54 901.817 1364.5 1085.3 798.958 784.89 615.729 598.325 578.401 759.422 532.92 517.579 539.186 426.519 410.93 379.126 370.798 350.702 310.136 358.116 285.033
threshold=7.5000000000000009 0 27.500000000000004 1 2 17.500000000000004 19.500000000000004 3 4 5 14.000000000000002 6 14.000000000000002 19.500000000000004 42.500000000000007 14.000000000000002 24.500000000000004 7 23.750000000000004 8 17.500000000000004 10.500000000000002 9 10 22.500000000000004 11 28.750000000000004 14.000000000000002 14.000000000000002 11.500000000000002
decision_type=2 9 2 9 9 2 2 9 9 9 2 9 2 2 2 2 2 9 2 9 2 2 9 9 2 9 2 2 2 2
left_child=3 9 4 -1 10 6 8 15 -6 16 12 -12 17 19 25 -8 -2 -3 23 -5 21 -10 -7 -19 -13 -4 -16 -9 -29 -24
right_child=1 2 14 13 5 22 7 27 20 -11 11 24 -14 -15 26 -17 -18 18 -20 -21 -22 -23 29 -25 -26 -27 -28 28 -30 -31
leaf_value=-0.078505466042441407 0.90177401134569457 0.0018866126793499307 0.073733299112861778 -0.077624961244427845 -0.016685649036927954 -0.0016440697502146052 -0.064267823300349303 0.0040914505662422943 -0.027889776678908264 0.0023779202009858837 -0.0046728509509971873 -0.010915175950129807 -0.017072268839772687 -0.098949613844573223 0.16670128070599635 0.0018951464683635067 0.17317574360416438 0.0025793138370683089 -0.038322087673153239 -0.083563437929944862 -0.025140995954059345 -0.031107106626479999 0.0010903408631172341 -0.073260291001323988 0.047385846857937786 0.016497705580368383 0.27687473031985482 -0.024592194394737102 0.0060602276522724102 -5.3075214518472087e-06
leaf_weight=58084 3338 6524 37673 13096 16135 6486 3813 3673 5002 14207 1628 12360 2627 8963 31000 2302 4381 4014 1092 8679 5599 22321 8873 870 9243 28976 16181 1201 2210 30707
leaf_count=58084 3338 6524 37673 13096 16135 6486 3813 3673 5002 14207 1628 12360 2627 8963 31000 2302 4381 4014 1092 8679 5599 22321 8873 870 9243 28976 16181 1201 2210 30707
internal_value=-0.00570951 0.00491014 0.00215838 -0.0394778 -0.0047348 -0.00835672 -0.0138509 -0.001663 -0.0171301 0.0375866 0.00549416 -0.000690887 0.0149964 -0.0274522 0.011041 -0.019649 0.0234765 0.021136 0.00983963 -0.0222893 -0.0223886 -0.0252333 -0.000933443 0.0182842 0.00264424 0.00754775 0.0159757 0.0138709 0.0030343 0.00101541
internal_weight=371258 282436 260510 88822 146680 108322 62256 13199 49057 21926 38358 23231 15127 30738 113830 6115 7719 12500 5976 21775 32922 27323 46066 4884 21603 66649 47181 7084 3411 39580
internal_count=371258 282436 260510 88822 146680 108322 62256 13199 49057 21926 38358 23231 15127 30738 113830 6115 7719 12500 5976 21775 32922 27323 46066 4884 21603 66649 47181 7084 3411 39580
cat_boundaries=0 2 5 8 10 12 14 17 20 22 24 27 30
cat_threshold=2147483650 1311232 2332082322 3493921024 2 318829572 2147487049 15 1140916544 671834128 76087632 136929424 0 262144 32768 2147483648 2 32768 2147484672 2 538181632 539116578 142606352 269041666 50348032 256 8 1812493380 771885256 8
is_linear=0
shrinkage=0.05


Tree=45
num_leaves=31
num_cat=13
split_feature=0 17 0 17 17 0 17 6 5 17 17 0 6 17 17 0 8 17 3 0 17 0 3 17 5 6 1 17 17 0
split_gain=53032.9 10031.4 5836.73 2703.59 1759.22 1654.43 1011.42 798.958 775.24 1268.21 756.752 736.456 641.473 1376.41 731.344 730.982 548.45 532.92 498.072 496.342 411.626 363.124 359.096 347.899 335.143 326.514 301.168 903.345 367.707 300.979
threshold=7.5000000000000009 0 27.500000000000004 1 2 17.500000000000004 3 19.500000000000004 23.750000000000004 4 5 42.500000000000007 19.500000000000004 6 7 14.000000000000002 23.500000000000004 8 14.000000000000002 17.500000000000004 9 14.000000000000002 22.500000000000004 10 23.750000000000004 10.500000000000002 14.000000000000002 11 12 14.000000000000002
decision_type=2 9 2 9 9 2 9 2 2 9 9 2 2 9 9 2 2 9 2 2 9 2 2 9 2 2 2 9 9 2
left_child=3 6 4 -1 8 12 16 17 9 18 19 23 14 15 -6 -14 -2 -5 21 -10 -7 -3 25 -4 -13 -16 28 -28 -12 -20
right_child=1 2 11 7 5 20 -8 -9 10 -11 26 24 13 -15 22 -17 -18 -19 29 -21 -22 -23 -24 -25 -26 -27 27 -29 -30 -31
leaf_value=-0.074580192740319309 0.98965443081094484 0.0023141727499849554 0.071555198958247954 -0.073743713182206433 -0.017232980924934794 0.00042911947998760527 0.002259024190936554 -0.094002133152344541 -0.021434405520852452 4.2155801846899268e-05 0.0013562948755532211 0.15784057239304516 -0.061054432135331821 0.0038868780379301528 -0.019292417230713888 0.0018003891449453137 0.1867523033973317 -0.07938526603344763 -0.011730237323988835 0.0014286369361693474 -0.00021795237756929711 0.0002907914264644873 -0.048162263836035196 0.016760121183905952 0.22680927849008337 -0.028088216657449296 -0.0044392084034472921 0.0008781889119633846 -0.035245766951199541 0.0025122043367001193
leaf_weight=58084 2784 5731 35029 13096 12627 17024 14207 8963 4103 31559 1188 20682 3327 5010 4930 2105 4935 8679 530 1250 20681 1077 2083 31620 26499 23211 1017 5485 1078 2664
leaf_count=58084 2784 5731 35029 13096 12627 17024 14207 8963 4103 31559 1188 20682 3327 5010 4930 2105 4935 8679 530 1250 20681 1077 2083 31620 26499 23211 1017 5485 1078 2664
internal_value=-0.00577981 0.00481773 0.00208314 -0.0394778 -0.00450982 -0.00879263 0.0372903 -0.0274522 0.00249048 0.00592984 -0.00763048 0.0105789 -0.0144644 -0.00335185 -0.0171723 -0.0207644 0.0226355 -0.0222893 0.0214343 -0.0224222 -0.000778411 0.0290981 -0.0213931 0.00719516 0.0153589 -0.022883 0.00142401 -0.00404491 0.0171227 0.00516594
internal_weight=371258 282436 260510 88822 146680 90998 21926 30738 55682 41561 14121 113830 53293 10442 42851 5432 7719 21775 10002 5353 37705 6808 30224 66649 47181 28141 8768 6502 2266 3194
internal_count=371258 282436 260510 88822 146680 90998 21926 30738 55682 41561 14121 113830 53293 10442 42851 5432 7719 21775 10002 5353 37705 6808 30224 66649 47181 28141 8768 6502 2266 3194
cat_boundaries=0 2 5 8 10 12 14 16 18 20 22 25 27 29
cat_threshold=2147483650 1311232 2332082322 3493921024 2 922809348 2149600619 13 0 262144 33595392 2149584128 33554432 2098432 1073807680 671817744 8978768 134815888 538181632 539116578 1074594048 167776400 1812492356 771885256 8 32768 2147483648 32768 2147483648
is_linear=0
shrinkage=0.05


Tree=46
num_leaves=31
num_cat=12
split_feature=0 17 0 17 17 0 17 3 0 17 6 0 17 5 6 17 0 17 17 17 8 0 5 5 3 3 17 17 5 2
split_gain=54497.8 9488.24 4320.42 2708.4 1774.29 1535.26 1718.28 1470.4 1456.18 1084.26 801.028 718.291 690.002 783.674 583.939 1462.31 762.248 620.235 559.255 535.505 509.213 470.804 487.016 363.023 411.333 352.855 350.698 331.222 319.508 311.227
threshold=7.5000000000000009 0 27.500000000000004 1 2 14.000000000000002 3 14.000000000000002 17.500000000000004 4 19.500000000000004 42.500000000000007 5 23.750000000000004 19.500000000000004 6 14.000000000000002 7 8 9 23.500000000000004 14.000000000000002 10.750000000000002 16.250000000000004 17.500000000000004 17.500000000000004 10 11 23.750000000000004 37.500000000000007
decision_type=2 9 2 9 9 2 9 2 2 9 2 2 9 2 2 9 2 9 9 9 2 2 2 2 2 2 9 9 2 2
left_child=3 9 4 -1 5 7 -7 12 14 20 19 27 -3 26 17 16 -16 -6 -10 -5 -2 25 -23 24 -17 -19 -14 -4 -13 -8
right_child=1 2 11 10 8 6 29 -9 18 -11 -12 28 13 -15 15 23 -18 21 -20 -21 -22 22 -24 -25 -26 -27 -28 -29 -30 -31
leaf_value=-0.070851183103303364 0.94017170927039762 0.0014012337836869727 0.093508656519744104 -0.070056527523096129 -0.01637133187868809 -0.0059390388878309613 0.00043574756742508218 -0.022071073105554808 0.00017174239812423053 0.0021460729813897574 -0.089302026494727293 0.14994854377339309 0.0023346395077155969 -0.035334263013452993 -0.058311466454660545 0.0037460044641915327 0.0017103696876980658 -0.050218536606734969 -0.00020374286803583887 -0.075416002731775234 0.17741468822746498 0.018009443806629388 -0.015860317325389419 -0.0015674428977932031 -0.075986077429362281 -0.15091244358622469 -0.069599384241350135 0.020301453721626218 0.21546881456557934 0.36065052849127027
leaf_weight=58084 2784 8676 25517 13096 15240 2462 18000 2745 22271 14207 8963 20682 4014 1092 3428 4878 2156 14333 24832 8679 4935 1418 14397 1486 797 1821 750 41132 26499 1884
leaf_count=58084 2784 8676 25517 13096 15240 2462 18000 2745 22271 14207 8963 20682 4014 1092 3428 4878 2156 14333 24832 8679 4935 1418 14397 1486 797 1821 750 41132 26499 1884
internal_value=-0.00531194 0.00543096 0.00277138 -0.0394722 -0.00290087 0.00613756 -0.00251499 0.0173323 -0.00624609 0.0370122 -0.0274359 0.0100808 0.0236719 0.0103478 -0.0114154 -0.0019184 -0.0210762 -0.0139793 0.000332251 -0.0222664 0.0218463 -0.0179352 -0.0118084 0.0130317 0.0188106 -0.0239445 0.0191226 0.00673904 0.0148015 0.00237257
internal_weight=371258 282436 260510 88822 146680 39623 22346 17277 107057 21926 30738 113830 14532 5856 59954 12745 5584 47209 47103 21775 7719 31969 15815 7161 5675 16154 4764 66649 47181 19884
internal_count=371258 282436 260510 88822 146680 39623 22346 17277 107057 21926 30738 113830 14532 5856 59954 12745 5584 47209 47103 21775 7719 31969 15815 7161 5675 16154 4764 66649 47181 19884
cat_boundaries=0 2 5 8 11 13 16 18 20 22 24 27 30
cat_threshold=2147483650 1311232 2332082322 3493921024 2 50394116 2415922505 15 32768 2415919104 2 0 262144 32768 2415920128 2 1140916544 671817744 344523088 136929408 1879900480 167907330 538181632 539116578 50348032 256 8 1812492352 167905472 8
is_linear=0
shrinkage=0.05


Tree=47
num_leaves=31
num_cat=12
split_feature=0 17 0 17 17 0 0 17 3 17 0 6 17 5 17 17 0 17 2 0 5 17 3 17 3 5 0 6 17 0
split_gain=53379.7 9693.44 4826 2733.49 1803.14 1634.94 1410.28 1745.29 1525.61 1034.34 978.224 811.835 735.025 739.089 527.397 444.311 438.482 434.843 360.561 327.501 313.689 514.183 308.82 306.916 285.738 282.815 527.278 270.931 412.257 269.156
threshold=7.5000000000000009 0 27.500000000000004 1 2 14.000000000000002 11.500000000000002 3 14.000000000000002 4 67.500000000000014 19.500000000000004 5 23.750000000000004 6 7 42.500000000000007 8 37.500000000000007 17.500000000000004 16.250000000000004 9 17.500000000000004 10 22.500000000000004 23.750000000000004 17.500000000000004 11.500000000000002 11 92.500000000000014
decision_type=2 9 2 9 9 2 2 9 2 9 2 2 9 2 9 9 2 9 2 2 2 9 2 9 2 2 2 2 9 2
left_child=3 -2 4 -1 6 9 8 -8 12 -6 16 14 27 17 -5 -7 23 -14 25 20 21 -17 -11 -4 -22 -9 -27 28 -3 -12
right_child=1 2 10 11 5 15 7 18 -10 22 29 -13 13 -15 -16 19 -18 -19 -20 -21 24 -23 -24 -25 -26 26 -28 -29 -30 -31
leaf_value=-0.067308623948138191 0.0020387693323202782 -0.0016169150921960806 0.066599877292542867 -0.066553701146941299 0.00031023013031061808 -0.0023734064325489968 -0.0056420869434393953 0.0024151501536751499 -0.025351122595601617 -0.049508408299271167 0.45695278001109474 -0.084836925169990932 0.0022179075323298216 -0.033567549862780321 -0.071645202595186461 0.0046089716162978972 0.15183381881002556 -0.056851269676559117 0.38108048802623462 7.553547170022768e-05 -0.0080084369018523557 -0.0086802451507773885 -0.056056761005768951 0.015981698424178247 0.033953857552332066 -0.019488418291355548 0.001722261532638747 0.0013311720945026195 0.0021284024233013455 1.5690221672330027
leaf_weight=58084 14207 322 35482 13096 7312 19276 2462 13893 2487 20273 6625 8963 2793 1092 8679 3836 43970 1149 2011 36017 7586 7717 3628 32689 2365 2418 2413 7535 819 2059
leaf_count=58084 14207 322 35482 13096 7312 19276 2462 13893 2487 20273 6625 8963 2793 1092 8679 3836 43970 1149 2011 36017 7586 7717 3628 32689 2365 2418 2413 7535 819 2059
internal_value=-0.0056349 0.00499724 0.00286442 -0.0394429 -0.00320751 -0.00654694 0.00594863 -0.00195499 0.0172717 -0.0161968 0.0102723 -0.0273514 0.0238074 0.00854481 -0.022147 -0.00262575 0.00902034 0.0186454 0.00277898 -0.00042325 -0.00530599 0.000298624 -0.0212266 0.00650937 -0.0118129 0.000619526 -0.00980128 0.0326157 0.00994741 0.0264394
internal_weight=371258 282436 268229 88822 147404 108010 39394 23197 16197 31213 120825 30738 13710 5034 21775 76797 112141 3942 20735 57521 21504 11553 23901 68171 9951 18724 4831 8676 1141 8684
internal_count=371258 282436 268229 88822 147404 108010 39394 23197 16197 31213 120825 30738 13710 5034 21775 76797 112141 3942 20735 57521 21504 11553 23901 68171 9951 18724 4831 8676 1141 8684
cat_boundaries=0 2 5 8 11 13 16 18 20 22 24 27 30
cat_threshold=2147483650 1049088 2332082322 3493921024 2 50394116 2416184681 7 32768 2415919104 2 948437008 69288064 32768 2415920128 2 538181632 539116578 144179216 554254336 50348032 256 1074004032 2228226 1812492356 235276488 8 0 2147483648 2
is_linear=0
shrinkage=0.05


Tree=48
num_leaves=31
num_cat=14
split_feature=0 17 0 17 17 0 0 3 17 17 3 6 17 4 6 17 17 5 17 3 0 6 17 17 17 3 17 16 5 17
split_gain=53852.7 9598.47 3979.93 2734.46 2037.6 1300.87 1247.79 1185.14 1141.84 973.048 961.462 812.253 528.166 502.03 501.297 839.562 725.003 594.817 412.829 364.941 340.619 418.211 310.764 296.301 285.235 290.557 280.987 268.507 266.299 254.706
threshold=7.5000000000000009 0 27.500000000000004 1 2 14.000000000000002 14.000000000000002 14.000000000000002 3 4 72.500000000000014 19.500000000000004 5 2.5000000000000004 11.500000000000002 6 7 23.750000000000004 8 37.500000000000007 17.500000000000004 19.500000000000004 9 10 11 22.500000000000004 12 20.301666666666673 23.750000000000004 13
decision_type=2 9 2 9 9 2 2 2 9 9 2 2 9 2 2 9 9 2 9 2 2 2 9 9 9 2 9 2 2 9
left_child=3 -2 4 -1 6 8 7 14 28 -8 13 12 -5 23 15 -3 -16 -18 -7 -11 21 22 -20 -4 25 -22 -15 -9 -6 -10
right_child=1 2 10 11 5 18 9 27 29 19 -12 -13 -14 26 16 -17 17 -19 20 -21 24 -23 -24 -25 -26 -27 -28 -29 -30 -31
leaf_value=-0.063943192750731279 0.0019368308657043089 0.0021070121557133169 0.087875308916924591 -0.063226016089594245 0.0025617955588663754 -0.0023261490709415079 -0.0071112415582096139 0.0051273251577217856 -0.040553215846424531 0.00012876445908815981 0.5978950170286218 -0.080595078911491411 -0.068062942465427143 0.19128338591755922 0.0013349209416333885 -0.0014657618857303767 0.0021070121557133169 -0.031889172369641283 0.00087780972398929799 0.37508697137950925 0.00039529961249691327 0.0046869049429845155 -0.014666879614027373 0.019211329121287691 -6.9543106050673492e-06 -5.7787993636360116e-05 0.093270742584678254 -0.024083566465821528 -0.0094791232554968033 -0.047721130593715883
leaf_weight=58084 14207 1196 51123 13096 7155 16622 1407 620 9028 15795 6391 8963 8679 14935 8282 1415 1761 728 6685 1856 7388 4535 13307 35054 27923 4461 13322 1729 1913 13598
leaf_count=58084 14207 1196 51123 13096 7155 16622 1407 620 9028 15795 6391 8963 8679 14935 8282 1415 1761 728 6685 1856 7388 4535 13307 35054 27923 4461 13322 1729 1913 13598
internal_value=-0.00548433 0.00519481 0.00307245 -0.0394418 -0.00244159 -0.00570877 0.00813385 0.0185589 -0.0142961 -0.000466995 0.00979971 -0.0273481 -0.0221424 0.00874565 0.0243088 0.00465339 0.0290734 0.00530212 -0.00234612 0.00273201 -0.000529475 -0.0051637 -0.00827331 0.00684928 0.00232827 0.00882452 0.0145291 -0.0141975 0.000705001 -0.0202995
internal_weight=371258 282436 268229 88822 147404 112615 34789 15731 31694 19058 120825 30738 21775 114434 13382 2611 10771 2489 80921 17651 64299 24527 19992 86177 39772 11849 28257 2349 9068 22626
internal_count=371258 282436 268229 88822 147404 112615 34789 15731 31694 19058 120825 30738 21775 114434 13382 2611 10771 2489 80921 17651 64299 24527 19992 86177 39772 11849 28257 2349 9068 22626
cat_boundaries=0 2 5 8 10 13 15 17 20 22 25 28 30 33 36
cat_threshold=2147483650 1049088 2332082322 3493921024 2 50377732 2416184641 14 680017936 69288104 32768 268435456 2 538181632 539116578 50331648 1344 32768 2415920128 10 143654928 554254336 1409351744 136454152 1 2013818884 168249544 8 1074528512 4106 1879646528 604194888 9 335872256 570437632 1
is_linear=0
shrinkage=0.05


Tree=49
num_leaves=31
num_cat=13
split_feature=0 17 17 17 0 0 6 17 17 6 5 0 5 17 0 17 3 17 17 16 17 6 17 3 3 6 17 0 0 17
split_gain=53790 9609.85 3618.15 2736.4 2081.25 969.901 931.302 1601.28 1004.69 813.087 802.583 700.224 646.224 785.239 561.347 1664.23 761.829 529.705 503.089 487.602 394.766 377.983 371.581 330.316 314.428 300.606 296.484 284.195 277.663 276.9
threshold=7.5000000000000009 0 1 2 17.500000000000004 77.500000000000014 19.500000000000004 3 4 19.500000000000004 23.750000000000004 14.000000000000002 16.250000000000004 5 14.000000000000002 6 14.000000000000002 7 8 29.839925000000004 9 11.500000000000002 10 17.500000000000004 14.000000000000002 11.500000000000002 11 32.500000000000007 14.000000000000002 12
decision_type=2 9 9 9 2 2 2 9 9 2 2 2 2 9 2 9 2 9 9 2 9 2 9 2 2 2 9 2 2 9
left_child=3 -2 5 -1 6 12 8 11 10 17 18 -8 13 24 16 -16 25 -5 -4 -10 -6 -22 -12 -9 -3 -14 -15 -23 -21 -27
right_child=1 2 4 9 20 -7 7 23 19 -11 22 -13 14 26 15 -17 -18 -19 -20 28 21 27 -24 -25 -26 29 -28 -29 -30 -31
leaf_value=-0.060746033113194736 0.0018399893224191111 0.0023217541604640068 -0.055829305041568314 -0.060064715285114548 -0.00079276427866687988 0.86186190682363639 -0.050014405392062235 0.0050580688714555681 -0.023603885291363726 -0.076565324965916837 -0.030294713751159198 0.002643866755078772 4.3280467041384441e-05 -0.0087496137402720119 -0.016231724066527599 0.10622004884993644 -0.022879388142530478 -0.06465979534215581 0.0023114905484437286 -0.045335074064030062 0.0065726771863170441 2.6521858852213143e-05 -0.0022098416173943927 -0.067039069824880046 -0.0039317448973395846 0.0010851137907843978 0.012051857709030856 0.1509139048444002 -0.0098686849333255999 0.001995097771494514
leaf_weight=58084 14207 2458 4699 13096 22177 4550 3281 6452 14448 8963 2391 2162 860 13847 3225 65167 1039 8679 4870 10973 10554 32168 2170 1148 278 4463 33891 9531 10167 1260
leaf_count=58084 14207 2458 4699 13096 22177 4550 3281 6452 14448 8963 2391 2162 860 13847 3225 65167 1039 8679 4870 10973 10554 32168 2170 1148 278 4463 33891 9531 10167 1260
internal_value=-0.00550183 0.00517108 0.00304747 -0.0394396 -0.0026279 0.00898907 -0.00933462 0.00255693 -0.0124542 -0.0273416 -0.0011669 -0.0181276 0.0081739 0.00378809 0.0110861 0.00965171 0.023957 -0.0221332 0.00705925 -0.0169307 0.00302701 0.00539866 -0.018428 0.0173719 0.0297888 0.030237 0.0022912 0.00326027 -0.0217739 0.0343788
internal_weight=371258 282436 268229 88822 137191 131038 62761 13043 49718 30738 14130 5443 126488 50474 76014 68392 7622 21775 9569 35588 74430 52253 4561 7600 2736 6583 47738 41699 21140 5723
internal_count=371258 282436 268229 88822 137191 131038 62761 13043 49718 30738 14130 5443 126488 50474 76014 68392 7622 21775 9569 35588 74430 52253 4561 7600 2736 6583 47738 41699 21140 5723
cat_boundaries=0 2 5 8 10 12 15 18 20 22 24 26 29 32
cat_threshold=2147483650 1049088 269071364 2550484041 15 2332082322 3493921024 2 1157628224 537534608 125845584 2629888 0 2415920128 2 32768 268436480 2 538181632 539116578 75497536 8192 192938000 19406880 33554432 2097408 622592 134217729 5 32768 2415919104 2
is_linear=0
shrinkage=0.05


Tree=50
num_leaves=31
num_cat=14
split_feature=0 17 0 17 17 0 17 0 3 0 17 6 17 5 0 17 3 17 17 0 5 6 17 17 6 17 6 6 17 17
split_gain=52450.4 9874.46 3722.78 2746.08 1825.55 1574.42 1707.85 1350.02 1332.1 971.86 905.246 817.266 681.123 786.726 549.042 533.58 358.411 345.469 337.917 365.573 415.346 415.152 339.388 293.442 269.283 412.257 262.352 259.527 254.918 250.65
threshold=7.5000000000000009 0 27.500000000000004 1 2 14.000000000000002 3 14.000000000000002 14.000000000000002 47.500000000000007 4 19.500000000000004 5 23.750000000000004 87.500000000000014 6 37.500000000000007 7 8 17.500000000000004 10.750000000000002 11.500000000000002 9 10 11.500000000000002 11 11.500000000000002 17.500000000000004 12 13
decision_type=2 9 2 9 9 2 9 2 2 2 9 2 9 2 2 9 2 9 9 2 2 2 9 9 2 9 2 2 9 9
left_child=3 -2 4 -1 5 8 -7 10 12 28 -6 15 24 17 -11 -5 26 -14 27 20 22 -21 -20 -22 25 -3 -8 -9 -4 -10
right_child=1 2 9 11 7 6 16 18 29 14 -12 -13 13 -15 -16 -17 -18 -19 19 21 23 -23 -24 -25 -26 -27 -28 -29 -30 -31
leaf_value=-0.057708731457534995 0.0017479898562981157 -0.001464945266651796 0.08590872124107421 -0.057061479520858827 -0.0006579198996571556 -0.0053974653826629471 0.014595800012969029 -0.0029173265648886116 0.0042683660143842065 0.21073060828553203 -0.043068320360828596 -0.072737058717620998 0.0018860870205054782 -0.028779978063601244 1.1741674147674901 -0.061426805575048031 0.33271811846262483 -0.062944721466226747 -0.016747159048083306 0.0038367894065457265 -0.00064831275077756887 -7.932688017397994e-06 0.0057839009957879389 -0.0092717481474976719 0.0011436117531565594 0.0018005439863274298 -0.011123100937176568 2.5195765909558078e-05 0.023711023160055512 -0.023093967632207325
leaf_weight=58084 14207 322 30885 13096 8250 2462 5350 12916 566 30738 21865 8963 4014 1092 2769 8679 2499 751 1581 7745 6872 27507 2033 13289 7535 819 12726 4999 56433 2211
leaf_count=58084 14207 322 30885 13096 8250 2462 5350 12916 566 30738 21865 8963 4014 1092 2769 8679 2499 751 1581 7745 6872 27507 2033 13289 7535 819 12726 4999 56433 2211
internal_value=-0.00591583 0.00462335 0.00247074 -0.0394283 -0.0028622 0.00620091 -0.00235925 -0.00627784 0.0175968 0.00897703 -0.0152532 -0.0273091 0.0236599 0.0104227 0.016216 -0.0220873 0.00235851 0.019213 -0.00276572 -0.000939241 -0.00573081 0.00229207 0.00987825 -0.00852884 0.0325466 0.00994741 -9.40474e-05 -0.00877824 0.00619918 -0.014134
internal_weight=371258 282436 268229 88822 147404 40347 23037 107057 17310 120825 30115 30738 14533 5857 33507 21775 20575 4765 76942 59027 23775 35252 3614 20161 8676 1141 18076 17915 87318 2777
internal_count=371258 282436 268229 88822 147404 40347 23037 107057 17310 120825 30115 30738 14533 5857 33507 21775 20575 4765 76942 59027 23775 35252 3614 20161 8676 1141 18076 17915 87318 2777
cat_boundaries=0 2 5 8 11 13 16 18 21 23 25 27 30 33 36
cat_threshold=2147483650 1049088 2332082322 3493921024 2 50394116 2416184649 15 32768 2415919104 2 1015545872 69288096 32768 2415920128 2 538181632 539116578 50348032 256 8 143130640 84492288 335610112 704651392 1409286208 136454146 0 2147483648 2 1678274624 134611008 8 4100 262144 8
is_linear=0
shrinkage=0.05


Tree=51
num_leaves=31
num_cat=12
split_feature=0 17 0 17 17 0 0 17 3 6 0 17 0 17 6 17 17 5 5 8 2 5 0 6 17 17 17 17 16 6
split_gain=52324.6 9899.1 3432.44 2748.02 1618.87 1595.76 1393.89 1956.65 1060.63 818.103 815.261 687.094 712.034 535.128 503.703 765.131 716.883 540.47 472.055 439.538 392.96 400.862 375.911 373.827 496.753 355.404 327.996 322.243 307.028 250.516
threshold=7.5000000000000009 0 32.500000000000007 1 2 17.500000000000004 14.000000000000002 3 14.000000000000002 19.500000000000004 87.500000000000014 4 14.000000000000002 5 11.500000000000002 6 7 23.750000000000004 10.750000000000002 23.500000000000004 22.500000000000004 23.750000000000004 17.500000000000004 11.500000000000002 8 9 10 11 20.301666666666673 19.500000000000004
decision_type=2 9 2 9 9 2 2 9 2 2 2 9 2 9 2 9 9 2 2 2 2 2 2 2 9 9 9 9 2 2
left_child=3 -2 4 -1 6 11 8 -8 14 13 19 -6 25 -5 15 -3 -16 -18 -14 27 21 -9 -23 24 -7 29 -25 -4 -10 -13
right_child=1 2 10 9 5 23 7 20 28 -11 -12 12 18 -15 16 -17 17 -19 -20 -21 -22 22 -24 26 -26 -27 -28 -29 -30 -31
leaf_value=-0.05482329488465823 0.0016605903634832053 -0.0013213905514633418 0.19938923905011699 -0.054208405544815902 -0.0061047542178624074 0.01371408470293467 -0.0056742200078396367 0.0019120999229347291 0.0040549477136649697 -0.069100205781739948 1.1154590440291152 -0.034105385332860387 0.0052256317640623001 -0.058355465296295608 0.0011567386173545913 0.001791782669480213 0.0014407660930229938 -0.027340979160421153 -0.012256163548936617 0.057934159271669117 0.084146796119947714 -0.017152694349556973 0.0048722435930830706 -0.00075272943033262158 -0.0003265910787259685 -0.040914904342787134 4.6494864252544238e-05 0.097623680474617919 -0.020580720353793592 0.0048821293632812512
leaf_weight=58084 14207 1428 18715 13096 20172 7433 2506 6618 541 8963 2769 7934 2862 8679 8282 1093 1108 604 18373 49089 12355 1521 820 14889 8528 13582 42091 21460 1357 2099
leaf_count=58084 14207 1428 18715 13096 20172 7433 2506 6618 541 8963 2769 7934 2862 8679 8282 1093 1108 604 18373 49089 12355 1521 820 14889 8528 13582 42091 21460 1357 2099
internal_value=-0.00595381 0.00457272 0.00241743 -0.039426 -0.0016703 -0.00419321 0.00743273 8.39631e-06 0.0197079 -0.0273026 0.0102436 -0.00988896 -0.0133348 -0.0220781 0.02499 0.00501785 0.030028 0.000464576 -0.00669414 0.00941477 0.00492872 -0.00304163 -0.0208244 0.000883591 0.00764676 -0.0193119 -0.00101088 0.0132931 -0.0151212 -0.0121328
internal_weight=371258 282436 268229 88822 176196 137963 38233 23820 14413 30738 92033 65022 44850 21775 12515 2521 9994 1712 21235 89264 21314 8959 2341 72941 15961 23615 56980 40175 1898 10033
internal_count=371258 282436 268229 88822 176196 137963 38233 23820 14413 30738 92033 65022 44850 21775 12515 2521 9994 1712 21235 89264 21314 8959 2341 72941 15961 23615 56980 40175 1898 10033
cat_boundaries=0 2 5 8 11 14 16 19 22 25 27 29 32
cat_threshold=2147483650 1049088 2332082322 3493921024 2 33600516 2416184649 10 32768 2415919104 2 897597456 69820448 5 538181632 539116578 4 2415919113 10 32768 2415920128 10 1075118400 704794674 4 135069952 570429568 134217808 2711600 1879584832 411664 9
is_linear=0
shrinkage=0.05


Tree=52
num_leaves=31
num_cat=14
split_feature=0 17 0 17 17 0 17 0 17 5 6 3 0 0 6 17 17 5 17 17 17 6 17 2 6 16 3 17 17 17
split_gain=52193.8 9924.81 3120.38 2749.96 1715.29 2171.16 2087.88 1601.69 947.456 890.777 818.941 757.942 698.332 684.08 640.587 596.622 536.677 479.641 446.981 430.855 418.908 519.049 371.574 358.376 352.669 312.549 291.487 285.721 268.23 268.135
threshold=7.5000000000000009 0 37.500000000000007 1 2 14.000000000000002 3 17.500000000000004 4 23.750000000000004 19.500000000000004 14.000000000000002 14.000000000000002 87.500000000000014 11.500000000000002 5 6 10.750000000000002 7 8 9 19.500000000000004 10 22.500000000000004 19.500000000000004 70.044616666666684 17.500000000000004 11 12 13
decision_type=2 9 2 9 9 2 9 2 9 2 2 2 2 2 2 9 9 2 9 9 9 2 9 2 2 2 2 9 9 9
left_child=3 -2 4 -1 5 11 -7 8 9 15 16 14 20 25 19 -6 -5 29 -9 -3 21 -10 -11 -8 -19 -4 28 -13 -23 -14
right_child=1 2 13 10 7 6 23 18 12 22 -12 27 17 -15 -16 -17 -18 24 -20 -21 -22 26 -24 -25 -26 -27 -28 -29 -30 -31
leaf_value=-0.052082130140425335 0.0015775608453090229 -0.0015237539244641774 0.087323244402436384 -0.051497985267575125 0.0017197443648290902 -0.0053905090074476197 -0.011070354994408406 -0.00072048145508798458 -0.033486675504850627 -0.02597393020240011 -0.06564519549265295 0.0038522003279816809 -0.010389159839897567 1.0596860918276598 0.0010802453619687569 -0.0083557968311006366 -0.055437692031480836 -0.012765374689438592 0.00016873735094122822 0.001620927653537052 -0.038869159125647812 -0.051648153257493057 -0.030593855037856346 0.078716577215437067 0.004479398564807102 0.16079898434232831 -0.067650452724801108 -0.019551684336103926 0.0068962795288361363 0.005233424357795436
leaf_weight=58084 14207 944 47813 13096 6703 2721 5824 29340 7853 2546 8963 566 1098 2769 9067 10294 8679 17553 62291 869 13997 267 2463 15196 2305 20596 417 883 1747 2107
leaf_count=58084 14207 944 47813 13096 6703 2721 5824 29340 7853 2546 8963 566 1098 2769 9067 10294 8679 17553 62291 869 13997 267 2463 15196 2305 20596 417 883 1747 2107
internal_value=-0.00599341 0.00451996 0.00236189 -0.0394238 -0.000879214 0.0089745 0.000136894 -0.00308744 -0.00882048 -0.000245276 -0.0272961 0.0259997 -0.0128036 0.011335 0.0305239 0.00521563 -0.0220689 -0.00657547 0.00125121 0.00339217 -0.0187245 -0.0110258 -0.0187762 0.00547789 -0.00947225 0.0103488 0.00915261 -0.00797101 0.0170308 0.0113729
internal_weight=371258 282436 268229 88822 197051 36070 23741 160981 69350 22006 30738 12329 47344 71178 10880 16997 21775 23063 91631 1813 24281 10284 5009 21020 19858 68409 2431 1449 2014 3205
internal_count=371258 282436 268229 88822 197051 36070 23741 160981 69350 22006 30738 12329 47344 71178 10880 16997 21775 23063 91631 1813 24281 10284 5009 21020 19858 68409 2431 1449 2014 3205
cat_boundaries=0 2 5 8 11 14 16 18 21 24 26 28 31 32 34
cat_threshold=2147483650 1049088 2332082322 3493921024 2 134263812 2416184384 10 134250496 2415919104 2 125845520 69820713 5 50348048 2097408 538181632 539116578 58720272 19488800 5 134217732 2147483648 10 806093056 570429568 33554432 2097408 4100 262144 8 256 269025536 704643200
is_linear=0
shrinkage=0.05


Tree=53
num_leaves=31
num_cat=14
split_feature=0 17 0 17 17 0 17 0 17 5 6 6 3 0 0 17 17 17 5 17 6 17 17 2 17 6 16 0 17 17
split_gain=51860.6 9987.92 2859.19 2759.67 1537.84 1999.37 2067.55 1526.17 934.095 923.052 823.135 787.065 928.701 758.741 664.738 545.58 535.424 439.709 434.841 433.076 472.578 411.627 377.773 333.069 315.184 313.293 310.154 285.264 267.3 255.336
threshold=7.5000000000000009 0 37.500000000000007 1 2 14.000000000000002 3 17.500000000000004 4 23.750000000000004 19.500000000000004 11.500000000000002 14.000000000000002 14.000000000000002 87.500000000000014 5 6 7 10.750000000000002 8 19.500000000000004 9 10 22.500000000000004 11 19.500000000000004 90.014475000000019 11.500000000000002 12 13
decision_type=2 9 2 9 9 2 9 2 9 2 2 2 2 2 2 9 9 9 2 9 2 9 9 2 9 2 2 2 9 9
left_child=3 -2 4 -1 5 11 -7 8 9 15 16 21 -13 19 26 -6 -5 -9 29 20 -10 -3 -11 -8 -22 28 -4 -14 -20 -15
right_child=1 2 14 10 7 6 23 17 13 22 -12 12 27 18 -16 -17 -18 -19 25 -21 24 -23 -24 -25 -26 -27 -28 -29 -30 -31
leaf_value=-0.049478023633404082 0.0014986828030435718 -0.0011791333276669038 0.083638813466838616 -0.048923086004196349 0.0016337571465876444 -0.005120983557075221 -0.01051683724468795 -0.00068445738233364757 -0.031812341729608118 -0.024675233692280064 -0.062362935718020297 0.0010262330938703103 -0.01857410011929872 0.0049717531399056554 1.0067017872362769 -0.0054177193285217312 -0.052665807429906814 0.00016030048339423788 -0.00053178901392225697 -0.036925701169365423 -0.049065745594618453 0.0015398812708601996 -0.029064162285963493 0.074780748354665152 0.0065514655523942981 0.0042554286365667163 0.16609101219390185 0.0036595903115825834 -0.017529057057370245 -0.0049648416244202137
leaf_weight=58084 14207 1355 51486 13096 5785 2721 5824 29340 8000 2546 8963 9067 870 2107 2769 10615 8679 62291 4481 13997 787 625 2459 15196 1713 2345 16923 412 13186 1329
leaf_count=58084 14207 1355 51486 13096 5785 2721 5824 29340 8000 2546 8963 9067 870 2107 2769 10615 8679 62291 4481 13997 787 625 2459 15196 1713 2345 16923 412 13186 1329
internal_value=-0.00608903 0.00439073 0.00222581 -0.0394125 -0.000876677 0.00845344 -2.73788e-05 -0.00296756 -0.00856381 0.000123745 -0.0272636 0.0247911 0.0303169 -0.0124398 0.0108151 0.00585976 -0.022023 0.00126758 -0.00601331 -0.0185962 -0.0108849 -0.00409091 -0.0186713 0.00528768 0.00808 -0.0088347 0.009843 -0.00951638 -0.0111139 0.0104191
internal_weight=371258 282436 268229 88822 197051 36070 23741 160981 69350 21405 30738 12329 10349 47945 71178 16400 21775 91631 23448 24497 10500 1980 5005 21020 2500 20012 68409 1282 17667 3436
internal_count=371258 282436 268229 88822 197051 36070 23741 160981 69350 21405 30738 12329 10349 47945 71178 16400 21775 91631 23448 24497 10500 1980 5005 21020 2500 20012 68409 1282 17667 3436
cat_boundaries=0 2 5 8 11 14 16 18 21 23 26 28 30 32 34
cat_threshold=2147483650 1049088 2332082322 3493921024 2 134263812 2416184384 10 134250496 2415919104 2 125845520 69820705 5 50331664 2097408 538181632 539116578 58720272 19488800 5 806093056 570429576 134217732 2415919104 10 33554432 2097408 256 536871048 1342242880 134348930 1611923520 16912402
is_linear=0
shrinkage=0.05


Tree=54
num_leaves=31
num_cat=15
split_feature=0 17 17 0 17 0 17 0 17 3 6 0 17 17 17 3 5 17 17 6 16 17 17 5 17 4 17 0 16 17
split_gain=50578.4 9914.8 3391.73 2441.44 1370.54 1831.18 1693.53 1688.7 1712.03 706.403 855.459 618.443 534.427 519.055 502.565 421.087 469.508 680.052 490.958 397.121 329.584 308.907 290.117 331.138 286.932 264.445 247.96 246.25 222.611 212.696
threshold=7.5000000000000009 0 1 37.500000000000007 2 14.000000000000002 3 14.000000000000002 4 14.000000000000002 11.500000000000002 92.500000000000014 5 6 7 14.000000000000002 23.750000000000004 8 9 21.500000000000004 90.014475000000019 10 11 23.750000000000004 12 2.5000000000000004 13 17.500000000000004 29.839925000000004 14
decision_type=2 9 9 2 9 2 9 2 9 2 2 2 9 9 9 2 2 9 9 2 2 9 9 2 9 2 9 2 2 9
left_child=2 -2 29 4 5 9 -7 8 15 10 13 20 -4 -3 27 16 18 -18 -6 28 25 -8 23 -12 -11 -5 -10 -9 -14 -1
right_child=1 3 12 11 7 6 21 14 26 24 22 -13 19 -15 -16 -17 17 -19 -20 -21 -22 -23 -24 -25 -26 -27 -28 -29 -30 -31
leaf_value=-0.047004122451733868 0.0014237486628913667 -0.001120176661283523 -0.046476931703986549 0.051477808488100157 0.0015520692892582845 -0.0062598749688940643 -0.015215700020124246 -0.011937413120000073 -0.029135165204494398 0.003476610796003499 0.0016586686221537585 1.1997824957857126 -0.056453616899153049 0.0014628872073171985 0.00015228545922454375 -0.064808807220575734 0.00124650382975684 -0.023441472007666067 -0.0003243210019205023 -0.056453616899153049 0.16300839187170163 0.015873238280457613 0.00092327031183900852 -0.040257378251995046 -0.017645395113333785 0.15424114854207149 -0.035079416110897113 -0.00018965527692227369 -0.059860368343852999 -0.047004122451733868
leaf_weight=15555 14207 1243 9740 35872 4491 2419 2551 12726 8840 638 1734 2059 3719 626 79058 3289 395 1638 2350 3544 17269 17833 6919 349 900 15978 14013 35039 13735 42529
leaf_count=15555 14207 1243 9740 35872 4491 2419 2551 12726 8840 638 1734 2059 3719 626 79058 3289 395 1638 2350 3544 17269 17833 6919 349 900 15978 14013 35039 13735 42529
internal_value=-0.0058089 0.0045405 -0.0387179 0.00238351 -0.000483377 0.00845494 4.60466e-05 -0.0024285 -0.0121487 0.0239141 0.0284013 0.0103206 -0.0252569 -0.00238095 0.00025508 0.00301076 0.00867703 -0.0124201 0.0149466 -0.0297601 0.0095162 0.00474649 0.0347923 0.0181319 -0.00780234 0.00752363 -0.0202095 -0.00379383 -0.0266758 -0.0458292
internal_weight=371258 282436 88822 268229 197051 35212 22803 161839 35016 12409 10871 71178 30738 1869 126823 12163 8874 2033 6841 20998 69119 20384 9002 2083 1538 51850 22853 47765 17454 58084
internal_count=371258 282436 88822 268229 197051 35212 22803 161839 35016 12409 10871 71178 30738 1869 126823 12163 8874 2033 6841 20998 69119 20384 9002 2083 1538 51850 22853 47765 17454 58084
cat_boundaries=0 2 5 8 11 14 17 20 22 23 25 27 29 32 35 37
cat_threshold=2147483650 1049088 2332082322 3493921024 2 167785488 2416184416 10 134217728 2415919104 2 562610180 69288328 4 1351160068 150996057 5 134217728 2415919104 10 562594048 554262912 32768 16793600 69288192 16 1024 1024 1120 4096 262176 8 335806720 570437633 1 16793600 65792
is_linear=0
shrinkage=0.05


Tree=55
num_leaves=31
num_cat=15
split_feature=0 17 17 17 0 17 0 17 3 3 0 6 17 17 17 6 3 5 17 17 5 6 17 6 17 3 3 17 17 17
split_gain=50214.2 9988.79 3396.03 2511.83 1936.24 1632.43 1316.28 2227.23 945.836 704.066 639.004 629.165 532.99 444.256 399.952 398.113 319.31 417.021 657.938 480.74 313.826 313.806 495.109 1066.91 539.106 316.855 311.051 304.006 301.777 291.725
threshold=7.5000000000000009 0 1 2 14.000000000000002 3 14.000000000000002 4 14.000000000000002 72.500000000000014 32.500000000000007 11.500000000000002 5 6 7 21.500000000000004 14.000000000000002 23.750000000000004 8 9 28.750000000000004 11.500000000000002 10 19.500000000000004 11 17.500000000000004 17.500000000000004 12 13 14
decision_type=2 9 9 9 2 9 2 9 2 2 2 2 9 9 9 2 2 2 9 9 2 2 9 2 9 2 2 9 9 9
left_child=2 -2 -1 6 5 16 8 29 11 20 13 14 -4 -6 -3 -14 17 19 -19 -5 -9 -7 23 26 -25 -26 -23 -12 -10 -8
right_child=1 3 12 4 10 21 7 9 28 -11 27 -13 15 -15 -16 -17 -18 18 -20 -21 -22 22 -24 24 25 -27 -28 -29 -30 -31
leaf_value=-0.044653916329147197 0.0013525612297468294 -0.0012847068350717806 -0.044153085118787239 0.0014744658247953348 0.00016710666018848741 -0.010782055864762264 -0.014454915019117998 0.048041150353633461 0.0033027802562033415 0.48270736081120735 0.14413801783450106 0.00092875792358482201 -0.056867349926660364 -0.00049483041555280498 0.0013897428469513253 -0.053630936054195381 -0.057805112563886055 0.0011841786382690068 -0.022269398407282728 0.00093313177943272769 0.18900954619122318 -0.031923063511704354 -0.049941159005616242 -0.045155700054662878 0.010502562560734409 -0.057529833727160279 -0.12725485750689466 0.02873617954059924 -0.020683584805501809 -0.0059468812204493742
leaf_weight=58084 14207 896 9740 3491 49856 4958 1978 52303 610 6086 12321 8985 17454 58402 1239 3544 3257 395 1658 3201 8389 7388 6341 688 1858 245 1149 29050 1066 2419
leaf_count=58084 14207 896 9740 3491 49856 4958 1978 52303 610 6086 12321 8985 17454 58402 1239 3544 3257 395 1658 3201 8389 7388 6341 688 1858 245 1149 29050 1066 2419
internal_value=-0.0059231 0.00438896 -0.0387134 0.00222395 -0.0010425 -0.0116968 0.00939081 0.00673762 0.024156 0.00900761 0.00142319 0.0294335 -0.0252439 -0.000596723 0.00503513 -0.0297411 0.00321345 0.00819325 -0.0115197 0.0142409 0.00738318 -0.0195984 -0.0227262 -0.0164138 0.0104085 0.0229295 -0.0252021 0.00670881 -0.0108592 -0.0276946
internal_weight=371258 282436 88822 268229 184258 34629 83971 71175 12796 66778 149629 11120 30738 108258 2135 20998 12002 8745 2053 6692 60692 22627 17669 11328 2791 2103 8537 41371 1676 4397
internal_count=371258 282436 88822 268229 184258 34629 83971 71175 12796 66778 149629 11120 30738 108258 2135 20998 12002 8745 2053 6692 60692 22627 17669 11328 2791 2103 8537 41371 1676 4397
cat_boundaries=0 2 5 8 11 14 17 20 23 24 26 29 32 34 37 39
cat_threshold=2147483650 1049088 2332082322 3493921024 2 402666512 2416200776 10 596164612 69271968 4 134217728 2415920128 2 1351160068 150996057 5 1108688964 170004483 5 134217728 2147483648 10 32768 50348032 67174656 1310976 587206674 1 256 536870928 1 1678245952 33751184 268439552 262208 8 0 1024
is_linear=0
shrinkage=0.05


Tree=56
num_leaves=31
num_cat=13
split_feature=0 17 17 17 0 17 0 17 3 0 0 6 17 17 17 5 0 6 17 17 6 17 6 17 17 6 6 3 3 16
split_gain=49868.3 10061.7 3396.03 2288 1805.06 1349.46 986.085 1892.23 929.928 783.513 594.044 587.715 790.505 702.878 532.99 498.25 434.716 433.109 426.924 426.649 761.755 440.659 398.113 335.689 312.444 342.84 295.764 277.882 267.02 226.097
threshold=7.5000000000000009 0 1 2 14.000000000000002 3 14.000000000000002 4 14.000000000000002 47.500000000000007 27.500000000000004 11.500000000000002 5 6 7 23.750000000000004 92.500000000000014 11.500000000000002 8 9 19.500000000000004 10 21.500000000000004 11 12 20.500000000000004 20.500000000000004 17.500000000000004 17.500000000000004 29.839925000000004
decision_type=2 9 9 9 2 9 2 9 2 2 2 2 9 9 9 2 2 2 9 9 2 9 2 9 9 2 2 2 2 2
left_child=2 -2 -1 6 5 24 8 -8 11 -9 18 13 -13 -3 -4 23 -11 -7 26 20 28 -22 29 -14 -5 -26 -6 -23 -19 -16
right_child=1 3 14 4 10 17 7 9 -10 16 -12 12 15 -15 22 -17 -18 19 -20 -21 21 27 -24 -25 25 -27 -28 -29 -30 -31
leaf_value=-0.042421220512689845 0.0012849331682595279 -0.0010220089408174095 -0.041945430862847882 0.0011249697063555608 -0.0019275887457444797 -0.010242953071524142 -0.012292615705643151 0.016676717597861313 -0.015265802419902209 0.17771900767103582 0.030279840177185949 0.00088232002740555875 0.0010497259570983353 0.0013831917047326669 -0.050787568557862352 -0.021155928486918631 1.1258564764280763 -0.03172929212976703 -3.8051446649589595e-06 -0.047012664484225565 -0.042897915051929747 0.0099774344326976749 -0.050949389251485622 -0.081379961721549335 -0.026082253768684449 0.0061934517358989364 0.04363283996416914 -0.054653342040802237 -0.12089211463154995 -0.054023982430327334
leaf_weight=58084 14207 1574 9740 900 8628 4147 4397 52670 2114 25158 54814 8672 896 1276 3719 580 2039 6290 72678 6235 578 1610 3544 248 9105 1917 420 244 1039 13735
leaf_count=58084 14207 1574 9740 900 8628 4147 4397 52670 2114 25158 54814 8672 896 1276 3719 580 2039 6290 72678 6235 578 1610 3544 248 9105 1917 420 244 1039 13735
internal_value=-0.00603623 0.00424025 -0.0387134 0.00206737 -0.00148237 -0.0121581 0.00807455 0.00595153 0.0197266 0.00770998 0.00102461 0.0246414 0.0301558 0.00452632 -0.0252439 -0.000865052 0.0146027 -0.0200442 -0.00167633 -0.0237872 -0.0171989 0.00703125 -0.0297411 0.0182692 0.0011817 -0.00114213 -0.0119121 0.0188841 -0.0252627 -0.0266529
internal_weight=371258 282436 88822 268229 168605 32065 99624 84264 15360 79867 136540 13246 10396 2850 30738 1724 27197 20143 81726 15996 9761 2432 20998 1144 11922 11022 9048 1854 7329 17454
internal_count=371258 282436 88822 268229 168605 32065 99624 84264 15360 79867 136540 13246 10396 2850 30738 1724 27197 20143 81726 15996 9761 2432 20998 1144 11922 11022 9048 1854 7329 17454
cat_boundaries=0 2 5 8 11 14 17 20 23 25 27 29 31 32
cat_threshold=2147483650 1049088 2332082322 3493921024 2 436220928 2416201033 11 562610196 69275808 4 134217728 2415920128 2 167772160 2415936512 10 134217728 2415919113 11 1351160068 150996057 5 8945680 589824 1310976 587202578 256 16 0 256 32784
is_linear=0
shrinkage=0.05


Tree=57
num_leaves=31
num_cat=14
split_feature=0 17 17 17 0 17 0 17 3 0 0 17 17 5 6 17 6 17 16 17 6 17 6 17 6 3 3 6 17 17
split_gain=49733.6 10090.2 3396.03 2321.76 1780.04 1406.38 1288.2 1879.18 775.692 734.645 558.492 532.99 487.059 738.559 446.629 425.586 760.468 440.659 420.607 399.654 398.113 349.264 334.795 310.737 294.214 277.882 270.79 256.624 310.092 256.435
threshold=7.5000000000000009 0 1 2 14.000000000000002 3 14.000000000000002 4 14.000000000000002 47.500000000000007 32.500000000000007 5 6 23.750000000000004 11.500000000000002 7 19.500000000000004 8 90.118041666666684 9 21.500000000000004 10 20.500000000000004 11 11.500000000000002 17.500000000000004 17.500000000000004 20.500000000000004 12 13
decision_type=2 9 9 9 2 9 2 9 2 2 2 9 9 2 2 9 2 9 2 9 2 9 2 9 2 2 2 2 9 9
left_child=2 -2 -1 6 5 21 8 -8 12 -9 19 -4 24 29 -7 16 26 -18 -11 27 -13 -5 -23 -12 -3 -19 -16 28 -6 -14
right_child=1 3 11 4 10 14 7 9 -10 18 23 20 13 -15 15 -17 17 25 -20 -21 -22 22 -24 -25 -26 -27 -28 -29 -30 -31
leaf_value=-0.040300159487055343 0.0012206865098465692 0.00040281937741148965 -0.039848159319705492 0.0010687212210378049 -0.0032847253189425274 -0.0097308054179479526 -0.011677984920360984 0.020830429985133847 -0.014502512298907089 0.15444875441436318 0.16970984431952107 -0.051322783308810974 0.0013140321194960336 -0.02009813206257274 -0.03014282752327864 -0.045093467831124112 -0.040753019299333282 0.0094785627110628226 0.32442202364083955 0.00010311532064264384 -0.048401919788911354 -0.024778141080250206 0.0058837791491040299 0.025786715607432599 0.00078655289869749016 -0.051920674938762096 -0.11484750889997244 0.0033259911377070852 -0.00061581997135995437 0.0013352149009726588
leaf_weight=58084 14207 1380 9740 962 1616 4268 4397 47530 2060 18890 9442 17454 1395 632 6290 6341 578 1610 7451 60622 3544 9105 1917 28211 7883 244 1039 2806 39839 1721
leaf_count=58084 14207 1380 9740 962 1616 4268 4397 47530 2060 18890 9442 17454 1395 632 6290 6341 578 1610 7451 60622 3544 9105 1917 28211 7883 244 1039 2806 39839 1721
internal_value=-0.00608041 0.00418219 -0.0387134 0.00200623 -0.00139222 -0.01198 0.00837342 0.00579675 0.0217603 0.00768736 0.00101097 -0.0252439 0.0262739 0.0109633 -0.0199706 -0.0237921 -0.0171784 0.00703125 0.0143863 -0.000864296 -0.0297411 0.00161748 -0.000915518 0.00623456 0.0324221 0.0188841 -0.0252354 -0.00447584 -0.00546737 0.0209884
internal_weight=371258 282436 88822 268229 174890 32354 93339 78268 15071 73871 142536 30738 13011 3748 20370 16102 9761 2432 26341 104883 20998 11984 11022 37653 9263 1854 7329 44261 41455 3116
internal_count=371258 282436 88822 268229 174890 32354 93339 78268 15071 73871 142536 30738 13011 3748 20370 16102 9761 2432 26341 104883 20998 11984 11022 37653 9263 1854 7329 44261 41455 3116
cat_boundaries=0 2 5 8 11 14 17 20 22 24 26 27 29 30 32
cat_threshold=2147483650 1049088 2332082322 3493921024 2 402666496 2416201032 11 596164628 69275808 4 134217728 2415920128 2 1351160068 150996057 5 134217728 2415936512 2 1310976 587202578 256 16 588808464 554246304 33587216 1678245952 33685648 33587216 0 256
is_linear=0
shrinkage=0.05


Tree=58
num_leaves=31
num_cat=14
split_feature=0 17 17 17 0 17 0 17 3 0 17 0 6 17 5 17 6 17 17 6 2 17 6 6 17 6 17 3 3 17
split_gain=49888.7 10056.8 3397.11 2204.27 1888.5 1408 1355 1714.84 698.029 689.243 532.631 518.166 447.433 445.177 764.887 425.93 745.002 452.674 400.455 398.361 390.078 348.656 332.002 294.214 284.825 283.227 302.018 277.287 271.99 255.971
threshold=7.5000000000000009 0 1 2 14.000000000000002 3 14.000000000000002 4 14.000000000000002 77.500000000000014 5 32.500000000000007 11.500000000000002 6 23.750000000000004 7 19.500000000000004 8 9 21.500000000000004 37.500000000000007 10 20.500000000000004 11.500000000000002 11 20.500000000000004 12 17.500000000000004 17.500000000000004 13
decision_type=2 9 9 9 2 9 2 9 2 2 9 2 2 9 2 9 2 9 9 2 2 9 2 2 9 2 9 2 2 9
left_child=2 -2 -1 6 5 21 8 -8 13 20 -4 18 -7 23 -15 16 28 27 25 -12 -9 -5 -23 29 -13 26 -6 -18 -14 -3
right_child=1 3 10 4 11 12 7 9 -10 -11 19 24 15 14 -16 -17 17 -19 -20 -21 -22 22 -24 -25 -26 -27 -28 -29 -30 -31
leaf_value=-0.038285151512702599 0.001159652184354254 0.0012309551504965377 -0.037855751353720241 0.0010152851599858792 -0.0031204890529954454 -0.0092442651470505243 -0.011601724588785611 0.0027241702539150484 -0.013462730951802816 0.58508258829037707 -0.048756644143370442 0.16122435210354508 -0.028635686147114738 0.0012483305135212676 -0.019093225459444075 -0.042838794439567889 0.0090046345755096634 -0.038715368334366576 7.8928165985914236e-05 -0.045981823799465804 0.097889333131924883 -0.023539234026237657 0.0055895901916488636 0.00074722525376262898 0.026720918492693715 0.0042252306042108506 -0.00068012172967826248 -0.049324641191824004 -0.10910513345497384 -0.0010392804601513817
leaf_weight=58084 14207 958 9740 962 1616 4370 4126 24961 2010 4391 17454 9442 6290 3012 632 6341 1564 688 69375 3544 38695 9105 1917 7883 31940 2609 33649 231 1040 422
leaf_count=58084 14207 958 9740 962 1616 4370 4126 24961 2010 4391 17454 9442 6290 3012 632 6341 1564 688 69375 3544 38695 9105 1917 7883 31940 2609 33649 231 1040 422
internal_value=-0.00602842 0.00425017 -0.0387123 0.00207781 -0.00106515 -0.0119817 0.00861424 0.00577986 0.0223336 0.00767812 -0.0252407 0.0013224 -0.0199279 0.0266018 0.0116858 -0.0237774 -0.0171892 0.00646395 -0.000511427 -0.0297363 0.00635761 0.00164249 -0.000888325 0.0324221 0.00607511 -0.00464576 -0.00582305 0.0196399 -0.0252251 0.0111594
internal_weight=371258 282436 88822 268229 181139 32508 87090 72173 14917 68047 30738 148631 20524 12907 3644 16154 9813 2483 107249 20998 63656 11984 11022 9263 41382 37874 35265 1795 7330 1380
internal_count=371258 282436 88822 268229 181139 32508 87090 72173 14917 68047 30738 148631 20524 12907 3644 16154 9813 2483 107249 20998 63656 11984 11022 9263 41382 37874 35265 1795 7330 1380
cat_boundaries=0 2 5 8 11 13 16 19 22 24 26 27 29 30 32
cat_threshold=2147483650 1049088 2332082322 3493921024 2 402666496 2416201032 10 596164628 69275808 4 134217728 2415920128 1351160068 150996057 5 134217728 2415936512 2 1310976 587202578 1 1310720 50331650 587759888 554246176 33587216 1678245952 33685648 33587216 0 268452864
is_linear=0
shrinkage=0.05


Tree=59
num_leaves=31
num_cat=13
split_feature=0 17 17 17 0 17 0 17 6 3 0 17 17 6 5 17 6 6 17 17 4 5 17 17 6 17 3 5 8 6
split_gain=49439.5 10138.3 3417.5 2007.84 1500.47 1796.22 1345.96 1781.57 724.987 851.507 627.849 539.024 525.119 517.095 483.052 470.645 1195.71 403.592 400.899 385.053 361.296 323.168 706.284 495.76 320.336 340.479 318.564 310.329 263.914 251.093
threshold=7.5000000000000009 0 1 2 14.000000000000002 3 14.000000000000002 4 11.500000000000002 14.000000000000002 77.500000000000014 5 6 11.500000000000002 33.750000000000007 7 19.500000000000004 21.500000000000004 8 9 2.5000000000000004 23.750000000000004 10 11 19.500000000000004 12 17.500000000000004 21.250000000000004 23.500000000000004 20.500000000000004
decision_type=2 9 9 9 2 9 2 9 2 2 2 9 9 2 2 9 2 2 9 9 2 2 9 9 2 9 2 2 2 2
left_child=2 -2 -1 6 5 21 8 -8 18 -10 24 29 -4 -7 20 16 27 -14 -3 -18 -13 23 -23 -5 28 -26 -21 -15 -9 -6
right_child=1 3 12 4 11 13 7 10 9 -11 -12 14 17 15 -16 -17 19 -19 -20 26 -22 22 -24 -25 25 -27 -28 -29 -30 -31
leaf_value=-0.036370893937067453 0.0011016695751365547 -0.00091700898528790376 -0.035962963786034231 0.0011859139878452219 -0.006454527619379747 -0.0087820518896980278 -0.010513999444903633 0.14215292619318118 0.00076151511841224826 -0.01315414585023973 0.55582845887585819 2.8367062542500322e-06 -0.046318811936201909 -0.023598471717222225 0.14418820118433989 -0.045059256738771584 -0.036779599917648211 -0.043682732609492542 0.0011694073929716887 0.0090406230507072746 0.0061650051626811475 0.00096452090198662077 -0.022421967513817177 0.0026629386383250522 0.10553878028305662 -0.029650187456398136 -0.046858409132232826 -0.054705890980673022 0.044404157149553217 0.0058301651803099657
leaf_weight=58084 14207 1427 9740 1765 14412 5045 4397 17354 8796 1452 4391 101815 17454 6473 8606 7010 594 3544 857 1904 24239 537 2518 7199 3220 6711 258 1590 34516 1143
leaf_count=58084 14207 1427 9740 1765 14412 5045 4397 17354 8796 1452 4391 101815 17454 6473 8606 7010 594 3544 857 1904 24239 537 2518 7199 3220 6711 258 1590 34516 1143
internal_value=-0.00614775 0.00408447 -0.0386841 0.00190334 -0.000995581 -0.0103359 0.00835849 0.00567865 0.0234599 0.0291374 0.00772635 0.00117398 -0.0251724 -0.0185544 0.00219202 -0.0225616 -0.015971 -0.0296363 -0.00201401 0.0124456 0.00140971 0.00531632 -0.0087234 0.0101071 0.00642951 -0.0017974 0.0221915 -0.0257038 0.00800463 -0.00763572
internal_weight=371258 282436 88822 268229 185108 34893 83121 70589 12532 10248 66192 150215 30738 22874 134660 17829 10819 20998 2284 2756 126054 12019 3055 8964 61801 9931 2162 8063 51870 15555
internal_count=371258 282436 88822 268229 185108 34893 83121 70589 12532 10248 66192 150215 30738 22874 134660 17829 10819 20998 2284 2756 126054 12019 3055 8964 61801 9931 2162 8063 51870 15555
cat_boundaries=0 2 5 8 10 13 15 18 21 24 27 28 30 32
cat_threshold=2147483650 1049088 2332082322 3493921024 2 402666496 2416200776 10 596164628 69271968 134217728 2415920128 2 50364432 17301760 1351160068 150996057 5 1310976 587206658 5 134217728 2415919112 10 256 0 5 32784 33554448 256 268435456 264192
is_linear=0
shrinkage=0.05


Tree=60
num_leaves=31
num_cat=13
split_feature=0 17 17 17 0 17 0 17 6 3 0 0 6 17 17 6 6 6 17 17 17 5 17 17 3 5 8 17 5 16
split_gain=49074.6 10201.9 3407.61 2017.14 1560.83 1784.48 1414.72 1574.9 784.566 779.337 598.504 556.041 549.635 527.438 468.942 1200.41 409.649 403.592 400.291 394.305 385.292 318.259 704.51 499.044 316.175 307.648 273.432 267.399 256.521 245.755
threshold=7.5000000000000009 0 1 2 14.000000000000002 3 14.000000000000002 4 11.500000000000002 14.000000000000002 92.500000000000014 42.500000000000007 11.500000000000002 5 6 19.500000000000004 18.500000000000004 21.500000000000004 7 8 9 23.750000000000004 10 11 17.500000000000004 21.250000000000004 23.500000000000004 12 23.750000000000004 29.839925000000004
decision_type=2 9 9 9 2 9 2 9 2 2 2 2 2 9 9 2 2 2 9 9 9 2 9 9 2 2 2 9 2 2
left_child=2 -2 -1 6 5 21 8 28 18 -10 16 19 -7 -4 15 25 26 29 -3 -6 -17 23 -23 -5 -22 -14 -9 -11 -8 -15
right_child=1 3 13 4 11 12 7 10 9 27 -12 -13 14 17 -16 20 -18 -19 -20 -21 24 22 -24 -25 -26 -27 -28 -29 -30 -31
leaf_value=-0.034552349240214088 0.0010465860963797091 -0.00087115853602348636 -0.034164815596732505 0.0011266182884529742 -0.00061067334758551088 -0.0080904260641970534 -0.00044838360999612805 0.17766758636095334 0.00072343936249161809 0.0029212936653706836 1.0033894646578774 0.095370986354886084 -0.022418548131361151 -0.040928278160550051 -0.044508457642529288 -0.03494061992176576 -0.0025300852626466866 -0.041498595979017908 0.0011109370233230997 0.00016035895462991335 0.0085885918981719375 0.00091629485688731198 -0.021300869138126278 0.0025297917064087908 -0.044515488675621211 -0.051970596431639399 0.057968157168751235 -0.016830145989184066 -0.011427853035177371 -0.044002871339391805
leaf_weight=58084 14207 1427 9740 1765 50043 5158 943 13866 8685 771 2003 22236 6610 3719 7095 594 12541 3544 744 90035 1907 537 2518 7199 259 1590 25954 566 3183 13735
leaf_count=58084 14207 1427 9740 1765 50043 5158 943 13866 8685 771 2003 22236 6610 3719 7095 594 12541 3544 744 90035 1907 537 2518 7199 259 1590 25954 566 3183 13735
internal_value=-0.00623879 0.00395559 -0.0386548 0.00176764 -0.000826095 -0.0103656 0.00901574 0.00578731 0.02451 0.0304131 0.00804796 0.0012445 -0.018458 -0.0251626 -0.0225782 -0.0160438 0.00702336 -0.0296363 -0.00274067 7.85277e-05 0.0124638 0.00527475 -0.00865794 0.010029 0.0221967 -0.0256585 0.00950527 -0.00512341 -0.0239603 -0.0265269
internal_weight=371258 282436 88822 268229 197546 35232 70683 58490 12193 10022 54364 162314 23213 30738 18055 10960 52361 20998 2171 140078 2760 12019 3055 8964 2166 8200 39820 1337 4126 17454
internal_count=371258 282436 88822 268229 197546 35232 70683 58490 12193 10022 54364 162314 23213 30738 18055 10960 52361 20998 2171 140078 2760 12019 3055 8964 2166 8200 39820 1337 4126 17454
cat_boundaries=0 2 5 8 10 12 15 18 21 23 26 27 29 32
cat_threshold=2147483650 1049088 2332082322 3493921024 2 134230016 2416200776 10 596164628 69271968 134217728 2415920128 1351160068 150996057 5 269746432 587206658 5 134217728 2415919112 10 295207184 19472672 256 0 5 32784 33554448 256 0 263168 8
is_linear=0
shrinkage=0.05


Tree=61
num_leaves=31
num_cat=12
split_feature=0 17 17 17 0 17 0 17 3 3 0 6 17 17 6 6 6 17 17 6 4 6 5 17 17 3 5 0 6 17
split_gain=48808.6 10257.5 3410.85 2024.66 1651.17 1685.33 1520.84 1784.48 605.88 576.128 560.381 549.635 529.762 468.942 1200.41 451.379 403.592 397.807 385.292 356.42 351.741 321.293 318.259 704.51 499.044 316.175 307.648 267.598 253.834 397.195
threshold=7.5000000000000009 0 1 2 14.000000000000002 3 14.000000000000002 4 11.500000000000002 72.500000000000014 27.500000000000004 11.500000000000002 5 6 19.500000000000004 20.500000000000004 21.500000000000004 7 8 17.500000000000004 2.5000000000000004 11.500000000000002 23.750000000000004 9 10 17.500000000000004 21.250000000000004 11.500000000000002 18.500000000000004 11
decision_type=2 9 9 9 2 9 2 9 2 2 2 2 9 9 2 2 2 9 9 2 2 2 2 9 9 2 2 2 2 9
left_child=2 -2 -1 4 8 -6 7 22 21 19 17 -9 -4 14 26 -10 -14 -8 -16 -7 -12 -3 24 -24 -5 -20 -13 -17 29 -19
right_child=1 3 12 6 5 9 10 11 15 -11 20 13 16 -15 18 27 -18 28 25 -21 -22 -23 23 -25 -26 -27 -28 -29 -30 -31
leaf_value=-0.03282473177820338 0.00099425679156075488 0.00052405080761408485 -0.032456574816895858 0.0010702873740303432 -0.0099245457353422505 0.092249946108350411 8.5853363266963364e-05 -0.0076859047609872284 -0.01534026835822493 0.37024318484532337 0.014086500553727533 -0.021297620724793111 -0.041802727772422221 -0.042283034760402849 -0.033193588925677454 -0.062776092396835279 -0.039423666180067013 -0.0015588150664389566 0.0081591623032633009 -0.0012990092472499272 0.091098791233716447 0.0006356162670292598 0.0008704801140429375 -0.020235825681219934 0.002403302121088391 -0.042289714241840137 -0.049372066610057441 0.0011317899062027515 0.00043643851120762634 -0.00058552817647843374
leaf_weight=58084 14207 1539 9740 1765 4397 33025 40859 5158 1736 5841 55924 6610 17454 7095 594 177 3544 2379 1907 15227 17443 7950 537 2518 7199 259 1590 791 9641 36068
leaf_count=58084 14207 1539 9740 1765 4397 33025 40859 5158 1736 5841 55924 6610 17454 7095 594 177 3544 2379 1907 15227 17443 7950 537 2518 7199 259 1590 791 9641 36068
internal_value=-0.00632337 0.00384335 -0.0386515 0.00164946 0.00891107 0.00542315 -0.000949098 -0.0103656 0.02565 0.00784337 0.00109479 -0.018458 -0.0251529 -0.0225782 -0.0160438 0.00477071 -0.0296363 -0.00157341 0.0124638 0.00604949 0.0043296 0.0315997 0.00527475 -0.00865794 0.010029 0.0221967 -0.0256585 0.0321281 -0.00465508 -0.00647515
internal_weight=371258 282436 88822 268229 70683 58490 197546 35232 12193 54093 162314 23213 30738 18055 10960 2704 20998 88947 2760 48252 73367 9489 12019 3055 8964 2166 8200 968 48088 38447
internal_count=371258 282436 88822 268229 70683 58490 197546 35232 12193 54093 162314 23213 30738 18055 10960 2704 20998 88947 2760 48252 73367 9489 12019 3055 8964 2166 8200 968 48088 38447
cat_boundaries=0 2 5 8 11 13 16 19 22 25 26 28 30
cat_threshold=2147483650 1049088 2332082322 3493921024 2 134230016 2416200776 10 134217728 2415920128 2 596164628 69271968 1351160068 150996057 5 269746432 587206658 5 1108673604 167907473 5 256 0 5 32784 33554448 256 32784 524288
is_linear=0
shrinkage=0.05


Tree=62
num_leaves=31
num_cat=12
split_feature=0 17 17 17 0 0 17 17 5 0 3 6 17 17 0 17 6 17 6 6 5 17 4 6 5 3 5 17 0 17
split_gain=48708.6 10279.1 3410.85 2035.45 1808.23 1680.95 1559.64 1544.17 591.527 582.346 571.494 548.544 529.762 498.974 498.802 493.889 1067.93 539.44 435.588 403.592 388.296 368.188 328.383 322.624 316.341 314.403 280.037 268.004 258.78 251.253
threshold=7.5000000000000009 0 1 2 14.000000000000002 14.000000000000002 3 4 23.750000000000004 92.500000000000014 11.500000000000002 11.500000000000002 5 6 27.500000000000004 7 19.500000000000004 8 20.500000000000004 21.500000000000004 26.250000000000004 9 2.5000000000000004 11.500000000000002 21.250000000000004 17.500000000000004 23.750000000000004 10 11.500000000000002 11
decision_type=2 9 9 9 2 2 9 9 2 2 2 2 9 9 2 9 2 9 2 2 2 9 2 2 2 2 2 9 2 9
left_child=2 -2 -1 4 10 6 8 26 13 20 23 -8 -4 -5 21 16 24 -18 -12 -14 -9 -7 -16 29 -13 -19 -6 -10 -20 -3
right_child=1 3 12 5 7 14 11 9 27 -11 18 15 19 -15 22 -17 17 25 28 -21 -22 -23 -24 -25 -26 -27 -28 -29 -30 -31
leaf_value=-0.031183495189293222 0.00094454395198271266 -0.00092411060145893844 -0.03083374607605105 0.0010167730053288083 7.0262857270808607e-05 8.1560695103632963e-05 -0.0070110500720546483 0.038602098095835841 -0.019224034397158897 0.93470783218271769 -0.014579480135314606 -0.022435788017442261 -0.0397125913838011 0.0049303090587753395 0.013382175526041174 -0.038466719281686504 -0.031533909479393607 0.0077512041881001364 -0.059637287776993557 -0.037452482871063668 0.17879597189172128 -0.00049135464541762988 0.086543851672030672 0.00065548658101555191 -0.046903463279554553 -0.040175228529748176 -0.010360233096651329 0.0075437453337865003 0.001075200410892574 0.0010291876317761962
leaf_weight=58084 14207 575 9740 1765 973 39811 5071 43588 1985 2003 1743 7014 17454 7211 55924 6426 688 1861 177 3544 8804 48834 17443 8562 1660 246 3424 669 791 981
leaf_count=58084 14207 575 9740 1765 973 39811 5071 43588 1985 2003 1743 7014 17454 7211 55924 6426 688 1861 177 3544 8804 48834 17443 8562 1660 246 3424 669 791 981
internal_value=-0.0063565 0.0037998 -0.0386515 0.00160361 0.00881951 -0.00102534 -0.0110302 0.00510954 0.00389175 0.00741384 0.0258282 -0.0185803 -0.0251529 0.0100267 0.00111103 -0.0227019 -0.0164344 0.0104293 0.0054408 -0.0296363 0.00640365 -0.00141294 0.00416059 0.0312908 -0.0251095 0.0229334 -0.0233606 -0.0168425 0.0323347 0.010347
internal_weight=371258 282436 88822 268229 71621 196608 34596 58792 11630 54395 12829 22966 30738 8976 162012 17895 11469 2795 2711 20998 52392 88645 73367 10118 8674 2107 4397 2654 968 1556
internal_count=371258 282436 88822 268229 71621 196608 34596 58792 11630 54395 12829 22966 30738 8976 162012 17895 11469 2795 2711 20998 52392 88645 73367 10118 8674 2107 4397 2654 968 1556
cat_boundaries=0 2 5 8 11 14 17 19 22 25 28 30 33
cat_threshold=2147483650 1049088 2332082322 3493921024 2 134262784 2416200776 10 596131860 69271968 4 134217728 2415920128 2 1351160068 150996057 5 33554448 256 269746432 587206674 1 256 536870928 1 1108673604 167907459 5 16384 2162944 134250496 2147483656 2
is_linear=0
shrinkage=0.05


Tree=63
num_leaves=31
num_cat=13
split_feature=0 17 17 0 17 0 0 17 17 17 17 0 17 6 0 6 17 5 17 3 6 3 3 6 17 17 6 16 4 17
split_gain=48746 10566.8 3410.85 1692.48 973.075 1788.84 776.354 836.607 788.871 691.362 628.787 653.133 529.762 505.282 480.923 454.014 490.498 433.837 615.374 420.97 403.592 374.781 373.758 338.194 314.84 291.52 249.891 245.755 226.781 224.088
threshold=7.5000000000000009 0 1 42.500000000000007 2 14.000000000000002 14.000000000000002 3 4 5 6 17.500000000000004 7 19.500000000000004 102.50000000000001 11.500000000000002 8 23.750000000000004 9 14.000000000000002 21.500000000000004 14.000000000000002 17.500000000000004 11.500000000000002 10 11 18.500000000000004 29.839925000000004 2.5000000000000004 12
decision_type=2 9 9 2 9 2 2 9 9 9 9 2 9 2 2 2 9 2 9 2 2 2 2 2 9 9 2 2 2 9
left_child=2 10 29 4 6 9 7 15 -8 13 11 -2 -4 -6 24 16 -3 18 21 -17 27 -9 -15 -11 -5 -7 -20 -14 -26 -1
right_child=1 3 12 14 5 25 8 17 -10 23 -12 -13 20 22 -16 19 -18 -19 26 -21 -22 -23 -24 -25 28 -27 -28 -29 -30 -31
leaf_value=-0.029624320429828543 0.00045830747271562449 -0.00040326541484496663 -0.029292058772248497 0.15894723158371207 -0.017874750895384841 -0.0070767514246796283 -0.0089619926518597747 0.0010001584712669321 0.0013590986500563674 -0.0077470570070851787 0.00089731675438358143 -0.016353823352668505 -0.034806098294711374 0.0046837936058365948 1.5218671003135285 0.00079418177928998197 0.00097772825018740419 -0.013979429349955642 0.019481532122389213 -0.00019271135901197667 -0.035579858727510461 -0.0039026730698348724 -0.060841082032418739 -0.022716380410218041 0.039690949009294665 7.236093227263041e-05 -0.039473011801772095 -0.037726961814611042 0.1547695354274371 -0.029624320429828543
leaf_weight=15555 4128 1093 9740 14646 7018 22980 3964 3279 62856 3328 14207 503 3719 2226 1268 6156 608 1625 1455 1065 3544 876 460 13685 25644 77042 1228 13735 11096 42529
leaf_count=15555 4128 1093 9740 14646 7018 22980 3964 3279 62856 3328 14207 503 3719 2226 1268 6156 608 1625 1455 1065 3544 876 460 13685 25644 77042 1228 13735 11096 42529
internal_value=-0.00634411 0.00381609 -0.0386515 0.00122986 -0.000771769 -0.00353967 0.00339429 0.012807 0.000945825 -0.0150335 0.039983 0.0238203 -0.0251529 -0.00436483 0.00924906 0.0234774 0.00026455 0.00152838 0.00704884 0.028978 -0.0296363 0.0190756 0.014073 -0.0211038 0.00849842 -0.000469897 -0.0116042 -0.0265269 0.00602177 -0.0457827
internal_weight=371258 282436 88822 263598 210944 126739 84205 17385 66820 26717 18838 4631 30738 9704 52654 8922 1701 8463 6838 7221 20998 4155 2686 17013 51386 100022 2683 17454 36740 58084
internal_count=371258 282436 88822 263598 210944 126739 84205 17385 66820 26717 18838 4631 30738 9704 52654 8922 1701 8463 6838 7221 20998 4155 2686 17013 51386 100022 2683 17454 36740 58084
cat_boundaries=0 2 5 8 11 14 17 19 22 25 27 29 31 33
cat_threshold=2281701378 2148532736 2332082322 3493921024 2 117568532 470027721 10 33587216 268436480 10 32784 268436480 2 814219264 35745824 4 134217728 2147483648 1351160068 150996057 5 0 268435456 10 16797696 67373312 1887961088 34029584 268959744 17383424 16793600 65792
is_linear=0
shrinkage=0.05


Tree=64
num_leaves=31
num_cat=13
split_feature=0 17 17 17 0 17 0 0 17 17 0 0 17 6 6 17 3 6 3 0 17 6 17 17 5 17 3 17 6 16
split_gain=48844.4 10546.1 3410.85 1515.96 1232.77 1281.63 727.929 751.457 529.762 474.262 556.794 465.63 449.393 411.694 459.467 1545.81 491.405 403.592 381.777 360.29 357.644 331.689 644.827 633.185 498.25 335.689 327.784 274.834 328.626 245.755
threshold=7.5000000000000009 0 1 2 14.000000000000002 3 14.000000000000002 47.500000000000007 4 5 17.500000000000004 27.500000000000004 6 11.500000000000002 19.500000000000004 7 17.500000000000004 21.500000000000004 14.000000000000002 97.500000000000014 8 11.500000000000002 9 10 23.750000000000004 11 17.500000000000004 12 20.500000000000004 29.839925000000004
decision_type=2 9 9 9 2 9 2 2 9 9 2 2 9 2 2 9 2 2 2 2 9 2 9 9 2 9 2 9 2 2
left_child=2 9 -1 6 5 27 18 12 -4 10 -2 20 -8 -7 16 -16 -15 29 21 -9 -6 23 -23 -3 25 -24 -17 -5 -29 -10
right_child=1 3 8 4 11 13 7 19 17 -11 -12 -13 -14 14 15 26 -18 -19 -20 -21 -22 22 24 -25 -26 -27 -28 28 -30 -31
leaf_value=-0.028143104408337116 0.00043539209907983434 -0.00078743434878791874 -0.027827455833636085 0.00075447269032551394 -0.00066796352182141305 -0.0066581982684915005 -0.0093941218092257195 0.13762319371477147 -0.033065793379975797 0.00085245091666443786 -0.015536132185035002 0.021101259615997493 0.014840838459689289 -0.021580561389707143 -0.024879252093291893 0.0079597724670750665 -0.098026536332173286 -0.033800865791134928 -0.0066137315504873236 1.1957737452978521 1.6481659433509321e-05 0.00098173130138343731 0.00059913397124633505 0.00091592643149898125 -0.013280457882457864 -0.069595288666317145 -0.035742094621622034 -0.023813005182740456 0.00045619533787144562 -0.035840613723880477
leaf_weight=58084 3169 1490 9740 900 25707 4536 7766 25630 3719 14207 442 54814 48207 9628 2478 1934 1633 3544 2038 1567 56019 6315 896 1276 580 248 263 8445 2248 13735
leaf_count=58084 3169 1490 9740 900 25707 4536 7766 25630 3719 14207 442 54814 48207 9628 2478 1934 1633 3544 2038 1567 56019 6315 896 1276 580 248 263 8445 2248 13735
internal_value=-0.00631151 0.00385893 -0.0386515 0.00135095 -0.00150491 -0.0103275 0.00636566 0.00465552 -0.0251529 0.0410814 0.0246755 0.000566867 0.00134261 -0.0178449 -0.0216365 -0.00845989 -0.0271068 -0.0296363 0.0174453 0.0114737 -0.00182439 0.0211893 0.0263279 0.00625452 -0.000865052 0.0182692 0.0220435 0.00296044 0.000714753 -0.0265269
internal_weight=371258 282436 88822 264618 168605 32065 96013 83170 30738 17818 3611 136540 55973 20472 15936 4675 11261 20998 12843 27197 81726 10805 8039 2766 1724 1144 2197 11593 10693 17454
internal_count=371258 282436 88822 264618 168605 32065 96013 83170 30738 17818 3611 136540 55973 20472 15936 4675 11261 20998 12843 27197 81726 10805 8039 2766 1724 1144 2197 11593 10693 17454
cat_boundaries=0 2 5 8 11 14 16 19 21 23 26 29 31 32
cat_threshold=2147483650 2148532736 2332082322 3493921024 2 436220928 268717385 11 562610260 69271712 4 1351160068 150996057 5 0 2147483648 134217728 268453120 2 1140916480 134357008 545816592 84476064 167772160 268452864 10 134217728 268435465 11 0 256 32784
is_linear=0
shrinkage=0.05


Tree=65
num_leaves=31
num_cat=12
split_feature=0 17 17 17 0 17 0 2 17 0 0 6 17 0 17 6 17 6 3 17 5 3 17 6 8 17 5 16 17 5
split_gain=49061.9 10492.6 3410.85 1512.23 1454.63 1311.95 907.141 819.343 529.762 488.72 476.002 474.826 474.262 556.794 420.702 1067.93 539.44 403.592 366.184 327.746 316.341 314.403 311.566 326.099 267.409 277.853 254.483 245.755 234.95 848.331
threshold=7.5000000000000009 0 1 2 14.000000000000002 3 14.000000000000002 22.500000000000004 4 42.500000000000007 87.500000000000014 11.500000000000002 5 17.500000000000004 6 19.500000000000004 7 21.500000000000004 14.000000000000002 8 21.250000000000004 17.500000000000004 9 20.500000000000004 23.500000000000004 10 26.250000000000004 29.839925000000004 11 23.750000000000004
decision_type=2 9 9 9 2 9 2 2 9 2 2 2 9 2 9 2 9 2 2 9 2 2 9 2 2 9 2 2 9 2
left_child=2 12 -1 6 5 22 18 -8 -4 19 26 -7 13 -2 15 20 -17 27 28 -6 -13 -18 -5 -24 25 -21 -9 -10 -3 -30
right_child=1 3 8 4 9 11 7 10 17 -11 -12 14 -14 -15 -16 16 21 -19 -20 24 -22 -23 23 -25 -26 -27 -28 -29 29 -31
leaf_value=-0.026735949187920261 0.00041362249412584266 0.00055071031325981679 -0.026436083041954286 0.00071674905580927379 -0.011996065636672616 -0.005876595697324483 -0.0089244157187644124 0.045061351332079273 -0.031412503710977015 0.083094129545781575 0.63598505803295924 -0.01909915152657389 0.00080982837083123373 -0.014759325575783322 -0.037588842020387862 -0.027577432380248457 0.0075617838437213262 -0.032110822501578172 -0.0058482665264136813 0.041225926070923791 -0.042343443025580643 -0.033954989890540958 -0.022622354923603451 0.00043338557097785115 -7.0434010835462854e-05 7.3040530763179845e-05 0.15650777177610886 -0.034048583037686431 0.00087013010992400555 -0.012616434988335002
leaf_weight=58084 3169 6396 9740 962 7920 5019 7911 33959 3719 25291 2530 7014 14207 442 4920 688 1861 3544 1724 15837 1660 246 8445 2248 88867 30216 7179 13735 3082 643
leaf_count=58084 3169 6396 9740 962 7920 5019 7911 33959 3719 25291 2530 7014 14207 442 4920 688 1861 3544 1724 15837 1660 246 8445 2248 88867 30216 7179 13735 3082 643
internal_value=-0.0062396 0.00395346 -0.0386515 0.00145185 -0.000670464 -0.0102577 0.00818331 0.00531903 -0.0251529 0.00121483 0.00800128 -0.017602 0.0410814 0.0246755 -0.021731 -0.0164344 0.0104293 -0.0296363 0.0206627 8.05097e-05 -0.0251095 0.0229334 0.00324475 0.000780155 0.000661084 0.00375328 0.00670669 -0.0265269 0.0242911 0.0141767
internal_weight=371258 282436 88822 264618 201194 33063 63424 51579 30738 168131 43668 21408 17818 3611 16389 11469 2795 20998 11845 142840 8674 2107 11655 10693 134920 46053 41138 17454 10121 3725
internal_count=371258 282436 88822 264618 201194 33063 63424 51579 30738 168131 43668 21408 17818 3611 16389 11469 2795 20998 11845 142840 8674 2107 11655 10693 134920 46053 41138 17454 10121 3725
cat_boundaries=0 2 5 8 11 14 16 19 22 24 25 28 31
cat_threshold=2147483650 2148532736 2332082322 3493921024 2 134230016 268717376 10 596164692 69271712 4 1351160068 150996057 5 0 2147483648 269746432 587206674 1 256 536870928 1 33587216 16842752 33587216 853060 134348848 5 134217728 268436480 2
is_linear=0
shrinkage=0.05


Tree=66
num_leaves=31
num_cat=12
split_feature=0 17 17 17 0 17 0 2 6 17 3 0 17 17 3 0 6 6 3 17 4 17 6 17 0 3 6 17 17 5
split_gain=48410.6 10748.3 3413.01 1398.62 1453.02 1141.55 842.327 716.481 550.123 529.046 496.351 462.62 461.035 435.624 513.351 419.81 416.227 404.092 385.287 369.292 334.146 329.302 882.426 318.999 294.424 274.891 260.156 632.943 470.897 680.57
threshold=7.5000000000000009 0 1 2 14.000000000000002 3 14.000000000000002 37.500000000000007 19.500000000000004 4 17.500000000000004 22.500000000000004 5 6 17.500000000000004 102.50000000000001 11.500000000000002 21.500000000000004 14.000000000000002 7 2.5000000000000004 8 19.500000000000004 9 22.500000000000004 17.500000000000004 11.500000000000002 10 11 23.750000000000004
decision_type=2 9 9 9 2 9 2 2 2 9 2 2 9 9 2 2 2 2 2 9 2 9 2 9 2 2 2 9 9 2
left_child=2 13 -1 6 5 8 18 24 12 -4 -10 19 -5 14 -2 -9 -7 -11 26 -6 -13 22 -18 -24 -8 -25 27 -3 -28 -30
right_child=1 3 9 4 11 16 7 15 10 17 -12 20 -14 -15 -16 -17 21 -19 -20 -21 -22 -23 23 25 -26 -27 28 -29 29 -31
leaf_value=-0.025399151728524229 0.00039294136941956385 -0.00037126594232628207 -0.025114278889856581 0.00068091160301877454 -0.00070968136984461694 -0.0061894877017061312 -0.0084781949328261771 0.078717785008032948 0.0027779633431886277 -0.032346153885802136 -0.057480397409108708 0.0026156238129225076 -0.020712560658445067 0.00076933695228964538 -0.014021359296994086 1.3541858051313114 -0.019546575743893159 -0.030505281376499261 -0.0055558532000929972 -4.5938300644365885e-06 0.054601636513506517 -0.035277963348258549 -0.026198560761236056 0.0071836946515352555 0.015502492487914488 -0.032257240396013923 0.00052503740678631059 0.00085551000044006289 0.00087668734364507736 -0.01198561323891827
leaf_weight=58084 3218 1451 9740 1410 18345 4256 9390 39279 2965 17454 556 71598 7540 14207 393 1254 6978 3544 2203 42464 20377 5435 508 1567 17003 232 6003 1210 1883 711
leaf_count=58084 3218 1451 9740 1410 18345 4256 9390 39279 2965 17454 556 71598 7540 14207 393 1254 6978 3544 2203 42464 20377 5435 508 1567 17003 232 6003 1210 1883 711
internal_value=-0.00645319 0.00367198 -0.0386492 0.00114009 -0.00126112 -0.0110487 0.00664266 0.00434809 0.000709078 -0.0251464 0.0174524 0.000753351 -0.00587709 0.0412497 0.025504 0.00852269 -0.0187665 -0.0296268 0.0180559 -0.00263037 0.00299049 -0.0227582 -0.0169715 0.00981795 -0.00206305 0.0196517 0.0217978 0.00813604 0.0260265 0.00810292
internal_weight=371258 282436 88822 264618 184231 31447 80387 66926 12471 30738 3521 152784 8950 17818 3611 40533 18976 20998 13461 60809 91975 14720 9285 2307 26393 1799 11258 2661 8597 2594
internal_count=371258 282436 88822 264618 184231 31447 80387 66926 12471 30738 3521 152784 8950 17818 3611 40533 18976 20998 13461 60809 91975 14720 9285 2307 26393 1799 11258 2661 8597 2594
cat_boundaries=0 2 5 8 11 14 16 18 20 23 26 29 32
cat_threshold=2147483650 2148532736 2332082322 3493921024 2 151008256 268717384 10 579387476 69275808 4 1351160068 150996057 5 41975824 65536 0 2147483648 369672464 598176 269746432 587202562 1 256 536870912 1 134217728 268451848 10 134217728 268436480 10
is_linear=0
shrinkage=0.05


Tree=67
num_leaves=31
num_cat=13
split_feature=0 17 17 0 17 17 17 0 17 0 14 0 17 17 17 6 3 5 17 17 5 17 16 6 6 6 17 3 3 6
split_gain=45026.7 10748.6 5075.38 1389.39 1070.28 920.486 860.768 1237.83 759.175 679.504 591.216 513.402 937.716 605.457 467.212 428.839 448.131 420.099 483.66 412.912 395.912 1195.38 376.639 307.069 286.512 454.725 1045.79 373.741 284.427 271.394
threshold=7.5000000000000009 0 1 47.500000000000007 2 3 4 14.000000000000002 5 17.500000000000004 229.93022500000004 14.000000000000002 6 7 8 19.500000000000004 17.500000000000004 23.750000000000004 9 10 23.750000000000004 11 29.839925000000004 17.500000000000004 11.500000000000002 19.500000000000004 12 17.500000000000004 17.500000000000004 19.500000000000004
decision_type=2 9 9 2 9 9 9 2 9 2 2 2 9 9 9 2 2 2 9 9 2 9 2 2 2 2 9 2 2 2
left_child=2 5 14 6 10 9 11 8 15 -2 -4 12 -3 -13 29 -8 -17 18 -12 -5 -14 -22 -20 -15 -10 27 -27 -26 -28 -1
right_child=1 3 4 19 -6 -7 7 -9 24 -11 17 13 20 23 -16 16 -18 -19 22 -21 21 -23 -24 -25 25 26 28 -29 -30 -31
leaf_value=-0.02412919414209802 0.0003254004072269723 -0.019237146963510643 -0.012170365231718439 0.22448694326588736 -0.028980017307674279 0.00073087010467514095 -0.013911399671879376 -9.8973569966887004e-05 -0.0068945050084146869 -0.013320291332144407 -0.10476213237848248 -0.0080542851861848952 0.00086288636047875404 0.018648425136458615 -0.02412919414209802 0.004266226712942878 -0.057280377747675276 -0.083515261968720375 -0.00027284587531188896 0.096782613249656535 -0.011386332576972347 0.00049692292725751492 0.00062963020901403161 -0.0040916256606845286 -0.019655806395331779 -0.016220989681929511 0.0068245099189584661 -0.09119292315204125 -0.030644378376213234 -0.02412919414209802
leaf_weight=14699 6123 5828 2612 11023 18433 14207 5828 104702 3562 704 823 3341 7301 53730 42529 1991 455 807 393 22484 1778 1950 1509 23590 8553 1943 1643 1450 250 7017
leaf_count=14699 6123 5828 2612 11023 18433 14207 5828 104702 3562 704 823 3341 7301 53730 42529 1991 455 807 393 22484 1778 1950 1509 23590 8553 1943 1643 1450 250 7017
internal_value=-0.00618815 0.00357674 -0.0372385 0.000809068 -0.0178895 0.0379538 -0.000588648 -0.00324611 -0.0130847 0.0227658 0.000194995 0.00296428 0.0109005 0.00130608 -0.0446308 -0.000603573 0.0169665 0.0135334 0.0229174 0.0103158 0.0194628 0.00622318 0.0366632 0.00220742 -0.0190081 -0.022274 -0.00763816 -0.0278866 0.0187861 -0.0385575
internal_weight=371258 282436 88822 261402 24577 21034 227895 130377 25675 6827 6144 97518 16857 80661 64245 8274 2446 3532 2725 33507 11029 3728 1902 77320 17401 13839 3836 10003 1893 21716
internal_count=371258 282436 88822 261402 24577 21034 227895 130377 25675 6827 6144 97518 16857 80661 64245 8274 2446 3532 2725 33507 11029 3728 1902 77320 17401 13839 3836 10003 1893 21716
cat_boundaries=0 2 5 8 10 13 16 19 22 24 27 30 32 34
cat_threshold=2147483650 2416968192 2868953234 4097917216 2 268435716 2097153 5 0 2415919104 218231892 134483401 11 579338240 69292064 4 67191876 134217929 1 134250512 1024 2 553664512 604061984 260 0 5 1351090192 344080 4 16777216 1280 1073742080 139280
is_linear=0
shrinkage=0.05


Tree=68
num_leaves=31
num_cat=12
split_feature=0 17 17 17 0 17 17 0 0 14 0 17 6 17 3 3 5 17 6 17 3 16 17 5 17 6 3 3 17 6
split_gain=44625.3 10842.5 5092.43 1403.22 1222.91 1485.16 1086.26 804.191 675.694 575.451 513.766 467.212 458.955 458.616 461.651 446.531 420.099 483.66 413.729 1468.67 496.87 376.639 356.044 346.759 1165.75 503.749 499.329 307.343 282.769 271.394
threshold=7.5000000000000009 0 1 2 14.000000000000002 3 4 14.000000000000002 72.500000000000014 229.93022500000004 27.500000000000004 5 11.500000000000002 6 17.500000000000004 22.500000000000004 23.750000000000004 7 19.500000000000004 8 17.500000000000004 29.839925000000004 9 23.750000000000004 10 11.500000000000002 14.000000000000002 17.500000000000004 11 19.500000000000004
decision_type=2 9 9 9 2 9 9 2 2 2 2 9 2 9 2 2 2 9 2 9 2 2 9 2 9 2 2 2 9 2
left_child=2 13 11 7 5 28 9 23 15 -4 22 29 -7 14 -2 -9 17 -11 20 27 -14 -19 -6 -3 25 -25 -27 -20 -5 -1
right_child=1 3 6 4 10 12 -8 8 -10 16 -12 -13 18 -15 -16 -17 -18 21 19 -21 -22 -23 -24 24 -26 26 -28 -29 -30 -31
leaf_value=-0.022922734434993111 0.00035702428058721481 0.00081974204245485185 -0.011561846970132539 0.00062201987650496455 -0.0044568316999538116 -0.0049922053843007852 -0.027531016442290571 -0.0076515709268756282 0.36129624703597973 -0.099524025759558349 0.020645507539579989 -0.022922734434993111 -0.017586456636931924 0.000694326599441375 -0.012654276765537277 0.049823019886613376 -0.079339498870284339 -0.00025920358154629675 0.0064413161920498403 -0.019180899736098489 -0.086633276994439179 0.00059814869856333885 -0.00011381075450334066 -0.00036897266557129883 -0.010817015948123744 0.00040363193822816616 -0.0096779337057742339 -0.0291121594574026 0.0012346754734450906 -0.022922734434993111
leaf_weight=14699 3218 7714 2612 962 7656 4959 18433 7778 5481 823 85236 42529 9746 14207 393 31500 807 393 1858 2946 1685 1509 82059 298 1445 2111 256 245 10683 7017
leaf_count=14699 3218 7714 2612 962 7656 4959 18433 7778 5481 823 85236 42529 9746 14207 393 31500 807 393 1858 2946 1685 1509 82059 298 1445 2111 256 245 10683 7017
internal_value=-0.00631448 0.00340679 -0.0372261 0.000863854 -0.00103511 -0.00985068 -0.0178448 0.00784461 0.00478228 0.000373741 0.000631891 -0.0446308 -0.0176535 0.0411488 0.0250069 0.0024874 0.0135334 0.0229174 -0.0216748 -0.00975441 -0.0269399 0.0366632 -0.00200914 0.0194435 0.0077129 0.027271 0.0350866 0.0221249 0.00452595 -0.0385575
internal_weight=371258 282436 88822 264618 208035 33084 24577 56583 44759 6144 174951 64245 21439 17818 3611 39278 3532 2725 16480 5049 11431 1902 89715 11824 4110 2665 2367 2103 11645 21716
internal_count=371258 282436 88822 264618 208035 33084 24577 56583 44759 6144 174951 64245 21439 17818 3611 39278 3532 2725 16480 5049 11431 1902 89715 11824 4110 2665 2367 2103 11645 21716
cat_boundaries=0 2 5 8 10 13 15 17 20 22 24 27 28
cat_threshold=2147483650 2148532736 2868953234 4097917216 2 134225920 268717376 10 596168788 69271720 268435716 2097153 5 553664512 604061984 0 2147483648 260 0 5 1310720 50335746 34111504 589824 134217728 268435456 2 33587216
is_linear=0
shrinkage=0.05


Tree=69
num_leaves=31
num_cat=12
split_feature=0 17 17 17 0 17 17 0 0 14 3 6 17 17 3 5 17 5 6 17 3 16 17 17 14 0 17 3 6 0
split_gain=44835.5 10787.6 5092.43 1345.72 1354.33 1500.28 1086.26 694.68 673.244 575.451 524.273 468.081 467.212 458.616 461.651 420.099 483.66 405.293 391.563 1412.91 493.689 376.639 375.041 336.202 311.981 443.854 283.446 275.144 271.394 252.552
threshold=7.5000000000000009 0 1 2 11.500000000000002 3 4 11.500000000000002 57.500000000000007 229.93022500000004 14.000000000000002 11.500000000000002 5 6 17.500000000000004 23.750000000000004 7 31.250000000000004 19.500000000000004 8 17.500000000000004 29.839925000000004 9 10 149.98268333333337 14.000000000000002 11 17.500000000000004 19.500000000000004 107.50000000000001
decision_type=2 9 9 9 2 9 9 2 2 2 2 2 9 9 2 2 9 2 2 9 2 2 9 9 2 2 9 2 2 2
left_child=2 13 12 7 5 26 9 10 23 -4 -3 -7 28 14 -2 16 -11 24 20 -20 -13 -18 -19 -9 -6 -26 -5 -21 -1 -10
right_child=1 3 6 4 17 11 -8 8 29 15 -12 18 -14 -15 -16 -17 21 22 19 27 -22 -23 -24 -25 25 -27 -28 -29 -30 -31
leaf_value=-0.021776597713243452 0.00033917306655784074 0.00041465411630037252 -0.010983754621625909 0.00059091888267968082 0.0039499707823937415 -0.0046789560077371561 -0.026154465620176027 -0.0072689923805318917 0.19660440702475981 -0.094547824471580416 -0.0097646077152709239 -0.016707133805085306 -0.021776597713243452 0.00065961026946927961 -0.012021562927260377 -0.075372523926770102 -0.00024624340246899302 -0.0083885567404361257 -0.018221854749293522 0.006077282151486685 -0.082301613144717234 0.00056824126363519412 0.1114709307407626 0.0044246505346855263 0.00077875494033214927 -0.00031587070411802647 0.0011729416997728671 -0.027656551484532433 -0.021776597713243452 1.2851408127851436
leaf_weight=14699 3218 8854 2612 962 42622 4961 18433 2463 9291 823 1237 9748 42529 14207 393 807 393 435 2652 2027 1692 1509 13167 19477 1049 131865 10746 375 7017 995
leaf_count=14699 3218 8854 2612 962 42622 4961 18433 2463 9291 823 1237 9748 42529 14207 393 807 393 435 2652 2027 1692 1509 13167 19477 1049 131865 10746 375 7017 995
internal_value=-0.00624175 0.00350239 -0.0372261 0.000965884 -0.000589939 -0.00991014 -0.0178448 0.00913719 0.00555452 0.000373741 0.0205877 -0.0177615 -0.0446308 0.0411488 0.0250069 0.0135334 0.0229174 0.00104421 -0.0218201 -0.0102295 -0.0269406 0.0366632 0.00935892 0.000606199 0.000399918 -0.000793746 0.00448882 0.0175373 -0.0385575 0.0161093
internal_weight=371258 282436 88822 264618 222301 33163 24577 42317 32226 6144 10091 21455 64245 17818 3611 3532 2725 189138 16494 5054 11440 1902 13602 21940 175536 132914 11708 2402 21716 10286
internal_count=371258 282436 88822 264618 222301 33163 24577 42317 32226 6144 10091 21455 64245 17818 3611 3532 2725 189138 16494 5054 11440 1902 13602 21940 175536 132914 11708 2402 21716 10286
cat_boundaries=0 2 5 8 10 13 15 17 20 22 24 27 28
cat_threshold=2147483650 2148532736 2868953234 4097917216 2 134225920 268717312 2 596168788 69271784 268435716 2097153 5 553664512 604061984 0 2147483648 260 0 5 1140917504 134357009 33587200 2097152 134217728 1024 2 33587216
is_linear=0
shrinkage=0.05


Tree=70
num_leaves=31
num_cat=13
split_feature=0 17 17 17 0 17 0 17 17 14 6 3 0 17 17 3 5 17 17 5 16 0 6 6 6 17 17 5 6 17
split_gain=44562.2 10858.3 5093.98 1288.02 1362.01 1085.77 935.821 802.401 696.835 575.451 530.873 514.156 491.5 467.212 458.616 461.651 420.099 483.66 398.059 662.416 376.639 375.741 355.191 347.951 324.742 377.397 301.845 287.663 271.394 258.106
threshold=7.5000000000000009 0 1 2 14.000000000000002 3 14.000000000000002 4 5 229.93022500000004 20.500000000000004 14.000000000000002 72.500000000000014 6 7 17.500000000000004 23.750000000000004 8 9 23.750000000000004 29.839925000000004 32.500000000000007 11.500000000000002 17.500000000000004 11.500000000000002 10 11 16.250000000000004 19.500000000000004 12
decision_type=2 9 9 9 2 9 2 9 9 2 2 2 2 9 9 2 2 9 9 2 2 2 2 2 2 9 9 2 2 9
left_child=2 14 13 6 7 9 11 10 -8 -4 -5 18 23 28 15 -2 17 -11 24 26 -19 -6 -9 -10 25 -3 -20 -27 -1 -25
right_child=1 3 5 4 21 -7 8 22 12 16 -12 -13 -14 -15 -16 -17 -18 20 19 -21 -22 -23 -24 29 -26 27 -28 -29 -30 -31
leaf_value=-0.020687767827581284 0.00032221441322999311 0.00070787037445647634 -0.010434566890544606 -0.011501150166184538 -0.00021503679283387813 -0.024846742339167217 -0.0069055427615053238 -0.0050517299965981977 0.025311793809741447 -0.089820433248001402 0.0014695442316219776 -0.0087058066347220023 0.32806103202298476 -0.020687767827581284 0.00062662975599581117 -0.011420484780897411 -0.07160389773043159 -0.00023393123234556336 0.00072798885050122668 -0.010296897856532539 0.00053982920045343448 0.042660974190939172 -0.015871777114831075 -0.037411684011150914 0.00043116247816819001 0.0011394551661261687 -0.0058370423202862122 -0.0004306924735089979 -0.020687767827581284 0.0012519734106426483
leaf_weight=14699 3218 506 2612 8288 98237 18433 3351 4033 51841 823 2037 2783 6145 42529 14207 393 807 393 3777 834 1509 37040 14562 5453 6057 161 1329 541 7017 17643
leaf_count=14699 3218 506 2612 8288 98237 18433 3351 4033 51841 823 2037 2783 6145 42529 14207 393 807 393 3777 834 1509 37040 14562 5453 6057 161 1329 541 7017 17643
internal_value=-0.00633522 0.00337917 -0.037225 0.000834379 -0.00189365 -0.0178407 0.00529468 -0.0117427 0.00319484 0.000373741 -0.000556362 0.0163873 0.00411878 -0.0446308 0.0411488 0.0250069 0.0135334 0.0229174 0.0205036 0.0108403 0.0366632 0.000211788 -0.0179441 0.00300452 0.0283505 0.00471854 0.0176067 -0.0189607 -0.0385575 -0.00209993
internal_weight=371258 282436 88822 264618 164197 24577 100421 28920 84433 6144 10325 15988 81082 64245 17818 3611 3532 2725 13205 5940 1902 135277 18595 74937 7265 1208 5106 702 21716 23096
internal_count=371258 282436 88822 264618 164197 24577 100421 28920 84433 6144 10325 15988 81082 64245 17818 3611 3532 2725 13205 5940 1902 135277 18595 74937 7265 1208 5106 702 21716 23096
cat_boundaries=0 2 5 8 11 14 17 19 21 24 27 29 32 35
cat_threshold=2147483650 2148532736 2868953234 4097917216 2 687911952 268717385 11 268435716 2097153 5 42483780 69275808 4 134250512 1024 2 553664512 604061984 0 2147483648 260 0 5 134250512 268436480 2 16 1024 16777216 16640 8 16777216 268451841 8
is_linear=0
shrinkage=0.05


Tree=71
num_leaves=31
num_cat=11
split_feature=0 17 17 17 0 0 17 17 2 14 17 17 3 0 17 5 17 3 0 6 16 6 17 3 3 4 6 6 6 17
split_gain=44182.8 10964 5095.53 1373.17 1207.81 1184.58 1085.29 1049.09 809.942 575.451 467.212 456.034 453.502 437.37 489.322 420.099 483.66 412.684 402.271 395.866 376.639 321.201 1506.76 429.419 318.437 313.489 296.697 271.394 271.37 253.903
threshold=7.5000000000000009 0 1 2 14.000000000000002 14.000000000000002 3 4 22.500000000000004 229.93022500000004 5 6 17.500000000000004 22.500000000000004 7 23.750000000000004 8 14.000000000000002 87.500000000000014 11.500000000000002 29.839925000000004 19.500000000000004 9 17.500000000000004 17.500000000000004 2.5000000000000004 16.500000000000004 19.500000000000004 20.500000000000004 10
decision_type=2 9 9 9 2 2 9 9 2 2 9 9 2 2 9 2 9 2 2 2 2 2 9 2 2 2 2 2 2 9
left_child=2 11 10 4 17 7 9 28 -6 -4 27 12 -2 14 26 16 -11 29 -10 -9 -18 23 -23 -21 -24 -15 -7 -1 -5 -3
right_child=1 3 6 5 8 13 -8 19 18 15 -12 -13 -14 25 -16 -17 20 -19 -20 21 -22 22 24 -25 -26 -27 -28 -29 -30 -31
leaf_value=-0.019653379436202201 0.00030610369256844905 0.00040960435425976274 -0.0099128385460173895 -0.019039075146677131 -0.0065602656234300845 -0.0012503847094979649 -0.023604405222208857 -0.0041924217075203886 0.049622277410034603 -0.085329411585601325 -0.019653379436202201 0.00059529826819604281 -0.010849460541852452 0.0012344669946113386 5.9531377302946003e-05 -0.068023702843910003 -0.00022223467072830517 -0.0043216916042106311 0.48237650043378155 -0.015078188259089487 0.0005128377404307827 -0.01651717315608723 0.0066509433615753013 -0.077392943631739819 -0.025480135054564191 0.051093063123320098 -0.00024773621698734874 -0.019653379436202201 0.0010408174032031426 0.00064258453591916622
leaf_weight=14699 3218 7265 2612 8501 9541 19108 18433 4872 47699 823 42529 14207 393 76075 32076 807 393 1808 2628 9738 1509 2652 1952 1678 300 21791 10792 7017 2254 3888
leaf_count=14699 3218 7265 2612 8501 9541 19108 18433 4872 47699 823 42529 14207 393 76075 32076 807 393 1808 2628 9738 1509 2652 1952 1678 300 21791 10792 7017 2254 3888
internal_value=-0.00646585 0.0032071 -0.0372239 0.000649969 0.00649446 -0.00156961 -0.0178367 -0.0103593 0.00349937 0.000373741 -0.0446308 0.04116 0.0250621 0.00018706 -0.00309959 0.0135334 0.0229174 0.0203341 0.00603155 -0.0168097 0.0366632 -0.0205515 -0.0098491 -0.0251489 0.0202034 0.00226841 -0.00769977 -0.0385575 0.00236414 0.0239263
internal_weight=371258 282436 88822 264618 72829 191789 24577 31947 59868 6144 64245 17818 3611 159842 61976 3532 2725 12961 50327 21192 1902 16320 4904 11416 2252 97866 29900 21716 10755 11153
internal_count=371258 282436 88822 264618 72829 191789 24577 31947 59868 6144 64245 17818 3611 159842 61976 3532 2725 12961 50327 21192 1902 16320 4904 11416 2252 97866 29900 21716 10755 11153
cat_boundaries=0 2 5 8 11 14 16 18 20 23 25 28
cat_threshold=2147483650 2148532736 2868953234 4097917216 2 134262800 268717384 10 268435716 2097153 5 596131908 69271712 4 553664512 604061984 0 2147483648 923287872 17375408 260 0 5 1140917504 134357009 134250512 268436480 2
is_linear=0
shrinkage=0.05


Tree=72
num_leaves=31
num_cat=13
split_feature=0 17 17 17 0 0 17 17 17 14 17 0 17 5 17 0 3 6 3 16 6 17 3 3 17 6 17 17 5 6
split_gain=44006.6 11072.5 5095.53 1280.99 1184.28 1179.47 1085.29 1038.53 716.621 575.451 467.212 447.938 431.847 420.099 483.66 419.027 406.618 392.987 379.707 376.639 309.992 1429.49 424.178 302.715 297.292 297.221 674.157 475.436 622.518 274.279
threshold=7.5000000000000009 0 1 2 14.000000000000002 14.000000000000002 3 4 5 229.93022500000004 6 77.500000000000014 7 23.750000000000004 8 27.500000000000004 14.000000000000002 11.500000000000002 17.500000000000004 29.839925000000004 19.500000000000004 9 17.500000000000004 17.500000000000004 10 11.500000000000002 11 12 23.750000000000004 20.500000000000004
decision_type=2 9 9 9 2 2 9 9 9 2 9 2 9 2 9 2 2 2 2 2 2 9 2 2 9 2 9 9 2 2
left_child=2 12 10 5 7 16 9 29 -7 -4 -1 -10 18 14 -11 24 25 -9 -2 -16 22 -22 -19 -23 -6 26 -3 28 -27 -5
right_child=1 3 6 4 15 8 -8 17 11 13 -12 -13 -14 -15 19 -17 -18 20 -20 -21 21 23 -24 -25 -26 27 -28 -29 -30 -31
leaf_value=-0.018670710464392084 0.00029079850793998222 -0.000429638067546545 -0.0094171966187165182 -0.018087121389343253 -0.00118786547402312 -0.0062322523422586153 -0.022424184961098437 -0.0040464397294929458 0.015935241010365964 -0.081062941006321276 -0.018670710464392084 0.34895312630043951 0.00056553335478621853 -0.064622517701714483 -0.0002111229371918988 0.01779675148399882 -0.0046304908114114694 -0.014324278846135031 -0.010306987514759848 0.00048719585340926134 -0.015691314498282871 0.0063183961934965005 -0.073523296450152834 -0.024206128301835952 -3.1076310616384719e-06 0.00030844360472297443 0.00065199663802060224 0.00051933459692428136 -0.0098141821905018758 0.00098877653304301209
leaf_weight=21716 3218 1468 2612 8445 30672 4191 18433 4844 58298 823 42529 4284 14207 807 393 68033 1859 9738 393 1509 2573 1952 1672 300 54232 980 1127 7122 580 2248
leaf_count=21716 3218 1468 2612 8445 30672 4191 18433 4844 58298 823 42529 4284 14207 807 393 68033 1859 9738 393 1509 2573 1952 1672 300 54232 980 1127 7122 580 2248
internal_value=-0.00652727 0.00312637 -0.0372239 0.00055663 -0.00173155 0.00584529 -0.0178367 -0.0105155 0.00315172 0.000373741 -0.0446308 0.00449259 0.0412665 0.0135334 0.0229174 9.31756e-05 0.0195417 -0.0169496 0.0255869 0.0366632 -0.0206868 -0.0100622 -0.0251797 0.0190097 -0.0022496 0.0231134 0.0082659 0.0275513 0.00242038 0.00218163
internal_weight=371258 282436 88822 264618 184709 79909 24577 31772 66773 6144 64245 62582 17818 3532 2725 152937 13136 21079 3611 1902 16235 4825 11410 2252 84904 11277 2595 8682 1560 10693
internal_count=371258 282436 88822 264618 184709 79909 24577 31772 66773 6144 64245 62582 17818 3532 2725 152937 13136 21079 3611 1902 16235 4825 11410 2252 84904 11277 2595 8682 1560 10693
cat_boundaries=0 2 5 8 11 14 17 19 21 24 26 28 31 33
cat_threshold=2147483650 2148532736 2868953234 4097917216 2 167818256 268717384 10 268435716 2097153 5 562577476 69271712 4 134250512 268436480 2 553664512 604061984 0 2147483648 260 0 5 1140916480 134357009 898121728 84475936 134250496 268451848 10 1024 328
is_linear=0
shrinkage=0.05


Tree=73
num_leaves=31
num_cat=13
split_feature=0 17 17 17 0 17 0 14 3 17 0 17 17 5 17 0 17 3 16 3 6 17 6 5 6 17 17 6 17 6
split_gain=43893.9 11102.5 5095.53 1323.42 1192.8 1085.29 1074.95 575.451 560.04 555.708 665.056 467.212 431.847 420.099 483.66 384.501 381.453 379.707 376.639 375.709 355.191 301.937 308.654 291.565 271.394 241.577 232.11 222.86 912.232 312.071
threshold=7.5000000000000009 0 1 2 22.500000000000004 3 14.000000000000002 229.93022500000004 22.500000000000004 4 14.000000000000002 5 6 23.750000000000004 7 77.500000000000014 8 17.500000000000004 29.839925000000004 14.000000000000002 11.500000000000002 9 16.500000000000004 33.750000000000007 19.500000000000004 10 11 18.500000000000004 12 19.500000000000004
decision_type=2 9 9 9 2 9 2 2 2 9 2 9 9 2 9 2 9 2 2 2 2 9 2 2 2 9 9 2 9 2
left_child=2 12 11 6 9 7 19 26 -8 -5 16 24 17 14 -9 -10 -11 -2 -16 -3 -18 -12 -23 25 -1 -6 -4 -7 29 -29
right_child=1 3 5 4 23 27 8 13 15 10 21 -13 -14 -15 18 -17 20 -19 -20 -21 -22 22 -24 -25 -26 -27 -28 28 -30 -31
leaf_value=-0.017737174941172464 0.00027625858254296535 0.00036315740670049839 -0.0089463367877806732 3.7928773762452297e-05 -0.0028446446171303211 -0.01973710870515788 -0.0059206397251457162 -0.077009793956005226 0.044012736467139747 -0.0022837396347674677 5.611818759021503e-06 -0.017737174941172464 0.00053725668704691649 -0.061391391816628761 -0.00020056679033229053 0.33931657969737405 -0.0043872004249176479 -0.0097916381390218635 0.00046283606073878049 -0.00343930403688022 -0.013608064903828244 -0.0011284722003219727 -0.00017022721107986529 0.10752507547600132 -0.017737174941172464 0.02138861597993973 -0.08715328406873013 -0.0033815279100005927 -0.021302975713043539 0.03038324205320686
leaf_weight=14699 3218 10353 1399 30487 29206 12276 8254 823 33134 3605 18504 42529 14207 807 393 3957 4033 393 1509 1735 14562 16027 9058 9782 7017 71921 1213 148 5548 461
leaf_count=14699 3218 10353 1399 30487 29206 12276 8254 823 33134 3605 18504 42529 14207 807 393 3957 4033 393 1509 1735 14562 16027 9058 9782 7017 71921 1213 148 5548 461
internal_value=-0.00656659 0.00307468 -0.0372239 0.000501459 -0.00136031 -0.0178367 0.00721672 0.000373741 0.00368618 -0.0054323 -0.0080176 -0.0446308 0.0412665 0.0135334 0.0229174 0.00630746 -0.0150631 0.0255869 0.0366632 0.0204666 -0.0179441 -0.00443116 -0.00800359 0.00217431 -0.0385575 0.00137698 -0.0174196 -0.0239034 -0.0316794 0.026252
internal_weight=371258 282436 88822 264618 207185 24577 57433 6144 45345 96276 65789 64245 17818 3532 2725 37091 22200 3611 1902 12088 18595 43589 25085 110909 21716 101127 2612 18433 6157 609
internal_count=371258 282436 88822 264618 207185 24577 57433 6144 45345 96276 65789 64245 17818 3532 2725 37091 22200 3611 1902 12088 18595 43589 25085 110909 21716 101127 2612 18433 6157 609
cat_boundaries=0 2 5 8 11 14 16 18 21 23 25 28 30 32
cat_threshold=2147483650 2148532736 2868953234 4097917216 2 134225936 268717376 10 268435716 2097153 5 25220164 69210121 5 553664512 604061984 0 2147483648 260 0 5 570949632 65696 1075118080 704774146 60047364 623382530 4 0 2097152 0 1024
is_linear=0
shrinkage=0.05


Tree=74
num_leaves=31
num_cat=12
split_feature=0 17 17 17 0 17 0 3 14 17 0 17 17 5 17 17 3 16 6 3 3 6 17 17 5 5 6 14 3 17
split_gain=43895.4 11102.1 5095.53 1190.84 1132.52 1085.29 989.572 659.707 575.451 521.856 654.475 467.212 431.847 420.099 483.66 398.781 379.707 376.639 368.984 350.767 306.696 292.393 664.371 395.015 736.454 284.929 271.394 257.035 245.342 232.11
threshold=7.5000000000000009 0 1 2 22.500000000000004 3 14.000000000000002 37.500000000000007 229.93022500000004 4 14.000000000000002 5 6 23.750000000000004 7 8 17.500000000000004 29.839925000000004 11.500000000000002 14.000000000000002 87.500000000000014 11.500000000000002 9 10 23.750000000000004 33.750000000000007 19.500000000000004 200.13892500000003 32.500000000000007 11
decision_type=2 9 9 9 2 9 2 2 2 9 2 9 9 2 9 9 2 2 2 2 2 2 9 9 2 2 2 2 2 9
left_child=2 12 11 6 9 8 19 -8 29 28 15 26 16 14 -10 -11 -2 -16 -17 21 -9 22 -3 24 -23 27 -1 -6 -5 -4
right_child=1 3 5 4 25 -7 7 20 13 10 -12 -13 -14 -15 17 18 -18 -19 -20 -21 -22 23 -24 -25 -26 -27 -28 -29 -30 -31
leaf_value=-0.016850316194113858 0.00026244565341579932 0.00055969760688707744 -0.0084990199483916395 -0.00026838736057488433 0.025820195270832614 -0.020237826927391379 -0.0056246077388884437 0.075583149847324907 -0.073159304258204966 -0.0021695526530290722 -0.00042607528806755114 -0.016850316194113858 0.00051039385269460171 -0.058321822225797341 -0.00019053845081566935 -0.0041678404036717964 -0.0093020562320708326 0.00043969425770185033 -0.013320735407413943 -0.0032673388350362488 0.44240697487007385 0.0002748635541517608 -0.00042631403450430486 0.00046860313171013249 -0.0093416309513118644 0.10372300826958139 -0.016850316194113858 -0.0012919924190127219 0.26924974222574322 -0.082795619865293629
leaf_weight=14699 3218 1057 1399 33248 37305 18433 15424 20868 823 3605 41004 42529 14207 807 393 3712 393 1509 13162 1710 2364 1159 1320 6192 587 10161 7017 69912 1828 1213
leaf_count=14699 3218 1057 1399 33248 37305 18433 15424 20868 823 3605 41004 42529 14207 807 393 3712 393 1509 13162 1710 2364 1159 1320 6192 587 10161 7017 69912 1828 1213
internal_value=-0.00656605 0.00307539 -0.0372239 0.000502214 -0.00113042 -0.0178367 0.00739283 0.00349752 0.000373741 -0.00514142 -0.00791716 -0.0446308 0.0412665 0.0135334 0.0229174 -0.015218 0.0255869 0.0366632 -0.0184376 0.019921 0.00881973 0.023398 0.0080143 0.0280045 0.00683371 0.00216906 -0.0385575 0.00141069 -0.000273613 -0.0174196
internal_weight=371258 282436 88822 264618 213937 24577 50681 38656 6144 96559 61483 64245 17818 3532 2725 20479 3611 1902 16874 12025 23232 10315 2377 7938 1746 117378 21716 107217 35076 2612
internal_count=371258 282436 88822 264618 213937 24577 50681 38656 6144 96559 61483 64245 17818 3532 2725 20479 3611 1902 16874 12025 23232 10315 2377 7938 1746 117378 21716 107217 35076 2612
cat_boundaries=0 2 5 8 11 14 16 18 21 23 25 27 29
cat_threshold=2147483650 2148532736 2868953234 4097917216 2 134225936 268717312 10 268435716 2097153 5 25220164 102764617 5 553664512 604061984 0 2147483648 260 0 5 570949632 65696 16 1280 0 16640 0 2097152
is_linear=0
shrinkage=0.05


Tree=75
num_leaves=31
num_cat=13
split_feature=0 17 17 17 0 17 17 0 14 17 17 5 17 17 0 17 5 17 6 6 17 3 3 0 16 17 3 4 6 6
split_gain=43003 11342.8 5095.53 1114.29 1247.5 1085.29 855.567 615.988 575.451 569.815 550.788 581.493 467.212 465.347 433.704 431.847 420.099 483.66 382.525 537.782 1624.7 390.169 379.707 379.324 376.639 315.844 303.023 274.822 271.394 238.263
threshold=7.5000000000000009 0 1 2 14.000000000000002 3 4 14.000000000000002 229.93022500000004 5 6 23.750000000000004 7 8 82.500000000000014 9 23.750000000000004 10 11.500000000000002 19.500000000000004 11 17.500000000000004 17.500000000000004 42.500000000000007 29.839925000000004 12 17.500000000000004 1.0000000180025095e-35 19.500000000000004 11.500000000000002
decision_type=2 9 9 9 2 9 9 2 2 9 9 2 9 9 2 9 2 9 2 2 9 2 2 2 2 9 2 2 2 2
left_child=2 15 12 7 6 8 -5 10 -4 -9 29 13 28 -12 27 22 17 -10 -8 21 -21 -20 -2 25 -19 -6 -22 -11 -1 -3
right_child=1 3 5 4 23 -7 18 9 16 14 11 -13 -14 -15 -16 -17 -18 24 19 20 26 -23 -24 -25 -26 -27 -28 -29 -30 -31
leaf_value=-0.016007800384408143 0.00024932337074501376 0.00057325405544013115 -0.0080740689509720461 0.0026898639967413377 -0.0039968336381463136 -0.019225935581021814 -0.0017316195359487808 -0.0053433773519440571 -0.069501339045294722 0.0023856724706261545 0.00053171272654273238 -0.0088745494037462801 -0.016007800384408143 -0.0019565451624609766 0.37359247004789325 0.00048487416005986721 -0.055405731114507487 -0.00018101152827489921 -0.009444446373273508 -0.013560308757806628 0.005379760624397001 -0.068500691612083123 -0.0088369534204673535 0.074926571134861147 0.00041770954481674672 3.8322972496906975e-05 -0.021778978828659847 0.073917676991075612 -0.016007800384408143 0.0006037337672276877
leaf_weight=14699 3218 1428 2612 7525 30008 18433 5063 2765 823 59515 2341 1341 42529 3090 3397 14207 807 393 11286 2478 2428 1715 393 15516 1509 91427 351 17082 7017 5862
leaf_count=14699 3218 1428 2612 7525 30008 18433 5063 2765 823 59515 2341 1341 42529 3090 3397 14207 807 393 11286 2478 2428 1715 393 15516 1509 91427 351 17082 7017 5862
internal_value=-0.00687931 0.00266361 -0.0372239 6.27296e-05 -0.00240187 -0.0178367 -0.0114861 0.00433384 0.000373741 0.00269034 0.0140094 0.00371572 -0.0446308 0.0110017 0.00346233 0.0412665 0.0135334 0.0229174 -0.0162123 -0.0195914 -0.00609663 -0.0250481 0.0255869 -0.000355967 0.0366632 -0.00129658 0.0201327 0.00268744 -0.0385575 0.0235342
internal_weight=371258 282436 88822 264618 167797 24577 30846 96821 6144 82759 14062 6772 64245 5431 79994 17818 3532 2725 23321 18258 5257 13001 3611 136951 1902 121435 2779 76597 21716 7290
internal_count=371258 282436 88822 264618 167797 24577 30846 96821 6144 82759 14062 6772 64245 5431 79994 17818 3532 2725 23321 18258 5257 13001 3611 136951 1902 121435 2779 76597 21716 7290
cat_boundaries=0 2 5 8 11 13 16 19 21 23 25 28 30 32
cat_threshold=2147483650 2148532736 2868953234 4097917216 2 134280272 281929 11 268435716 2097153 5 596115460 69271712 134250496 1024 2 134250512 1024 10 553664512 604061984 16384 256 0 2147483648 260 0 5 1140916480 134357008 856162304 285802496
is_linear=0
shrinkage=0.05


Tree=76
num_leaves=31
num_cat=11
split_feature=0 17 17 17 17 0 0 17 14 2 17 17 5 17 6 3 0 16 3 0 17 6 17 3 3 6 4 6 6 17
split_gain=43491.4 11210.4 5095.53 1184.86 1085.29 1032.2 1017.57 1237.71 575.451 534.06 467.212 431.847 420.099 483.66 397.686 379.707 377.261 376.639 362.977 355.026 334.187 326.033 1454.78 427.683 288.51 271.394 268.922 258.901 254.052 308.531
threshold=7.5000000000000009 0 1 2 3 14.000000000000002 14.000000000000002 4 229.93022500000004 22.500000000000004 5 6 23.750000000000004 7 11.500000000000002 17.500000000000004 107.50000000000001 29.839925000000004 14.000000000000002 27.500000000000004 8 19.500000000000004 9 17.500000000000004 17.500000000000004 19.500000000000004 1.0000000180025095e-35 20.500000000000004 20.500000000000004 10
decision_type=2 9 9 9 9 2 2 9 2 2 9 9 2 9 2 2 2 2 2 2 9 2 9 2 2 2 2 2 2 9
left_child=2 11 10 5 8 18 7 28 -4 -7 25 15 13 -10 -9 -2 26 -15 -3 20 -8 23 -23 -16 -24 -1 -11 -22 29 -5
right_child=1 3 4 6 -6 9 19 14 12 16 -12 -13 -14 17 21 -17 -18 -19 -20 -21 27 22 24 -25 -26 -27 -28 -29 -30 -31
leaf_value=-0.015207410365187758 0.00023685720220774088 0.00047169794204355854 -0.0076703655034234602 0.0013895762122846378 -0.018264638801970712 -0.0050762084843468894 9.0856795964278103e-05 -0.0033890505227581972 -0.066026272093029983 0.021705495802490662 -0.015207410365187758 0.00046063045205686494 -0.052635444558782135 -0.00017196095186116091 -0.011789402569602548 -0.0083951057494440207 1.1078006846168051 0.00039682406757592938 -0.0038077383710535709 0.015357132134382924 -0.00085090314399511875 -0.012882293319916284 0.0055089535742093082 -0.065075657031478953 -0.020690029887226836 -0.015207410365187758 0.14197796009959793 0.0022952624538429946 0.0010486878938545275 -0.0409907785102476
leaf_weight=14699 3218 10516 2612 2596 18433 8828 39183 4959 823 33822 42529 14207 807 393 9746 393 1028 1509 1788 79223 45757 2652 2023 1685 374 7017 9068 2801 2143 6426
leaf_count=14699 3218 10516 2612 2596 18433 8828 39183 4959 823 33822 42529 14207 807 393 9746 393 1028 1509 1788 79223 45757 2652 2023 1685 374 7017 9068 2801 2143 6426
internal_value=-0.00670746 0.0028895 -0.0372239 0.000303823 -0.0178367 0.00616354 -0.00160639 -0.00968593 0.000373741 0.00312251 -0.0446308 0.0412665 0.0135334 0.0229174 -0.0167117 0.0255869 0.0053782 0.0366632 0.0192051 -2.87487e-05 -0.0022196 -0.0204551 -0.00987324 -0.025129 0.0183423 -0.0385575 0.00466076 -0.00499094 0.00381655 0.000144092
internal_weight=371258 282436 88822 264618 24577 65050 199568 32604 6144 52746 64245 17818 3532 2725 21439 3611 43918 1902 12304 166964 87741 16480 5049 11431 2397 21716 42890 48558 11165 9022
internal_count=371258 282436 88822 264618 24577 65050 199568 32604 6144 52746 64245 17818 3532 2725 21439 3611 43918 1902 12304 166964 87741 16480 5049 11431 2397 21716 42890 48558 11165 9022
cat_boundaries=0 2 5 8 11 13 15 17 20 23 25 27
cat_threshold=2147483650 2148532736 2868953234 4097917216 2 134225936 268717384 10 268435716 2097153 5 596168772 69271712 553664512 604061984 0 2147483648 260 0 5 1074861316 706875395 5 1140917504 134357009 58757120 65536
is_linear=0
shrinkage=0.05


Tree=77
num_leaves=31
num_cat=12
split_feature=0 17 17 17 17 0 17 0 17 6 6 3 5 17 17 6 17 3 3 0 17 0 6 17 3 16 3 5 17 6
split_gain=41782.6 11238.7 6352 1328.63 1159.22 1091.07 1246.83 1017.94 694.457 1392.26 632.034 608.603 563.01 774.178 426.837 404.891 374.522 365.005 346.055 340.564 388.047 314.651 306.033 1401.1 427.683 285.427 274.368 267.087 254.687 227.069
threshold=7.5000000000000009 0 1 2 3 14.000000000000002 4 14.000000000000002 5 11.500000000000002 19.500000000000004 37.500000000000007 23.750000000000004 6 7 11.500000000000002 8 17.500000000000004 14.000000000000002 42.500000000000007 9 107.50000000000001 19.500000000000004 10 17.500000000000004 29.839925000000004 17.500000000000004 8.7500000000000018 11 20.500000000000004
decision_type=2 9 9 9 9 2 9 2 9 2 2 2 2 9 9 2 9 2 2 2 9 2 2 9 2 2 2 2 9 2
left_child=2 14 8 10 7 6 -6 18 9 16 27 -9 13 25 17 -8 -1 -2 -3 20 -7 -13 24 -24 -17 -11 -25 -4 -21 -10
right_child=1 4 3 -5 5 19 15 11 29 12 -12 21 -14 -15 -16 22 -18 -19 -20 28 -22 -23 23 26 -26 -27 -28 -29 -30 -31
leaf_value=-0.0072868472282523024 0.00022501434209738492 0.00044811304494141169 -0.01917852909610418 -0.01444703984692839 0.00099625349916179231 -0.0047672227779815834 -0.0032195979966203048 -0.0048223980601295405 -0.028676887389407435 0.00049174759077650341 -0.020431112484608695 0.071773716782091587 -0.050003672330843019 -0.062724958488378488 0.00043759892945400837 -0.011199932441122407 0.12189827291054085 -0.0079753504619718644 -0.002441362656068158 0.10388901726391105 7.1612527543152288e-05 1.0524106503859649 -0.012238178653920429 0.0052335058954988689 -0.061821874179905034 0.00037698286419711739 -0.019655528392865485 -0.060616708057878776 0.011674409866991553 -0.093133521932680319
leaf_weight=2242 3218 10315 3400 58144 11444 29470 4959 15424 4134 754 6461 22240 926 1025 14207 9746 1036 393 1710 14411 118938 992 2652 2023 1685 2600 374 7025 18235 1075
leaf_count=2242 3218 10315 3400 58144 11444 29470 4959 15424 4134 754 6461 22240 926 1025 14207 9746 1036 393 1710 14411 118938 992 2652 2023 1685 2600 374 7025 18235 1075
internal_value=-0.00654289 0.00286366 -0.0364538 -0.0421842 0.000274725 -0.00133608 -0.00971475 0.00707325 -0.00524562 0.00349703 -0.0297704 0.00312241 0.0193308 0.0268212 0.041289 -0.0168236 -0.0221171 0.0256973 0.0197796 0.00018558 -0.000831492 0.00823433 -0.0206007 -0.0103486 -0.025129 0.0383769 0.0173452 -0.0221727 0.00480916 -0.0196302
internal_weight=371258 282436 88822 75030 264618 213937 32883 50681 13792 8583 16886 38656 5305 4379 17818 21439 3278 3611 12025 181054 148408 23232 16480 5049 11431 3354 2397 10425 32646 5209
internal_count=371258 282436 88822 75030 264618 213937 32883 50681 13792 8583 16886 38656 5305 4379 17818 21439 3278 3611 12025 181054 148408 23232 16480 5049 11431 3354 2397 10425 32646 5209
cat_boundaries=0 2 5 7 10 12 15 17 19 21 23 25 28
cat_threshold=2147483650 2148532736 1351160068 153093209 5 605291584 637694114 134225936 268717312 10 596168772 69271784 268435716 2098177 5 0 2098176 0 2147483648 0 2098176 856195072 17367040 1140917504 134357009 1887961088 100868120 5
is_linear=0
shrinkage=0.05


Tree=78
num_leaves=31
num_cat=12
split_feature=0 17 17 17 17 0 0 17 17 6 6 5 17 17 17 6 0 17 3 0 3 17 6 17 3 16 3 5 5 8
split_gain=41695.1 11261.5 6351.08 1330.61 1088.62 1089.73 1067.73 1246.38 694.457 1392.26 633.253 563.01 774.178 464.848 426.837 404.891 376.79 374.522 365.005 359.299 348.228 315.627 306.033 1401.1 427.683 285.427 274.368 267.978 262.122 257.359
threshold=7.5000000000000009 0 1 2 3 14.000000000000002 14.000000000000002 4 5 11.500000000000002 19.500000000000004 23.750000000000004 6 7 8 11.500000000000002 82.500000000000014 9 17.500000000000004 47.500000000000007 14.000000000000002 10 19.500000000000004 11 17.500000000000004 29.839925000000004 17.500000000000004 8.7500000000000018 23.750000000000004 23.500000000000004
decision_type=2 9 9 9 9 2 2 9 9 2 2 2 9 9 9 2 2 9 2 2 2 9 2 9 2 2 2 2 2 2
left_child=2 14 8 10 5 20 7 -6 9 17 27 12 25 28 18 -9 -15 -1 -2 21 -3 -8 24 -24 -17 -11 -25 -4 -7 -23
right_child=1 4 3 -5 6 13 19 15 -10 11 -12 -13 -14 16 -16 22 -18 -19 -20 -21 -22 29 23 26 -26 -27 -28 -29 -30 -31
leaf_value=-0.0069225048668396742 0.00021376362499250237 0.00042570739269436335 -0.018219602641298984 -0.013724687854581986 0.00094644082420369813 0.0015315034951696839 -0.0045288616390824826 -0.0030586180967892675 -0.029701894360104619 0.00046716021123769383 -0.019409556860378263 -0.047503488714300879 -0.059588710563959563 0.020288834108107692 0.00041571898298133905 -0.010639935819066261 0.35026372981875942 0.1158033592650138 -0.0075765829388732449 0.10654410094359434 -0.0023192945232647587 0.0020079950116776327 -0.011626269721224426 0.004971830600723948 -0.058730780470909766 0.0003581337209872526 -0.018672751973222202 -0.057585872654984854 -0.0048069980796420003 -0.00024550271535233036
leaf_weight=2242 3218 10353 3400 58144 11381 1576 27074 4959 5209 754 6461 926 1025 37556 14207 9746 3156 1036 393 15015 1735 46368 2652 2023 1685 2600 374 7025 3057 85908
leaf_count=2242 3218 10353 3400 58144 11381 1576 27074 4959 5209 754 6461 926 1025 37556 14207 9746 3156 1036 393 15015 1735 46368 2652 2023 1685 2600 374 7025 3057 85908
internal_value=-0.00657198 0.00282471 -0.0364516 -0.0421815 0.000233157 0.00632366 -0.00145539 -0.00972882 -0.00524562 0.00349703 -0.0297585 0.0193308 0.0268212 0.00276877 0.041289 -0.0168236 0.0044767 -0.0221171 0.0256973 0.000101798 0.0196641 -0.000594917 -0.0206007 -0.0103486 -0.025129 0.0383769 0.0173452 -0.0221535 -0.0122227 0.000411986
internal_weight=371258 282436 88822 75030 264618 57433 207185 32820 13792 8583 16886 5305 4379 45345 17818 21439 40712 3278 3611 174365 12088 159350 16480 5049 11431 3354 2397 10425 4633 132276
internal_count=371258 282436 88822 75030 264618 57433 207185 32820 13792 8583 16886 5305 4379 45345 17818 21439 40712 3278 3611 174365 12088 159350 16480 5049 11431 3354 2397 10425 4633 132276
cat_boundaries=0 2 5 7 10 12 15 17 20 22 24 26 28
cat_threshold=2147483650 2148532736 1351160068 153093209 5 605291584 637694114 134225936 268717376 10 596168772 69271720 268435716 2098177 5 0 2098176 134217744 1280 2 0 2147483648 0 2098176 855670784 17367040 1140917504 134357009
is_linear=0
shrinkage=0.05


Tree=79
num_leaves=31
num_cat=13
split_feature=0 17 17 17 17 0 17 6 0 17 6 5 17 6 17 0 17 5 17 17 3 17 17 3 3 0 16 6 16 5
split_gain=41713.2 11256.5 6351.08 1330.61 993.338 758.219 694.457 1392.26 682.681 840.887 633.253 563.01 774.178 513.252 1130.12 562.525 852.928 527.829 488.505 426.837 403.718 375.635 374.522 365.079 365.005 364.321 352.09 324.599 285.427 267.978
threshold=7.5000000000000009 0 1 2 3 22.500000000000004 4 11.500000000000002 14.000000000000002 5 19.500000000000004 23.750000000000004 6 19.500000000000004 7 14.000000000000002 8 8.7500000000000018 9 10 17.500000000000004 11 12 14.000000000000002 17.500000000000004 87.500000000000014 29.839925000000004 17.500000000000004 29.839925000000004 8.7500000000000018
decision_type=2 9 9 9 9 2 9 2 2 9 2 2 9 2 9 2 9 2 9 9 2 9 9 2 2 2 2 2 2 2
left_child=2 19 6 10 8 13 7 22 9 -3 29 12 28 15 -15 16 -6 -18 -10 24 -19 -17 -1 -11 -2 27 -16 -20 -9 -4
right_child=1 4 3 -5 5 -7 -8 11 18 23 -12 -13 -14 14 26 21 17 20 25 -21 -22 -23 -24 -25 -26 -27 -28 -29 -30 -31
leaf_value=-0.0065763796234977086 0.00020307544374285059 -0.045976394969474123 -0.01730862250923404 -0.013038453461852884 0.00030809058127463375 0.0039777780931430588 -0.028216799642099402 0.00044380220067581356 -0.0043409282531409413 0.00043785117123169571 -0.018439079017359371 -0.045128314278585838 -0.056609275035761589 -0.0089118813709261786 -0.0003051506633905632 5.0651634436960085e-06 0.0084467879533655765 -0.010107939028112956 0.037825606333750809 0.00039493303383224547 -0.055794241447364272 -0.00069390397985191754 0.11001319130176311 -0.0022033297971015388 -0.0071977537919295292 0.3608570707461361 0.0035884529863698944 -0.0073145077801766156 0.00034022703493787889 -0.054706579022235594
leaf_weight=2242 3218 2632 3400 58144 6285 78625 5209 754 7519 11335 6461 926 1025 6257 2737 23488 823 12700 52026 14207 1895 23833 1036 2123 393 2658 6200 23482 2600 7025
leaf_count=2242 3218 2632 3400 58144 6285 78625 5209 754 7519 11335 6461 926 1025 6257 2737 23488 823 12700 52026 14207 1895 23833 1036 2123 393 2658 6200 23482 2600 7025
internal_value=-0.00656552 0.00283321 -0.0364516 -0.0421815 0.000242227 -0.00217957 -0.00524562 0.00349703 0.00411701 0.0135674 -0.0297585 0.0193308 0.0268212 -0.00547626 0.00284323 -0.0073076 -0.0139727 -0.0202943 0.00234288 0.041289 -0.0225043 -0.00425076 -0.0221171 0.0186145 0.0256973 0.00351387 0.014245 0.00287387 0.0383769 -0.0221535
internal_weight=371258 282436 88822 75030 264618 162843 13792 8583 101775 16090 16886 5305 4379 84218 15194 69024 21703 15418 85685 17818 14595 47321 3278 13458 3611 78166 8937 75508 3354 10425
internal_count=371258 282436 88822 75030 264618 162843 13792 8583 101775 16090 16886 5305 4379 84218 15194 69024 21703 15418 85685 17818 14595 47321 3278 13458 3611 78166 8937 75508 3354 10425
cat_boundaries=0 2 5 7 10 13 16 18 21 24 27 29 32 34
cat_threshold=2147483650 2148532736 1351160068 153093209 5 605291584 637694114 1258304528 268717385 11 268435716 2098177 5 1073742848 9 1 0 2098176 335610116 671817872 4 76136708 136388736 4 150994960 268436736 2 0 2147483648 8716292 773984402 4 0 2098176
is_linear=0
shrinkage=0.05


Tree=80
num_leaves=31
num_cat=12
split_feature=0 17 17 17 17 0 0 17 6 6 5 17 0 17 6 17 0 6 16 3 17 17 3 3 0 2 16 17 17 5
split_gain=41591.4 11290.1 6351.08 1330.61 1017.52 1012.45 891.924 694.457 1392.26 633.253 563.01 774.178 544.675 468.775 617.2 951.829 846.877 731.386 559.662 549.869 426.837 374.522 365.005 327.791 303.532 291.331 285.427 283.159 275.118 273.02
threshold=7.5000000000000009 0 1 2 3 14.000000000000002 22.500000000000004 4 11.500000000000002 19.500000000000004 23.750000000000004 5 57.500000000000007 6 19.500000000000004 7 14.000000000000002 11.500000000000002 29.839925000000004 17.500000000000004 8 9 17.500000000000004 14.000000000000002 14.000000000000002 14.000000000000002 29.839925000000004 10 11 33.750000000000007
decision_type=2 9 9 9 9 2 2 9 2 2 2 9 2 9 2 9 2 2 2 2 9 9 2 2 2 2 2 9 9 2
left_child=2 20 7 9 5 23 13 8 21 -4 11 26 28 -6 16 18 17 -15 -16 -19 22 -1 -2 -3 -17 -20 -10 -18 -7 -8
right_child=1 4 3 -5 6 12 29 -9 10 -11 -12 -13 -14 14 15 24 27 19 25 -21 -22 -23 -24 -25 -26 -27 -28 -29 -30 -31
leaf_value=-0.006247560642322814 0.00019292167155571249 0.00038252946449812697 -0.021295179643971943 -0.012386530788760243 0.000229352087835899 -0.0041238818404838893 0.0024373204878170187 -0.026805959659994417 0.00042161209064204289 -0.01751712506649139 -0.042871898564656563 -0.053778811283973528 0.17413573801809293 -0.00065627827693726104 -0.0027416977306733872 -0.01188806744029538 -0.00077112293239434138 -0.011123418462916047 0.0038820865922101436 -0.053004529374996071 0.00037518638214066873 0.10451253173667495 -0.0068378661023331235 -0.0020931633072464708 -0.00085172082915208058 0.0024822133984265804 0.00032321568319098053 -4.5828293586502869e-05 0.0014170388088526665 0.091948270774351581
leaf_weight=2242 3218 10315 10425 58144 19463 4046 107217 5209 754 6461 926 1025 10402 5677 2695 2317 21773 11611 2950 2274 14207 1036 393 1710 3448 2817 2600 21534 24208 10161
leaf_count=2242 3218 10315 10425 58144 19463 4046 107217 5209 754 6461 926 1025 10402 5677 2695 2317 21773 11611 2950 2274 14207 1036 393 1710 3448 2817 2600 21534 24208 10161
internal_value=-0.00660915 0.00277585 -0.0364516 -0.0421815 0.000181009 0.00655047 -0.00132813 -0.00524562 0.00349703 -0.0297585 0.0193308 0.0268212 0.0026102 -0.00488769 -0.00663762 0.00276587 -0.00876664 -0.0174011 0.0134325 -0.023583 0.041289 -0.0221171 0.0256973 0.0192225 -0.0128918 0.0222386 0.0383769 -0.00486642 -0.00099101 0.00159996
internal_weight=371258 282436 88822 75030 264618 50681 213937 13792 8583 16886 5305 4379 38656 96559 77096 14227 62869 19562 8462 13885 17818 3278 3611 12025 5765 5767 3354 43307 28254 117378
internal_count=371258 282436 88822 75030 264618 50681 213937 13792 8583 16886 5305 4379 38656 96559 77096 14227 62869 19562 8462 13885 17818 3278 3611 12025 5765 5767 3354 43307 28254 117378
cat_boundaries=0 2 5 7 10 13 15 18 20 22 24 26 29
cat_threshold=2147483650 2148532736 1351160068 153093209 5 605291584 637694114 134225936 268717312 10 268435716 2098177 5 0 2098176 25216004 69206081 5 1645477952 50335778 0 2147483648 0 2098176 1711800640 17375264 134217728 1280 2
is_linear=0
shrinkage=0.05


Tree=81
num_leaves=31
num_cat=11
split_feature=0 17 17 17 17 0 0 17 17 6 6 5 17 2 17 17 6 17 6 3 3 3 3 0 6 0 16 17 6 5
split_gain=41472.9 11336.1 6351.08 1330.61 950.087 1062.39 888.427 859.78 694.457 1392.26 633.253 563.01 774.178 474.656 421.854 374.522 369.219 1210.86 600.526 502.73 426.502 357.753 350.594 346.41 326.403 303.928 285.427 283.939 279.954 267.978
threshold=7.5000000000000009 0 1 2 3 14.000000000000002 14.000000000000002 4 5 11.500000000000002 19.500000000000004 23.750000000000004 6 22.500000000000004 7 8 19.500000000000004 9 11.500000000000002 14.000000000000002 17.500000000000004 14.000000000000002 17.500000000000004 87.500000000000014 20.500000000000004 27.500000000000004 29.839925000000004 10 18.500000000000004 8.7500000000000018
decision_type=2 9 9 9 9 2 2 9 9 2 2 2 9 2 9 9 2 9 2 2 2 2 2 2 2 2 2 9 2 2
left_child=2 14 8 10 5 21 7 24 9 15 29 12 26 -7 22 -1 18 -18 -9 -19 -20 -3 -2 -15 -6 27 -11 -8 -29 -4
right_child=1 4 3 -5 6 13 25 16 -10 11 -12 -13 -14 23 -16 -17 17 19 20 -21 -22 -23 -24 -25 -26 -27 -28 28 -30 -31
leaf_value=-0.0059351826102066688 0.00018327558797794909 0.0003968321394452801 -0.015378432401573728 -0.01176720424932225 -0.0074293833666743588 -0.0039176877484597304 7.7249837083215317e-05 -0.0023082105287304702 -0.02546566167699469 0.00040053148610992296 -0.016641268813166833 -0.040728303636423747 -0.051089870719774846 0.029844540286307189 0.00035642706303367082 0.099286905149841162 -0.014750792972452765 0.0039515311107265914 -0.0090463711535615065 -0.0026046128441397087 -0.050354302906246234 -0.0019885051418841115 -0.0064959727972164318 0.33410743030792461 0.00067797983170390106 0.012728765193932113 0.00030705489903142262 -0.00086561166413083872 0.00042660853275862111 -0.050906491088925199
leaf_weight=2242 3218 11540 3400 58144 7765 11620 31501 4857 5209 754 6461 926 1025 53458 14207 1036 1927 2093 9746 978 1684 2226 393 2629 2092 68314 2600 41951 10237 7025
leaf_count=2242 3218 11540 3400 58144 7765 11620 31501 4857 5209 754 6461 926 1025 53458 14207 1036 1927 2093 9746 978 1684 2226 393 2629 2092 68314 2600 41951 10237 7025
internal_value=-0.00665171 0.00271991 -0.0364516 -0.0421815 0.000119791 0.00461139 -0.00187846 -0.00957228 -0.00524562 0.00349703 -0.0297585 0.0193308 0.0268212 0.00203746 0.0413114 -0.0221171 -0.0152219 -0.00334134 -0.018877 0.0161474 -0.0251356 0.0172744 0.0258078 0.00394298 0.00264011 -0.000302297 0.0383769 -0.00232229 -0.00458447 -0.0221535
internal_weight=371258 282436 88822 75030 264618 81473 183145 31142 13792 8583 16886 5305 4379 67707 17818 3278 21285 4998 16287 3071 11430 13766 3611 56087 9857 152003 3354 83689 52188 10425
internal_count=371258 282436 88822 75030 264618 81473 183145 31142 13792 8583 16886 5305 4379 67707 17818 3278 21285 4998 16287 3071 11430 13766 3611 56087 9857 152003 3354 83689 52188 10425
cat_boundaries=0 2 5 7 10 12 15 17 19 21 23 26
cat_threshold=2147483650 2148532736 1351160068 153093209 5 605291584 637694114 151007248 268717384 11 579387460 69271712 268435716 2098177 5 0 2098176 0 2147483648 0 2098176 67175680 134357009 1115396 167907347 4
is_linear=0
shrinkage=0.05


Tree=82
num_leaves=31
num_cat=13
split_feature=0 17 17 17 17 0 0 17 6 6 17 3 17 6 6 5 17 17 5 17 3 17 17 0 3 3 0 16 5 17
split_gain=41562.9 11311.1 6351.08 1330.61 911.089 1185.95 903.717 694.457 1392.26 693.021 1532.19 969.639 828.553 633.253 564.884 563.01 774.178 527.628 436.257 421.854 385.896 374.522 373.09 361.75 356.801 350.594 332.489 285.427 267.978 251.295
threshold=7.5000000000000009 0 1 2 3 14.000000000000002 14.000000000000002 4 11.500000000000002 19.500000000000004 5 17.500000000000004 6 19.500000000000004 11.500000000000002 23.750000000000004 7 8 23.750000000000004 9 17.500000000000004 10 11 92.500000000000014 14.000000000000002 17.500000000000004 47.500000000000007 29.839925000000004 8.7500000000000018 12
decision_type=2 9 9 9 9 2 2 9 2 2 9 2 9 2 2 2 9 9 2 9 2 9 9 2 2 2 2 2 2 9
left_child=2 19 7 13 5 24 9 8 21 12 -11 -12 14 28 -6 16 27 -7 22 25 -16 -1 -14 -19 -3 -2 29 -10 -4 -8
right_child=1 4 3 -5 6 17 26 -9 15 10 11 -13 18 -15 20 -17 -18 23 -20 -21 -22 -23 -24 -25 -26 -27 -28 -29 -30 -31
leaf_value=-0.00563842347969632 0.00017411180857909161 0.00037699053247299832 -0.014609510781495062 -0.01117884403685614 -0.0025634778425209781 -0.0038180938975298953 -0.00054008414343043043 -0.024192378593144961 0.00038050491180441348 -0.0140132533238301 0.0031300009480579763 -0.024096889895135833 -0.040891290897765845 -0.015809205372508472 -0.010114928982092231 -0.038691888454602544 -0.048535377183786116 0.0091577994655359877 -0.027233875017826571 0.00033860570988197836 -0.049357464147142684 0.094322559892349125 0.0074360288703788418 0.42691548430612658 -0.0018890798847898795 -0.0061711741573555303 0.098760619851133324 0.00029170215407985366 -0.04836116653447893 0.00015802923785210866
leaf_weight=2242 3218 11894 3400 58144 4171 4349 67510 5209 754 2207 5002 875 2852 6461 9789 926 1025 41406 1771 14207 1755 1036 2475 1938 2117 393 15015 2600 7025 89492
leaf_count=2242 3218 11894 3400 58144 4171 4349 67510 5209 754 2207 5002 875 2852 6461 9789 926 1025 41406 1771 14207 1755 1036 2475 1938 2117 393 15015 2600 7025 89492
internal_value=-0.00661939 0.0027624 -0.0364516 -0.0421815 0.000165137 0.00548498 -0.00145276 -0.00524562 0.00349703 -0.00932615 0.00325334 0.0165874 -0.0137838 -0.0297585 -0.0201812 0.0193308 0.0268212 0.00172877 0.000407991 0.0413114 -0.0258922 -0.0221171 0.00755585 0.0033953 0.0182749 0.0258078 -3.8659e-05 0.0383769 -0.0221535 -0.000718462
internal_weight=371258 282436 88822 75030 264618 61704 202914 13792 8583 30897 8084 5877 22813 16886 15715 5305 4379 47693 7098 17818 11544 3278 5327 43344 14011 3611 172017 3354 10425 157002
internal_count=371258 282436 88822 75030 264618 61704 202914 13792 8583 30897 8084 5877 22813 16886 15715 5305 4379 47693 7098 17818 11544 3278 5327 43344 14011 3611 172017 3354 10425 157002
cat_boundaries=0 2 5 7 10 13 16 18 20 23 25 27 30 33
cat_threshold=2147483650 2148532736 1351160068 153093209 5 605291584 637694114 151035920 268717376 10 268435716 2098177 5 67175680 134881305 5 1880358976 654446642 0 2098176 134250496 1280 2 0 2147483648 0 2098176 67633412 134217865 5 849100800 86581280 4
is_linear=0
shrinkage=0.05


Tree=83
num_leaves=31
num_cat=12
split_feature=0 17 17 17 17 0 0 6 17 17 3 17 6 6 5 17 6 17 17 3 3 17 5 3 0 17 16 5 0 6
split_gain=41257.3 11396.1 6351.08 1330.61 900.23 1223.44 911.432 917.998 1512.94 761.383 757.67 694.457 1392.26 633.253 563.01 774.178 557.267 504.373 421.854 386.791 381.188 374.522 357.608 350.594 294.319 356.085 285.427 267.978 239.053 227.069
threshold=7.5000000000000009 0 1 2 3 14.000000000000002 14.000000000000002 19.500000000000004 4 5 17.500000000000004 6 11.500000000000002 19.500000000000004 23.750000000000004 7 11.500000000000002 8 9 14.000000000000002 17.500000000000004 10 26.250000000000004 17.500000000000004 32.500000000000007 11 29.839925000000004 8.7500000000000018 52.500000000000007 20.500000000000004
decision_type=2 9 9 9 9 2 2 2 9 9 2 9 2 2 2 9 2 9 9 2 2 9 2 2 2 9 2 2 2 2
left_child=2 18 11 13 5 19 7 9 -9 -6 -10 12 21 27 15 26 -11 -7 23 -3 -18 -1 -19 -2 -8 -26 -14 -4 -27 -13
right_child=1 4 3 -5 6 17 24 8 10 16 -12 29 14 -15 -16 -17 20 22 -20 -21 -22 -23 -24 -25 25 28 -28 -29 -30 -31
leaf_value=-0.0053565023057115194 0.00016540621815011038 0.00035814100584934398 -0.01387903524242029 -0.010619901835013313 0.0048328375402379997 -0.0035308986661601871 -0.0002000176299516099 -0.013028620396465041 0.0029735009006550683 -0.0026077087920673317 -0.02289204540037906 -0.020523908323320184 0.00036147966621418175 -0.015018745103883058 -0.036757294031872424 -0.046108608324596824 -0.0091748655854121171 0.0095068518636296073 0.00032167542438790166 -0.0028089946266835145 -0.046889590939785557 0.089606431897731653 0.12299708269071274 -0.0058626154494877628 0.12805279619520391 -0.0072501826370737991 0.00027711704637587434 -0.045943108207755004 0.17210114677639796 -0.081757711139429423
leaf_weight=2242 3218 12231 3400 58144 5902 7821 104821 2008 4993 4212 875 4134 754 6461 926 1025 10648 54208 14207 2284 1755 1036 11880 393 10661 25854 2600 7025 4465 1075
leaf_count=2242 3218 12231 3400 58144 5902 7821 104821 2008 4993 4212 875 4134 754 6461 926 1025 10648 54208 14207 2284 1755 1036 11880 393 10661 25854 2600 7025 4465 1075
internal_value=-0.00672928 0.00261794 -0.0364516 -0.0421815 1.09588e-05 0.00412737 -0.002055 -0.00993156 0.0047613 -0.0150708 0.017574 -0.00524562 0.00349703 -0.0297585 0.0193308 0.0268212 -0.0205444 0.00152147 0.0413114 0.0173992 -0.0258929 -0.0221171 0.0029426 0.0258078 -0.000413234 0.0031796 0.0383769 -0.0221535 0.000413795 -0.0196302
internal_weight=371258 282436 88822 75030 264618 88424 176194 30393 7876 22517 5868 13792 8583 16886 5305 4379 16615 73909 17818 14515 12403 3278 66088 3611 145801 40980 3354 10425 30319 5209
internal_count=371258 282436 88822 75030 264618 88424 176194 30393 7876 22517 5868 13792 8583 16886 5305 4379 16615 73909 17818 14515 12403 3278 66088 3611 145801 40980 3354 10425 30319 5209
cat_boundaries=0 2 5 7 10 13 16 19 21 24 26 28 30
cat_threshold=2147483650 2148532736 1351160068 153093209 5 605291584 637694114 151041040 268717384 11 67174656 134881297 4 109658372 136388737 4 268435716 2098177 5 0 2098176 151027728 268436736 2 0 2147483648 0 2098176 1678245952 570564752
is_linear=0
shrinkage=0.05


Tree=84
num_leaves=31
num_cat=11
split_feature=0 17 17 17 17 0 0 17 17 6 6 3 5 17 3 17 17 6 3 5 17 5 14 17 6 0 16 15 3 5
split_gain=41394.2 11357.9 6351.08 1330.61 818.196 950.537 754.394 808.349 694.457 1392.26 633.253 603.83 563.01 774.178 499.876 421.854 374.522 364.964 350.594 320.119 316.184 759.588 298.473 489.792 443.128 290.909 285.427 270.483 268.982 267.978
threshold=7.5000000000000009 0 1 2 3 11.500000000000002 11.500000000000002 4 5 11.500000000000002 19.500000000000004 22.500000000000004 23.750000000000004 6 14.000000000000002 7 8 20.500000000000004 17.500000000000004 33.750000000000007 9 23.750000000000004 709.93887500000017 10 11.500000000000002 107.50000000000001 29.839925000000004 25.000000000000004 14.000000000000002 8.7500000000000018
decision_type=2 9 9 9 9 2 2 9 9 2 2 2 2 9 2 9 9 2 2 2 9 2 2 9 2 2 2 2 2 2
left_child=2 15 8 10 5 14 7 22 9 16 29 -7 13 26 -3 18 -1 20 -2 27 -9 -22 24 -24 -6 -13 -11 -8 -25 -4
right_child=1 4 3 -5 6 11 19 17 -10 12 -12 25 -14 -15 -16 -17 -18 -19 -20 -21 21 -23 23 28 -26 -27 -28 -29 -30 -31
leaf_value=-0.0050886771904259387 0.00015713590724262261 0.00030680480738478624 -0.013185083480299299 -0.010088906743262661 -0.0024773233524639339 -0.0033543537328522 -0.0001717291075216565 -0.010577917306158913 -0.02195656424732171 0.00034340568290347484 -0.014267807848688908 0.04563898227058303 -0.034919429330278806 -0.043803177908366964 -0.010469223885402014 0.00030559165316850216 0.085126110302845073 0.0004920836041399923 -0.0055694846770133928 0.078567025755410927 0.0091450284145851764 -0.025413437987664624 -0.0079153254599646956 0.0034487794627546366 -0.0087161223061414713 0.91700080261363304 0.00026326119405708506 0.042608095018531245 -0.0027795572943683845 -0.04364595279736725
leaf_weight=2242 3218 9723 3400 58144 4050 6765 170169 5331 5209 754 6461 25354 926 1025 1268 14207 1036 2684 393 11723 4173 2059 1113 1299 10884 995 2600 6358 670 7025
leaf_count=2242 3218 9723 3400 58144 4050 6765 170169 5331 5209 754 6461 25354 926 1025 1268 14207 1036 2684 393 11723 4173 2059 1113 1299 10884 995 2600 6358 670 7025
internal_value=-0.00667999 0.00268273 -0.0364516 -0.0421815 8.01125e-05 0.00629604 -0.00116337 -0.00822769 -0.00524562 0.00349703 -0.0297585 0.00206861 0.0193308 0.0268212 0.0190383 0.0413114 -0.0221171 0.00067686 0.0258078 4.72776e-05 -0.00317824 0.00446972 -0.0152613 -0.00110318 -0.0181934 0.00548977 0.0383769 -0.000484062 0.0138706 -0.0221535
internal_weight=371258 282436 88822 75030 264618 44105 220513 32263 13792 8583 16886 33114 5305 4379 10991 17818 3278 14247 3611 188250 11563 6232 18016 3082 14934 26349 3354 176527 1969 10425
internal_count=371258 282436 88822 75030 264618 44105 220513 32263 13792 8583 16886 33114 5305 4379 10991 17818 3278 14247 3611 188250 11563 6232 18016 3082 14934 26349 3354 176527 1969 10425
cat_boundaries=0 2 5 7 10 12 15 17 19 21 24 26
cat_threshold=2147483650 2148532736 1351160068 153093209 5 605291584 637694114 134258704 268717312 2 1410663680 722083859 268435716 2098177 5 0 2098176 0 2147483648 0 2098176 536870976 67113120 12 65792 537002002
is_linear=0
shrinkage=0.05


Tree=85
num_leaves=31
num_cat=11
split_feature=0 17 17 17 17 0 0 17 17 6 6 5 17 3 3 17 17 3 6 6 14 17 6 5 16 17 5 0 3 5
split_gain=41222.9 11405.7 6351.08 1330.61 835.096 953.923 821.326 947.151 694.457 1392.26 633.253 563.01 774.178 533.599 499.876 421.854 374.522 350.594 348.599 329.878 296.919 487.54 441.665 289.802 285.427 280.059 322.4 278.566 277.957 267.978
threshold=7.5000000000000009 0 1 2 3 11.500000000000002 11.500000000000002 4 5 11.500000000000002 19.500000000000004 23.750000000000004 6 22.500000000000004 14.000000000000002 7 8 17.500000000000004 20.500000000000004 12.500000000000002 709.93887500000017 9 11.500000000000002 33.750000000000007 29.839925000000004 10 23.750000000000004 107.50000000000001 17.500000000000004 8.7500000000000018
decision_type=2 9 9 9 9 2 2 9 9 2 2 2 9 2 2 9 9 2 2 2 2 9 2 2 2 9 2 2 2 2
left_child=2 15 8 10 5 14 7 18 9 16 29 12 24 -7 -3 17 -1 -2 19 -6 22 -22 -9 -8 -11 -21 -27 -15 -20 -4
right_child=1 4 3 -5 6 13 23 20 -10 11 -12 -13 -14 27 -16 -17 -18 -19 28 25 21 -23 -24 -25 -26 26 -28 -29 -30 -31
leaf_value=-0.0048342433309046312 0.00014927911188049593 0.00029146456701552027 -0.012525829306284342 -0.0095844614060995436 0.011187957040557528 -0.0031866360462095679 -0.00010808682258680592 -0.0023534571848407462 -0.020858736034955607 0.0003262353987583122 -0.013554417456254476 -0.033173457863764889 -0.041613019012948629 0.043357033157053596 -0.0099457626911319437 0.00029031207051009037 0.080869804787702837 -0.0052910104431626694 0.00046747942393299269 -0.011451403234498871 -0.0075195591869664296 0.0017564813560468906 -0.0082803161908343807 0.074638674467640345 0.00025009813435423746 0.0099152417373296053 -0.037046015892777895 0.87115076248295154 -0.055998151563586784 -0.041463655157498905
leaf_weight=2242 3218 9723 3400 58144 3300 6765 176527 4179 5209 754 6461 926 1025 25354 1268 14207 1036 393 2216 4083 1127 2032 11860 11723 2600 1956 1191 995 319 7025
leaf_count=2242 3218 9723 3400 58144 3300 6765 176527 4179 5209 754 6461 926 1025 25354 1268 14207 1036 393 2216 4083 1127 2032 11860 11723 2600 1956 1191 995 319 7025
internal_value=-0.00674167 0.00260165 -0.0364516 -0.0421815 -6.42411e-06 0.00627338 -0.00126268 -0.00863373 -0.00524562 0.00349703 -0.0297585 0.0193308 0.0268212 0.00203841 0.0190383 0.0413114 -0.0221171 0.0258078 0.00175526 -0.00225071 -0.0156966 -0.00169357 -0.0184644 5.31208e-07 0.0383769 -0.0082296 0.00299335 0.00525447 0.0184024 -0.0221535
internal_weight=371258 282436 88822 75030 264618 44105 220513 32263 13792 8583 16886 5305 4379 33114 10991 17818 3278 3611 13065 10530 19198 3159 16039 188250 3354 7230 3147 26349 2535 10425
internal_count=371258 282436 88822 75030 264618 44105 220513 32263 13792 8583 16886 5305 4379 33114 10991 17818 3278 3611 13065 10530 19198 3159 16039 188250 3354 7230 3147 26349 2535 10425
cat_boundaries=0 2 5 7 10 13 16 18 20 22 25 27
cat_threshold=2147483650 2148532736 1351160068 153093209 5 605291584 637694114 134258704 268717312 2 596136004 69275880 1 268435716 2098177 5 0 2098176 0 2147483648 0 2098176 65792 537002000 4 536870976 67178656
is_linear=0
shrinkage=0.05


Tree=86
num_leaves=31
num_cat=12
split_feature=0 17 17 17 6 17 17 0 6 5 17 3 3 0 17 6 17 16 3 17 6 0 17 0 6 3 17 4 16 17
split_gain=41608 11232.7 6503.81 1076.59 1392.26 932.648 726.333 970.26 619.188 563.01 774.178 520.077 499.876 456.438 526.77 427.258 866.707 473.388 459.165 421.854 415.726 382.315 374.522 370.265 475.593 350.594 302.018 291.262 285.427 276.673
threshold=7.5000000000000009 0 1 2 11.500000000000002 3 4 11.500000000000002 19.500000000000004 23.750000000000004 5 22.500000000000004 14.000000000000002 22.500000000000004 6 19.500000000000004 7 29.839925000000004 27.500000000000004 8 18.500000000000004 14.000000000000002 9 14.000000000000002 11.500000000000002 17.500000000000004 10 2.5000000000000004 29.839925000000004 11
decision_type=2 9 9 9 2 9 9 2 2 2 9 2 2 2 9 2 9 2 2 9 2 2 9 2 2 2 9 2 2 9
left_child=2 19 3 4 22 8 7 12 -4 10 28 -9 -3 14 -8 18 21 -18 23 25 -5 -17 -1 24 -16 -2 -25 -15 -6 -26
right_child=1 6 5 20 9 -7 13 11 -10 -11 -12 -13 -14 27 15 16 17 -19 -20 -21 -22 -23 -24 26 29 -27 -28 -29 -30 -31
leaf_value=-0.0045925311643594041 0.00014181515628646226 0.00027689133866477534 -0.011899537840970132 -0.0045438937080136471 0.0003099236288203855 -0.0091052383357945743 0.00029253451922510719 -0.0030273042438991207 -0.011743447111337702 -0.03151478497057663 -0.039532368062301204 0.0550770252407407 -0.0094484745565753606 -0.00053486430019429327 -0.00027999649164431876 -0.0092071671300113078 -0.0022702416108483447 0.0025181765658040868 0.096685373558476159 0.00027579646698461247 -0.014957077676192476 -0.0010183166291216851 0.076826314548317676 -0.00019396103011857236 -0.015021199082424098 -0.0050264599210045448 -0.0010398063679511794 0.043167583762360809 0.00023759322763652337 -0.0078663003812926569
leaf_weight=2242 3218 9723 10722 6113 754 53909 26880 6765 6463 926 1025 26349 1268 94251 4918 2018 2910 5724 5886 14207 3032 3103 1036 17966 7103 393 17069 27855 2600 4830
leaf_count=2242 3218 9723 10722 6113 754 53909 26880 6765 6463 926 1025 26349 1268 94251 4918 2018 2910 5724 5886 14207 3032 3103 1036 17966 7103 393 17069 27855 2600 4830
internal_value=-0.00649063 0.00289623 -0.036339 -0.00922314 0.00349703 -0.0430932 0.00030798 0.00616457 -0.0328671 0.0193308 0.0268212 0.00189346 0.0190383 -0.000863629 -0.00339762 -0.00563974 0.00227917 0.0119389 -0.00752614 0.0413114 -0.0211524 -0.0140031 -0.0221171 -0.00902748 -0.0151178 0.0258078 -0.00609819 0.00117848 0.0383769 -0.0205103
internal_weight=371258 282436 88822 17728 8583 71094 264618 44105 17185 5305 4379 33114 10991 220513 98407 71527 13755 8634 57772 17818 9145 5121 3278 51886 16851 3611 35035 122106 3354 11933
internal_count=371258 282436 88822 17728 8583 71094 264618 44105 17185 5305 4379 33114 10991 220513 98407 71527 13755 8634 57772 17818 9145 5121 3278 51886 16851 3611 35035 122106 3354 11933
cat_boundaries=0 2 5 8 10 13 15 18 20 22 24 26 28
cat_threshold=2147483650 2148532736 1351161092 186782809 5 268435716 2098177 5 622067776 604004514 134258704 268717312 2 0 2098176 26231812 69206081 13 335614208 671293464 0 2147483648 0 2098176 332096 704778266 1879310400 570560546
is_linear=0
shrinkage=0.05


Tree=87
num_leaves=31
num_cat=12
split_feature=0 17 17 17 6 17 17 0 6 5 17 3 17 0 17 17 6 17 0 16 6 6 17 3 3 3 0 17 0 16
split_gain=41545.5 11249.3 6503.27 1076.59 1392.26 933.466 703.096 989.15 619.777 563.01 774.178 499.876 485.344 431.471 554.802 421.854 420.286 863.682 452.826 437.44 426.877 415.726 374.522 350.594 323.822 314.097 301.197 288.399 285.79 285.427
threshold=7.5000000000000009 0 1 2 11.500000000000002 3 4 11.500000000000002 19.500000000000004 23.750000000000004 5 14.000000000000002 6 22.500000000000004 7 8 19.500000000000004 9 14.000000000000002 29.839925000000004 11.500000000000002 18.500000000000004 10 17.500000000000004 17.500000000000004 14.000000000000002 14.000000000000002 11 97.500000000000014 29.839925000000004
decision_type=2 9 9 9 2 9 9 2 2 2 9 2 9 2 9 9 2 9 2 2 2 2 9 2 2 2 2 9 2 2
left_child=2 15 3 4 22 8 7 11 -4 10 29 -3 28 14 -8 23 18 26 20 -19 -16 -5 -1 -2 -22 -21 -18 -20 -9 -6
right_child=1 6 5 21 9 -7 13 12 -10 -11 -12 -13 -14 -15 16 -17 17 19 27 25 24 -23 -24 -25 -26 -27 -28 -29 -30 -31
leaf_value=-0.0043629046061414382 0.00013472439847213026 0.00026304677173154544 -0.011304560948921606 -0.0043166990226129803 0.00029442744737937513 -0.0086499764190048466 0.00017780996290017725 0.013891485136836934 -0.011156274755770836 -0.029939045722047777 -0.037555749659186156 -0.0089760508287465516 -0.0031016589542231191 0.0043998962054130784 -0.00026599666706212944 0.00026200664363535965 -0.0066832228711175114 -0.0026148914169098706 5.1770400774842079e-05 0.0025599476615498773 -0.010127773118652695 -0.014209223792382854 0.072984998820901842 -0.0047751369249542826 -0.042209052871687192 0.0021044175683583078 -0.0013386855269668986 -0.001595856434450127 0.6603390092917828 0.00022571356625471496
leaf_weight=2242 3218 9723 10722 6113 754 53909 30192 27307 6463 926 1025 1268 4349 122106 4883 14207 1882 2879 10205 2780 10305 3032 1036 393 2076 2839 2951 27415 1458 2600
leaf_count=2242 3218 9723 10722 6113 754 53909 30192 27307 6463 926 1025 1268 4349 122106 4883 14207 1882 2879 10205 2780 10305 3032 1036 393 2076 2839 2951 27415 1458 2600
internal_value=-0.00651191 0.00286791 -0.0363378 -0.00922314 0.00349703 -0.0430918 0.000277748 0.0060399 -0.0328613 0.0193308 0.0268212 0.0190383 0.00172737 -0.000874965 -0.00333869 0.0413114 -0.00583584 0.00212662 -0.00777094 0.0117184 -0.0144752 -0.0211524 -0.0221171 0.0258078 -0.0194128 0.0198523 -0.0147326 -0.00469431 0.00408167 0.0383769
internal_weight=371258 282436 88822 17728 8583 71094 264618 44105 17185 5305 4379 10991 33114 220513 98407 17818 68215 13331 54884 8498 17264 9145 3278 3611 12381 5619 4833 37620 28765 3354
internal_count=371258 282436 88822 17728 8583 71094 264618 44105 17185 5305 4379 10991 33114 220513 98407 17818 68215 13331 54884 8498 17264 9145 3278 3611 12381 5619 4833 37620 28765 3354
cat_boundaries=0 2 5 8 10 13 15 17 20 22 24 26 28
cat_threshold=2147483650 2148532736 1351161092 186782809 5 268435716 2098177 5 622067776 604004514 134258704 268717312 2 0 2098176 8208 268716032 26231812 69214273 13 0 2147483648 335614208 671809560 0 2098176 69632 167907338
is_linear=0
shrinkage=0.05


Tree=88
num_leaves=31
num_cat=14
split_feature=0 17 17 17 6 17 17 0 17 6 5 17 17 0 3 17 6 17 3 5 6 17 6 6 17 0 6 17 5 17
split_gain=41331.4 11258.4 6628.84 1245.28 1402.41 752.723 688.072 663.78 1091.44 588.835 540.568 774.178 493.281 476.962 441.252 421.854 409.683 374.522 350.594 348.896 330.997 1119.98 358.296 315.838 308.299 304.365 316.974 288.458 605.764 404.639
threshold=7.5000000000000009 0 1 2 11.500000000000002 3 4 14.000000000000002 5 19.500000000000004 23.750000000000004 6 7 17.500000000000004 14.000000000000002 8 19.500000000000004 9 17.500000000000004 8.7500000000000018 19.500000000000004 10 9.5000000000000018 11.500000000000002 11 107.50000000000001 17.500000000000004 12 23.750000000000004 13
decision_type=2 9 9 9 2 9 9 2 9 2 2 9 9 2 2 9 2 9 2 2 2 9 2 2 9 2 2 9 2 9
left_child=2 15 3 4 17 16 7 8 -3 19 11 -6 -9 20 -10 18 24 -1 -2 -5 22 -22 -8 -21 -4 26 -14 -24 29 -29
right_child=1 6 5 9 10 -7 13 12 14 -11 -12 -13 25 -15 -16 -17 -18 -19 -20 23 21 -23 27 -25 -26 -27 -28 28 -30 -31
leaf_value=-0.0041447593758343615 0.00012798817854848822 -0.025161242703311971 -0.008217477598054624 -0.0018104966586714789 0.00027970607501042187 -0.008217477598054624 0.010655858846464916 -0.0027208560839929955 0.00028332358131706316 -0.0086520048673497836 -0.028442093435945372 -0.035677962176226832 0.016962768801809247 2.6440575674158141e-05 -0.0040958037064479317 0.00024890631145355616 -0.008217477598054624 0.069335748879856759 -0.0045363800787065148 0.14935088616196968 -0.0041379091708224182 0.0025203377086441495 -0.010323399870347494 -0.049061912134005597 -0.015120838914332912 0.79182242263217761 -0.0057689997767280234 -0.0033340862513199011 -0.022829046603742409 0.01089959404641503
leaf_weight=2242 3218 2488 11090 2994 3354 42589 4253 7821 14092 3704 926 1025 61952 95940 2901 14207 8382 1036 393 2108 3764 7291 25005 2443 6929 1033 26643 5270 3397 2768
leaf_count=2242 3218 2488 11090 2994 3354 42589 4253 7821 14092 3704 926 1025 61952 95940 2901 14207 8382 1036 393 2108 3764 7291 25005 2443 6929 1033 26643 5270 3397 2768
internal_value=-0.00650329 0.00285233 -0.0362523 -0.010755 0.00359013 -0.0435739 0.000261121 0.00312639 0.0115523 -0.0216938 0.0194816 0.0268212 0.00144229 -0.00200747 0.0160766 0.0413114 -0.0368691 -0.0221171 0.0258078 -0.0136978 -0.00587656 0.00179557 -0.00796083 -0.00497693 -0.032635 0.00249336 0.00217902 -0.00956367 -0.0029751 0.00450361
internal_weight=371258 282436 88822 19832 8583 68990 264618 116930 19481 11249 5305 4379 97449 147688 16993 17818 26401 3278 3611 7545 51748 11055 40693 4551 18019 89628 88595 36440 11435 8038
internal_count=371258 282436 88822 19832 8583 68990 264618 116930 19481 11249 5305 4379 97449 147688 16993 17818 26401 3278 3611 7545 51748 11055 40693 4551 18019 89628 88595 36440 11435 8038
cat_boundaries=0 2 5 8 10 13 16 18 21 23 25 28 30 32 35
cat_threshold=2147483650 2148532736 1418269956 186791129 5 268435716 2098177 5 554975296 604061986 152089616 268856681 11 1024 139273 1 0 2098176 151027728 268436736 2 0 2147483648 0 2098176 67174724 671678480 4 16793600 65792 1879572800 654315538 109314048 134217856 4
is_linear=0
shrinkage=0.05


Tree=89
num_leaves=31
num_cat=15
split_feature=0 17 17 17 17 6 6 0 17 0 5 17 17 17 17 3 17 0 5 17 3 17 16 14 17 6 5 17 6 17
split_gain=40762.9 11526.8 6378.11 1331.61 702.175 1406.23 633.863 626.532 538.321 848.615 532.271 774.178 505.667 421.854 374.522 350.594 347.598 325.582 552.044 723.998 542.037 333.469 285.427 281.624 285.634 659.877 268.424 237.512 227.069 224.079
threshold=7.5000000000000009 0 1 2 3 11.500000000000002 19.500000000000004 47.500000000000007 4 14.000000000000002 23.750000000000004 5 6 7 8 17.500000000000004 9 17.500000000000004 21.250000000000004 10 17.500000000000004 11 29.839925000000004 90.149658333333335 12 19.500000000000004 8.7500000000000018 13 20.500000000000004 14
decision_type=2 9 9 9 9 2 2 2 9 2 2 9 9 9 9 2 9 2 2 9 2 9 2 2 9 2 2 9 2 9
left_child=2 13 4 6 5 14 26 8 9 12 11 22 -3 15 -1 -2 -11 18 19 -10 -20 -19 -7 -21 25 -25 -4 -9 -6 -5
right_child=1 7 3 29 28 10 -8 27 17 16 -12 -13 -14 -15 -16 -17 -18 21 20 23 -22 -23 -24 24 -26 -27 -28 -29 -30 -31
leaf_value=-0.0039375214070426438 0.00012158876962109488 -0.0039310137122813065 -0.011365983371505229 -0.0078066037181518944 -0.024381462564607451 0.00026572077125988083 -0.011320836610183616 0.16817993762225214 -0.0060796657315615125 -0.0025848132797933413 -0.027019988764148108 -0.033894064067415512 0.00038496133754080121 0.00023646099588088277 0.065868961435863946 -0.0043095610747711181 0.0011593132049182665 -0.0038116511661268507 -0.015224982426672452 0.0028885293770713363 0.013771813002949518 0.00010693370423027205 0.00020044258419145146 -0.0053638672741446848 0.00034958162860974088 0.0023988191572335005 -0.036303244453426586 0.061373314713650019 -0.073638145251547812 -0.0078066037181518944
leaf_weight=2242 3218 3671 3400 15555 4134 754 6461 5166 21508 3334 926 1025 9632 14207 1036 393 40865 25432 8583 5838 3778 85098 2600 11600 8270 3502 7025 28341 1075 42589
leaf_count=2242 3218 3671 3400 15555 4134 754 6461 5166 21508 3334 926 1025 9632 14207 1036 393 40865 25432 8583 5838 3778 85098 2600 11600 8270 3502 7025 28341 1075 42589
internal_value=-0.0068944 0.00239665 -0.036438 -0.0421802 -0.00516592 0.00362504 -0.0297526 -0.000225222 -0.00115161 0.0030411 0.0195382 0.0268212 0.0141134 0.0413114 -0.0221171 0.0258078 -0.000290731 -0.00254033 -0.00540671 -0.00309752 -0.0148815 -0.000904732 0.0383769 0.00202943 -0.000423584 -0.00451297 -0.0221439 0.00616438 -0.0196302 -0.0457836
internal_weight=371258 282436 88822 75030 13792 8583 16886 264618 231111 57502 5305 4379 13303 17818 3278 3611 44199 173609 63079 50718 12361 110530 3354 29210 23372 15102 10425 33507 5209 58144
internal_count=371258 282436 88822 75030 13792 8583 16886 264618 231111 57502 5305 4379 13303 17818 3278 3611 44199 173609 63079 50718 12361 110530 3354 29210 23372 15102 10425 33507 5209 58144
cat_boundaries=0 2 5 7 10 13 15 17 19 21 23 25 28 31 33 35
cat_threshold=2147483650 2148532736 1351160068 153093209 5 605291584 637694114 268435716 2098177 5 151056464 402918465 8 0 2098176 16448 134217793 0 2147483648 0 2098176 134250496 268436480 906559744 570556570 303300608 19484672 2 1083180032 83890208 4 1350565904 81920 16793600 65792
is_linear=0
shrinkage=0.05


Tree=90
num_leaves=31
num_cat=15
split_feature=0 17 17 17 17 6 6 17 6 0 17 5 17 6 17 0 17 0 17 17 14 0 6 17 17 5 17 17 16 5
split_gain=40238.2 11352.4 7394.4 849.066 846.099 1406.23 749.026 669.589 604.736 539.671 537.632 532.271 774.178 470.291 450.971 730.238 659.221 429.855 374.522 336.638 287.546 434.84 341.391 985.81 319.111 846.206 761.891 313.189 285.427 264.335
threshold=7.5000000000000009 0 1 2 3 11.500000000000002 12.500000000000002 4 19.500000000000004 52.500000000000007 5 23.750000000000004 6 11.500000000000002 7 14.000000000000002 8 17.500000000000004 9 10 89.923050000000003 17.500000000000004 19.500000000000004 11 12 23.750000000000004 13 14 29.839925000000004 18.750000000000004
decision_type=2 9 9 9 9 2 2 9 2 2 9 2 9 2 9 2 9 2 9 9 2 2 2 9 9 2 9 9 2 2
left_child=2 7 4 8 5 18 10 13 -4 14 -6 12 28 -2 15 16 -3 -15 -1 -17 -16 22 24 -24 -22 26 -26 -23 -7 -19
right_child=1 9 3 -5 6 11 -8 -9 -10 -11 -12 -13 -14 17 20 19 -18 29 -20 -21 21 27 23 -25 25 -27 -28 -29 -30 -31
leaf_value=-0.0037406453366905183 -0.00055065787212225101 -0.0012355978479130947 -0.0097400351379122625 -0.0074162735322443225 -0.0027912661103183913 0.00025243473269687122 -0.0093842550968188387 0.00022463794608684751 -0.010754794779674448 0.10902573826398712 0.00055055261250362979 -0.025668989325940708 -0.032199360864044735 0.00011550933114001793 0.00096613708577848463 -0.0024555726158037141 0.00036571327066372563 0.013033528943769745 0.062575513364070731 0.0010533003064569612 -0.014272696834581123 -0.0048032238805413748 -0.0047870163058179038 0.003224990216953483 -0.0016691063582040756 -0.019521358415429457 0.0024751281410441807 0.00011402802570570358 0.00019042045498189887 -0.0040940830210326245
leaf_weight=2242 409 5659 10221 53909 2560 754 5664 14207 5959 24268 1926 926 1025 4399 16669 3334 9632 126 1036 60831 20215 22745 4623 5841 10757 5010 3319 70056 2600 336
leaf_count=2242 409 5659 10221 53909 2560 754 5664 14207 5959 24268 1926 926 1025 4399 16669 3334 9632 126 1036 60831 20215 22745 4623 5841 10757 5010 3319 70056 2600 336
internal_value=-0.00650195 0.00272911 -0.0358549 -0.0433109 -0.00793096 0.00362504 -0.0176969 0.039552 -0.0331748 1.90136e-07 -0.00245207 0.0195382 0.0268212 0.0241856 -0.000722063 0.00235447 0.0121738 0.0285641 -0.0221171 1.48056e-05 -0.00225721 -0.00298388 -0.00675475 0.00127102 -0.00889163 -0.00424696 0.00203183 -0.000961735 0.0383769 -0.017316
internal_weight=371258 282436 88822 70089 18733 8583 10150 19477 16180 262959 4486 5305 4379 5270 238691 79456 15291 4861 3278 64165 159235 142566 49765 10464 39301 19086 14076 92801 3354 462
internal_count=371258 282436 88822 70089 18733 8583 10150 19477 16180 262959 4486 5305 4379 5270 238691 79456 15291 4861 3278 64165 159235 142566 49765 10464 39301 19086 14076 92801 3354 462
cat_boundaries=0 3 6 8 11 14 16 18 21 24 26 28 31 33 35 37
cat_threshold=2147483650 2148532736 2 1351160068 186782937 5 622068800 604004386 268435716 2098177 5 0 2147483648 2 8978432 134348800 0 2098176 151057488 436472897 9 17472 167772225 1 0 2098176 134250496 268436480 67174660 537616664 4 1913127168 620888122 76808192 28800 303300608 17383456
is_linear=0
shrinkage=0.05


Tree=91
num_leaves=31
num_cat=13
split_feature=0 17 17 17 17 6 6 6 17 0 17 5 17 17 17 0 17 3 0 16 17 5 5 5 17 6 0 5 6 17
split_gain=40465.2 11286.6 7394.4 849.066 846.099 1406.23 749.026 604.736 581.682 946.979 537.632 532.271 774.178 440.985 414.433 394.64 374.522 339.581 330.853 285.427 270.577 263.63 241.203 229.332 227.473 269.557 225.135 217.196 301.598 455.48
threshold=7.5000000000000009 0 1 2 3 11.500000000000002 12.500000000000002 19.500000000000004 4 11.500000000000002 5 23.750000000000004 6 7 8 42.500000000000007 9 14.000000000000002 17.500000000000004 29.839925000000004 10 18.750000000000004 8.7500000000000018 16.250000000000004 11 21.500000000000004 122.50000000000001 16.250000000000004 11.500000000000002 12
decision_type=2 9 9 9 9 2 2 2 9 2 9 2 9 9 9 2 9 2 2 2 9 2 2 2 9 2 2 2 2 9
left_child=2 14 4 7 5 16 10 23 9 17 22 12 19 26 18 24 -1 27 -2 -7 -17 -20 -6 -4 25 -10 -11 -3 -29 -30
right_child=1 8 3 -5 6 11 -8 -9 15 13 -12 -13 -14 -15 -16 20 -18 -19 21 -21 -22 -23 -24 -25 -26 -27 -28 28 29 -31
leaf_value=-0.0035536130698559988 0.00010973386458301704 0.00027108793429331257 -0.009820292863293556 -0.0070454598556321194 -0.0026517028048024917 0.00023981299606203879 -0.0089150423419778867 -0.010217055040690726 -0.0075396782388757804 0.042497872478184463 0.00052302498187843942 -0.02438553985964367 -0.030589392820842498 -0.0023327939850135595 0.00021340604878252736 0.085863000545108648 0.059446737695867218 -0.0039285472515357966 0.012381852496581303 0.00018089943223280615 0.005308060839101892 -0.0038893788699809308 -0.016498844737007846 -0.0066568275735940487 -0.00025460971223445483 0.0037439350218649637 1.7074311332452958 -0.00022590643840061377 -0.0069294745794182162 0.00050732075552071263
leaf_weight=2242 3169 2631 8219 53909 1384 754 5664 5959 31900 21426 1926 926 1025 5775 14207 15631 1036 1130 132 2600 21246 310 1176 2002 156283 1469 461 941 917 4808
leaf_count=2242 3169 2631 8219 53909 1384 754 5664 5959 31900 21426 1926 926 1025 5775 14207 15631 1036 1130 132 2600 21246 310 1176 2002 156283 1469 461 941 917 4808
internal_value=-0.00641926 0.00283781 -0.0358549 -0.0433109 -0.00793096 0.00362504 -0.0176969 -0.0331748 0.00024336 0.00595947 -0.00245207 0.0195382 0.0268212 0.00112067 0.0413451 -0.000717978 -0.0221171 0.0188021 0.0259735 0.0383769 0.0040147 -0.0144796 -0.0174319 -0.0258145 -0.00163826 -0.00538512 0.00436361 0.0219479 0.0171467 0.0214585
internal_weight=371258 282436 88822 70089 18733 8583 10150 16180 264618 38089 4486 5305 4379 27662 17818 226529 3278 10427 3611 3354 36877 442 2560 10221 189652 33369 21887 9297 6666 5725
internal_count=371258 282436 88822 70089 18733 8583 10150 16180 264618 38089 4486 5305 4379 27662 17818 226529 3278 10427 3611 3354 36877 442 2560 10221 189652 33369 21887 9297 6666 5725
cat_boundaries=0 2 5 7 10 13 15 17 19 21 23 26 28 30
cat_threshold=2147483650 2148532736 1351160068 186782937 5 622068800 604004386 268435716 2098177 5 134258704 268700928 2 8978432 134348800 0 2098176 8192 264192 0 2147483648 0 2098176 1887961088 100884504 1 302514176 554254336 0 256
is_linear=0
shrinkage=0.05


Tree=92
num_leaves=31
num_cat=13
split_feature=0 17 17 17 17 6 6 6 17 5 17 17 0 17 0 0 17 2 16 14 14 17 17 6 3 17 17 5 3 5
split_gain=40314.9 11209.9 7396.64 849.066 847.024 1407.5 749.026 604.736 537.632 529.519 774.178 505.089 756.226 459.91 457.858 395.687 374.522 343.291 285.427 252.704 269.791 321.247 299.67 328.231 310.903 248.797 241.645 241.203 240.681 229.332
threshold=7.5000000000000009 0 1 2 3 11.500000000000002 12.500000000000002 19.500000000000004 4 23.750000000000004 5 6 11.500000000000002 7 17.500000000000004 47.500000000000007 8 27.500000000000004 29.839925000000004 150.11590000000004 789.88855833333344 9 10 19.500000000000004 14.000000000000002 11 12 8.7500000000000018 14.000000000000002 16.250000000000004
decision_type=2 9 9 9 9 2 2 2 9 2 9 9 2 9 2 2 9 2 2 2 2 9 9 2 2 9 9 2 2 2
left_child=2 13 4 7 5 16 8 29 27 10 18 12 28 14 -2 19 -1 -14 -7 25 22 -22 23 -21 -25 -13 -17 -6 -3 -4
right_child=1 11 3 -5 6 9 -8 -9 -10 -11 -12 15 17 -15 -16 26 -18 -19 -20 20 21 -23 -24 24 -26 -27 -28 -29 -30 -31
leaf_value=-0.0033759324163631812 0.00010424717135384399 0.00048195471774468149 -0.009329278220128856 -0.0066931868628504979 -0.0025191176645623873 0.00022782234625893239 -0.0084692902248789895 -0.0097062022886561742 0.00049687373278453075 -0.023166262866661482 -0.029059923179800374 0.011365204027390163 -0.0022161542857628727 0.00020273574634339654 -0.0036949099264818488 0.13192259266156797 0.05647440081107389 0.076660796244961915 0.00017185446062115695 -0.0040050551567645696 0.0010202742083470719 -0.00066408772243491403 -0.00083634332421134161 0.0035567382707717421 -0.00099077628208483755 -4.5725860017231672e-05 0.017993535692169972 -0.015673902500157457 -0.0037321198889589628 -0.0063239861949143444
leaf_weight=2242 3169 6476 8219 53909 1384 754 5664 5959 1926 926 1025 13740 4817 14207 442 10323 1036 13385 2600 49680 4743 8052 91242 1829 5195 39539 14849 1176 748 2002
leaf_count=2242 3169 6476 8219 53909 1384 754 5664 5959 1926 926 1025 13740 4817 14207 442 10323 1036 13385 2600 49680 4743 8052 91242 1829 5195 39539 14849 1176 748 2002
internal_value=-0.00647286 0.002767 -0.0358537 -0.0433109 -0.00792563 0.00363668 -0.0176969 -0.0331748 -0.00245207 0.019557 0.0268212 0.000181387 0.00688001 0.0411431 0.0249793 -0.000530932 -0.0221171 0.00145039 0.0383769 -0.00122839 -0.00221754 0.00474795 -0.00281995 -0.00567408 0.00444191 0.00175585 0.00539886 -0.0174319 0.0205703 -0.0258145
internal_weight=371258 282436 88822 70089 18733 8583 10150 16180 4486 5305 4379 264618 25426 17818 3611 239192 3278 18202 3354 214020 160741 12795 147946 56704 7024 53279 25172 2560 7224 10221
internal_count=371258 282436 88822 70089 18733 8583 10150 16180 4486 5305 4379 264618 25426 17818 3611 239192 3278 18202 3354 214020 160741 12795 147946 56704 7024 53279 25172 2560 7224 10221
cat_boundaries=0 2 5 7 10 12 14 17 19 21 24 27 30 33
cat_threshold=2147483650 2148532736 1351160068 186782937 5 622068800 604004386 268435716 2098177 5 8978432 134348800 0 2098176 40976 268698624 2 0 2147483648 0 2098176 1712848960 538912 8 2014576704 554258464 4 1074090048 2244896 4 1351090432 213000 5
is_linear=0
shrinkage=0.05


Tree=93
num_leaves=31
num_cat=12
split_feature=0 17 17 17 17 6 6 6 17 5 17 17 0 17 0 17 17 4 17 16 0 3 5 5 6 15 6 17 3 0
split_gain=40477.7 11164.5 7396.64 849.066 847.024 1407.5 749.026 604.736 537.632 529.519 774.178 512.127 868.065 459.91 457.858 401.648 374.522 373.91 429.695 285.427 250.574 248.58 241.203 229.332 209.21 207.687 207.387 1344.44 421.163 366.876
threshold=7.5000000000000009 0 1 2 3 11.500000000000002 12.500000000000002 19.500000000000004 4 23.750000000000004 5 6 11.500000000000002 7 17.500000000000004 8 9 1.0000000180025095e-35 10 29.839925000000004 97.500000000000014 14.000000000000002 8.7500000000000018 16.250000000000004 11.500000000000002 25.000000000000004 20.500000000000004 11 14.000000000000002 17.500000000000004
decision_type=2 9 9 9 9 2 2 2 9 2 9 9 2 9 2 9 9 2 9 2 2 2 2 2 2 2 2 9 2 2
left_child=2 13 4 7 5 16 8 23 22 10 19 12 21 14 24 -14 -1 25 -19 -7 -17 -3 -6 -4 -2 26 29 -28 -29 -13
right_child=1 11 3 -5 6 9 -8 -9 -10 -11 -12 17 15 -15 -16 20 -18 18 -20 -21 -22 -23 -24 -25 -26 -27 27 28 -30 -31
leaf_value=-0.0032071357955450355 -0.0013541009261489379 0.00045785698185740742 -0.0088628143091224135 -0.0063585275197079573 -0.0023931617813342855 0.00021643122894596801 -0.0080458257136350585 -0.0092208921742233507 0.00047203004614528867 -0.022007949723328403 -0.027606927020810357 -0.0046655686738288791 -0.002105346571474698 0.00019259895902621338 -0.0035101644301578361 0.0016600761726887293 0.053650680770520154 -0.0009360816625763491 0.038557105290831478 0.00016326173759009246 0.70147319980913858 -0.0035455138945110322 -0.014890207375149567 -0.0060077868851686313 9.9034812786147347e-05 0.016951040526497964 -0.0090251403930994741 0.00040197525895280251 0.0026029400900647206 -0.00021759802498539927
leaf_weight=2242 88 7266 8219 53909 1384 754 5664 5959 1926 926 1025 52904 2494 14207 442 14663 1036 14539 28257 2600 1259 764 1176 2002 3081 6276 9800 4007 4590 117799
leaf_count=2242 88 7266 8219 53909 1384 754 5664 5959 1926 926 1025 52904 2494 14207 442 14663 1036 14539 28257 2600 1259 764 1176 2002 3081 6276 9800 4007 4590 117799
internal_value=-0.0064136 0.00284489 -0.0358537 -0.0433109 -0.00792563 0.00363668 -0.0176969 -0.0331748 -0.00245207 0.019557 0.0268212 0.000264522 0.00686423 0.0411431 0.0249793 0.0008851 -0.0221171 -0.000468549 0.00376437 0.0383769 0.00380994 0.0205853 -0.0174319 -0.0258145 0.0316977 -0.00139577 -0.00169276 0.00335109 0.0177704 -0.00223634
internal_weight=371258 282436 88822 70089 18733 8583 10150 16180 4486 5305 4379 264618 26446 17818 3611 18416 3278 238172 42796 3354 15922 8030 2560 10221 3169 195376 189100 18397 8597 170703
internal_count=371258 282436 88822 70089 18733 8583 10150 16180 4486 5305 4379 264618 26446 17818 3611 18416 3278 238172 42796 3354 15922 8030 2560 10221 3169 195376 189100 18397 8597 170703
cat_boundaries=0 2 5 7 10 12 14 17 19 21 23 25 28
cat_threshold=2147483650 2148532736 1351160068 186782937 5 622068800 604004386 268435716 2098177 5 8978432 134348800 0 2098176 134258704 268698624 2 0 2147483648 134250496 1024 0 2098176 579866628 120074658 83956996 671246555 5
is_linear=0
shrinkage=0.05


Tree=94
num_leaves=31
num_cat=14
split_feature=0 17 17 17 6 17 6 17 6 5 17 17 0 17 17 17 0 17 3 4 14 17 17 16 0 3 5 6 17 5
split_gain=39636.6 11325.5 7998.21 952.795 1049.29 849.066 823.158 751.02 604.736 523.38 797.133 520.485 859.841 462.642 421.854 389.529 365.006 525.318 350.594 338.203 322.952 419.21 303.919 285.427 248.916 246.076 229.332 221.117 399.323 235.976
threshold=7.5000000000000009 0 1 2 11.500000000000002 3 12.500000000000002 4 19.500000000000004 23.750000000000004 5 6 11.500000000000002 7 8 9 22.500000000000004 10 17.500000000000004 2.5000000000000004 599.93345833333342 11 12 29.839925000000004 97.500000000000014 14.000000000000002 16.250000000000004 11.500000000000002 13 16.250000000000004
decision_type=2 9 9 9 2 9 2 9 2 2 9 9 2 9 9 9 2 9 2 2 2 9 9 2 2 2 2 2 9 2
left_child=2 14 3 4 7 8 13 -1 26 10 23 12 25 -5 18 -14 17 -13 -2 -18 -19 -22 -21 -6 -17 27 -4 28 -3 -30
right_child=1 11 5 6 9 -7 -8 -9 -10 -11 -12 16 15 -15 -16 24 19 20 -20 22 21 -23 -24 -25 -26 -27 -28 -29 29 -31
leaf_value=-0.0030467790057677746 9.4083072146844421e-05 0.00021054295259848033 -0.0084196735936663113 -0.010279921784879111 0.00020560966749867405 -0.0060406011437225795 -0.0076435344279532913 1.6863720543280892e-05 -0.0087598475655121799 -0.020907552237161967 -0.026226580669769819 0.00015123950795175036 -0.0020000792429009985 0.00044842854383801982 0.00018296901107488496 0.0015770723640542883 -0.0005726493237752095 -0.0018822095001937102 -0.0033346562086499889 0.091282266796605963 -0.0040504735991386378 0.00048197798920019964 0.013992904783838257 0.00015509865071057228 0.66639953981868139 -0.0033682381997854451 -0.0057073975409101868 0.00054841416660931228 0.00083917450160218019 -0.00034032401877732711
leaf_weight=2242 3218 506 8219 1965 754 53909 5644 1631 5959 926 1045 44867 2494 1926 14207 14663 104097 44841 393 12538 5532 8272 18025 2600 1259 764 2002 6057 162 541
leaf_count=2242 3218 506 8219 1965 754 53909 5644 1631 5959 926 1045 44867 2494 1926 14207 14663 104097 44841 393 12538 5532 8272 18025 2600 1259 764 2002 6057 162 541
internal_value=-0.00642383 0.00273797 -0.0355565 -0.0065171 0.00496308 -0.0433109 -0.0175851 -0.0148335 -0.0331748 0.0193709 0.0265629 0.000139063 0.00679241 8.99512e-05 0.0413114 0.000841659 -0.000599961 -0.00283252 0.0258078 0.00111614 -0.00594749 0.000738916 0.0057406 0.0383769 0.00372207 0.0204483 -0.0258145 0.0232865 0.00376344 -0.020547
internal_weight=371258 282436 88822 18733 9198 70089 9535 3873 16180 5325 4399 264618 26446 3891 17818 18416 238172 103512 3611 134660 58645 13804 30563 3354 15922 8030 10221 7266 1209 703
internal_count=371258 282436 88822 18733 9198 70089 9535 3873 16180 5325 4399 264618 26446 3891 17818 18416 238172 103512 3611 134660 58645 13804 30563 3354 15922 8030 10221 7266 1209 703
cat_boundaries=0 2 5 8 10 12 14 17 19 21 23 26 28 31 33
cat_threshold=2147483650 2148532736 1351160068 186782937 5 276824324 2098177 5 622068800 604004386 0 2098176 0 2098176 134258704 268698624 2 589824 134348800 0 2147483648 134250496 1024 563102724 102766667 13 67178752 671301776 1158218048 537085976 1 16 1024
is_linear=0
shrinkage=0.05


Tree=95
num_leaves=31
num_cat=13
split_feature=0 17 17 17 6 6 17 17 5 17 6 17 0 17 17 17 0 3 16 17 5 0 6 5 3 17 6 17 5 6
split_gain=39613.7 11304.9 7990.3 1073.12 1049.29 932.585 758.951 751.02 523.38 797.133 521.206 500.632 840.016 458.674 421.854 388.608 356.788 350.594 285.427 251.199 304.671 247.65 236.178 235.605 220.745 217.459 212.168 399.323 235.976 209.84
threshold=7.5000000000000009 0 1 2 11.500000000000002 12.500000000000002 3 4 23.750000000000004 5 19.500000000000004 6 11.500000000000002 7 8 9 47.500000000000007 17.500000000000004 29.839925000000004 10 21.250000000000004 97.500000000000014 21.500000000000004 8.7500000000000018 14.000000000000002 11 11.500000000000002 12 16.250000000000004 11.500000000000002
decision_type=2 9 9 9 2 2 9 9 2 9 2 9 2 9 9 9 2 2 2 9 2 2 2 2 2 9 2 9 2 2
left_child=2 14 3 4 7 13 10 -1 9 18 -4 12 24 23 17 -14 19 29 -6 20 -13 -17 -7 -5 26 -18 27 -3 -29 -2
right_child=1 11 6 5 8 22 -8 -9 -10 -11 -12 16 15 -15 -16 21 25 -19 -20 -21 -22 -23 -24 -25 -26 -27 -28 28 -30 -31
leaf_value=-0.0028944400554793861 -0.0012911000334488777 0.00020001580496860073 -0.0057385710865364373 -0.0027362697588022566 0.00019532918412372703 -0.033458763627783751 -0.0057385710865364373 1.6020534516103524e-05 -0.019862174625303864 -0.024915251636281346 -0.0071886057151325129 -0.00017800161027441421 -0.001900075280755953 0.00042600711664610993 0.00017382056052115403 0.0014982187458516096 0.12438497881402882 -0.0031679233982174538 0.00014734371817506366 -0.00013288022651103404 -0.01230099913302265 0.63307956282774713 -0.0055304654032099169 3.8055180762874843e-05 -0.0031998262897961816 0.016182778440806799 0.00052099345827887338 0.00079721577652209781 -0.00032330781783844746 8.9378918539484434e-05
leaf_weight=2242 89 506 11017 1214 754 4252 51854 1631 926 1045 6088 25861 2494 1951 14207 14663 10323 393 2600 172089 15050 1259 2206 1042 764 14849 6057 162 541 3129
leaf_count=2242 89 506 11017 1214 754 4252 51854 1631 926 1045 6088 25861 2494 1951 14207 14663 10323 393 2600 172089 15050 1259 2206 1042 764 14849 6057 162 541 3129
internal_value=-0.00638613 0.00277302 -0.0355103 -0.00755045 0.00496308 -0.0183372 -0.0435565 -0.0148335 0.0193709 0.0265629 -0.0343295 0.000176474 0.00670169 -3.56549e-05 0.0413114 0.000819939 -0.00054832 0.0258078 0.0383769 -0.00121362 -0.00473473 0.00369696 -0.030288 -0.0153575 0.0201993 0.00508104 0.0228874 0.00376344 -0.020547 0.0313238
internal_weight=371258 282436 88822 19863 9198 10665 68959 3873 5325 4399 17105 264618 26446 4207 17818 18416 238172 3611 3354 213000 40911 15922 6458 2256 8030 25172 7266 1209 703 3218
internal_count=371258 282436 88822 19863 9198 10665 68959 3873 5325 4399 17105 264618 26446 4207 17818 18416 238172 3611 3354 213000 40911 15922 6458 2256 8030 25172 7266 1209 703 3218
cat_boundaries=0 2 5 8 10 12 14 17 19 21 23 25 28 30
cat_threshold=2147483650 2148532736 1352209668 186782937 5 276824324 2098177 5 621019200 604069922 0 2098176 0 2098176 134258704 268698624 2 1638400 134348800 0 2147483648 134250496 1024 302252032 554254592 1351090432 213000 5 16 1024
is_linear=0
shrinkage=0.05


Tree=96
num_leaves=31
num_cat=13
split_feature=0 17 17 17 6 6 17 17 5 17 6 17 0 17 17 17 0 0 16 5 17 17 5 0 6 5 8 17 0 6
split_gain=39640 11323.8 7990.3 1073.12 1049.29 932.585 758.951 751.02 523.38 797.133 521.206 493.811 844.258 458.674 411.973 386.539 341.774 324.4 285.427 259.614 251.408 243.653 294.897 243.438 236.178 235.605 225.758 243.687 298.653 265.024
threshold=7.5000000000000009 0 1 2 11.500000000000002 12.500000000000002 3 4 23.750000000000004 5 19.500000000000004 6 11.500000000000002 7 8 9 52.500000000000007 17.500000000000004 29.839925000000004 18.750000000000004 10 11 21.250000000000004 97.500000000000014 21.500000000000004 8.7500000000000018 23.500000000000004 12 14.000000000000002 20.500000000000004
decision_type=2 9 9 9 2 2 9 9 2 9 2 9 2 9 9 9 2 2 2 2 9 9 2 2 2 2 2 9 2 2
left_child=2 14 3 4 7 13 10 -1 9 18 -4 12 -3 25 17 -14 21 -2 -6 -19 -18 22 -13 -17 -7 -5 -23 28 -28 -29
right_child=1 11 6 5 8 24 -8 -9 -10 -11 -12 16 15 -15 -16 23 20 19 -20 -21 -22 26 -24 -25 -26 -27 27 29 -30 -31
leaf_value=-0.0027497180527054077 8.4909972612479131e-05 0.00038149375152016777 -0.0054516425322096223 -0.0025994562708621331 0.00018556272491752069 -0.031785825446394571 -0.0054516425322096223 1.5219507790309451e-05 -0.018869065894038653 -0.023669489054467266 -0.0068291754293758888 -0.0001691015297606846 -0.0018050715167181154 0.00040470676081381111 0.00016512953249510077 0.0014233078085590378 0.17630654105042468 0.012448142569927434 0.00013997653226631714 -0.0030095272283066524 0.042931202437517871 0.0011349754588387384 -0.011796205573445295 0.60142558468635987 -0.0052539421330494388 3.6152421724722217e-05 -0.0051455057532664222 -4.0875402766360483e-05 -0.00095987426709029941 0.00038095853193311771
leaf_weight=2242 3169 8030 11017 1214 754 4252 51854 1631 926 1045 6088 26419 2494 1951 14207 14663 4615 132 2600 310 12564 59233 15758 1259 2206 1042 8688 49925 55428 5542
leaf_count=2242 3169 8030 11017 1214 754 4252 51854 1631 926 1045 6088 26419 2494 1951 14207 14663 4615 132 2600 310 12564 59233 15758 1259 2206 1042 8688 49925 55428 5542
internal_value=-0.00637643 0.00278576 -0.0355103 -0.00755045 0.00496308 -0.0183372 -0.0435565 -0.0148335 0.0193709 0.0265629 -0.0343295 0.000187055 0.00666767 -3.56549e-05 0.0413563 0.000771069 -0.000532786 0.0260287 0.0383769 -0.0140271 0.00626055 -0.00106089 -0.00447887 0.00364047 -0.030288 -0.0153575 -0.000254437 -0.00150481 -0.00360384 0.000922004
internal_weight=371258 282436 88822 19863 9198 10665 68959 3873 5325 4399 17105 264618 26446 4207 17818 18416 238172 3611 3354 442 17179 220993 42177 15922 6458 2256 178816 119583 64116 55467
internal_count=371258 282436 88822 19863 9198 10665 68959 3873 5325 4399 17105 264618 26446 4207 17818 18416 238172 3611 3354 442 17179 220993 42177 15922 6458 2256 178816 119583 64116 55467
cat_boundaries=0 2 5 8 10 12 14 17 19 21 23 26 28 31
cat_threshold=2147483650 2148532736 1352209668 186782937 5 276824324 2098177 5 621019200 604069922 0 2098176 0 2098176 134258704 268698624 2 1638400 134348800 0 2147483648 134250496 1024 276824064 33636352 4 302252032 554254592 76091716 134361112 5
is_linear=0
shrinkage=0.05


Tree=97
num_leaves=31
num_cat=13
split_feature=0 17 17 17 6 17 6 17 17 0 17 0 17 6 17 17 5 0 16 17 5 17 3 0 6 17 5 5 6 12
split_gain=38958.1 11210.7 8604.77 1033.71 656.95 927.007 647.927 508.657 458.133 873.771 457.324 450.262 410.166 408.034 1306.27 490.971 804.115 310.729 279.163 239.233 265.28 237.635 220.745 214.975 212.168 399.323 235.976 210.575 209.21 208.511
threshold=7.5000000000000009 0 1 2 21.500000000000004 3 19.500000000000004 4 5 11.500000000000002 6 17.500000000000004 7 11.500000000000002 8 9 23.750000000000004 52.500000000000007 29.839925000000004 10 21.250000000000004 11 14.000000000000002 102.50000000000001 11.500000000000002 12 16.250000000000004 16.250000000000004 11.500000000000002 63.500000000000007
decision_type=2 9 9 9 2 9 2 9 9 2 9 2 9 2 9 9 2 2 2 9 2 9 2 2 2 9 2 2 2 2
left_child=2 10 4 6 7 -6 27 -1 9 22 11 28 23 14 -9 16 18 19 -15 20 -10 -19 24 -11 25 -3 -27 -4 -2 -21
right_child=1 8 3 -5 5 -7 -8 13 17 12 -12 -13 -14 15 -16 -17 -18 21 -20 29 -22 -23 -24 -25 -26 26 -28 -29 -30 -31
leaf_value=-0.031447238441238888 -0.0012307905304070666 0.00017094032714410902 -0.0079716713090795203 -0.0051790604055991455 0.031506494857521619 -0.0049912450263969628 -0.0076209661300111536 -0.0026122321500701598 -0.00016064645327267259 0.031957147850194899 0.0001568730558703102 -0.0028590508668912664 -0.001714817940882174 0.0001762845886716491 0.00038447142277311388 -0.00048145055310908628 -0.017925612599336737 0.16749121399790357 0.00013297770565299239 -3.4781885048928986e-05 -0.013038833859159916 0.04078464231564212 -0.0030589096628824033 0.57702881699339625 0.00047586909778889468 0.00073828030011995342 -0.00032621711452254234 -0.0048625169829273679 8.0664473981872941e-05 -0.072352037602299649
leaf_weight=3763 88 506 8981 53909 349 2176 6301 2242 23069 13128 14207 442 4191 720 2967 2165 895 4615 2285 183583 13198 12564 764 1097 6057 162 541 2069 3081 1143
leaf_count=3763 88 506 8981 53909 349 2176 6301 2242 23069 13128 14207 442 4191 720 2967 2165 895 4615 2285 183583 13198 12564 764 1097 6057 162 541 2069 3081 1143
internal_value=-0.00630613 0.00277691 -0.0351884 -0.0429115 -0.00382427 -0.0274257 -0.0322188 0.00013633 0.000191212 0.00643332 0.0411544 0.0250345 0.000434405 0.00545019 -0.00480898 0.0142704 0.0248338 -0.000502137 0.0372879 -0.00100569 -0.00471787 0.00597532 0.0201993 0.00448542 0.0228874 0.00376344 -0.020547 -0.0249412 0.0316977 -0.000276611
internal_weight=371258 282436 88822 71260 17562 2525 17351 15037 264618 26446 17818 3611 18416 11274 5209 6065 3900 238172 3005 220993 36267 17179 8030 14225 7266 1209 703 11050 3169 184726
internal_count=371258 282436 88822 71260 17562 2525 17351 15037 264618 26446 17818 3611 18416 11274 5209 6065 3900 238172 3005 220993 36267 17179 8030 14225 7266 1209 703 11050 3169 184726
cat_boundaries=0 2 5 7 9 11 14 16 18 20 22 24 27 29
cat_threshold=2147483650 2148532736 1351160068 186651865 5 622068800 604135458 0 1024 1074331648 150994960 134258704 268698624 2 0 2147483648 8192 262144 0 2098176 0 2098176 301989888 554254592 276824064 33636352 4 16 1024
is_linear=0
shrinkage=0.05


Tree=98
num_leaves=31
num_cat=13
split_feature=0 17 17 17 17 6 17 0 17 0 6 6 17 17 5 17 6 0 16 0 17 17 5 5 3 6 17 17 6 5
split_gain=38901.7 11206.3 8659.68 868.346 785.924 564.215 457.324 450.262 444.312 847.072 443.195 426.206 1151.71 1015.44 860.92 372.663 305.121 293.02 285.427 234.57 233.213 228.34 246.188 223.116 215.614 250.475 447.325 212.595 209.21 200.202
threshold=7.5000000000000009 0 1 2 3 19.500000000000004 4 17.500000000000004 5 11.500000000000002 21.500000000000004 11.500000000000002 6 7 23.750000000000004 8 21.500000000000004 52.500000000000007 29.839925000000004 102.50000000000001 9 10 21.250000000000004 16.250000000000004 14.000000000000002 11.500000000000002 11 12 11.500000000000002 23.750000000000004
decision_type=2 9 9 9 9 2 9 2 9 2 2 2 9 9 2 9 2 2 2 2 9 9 2 2 2 2 9 9 2 2
left_child=2 6 3 11 5 23 7 28 9 24 -5 13 14 -1 18 29 -14 21 -13 -17 -19 22 -10 -4 25 26 -3 -24 -2 -11
right_child=1 8 4 10 -6 -7 -8 -9 17 15 -12 12 16 -15 -16 19 -18 20 -20 -21 -22 -23 27 -25 -26 -27 -28 -29 -30 -31
leaf_value=-0.0024816205425666651 -0.0011692510038867176 0.00016239331078686804 -0.0070405956675917208 -0.0091005558286979312 -0.0049201073853192062 -0.0081423939078364878 0.00014902940307681689 -0.0027160983235466674 -0.00015261413060905227 0.035563365608119034 -0.0064725750784228268 0.00016747035923807553 -0.0004573780254536253 0.00036524785163445373 -0.017029331969369909 0.0014378833151752703 -0.0037103438552215096 0.15911665329800828 0.0001263288203703361 0.54817737614372675 0.038745410199859977 -9.3280929934635998e-05 -0.00097083310868271164 -0.0046193911337809816 -0.0029059641797382521 0.00045207564289944106 -0.0002311839414797845 -0.014631188500908721 7.6631250282765967e-05 -0.0018547969663569753
leaf_weight=2242 88 506 7616 6295 53909 5675 14207 442 23069 567 1449 754 1802 2607 895 14825 1094 4615 2600 1097 12564 184726 4031 1884 764 6057 703 9167 3081 1927
leaf_count=2242 88 506 7616 6295 53909 5675 14207 442 23069 567 1449 754 1802 2607 895 14825 1094 4615 2600 1097 12564 184726 4031 1884 764 6057 703 9167 3081 1927
internal_value=-0.00629212 0.00278435 -0.0351535 -0.00592971 -0.0434958 -0.0333454 0.0411544 0.0250345 0.000199147 0.00634639 -0.0189709 0.00249917 0.0102659 -0.00893999 0.0268021 0.000439835 -0.0140399 -0.000483664 0.0384914 0.00325759 0.00580651 -0.000972655 -0.00459933 -0.0259158 0.0199004 0.0225571 0.00177833 -0.010047 0.0316977 -0.017492
internal_weight=371258 282436 88822 19738 69084 15175 17818 3611 264618 26446 7744 11994 7145 4849 4249 18416 2896 238172 3354 15922 17179 220993 36267 9500 8030 7266 1209 13198 3169 2494
internal_count=371258 282436 88822 19738 69084 15175 17818 3611 264618 26446 7744 11994 7145 4849 4249 18416 2896 238172 3354 15922 17179 220993 36267 9500 8030 7266 1209 13198 3169 2494
cat_boundaries=0 2 5 8 10 12 15 17 19 21 24 26 28 30
cat_threshold=2147483650 2148532736 1352208644 186782937 5 268960004 35656705 5 621020224 604004386 0 2147483648 134258704 268698624 2 0 2098176 0 2098176 134250496 1024 276824064 33636352 4 301989888 554254592 16 1024 268435456 536870912
is_linear=0
shrinkage=0.05


Tree=99
num_leaves=31
num_cat=16
split_feature=0 17 17 17 6 17 6 17 17 0 0 6 17 17 5 17 0 17 17 5 17 16 6 17 0 3 17 5 17 17
split_gain=38076.6 11269.1 9308.17 921.057 871.042 959.651 573.388 485.402 457.324 450.262 352.524 333.863 1408.15 483.337 804.115 284.148 525.922 592.262 341.835 281.336 468.943 279.163 256.885 815.578 468.598 387.543 326.553 504.021 278.55 262.089
threshold=7.5000000000000009 0 1 2 21.500000000000004 3 19.500000000000004 4 5 17.500000000000004 57.500000000000007 11.500000000000002 6 7 23.750000000000004 8 14.000000000000002 9 10 6.2500000000000009 11 29.839925000000004 19.500000000000004 12 17.500000000000004 14.000000000000002 13 21.250000000000004 14 15
decision_type=2 9 9 9 2 9 2 9 9 2 2 2 9 9 2 9 2 9 9 2 9 2 2 9 2 2 9 2 9 9
left_child=2 8 4 6 7 -6 -4 -1 9 -2 15 12 -9 14 21 16 17 -3 -18 20 -14 -13 24 -24 26 -25 -17 28 -28 -26
right_child=1 10 3 -5 5 -7 -8 11 -10 -11 -12 13 19 -15 -16 22 18 -19 -20 -21 -22 -23 23 25 29 -27 27 -29 -30 -31
leaf_value=-0.035819465600821013 7.2799687768654317e-05 6.8955950577986875e-06 -0.0066885658842121389 -0.0046741020160532276 0.029924853673627006 -0.0044180540211559817 -0.0084907206889809576 -0.0023575395154383119 0.00014157793292302046 -0.0025802934073693609 0.10954065764475658 0.00015909684127617398 -0.14883863447971887 -0.00013121306954846367 -0.016177865370901403 -0.008348459827896627 -0.0017620571180390955 0.00042947186075448229 0.00044264292458233716 0.050928255580131233 0.00045026275269703935 0.00012001237935184151 -0.004427406165343495 0.00088136121465485226 -0.0073335226329525943 0.0022399293009032206 -0.00087662889881210413 -0.019553249748713687 0.001155929707033998 0.00022234564429979287
leaf_weight=3774 3169 8264 10329 53909 349 2411 6017 2242 14207 442 17763 720 712 2236 895 22185 6237 8644 64886 1616 1327 2285 12475 3961 19954 6907 10500 4907 6138 71797
leaf_count=3774 3169 8264 10329 53909 349 2411 6017 2242 14207 442 17763 720 712 2236 895 22185 6237 8644 64886 1616 1327 2285 12475 3961 19954 6907 10500 4907 6138 71797
internal_value=-0.00630263 0.00267707 -0.0348562 -0.0431744 -0.0033563 -0.0292754 -0.0326914 0.0011672 0.0411544 0.0250345 8.46471e-05 0.00607407 -0.00241648 0.0142438 0.0248338 -0.000404894 0.00187356 0.00980009 -1.05451e-05 0.0167121 0.0291074 0.0372879 -0.00166778 0.00317654 -0.00250256 0.0131826 -0.00676195 -0.002373 0.00177906 -0.000472474
internal_weight=371258 282436 88822 70255 18567 2760 16346 15807 17818 3611 264618 12033 5897 6136 3900 246855 88031 16908 71123 3655 2039 3005 158824 23343 135481 10868 43730 21545 16638 91751
internal_count=371258 282436 88822 70255 18567 2760 16346 15807 17818 3611 264618 12033 5897 6136 3900 246855 88031 16908 71123 3655 2039 3005 158824 23343 135481 10868 43730 21545 16638 91751
cat_boundaries=0 2 5 7 9 11 13 15 17 20 23 26 29 32 34 36 38
cat_threshold=2147483650 2148532736 1352208644 186651865 5 621020224 604135458 0 1024 1074855936 150994960 0 2147483648 0 2098176 0 2098176 687928336 436472899 11 536888320 436207683 1 151027728 268436480 2 268435712 9 5 100729092 537092248 4 1342701824 620888496 75759680 28680 303038464 17383424
is_linear=0
shrinkage=0.05


Tree=100
num_leaves=31
num_cat=15
split_feature=0 17 17 17 6 17 6 17 0 17 17 0 5 17 17 0 17 6 17 0 14 17 17 5 6 5 6 17 17 5
split_gain=38312.4 11131 9579.76 921.057 910.21 959.651 573.388 457.324 450.262 418.889 304.567 643.323 363.302 484.69 351.503 318.431 299.808 476.232 289.347 247.351 221.31 232.696 221.202 220.347 209.21 208.988 313.315 1500.09 1131.63 291.608
threshold=7.5000000000000009 0 1 2 21.500000000000004 3 19.500000000000004 4 17.500000000000004 5 6 14.000000000000002 16.250000000000004 7 8 22.500000000000004 9 19.500000000000004 10 112.50000000000001 200.13892500000003 11 12 16.250000000000004 11.500000000000002 23.750000000000004 11.500000000000002 13 14 6.2500000000000009
decision_type=2 9 9 9 2 9 2 9 2 9 9 2 2 9 9 2 9 2 9 2 2 9 9 2 2 2 2 9 9 2
left_child=2 7 4 6 9 -6 23 8 24 -1 11 12 16 -14 -13 18 -3 -18 -12 -16 22 -22 -17 -4 -2 26 27 -11 -28 -29
right_child=1 10 3 -5 5 -7 -8 -9 -10 25 15 14 13 -15 19 20 17 -19 -20 -21 21 -23 -24 -25 -26 -27 28 29 -30 -31
leaf_value=-0.041728267606711535 -0.0011144284380807613 0.00040799826771671378 -0.0068866296660353493 -0.0044403969152505777 0.028428610989945646 -0.0041971513200981915 -0.0080661846545319275 0.00013449903627691385 -0.0024512787370008838 -0.0022396625396663874 4.3631283038347848e-05 -0.001448234339618182 0.00041251944610376512 -1.4254689906412211e-05 0.00015264701817638838 0.058979971398236589 1.1573783049012577e-05 0.0028269271392135312 -0.0013843470793158731 0.67637029987459274 0.033810880422171861 -0.0074527282588636723 0.015935907063532897 -0.0040539932828813187 6.9159703380261567e-05 -0.015368972102356349 0.00011401176038425831 0.00042774961506220066 -0.00042794847070353197 0.035620500092949127
leaf_weight=3004 88 2592 8378 53909 349 2411 6017 14207 442 2096 34879 2494 4308 4890 47984 2862 2948 1829 49226 856 23343 50955 35452 1951 3081 1114 3005 2178 2666 1744
leaf_count=3004 88 2592 8378 53909 349 2411 6017 14207 442 2096 34879 2494 4308 4890 47984 2862 2948 1829 49226 856 23343 50955 35452 1951 3081 1114 3005 2178 2666 1744
internal_value=-0.00609388 0.00291358 -0.0347358 -0.0431744 -0.00278032 -0.0292754 -0.0326914 0.0411544 0.0250345 0.00184412 0.000337077 0.00322407 0.0117915 0.00516417 0.000459734 -0.000659543 0.0200638 0.0125444 -0.00298734 0.00139611 0.00107893 -0.0005128 0.00416558 -0.0255639 0.0316977 0.00578709 0.00776371 -0.000182785 0.0161964 0.018057
internal_weight=371258 282436 88822 70255 18567 2760 16346 17818 3611 15807 264618 67901 16567 9198 51334 196717 7369 4777 84105 48840 112612 74298 38314 10329 3169 12803 11689 6018 5671 3922
internal_count=371258 282436 88822 70255 18567 2760 16346 17818 3611 15807 264618 67901 16567 9198 51334 196717 7369 4777 84105 48840 112612 74298 38314 10329 3169 12803 11689 6018 5671 3922
cat_boundaries=0 2 5 7 9 11 13 16 19 21 23 26 28 30 32 34
cat_threshold=2147483650 2148532736 1352208644 186651865 5 621020224 604135458 0 1024 0 2147483648 1073807360 150994960 672178192 268700994 10 134250512 1024 10 134250496 1024 134217744 268436736 25445380 102780937 5 336085248 139400 1073741888 33554464 0 2098176 0 2098176
is_linear=0
shrinkage=0.05


Tree=101
num_leaves=31
num_cat=13
split_feature=0 17 17 6 17 17 6 17 0 17 5 17 5 17 5 0 3 6 17 4 17 5 5 6 17 17 5 17 16 6
split_gain=37604.2 10845.7 9829.34 946.461 959.651 921.057 573.388 440.944 1333.97 695.784 522.364 451.028 308.45 303.617 272.286 234.34 224.067 257.624 247.957 223.654 304.386 220.347 207.817 318.653 1510.26 1118.61 310.324 444.938 279.163 206.547
threshold=7.5000000000000009 0 1 21.500000000000004 2 3 19.500000000000004 4 11.500000000000002 5 16.250000000000004 6 23.750000000000004 7 36.250000000000007 102.50000000000001 14.000000000000002 11.500000000000002 8 1.0000000180025095e-35 9 16.250000000000004 23.750000000000004 11.500000000000002 10 11 6.2500000000000009 12 29.839925000000004 19.500000000000004
decision_type=2 9 9 2 9 9 2 9 2 9 2 9 2 9 2 2 2 2 9 2 9 2 2 2 9 9 2 9 2 2
left_child=2 -2 3 13 -5 6 21 8 10 12 -3 -12 -10 -1 19 -11 17 18 -13 -9 -21 -4 23 24 -15 28 27 -26 -25 -19
right_child=1 7 5 4 -6 -7 -8 14 9 15 11 16 -14 22 -16 -17 -18 29 -20 20 -22 -23 -24 25 26 -27 -28 -29 -30 -31
leaf_value=-0.039641854226375943 0.00012777408446309479 0.00042642930181751031 -0.006542298182733575 0.027007180440448364 -0.0039872937540932794 -0.0042183770694880444 -0.0076628754218053263 -0.00057519310029405799 0.0044340734744290344 0.00096766536789685278 -1.3541955411078278e-05 0.00025094748321041749 -0.0013758226226372905 -0.0021276794126830812 0.11372045445738835 0.49088131346929348 -0.010551549588095989 6.5701718211208523e-05 -0.0010587070161767187 -0.0009260159529095092 0.034728230408151366 -0.0038512936187372394 -0.014600523497238527 0.0001454414111931257 -0.13085711281592105 -0.00040655104716833538 0.032223187740589319 0.00040636213430911283 0.00010831117236502763 -0.010034903206753754
leaf_weight=3128 14207 3809 8378 349 2411 53909 6017 187760 856 16409 3351 219 2732 2096 5088 1097 541 4366 337 16516 24839 1951 1114 720 696 2613 1740 1415 2285 309
leaf_count=3128 14207 3809 8378 349 2411 53909 6017 187760 856 16409 3351 219 2732 2096 5088 1097 541 4366 337 16516 24839 1951 1114 720 696 2613 1740 1415 2285 309
internal_value=-0.00625064 0.00267317 -0.0346266 -0.00225817 -0.0292754 -0.0431744 -0.0326914 0.000417352 0.0057351 -0.00201479 0.0183808 0.0118875 -0.02204 0.00245777 -0.000355446 0.00210094 0.020339 0.0235423 -0.00863309 -0.000609519 0.00271914 -0.0255639 0.00589881 0.00789019 -0.00017656 0.0164293 0.018402 0.0313359 0.0371642 0.027369
internal_weight=371258 282436 88822 18567 2760 70255 16346 268229 34026 21094 12932 9123 3588 15807 234203 17506 5772 5231 556 229115 41355 10329 12679 11565 5947 5618 3851 2111 3005 4675
internal_count=371258 282436 88822 18567 2760 70255 16346 268229 34026 21094 12932 9123 3588 15807 234203 17506 5772 5231 556 229115 41355 10329 12679 11565 5947 5618 3851 2111 3005 4675
cat_boundaries=0 2 5 7 9 12 14 16 19 21 23 25 27 30
cat_threshold=2147483650 1049088 1352208644 186651865 5 0 1024 621020224 604135458 134258704 2416182528 2 134250496 2147484672 0 268435712 1073807360 150994960 4 16 1024 580653060 656937138 0 2098176 0 2098176 268435716 9 1
is_linear=0
shrinkage=0.05


Tree=102
num_leaves=31
num_cat=14
split_feature=0 17 17 6 17 17 6 17 0 17 17 0 17 5 17 3 8 17 6 17 17 5 16 0 5 6 17 6 17 14
split_gain=38258.9 11196.2 9319.06 943.252 972.923 881.2 537.241 457.324 450.262 402.727 315.325 511.304 446.397 583.226 352.325 333.528 314.427 326.411 298.575 1476.34 556.142 804.115 279.163 233.089 230.932 209.21 206.246 204.497 459.19 183.949
threshold=7.5000000000000009 0 1 21.500000000000004 2 3 19.500000000000004 4 17.500000000000004 5 6 14.000000000000002 7 16.250000000000004 8 14.000000000000002 23.500000000000004 9 11.500000000000002 10 11 23.750000000000004 29.839925000000004 122.50000000000001 16.250000000000004 11.500000000000002 12 11.500000000000002 13 169.88040833333338
decision_type=2 9 9 2 9 9 2 9 2 9 9 2 9 2 9 2 2 9 2 9 9 2 2 2 2 2 9 2 9 2
left_child=2 7 3 9 -5 6 24 8 25 -1 11 12 27 15 -13 -14 17 -12 19 -11 21 22 -20 -16 -4 -2 -19 28 -3 -18
right_child=1 10 5 4 -6 -7 -8 -9 -10 18 16 14 13 -15 23 -17 29 26 20 -21 -22 -23 -24 -25 -26 -27 -28 -29 -30 -31
leaf_value=-0.024543890332329135 -0.0010057716653678384 9.1078673733147042e-05 -0.0062151832735969142 0.025656821418425936 -0.0037879290663886071 -0.0040074582160136265 -0.0072797316507150715 0.00012138538023993562 -0.002259923669018882 -0.0020212954420489207 0.025261842849756813 -0.0013070314915053949 0.00097271761743789042 -0.00021857969189280625 0.0001762132265274552 -0.0044202624017104951 0.0001687871685550846 -0.011901034154821667 0.00013816934063348718 0.00038604402759365722 -0.00038622349480990084 -0.013870497322376619 0.00010289561374676737 1.3736822307487531 -0.0036587289378003708 6.2416632300621441e-05 -0.0011819243631349787 0.00036627688923998038 -0.0012921621570258779 -0.0023692008114656105
leaf_weight=4657 88 571 8127 349 2547 53909 5798 14207 442 2242 35274 2494 4881 6439 55021 1033 33058 340 720 3111 2231 895 2285 461 1951 3081 31436 5862 857 86891
leaf_count=4657 88 571 8127 349 2547 53909 5798 14207 442 2242 35274 2494 4881 6439 55021 1033 33058 340 720 3111 2231 895 2285 461 1951 3081 31436 5862 857 86891
internal_value=-0.00619946 0.0028017 -0.0348213 -0.0037985 -0.030076 -0.0432775 -0.0328339 0.0411544 0.0250345 0.000913822 0.000217664 0.00289647 0.00986866 0.00406455 0.000534704 0.0154041 -0.000894342 0.00184787 0.00594223 -0.00268074 0.0134807 0.0248338 0.0372879 0.00136236 -0.0258782 0.0316977 -0.00182785 0.0196712 0.00273109 -0.00242728
internal_weight=371258 282436 88822 19037 2896 69785 15876 17818 3611 16141 264618 77619 19643 12353 57976 5914 186999 67050 11484 5353 6131 3900 3005 55482 10078 3169 31776 7290 1428 119949
internal_count=371258 282436 88822 19037 2896 69785 15876 17818 3611 16141 264618 77619 19643 12353 57976 5914 186999 67050 11484 5353 6131 3900 3005 55482 10078 3169 31776 7290 1428 119949
cat_boundaries=0 2 5 7 9 11 14 17 20 22 25 27 29 30 32
cat_threshold=2147483650 2148532736 1352208644 186651897 5 0 1024 621020224 604135426 0 2147483648 1075380224 150994960 4 672178192 304352578 10 134250512 1024 10 134250496 1024 277418052 134361144 5 0 2098176 0 2098176 33554432 16 1024
is_linear=0
shrinkage=0.05


Tree=103
num_leaves=31
num_cat=12
split_feature=0 17 17 6 17 17 17 6 17 0 17 0 17 5 0 17 6 3 17 3 6 17 5 0 17 3 5 6 5 6
split_gain=36898.9 11276.8 10159 1022.54 985.314 747.287 566.254 489.237 457.324 450.262 320.098 504.685 519.04 404.749 352.974 351.043 829.163 458.599 326.662 320.393 287.392 279.163 411.587 229.141 224.718 230.619 224.584 214.703 213.887 223.741
threshold=7.5000000000000009 0 1 21.500000000000004 2 3 4 19.500000000000004 5 17.500000000000004 6 14.000000000000002 7 16.250000000000004 14.000000000000002 8 19.500000000000004 14.000000000000002 9 14.000000000000002 10.500000000000002 10 16.250000000000004 122.50000000000001 11 14.000000000000002 16.250000000000004 12.500000000000002 23.750000000000004 11.500000000000002
decision_type=2 9 9 2 9 9 9 2 9 2 9 2 9 2 2 9 2 2 9 2 2 9 2 2 9 2 2 2 2 2
left_child=2 8 3 6 -5 7 -1 26 9 -2 11 12 -3 19 15 27 20 -18 -13 -14 -17 -22 24 -20 -23 -26 -4 -12 29 -8
right_child=1 10 5 4 -6 -7 28 -9 -10 -11 14 18 13 -15 -16 16 17 -19 23 -21 21 22 -24 -25 25 -27 -28 -29 -30 -31
leaf_value=-0.036370680215075613 5.9295800685621464e-05 0.00034796304477797692 -0.0059044241099170504 0.024373980347504622 -0.0035985326130691941 -0.0038070853052129651 0.00021706737532469769 -0.0069157450681793355 0.00011531611122794772 -0.002146927485567929 -0.079419919800231054 -0.0014673998394490796 0.00092408173656597379 -0.00020765070729815706 -0.00022799140892946213 0.0075465993678959457 0.0010914310498212566 -0.0029854435189879958 0.00032005318628822724 -0.0041992492816249616 -0.031667466189187365 -0.036249721324369502 -0.0038970947017141102 1.3021608634406381 0.0042391701097408861 -0.0035685469112087809 -0.0034757924909103455 -0.011978488889215112 -0.013176972456257775 9.7750833059429007e-05
leaf_weight=4842 3169 8335 7052 349 2650 53909 6162 5365 14207 442 1801 7607 5778 7366 120815 2298 2676 1270 90826 1303 3605 857 3795 462 1412 345 1642 4067 1114 5737
leaf_count=4842 3169 8335 7052 349 2650 53909 6162 5365 14207 442 1801 7607 5778 7366 120815 2298 2676 1270 90826 1303 3605 857 3795 462 1412 345 1642 4067 1114 5737
internal_value=-0.00617576 0.00266397 -0.0342843 -0.00374329 -0.0307603 -0.0436479 0.000792495 -0.0332753 0.0411544 0.0250345 7.06652e-05 0.00195543 0.00866474 0.00292246 -0.00153374 -0.00733978 -0.00354684 0.0163964 0.000410031 0.0114602 -0.00994152 -0.013601 -0.00729864 0.0012399 0.00795715 0.0181381 -0.0259719 -0.0178122 0.0062236 0.00818976
internal_weight=371258 282436 88822 20854 2999 67968 17855 14059 17818 3611 264618 121677 22782 14447 142941 22126 16258 3946 98895 7081 12312 10014 6409 91288 2614 1757 8694 5868 13013 11899
internal_count=371258 282436 88822 20854 2999 67968 17855 14059 17818 3611 264618 121677 22782 14447 142941 22126 16258 3946 98895 7081 12312 10014 6409 91288 2614 1757 8694 5868 13013 11899
cat_boundaries=0 2 5 7 9 12 14 17 20 22 25 27 29
cat_threshold=2147483650 2148532736 1352470788 186651897 5 0 1024 620758080 604135426 1074069504 150994960 4 0 2147483648 621868048 304368970 11 16810000 17408 10 65792 671752209 16810000 268436736 2 1342177344 4128 524288 67108992
is_linear=0
shrinkage=0.05


Tree=104
num_leaves=31
num_cat=14
split_feature=0 17 17 6 17 17 6 17 17 0 17 0 14 3 17 6 17 0 5 17 17 5 6 17 17 5 17 16 6 0
split_gain=37401.5 11088.9 10399.9 1058.43 985.314 747.287 489.237 457.708 448.327 424.177 396.866 1005.99 369.417 362.641 327.209 290.528 357.68 238.22 224.584 220.442 219.019 213.887 223.741 1637.89 1214.97 322.609 465.952 279.163 209.21 202.175
threshold=7.5000000000000009 0 1 21.500000000000004 2 3 19.500000000000004 4 5 17.500000000000004 6 11.500000000000002 709.93887500000017 14.000000000000002 7 11.500000000000002 8 52.500000000000007 16.250000000000004 9 10 23.750000000000004 11.500000000000002 11 12 6.2500000000000009 13 29.839925000000004 11.500000000000002 127.50000000000001
decision_type=2 9 9 2 9 9 2 9 9 2 9 2 2 2 9 2 9 2 2 9 9 2 2 9 9 2 9 2 2 2
left_child=2 8 3 7 -5 6 18 12 9 28 11 13 -1 15 -13 16 -3 19 -4 -12 -19 22 23 -9 27 26 -25 -24 -2 -16
right_child=1 10 5 4 -6 -7 -8 21 -10 -11 17 14 -14 -15 29 -17 -18 20 -20 -21 -22 -23 24 25 -26 -27 -28 -29 -30 -31
leaf_value=-0.040253403510115415 -0.00095844787213374973 -0.00019726817193328473 -0.0056092029044211957 0.02315528133012941 -0.0034186059824157233 -0.0036167310399523259 -0.0065699578147703887 -0.0019310840387127383 0.00010955030566659474 -0.0020395811112894793 -0.0038422666079402038 -0.0011683099249577111 0.0020163496268176041 -0.0027383093982788157 0.0004976115870265474 0.00033056489253908695 6.912658780757753e-05 0.14755325687775597 -0.0033020028663648393 -2.2489757015087265e-05 0.031912478793903534 -0.012518123833444906 0.00012637333194884804 -0.12434441274527092 -0.00097097989141574641 0.044959502839301814 0.00072506671100094346 9.286329140647532e-05 5.633101065134483e-05 1.4992984300480039
leaf_weight=4256 88 702 7052 349 2650 53909 5365 2096 14207 442 37617 2494 586 1500 22485 7455 1033 4615 1642 173769 12564 1114 720 696 2732 1799 1571 2285 3081 384
leaf_count=4256 88 702 7052 349 2650 53909 5365 2096 14207 442 37617 2494 586 1500 22485 7455 1033 4615 1642 173769 12564 1114 720 696 2732 1799 1571 2285 3081 384
internal_value=-0.00587462 0.00302511 -0.034174 -0.00327358 -0.0307603 -0.0436479 -0.0332753 0.00134136 0.0411936 0.0252278 0.000453467 0.00532818 -0.0117683 0.0181946 -9.26547e-05 0.0219151 0.00348703 -0.000315651 -0.0259719 -0.000775832 0.00534664 0.0062236 0.00818976 0.00157416 0.0152955 0.0200687 0.0326643 0.0371642 0.0316977 0.00178548
internal_weight=371258 282436 88822 20854 2999 67968 14059 17855 17818 3611 264618 36053 4842 10690 25363 9190 1735 228565 8694 211386 17179 13013 11899 6162 5737 4066 2267 3005 3169 22869
internal_count=371258 282436 88822 20854 2999 67968 14059 17855 17818 3611 264618 36053 4842 10690 25363 9190 1735 228565 8694 211386 17179 13013 11899 6162 5737 4066 2267 3005 3169 22869
cat_boundaries=0 2 5 7 9 12 14 17 19 22 24 27 29 31 34
cat_threshold=2147483650 2148532736 1352470788 186651897 5 0 1024 620758080 604135426 1074069504 150994960 4 0 2147483648 134258704 268702752 2 134250496 1024 134250496 268435456 2 302514176 554254336 276824064 33636352 4 0 2098176 0 2098176 268435716 9 1
is_linear=0
shrinkage=0.05


Tree=105
num_leaves=31
num_cat=13
split_feature=0 17 17 6 17 17 6 17 17 14 17 0 17 17 0 6 3 0 6 17 6 17 17 5 5 17 16 5 5 16
split_gain=37113.9 11276.6 10451.9 1066.2 985.314 747.287 489.237 403.42 374.803 352.318 304.045 665.759 428.422 325.666 302.318 287.923 509.088 278.828 349.32 329.49 253.197 1524.27 546.866 804.115 337.863 451.041 279.163 245.8 243.848 250.956
threshold=7.5000000000000009 0 1 21.500000000000004 2 3 19.500000000000004 4 5 709.93887500000017 6 14.000000000000002 7 8 17.500000000000004 19.500000000000004 11.500000000000002 47.500000000000007 11.500000000000002 9 11.500000000000002 10 11 23.750000000000004 6.2500000000000009 12 29.839925000000004 18.750000000000004 16.250000000000004 20.301666666666673
decision_type=2 9 9 2 9 9 2 9 9 2 9 2 9 9 2 2 2 2 2 9 2 9 9 2 2 9 2 2 2 2
left_child=2 7 3 8 -5 6 -4 14 9 -1 11 12 28 -13 -2 16 -14 18 19 -12 21 -10 23 26 25 -23 -22 -16 29 -3
right_child=1 10 5 4 -6 -7 -8 -9 20 -11 17 13 15 -15 27 -17 -18 -19 -20 -21 22 24 -24 -25 -26 -27 -28 -29 -30 -31
leaf_value=-0.032715911375352034 5.3514460118808671e-05 -0.0010410067297097925 -0.004796250683166337 0.021997517263622958 -0.0032476756832949152 -0.0034358944879547162 -0.0062414599240318671 0.00010407279038329165 -0.0018345298367770991 0.0019155321454767283 0.021793853769211859 -0.00110989442870979 0.00031403664791209709 0.00016225582573152765 0.01245668944774412 0.00031403664791209709 -0.011900918243996906 0.058953190507252277 -0.0017096505808780194 -0.00034163002250071629 0.00012005466535138788 -0.11812719210800736 -0.00032325086715156992 -0.011892217641772663 0.04271152769733675 0.00031963512189765454 8.8220126836136014e-05 -0.0019376020557249519 -8.0815823079838374e-06 0.0010325987076951649
leaf_weight=4985 3169 1028 8694 349 2650 53909 5365 14207 2242 627 17545 2494 6031 53340 132 1625 1783 17580 134454 21565 720 696 2302 895 1671 1432 2285 310 4551 2622
leaf_count=4985 3169 1028 8694 349 2650 53909 5365 14207 2242 627 17545 2494 6031 53340 132 1625 1783 17580 134454 21565 720 696 2302 895 1671 1432 2285 310 4551 2622
internal_value=-0.00596001 0.00290544 -0.0341503 -0.00317293 -0.0307603 -0.0436479 -0.0332753 0.0413956 0.00145898 -0.00923159 0.000312136 0.00304556 0.0115136 0.000370742 0.026222 0.0187692 0.0148068 -0.000738671 -0.00134648 0.00281258 0.00636171 -0.000918722 0.0134634 0.0248338 0.0183644 0.0316259 0.0372879 -0.0124434 0.00313604 0.0127671
internal_weight=371258 282436 88822 20854 2999 67968 14059 17818 17855 5612 264618 73474 17640 55834 3611 9439 7814 191144 173564 39110 12243 6041 6202 3900 3799 2128 3005 442 8201 3650
internal_count=371258 282436 88822 20854 2999 67968 14059 17818 17855 5612 264618 73474 17640 55834 3611 9439 7814 191144 173564 39110 12243 6041 6202 3900 3799 2128 3005 442 8201 3650
cat_boundaries=0 2 5 7 9 11 14 17 19 21 24 26 28 31
cat_threshold=2147483650 2148532736 1352470788 186651897 5 0 1024 620758080 604135426 0 2147483648 1075118080 150994960 4 672178192 270801986 10 537919488 270532674 134250496 1024 1090606148 134300081 4 0 2098176 0 2098176 268435716 9 1
is_linear=0
shrinkage=0.05


Tree=106
num_leaves=31
num_cat=13
split_feature=0 17 17 6 17 17 6 17 0 17 0 3 17 17 5 5 17 17 17 0 6 5 17 6 3 6 0 17 0 6
split_gain=36531.6 11218.5 10872.4 1129.38 985.314 747.287 489.237 448.327 424.177 321.535 401.605 485.145 365.95 345.705 338.259 306.184 409.425 302.115 296.357 266.292 230.258 224.584 219.91 260.447 282.587 251.649 263.091 471.335 392.457 318.729
threshold=7.5000000000000009 0 1 21.500000000000004 2 3 19.500000000000004 4 17.500000000000004 5 11.500000000000002 14.000000000000002 6 7 16.250000000000004 23.750000000000004 8 9 10 42.500000000000007 11.500000000000002 16.250000000000004 11 18.500000000000004 14.000000000000002 11.500000000000002 11.500000000000002 12 14.000000000000002 19.500000000000004
decision_type=2 9 9 2 9 9 2 9 2 9 2 2 9 9 2 2 9 9 9 2 2 2 9 2 2 2 2 9 2 2
left_child=2 7 3 18 -5 6 21 8 -2 10 11 12 -3 -12 -14 17 -17 -16 -1 22 -18 -4 23 -11 -25 -24 27 -27 -28 -29
right_child=1 9 5 4 -6 -7 -8 -9 -10 19 13 -13 14 -15 15 16 20 -19 -20 -21 -22 -23 25 24 -26 26 28 29 -30 -31
leaf_value=-0.030903680460048478 5.0838737112890443e-05 0.00032066631416443063 -0.0050889302250418213 0.020897641400441813 -0.0030852918991301605 -0.0032640997635569936 -0.0059293869278302935 9.8869150864100419e-05 -0.001840721952938651 -0.0047718573227565567 -0.0010543997072742783 -0.0039361119932075361 0.00098096877231039774 0.00024692023632368889 0.012841710153327491 -0.031074819795479859 -0.00012756494881998039 -0.00068270048418410671 8.3809120494349196e-05 0.030695106300024477 1.3128002018714115e-05 -0.002897090188888285 0.0072683158092256232 0.00084627529216270154 -0.0072078972249805424 -0.014588917451782146 0.00018396410985621614 -0.018235375698450351 -0.00053538206985503933 0.00073349157092099664
leaf_weight=3898 3169 6639 7052 349 2650 53909 5365 14207 442 20501 2494 3537 4341 55001 323 568 158 1699 13957 32510 983 1642 29572 2139 4187 4068 1146 6629 84826 3297
leaf_count=3898 3169 6639 7052 349 2650 53909 5365 14207 442 20501 2494 3537 4341 55001 323 568 158 1699 13957 32510 983 1642 29572 2139 4187 4068 1146 6629 84826 3297
internal_value=-0.00599287 0.00280276 -0.0339612 -0.00236771 -0.0307603 -0.0436479 -0.0332753 0.0411936 0.0252278 0.000216152 0.0029682 0.00943117 0.0134287 0.000917471 0.00624845 -0.00478424 0.0107958 -0.0179525 0.00239989 -0.000887577 0.0279322 -0.0259719 -0.00174368 -0.00586317 0.00300348 -0.000890018 -0.00208871 -0.00844648 -0.00105383 -0.00255636
internal_weight=371258 282436 88822 20854 2999 67968 14059 17818 3611 264618 75743 18248 14711 57495 8072 3731 1709 2022 17855 188875 1141 8694 156365 26827 6326 129538 99966 13994 85972 9926
internal_count=371258 282436 88822 20854 2999 67968 14059 17818 3611 264618 75743 18248 14711 57495 8072 3731 1709 2022 17855 188875 1141 8694 156365 26827 6326 129538 99966 13994 85972 9926
cat_boundaries=0 2 5 7 9 11 14 17 19 21 23 26 28 31
cat_threshold=2147483650 2148532736 1352470788 186651897 5 0 1024 620758080 604135426 0 2147483648 672178192 304356450 2 134250512 5120 2 134250496 1024 537919488 2097152 0 2097152 1074855936 150994960 4 302514176 16859392 67175680 671752201 1
is_linear=0
shrinkage=0.05


Tree=107
num_leaves=31
num_cat=12
split_feature=0 17 17 6 17 17 6 17 0 17 0 17 17 15 5 5 6 14 17 12 3 6 17 5 17 6 0 17 5 0
split_gain=36616.5 11166.6 10976.2 1145.07 985.314 747.287 489.237 448.327 424.177 392.171 830.696 353.876 291.733 231.606 224.584 214.028 209.21 198.632 211.044 204.779 196.879 229.558 430.944 191.704 189.025 442.585 285.07 214.974 199.218 237.125
threshold=7.5000000000000009 0 1 21.500000000000004 2 3 19.500000000000004 4 17.500000000000004 5 11.500000000000002 6 7 25.000000000000004 16.250000000000004 36.250000000000007 11.500000000000002 789.88855833333344 8 63.500000000000007 14.000000000000002 11.500000000000002 9 23.750000000000004 10 17.500000000000004 22.500000000000004 11 23.750000000000004 32.500000000000007
decision_type=2 9 9 2 9 9 2 9 2 9 2 9 9 2 2 2 2 2 9 2 2 2 9 2 9 2 2 9 2 2
left_child=2 7 3 12 -5 6 14 8 16 10 20 -12 -1 15 -4 17 -2 19 -19 24 21 22 -3 -14 25 26 -11 28 -28 -30
right_child=1 9 5 4 -6 -7 -8 -9 -10 13 11 -13 23 -15 -16 -17 -18 18 -20 -21 -22 -23 -24 -25 -26 -27 27 -29 29 -31
leaf_value=-0.029420383220411097 -0.00091574313838869168 3.39351103133545e-05 -0.0048344837137897397 0.019852759330419724 -0.0029310273041736504 -0.0031008947753791375 -0.0056329175814387794 9.3925693320873199e-05 -0.0017486858552917539 -0.0033549844489815686 -0.00100167972191052 0.0021733088265769142 7.9618664469638392e-05 0.026576709204829643 -0.002752235679443871 0.092770980232636191 4.8296800257219276e-05 0.0010867919356788215 -8.7409462670073887e-05 -0.072606686692970879 -0.0024041842495891256 0.00028230149980821298 -0.00015286566001204704 -0.011301797215708743 -0.00020539791803244614 0.00080396152755453094 0.046516816942916074 -0.01084577091507697 -0.0208949492830941 0.10852494732937271
leaf_weight=3128 88 506 7052 349 2650 53909 5365 14207 442 16993 2494 18677 13570 8097 1642 5059 3081 5198 7846 1302 923 6405 753 1157 163491 12285 2887 7505 2215 1982
leaf_count=3128 88 506 7052 349 2650 53909 5365 14207 442 16993 2494 18677 13570 8097 1642 5059 3081 5198 7846 1302 923 6405 753 1157 163491 12285 2887 7505 2215 1982
internal_value=-0.00591422 0.00289163 -0.033915 -0.0021712 -0.0307603 -0.0436479 -0.0332753 0.0411936 0.0252278 0.000311003 0.00571755 0.000399131 0.00262952 -0.00037425 -0.0259719 -0.000670965 0.0316977 -0.000903006 0.0050828 -0.0012772 0.0188366 0.021464 0.00194599 0.0055744 -0.00115308 -0.00406705 -0.0072003 -0.00207348 0.00417254 -0.00277579
internal_weight=371258 282436 88822 20854 2999 67968 14059 17818 3611 264618 29758 21171 17855 234860 8694 226763 3169 221704 13044 208660 8587 7664 1259 14727 207358 43867 31582 14589 7084 4197
internal_count=371258 282436 88822 20854 2999 67968 14059 17818 3611 264618 29758 21171 17855 234860 8694 226763 3169 221704 13044 208660 8587 7664 1259 14727 207358 43867 31582 14589 7084 4197
cat_boundaries=0 2 5 7 9 11 14 16 19 22 24 26 28
cat_threshold=2147483650 2148532736 1352470788 186651897 5 0 1024 620758080 604135426 0 2147483648 134258704 268698656 2 134250496 1024 1073807360 150994960 4 1981285440 620800 8 16 1024 1376256064 554172672 1074266176 536870912
is_linear=0
shrinkage=0.05


Tree=108
num_leaves=31
num_cat=14
split_feature=0 17 17 6 17 17 6 17 0 3 5 5 17 17 17 6 6 0 17 6 17 17 17 5 17 0 17 0 5 5
split_gain=35666.7 11050 10963 1156.24 985.314 747.287 489.237 387.484 582.431 546.058 404.467 776.848 1215.65 537.1 346.508 334.761 298.435 265.155 386.903 383.736 528.637 370.467 260.492 224.584 222.955 238.076 219.574 192.701 191.704 187.527
threshold=7.5000000000000009 0 1 21.500000000000004 2 3 19.500000000000004 4 11.500000000000002 14.000000000000002 16.250000000000004 23.750000000000004 5 6 7 11.500000000000002 11.500000000000002 22.500000000000004 8 17.500000000000004 9 10 11 16.250000000000004 12 57.500000000000007 13 127.50000000000001 23.750000000000004 8.7500000000000018
decision_type=2 9 9 2 9 9 2 9 2 2 2 2 9 9 9 2 2 2 9 2 9 9 9 2 9 2 9 2 2 2
left_child=1 3 -2 22 -5 6 23 8 9 10 16 12 -12 15 -10 -13 29 18 -9 21 -21 -20 -1 -3 -19 -26 -18 -16 -24 -4
right_child=2 5 7 4 -6 -7 -8 17 14 -11 11 13 -14 -15 27 -17 26 24 19 20 -22 -23 28 -25 25 -27 -28 -29 -30 -31
leaf_value=-0.027949364059390549 8.922940865483398e-05 -0.0045927595281002546 0.0084844393099425385 0.018860121363898721 -0.0027844759389649811 -0.002945850036610187 -0.0053512717023668447 0.00012388587265288464 -0.00095159573581495851 -0.003930882088943744 0.00029051792346574957 -0.0002545297771508359 -0.00033985665650302369 -0.038351760580022543 0.00013989658229096591 0.000172546711234034 0.0003865571728042028 0.036812662842500198 0.18659799973309976 -0.0066247021393191835 0.00065109122424260595 -0.0017046184260443909 7.5637731246169798e-05 -0.0026146238954716686 -0.0033408214448646945 0.14379421928306152 0.00094219022959647354 1.4147960302924525 -0.010736707354923292 -0.00014177301554063604
leaf_weight=3128 14207 7052 369 349 2650 53909 5365 29022 2494 2790 1116 223 2213 559 48391 2343 1343 24764 2533 5727 14138 34774 13570 1642 82864 7410 3485 392 1157 1279
leaf_count=3128 14207 7052 369 349 2650 53909 5365 29022 2494 2790 1116 223 2213 559 48391 2343 1343 24764 2533 5727 14138 34774 13570 1642 82864 7410 3485 392 1157 1279
internal_value=-0.00624714 -0.0338824 0.00244374 -0.00203221 -0.0307603 -0.0436479 -0.0332753 0.000175776 0.00346904 0.0118893 0.0162181 0.00735978 -0.00944728 0.025264 0.000888312 0.0348602 0.0250463 -0.000920782 -0.00301761 -0.0054038 0.00020891 -0.00839387 0.00279194 -0.0259719 0.00065022 -0.000502858 0.0313173 0.00181891 0.0055744 0.00667476
internal_weight=371258 88822 282436 20854 2999 67968 14059 268229 66997 15720 12930 6454 3329 3125 51277 2566 6476 201232 86194 57172 19865 37307 17855 8694 115038 90274 4828 48783 14727 1648
internal_count=371258 88822 282436 20854 2999 67968 14059 268229 66997 15720 12930 6454 3329 3125 51277 2566 6476 201232 86194 57172 19865 37307 17855 8694 115038 90274 4828 48783 14727 1648
cat_boundaries=0 3 5 7 9 12 14 17 19 22 24 26 29 31 33
cat_threshold=1352470788 186651897 5 2147483650 1049088 0 1024 620758080 604135426 672178192 2181307456 2 134217744 1024 134250512 2147483648 2 134250496 1024 25445380 69222403 13 302059520 671285384 69632 134283272 1073807360 150994960 4 1141391680 268566960 536903680 33554496
is_linear=0
shrinkage=0.05


Tree=109
num_leaves=31
num_cat=13
split_feature=0 17 17 17 17 6 17 5 17 0 6 6 17 17 6 6 14 17 17 0 5 17 17 16 17 3 6 5 3 6
split_gain=33337 12530.1 11151.8 770.671 498.951 1258.99 936.549 820.092 448.327 424.177 395.175 383.398 1064.01 680.411 1210.25 705.802 576.986 523.584 370.714 884.178 367.934 347.808 314.025 283.144 254.253 236.567 209.21 198.712 196.486 277.778
threshold=7.5000000000000009 0 1 2 3 11.500000000000002 4 23.750000000000004 5 17.500000000000004 19.500000000000004 10.500000000000002 6 7 19.500000000000004 21.500000000000004 709.93887500000017 8 9 11.500000000000002 6.2500000000000009 10 11 29.881808333333336 12 14.000000000000002 11.500000000000002 38.750000000000007 14.000000000000002 11.500000000000002
decision_type=2 9 9 9 9 2 9 2 9 2 2 2 9 9 2 2 2 9 9 2 2 9 9 2 9 2 2 2 2 2
left_child=1 4 8 10 5 6 -1 23 9 26 -3 12 -6 14 -13 16 -15 25 19 28 -8 -21 -18 -7 -14 -16 -2 -20 29 -4
right_child=2 3 18 -5 11 7 20 -9 -10 -11 -12 13 24 15 17 -17 22 -19 27 21 -22 -23 -24 -25 -26 -27 -28 -29 -30 -31
leaf_value=-0.0017547566207487542 -0.00085722949261173302 -0.0077209369796640281 3.9327005574740781e-05 -0.0027985575347796669 -0.00066716418596195486 0.0001020986562733306 0.0011493122832312076 -0.010199871987177112 8.4767938222096717e-05 -0.0016682463916417589 -0.019423643104496069 -0.00066716418596195486 0.00097541727833903033 -0.036538597691258272 0.00016996104665922829 -0.0026452521420167411 0.00090532617806653452 -0.020278133278523749 -0.00020769689666835236 0.043222040234705619 -0.027723053987121382 -0.001087085002234467 -0.0009182216292978663 7.185584468385465e-05 0.00018842279634796456 -0.043766401996724102 3.7254624682692143e-05 0.10313560859761389 -0.0021987441158074716 0.00022107691333799197
leaf_weight=2242 88 6054 1209 53909 1741 808 621 901 14207 442 3770 2062 1480 4172 1519 2370 913 442 233609 14225 700 4191 357 2655 2030 76 3081 4563 764 6057
leaf_count=2242 88 6054 1209 53909 1741 808 621 901 14207 442 3770 2062 1480 4172 1519 2370 913 442 233609 14225 700 4191 357 2655 2030 76 3081 4563 764 6057
internal_value=-0.00548513 -0.0322026 0.00291712 -0.0439821 -0.00226105 0.0081076 -0.0139349 0.0261228 0.0411936 0.0252278 -0.0309742 -0.00705218 0.0041992 -0.0120183 0.00449014 -0.0206597 -0.0107681 0.031836 0.000338211 0.00595328 0.0194215 -8.14509e-05 0.0187402 0.0371787 0.0200284 0.0450156 0.0316977 -0.000285496 0.0198007 0.0223369
internal_weight=371258 88822 282436 63733 25089 7927 3563 4364 17818 3611 9824 17162 5251 11911 4099 7812 5442 2037 264618 26446 1321 18416 1270 3463 3510 1595 3169 238172 8030 7266
internal_count=371258 88822 282436 63733 25089 7927 3563 4364 17818 3611 9824 17162 5251 11911 4099 7812 5442 2037 264618 26446 1321 18416 1270 3463 3510 1595 3169 238172 8030 7266
cat_boundaries=0 3 5 7 9 11 13 15 18 19 22 24 26 28
cat_threshold=1369248004 186651897 5 2147483650 2148532736 603980864 604135426 277348352 2098176 0 2098176 0 2147483648 16842752 134217728 16777472 0 4 16777216 134258704 268698624 2 8192 262144 1310720 50331648 1310720 4320
is_linear=0
shrinkage=0.05


Tree=110
num_leaves=31
num_cat=15
split_feature=0 17 17 17 17 6 17 5 17 5 17 0 17 0 3 6 17 6 6 17 16 17 0 6 17 6 17 17 6 17
split_gain=32919.9 12774.2 11154.3 839.801 460.392 778.794 1214.33 584.376 725.05 451.721 448.327 424.177 368.367 679.24 559.968 369.325 340.342 331.857 304.529 287.437 285.427 256.196 233.35 227.357 858.684 554.597 1004.21 668.793 825.008 413.028
threshold=7.5000000000000009 0 1 2 3 11.500000000000002 4 23.750000000000004 5 6.2500000000000009 6 17.500000000000004 7 11.500000000000002 14.000000000000002 11.500000000000002 8 19.500000000000004 21.500000000000004 9 29.839925000000004 10 57.500000000000007 22.500000000000004 11 19.500000000000004 12 13 11.500000000000002 14
decision_type=2 9 9 9 9 2 9 2 9 2 9 2 9 2 2 2 9 2 2 9 2 9 2 2 9 2 9 9 2 9
left_child=1 4 10 17 5 6 -1 8 20 -8 11 -2 13 14 15 19 -15 -3 -10 -4 -7 -17 -14 25 -25 27 -27 -6 29 -29
right_child=2 3 12 -5 23 7 9 -9 18 -11 -12 -13 22 16 -16 21 -18 -19 -20 -21 -22 -23 -24 24 -26 26 -28 28 -30 -31
leaf_value=-0.0016670187897113388 3.5391893448544213e-05 -0.0073348901306808049 7.9272569066635159e-05 -0.0026586296580406901 -0.00063380597666387042 9.6993723459659623e-05 0.00061210747962854313 -0.0096898783878182747 3.0165536492887669e-05 -0.015434311240732246 8.0529541310969682e-05 -0.001584834072059671 -0.00052618167751123941 -0.00084966169891247394 -0.0035221075483649503 0.00037761415899737475 0.0002982886672339369 -0.018452460949271287 -0.0025129895349158995 -0.00024376963857211111 6.8263052449646372e-05 0.00026493818162558468 0.1378609911071445 0.00016146299432628908 -0.0020931876410252848 0.00016146299432628908 -0.001619762176220352 -0.012461924837227878 -0.034789961157089613 0.00092664641442206106
leaf_weight=2242 3169 6054 998 53909 2640 754 858 901 468 855 14207 442 186896 2494 3097 1982 51284 3770 379 1707 2600 8352 7808 319 1334 1942 1844 2056 3864 2033
leaf_count=2242 3169 6054 998 53909 2640 754 858 901 468 855 14207 442 186896 2494 3097 1982 51284 3770 379 1707 2600 8352 7808 319 1334 1942 1844 2056 3864 2033
internal_value=-0.00543665 -0.0319864 0.00291287 -0.0438801 -0.00175505 0.00725157 -0.00939317 0.0201686 0.0280052 0.0222577 0.0411936 0.0252278 0.000333676 0.0034466 0.0124442 0.0169837 0.000747518 -0.0303132 -0.0133606 0.000536044 0.0383769 0.0212889 -0.000784227 -0.00684453 -0.0244102 -0.00482996 0.0115954 -0.0107005 -0.00343464 0.0122157
internal_weight=371258 88822 282436 63733 25089 9057 3955 5102 4201 1713 17818 3611 264618 69914 16136 13039 53778 9824 847 2705 3354 10334 194704 16032 1653 14379 3786 10593 7953 4089
internal_count=371258 88822 282436 63733 25089 9057 3955 5102 4201 1713 17818 3611 264618 69914 16136 13039 53778 9824 847 2705 3354 10334 194704 16032 1653 14379 3786 10593 7953 4089
cat_boundaries=0 3 5 7 9 11 13 15 18 20 22 24 25 27 28 31
cat_threshold=1369248004 186651897 5 2147483650 2148532736 603980864 604135426 277348352 2098304 0 2098176 0 2098176 0 2147483648 672178192 302259296 2 134250496 1024 16 5184 536870912 33554528 16777216 17039360 16777216 16777216 1073807616 134217745 5
is_linear=0
shrinkage=0.05


Tree=111
num_leaves=31
num_cat=14
split_feature=0 17 17 17 17 6 17 5 17 5 17 0 17 0 6 6 16 0 17 6 17 6 17 17 6 17 6 17 5 6
split_gain=32938.9 12747.4 11139.2 859.459 462.022 778.794 1214.33 584.376 725.05 451.721 448.327 424.177 382.744 954.37 315.875 304.529 285.427 236.188 249.292 226.711 858.684 556.477 1004.21 666.47 820.006 407.954 257.065 337.202 218.251 209.21
threshold=7.5000000000000009 0 1 2 3 11.500000000000002 4 23.750000000000004 5 6.2500000000000009 6 17.500000000000004 7 14.000000000000002 18.500000000000004 21.500000000000004 29.839925000000004 57.500000000000007 8 22.500000000000004 9 19.500000000000004 10 11 11.500000000000002 12 21.500000000000004 13 14.500000000000002 11.500000000000002
decision_type=2 9 9 9 9 2 9 2 9 2 9 2 9 2 2 2 2 2 9 2 9 2 9 9 2 9 2 9 2 2
left_child=1 4 10 14 5 6 -1 8 16 -8 11 29 13 -4 28 -10 -7 18 -14 21 -21 23 -23 -6 25 -25 27 -24 -3 -2
right_child=2 3 12 -5 19 7 9 -9 15 -11 -12 -13 17 -15 -16 -17 -18 -19 -20 20 -22 22 26 24 -26 -27 -28 -29 -30 -31
leaf_value=-0.0015836678502257674 -0.0008161376126535558 -0.0053201782458999428 0.00019677615858979536 -0.0025256981751386577 -0.00060211567783068358 9.2144037286656663e-05 0.00058150210564713591 -0.0092053844684273581 2.8657259668252168e-05 -0.014662595678695656 7.6503064245425639e-05 -0.001505592368456732 -0.0025704351230958268 -0.0008071786139668192 -0.018432313986133587 -0.002387340058170118 6.4849899827157395e-05 0.090812685928901266 6.1929306163577288e-05 0.00015338984460999683 -0.001988528258974043 0.00015338984460999683 0.00061915628462911882 -0.011838828595366469 -0.033050463099235115 0.00088031409370095128 -0.0020121995322142541 -0.021228710875502089 -0.058044765902432086 3.3622298776148087e-05
leaf_weight=2242 88 3657 7375 53909 2640 754 858 901 468 855 14207 442 36017 3889 4154 379 2600 17763 199574 319 1334 1942 517 2056 3864 2033 775 552 2013 3081
leaf_count=2242 88 3657 7375 53909 2640 754 858 901 468 855 14207 442 36017 3889 4154 379 2600 17763 199574 319 1334 1942 517 2056 3864 2033 775 552 2013 3081
internal_value=-0.00541322 -0.0319707 0.00293872 -0.0438519 -0.00177099 0.00725157 -0.00939317 0.0201686 0.0280052 0.0222577 0.0411936 0.0252278 0.000361262 0.00937555 -0.0301302 -0.0133606 0.0383769 -3.98636e-05 -0.000459058 -0.00686947 -0.0244102 -0.00485778 0.0115954 -0.0107382 -0.00348487 0.0121179 -0.0148328 0.000982226 -0.0224868 0.0316977
internal_weight=371258 88822 282436 63733 25089 9057 3955 5102 4201 1713 17818 3611 264618 11264 9824 847 3354 253354 235591 16032 1653 14379 3786 10593 7953 4089 1844 1069 5670 3169
internal_count=371258 88822 282436 63733 25089 9057 3955 5102 4201 1713 17818 3611 264618 11264 9824 847 3354 253354 235591 16032 1653 14379 3786 10593 7953 4089 1844 1069 5670 3169
cat_boundaries=0 3 5 7 9 11 13 15 18 20 21 23 24 27 29
cat_threshold=1369248004 186651897 5 2147483650 2148532736 603980864 604135426 277348352 2098304 0 2098176 0 2098176 0 2147483648 134217744 268436480 2 302514176 553730304 16777216 17039360 16777216 16777216 1073807616 134217745 5 1048576 33558528
is_linear=0
shrinkage=0.05


Tree=112
num_leaves=31
num_cat=13
split_feature=0 17 17 17 17 0 17 6 17 5 17 5 6 17 0 16 6 6 17 6 17 6 17 17 0 17 6 5 3 6
split_gain=32399.1 13362.4 11126.8 832.207 448.327 424.177 406.224 1028.3 1223.06 609.807 733.954 451.721 392.244 363.737 935.023 335.479 304.529 258.987 1808.01 721.608 676.859 769.559 411.953 372.895 217.067 213.795 209.21 204.803 196.3 270.015
threshold=7.5000000000000009 0 1 2 3 17.500000000000004 4 11.500000000000002 5 23.750000000000004 6 6.2500000000000009 19.500000000000004 7 14.000000000000002 29.839925000000004 21.500000000000004 19.500000000000004 8 21.500000000000004 9 11.500000000000002 10 11 57.500000000000007 12 11.500000000000002 6.2500000000000009 14.000000000000002 11.500000000000002
decision_type=2 9 9 9 9 2 9 2 9 2 9 2 2 9 2 2 2 2 9 2 9 2 9 9 2 9 2 2 2 2
left_child=1 6 4 12 5 26 7 8 -1 10 15 -10 -3 14 28 -9 -12 20 -19 23 -8 22 -22 -20 25 -15 -2 -24 29 -4
right_child=2 3 13 -5 -6 -7 17 9 11 -11 16 -13 -14 24 -16 -17 -18 18 19 -21 21 -23 27 -25 -26 -27 -28 -29 -30 -31
leaf_value=-0.0015044844577144724 -0.00077533073202085134 -0.0067021367118517807 2.3558218913155571e-05 -0.0023994132663817339 7.2677911033114381e-05 -0.001430312750033913 -0.0005720098939391516 8.7536835422330486e-05 0.0005524270003647747 -0.0087451152450059855 2.7224396684832899e-05 -0.013929465894760896 -0.01826614476336319 -0.0024419133669410622 -0.00076681968326850489 0.00017637213141514786 -0.0022679730552616294 0.00014572035237949698 0.00067937586076585179 -0.0018891018460253318 -0.024672745689245226 -0.031397939944273381 0.00083629838901591038 -0.020167275331726978 0.086272051632456492 5.8832840855416181e-05 3.1941183837336241e-05 0.0032173516612060472 -0.0019225403405283893 0.00018693735066026564
leaf_weight=2771 88 5917 1191 53909 14207 442 2640 846 858 903 468 855 3628 36017 3889 2911 379 2028 691 1974 1836 3676 1089 499 17763 199574 3081 944 739 5445
leaf_count=2771 88 5917 1191 53909 14207 442 2640 846 858 903 468 855 3628 36017 3889 2911 379 2028 691 1974 1836 3676 1089 499 17763 199574 3081 944 739 5445
internal_value=-0.00532325 -0.0316622 0.00295996 -0.043921 0.0411936 0.0252278 -0.000981165 0.00686431 -0.0109054 0.0213456 0.0287142 0.0222577 -0.0301884 0.000383935 0.00917155 0.0381338 -0.0133606 -0.00607981 0.00300462 -0.0206049 -0.0107167 -0.0030642 0.0124968 0.010084 -7.1044e-06 -0.000408971 0.0316977 0.0279246 0.0196407 0.0223629
internal_weight=371258 88822 282436 63454 17818 3611 25368 9991 4484 5507 4604 1713 9545 264618 11264 3757 847 15377 5192 3164 10185 7545 3869 1190 253354 235591 3169 2033 7375 6636
internal_count=371258 88822 282436 63454 17818 3611 25368 9991 4484 5507 4604 1713 9545 264618 11264 3757 847 15377 5192 3164 10185 7545 3869 1190 253354 235591 3169 2033 7375 6636
cat_boundaries=0 3 5 7 9 11 13 15 18 19 20 23 25 27
cat_threshold=295506180 186668281 5 2147483650 2148532736 1677722688 604119042 0 2147483648 277348352 2114688 0 2114560 0 2114560 134217744 268436480 2 17039360 16777216 65792 134217745 5 1048576 50335744 302514176 553730304
is_linear=0
shrinkage=0.05


Tree=113
num_leaves=31
num_cat=13
split_feature=0 17 17 17 17 6 17 5 17 5 17 0 17 0 16 6 6 17 6 17 6 17 17 6 6 0 12 6 17 3
split_gain=32294.5 12957.8 11122.7 985.267 463.87 1028.3 1223.06 609.807 733.954 451.721 448.327 424.177 366.789 939.212 335.479 304.529 283.976 1844.84 744.222 611.352 715.966 364.549 350.764 237.513 209.21 205.043 195.225 189.082 438.302 278.897
threshold=7.5000000000000009 0 1 2 3 11.500000000000002 4 23.750000000000004 5 6.2500000000000009 6 17.500000000000004 7 14.000000000000002 29.839925000000004 21.500000000000004 19.500000000000004 8 21.500000000000004 9 11.500000000000002 10 11 21.500000000000004 11.500000000000002 127.50000000000001 63.500000000000007 11.500000000000002 12 14.000000000000002
decision_type=2 9 9 9 9 2 9 2 9 2 9 2 9 2 2 2 2 9 2 9 2 9 9 2 2 2 2 2 9 2
left_child=1 4 10 23 5 6 -1 8 14 -8 11 24 13 27 -7 -10 19 -18 21 -6 22 -19 -21 -3 -2 26 -14 28 -4 -29
right_child=2 3 12 -5 16 7 9 -9 15 -11 -12 -13 25 -15 -16 -17 17 18 -20 20 -22 -23 -24 -25 -26 -27 -28 29 -30 -31
leaf_value=-0.0014292602348287442 -0.00073656419541983102 -0.0063670298762592116 2.238030796748447e-05 -0.0022794426030626536 -0.00054340939924220073 8.3159993651227293e-05 0.00052480565034653817 -0.0083078594827556973 2.5863176850604574e-05 -0.013232992600022843 6.9044015481445348e-05 -0.0013587971125321729 1.6797044930960681e-05 -0.00072847869910503966 0.00016755352484438825 -0.0021545744024985326 0.00013843433476052881 0.00064540706772757699 -0.0018171344633022724 -0.010911780330005573 -0.029828042947059697 -0.019158911565140626 0.0011283413513774043 -0.018599778538363587 3.0344124645509398e-05 1.3330259754546647 -0.063618082371093898 0.00017759048312724346 -0.00013547895198895432 -0.0018264133235019742
leaf_weight=2771 88 7462 571 53909 2640 846 858 903 468 855 14207 442 251354 3889 2911 379 2028 691 2032 2056 3828 469 1818 1898 3081 394 1606 5445 700 659
leaf_count=2771 88 7462 571 53909 2640 846 858 903 468 855 14207 442 251354 3889 2911 379 2028 691 2032 2056 3828 469 1818 1898 3081 394 1606 5445 700 659
internal_value=-0.00530278 -0.0315992 0.00296704 -0.0437325 -0.00153933 0.00686431 -0.0109054 0.0213456 0.0287142 0.0222577 0.0411936 0.0252278 0.000391493 0.00921589 0.0381338 -0.0133606 -0.00693553 0.00256705 -0.0211118 -0.0117385 -0.00459025 0.0107759 0.0105576 -0.0286446 0.0316977 -1.18407e-06 -5.73213e-05 0.0197085 0.00216365 0.0233617
internal_weight=371258 88822 282436 63269 25553 9991 4484 5507 4604 1713 17818 3611 264618 11264 3757 847 15562 5220 3192 10342 7702 1160 3874 9360 3169 253354 252960 7375 1271 6104
internal_count=371258 88822 282436 63269 25553 9991 4484 5507 4604 1713 17818 3611 264618 11264 3757 847 15562 5220 3192 10342 7702 1160 3874 9360 3169 253354 252960 7375 1271 6104
cat_boundaries=0 3 5 7 9 11 13 15 18 19 20 22 25 27
cat_threshold=1369248004 186668249 5 2147483650 2148532736 603980864 604119074 277348352 2114688 0 2114560 0 2114560 0 2147483648 134217744 268436480 2 17039360 16777216 1048576 50335744 1073807616 134217745 5 16 1024
is_linear=0
shrinkage=0.05


Tree=114
num_leaves=31
num_cat=12
split_feature=0 17 17 17 17 6 17 17 6 17 17 0 17 6 17 17 5 5 3 14 0 3 6 5 6 6 0 17 6 6
split_gain=32696.6 12489 11228.3 1011.62 585.669 824.38 1576.8 1221.01 605.254 403.42 366.803 937.622 328.074 643.917 771.104 718.119 653.08 395.629 320.953 317.078 302.318 298.28 251.806 245.8 212.278 209.21 202.959 220.753 199.156 189.082
threshold=7.5000000000000009 0 1 2 3 19.500000000000004 4 5 21.500000000000004 6 7 14.000000000000002 8 11.500000000000002 9 10 23.750000000000004 6.2500000000000009 17.500000000000004 709.93887500000017 17.500000000000004 7.5000000000000009 21.500000000000004 18.750000000000004 11.500000000000002 11.500000000000002 52.500000000000007 11 21.500000000000004 11.500000000000002
decision_type=2 9 9 9 9 2 9 9 2 9 9 2 9 2 9 9 2 2 2 2 2 2 2 2 2 2 2 9 2 2
left_child=1 4 9 22 8 7 18 -6 19 20 11 29 17 15 -15 -14 21 24 -7 -1 25 -16 -3 -22 -9 -2 27 -12 -8 -4
right_child=2 3 10 -5 5 6 28 12 -10 -11 26 -13 13 14 16 -17 -18 -19 -20 -21 23 -23 -24 -25 -26 -27 -28 -29 -30 -31
leaf_value=-0.020851398894298434 -0.00069973598564887496 -0.008251604934615164 2.1261292569096925e-05 -0.0021654704729095367 -0.00051623892928009951 0.00013151261802248903 2.4570018008063245e-05 0.00049856536782919567 -0.0017037900305589384 6.5591814707399718e-05 -0.0010027384306928512 -0.00069205476414975215 -0.0013577972230872871 -0.028336640799706728 4.4411122022847141e-05 0.0030000670105768457 -0.0078924665086179246 0.033483117782666931 -0.082875095724938952 0.00052195932397300913 0.012383719671390027 7.9001993968663708e-05 -0.01766978961144541 -0.0012908572569056533 -0.046096747421146361 2.8826918413216163e-05 0.059743522504330217 0.00013274066132673568 -0.002046845682373588 0.00016871095897084132
leaf_weight=4754 88 7473 1271 53909 3185 2999 557 1064 1456 14207 100362 3889 2242 931 2332 1438 902 1115 139 699 132 703 1918 310 71 3081 24268 128724 935 6104
leaf_count=4754 88 7473 1271 53909 3185 2999 557 1064 1456 14207 100362 3889 2242 931 2332 1438 902 1115 139 699 132 703 1918 310 71 3081 24268 128724 935 6104
internal_value=-0.00533322 -0.0317928 0.00298793 -0.0436945 -0.00225599 0.00235998 0.0206479 -0.00369377 -0.014677 0.0413956 0.000400184 0.00922476 0.00433938 -0.00014022 0.0117913 -0.0159239 0.0214467 0.0212832 0.0406925 -0.00705116 0.026222 0.032603 -0.0284385 -0.0124434 0.0421586 0.0316977 7.49909e-06 -0.000453105 -0.0216378 0.0197085
internal_weight=371258 88822 282436 63300 25522 18613 4630 13983 6909 17818 264618 11264 10798 8548 4868 3680 3937 2250 3138 5453 3611 3035 9391 442 1135 3169 253354 229086 1492 7375
internal_count=371258 88822 282436 63300 25522 18613 4630 13983 6909 17818 264618 11264 10798 8548 4868 3680 3937 2250 3138 5453 3611 3035 9391 442 1135 3169 253354 229086 1492 7375
cat_boundaries=0 3 5 7 9 11 13 15 18 20 21 23 26
cat_threshold=1369248004 186664185 5 2147483650 2148532736 603980864 604123138 1074855936 184549456 17039360 2114560 16777216 16384 0 2147483648 134217744 268436480 2 8912900 168 262144 0 2098176 310903044 621502744 4
is_linear=0
shrinkage=0.05


Tree=115
num_leaves=31
num_cat=12
split_feature=0 17 17 17 6 17 17 6 17 0 17 5 17 0 3 6 17 6 6 0 6 17 3 5 15 14 17 3 12 17
split_gain=30694.6 14639.2 11106.4 898.815 682.706 2942.17 1312.87 1052 448.327 424.177 371.073 456.579 367.995 931.276 363.835 337.614 309.615 269.455 209.21 201.835 189.082 438.302 278.897 187.074 184.373 160.467 278.055 182.554 175.647 163.053
threshold=7.5000000000000009 0 1 2 19.500000000000004 3 4 21.500000000000004 5 17.500000000000004 6 6.2500000000000009 7 14.000000000000002 17.500000000000004 18.500000000000004 8 11.500000000000002 11.500000000000002 127.50000000000001 11.500000000000002 9 14.000000000000002 16.250000000000004 25.000000000000004 789.88855833333344 10 14.000000000000002 63.500000000000007 11
decision_type=2 9 9 9 2 9 9 2 9 2 9 2 9 2 2 2 9 2 2 2 2 9 2 2 2 2 9 2 2 9
left_child=1 4 8 15 6 14 23 16 9 18 11 17 13 20 -6 -3 -7 -8 -2 24 21 -4 -22 -1 25 28 27 -27 29 -14
right_child=2 3 12 -5 5 7 10 -9 -10 -11 -12 -13 19 -15 -16 -17 -18 -19 -20 -21 22 -23 -24 -25 -26 26 -28 -29 -30 -31
leaf_value=-0.00049042698281609454 -0.00066474918636645348 -0.0056360981357155282 2.0198227940682048e-05 -0.002057196949264073 0.00045849843040510766 0.00049586135777435203 0.00047363709943772927 -0.001905235697516261 6.2312223972060823e-05 -0.0012263143940604239 -0.00031314520615435273 -0.0041277363623494438 -0.0013594591261707478 -0.00065745202594227339 -0.07873134093869201 -0.062521118096142872 -0.018202194487783974 -0.043546704912253903 2.7385572492555355e-05 1.263387500556715 0.00016027541102232591 -0.00012976806901789927 -0.0017435282052753465 -0.0023071554975522268 0.032423668034489421 0.00064171559907562077 -0.0013092843169326684 0.0051145690487503616 -0.065223979493551104 0.000114857171984184
leaf_weight=4114 88 5092 571 53909 3862 940 1232 2296 14207 442 10827 1272 73296 3889 155 3221 441 92 3081 394 5445 700 659 1369 8792 1788 8064 4789 1468 154763
leaf_count=4114 88 5092 571 53909 3862 940 1232 2296 14207 442 10827 1272 73296 3889 155 3221 441 92 3081 394 5445 700 659 1369 8792 1788 8064 4789 1468 154763
internal_value=-0.00506737 -0.0307041 0.00299501 -0.0439726 0.000349493 0.0129062 -0.00476039 -0.019406 0.0411936 0.0252278 0.00366634 0.0206063 0.000421346 0.00926024 0.0424261 -0.0285414 0.0150253 0.0412387 0.0316977 2.80229e-05 0.0197085 0.00216365 0.0233617 -0.0253504 -2.76724e-05 -0.000283821 0.00479134 0.0124108 -0.000607554 -0.000496582
internal_weight=371258 88822 282436 62222 26600 7694 18906 3677 17818 3611 13423 2596 264618 11264 4017 8313 1381 1324 3169 253354 7375 1271 6104 5483 252960 244168 14641 6577 229527 228059
internal_count=371258 88822 282436 62222 26600 7694 18906 3677 17818 3611 13423 2596 264618 11264 4017 8313 1381 1324 3169 253354 7375 1271 6104 5483 252960 244168 14641 6577 229527 228059
cat_boundaries=0 3 5 7 9 11 13 15 18 20 22 25 27
cat_threshold=832311556 186668281 5 2147483650 2148532736 1140917312 604119042 553910272 2114560 553648128 151011328 0 2147483648 8912900 4328 134217744 268436480 2 1048576 50335872 16 1024 1981285440 67991840 8 1376256324 554262784
is_linear=0
shrinkage=0.05


Tree=116
num_leaves=31
num_cat=13
split_feature=0 17 17 17 6 17 17 6 17 0 17 0 17 5 3 17 6 6 6 3 6 17 5 5 0 17 6 17 17 5
split_gain=30731.8 14589.5 11107.7 898.815 662.764 2994.09 1312.87 997.545 448.327 424.177 386.884 947.387 371.073 456.579 363.835 345.575 337.614 269.455 209.21 191.56 231.793 355.093 246.516 187.074 185.279 181.011 158.144 1222.22 1182.55 658.819
threshold=7.5000000000000009 0 1 2 19.500000000000004 3 4 21.500000000000004 5 17.500000000000004 6 14.000000000000002 7 6.2500000000000009 17.500000000000004 8 18.500000000000004 11.500000000000002 11.500000000000002 14.000000000000002 11.500000000000002 9 16.250000000000004 16.250000000000004 57.500000000000007 10 11.500000000000002 11 12 23.750000000000004
decision_type=2 9 9 9 2 9 9 2 9 2 9 2 9 2 2 9 2 2 2 2 2 9 2 2 2 9 2 9 9 2
left_child=1 4 8 16 6 14 23 15 9 18 11 19 13 17 -6 -7 -3 -8 -2 20 21 -4 -23 -1 25 -12 28 29 -14 -28
right_child=2 3 10 -5 5 7 12 -9 -10 -11 24 -13 26 -15 -16 -17 -18 -19 -20 -21 -22 22 -24 -25 -26 -27 27 -29 -30 -31
leaf_value=-0.00046590563367527872 -0.00063151172704811742 -0.0053542932289297523 1.918831654368347e-05 -0.001954337101800885 0.00043557350888483452 0.00066047605625785266 0.00044995524446584946 -0.0018099739126404392 5.9196612773426693e-05 -0.0011649986743574204 -0.0022025476729973905 -0.0006245794246451553 -0.0012742501016252295 -0.0039213495442319782 -0.074794773891757413 -0.00090392763510691596 -0.059395062191335724 -0.041369369666641204 2.6016293867936471e-05 -0.0016563517950116237 0.00015226164047117409 0.0006931635662241753 -0.0002303985890967475 -0.0021917977226745934 0.077222528032374532 2.1107595358138555e-05 5.7847826229417976e-05 -0.020946477912288097 0.0021301514888311781 -0.0074821859228793482
leaf_weight=4114 88 5092 506 53909 3862 774 1232 2296 14207 442 34950 3889 2242 1272 155 607 3221 92 3081 739 5445 155 530 1369 17763 200641 3015 2176 2492 902
leaf_count=4114 88 5092 506 53909 3862 774 1232 2296 14207 442 34950 3889 2242 1272 155 607 3221 92 3081 739 5445 155 530 1369 17763 200641 3015 2176 2492 902
internal_value=-0.00507437 -0.0307266 0.00299289 -0.0439726 0.000274333 0.0126462 -0.00476039 -0.0199485 0.0411936 0.0252278 0.000419079 0.00948199 0.00366634 0.0206063 0.0424261 0.0135771 -0.0285414 0.0412387 0.0316977 0.0200203 0.0227095 0.0027288 -0.0206475 -0.0253504 1.57876e-05 -0.000355489 -0.00041063 0.00491548 -0.00726658 0.0215814
internal_weight=371258 88822 282436 62222 26600 7694 18906 3677 17818 3611 264618 11264 13423 2596 4017 1381 8313 1324 3169 7375 6636 1191 685 5483 253354 235591 10827 6093 4734 3917
internal_count=371258 88822 282436 62222 26600 7694 18906 3677 17818 3611 264618 11264 13423 2596 4017 1381 8313 1324 3169 7375 6636 1191 685 5483 253354 235591 10827 6093 4734 3917
cat_boundaries=0 3 5 7 9 11 13 16 18 20 22 24 26 28
cat_threshold=832311556 186668281 5 2147483650 2148532736 1140917312 604119042 553910272 2114560 553648128 151011328 0 2147483648 134217744 268436480 2 8912900 4328 1048576 50335776 16 1024 268959744 553730304 268435712 2098176 0 2098176
is_linear=0
shrinkage=0.05


Tree=117
num_leaves=31
num_cat=12
split_feature=0 17 17 17 6 17 17 6 17 0 17 5 17 0 3 6 17 6 6 6 17 3 5 0 16 6 17 17 5 3
split_gain=30727.5 14763.6 11099.1 898.815 733.856 2814.33 1312.87 1194.45 434.363 384.758 371.073 456.579 363.96 926.531 363.835 337.614 305.656 269.455 209.21 189.082 438.302 278.897 187.074 172.594 162.311 158.144 1222.22 1182.55 658.819 296.75
threshold=7.5000000000000009 0 1 2 19.500000000000004 3 4 21.500000000000004 5 17.500000000000004 6 6.2500000000000009 7 14.000000000000002 17.500000000000004 18.500000000000004 8 11.500000000000002 11.500000000000002 11.500000000000002 9 14.000000000000002 16.250000000000004 112.50000000000001 29.839925000000004 11.500000000000002 10 11 23.750000000000004 7.5000000000000009
decision_type=2 9 9 9 2 9 9 2 9 2 9 2 9 2 2 2 9 2 2 2 9 2 2 2 2 2 9 9 2 2
left_child=1 4 8 15 6 14 22 16 9 18 11 17 13 19 -6 -3 24 -8 -2 20 -4 -21 -1 -14 -7 27 28 -12 29 -27
right_child=2 3 12 -5 5 7 10 -9 -10 -11 25 -13 23 -15 -16 -17 -18 -19 -20 21 -22 -23 -24 -25 -26 26 -28 -29 -30 -31
leaf_value=-0.00044261035199153479 -0.00059993614069568939 -0.0050865785674832692 1.8228900716543708e-05 -0.0018566202467108273 0.00041379483344057278 0.0021920277216024965 0.00042745748224257699 -0.0017194752170084371 5.6236782134710955e-05 -0.001106748740639496 -0.0012105375965439703 -0.0037252820670203857 2.5219212508531542e-06 -0.0005933504534128887 -0.071055035197169533 -0.056425309081768932 -0.017246888381639458 -0.039300901183309159 2.4715479174552969e-05 0.00014464855844762426 -0.00015793784387820866 -0.0015735342052610513 -0.0020822078365408726 0.46616942628418556 0.00043804448707271962 5.495543491793598e-05 -0.019899154016673706 0.0020236439143896056 -0.0071080766267353828 8.7816763266435069e-05
leaf_weight=4114 88 5092 571 53909 3862 440 1232 2296 14207 442 2242 1272 252460 3889 155 3221 358 92 3081 5445 700 659 1369 894 583 2325 2176 2492 902 690
leaf_count=4114 88 5092 571 53909 3862 440 1232 2296 14207 442 2242 1272 252460 3889 155 3221 358 92 3081 5445 700 659 1369 894 583 2325 2176 2492 902 690
internal_value=-0.00499733 -0.0306478 0.00306937 -0.0439726 0.000537392 0.013556 -0.00476039 -0.0180499 0.0412553 0.0255316 0.00366634 0.0206063 0.000496546 0.00928685 0.0424261 -0.0285414 0.0186459 0.0412387 0.0316977 0.0197085 0.00216365 0.0233617 -0.0253504 0.000105382 0.0323814 -0.00041063 0.00491548 -0.00726658 0.0215814 0.0328524
internal_weight=371258 88822 282436 62222 26600 7694 18906 3677 17818 3611 13423 2596 264618 11264 4017 8313 1381 1324 3169 7375 1271 6104 5483 253354 1023 10827 6093 4734 3917 3015
internal_count=371258 88822 282436 62222 26600 7694 18906 3677 17818 3611 13423 2596 264618 11264 4017 8313 1381 1324 3169 7375 1271 6104 5483 253354 1023 10827 6093 4734 3917 3015
cat_boundaries=0 3 5 7 9 11 13 15 18 20 22 24 26
cat_threshold=832311556 186668281 5 2147483650 2148532736 1140917312 604119042 553910272 2114560 553648128 151011328 0 2147483648 8912900 4328 134217744 268436480 2 1048576 50335904 16 1024 268435712 2098176 0 2098176
is_linear=0
shrinkage=0.05


Tree=118
num_leaves=31
num_cat=13
split_feature=0 17 17 17 6 17 17 6 17 0 17 5 3 6 17 6 17 0 16 17 5 17 6 17 6 5 14 14 0 17
split_gain=30418.7 14718.8 11209.9 898.815 737.093 2821.92 1302.78 1185.65 434.363 384.758 375.985 456.579 363.835 337.614 302.368 269.455 218.904 422.15 457.58 334.529 253.457 473.8 209.21 187.962 224.059 187.074 177.947 201.172 209.656 274.118
threshold=7.5000000000000009 0 1 2 19.500000000000004 3 4 21.500000000000004 5 17.500000000000004 6 6.2500000000000009 17.500000000000004 18.500000000000004 7 11.500000000000002 8 11.500000000000002 29.839925000000004 9 16.250000000000004 10 11.500000000000002 11 11.500000000000002 16.250000000000004 210.01339166666671 789.88855833333344 11.500000000000002 12
decision_type=2 9 9 9 2 9 9 2 9 2 9 2 2 2 9 2 9 2 2 9 2 9 2 9 2 2 2 2 2 9
left_child=1 4 8 13 6 12 25 14 9 22 11 15 -6 -3 -7 -8 17 18 -4 -19 23 -22 -2 -20 -25 -1 -18 28 29 -28
right_child=2 3 16 -5 5 7 10 -9 -10 -11 -12 -13 -14 -15 -16 -17 26 19 20 -21 21 -23 -24 24 -26 -27 27 -29 -30 -31
leaf_value=-0.00042047983439195139 -0.00056993933366094045 -0.0048322496391091097 -0.0010591389472007328 -0.0017637892343752794 0.00039310509176853086 0.00060555002909135069 0.00040608460813045259 -0.0016335014561580153 5.342494302800205e-05 -0.0010514113036075301 -0.00017324856093821063 -0.0035390179636693555 -0.067502283437311045 -0.053604043627680481 -0.016384543962557487 -0.037335856124143696 0.00045278810233675417 -0.00056368293074227083 0.00033829412395389727 0.00013824254875522969 0.00019233124447968209 -0.0060626414397968453 2.3479705215834202e-05 1.7317455680743166e-05 0.00085261291886213903 -0.0019780974447138446 -0.055313042362215549 0.00060844834329136792 -0.0009556902304478144 -7.3334583206019493e-08
leaf_weight=4114 88 5092 4106 53909 3862 1023 1232 2296 14207 442 10827 1272 155 3221 358 92 68518 2494 1959 54161 3976 1989 3081 1111 2731 1369 2936 11140 96921 12576
leaf_count=4114 88 5092 4106 53909 3862 1023 1232 2296 14207 442 10827 1272 155 3221 358 92 68518 2494 1959 54161 3976 1989 3081 1111 2731 1369 2936 11140 96921 12576
internal_value=-0.00514683 -0.0306681 0.00287924 -0.0439726 0.000469748 0.013517 -0.00483973 -0.0181313 0.0412553 0.0255316 0.00355468 0.0206063 0.0424261 -0.0285414 0.0184287 0.0412387 0.00029362 0.00263383 0.00984123 0.000615127 0.0148564 0.00761945 0.0316977 0.0222979 0.0287124 -0.0253504 -0.000590054 -0.00172327 -0.00235829 -0.00775529
internal_weight=371258 88822 282436 62222 26600 7694 18906 3677 17818 3611 13423 2596 4017 8313 1381 1324 264618 72527 15872 56655 11766 5965 3169 5801 3842 5483 192091 123573 112433 15512
internal_count=371258 88822 282436 62222 26600 7694 18906 3677 17818 3611 13423 2596 4017 8313 1381 1324 264618 72527 15872 56655 11766 5965 3169 5801 3842 5483 192091 123573 112433 15512
cat_boundaries=0 3 5 7 9 11 13 15 17 20 22 25 28 31
cat_threshold=832311556 186668281 5 2147483650 2148532736 1140917312 604119042 553910272 2114560 553648128 151011328 0 2147483648 8912900 4328 1048576 50335904 672178192 35920994 2 134250496 1024 134250512 1024 2 536903680 33556576 2 1342243840 537001992 1
is_linear=0
shrinkage=0.05


Tree=119
num_leaves=31
num_cat=15
split_feature=0 17 17 17 6 17 5 17 5 17 0 17 14 6 17 17 6 17 17 16 6 6 17 0 3 5 17 17 5 17
split_gain=30017.7 14753.7 11271.8 765.566 1758.68 1327.8 759.15 583.425 468.133 434.363 384.758 363.95 281.565 632.051 1502.07 722.321 786.872 397.27 277.754 268.367 258.18 252.026 228.66 478.692 476.797 373.277 632.761 338.615 283.933 484.216
threshold=7.5000000000000009 0 1 2 11.500000000000002 3 23.750000000000004 4 6.2500000000000009 5 17.500000000000004 6 840.06475833333343 19.500000000000004 7 8 11.500000000000002 9 10 29.839925000000004 18.500000000000004 21.500000000000004 11 11.500000000000002 14.000000000000002 16.250000000000004 12 13 23.750000000000004 14
decision_type=2 9 9 9 2 9 2 9 2 9 2 9 2 2 9 9 2 9 9 2 2 2 9 2 2 2 9 9 2 9
left_child=1 7 9 4 5 -3 11 20 -7 10 -2 19 13 15 -15 -5 17 -17 -14 -6 -1 -16 23 24 25 -4 -27 -25 29 -28
right_child=2 3 22 12 6 8 -8 -9 -10 -11 -12 -13 18 14 21 16 -18 -19 -20 -21 -22 -23 -24 27 -26 26 28 -29 -30 -31
leaf_value=-0.0045906371571536658 2.2305719955006965e-05 -0.0016548194915691817 0.00066122699467738863 -0.00039945584267235827 9.2088353150021626e-05 0.00027579544502209785 -0.0067440103673516829 -0.0016755997726565219 -0.0066925103755176357 5.0753695876615269e-05 -0.00099884073842719805 -1.5953480593777771e-05 3.9888393896347907e-05 3.9888393896347907e-05 -8.4348948338863756e-06 0.00084962150701319852 -0.024853207474918683 -0.019966406628159208 -0.001591094084088729 0.00017563481779827585 -0.050923841446296469 -0.0034158854121011831 -3.6202791158324031e-05 -0.0007612187067240761 -0.0035153301419784456 0.00018271468225572463 0.0024899348337332761 0.00017608492610605709 -0.0024182755000221158 -0.0057595093678069814
leaf_weight=3446 3169 3542 7117 3379 1170 918 916 53849 842 14207 442 638 189 2463 924 1955 3894 2049 1197 3603 2741 1107 191434 4078 3512 3770 789 51406 1300 1212
leaf_count=3446 3169 3542 7117 3379 1170 918 916 53849 842 14207 442 638 189 2463 924 1955 3894 2049 1197 3603 2741 1107 191434 4078 3512 3770 789 51406 1300 1212
internal_value=-0.00519962 -0.0305521 0.00277337 -0.00111474 0.00878512 -0.0124481 0.0265924 -0.0446591 0.0229944 0.0412553 0.0255316 0.0337184 -0.00782606 -0.00593177 0.00992434 -0.0122506 -0.00394537 0.0116134 -0.0294372 0.0384173 -0.0299258 -0.0218765 0.000180631 0.00255759 0.00971751 0.0138004 0.00566398 0.000273953 -0.0103141 0.00147426
internal_weight=371258 88822 282436 28786 11629 5302 6327 60036 1760 17818 3611 5411 17157 15771 4494 11277 7898 4004 1386 4773 6187 2031 264618 73184 17700 14188 7071 55484 3301 2001
internal_count=371258 88822 282436 28786 11629 5302 6327 60036 1760 17818 3611 5411 17157 15771 4494 11277 7898 4004 1386 4773 6187 2031 264618 73184 17700 14188 7071 55484 3301 2001
cat_boundaries=0 3 5 7 9 11 13 15 17 19 21 22 25 28 30 32
cat_threshold=2382415058 4098040064 2 2147483650 2148532736 814219264 2118688 536870912 2114560 67109952 604119040 0 2147483648 536870912 2114560 17039360 33554434 16777216 2 1310724 50331848 16777216 672178192 35921218 2 134250512 1024 2 134250496 1280 0 2097408
is_linear=0
shrinkage=0.05


Tree=120
num_leaves=31
num_cat=11
split_feature=0 17 17 6 17 17 6 17 17 0 6 17 3 5 5 17 17 5 6 6 6 6 5 17 0 3 0 6 16 17
split_gain=30409.7 14138.6 10835.6 863.233 3220.58 1310.12 907.486 583.425 410.732 492.857 421.039 399.694 388.99 298.279 1054.86 551.813 273.363 315.74 258.18 252.414 237.068 211.216 185.068 196.7 177.829 382.319 170.008 157.871 157.061 563.916
threshold=7.5000000000000009 0 1 19.500000000000004 2 3 21.500000000000004 4 5 17.500000000000004 11.500000000000002 6 17.500000000000004 23.750000000000004 16.250000000000004 7 8 6.2500000000000009 18.500000000000004 11.500000000000002 19.500000000000004 19.500000000000004 16.250000000000004 9 14.000000000000002 14.000000000000002 112.50000000000001 20.500000000000004 220.03990833333339 10
decision_type=2 9 9 2 9 9 2 9 9 2 2 9 2 2 2 9 9 2 2 2 2 2 2 9 2 2 2 2 2 9
left_child=1 7 -2 5 12 22 11 18 9 10 -4 -6 -5 14 -12 21 17 19 -1 -7 24 -16 23 -3 25 -15 -10 -11 -18 -30
right_child=2 3 8 4 6 16 -8 -9 26 27 13 -13 -14 20 15 -17 28 -19 -20 -21 -22 -23 -24 -25 -26 -27 -28 -29 29 -31
leaf_value=-0.0043611052992959644 4.8216011082757861e-05 -0.00037948305053872036 -0.0002000170076159158 0.00036466809629018829 0.00057607020166647869 0.00085172979491394691 -0.0015115393798843081 -0.0015918197840236736 -2.2350580374919107e-06 -0.010667995217294113 0.0033947141326480692 -0.00099818839614460595 -0.064568850645076378 2.1190433957229972e-05 1.5726390802672797e-05 -1.0832913776681608e-06 -9.5335652663441908e-05 -0.0030274415467099747 -0.048377649373981639 -0.034992388077488189 -0.00095377866295995881 -0.00077708207270319471 -0.0018592197803445122 -0.0041204628960464177 2.7360011929911112e-05 -0.0015156867605568892 0.44284523859623309 0.012041949380374995 -0.023610547101172764 5.2088350329038138e-05
leaf_weight=3446 14207 2550 1019 4118 746 929 2391 53849 256979 921 1652 718 165 2770 800 1017 9531 976 2741 88 196 190 1481 3737 1331 275 894 185 327 1029
leaf_count=3446 14207 2550 1019 4118 746 929 2391 53849 256979 921 1652 718 165 2770 800 1017 9531 976 2741 88 196 190 1481 3737 1331 275 894 185 327 1029
internal_value=-0.00533187 -0.0308493 0.002693 -0.00203153 0.0117596 -0.00746804 -0.0213842 -0.0446591 0.000438229 0.0101968 0.0139784 0.00956284 0.0415444 0.0177317 0.0070921 -0.0172646 0.00231963 0.0192961 -0.0299258 0.0388889 0.0262467 0.0094 -0.0236693 -0.0274455 0.0286563 0.0353202 4.59511e-05 -0.0213382 -0.000802973 0.015118
internal_weight=371258 88822 282436 28786 8138 20648 3855 60036 268229 10356 9250 1464 4283 8231 3659 2007 12880 1993 6187 1017 4572 990 7768 6287 4376 3045 257873 1106 10887 1356
internal_count=371258 88822 282436 28786 8138 20648 3855 60036 268229 10356 9250 1464 4283 8231 3659 2007 12880 1993 6187 1017 4572 990 7768 6287 4376 3045 257873 1106 10887 1356
cat_boundaries=0 3 5 7 9 11 14 16 18 20 22 24
cat_threshold=2382415058 4098040064 2 2147483650 1049088 553910272 2118658 1635844096 151011330 67109952 604119040 134217744 2415919104 2 1048576 50331680 134217744 268435456 524292 4328 16777216 2 1310720 33554432
is_linear=0
shrinkage=0.05


Tree=121
num_leaves=31
num_cat=10
split_feature=0 17 17 6 17 17 6 3 17 17 5 5 0 17 17 17 5 6 5 6 6 17 16 0 3 6 0 6 14 16
split_gain=28402.8 15356.2 10833.8 1147.99 3663.95 1707.69 1272.31 559.189 471.172 420.217 500.089 922.668 670.915 456.819 403.796 385.168 456.579 288.883 278.776 269.455 237.068 188.142 184.816 177.829 382.319 168.827 166.543 165.697 172.731 160.139
threshold=7.5000000000000009 0 1 19.500000000000004 2 3 21.500000000000004 17.500000000000004 4 5 16.250000000000004 23.750000000000004 17.500000000000004 6 7 8 6.2500000000000009 11.500000000000002 16.250000000000004 11.500000000000002 19.500000000000004 9 29.839925000000004 14.000000000000002 14.000000000000002 15.500000000000002 112.50000000000001 19.500000000000004 219.96240833333334 220.03990833333339
decision_type=2 9 9 2 9 9 2 2 9 9 2 2 2 9 9 9 2 2 2 2 2 9 2 2 2 2 2 2 2 2
left_child=1 8 -2 5 7 18 14 -5 25 10 -4 13 17 27 22 16 19 -13 21 -7 23 -3 -6 24 -19 -1 -11 28 -12 -17
right_child=2 3 9 4 6 15 -8 -9 -10 26 11 12 -14 -15 -16 29 -18 20 -20 -21 -22 -23 -24 -25 -26 -27 -28 -29 -30 -31
leaf_value=-0.0063459765865000687 4.5805210528637735e-05 -0.0003605088980117799 0.0012892417271970658 0.00038704916506921984 0.0020237670687261568 0.00030071281262755711 -0.0013447228444894322 -0.061658777627385364 -0.0015122287948225123 -2.1233051356261968e-06 -3.9998350041958736e-05 -0.0002197332134039165 -0.0096697207963005738 -1.0291268087492257e-06 -0.015514985599880671 -0.00011264689354650859 -0.0028760694693744874 2.0130912259386236e-05 -0.0017662587913272799 -0.033242768673613775 -0.00090608972981192086 -0.0062192801944274574 0.00035506683148640584 2.5992011333375588e-05 -0.001439902422529027 -0.049146678069623251 0.42070297666642137 -0.00073822796906801717 1.4940071262525834e-05 4.9483932812588451e-05
leaf_weight=1470 14207 3929 2050 4678 457 1232 2750 221 53849 256979 392 498 788 1170 469 9562 1272 2770 1946 92 196 3144 628 1331 275 1757 894 223 663 1366
leaf_count=1470 14207 3929 2050 4678 457 1232 2750 221 53849 256979 392 498 788 1170 469 9562 1272 2770 1946 92 196 3144 628 1331 275 1757 894 223 663 1366
internal_value=-0.00505902 -0.0297201 0.00269654 -0.00183587 0.0130447 -0.00791155 -0.0206073 0.0425647 -0.0452212 0.000441957 0.0103126 0.00486395 0.0156367 -0.020915 0.0155084 0.00333235 0.0206063 0.0223077 -0.024748 0.0412387 0.0262467 -0.0293864 0.0321005 0.0286563 0.0353202 -0.026367 4.51755e-05 -7.76398e-05 0.00819905 -0.00078625
internal_weight=371258 88822 282436 31746 9203 22543 4304 4899 57076 268229 10356 8306 5858 2448 1554 13524 2596 5070 9019 1324 4572 7073 1085 4376 3045 3227 257873 1278 1055 10928
internal_count=371258 88822 282436 31746 9203 22543 4304 4899 57076 268229 10356 8306 5858 2448 1554 13524 2596 5070 9019 1324 4572 7073 1085 4376 3045 3227 257873 1278 1055 10928
cat_boundaries=0 3 5 7 9 11 14 16 18 20 22
cat_threshold=2382415058 3494060288 2 2147483650 1049088 553910272 538985474 1627455488 687882242 67109952 139264 134217744 2415919104 2 134217744 268435456 1048576 117444768 8912900 4328 16777216 536870914
is_linear=0
shrinkage=0.05


Tree=122
num_leaves=31
num_cat=15
split_feature=0 17 17 6 17 17 6 3 17 17 5 5 17 17 5 17 5 6 17 6 17 0 16 6 4 17 17 1 17 17
split_gain=27874.6 15697.1 10901 1336.07 3588.07 1707.69 1194.17 564.556 471.172 411.673 414.834 1146.83 397.941 385.168 456.579 313.117 278.776 269.455 248.612 237.474 188.142 185.063 180.417 168.827 163.001 251.38 186.677 263.695 301.466 247
threshold=7.5000000000000009 0 1 19.500000000000004 2 3 21.500000000000004 17.500000000000004 4 5 16.250000000000004 23.750000000000004 6 7 6.2500000000000009 8 16.250000000000004 11.500000000000002 9 11.500000000000002 10 14.000000000000002 29.839925000000004 15.500000000000002 8.5000000000000018 11 12 14.000000000000002 13 14
decision_type=2 9 9 2 9 9 2 2 9 9 2 2 9 9 2 9 2 2 9 2 9 2 2 2 2 9 9 2 9 9
left_child=1 8 -2 5 7 16 12 -5 23 10 -4 15 22 14 17 -12 20 -7 19 -13 -3 -20 -6 -1 26 -26 27 28 -11 -29
right_child=2 3 9 4 6 13 -8 -9 -10 24 11 18 -14 -15 -16 -17 -18 -19 21 -21 -22 -23 -24 -25 25 -27 -28 29 -30 -31
leaf_value=-0.006028677757175061 4.3514950002165879e-05 -0.00034248345311120869 0.003160516339655839 0.00033125955645458839 0.0019225787152898468 0.00028567717199616814 -0.0013687262686655989 -0.058575838746016108 -0.0014366173550814044 0.00017379686630158986 0.0011153549109610417 -0.00020874655273370735 -0.014739236319886651 -7.144603100233127e-05 -0.0027322659959057474 -9.7767046831620523e-07 -0.0016779458517609314 -0.031580630239933072 6.6021277850047969e-06 2.4692410766746775e-05 -0.0059083161847060866 -0.0046907047011707451 0.00033731348991210557 -0.046689344166142101 0.066779312219130207 -0.0016104968480479265 -0.00034773406772607989 -0.00074909072108635404 0.00028853598618088226 0.00010460471820987749
leaf_weight=1470 14207 3929 1661 4861 450 1232 2594 222 53849 8747 429 209 469 10928 1272 1170 1946 92 544 2600 3144 527 607 1757 14349 12398 144460 4038 8638 68459
leaf_count=1470 14207 3929 1661 4861 450 1232 2594 222 53849 8747 429 209 469 10928 1272 1170 1946 92 544 2600 3144 527 607 1757 14349 12398 144460 4038 8638 68459
internal_value=-0.00511827 -0.029549 0.00256483 -0.00135722 0.0146963 -0.00791155 -0.0199758 0.0427548 -0.0452212 0.000303274 0.0121399 0.00552108 0.0150721 0.00333235 0.0206063 -0.0301126 -0.024748 0.0412387 0.0202062 0.0279709 -0.0293864 -0.000416281 0.0319119 -0.026367 -2.08733e-05 0.00367705 -0.000442942 0.00134606 0.00687662 2.00008e-05
internal_weight=371258 88822 282436 31746 9203 22543 4120 5083 57076 268229 7140 5479 1526 13524 2596 1599 9019 1324 3880 2809 7073 1071 1057 3227 261089 26747 234342 89882 17385 72497
internal_count=371258 88822 282436 31746 9203 22543 4120 5083 57076 268229 7140 5479 1526 13524 2596 1599 9019 1324 3880 2809 7073 1071 1057 3227 261089 26747 234342 89882 17385 72497
cat_boundaries=0 3 5 7 9 11 14 16 18 19 22 24 27 29 31 33
cat_threshold=2382415058 3494060288 2 2147483650 1049088 553910272 538989570 1627455488 687882242 67109952 139264 134217744 2147483648 2 1048576 117440672 8912900 4328 134217744 0 2147483648 2 16777216 536870914 1342775616 537872458 1 622130180 35919042 17862656 5120 16809984 1024
is_linear=0
shrinkage=0.05


Tree=123
num_leaves=31
num_cat=13
split_feature=0 17 17 17 6 17 6 6 17 5 17 5 17 17 16 6 17 5 5 17 17 6 17 0 3 3 17 6 6 3
split_gain=31888 14290.1 10673 794.205 1157.4 1636.7 696.122 1052.96 684.255 826.105 627.769 535.026 486.781 471.891 432.965 402.484 389.792 365.347 1041.3 529.429 358.746 647.535 316.742 276.614 342.073 268.672 260.042 244.92 220.539 216.323
threshold=7.5000000000000009 0 1 2 11.500000000000002 3 21.500000000000004 19.500000000000004 4 23.750000000000004 5 6.2500000000000009 6 7 29.839925000000004 21.500000000000004 8 16.250000000000004 23.750000000000004 9 10 11.500000000000002 11 14.000000000000002 14.000000000000002 17.500000000000004 12 11.500000000000002 19.500000000000004 14.000000000000002
decision_type=2 9 9 9 2 9 2 2 9 2 9 2 9 9 2 2 9 2 2 9 9 2 9 2 2 2 9 2 2 2
left_child=1 13 -2 4 5 -3 7 20 9 14 17 -7 25 -1 -6 -10 -8 -4 19 -19 -5 22 -22 24 27 -9 29 -20 -29 -25
right_child=2 3 10 6 8 11 16 12 15 -11 -12 -13 -14 -15 -16 -17 -18 18 23 -21 21 -23 -24 26 -26 -27 -28 28 -30 -31
leaf_value=-0.0013647864873273187 4.1339202502044259e-05 -0.0010446358852307825 0.0012421663442235165 -0.0041079004167750453 0.00010145536435315351 0.00027139331339633979 0.0009870766370795093 0.0015624525309949179 0.00051264767551324481 -0.0063928384201234591 1.6701475513603016e-05 -0.005926096006142201 -0.01400227450389231 -0.0013647864873273187 0.00018082450576901722 -0.0013002899552323035 -0.00088314751960774098 1.1683620304925314e-05 -0.00019830922509704864 -9.2878694486486783e-07 0.0026381839317515254 -0.022913421491742803 -0.0064674370950616126 -0.0024958030993681214 -0.0025227695780638106 -0.077437269476319112 -0.0015077483171680229 1.7889746108057381e-05 -0.00068068786877715235 2.3457790228409438e-05
leaf_weight=18782 14207 3542 2050 2678 1211 1206 133 1615 633 910 257873 1000 517 42529 3836 546 2151 1278 353 1170 1551 3791 2064 78 322 127 1488 2770 120 727
leaf_count=18782 14207 3542 2050 2678 1211 1206 133 1615 633 910 257873 1000 517 42529 3836 546 2151 1278 353 1170 1551 3791 2064 78 322 127 1488 2770 120 727
internal_value=-0.0052042 -0.0313346 0.00301343 -0.00138621 0.00766248 -0.00902923 -0.00935643 -0.00467066 0.0211183 0.0279789 0.000775614 0.0247292 0.0261842 -0.0447653 0.0359322 -0.0136669 -0.0347198 0.0128401 0.00818685 -0.0191993 -0.0115827 -0.00587918 0.00925311 0.0196313 0.028345 0.0386986 0.00608373 0.0332254 0.0380277 0.028773
internal_weight=371258 88822 282436 27511 12884 5748 14627 12343 7136 5957 268229 2206 2259 61311 5047 1179 2284 10356 8306 2448 10084 7406 3615 5858 3565 1742 2293 3243 2890 805
internal_count=371258 88822 282436 27511 12884 5748 14627 12343 7136 5957 268229 2206 2259 61311 5047 1179 2284 10356 8306 2448 10084 7406 3615 5858 3565 1742 2293 3243 2890 805
cat_boundaries=0 3 5 7 9 11 14 16 18 20 22 24 26 28
cat_threshold=2399192274 3494060288 2 2147483650 1049088 814219268 2118816 536870912 2114560 536870912 2118656 134217744 2415919104 2 1310720 587202562 83903552 205056 0 536870912 134217744 268435456 0 536870914 1310720 117440584 0 2147483648
is_linear=0
shrinkage=0.05


Tree=124
num_leaves=31
num_cat=12
split_feature=0 17 17 6 17 17 6 17 3 17 17 5 17 5 5 17 0 3 6 17 6 5 6 3 17 6 6 6 16 17
split_gain=28587.6 15663.3 10702 1064.54 3573.47 1519.97 1005.72 637.101 538.373 471.172 414.582 456.579 392.507 364.228 1044.05 529.429 273.373 342.073 269.455 257.069 244.92 241.656 220.539 216.323 194.803 194.676 177.284 168.827 163.917 547.347
threshold=7.5000000000000009 0 1 19.500000000000004 2 3 21.500000000000004 4 17.500000000000004 5 6 6.2500000000000009 7 16.250000000000004 23.750000000000004 8 14.000000000000002 14.000000000000002 11.500000000000002 9 11.500000000000002 16.250000000000004 19.500000000000004 14.000000000000002 10 19.500000000000004 11.500000000000002 15.500000000000002 220.03990833333339 11
decision_type=2 9 9 2 9 9 2 9 2 9 9 2 9 2 2 9 2 2 2 9 2 2 2 2 9 2 2 2 2 9
left_child=1 9 -2 5 8 21 12 13 -5 27 11 18 -6 -4 15 25 17 20 -7 23 -16 24 -22 -18 -3 26 -15 -1 -12 -30
right_child=2 3 7 4 6 10 -8 -9 -10 -11 28 -13 -14 14 16 -17 19 -19 -20 -21 22 -23 -24 -25 -26 -27 -28 -29 29 -31
leaf_value=-0.0056590045449499199 3.927224237694205e-05 -0.00025711995608928006 0.001180058027012354 0.00030962381041419465 0.00048701529173760254 0.00025782364772650726 -0.0012352754574707081 1.5866401737962833e-05 -0.055652119576932974 -0.0012965471629609482 -0.00055872789890911714 -0.0022993478958033275 -0.0011712286493137825 -2.1195910168803067e-05 -0.00018839376384223173 -8.8234759765271065e-07 -0.0023710129443997199 -0.0023966310991605957 -0.030027231111712061 -0.0014323609013096039 1.6995258802676717e-05 -0.0015258092348064967 -0.00064665347533825472 2.2284900717028935e-05 -0.0055606685812092495 -0.00068451404824356745 3.0995590070492797e-05 -0.044286637633468608 -0.021283250566617486 4.1540812433638056e-05
leaf_weight=1470 14207 3191 2050 4861 847 1232 2594 257873 222 53849 10346 1272 679 218 353 1170 78 322 92 1488 2770 1860 120 727 3144 223 837 1757 327 1079
leaf_count=1470 14207 3191 2050 4861 847 1232 2594 257873 222 53849 10346 1272 679 218 353 1170 78 322 92 1488 2770 1860 120 727 3144 223 837 1757 327 1079
internal_value=-0.00482468 -0.0295659 0.00295607 -0.00140446 0.0129251 -0.00725502 -0.0216707 0.00071522 0.0409287 -0.0452212 0.00256303 0.0206063 0.0104849 0.012869 0.00822297 -0.0191993 0.0196825 0.028345 0.0412387 0.00621457 0.0332254 -0.024418 0.0380277 0.028773 -0.0291002 0.00318323 0.0121801 -0.026367 -0.00143683 0.0145804
internal_weight=371258 88822 282436 31746 9203 22543 4120 268229 5083 57076 14348 2596 1526 10356 8306 2448 5858 3565 1324 2293 3243 8195 2890 805 6335 1278 1055 3227 11752 1406
internal_count=371258 88822 282436 31746 9203 22543 4120 268229 5083 57076 14348 2596 1526 10356 8306 2448 5858 3565 1324 2293 3243 8195 2890 805 6335 1278 1055 3227 11752 1406
cat_boundaries=0 3 5 7 9 12 14 16 19 21 23 25 27
cat_threshold=2382415058 3494060288 2 2147483650 1049088 553910272 538989570 1627455488 687882240 134217744 2415919104 2 67109952 139264 8912900 4328 1048576 117440544 4 134217744 268435456 0 2147483648 16777216 536870912 1310720 33554432
is_linear=0
shrinkage=0.05


Tree=125
num_leaves=31
num_cat=13
split_feature=0 17 17 6 17 17 6 17 3 17 17 5 5 17 5 17 6 17 5 6 17 17 3 0 6 5 17 5 6 6
split_gain=27618.2 16796 10702 1183.59 3221.22 1803.1 1089.4 637.101 545.906 471.172 390.31 364.228 1059.66 520.512 348.841 872.735 472.777 626.44 630.135 359.933 351.029 330.715 286.263 268.022 263.261 246.454 235.889 220.675 216.594 191.104
threshold=7.5000000000000009 0 1 19.500000000000004 2 3 21.500000000000004 4 17.500000000000004 5 6 16.250000000000004 23.750000000000004 7 6.2500000000000009 8 11.500000000000002 9 23.750000000000004 11.500000000000002 10 11 7.5000000000000009 17.500000000000004 11.500000000000002 16.250000000000004 12 8.7500000000000018 19.500000000000004 19.500000000000004
decision_type=2 9 9 2 9 9 2 9 2 9 9 2 2 9 2 9 2 9 2 2 9 9 2 2 2 2 9 2 2 2
left_child=1 9 -2 5 8 21 10 11 -5 -1 -6 -4 13 29 15 -7 20 18 22 -17 -16 25 -18 28 26 -3 -23 -28 -14 -13
right_child=2 3 7 4 6 14 -8 -9 -10 -11 -12 12 23 -15 16 19 17 -19 -20 -21 -22 24 -24 -25 -26 -27 27 -29 -30 -31
leaf_value=-0.041920645452134232 3.7308630258081621e-05 -0.00024426395828482941 0.0011210551256617407 0.00029414261989346713 0.00046266452715073572 -0.0050091061619487402 -0.001173511684597184 1.5073081651095778e-05 -0.052869513598086337 -0.0012317198048128919 -0.013243599346232005 2.9445810567008127e-05 1.6145495862573968e-05 -8.3823021777007514e-07 -0.00096446769602378526 0.00024493246534018631 8.4954948846682757e-05 -0.015311988392641675 -0.0060452601041718346 -0.028525869556126439 0.044579067447065773 0.00027221052152874846 0.00012431899108094059 -0.0088879779677446535 -0.023690293949506103 -0.001449518773066183 -0.0032134710564091229 0.00017435780712671267 -0.00069196976773127088 -0.00065028834583138464
leaf_weight=3227 14207 4502 2050 5110 995 1138 2391 257873 238 53849 469 1055 4874 1170 1648 1878 2326 1101 908 160 1809 453 786 788 2596 1455 1019 764 196 223
leaf_count=3227 14207 4502 2050 5110 995 1138 2391 257873 238 53849 469 1055 4874 1170 1648 1878 2326 1101 908 160 1809 453 786 788 2596 1455 1019 764 196 223
internal_value=-0.00469162 -0.0290097 0.00295607 0.000151153 0.0152613 -0.00601739 -0.0195731 0.00071522 0.0403322 -0.0452212 0.0143443 0.012869 0.00822297 -0.0194036 0.00753145 0.021694 0.00229657 0.011941 0.021067 0.0411621 -0.0119902 -0.0207658 0.0318123 0.0197678 -0.0109872 -0.028666 0.0015653 -0.00666481 0.0239842 0.00279503
internal_weight=371258 88822 282436 31746 9203 22543 3855 268229 5348 57076 1464 10356 8306 2448 11754 3176 8578 5121 4020 2038 3457 10789 3112 5858 4832 5957 2236 1783 5070 1278
internal_count=371258 88822 282436 31746 9203 22543 3855 268229 5348 57076 1464 10356 8306 2448 11754 3176 8578 5121 4020 2038 3457 10789 3112 5858 4832 5957 2236 1783 5070 1278
cat_boundaries=0 3 5 7 9 12 14 16 18 21 23 25 27 28
cat_threshold=2382415058 3494060288 2 2147483650 1049088 553910272 606098434 1627717632 687882258 134217744 2415919104 2 67109952 139264 1048576 50331808 134217744 268435456 268435716 1033 5 524544 2098304 0 2098176 553648128 536887296 262144
is_linear=0
shrinkage=0.05


Tree=126
num_leaves=31
num_cat=13
split_feature=0 17 17 6 17 17 6 17 17 3 5 17 6 17 5 17 6 5 5 17 17 6 17 3 0 17 5 5 6 6
split_gain=27331 17075.7 10702 1061.17 3440.8 1751.26 986.714 637.101 554.357 545.906 413.464 907.435 504.265 669.235 630.135 379.587 368.61 364.228 1059.66 520.512 314.729 291.795 287.631 286.263 268.022 266.498 246.454 220.675 216.594 191.104
threshold=7.5000000000000009 0 1 19.500000000000004 2 3 21.500000000000004 4 5 17.500000000000004 6.2500000000000009 6 11.500000000000002 7 23.750000000000004 8 11.500000000000002 16.250000000000004 23.750000000000004 9 10 11.500000000000002 11 7.5000000000000009 17.500000000000004 12 16.250000000000004 8.7500000000000018 19.500000000000004 19.500000000000004
decision_type=2 9 9 2 9 9 2 9 9 2 2 9 2 9 2 9 2 2 2 9 9 2 9 2 2 9 2 2 2 2
left_child=1 22 -2 5 9 15 8 17 -6 -5 11 -7 20 14 23 26 25 -4 19 29 -12 -13 -1 -14 28 -17 -3 -27 -20 -19
right_child=2 3 7 4 6 10 -8 -9 -10 -11 12 21 13 -15 -16 16 -18 18 24 -21 -22 -23 -24 -25 -26 27 -28 -29 -30 -31
leaf_value=-0.0011701338145722496 3.5443198745177541e-05 -0.00023205076037058348 0.0010650023693786538 0.00027943548889881599 0.00043953130079321667 -0.0047586508538512984 -0.0011148361003673114 1.4319427568576515e-05 -0.033764325541422967 -0.050226037918182032 -0.00091624431122259162 0.00023268584207318811 8.070720140436195e-05 -0.015448865057335538 -0.0057429970989632652 0.0025206006040329413 -0.021238453505304247 2.7973520038671042e-05 1.5338221069427505e-05 -7.9631870688601234e-07 0.042350114074712501 -0.027099576078320101 -0.0011701338145722496 0.00011810304152688468 -0.0084435790693573771 -0.0030527975035886893 -0.0013770428344128671 0.00016563991677038815 -0.00065737127934473172 -0.00061777392853983319
leaf_weight=13376 14207 4502 2050 5110 1034 1138 2523 257873 640 238 1648 1975 2326 1019 908 723 3047 1055 4874 1170 1914 148 42529 786 788 1019 1455 764 196 223
leaf_count=13376 14207 4502 2050 5110 1034 1138 2523 257873 640 238 1648 1975 2326 1019 908 723 3047 1055 4874 1170 1914 148 42529 786 788 1019 1455 764 196 223
internal_value=-0.00465175 -0.0288431 0.00295607 -0.000265739 0.0137821 -0.00600291 -0.0200975 0.00071522 0.00961768 0.0403322 0.00747978 0.0226464 0.00173817 0.011917 0.021067 -0.0198872 -0.010435 0.012869 0.00822297 -0.0194036 -0.0126614 0.0418425 -0.0456613 0.0318123 0.0197678 0.003751 -0.028666 -0.00666481 0.0239842 0.00279503
internal_weight=371258 88822 282436 32917 9545 23372 4197 268229 1674 5348 11862 3261 8601 5039 4020 11510 5553 10356 8306 2448 3562 2123 55905 3112 5858 2506 5957 1783 5070 1278
internal_count=371258 88822 282436 32917 9545 23372 4197 268229 1674 5348 11862 3261 8601 5039 4020 11510 5553 10356 8306 2448 3562 2123 55905 3112 5858 2506 5957 1783 5070 1278
cat_boundaries=0 3 5 7 9 12 15 18 20 22 24 26 28 29
cat_threshold=2382415058 3493929216 2 2147483650 1049088 553910272 606098434 1628766208 687882258 134217744 2415919104 2 1048576 50331808 4 268435716 1033 5 524544 2098304 553648128 536887296 134217744 268435456 0 2098176 67126336 73984 1310720
is_linear=0
shrinkage=0.05


Tree=127
num_leaves=31
num_cat=13
split_feature=0 17 17 6 17 17 6 17 3 17 17 5 5 5 17 17 6 0 5 6 6 6 17 17 6 3 0 17 17 5
split_gain=28583.9 15639.5 10703.1 794.237 3814.47 1495.34 988.09 632.287 532.206 490.369 444.185 456.579 366.093 1070.74 511.67 287.631 269.455 268.022 257.778 216.594 187.565 189.363 160.34 159.958 157.684 184.045 285.446 237.558 155.519 357.761
threshold=7.5000000000000009 0 1 19.500000000000004 2 3 21.500000000000004 4 17.500000000000004 5 6 6.2500000000000009 16.250000000000004 23.750000000000004 7 8 11.500000000000002 17.500000000000004 16.250000000000004 19.500000000000004 19.500000000000004 11.500000000000002 9 10 11.500000000000002 14.000000000000002 14.000000000000002 11 12 23.750000000000004
decision_type=2 9 9 2 9 9 2 9 2 9 9 2 2 2 9 9 2 2 2 2 2 2 9 9 2 2 2 9 9 2
left_child=1 15 -2 5 8 18 9 12 -5 -6 11 16 -4 14 20 -1 -7 19 22 24 21 -14 -3 -19 -15 26 -26 -27 29 -9
right_child=2 3 7 4 6 10 -8 28 -10 -11 -12 -13 13 17 -16 -17 -18 23 -20 -21 -22 -23 -24 -25 25 27 -28 -29 -30 -31
leaf_value=-0.0011116271238436504 3.3671038807892016e-05 -0.00022044822235205432 0.0010117522509097477 0.00029793240774420585 0.00041755473575353367 0.00022105154996951982 -0.0010590942953489612 0.00022458251324701807 -0.047714736022272941 -0.010893203101849248 -1.1586455615875125e-05 -0.0065308395771020329 -2.300708119067352e-05 -0.00018054826149676019 -7.5650277153727075e-07 -0.0011116271238436504 -0.025744597274404105 0.00093104319594345959 -0.0013081906926922127 -0.00062450271537746189 -0.00058688523211287709 2.6574844036719727e-05 -0.0035414741147778098 -0.018620531661283836 1.4571310015920602e-05 1.9596469834493038e-05 -0.00059440447387917319 -0.0010834816781557066 -0.00033682036513678072 -0.00070243685605824173
leaf_weight=13376 14207 3191 2050 4678 813 1232 2882 50272 221 951 12989 1272 218 498 1170 42529 92 283 1852 196 223 837 2744 505 2770 468 329 809 181055 26546
leaf_count=13376 14207 3191 2050 4678 813 1232 2882 50272 221 951 12989 1272 218 498 1170 42529 92 283 1852 196 223 837 2744 505 2770 468 329 809 181055 26546
internal_value=-0.00482629 -0.0295659 0.00295394 -0.00221551 0.00993714 -0.00717953 -0.0225086 0.000712984 0.0406702 0.0069161 0.00176659 0.0206063 0.0128208 0.00816277 -0.0196078 -0.0456613 0.0412387 0.0197678 -0.0250545 0.0239842 0.00240683 0.0112322 -0.0301685 -0.00736041 0.0260566 0.0290905 0.0356728 0.0131167 0.000226265 0.00211121
internal_weight=371258 88822 282436 32917 9545 23372 4646 268229 4899 1764 15585 2596 10356 8306 2448 55905 1324 5858 7787 5070 1278 1055 5935 788 4874 4376 3099 1277 257873 76818
internal_count=371258 88822 282436 32917 9545 23372 4646 268229 4899 1764 15585 2596 10356 8306 2448 55905 1324 5858 7787 5070 1278 1055 5935 788 4874 4376 3099 1277 257873 76818
cat_boundaries=0 3 5 7 9 12 15 17 19 21 23 25 27 29
cat_threshold=2382415058 3493929216 2 2147483650 1049088 553910272 538985474 553713664 687882240 134217744 2415919104 2 1048576 50335776 4 8912900 4328 134217744 268435456 67126336 73984 16777216 536870912 0 2147483648 0 2147483648 537960448 35929440
is_linear=0
shrinkage=0.05


Tree=128
num_leaves=31
num_cat=12
split_feature=0 17 17 17 6 17 6 6 17 17 5 17 6 17 5 16 6 17 17 5 5 17 3 0 6 5 3 6 17 6
split_gain=30761.3 15408.3 10706 815.757 1280.29 1599.67 673.466 746.144 809.261 649.27 842.247 638.973 505.582 707.618 498.613 443.636 423.086 384.97 365.643 363.855 1060.59 520.512 268.672 268.36 216.76 213.558 197.775 191.104 190.621 173.124
threshold=7.5000000000000009 0 1 2 11.500000000000002 3 21.500000000000004 19.500000000000004 4 5 23.750000000000004 6 11.500000000000002 7 6.2500000000000009 29.839925000000004 21.500000000000004 8 9 16.250000000000004 23.750000000000004 10 17.500000000000004 17.500000000000004 19.500000000000004 8.7500000000000018 14.000000000000002 19.500000000000004 11 11.500000000000002
decision_type=2 9 9 9 2 9 2 2 9 9 2 9 2 9 2 2 2 9 9 2 2 9 2 2 2 2 2 2 9 2
left_child=1 18 -2 4 5 -3 7 12 22 16 15 19 13 25 -7 -11 -6 -8 -1 -4 21 27 -9 24 -22 -5 -14 29 -27 -21
right_child=2 3 11 6 9 14 17 8 -10 10 -12 -13 26 -15 -16 -17 -18 -19 -20 20 23 -23 -24 -25 -26 28 -28 -29 -30 -31
leaf_value=-0.0010560457676514813 3.1987486867457453e-05 -0.00086985277288063054 0.00096116463836422035 -0.003854811251081447 0.00053975666603047758 0.00020999897247104827 0.00087866608887794413 0.0014252731880975756 -0.031531449109259362 0.00011277721223135195 -0.0054552679212342969 1.4413983164551781e-05 -0.021078427591584115 0.00084519488870200561 -0.0095347409082787056 0.00019201589069428593 -0.0010061395805815111 -0.0027605484639745105 -0.0010560457676514813 -2.1856727131108758e-05 1.3842744515102368e-05 -7.1867763296040721e-07 -0.063242285646729443 -0.0075107695340383531 -0.00059327757960860874 -0.00049699582311264485 -0.022225922458116099 -0.00055754097050719764 0.00015793724371269136 2.5246101834852652e-05
leaf_weight=17611 14207 3542 2050 1013 634 1236 133 1615 640 1231 910 257873 4188 3289 1001 4120 565 2061 42529 218 4874 1170 127 788 196 709 1037 223 631 837
leaf_count=17611 14207 3542 2050 1013 634 1236 133 1615 640 1231 910 257873 4188 3289 1001 4120 565 2061 42529 218 4874 1170 127 788 196 709 1037 223 631 837
internal_value=-0.00512285 -0.0307874 0.00294828 -0.000623867 0.00847989 -0.00917979 -0.00842878 -0.00418522 0.0211587 0.0221716 0.0285999 0.000707019 -0.0097405 0.000638072 0.0238763 0.0362082 -0.0115385 -0.034093 -0.0451654 0.0128786 0.00823501 -0.0194036 0.0386986 0.0197849 0.0240039 -0.0202497 -0.0209474 0.00279503 -0.00723881 0.0117062
internal_weight=371258 88822 282436 28682 13239 5779 15443 13249 2382 7460 6261 268229 10867 5642 2237 5351 1199 2194 60140 10356 8306 2448 1742 5858 5070 2353 5225 1278 1340 1055
internal_count=371258 88822 282436 28682 13239 5779 15443 13249 2382 7460 6261 268229 10867 5642 2237 5351 1199 2194 60140 10356 8306 2448 1742 5858 5070 2353 5225 1278 1340 1055
cat_boundaries=0 3 5 8 10 12 15 18 20 22 24 26 28
cat_threshold=2399192274 3493929216 2 2147483650 1049088 814219264 69227680 4 536870912 2114560 1310720 587202562 8912896 160 4 134217744 2415919104 2 65536 671088642 0 536870912 83903552 73984 134217744 268435456 0 536870912
is_linear=0
shrinkage=0.05


Tree=129
num_leaves=31
num_cat=13
split_feature=0 17 17 6 17 17 6 17 3 17 5 17 6 17 5 17 6 5 5 17 17 6 17 3 0 17 5 5 6 6
split_gain=27155.4 17190.2 10725.3 1111.61 3539.2 1746.82 986.714 643.208 558.667 554.357 413.464 907.435 504.265 669.235 630.135 382.623 364.881 363.855 1060.59 520.512 314.729 291.795 287.631 286.263 268.36 266.498 246.454 220.675 216.76 191.104
threshold=7.5000000000000009 0 1 19.500000000000004 2 3 21.500000000000004 4 17.500000000000004 5 6.2500000000000009 6 11.500000000000002 7 23.750000000000004 8 11.500000000000002 16.250000000000004 23.750000000000004 9 10 11.500000000000002 11 7.5000000000000009 17.500000000000004 12 16.250000000000004 8.7500000000000018 19.500000000000004 19.500000000000004
decision_type=2 9 9 2 9 9 2 9 2 9 2 9 2 9 2 9 2 2 2 9 9 2 9 2 2 9 2 2 2 2
left_child=1 22 -2 5 8 15 9 17 -5 -6 11 -7 20 14 23 26 25 -4 19 29 -12 -13 -1 -14 28 -17 -3 -27 -20 -19
right_child=2 3 7 4 6 10 -8 -9 -10 -11 12 21 13 -15 -16 16 -18 18 24 -21 -22 -23 -24 -25 -26 27 -28 -29 -30 -31
leaf_value=-0.0010032434792689227 3.0388112524093458e-05 -0.00015662352285188421 0.00091310640644604035 0.00024492823345507732 0.00051276883272897142 -0.0044766463497338815 -0.00095583260155245324 1.3693284006333073e-05 -0.04533463808177083 -0.029954876653796394 -0.00082636013423660344 0.00019949902384750474 6.7650369580229963e-05 -0.013621921102108737 -0.0051825045251725939 0.0023528901521770343 -0.019122030127679015 2.3983796743110022e-05 1.3150607289347249e-05 -6.8274375131238685e-07 0.04019092794932249 -0.024484355243985425 -0.0010032434792689227 0.00010713835161979546 -0.0071352310573363558 -0.0027138083105108903 -0.0011899788696750236 0.00015004038152706124 -0.0005636137006281406 -0.00052966392198179342
leaf_weight=13376 14207 4502 2050 5110 1034 1138 2523 257873 238 640 1648 1975 2326 1019 908 723 3047 1055 4874 1170 1914 148 42529 786 788 1019 1455 764 196 223
leaf_count=13376 14207 4502 2050 5110 1034 1138 2523 257873 238 640 1648 1975 2326 1019 908 723 3047 1055 4874 1170 1914 148 42529 786 788 1019 1455 764 196 223
internal_value=-0.0046733 -0.0287868 0.00291004 -0.000113888 0.014264 -0.00598579 -0.0200975 0.000666756 0.0411907 0.00961768 0.00747978 0.0226464 0.00173817 0.011917 0.021067 -0.0198524 -0.0103631 0.0128786 0.00823501 -0.0194036 -0.0126614 0.0418425 -0.0456613 0.0318123 0.0197849 0.003751 -0.028666 -0.00666481 0.0240039 0.00279503
internal_weight=371258 88822 282436 32917 9545 23372 4197 268229 5348 1674 11862 3261 8601 5039 4020 11510 5553 10356 8306 2448 3562 2123 55905 3112 5858 2506 5957 1783 5070 1278
internal_count=371258 88822 282436 32917 9545 23372 4197 268229 5348 1674 11862 3261 8601 5039 4020 11510 5553 10356 8306 2448 3562 2123 55905 3112 5858 2506 5957 1783 5070 1278
cat_boundaries=0 3 5 7 9 12 15 18 20 22 24 26 28 29
cat_threshold=2382415058 3493929216 2 2147483650 1049088 553910272 606098434 1628766208 687882258 134217744 2415919104 2 1048576 50331808 4 268435716 1033 5 524544 2098304 553648128 536887296 134217744 268435456 0 2098176 67126336 73984 1310720
is_linear=0
shrinkage=0.05


Tree=130
num_leaves=31
num_cat=13
split_feature=0 17 17 6 17 17 6 17 17 3 5 17 6 17 5 5 5 17 6 17 17 3 0 17 5 6 6 6 14 17
split_gain=27686.1 16477.5 10748.3 1197.53 3455.68 1872.51 986.714 648.245 554.357 547.839 467.584 876.327 428.043 855.84 630.135 363.855 1060.59 520.512 306.299 301.03 287.631 286.263 268.36 220.325 246.454 216.76 191.104 173.124 162.179 469.598
threshold=7.5000000000000009 0 1 19.500000000000004 2 3 21.500000000000004 4 5 17.500000000000004 6.2500000000000009 6 11.500000000000002 7 23.750000000000004 16.250000000000004 23.750000000000004 8 11.500000000000002 9 10 7.5000000000000009 17.500000000000004 11 16.250000000000004 19.500000000000004 19.500000000000004 11.500000000000002 709.93887500000017 12
decision_type=2 9 9 2 9 9 2 9 9 2 2 9 2 9 2 2 2 9 2 9 9 2 2 9 2 2 2 2 2 9
left_child=1 20 -2 5 9 23 8 15 -6 -5 11 -7 19 14 21 -4 17 26 -13 -12 -1 -14 25 24 -3 -18 27 -17 -9 -30
right_child=2 3 7 4 6 10 -8 28 -10 -11 12 18 13 -15 -16 16 22 -19 -20 -21 -22 -23 -24 -25 -26 -27 -28 -29 29 -31
leaf_value=-0.00095308130530549209 2.8868706897888785e-05 -0.00014879234670930332 0.00086745108612369399 0.00023268182178233233 0.00048713039109253846 -0.0042528140322471769 -0.0009080409714748328 -4.0814200338079587e-05 -0.028457132821106557 -0.043067906177682282 -0.00078504212752479325 0.0006416027706637184 6.4267851101229573e-05 -0.012038348962677326 -0.0049233792989139772 -2.1963080611708819e-05 1.2493076924879888e-05 -6.4860656374676755e-07 -0.023702036850950806 0.022187464148256276 -0.00095308130530549209 0.00010178143403880569 -0.0067784695044695205 -0.015962048456802113 -0.0011304799261912634 -0.00053543301559675347 -0.0005031807258826682 2.2784606905990047e-05 0.0019937436853098233 -0.0017630802528516122
leaf_weight=13376 14207 4502 2050 5110 1034 1138 2523 231812 640 238 1648 1958 2326 1429 908 218 4874 1170 153 1986 42529 786 788 5083 1455 196 223 837 12682 13379
leaf_count=13376 14207 4502 2050 5110 1034 1138 2523 231812 640 238 1648 1958 2326 1429 908 218 4874 1170 153 1986 42529 786 788 5083 1455 196 223 837 12682 13379
internal_value=-0.00479235 -0.0291403 0.00286472 -0.00106751 0.0138554 -0.00716242 -0.0200975 0.000619038 0.00961768 0.0404629 0.00623076 0.0225146 0.000412859 0.00927693 0.021067 0.0128786 0.00823501 -0.0194036 0.0414663 -0.0128784 -0.0456613 0.0318123 0.0197849 -0.0221086 -0.028666 0.0240039 0.00279503 0.0117062 0.00012622 0.00386593
internal_weight=371258 88822 282436 32917 9545 23372 4197 268229 1674 5348 12332 3249 9083 5449 4020 10356 8306 2448 2111 3634 55905 3112 5858 11040 5957 5070 1278 1055 257873 26061
internal_count=371258 88822 282436 32917 9545 23372 4197 268229 1674 5348 12332 3249 9083 5449 4020 10356 8306 2448 2111 3634 55905 3112 5858 11040 5957 5070 1278 1055 257873 26061
cat_boundaries=0 3 5 7 9 12 15 18 20 22 24 26 28 31
cat_threshold=2382415058 3493929216 2 2147483650 1049088 553910272 606098434 1627717632 687882290 134217744 2415919104 2 1048576 50331808 4 268435716 1033 5 524544 2098304 134217744 268435456 0 2098176 67126336 73984 553648128 536887296 1981547584 67976480 8
is_linear=0
shrinkage=0.05


Tree=131
num_leaves=31
num_cat=13
split_feature=0 17 17 6 17 17 17 6 3 17 17 5 5 5 17 17 17 6 0 5 6 6 6 6 6 14 17 17 14 17
split_gain=27299.2 16952.5 10742.2 1455.8 3033.41 1498.2 646.905 547.959 505.683 469.083 442.373 456.579 363.855 1060.59 520.512 359.988 287.631 269.455 268.36 257.372 237.933 387.017 216.76 191.104 173.124 161.122 249.207 214.614 169.072 161.072
threshold=7.5000000000000009 0 1 19.500000000000004 2 3 4 21.500000000000004 17.500000000000004 5 6 6.2500000000000009 16.250000000000004 23.750000000000004 7 8 9 11.500000000000002 17.500000000000004 16.250000000000004 21.500000000000004 22.500000000000004 19.500000000000004 19.500000000000004 11.500000000000002 150.11590000000004 10 11 779.93168333333358 12
decision_type=2 9 9 2 9 9 9 2 2 9 9 2 2 2 9 9 9 2 2 2 2 2 2 2 2 2 9 9 2 9
left_child=1 16 -2 5 8 19 12 9 15 -6 11 17 -4 14 23 20 -1 -7 22 29 -5 -22 -15 24 -14 26 -8 28 -27 -3
right_child=2 3 6 4 7 10 25 -9 -10 -11 -12 -13 13 18 -16 -17 -18 -19 -20 -21 21 -23 -24 -25 -26 27 -28 -29 -30 -31
leaf_value=-0.00090542724004021307 2.7425271552949939e-05 -0.00014135272937383371 0.00082407853181747375 0.00045001850308361573 0.0022437926746359249 0.00066587442666263827 0.0090833498104116121 -0.0025293273621244342 -0.041556319538135968 -0.027034276180051234 -9.5695839165799164e-06 -0.0069390045274590143 -2.0864926581154464e-05 1.1868423078631452e-05 -6.161762355461065e-07 0.00020894001646687421 -0.00090542724004021307 -0.02245938339352407 -0.0064395460292461237 -0.0010739559298817093 -1.8934976061979469e-05 3.5527335162210963e-06 -0.00050866136481695354 -0.00047802168958854807 2.1645376560730514e-05 -0.0033424750994011988 2.7940046865104764e-05 7.3512347732140889e-05 0.00079438758442940127 -0.0033056369769168372
leaf_weight=13376 14207 3191 2050 756 594 1232 20440 1996 270 640 12989 1272 218 4874 1170 4528 42529 92 788 1852 352 409 196 223 837 57064 43113 132515 4741 2744
leaf_count=13376 14207 3191 2050 756 594 1232 20440 1996 270 640 12989 1272 218 4874 1170 4528 42529 92 788 1852 352 409 196 223 837 57064 43113 132515 4741 2744
internal_value=-0.00472663 -0.0289039 0.00287676 -0.000429739 0.0160241 -0.00714958 0.000631713 -0.0233642 0.0361502 0.00275527 0.00180507 0.0206063 0.0128786 0.00823501 -0.0194036 0.0391977 -0.0456613 0.0412387 0.0197849 -0.0250417 0.0177145 -0.00190539 0.0240039 0.00279503 0.0117062 0.000139404 0.00232483 -0.00057534 -0.00300817 -0.0301516
internal_weight=371258 88822 282436 32917 9545 23372 268229 3230 6315 1234 15585 2596 10356 8306 2448 6045 55905 1324 5858 7787 1517 761 5070 1278 1055 257873 63553 194320 61805 5935
internal_count=371258 88822 282436 32917 9545 23372 268229 3230 6315 1234 15585 2596 10356 8306 2448 6045 55905 1324 5858 7787 1517 761 5070 1278 1055 257873 63553 194320 61805 5935
cat_boundaries=0 3 5 7 9 12 15 17 19 21 23 26 29 31
cat_threshold=2382415058 3493929216 2 2147483650 1049088 553910272 639652866 553713664 687882240 134217744 2415919104 2 1048576 16777376 4 8912900 4328 134217744 268435456 262144 33558528 67126336 73984 1073868864 2770208 4 1073828932 554262528 4 16777216 536870912
is_linear=0
shrinkage=0.05


Tree=132
num_leaves=31
num_cat=14
split_feature=0 17 17 6 17 17 17 6 17 3 17 5 17 5 5 17 17 6 0 5 6 6 6 1 5 17 17 6 17 17
split_gain=27245.2 16522.4 10867 1216.44 3114.91 1498.2 651.503 638.35 491.938 485.471 442.373 456.579 349.345 332.789 1161.6 477.937 287.631 269.455 257.866 257.372 237.933 387.017 235.502 208.362 902.11 974.256 554.775 512.562 848.778 507.904
threshold=7.5000000000000009 0 1 19.500000000000004 2 3 4 21.500000000000004 5 17.500000000000004 6 6.2500000000000009 7 16.250000000000004 23.750000000000004 8 9 11.500000000000002 17.500000000000004 16.250000000000004 21.500000000000004 22.500000000000004 19.500000000000004 17.500000000000004 23.750000000000004 10 11 19.500000000000004 12 13
decision_type=2 9 9 2 9 9 9 2 9 2 9 2 9 2 2 9 9 2 2 2 2 2 2 2 2 9 9 2 9 9
left_child=1 16 -2 5 9 19 13 8 -6 12 11 17 20 -4 15 -15 -1 -7 22 -3 -5 -22 -16 24 25 -8 -26 29 -29 -27
right_child=2 3 6 4 7 10 23 -9 -10 -11 -12 -13 -14 14 18 -17 -18 -19 -20 -21 21 -23 -24 -25 26 27 -28 28 -30 -31
leaf_value=-0.00086015587803820468 2.6054007975329088e-05 -0.00044980760201025484 0.00041154080704375318 0.00042751757792944826 0.0019885233738394792 0.00063258070532952188 0.0006856782508257276 -0.00077566188423099374 -0.025682562371048691 -0.038836694891891371 -9.0911047207598024e-06 -0.0065920543010860484 0.00021060072986984758 6.6695695188911941e-07 1.6048903752352573e-05 -5.85367423777683e-07 -0.00086015587803820468 -0.021336414223847845 -0.0030627768913472409 -0.0010202581333876193 -1.7988227258891597e-05 3.375096840407821e-06 -0.00048322829657609923 0.00027490785884944915 0.00012093862508857357 -0.014590831196560839 -0.0090881370686133785 -0.0083211369210414166 0.00091495529970195841 -0.0001138768032201476
leaf_weight=13376 14207 5935 1814 756 656 1232 17503 2199 640 254 12989 1272 4279 1079 4327 1170 42529 92 750 1852 352 409 196 179662 3234 17182 11779 3380 8866 17287
leaf_count=13376 14207 5935 1814 756 656 1232 17503 2199 640 254 12989 1272 4279 1079 4327 1170 42529 92 750 1852 352 409 196 179662 3234 17182 11779 3380 8866 17287
internal_value=-0.00496447 -0.0291178 0.00263139 -0.00100677 0.0140335 -0.00714958 0.000373361 -0.0235235 0.00424383 0.0357096 0.00180507 0.0206063 0.0387336 0.0133426 0.00872108 -0.0213651 -0.0456613 0.0412387 0.0215532 -0.0250417 0.0177145 -0.00190539 0.0260557 -9.48232e-05 -0.00223082 0.000348812 -0.0132652 -0.00342108 0.00536502 -0.00654356
internal_weight=371258 88822 282436 32917 9545 23372 268229 3495 1296 6050 15585 2596 5796 9336 7522 2249 55905 1324 5273 7787 1517 761 4523 258893 79231 64218 15013 46715 12246 34469
internal_count=371258 88822 282436 32917 9545 23372 268229 3495 1296 6050 15585 2596 5796 9336 7522 2249 55905 1324 5273 7787 1517 761 4523 258893 79231 64218 15013 46715 12246 34469
cat_boundaries=0 3 5 7 9 12 15 17 19 21 23 25 27 30 33
cat_threshold=2382415058 3493929216 2 2147483650 1049088 553910272 572544002 553713664 687882240 16 2415919104 2 1048576 83886240 4 8912900 4328 262144 33558528 16 268435456 67126336 73984 185622528 2383104 612991296 771883169 335615236 671097033 5 1879605568 604111008 8
is_linear=0
shrinkage=0.05


Tree=133
num_leaves=31
num_cat=12
split_feature=0 17 17 6 17 17 17 3 17 5 5 17 5 0 3 6 17 17 17 6 6 17 6 3 5 14 6 17 6 3
split_gain=27893.5 16215.8 10754.4 1210.9 3497.36 1297.91 721.963 546.182 368.201 338.608 1118.85 524.07 315.74 314.8 368.732 296.702 561.836 287.631 283.585 271.336 252.414 251.171 236.217 216.323 199.755 194.852 192.529 188.38 249.362 227.874
threshold=7.5000000000000009 0 1 19.500000000000004 2 3 4 17.500000000000004 5 16.250000000000004 23.750000000000004 6 6.2500000000000009 14.000000000000002 14.000000000000002 21.500000000000004 7 8 9 11.500000000000002 11.500000000000002 10 19.500000000000004 14.000000000000002 16.250000000000004 889.97878333333347 19.500000000000004 11 19.500000000000004 17.500000000000004
decision_type=2 9 9 2 9 9 9 2 9 2 2 9 2 2 2 2 9 9 9 2 2 9 2 2 2 2 2 9 2 2
left_child=1 17 -2 5 7 24 9 -5 12 -4 11 26 20 14 19 16 -6 -1 25 -12 -7 23 -21 -15 -3 -17 -11 28 29 -8
right_child=2 3 6 4 15 8 27 -9 -10 10 13 -13 -14 21 -16 18 -18 -19 -20 22 -22 -23 -24 -25 -26 -27 -28 -29 -30 -31
leaf_value=-0.00081714808413630997 2.4751307576575954e-05 -0.00011179471280464703 0.00076229756487444789 0.0002000706933763752 0.0020321768722121546 0.00060095167006304353 -0.0019145760717639961 -0.036894860147296794 -0.00072015364298918529 2.0529759885068446e-05 -0.00017489103619992009 -5.5609905258435788e-07 -0.0062624515860317592 -0.002227686447110422 -0.0022275698339193628 -7.8342781900841995e-05 -0.0011660220477348383 -0.00081714808413630997 -0.0023640778998066827 0.00025609766580583229 -0.020266941847233478 -0.0013115131459609409 -0.00038141791558743421 1.5246458564721622e-05 -0.0009692452267182184 3.2063419983963117e-06 -0.00045415395295673734 0.00011017482440340843 0.00047590956376337702 -0.001619968720173759
leaf_weight=13376 14207 4278 2050 5110 594 929 16603 238 15737 1055 353 1170 976 78 322 577 1080 42529 1612 2770 88 1488 120 727 1364 334 223 198174 8763 34333
leaf_count=13376 14207 4278 2050 5110 594 929 16603 238 15737 1055 353 1170 976 78 322 577 1080 42529 1612 2770 88 1488 120 727 1364 334 223 198174 8763 34333
internal_value=-0.00483303 -0.029272 0.00285268 -0.00142284 0.013583 -0.00755177 0.000606362 0.0403509 -0.00089628 0.0135443 0.00906574 -0.0193219 0.0192961 0.0209286 0.0302244 -0.0205729 -0.00430108 -0.0456613 -0.0314507 0.0352914 0.0388889 0.00647623 0.040346 0.028773 -0.0284147 -0.0087405 0.00295031 8.62794e-05 -0.00237569 -0.00371643
internal_weight=371258 88822 282436 32917 9545 23372 268229 5348 17730 10356 8306 2448 1993 5858 3565 4197 1674 55905 2523 3243 1017 2293 2890 805 5642 911 1278 257873 59699 50936
internal_count=371258 88822 282436 32917 9545 23372 268229 5348 17730 10356 8306 2448 1993 5858 3565 4197 1674 55905 2523 3243 1017 2293 2890 805 5642 911 1278 257873 59699 50936
cat_boundaries=0 3 5 7 9 12 14 16 19 21 24 26 29
cat_threshold=2382415058 3493929216 2 2147483650 1049088 553910272 606098434 25165824 536887296 134217744 2415919104 2 524292 4328 134217744 268435456 1048576 16777376 4 67126336 73984 260 33554433 4 0 2147483648 302514180 554238224 8
is_linear=0
shrinkage=0.05


Tree=134
num_leaves=31
num_cat=16
split_feature=0 17 17 17 6 17 5 17 5 16 6 6 17 17 17 3 6 17 5 17 0 5 17 17 17 5 17 17 17 3
split_gain=29370.8 15777.3 11012 1139.11 634.916 841.251 864.697 804.419 473.11 459.473 436.25 635.182 779.15 372.794 365.643 314.106 295.128 680.718 280.424 247.827 227.332 558.195 698.341 641.115 362.553 393.32 1001.25 848.508 344.697 286.768
threshold=7.5000000000000009 0 1 2 11.500000000000002 3 23.750000000000004 4 6.2500000000000009 29.839925000000004 21.500000000000004 19.500000000000004 5 6 7 17.500000000000004 11.500000000000002 8 8.7500000000000018 9 11.500000000000002 23.750000000000004 10 11 12 16.250000000000004 13 14 15 17.500000000000004
decision_type=2 9 9 9 2 9 2 9 2 2 2 2 9 9 9 2 2 9 2 9 2 2 9 9 9 2 9 9 9 2
left_child=1 14 -2 4 7 6 9 8 -3 -6 11 16 15 -12 -1 -13 17 18 -5 -4 21 22 -21 -23 25 27 -27 -24 -29 -26
right_child=2 3 19 10 5 -7 -8 -9 -10 -11 13 12 -14 -15 -16 -17 -18 -19 -20 20 -22 23 24 -25 29 26 -28 28 -30 -31
leaf_value=-0.00077629067992948111 2.3513742197778242e-05 0.00057090408655988687 0.00027310459605596195 -0.0017060907525602077 0.00013363307891816058 -1.3171676800904919e-05 -0.0046402696173869721 -0.00070884930456722734 -0.0059493290067301535 0.00017795944448124602 0.00077987170968656376 0.0012991484539452093 -0.02228752369469307 -0.0024657024417630959 -0.00077629067992948111 -0.04979565042255412 -0.01964123270883622 0.0030702887839896055 -0.00042172748626954085 -0.0090322771540540369 -2.1723091023240217e-05 0.00010938295261402331 -8.2241761469248334e-05 -0.00092129929032989119 0.0019831780331135639 0.00010794695351092899 -0.0014735279759382715 0.00022927296248660413 0.001043110208881437 -0.070935759443545979
leaf_weight=17611 14207 972 71405 1485 1188 2568 907 3580 996 3877 133 1186 707 1752 42529 116 4827 2701 1687 10230 163514 1205 933 5561 5657 1130 2485 995 4691 423
leaf_count=17611 14207 972 71405 1485 1188 2568 907 3580 996 3877 133 1186 707 1752 42529 116 4827 2701 1687 10230 163514 1205 933 5561 5657 1130 2485 995 4691 423
internal_value=-0.00553847 -0.0306163 0.00234814 -9.41029e-05 0.010044 0.0186066 0.0288699 -0.00311824 0.0224975 0.0369694 -0.00988085 -0.00655834 0.0192384 -0.0323342 -0.0451654 0.041997 -0.0114019 -0.00387366 -0.0195475 7.51196e-05 -0.000840302 -0.00460522 -0.0013374 -0.0174254 0.00508454 -0.000663803 -0.0139281 0.00657954 0.0138343 0.0147455
internal_weight=371258 88822 282436 28682 14088 8540 5972 5548 1968 5065 14594 12709 2009 1885 60140 1302 10700 5873 3172 268229 196824 33310 26544 6766 16314 10234 3615 6619 5686 6080
internal_count=371258 88822 282436 28682 14088 8540 5972 5548 1968 5065 14594 12709 2009 1885 60140 1302 10700 5873 3172 268229 196824 33310 26544 6766 16314 10234 3615 6619 5686 6080
cat_boundaries=0 3 5 7 9 11 13 15 17 19 22 25 27 29 31 33 35
cat_threshold=2399192274 3493929216 2 2147483650 1049088 805830656 102778016 536870912 69223424 524288 100663456 1310720 553648130 0 536870912 83903552 73984 8454144 671092738 672145424 35928256 2 1409385792 671744025 13 1124630848 131074 786436 2231370786 524288 1024 0 1024 0 2147483648
is_linear=0
shrinkage=0.05


Tree=135
num_leaves=31
num_cat=13
split_feature=17 0 17 17 0 17 0 17 17 6 17 0 6 17 3 17 5 0 6 17 5 17 0 17 17 6 0 0 8 5
split_gain=27084.5 11571.4 10772.2 918.969 3679.54 1225.58 550.804 516.628 461.656 486.96 608.174 461.107 706.749 2759.07 746.242 612.204 419.234 377.86 352.968 355.747 408.587 316.31 352.711 306.943 282.289 349.513 511.806 288.766 233.325 228.156
threshold=0 7.5000000000000009 1 2 7.5000000000000009 3 7.5000000000000009 4 5 20.500000000000004 6 11.500000000000002 19.500000000000004 7 17.500000000000004 8 16.250000000000004 14.000000000000002 10.500000000000002 9 6.2500000000000009 10 7.5000000000000009 11 12 21.500000000000004 7.5000000000000009 7.5000000000000009 23.500000000000004 23.750000000000004
decision_type=9 2 9 9 2 9 2 9 9 2 9 2 2 9 2 9 2 2 2 9 2 9 2 9 9 2 2 2 2 2
left_child=1 -1 6 4 7 -6 -2 -4 9 -5 -11 12 15 14 24 16 -10 23 19 20 -17 -15 -23 -3 25 -14 -27 -26 -13 -25
right_child=2 17 3 8 5 -7 -8 -9 11 10 -12 28 13 21 -16 18 -18 -19 -20 -21 -22 22 -24 29 27 26 -28 -29 -30 -31
leaf_value=-0.00073747614593302482 -0.00073747614593302482 4.2903999634447137e-05 -0.0023424173196749279 4.7613548386671312e-05 7.3148104696940663e-05 -0.0021018326823805111 2.233805508788933e-05 -0.00073747614593302482 -0.0035263476052119105 0.00074443736617255682 3.704608738530624e-06 0.0061993675647229914 0.0012520902254671284 -0.039391955510888282 -0.03902016603496046 0.00065477373620947965 -0.00088196843138583787 -0.0020600956381185754 -0.016348823846431815 -0.0016207862149321796 0.0029167743447901188 -0.017353794908347497 6.6988983406357502e-05 2.233805508788933e-05 2.9683488961129714e-05 -0.00061801631118907352 0.0012520902254671284 6.5908414670268209e-05 -0.00047683874638568827 0.0002594493662531505
leaf_weight=47226 166 5970 1444 72331 3611 11368 14063 6457 9777 3418 4247 55506 1013 1624 642 1160 4138 6561 6996 3424 1295 2221 2379 1246 2985 408 450 928 96150 2054
leaf_count=47226 166 5970 1444 72331 3611 11368 14063 6457 9777 3418 4247 55506 1013 1624 642 1160 4138 6561 6996 3424 1295 2221 2379 1246 2985 408 450 928 96150 2054
internal_value=-0.00445324 -0.0343072 0.00165585 -0.000401385 -0.0100218 0.00453635 0.0441288 -0.0376345 0.000410915 0.00359973 0.0155838 -0.000924094 -0.00574037 0.004 0.0269577 -0.0103397 -0.017605 0.00268145 -0.00247187 0.00655724 0.0210345 -0.0197145 -0.0129501 0.00918015 0.0326763 0.0164009 -0.00699301 0.0403135 0.000328375 0.0213897
internal_weight=371258 63057 308201 293972 22880 14979 14229 7901 271092 79996 7665 191096 39440 12650 6426 26790 13915 15831 12875 5879 2455 6224 4600 9270 5784 1871 858 3913 151656 3300
internal_count=371258 63057 308201 293972 22880 14979 14229 7901 271092 79996 7665 191096 39440 12650 6426 26790 13915 15831 12875 5879 2455 6224 4600 9270 5784 1871 858 3913 151656 3300
cat_boundaries=0 3 5 7 9 11 13 15 17 19 21 23 25 27
cat_threshold=167821458 1346371840 2 2147483648 1049088 0 2164326400 0 2147483648 0 16777216 546316288 35929088 546308096 2102272 1090781184 603996194 1157627968 537018384 791556 224 67175424 134217801 16384 268435712 1074003968 32
is_linear=0
shrinkage=0.05


Tree=136
num_leaves=31
num_cat=13
split_feature=17 0 17 17 5 17 0 17 0 17 17 0 6 17 17 5 0 17 5 16 6 0 3 17 17 1 5 17 0 3
split_gain=27793.7 11615.8 10524.3 1177.76 1621.5 910.289 3694.7 1217.2 550.804 516.628 437.817 554.528 485.221 898.853 615.882 815.774 481.44 498.624 435.988 406.56 387.016 366.922 339.411 306.943 276.667 273.064 228.156 245.938 226.248 238.278
threshold=0 7.5000000000000009 1 2 16.250000000000004 3 7.5000000000000009 4 7.5000000000000009 5 6 7.5000000000000009 11.500000000000002 7 8 23.750000000000004 11.500000000000002 9 6.2500000000000009 29.839925000000004 19.500000000000004 14.000000000000002 17.500000000000004 10 11 7.5000000000000009 23.750000000000004 12 7.5000000000000009 14.000000000000002
decision_type=9 2 9 9 2 9 2 9 2 9 9 2 2 9 9 2 2 9 2 2 2 2 2 9 9 2 2 9 2 2
left_child=1 -1 8 4 28 6 9 -8 -2 -5 11 12 13 -7 15 19 17 20 -15 -14 -12 23 24 -3 -22 -26 27 -25 29 -4
right_child=2 21 3 5 -6 10 7 -9 -10 -11 16 -13 14 18 -16 -17 -18 -19 -20 -21 22 -23 -24 26 25 -27 -28 -29 -30 -31
leaf_value=-0.00070060233863635803 -0.00070060233863635803 4.0758799652707012e-05 0.0001089269370926349 -0.0022252964536911613 -0.00083787000981656596 -0.00067578751675818622 6.9490699462093633e-05 -0.0019967410482614411 2.122115233351707e-05 -0.00070060233863635803 -0.0019838282243545891 0.00010016892841608894 0.00014616363645303387 8.0462707221062857e-05 -1.269832339780841e-05 -0.0044106368139369412 0.00010216339064292868 -0.015898433559929794 0.15336075962803478 0.0001318396039485581 0.00026857623039355794 -0.0019570908562126731 -0.036374926424875477 -0.00043949403810685796 -9.116553800447846e-06 0.0085899240909373727 0.00024647689794052855 0.0086423374008250953 0.0060652621586245736 -0.043827436106290696
leaf_weight=47226 166 5970 3163 1444 3846 3027 3611 11368 14063 6457 10343 68323 1451 1117 1786 908 147551 20514 971 3931 2053 6561 527 624 419 603 2054 622 481 78
leaf_count=47226 166 5970 3163 1444 3846 3027 3611 11368 14063 6457 10343 68323 1451 1117 1786 908 147551 20514 971 3931 2053 6561 527 624 419 603 2054 622 481 78
internal_value=-0.00404113 -0.0342834 0.00214739 0.000113953 0.0195698 -0.000400818 -0.00996505 0.00462314 0.0441288 -0.0376345 0.000429926 0.00347505 0.012861 0.000811339 0.0204928 0.0278254 -0.000933963 -0.00625526 0.0259771 0.0352657 0.00104264 0.0027762 0.0151582 0.00918015 0.0215122 9.68992e-05 0.0213897 0.00457464 0.043122 0.047871
internal_weight=371258 63057 308201 293972 7568 286404 22880 14979 14229 7901 263524 81514 13191 5115 8076 6290 182010 34459 2088 5382 13945 15831 3602 9270 3075 1022 3300 1246 3722 3241
internal_count=371258 63057 308201 293972 7568 286404 22880 14979 14229 7901 263524 81514 13191 5115 8076 6290 182010 34459 2088 5382 13945 15831 3602 9270 3075 1022 3300 1246 3722 3241
cat_boundaries=0 3 5 6 8 10 12 14 16 18 21 23 25 28
cat_threshold=167821458 1346371840 2 2147483648 1049088 16777216 0 2164326400 0 2147483648 0 16777216 545267712 35929248 536870912 2106368 536870912 2102400 1839108 201342978 4 16384 268435712 262144 67125250 32768 0 2
is_linear=0
shrinkage=0.05


Tree=137
num_leaves=31
num_cat=12
split_feature=17 0 17 17 5 17 0 17 0 17 17 6 0 17 0 17 6 3 17 0 0 6 6 2 6 17 0 3 6 17
split_gain=28180.1 11221.9 10504.3 1171.11 1619.61 906.061 3712.23 1207.57 550.804 516.628 335.354 481.571 539.694 297.762 294.085 515.661 782.93 515.526 461.978 419.335 292.586 347.694 276.72 484.631 263.876 576.255 319.835 275.524 250.84 319.959
threshold=0 7.5000000000000009 1 2 16.250000000000004 3 7.5000000000000009 4 7.5000000000000009 5 6 20.500000000000004 7.5000000000000009 7 11.500000000000002 8 19.500000000000004 17.500000000000004 9 7.5000000000000009 14.000000000000002 10.500000000000002 12.500000000000002 7.5000000000000009 19.500000000000004 10 7.5000000000000009 14.000000000000002 10.500000000000002 11
decision_type=9 2 9 9 2 9 2 9 2 9 9 2 2 9 2 9 2 2 9 2 2 2 2 2 2 9 2 2 2 9
left_child=1 -1 8 4 -4 6 9 -8 -2 -5 11 -7 13 -13 15 16 28 18 -18 -20 21 -3 -17 -24 -25 -26 -27 -28 29 -12
right_child=2 20 3 5 -6 10 7 -9 -10 -11 14 12 -14 -15 -16 22 17 -19 19 -21 -22 -23 23 24 25 26 27 -29 -30 -31
leaf_value=-0.00066557222170455794 -0.00066557222170455794 -0.00044288904125409093 0.00010348059023801426 -0.0021140316310066078 -0.00079597650932572428 4.4065396425807538e-05 6.6016164489024479e-05 -0.001896903995848387 2.0160094716814571e-05 -0.00066557222170455794 -0.0025551085469547987 4.1542944714922923e-06 0.0021264952187666887 0.0002825707834669622 9.4515865699484902e-05 -0.0077034624397255948 0.0012789032032704652 -0.038915826735880815 -3.1148435688610475e-05 0.010448866483232601 -0.0018592363134020573 7.8617491773691494e-05 -0.03780887879872688 -0.054067961103221054 -0.010571647441516242 -0.03780887879872688 0.0018869476112736373 -0.0021122661206622872 -0.0080275462879044746 0.00072122646061676407
leaf_weight=47226 166 866 3722 1444 3846 69766 3611 11368 14063 6457 2802 839 5078 2049 150306 5817 2842 639 625 650 6561 8404 3067 4508 1226 387 1585 752 7853 2733
leaf_count=47226 166 866 3722 1444 3846 69766 3611 11368 14063 6457 2802 839 5078 2049 150306 5817 2842 639 625 650 6561 8404 3067 4508 1226 387 1585 752 7853 2733
internal_value=-0.00404409 -0.0344959 0.0021873 0.000155792 0.0195566 -0.000357524 -0.00989952 0.00472328 0.0441288 -0.0376345 0.000471286 0.00322863 0.0148757 0.032133 -0.000682447 -0.00477653 0.00111821 0.018545 0.0250304 -0.000116732 0.00192976 0.00764833 -0.0109382 -0.0154317 -0.00925751 0.000177215 0.0129846 0.0200043 -0.00507171 0.0030804
internal_weight=371258 63057 308201 293972 7568 286404 22880 14979 14229 7901 263524 77732 7966 2888 185792 35486 18144 4756 4117 1275 15831 9270 17342 11525 8458 3950 2724 2337 13388 5535
internal_count=371258 63057 308201 293972 7568 286404 22880 14979 14229 7901 263524 77732 7966 2888 185792 35486 18144 4756 4117 1275 15831 9270 17342 11525 8458 3950 2724 2337 13388 5535
cat_boundaries=0 3 5 6 8 10 12 14 16 19 21 23 26
cat_threshold=167821458 1346371840 2 2147483648 1049088 16777216 0 2164326400 0 2147483648 0 16777216 545267712 35929216 8388608 33562624 1839108 603996194 5 262144 603996162 67175680 524297 0 536887298 5
is_linear=0
shrinkage=0.05


Tree=138
num_leaves=31
num_cat=12
split_feature=17 0 17 17 5 17 0 17 0 17 17 0 6 17 5 17 16 0 17 6 17 3 6 1 14 5 0 17 5 5
split_gain=27881.4 11382.7 10558.4 1184.78 1619.61 881.724 3715.74 1205.65 550.804 516.628 353.69 444.595 896.085 640.36 601.581 615.737 406.56 396.377 590.27 502.461 509.636 562.324 387.25 438.084 414.026 321.661 299.017 293.463 724.059 561.578
threshold=0 7.5000000000000009 1 2 16.250000000000004 3 7.5000000000000009 4 7.5000000000000009 5 6 7.5000000000000009 11.500000000000002 7 23.750000000000004 8 29.839925000000004 11.500000000000002 9 19.500000000000004 10 17.500000000000004 11.500000000000002 7.5000000000000009 709.93887500000017 6.2500000000000009 14.000000000000002 11 23.750000000000004 23.750000000000004
decision_type=9 2 9 9 2 9 2 9 2 9 9 2 2 9 2 9 2 2 9 2 9 2 2 2 2 2 2 9 2 2
left_child=1 -1 8 4 -4 6 9 -8 -2 -5 11 12 13 25 15 -14 -17 18 22 -20 21 -21 -12 -24 -25 -7 27 29 -29 -3
right_child=2 26 3 5 -6 10 7 -9 -10 -11 17 -13 14 -15 -16 16 -18 -19 19 20 -22 -23 23 24 -26 -27 -28 28 -30 -31
leaf_value=-0.00063229361061933886 -0.00063229361061933886 0.00049649047172328764 9.8306560726113548e-05 -0.0020083300494562642 -0.00075617768385942701 7.423630203873266e-05 6.2715356264586583e-05 -0.0018020587960559276 1.9152089980956079e-05 -0.00063229361061933886 -0.0034207675089116042 9.2957212174038523e-05 -1.2271121951457076e-05 -0.00064420141074159618 -0.0041923082430614048 0.00012472691545704074 0.00011111908457777098 8.9790072414430713e-05 -0.0025238726840079552 0.001788740360581631 -7.1033043259838285e-06 -0.03351863840829461 -0.035556024503882733 -0.048435241719633565 0.0015679539590773396 -0.022254243199067325 -0.0017662744977319457 -8.7769644317869938e-05 0.00020041036491438293 -0.0013369541624016713
leaf_weight=47226 166 2406 3722 1444 3846 722 3611 11368 14063 6457 4059 65011 1512 3422 927 1451 3931 150306 16154 2225 2560 291 3062 5079 2056 756 6561 2299 3233 1332
leaf_count=47226 166 2406 3722 1444 3846 722 3611 11368 14063 6457 4059 65011 1512 3422 927 1451 3931 150306 16154 2225 2560 291 3062 5079 2056 756 6561 2299 3233 1332
internal_value=-0.0041187 -0.0344086 0.00207958 4.28598e-05 0.0195566 -0.000473441 -0.00988641 0.00474331 0.0441288 -0.0376345 0.000344168 0.00317589 0.0117247 -0.00504082 0.0222286 0.0273136 0.0352003 -0.00084068 -0.00559376 -0.000306026 0.0134161 0.0293349 -0.0134586 -0.0186673 -0.0118781 0.022379 0.00227718 0.00805825 0.0153555 -0.00277481
internal_weight=371258 63057 308201 293972 7568 286404 22880 14979 14229 7901 263524 77732 12721 4900 7821 6894 5382 185792 35486 21230 5076 2516 14256 10197 7135 1478 15831 9270 5532 3738
internal_count=371258 63057 308201 293972 7568 286404 22880 14979 14229 7901 263524 77732 12721 4900 7821 6894 5382 185792 35486 21230 5076 2516 14256 10197 7135 1478 15831 9270 5532 3738
cat_boundaries=0 3 5 6 8 10 12 14 16 18 20 22 24
cat_threshold=167821458 1346371840 2 2147483648 1049088 16777216 0 2164326400 0 2147483648 0 16777216 545267712 35929216 8388608 33558528 8388608 33562624 1409352768 67764313 262144 536887298 16386 256
is_linear=0
shrinkage=0.05


Tree=139
num_leaves=31
num_cat=10
split_feature=17 0 17 17 5 17 0 17 0 17 17 0 6 17 5 17 16 5 8 0 17 5 5 5 3 14 0 3 5 0
split_gain=28292.8 11271.5 10454.2 1158.45 1619.61 924.15 3715.74 1205.65 550.804 516.628 355.913 594.396 645.633 778.814 601.581 615.737 406.56 399.762 288.129 281.7 316.68 715.542 450.277 332.336 293.684 247.617 228.815 238.278 219.327 240.995
threshold=0 7.5000000000000009 1 2 16.250000000000004 3 7.5000000000000009 4 7.5000000000000009 5 6 7.5000000000000009 11.500000000000002 7 23.750000000000004 8 29.839925000000004 6.2500000000000009 23.500000000000004 14.000000000000002 9 23.750000000000004 16.250000000000004 23.750000000000004 14.000000000000002 889.97878333333347 7.5000000000000009 14.000000000000002 16.250000000000004 52.500000000000007
decision_type=9 2 9 9 2 9 2 9 2 9 9 2 2 9 2 9 2 2 2 2 9 2 2 2 2 2 2 2 2 2
left_child=1 -1 8 4 26 6 9 -8 -2 -5 11 12 13 -7 15 25 -17 -15 -12 20 23 22 -22 -3 -23 -14 27 -4 -9 -30
right_child=2 19 3 5 -6 10 7 28 -10 -11 18 -13 14 17 -16 16 -18 -19 -20 -21 21 24 -24 -25 -26 -27 -28 -29 29 -31
leaf_value=-0.00060067893008834976 -0.00060067893008834976 0.00047166594813710108 9.339123268978789e-05 -0.0019079135469834531 -0.00071836879966644682 -0.00061199134020450963 5.9579588451352811e-05 0.0049826775636410588 1.819448548188163e-05 -0.00060067893008834976 0.001380933449558075 8.8309351565296634e-05 -1.1657565853884223e-05 7.0524486936784925e-05 -0.003982692830908352 0.00011849056968418204 0.00010556313034886245 0.14276777604024837 -0.00098087276597347284 -0.0016779607728453884 0.005427472803437805 0.00022020166020908505 -0.0001237659500866961 -0.0012701064542816277 -0.00089336885861222024 4.5601358455105162e-06 0.0057519096931450521 -0.041646153658524379 -0.011150330090265205 0.13556843606638386
leaf_weight=47226 166 2406 3163 1444 3846 3027 3611 3903 14063 6457 63735 65011 1293 961 927 1451 3931 912 122057 6561 844 2943 1455 1332 290 219 481 78 6753 712
leaf_count=47226 166 2406 3163 1444 3846 3027 3611 3903 14063 6457 63735 65011 1293 961 927 1451 3931 912 122057 6561 844 2943 1455 1332 290 219 481 78 6753 712
internal_value=-0.00395628 -0.0344689 0.00228756 0.0002609 0.0195566 -0.000249639 -0.00988641 0.00474331 0.0441288 -0.0376345 0.0005874 0.00342801 0.0133126 -0.000918367 0.0222286 0.0273136 0.0352003 0.0243494 -0.000601178 0.00203714 0.00764833 0.0152292 -0.00606786 -0.00360192 0.0304207 -0.000985545 0.0430951 0.047871 -0.00326068 -0.00828533
internal_weight=371258 63057 308201 293972 7568 286404 22880 14979 14229 7901 263524 77732 12721 4900 7821 6894 5382 1873 185792 15831 9270 5532 2299 3738 3233 1512 3722 3241 11368 7465
internal_count=371258 63057 308201 293972 7568 286404 22880 14979 14229 7901 263524 77732 12721 4900 7821 6894 5382 1873 185792 15831 9270 5532 2299 3738 3233 1512 3722 3241 11368 7465
cat_boundaries=0 3 5 6 8 10 12 14 16 18 20
cat_threshold=167821458 1346371840 2 2147483648 1049088 16777216 0 2164326400 0 2147483648 0 16777216 545267712 35929216 536870912 2106368 8388608 33562624 16386 256
is_linear=0
shrinkage=0.05


Tree=140
num_leaves=31
num_cat=11
split_feature=17 0 17 17 5 0 17 0 17 0 17 6 17 0 0 17 6 17 3 17 6 6 0 6 17 3 0 3 5 0
split_gain=28630.8 14863.6 10250.2 1111.51 1619.61 708.388 836.485 550.804 535.935 644.197 376.267 534.155 538.03 326.535 310.133 431.1 687.776 389.973 642.972 293.078 290.118 277.713 574.801 672.804 404.831 272.65 228.815 238.278 214.741 238.555
threshold=0 7.5000000000000009 1 2 16.250000000000004 14.000000000000002 3 7.5000000000000009 4 7.5000000000000009 5 20.500000000000004 6 7.5000000000000009 11.500000000000002 7 19.500000000000004 8 17.500000000000004 9 10.500000000000002 12.500000000000002 7.5000000000000009 19.500000000000004 10 14.000000000000002 7.5000000000000009 14.000000000000002 16.250000000000004 52.500000000000007
decision_type=9 2 9 9 2 2 9 2 9 2 9 2 9 2 2 9 2 9 2 9 2 2 2 2 9 2 2 2 2 2
left_child=1 -1 7 4 26 6 25 -2 9 19 11 -10 -13 -14 15 21 -17 -18 -19 -5 -8 -12 -23 -24 -25 -3 27 -4 -11 -30
right_child=2 5 3 8 -6 -7 20 -9 10 28 14 12 13 -15 -16 16 17 18 -20 -21 -22 22 23 24 -26 -27 -28 -29 29 -31
leaf_value=-0.00057064498358392333 -0.00057064498358392333 0.00020126181869404292 8.8721671055314039e-05 -0.0018125178696343004 -0.0006824503596831289 -0.00058470977512925515 -0.00045751666188671437 1.7284761207747581e-05 3.4586983554429908e-05 0.0047335436854590192 -0.0062908006902315135 4.3321290532194466e-06 0.00025556516841134246 0.0021497146789542401 0.00016137523535366685 -0.0027268454966765891 -0.0052391176829779344 0.0017658604803870049 -0.038130722467322367 -0.00057064498358392333 1.3759383825195926e-05 -0.03418544194717095 -0.057407535405114368 0.0016455509724329965 -0.013371309999275383 -0.01730825757779977 0.005464314208487764 -0.039563845975598172 -0.010592813585751948 0.12879001426306455
leaf_weight=51628 166 3533 3163 1444 3846 7655 825 14063 79504 3903 4824 4397 2323 2480 143770 12651 1190 2866 393 2055 7313 3166 2972 2346 642 116 481 78 6753 712
leaf_count=51628 166 3533 3163 1444 3846 7655 825 14063 79504 3903 4824 4397 2323 2480 143770 12651 1190 2866 393 2055 7313 3166 2972 2346 642 116 481 78 6753 712
internal_value=-0.00403197 -0.0325661 0.00272454 0.000662834 0.0195566 0.00469088 0.0123823 0.0441288 0.000148527 -0.00908449 0.000669743 0.00332191 0.0147283 0.0262726 -0.000676085 -0.00520773 0.000116891 0.0170263 0.0259254 -0.0278508 0.00343643 -0.0117264 -0.0168639 -0.00771812 0.00903614 0.0322356 0.0430951 0.047871 -0.00331633 -0.00828533
internal_weight=371258 71070 300188 285959 7568 19442 11787 14229 278391 14867 263524 88704 9200 4803 174820 31050 17100 4449 3259 3499 8138 13950 9126 5960 2988 3649 3722 3241 11368 7465
internal_count=371258 71070 300188 285959 7568 19442 11787 14229 278391 14867 263524 88704 9200 4803 174820 31050 17100 4449 3259 3499 8138 13950 9126 5960 2988 3649 3722 3241 11368 7465
cat_boundaries=0 3 5 6 8 10 12 14 16 19 21 23
cat_threshold=167821458 3493855488 2 2147483648 1049088 16777216 167772176 2147483648 0 16842752 546316288 35929248 8192 33564704 1409352768 134873177 528644 0 5 0 16777216 1073741888 134348816
is_linear=0
shrinkage=0.05


Tree=141
num_leaves=31
num_cat=12
split_feature=17 0 17 17 5 17 0 17 0 17 1 5 16 0 6 17 0 3 17 17 3 5 6 17 5 17 5 17 3 6
split_gain=28523.4 11007.2 10451.6 1159.38 1617.79 886.979 4572.16 804.329 550.804 424.228 433.288 432.55 262.952 239.749 526.122 1046.18 634.962 320.308 314.797 274.573 272.614 252.104 251.696 598.64 760.601 346.117 723.146 414.005 236.098 233.68
threshold=0 7.5000000000000009 1 2 16.250000000000004 3 7.5000000000000009 4 7.5000000000000009 5 7.5000000000000009 23.750000000000004 29.839925000000004 17.500000000000004 19.500000000000004 6 7.5000000000000009 11.500000000000002 7 8 32.500000000000007 12.750000000000002 10.500000000000002 9 8.7500000000000018 10 23.750000000000004 11 22.500000000000004 15.500000000000002
decision_type=9 2 9 9 2 9 2 9 2 9 2 2 2 2 2 9 2 2 9 9 2 2 2 9 2 9 2 9 2 2
left_child=1 -1 8 4 -4 6 -5 -8 -2 10 11 12 -7 14 20 17 19 -16 28 -17 22 -15 23 24 -11 -24 27 -27 -18 -9
right_child=2 -3 3 5 -6 9 7 29 -10 13 -12 -13 -14 21 15 16 18 -19 -20 -21 -22 -23 25 -25 -26 26 -28 -29 -30 -31
leaf_value=-0.00054211273440474272 -0.00054211273440474272 1.3071414633891721e-05 8.4285587502552775e-05 -0.00054211273440474272 -0.00064832784169897026 -1.1291294013826559e-05 4.6537518094069699e-05 0.04459842419122495 1.6420523147342438e-05 -0.00407933408238117 0.00022288656926967577 -0.0037852875385406826 6.5268913412230847e-05 -0.0054910115093063545 0.0017784284033496968 0.00045969768028126802 0.0018115487098354422 0.00025503436786831205 -0.0074928769165295344 -0.031900793955896976 0.30123806970211109 0.00080652232349383019 -0.018633337393711893 0.002535340560422439 -4.469192427780655e-05 -0.00073436805796767146 -0.012137986226699572 0.00010116907247419427 -0.035376650853224903 -0.066973122132446869
leaf_weight=47226 166 15831 3722 6457 3846 2240 3611 2566 14063 2286 69781 989 8736 14207 4735 442 2150 3908 2636 1976 1236 112625 16274 8919 3961 6859 3867 3458 394 2091
leaf_count=47226 166 15831 3722 6457 3846 2240 3611 2566 14063 2286 69781 989 8736 14207 4735 442 2150 3908 2636 1976 1236 112625 16274 8919 3961 6859 3867 3458 394 2091
internal_value=-0.00397648 -0.0346132 0.00229275 0.000266343 0.0195698 -0.000244401 -0.0121921 0.0124214 0.0441288 0.000403586 0.00341504 0.0122064 0.0150601 -0.000892636 -0.0034112 0.00434394 -0.0091877 0.0162314 0.000675676 -0.0303557 -0.00609902 0.000360319 -0.00672672 -0.0014638 -0.0133211 -0.0093473 -0.00362829 0.00328099 0.013195 -0.00133919
internal_weight=371258 63057 308201 293972 7568 286404 14725 8268 14229 271679 81746 11965 10976 189933 63101 16241 7598 8643 5180 2418 46860 126832 45624 15166 6247 30458 14184 10317 2544 4657
internal_count=371258 63057 308201 293972 7568 286404 14725 8268 14229 271679 81746 11965 10976 189933 63101 16241 7598 8643 5180 2418 46860 126832 45624 15166 6247 30458 14184 10317 2544 4657
cat_boundaries=0 3 5 6 8 10 12 15 17 20 23 26 29
cat_threshold=167821458 1346371840 2 2147483648 1049088 16777216 0 2147549184 0 2147483648 546316288 35928224 1074003968 620774402 8 268435520 134348816 256 0 4 67174400 671106050 8 1342968128 604127240 8 67108868 150994962 4
is_linear=0
shrinkage=0.05


Tree=142
num_leaves=31
num_cat=14
split_feature=17 0 17 17 0 17 0 17 0 6 17 17 5 5 16 6 0 17 17 17 6 6 17 17 5 0 0 17 5 17
split_gain=28077.6 10998.6 10599.1 905.775 4591.88 793.358 550.804 395.041 537.222 477.317 898.853 643.162 815.774 435.988 406.56 231.169 643.755 852.138 554.184 330.74 511.787 416.718 331.946 248.782 660.273 232.181 230.188 311.178 292.297 253.116
threshold=0 7.5000000000000009 1 2 7.5000000000000009 3 7.5000000000000009 4 7.5000000000000009 11.500000000000002 5 6 23.750000000000004 6.2500000000000009 29.839925000000004 10.500000000000002 7.5000000000000009 7 8 9 19.500000000000004 21.500000000000004 10 11 8.7500000000000018 7.5000000000000009 14.000000000000002 12 23.750000000000004 13
decision_type=9 2 9 9 2 9 2 9 2 2 9 9 2 2 2 2 2 9 9 9 2 2 9 9 2 2 2 9 2 9
left_child=1 -1 6 4 -4 -6 -2 8 9 10 -5 12 14 -12 -11 18 17 19 25 21 -21 -17 -23 24 -20 -9 27 28 29 -3
right_child=2 26 3 7 5 -7 -8 15 -10 11 13 -13 -14 -15 -16 16 -18 -19 23 20 -22 22 -24 -25 -26 -27 -28 -29 -30 -31
leaf_value=-0.00051500709768452784 -0.00051500709768452784 0.011555411182008514 -0.00051500709768452784 -0.00058638456804263053 4.4210642189401739e-05 -0.011483770922040294 1.5599496989970873e-05 8.0071308127438467e-05 9.5239940268854192e-05 9.6110618850486779e-05 6.2005467741599318e-05 -1.4554739684458085e-05 -0.0035960231616136264 0.13965196805711153 8.4243269740191812e-05 -6.5631445211877804e-07 -0.00012143546416245599 -0.021474382610477561 -0.0038753673782621068 -0.035862032870829723 0.0016279852399390116 2.6253795097774814e-05 -6.5631445211877804e-07 0.0035858464002084482 0.0010121675171955503 0.028569063348816218 -0.001565480816178333 -1.0225227943738703e-05 0.00020785003727565867 -0.00041221497099295238
leaf_weight=47226 166 557 6457 3027 3611 4657 14063 1594 68323 1451 1117 1786 908 971 3931 4465 151544 5269 1924 1465 1519 235 1091 21124 5339 2164 6561 6114 1975 624
leaf_count=47226 166 557 6457 3027 3611 4657 14063 1594 68323 1451 1117 1786 908 971 3931 4465 151544 5269 1924 1465 1519 235 1091 21124 5339 2164 6561 6114 1975 624
internal_value=-0.00422159 -0.0346179 0.00199847 -4.21795e-05 -0.0121242 0.0125423 0.0441288 0.00059533 0.00352412 0.0127625 0.000811339 0.0203318 0.0278254 0.0259771 0.0352657 -0.000612158 -0.00136544 -0.0116064 0.003268 -0.00204326 0.0114562 -0.00900707 -0.033635 0.000875092 -0.00710161 0.0212845 0.00144337 0.00651564 0.0192356 -0.000381033
internal_weight=371258 63057 308201 293972 14725 8268 14229 279247 81514 13191 5115 8076 6290 2088 5382 197733 165588 14044 32145 8775 2984 5791 1326 28387 7263 3758 15831 9270 3156 1181
internal_count=371258 63057 308201 293972 14725 8268 14229 279247 81514 13191 5115 8076 6290 2088 5382 197733 165588 14044 32145 8775 2984 5791 1326 28387 7263 3758 15831 9270 3156 1181
cat_boundaries=0 3 5 7 9 11 13 15 18 19 22 23 26 29 30
cat_threshold=167821458 1346371840 2 2147483648 1049088 0 2147549184 0 2147483648 545267712 35929248 536870912 2106368 536870912 2102400 286785792 620756994 5 1090781184 17825792 16777218 1 1048576 335544320 671105026 8 167804944 0 2 167772176
is_linear=0
shrinkage=0.05


Tree=143
num_leaves=31
num_cat=12
split_feature=17 0 17 17 0 17 0 17 6 17 0 17 5 3 17 6 5 17 8 17 6 17 0 6 17 5 6 0 16 5
split_gain=28094.7 11210.2 10535.4 924.798 4593.86 792.265 550.804 367.409 505.5 542.91 335.683 218.41 532.562 528.029 345.073 324.023 295.9 252.065 218.332 246.99 217.642 189.614 279.416 306.046 292.505 188.202 187.606 185.508 179.269 202.38
threshold=0 7.5000000000000009 1 2 7.5000000000000009 3 7.5000000000000009 4 20.500000000000004 5 7.5000000000000009 6 23.750000000000004 14.000000000000002 7 17.500000000000004 23.750000000000004 8 23.500000000000004 9 15.500000000000002 10 7.5000000000000009 11.500000000000002 11 6.2500000000000009 11.500000000000002 17.500000000000004 220.03990833333339 6.2500000000000009
decision_type=9 2 9 9 2 9 2 9 2 9 2 9 2 2 9 2 2 9 2 9 2 9 2 2 9 2 2 2 2 2
left_child=1 -1 6 4 -4 26 -2 8 28 -10 -11 12 14 27 -3 -16 -13 -18 19 -9 -7 22 23 24 25 -20 -6 -14 29 -5
right_child=2 11 3 7 5 20 -8 18 9 10 -12 16 13 -15 15 -17 17 -19 21 -21 -22 -23 -24 -25 -26 -27 -28 -29 -30 -31
leaf_value=-0.00048925674280031473 -0.00048925674280031473 0.0045676119424991057 -0.00048925674280031473 5.8905194354519355e-05 -0.00046405310368138333 0.042942691527765579 1.4819522140463449e-05 0.024666634652156818 1.5798139141764979e-06 0.00023735426596900312 0.0020263226195296191 0.0005645112253525042 0.00019745753541187128 -0.0014872067753693764 -0.0002349343993908626 0.0017648177496624841 -0.0010161807383138211 -0.001932280196649927 0.0022292812123908766 -3.5530001510686304e-05 -0.063050277479722541 7.4055097442027329e-05 -0.0025458328094189577 -0.018400459617629573 -0.034801712089962411 -0.0070897266175150358 4.2000110079953858e-05 -0.074249263467110901 7.2344084172204509e-05 2.0389221164940353e-05
leaf_weight=47226 166 799 6457 3886 107 2566 14063 29909 4397 2323 2480 4536 2942 1305 1101 621 2510 1896 612 36513 2091 60294 57713 3459 1525 518 3504 121 10371 65247
leaf_count=47226 166 799 6457 3886 107 2566 14063 29909 4397 2323 2480 4536 2942 1305 1101 621 2510 1896 612 36513 2091 60294 57713 3459 1525 518 3504 121 10371 65247
internal_value=-0.00409661 -0.0345022 0.00212533 9.08219e-05 -0.0121174 0.0125544 0.0441288 0.000734986 0.00339293 0.0144891 0.0260856 0.00190449 0.0085882 0.0191621 -0.00969853 -0.0222286 -0.00325067 -0.012483 -0.000502485 0.00181115 -0.00110349 -0.00174064 -0.00363974 -0.0138044 -0.00103578 0.0181579 0.0300884 0.0305093 0.00210933 0.00118974
internal_weight=371258 63057 308201 293972 14725 8268 14229 279247 88704 9200 4803 15831 6889 4368 2521 1722 8942 4406 190543 66422 4657 124121 63827 6114 2655 1130 3611 3063 79504 69133
internal_count=371258 63057 308201 293972 14725 8268 14229 279247 88704 9200 4803 15831 6889 4368 2521 1722 8942 4406 190543 66422 4657 124121 63827 6114 2655 1130 3611 3063 79504 69133
cat_boundaries=0 3 5 7 9 11 13 16 17 18 21 24 26
cat_threshold=167821458 1346371840 2 2147483648 1049088 0 2147549184 0 2147483648 546316288 35929248 8192 33564704 134217746 268435456 2 134217744 49152 269029444 671219720 5 336138308 151126032 13 524292 16908304
is_linear=0
shrinkage=0.05


Tree=144
num_leaves=31
num_cat=13
split_feature=17 0 17 17 0 17 0 17 0 5 0 17 6 6 6 17 17 3 5 5 17 5 3 17 6 5 17 17 17 6
split_gain=28073.1 11198.6 10545.7 923.608 4589.91 794.451 550.804 376.495 605.999 332.468 272.741 656.715 870.683 448.944 288.472 338.931 264.553 362.594 248.015 234.44 231.619 547.421 540.814 347.08 319.419 284.537 252.065 210.537 206.836 541.827
threshold=0 7.5000000000000009 1 2 7.5000000000000009 3 7.5000000000000009 4 7.5000000000000009 23.750000000000004 7.5000000000000009 5 19.500000000000004 21.500000000000004 11.500000000000002 6 7 17.500000000000004 8.7500000000000018 6.2500000000000009 8 23.750000000000004 14.000000000000002 9 17.500000000000004 23.750000000000004 10 11 12 11.500000000000002
decision_type=9 2 9 9 2 9 2 9 2 2 2 9 2 2 2 9 9 2 2 2 9 2 2 9 2 2 9 9 9 2
left_child=1 -1 6 4 -4 -6 -2 8 9 28 11 12 14 -13 15 19 17 -14 27 -9 21 23 -23 -3 -25 -22 -27 -17 -5 -30
right_child=2 20 3 7 5 -7 -8 10 -10 -11 -12 13 16 -15 -16 18 -18 -19 -20 -21 25 22 -24 24 -26 26 -28 -29 29 -31
leaf_value=-0.000464793905660299 -0.000464793905660299 0.0043392313453741952 -0.000464793905660299 7.2364987848994039e-05 3.9900104575973932e-05 -0.0085888847321035303 1.407854603341363e-05 0.00086227133661922475 8.9458482197102285e-05 -0.0034172414645911699 8.3741430854544784e-06 -0.015571839605397786 0.0014671026652762098 -0.028887388040612152 -0.012717551135827022 -0.0017217412541141288 1.3073392044438138e-05 -0.033766454737719401 0.00095785638646366249 0.0028985608589418899 0.00053628566408487905 0.00018758465864125997 -0.001412846436600912 -0.0002231876794213328 0.0016765768621793244 -0.0009653717013980768 -0.0018356661868174308 -0.11674913550780058 1.2608815935521989e-05 5.6862745325370058e-05
leaf_weight=47226 166 799 6457 8993 3611 4657 14063 713 71656 1271 172618 5517 1809 1545 3023 771 917 160 1612 766 4536 3063 1305 1101 621 2510 1896 714 3198 3964
leaf_count=47226 166 799 6457 8993 3611 4657 14063 713 71656 1271 172618 5517 1809 1545 3023 771 917 160 1612 766 4536 3063 1305 1101 621 2510 1896 714 3198 3964
internal_value=-0.00411466 -0.0345085 0.00210489 6.9392e-05 -0.012131 0.0125302 0.0441288 0.000713142 0.00339537 0.0117583 -0.000543447 -0.00648259 0.0014626 -0.0182551 -0.00741545 0.000502622 0.0248441 0.0350935 -0.00889926 0.0201142 0.00187922 0.00876214 0.0194826 -0.00977787 -0.0223441 -0.0034294 -0.012483 -0.02367 0.0136955 0.0200363
internal_weight=371258 63057 308201 293972 14725 8268 14229 279247 89082 17426 190165 17547 10485 7062 7599 4576 2886 1969 3097 1479 15831 6889 4368 2521 1722 8942 4406 1485 16155 7162
internal_count=371258 63057 308201 293972 14725 8268 14229 279247 89082 17426 190165 17547 10485 7062 7599 4576 2886 1969 3097 1479 15831 6889 4368 2521 1722 8942 4406 1485 16155 7162
cat_boundaries=0 3 5 7 9 11 14 16 18 21 22 23 25 27
cat_threshold=167821458 1346371840 2 2147483648 1049088 0 2147549184 0 2147483648 562044928 35929248 270270724 603996163 5 1835012 67108864 262144 603996162 134217746 268435456 2 134217744 49152 0 536887298 16777216 33563680
is_linear=0
shrinkage=0.05


Tree=145
num_leaves=31
num_cat=13
split_feature=17 17 0 17 0 17 0 17 6 0 17 0 6 17 5 17 16 5 6 14 17 5 17 0 6 17 0 17 6 17
split_gain=29308.2 10597.8 9605.89 903.132 4597.81 790.081 550.804 321.197 531.509 376.426 293.014 579.815 730.876 829.2 687.711 467.279 424.262 304.042 205.47 199.4 347.414 543.724 413.018 304.9 341.06 580.846 288.264 592.428 312.401 678.485
threshold=0 1 7.5000000000000009 2 7.5000000000000009 3 7.5000000000000009 4 17.500000000000004 14.000000000000002 5 7.5000000000000009 11.500000000000002 6 23.750000000000004 7 29.839925000000004 6.2500000000000009 15.500000000000002 150.11590000000004 8 8.7500000000000018 9 7.5000000000000009 19.500000000000004 10 7.5000000000000009 11 21.500000000000004 12
decision_type=9 9 2 9 2 9 2 9 2 2 9 2 2 9 2 9 2 2 2 2 9 2 9 2 2 9 2 9 2 9
left_child=2 6 -1 4 -3 -6 -2 8 -4 -9 11 12 13 -5 15 16 -14 -15 -7 20 23 22 -22 24 -12 -26 27 -21 -29 -30
right_child=1 3 7 10 5 18 -8 9 -10 -11 19 -13 14 17 -16 -17 -18 -19 -20 26 21 -23 -24 -25 25 -27 -28 28 29 -31
leaf_value=-0.00044155421037728182 -0.00044155421037728182 -0.00044155421037728182 -7.5013189963613058e-05 -0.00055871524149551097 3.7905099347135265e-05 0.041225001187982717 1.3374618731720745e-05 0.00017820542570916588 0.00056669076322881653 -0.0014607553081405378 0.00058741644498780951 8.4985558087247179e-05 8.666737745728349e-05 5.5329493840039491e-05 -0.0032463793913616091 -1.2787995839902422e-05 0.00011812529437409403 0.14100239188300356 -0.059468319369130995 -0.027349166686708282 0.00042369285545911244 0.00090996356714048157 -0.013450250932299835 0.0045779197139662392 0.00066352602078803005 -7.9445029940838914e-06 -0.00039577174061253831 4.0800007847696663e-05 0.0009098712181902169 -7.9445029940838914e-06
leaf_weight=47226 166 6457 4428 3027 3611 2566 14063 4509 2757 4137 3636 61852 1410 839 908 580 3698 590 2091 2841 1788 22817 2725 25231 632 628 135704 8462 316 1563
leaf_count=47226 166 6457 4428 3027 3611 2566 14063 4509 2757 4137 3636 61852 1410 839 908 580 3698 590 2091 2841 1788 22817 2725 25231 632 628 135704 8462 316 1563
internal_value=-0.00435385 0.00200106 -0.0354092 -3.94582e-05 -0.0121038 0.0125786 0.0441288 -0.00170867 -0.00951355 0.00478281 0.00059712 0.00332172 0.0138708 -0.00177289 0.0244391 0.0308896 0.035678 0.0294997 -0.00106064 -0.000365636 0.00213638 -0.00194587 -0.0178041 0.00583834 0.017259 -0.00515873 -0.00133122 -0.00839023 -0.00281615 -0.0212613
internal_weight=371258 308201 63057 293972 14725 8268 14229 15831 7185 8646 279247 72904 11052 4456 6596 5688 5108 1429 4657 206343 57457 27330 4513 30127 4896 1260 148886 13182 10341 1879
internal_count=371258 308201 63057 293972 14725 8268 14229 15831 7185 8646 279247 72904 11052 4456 6596 5688 5108 1429 4657 206343 57457 27330 4513 30127 4896 1260 148886 13182 10341 1879
cat_boundaries=0 3 5 7 9 11 13 15 17 20 23 25 27 29
cat_threshold=167821458 1346371840 2 2147483648 1049088 0 2147549184 0 2147483648 0 268435712 545267712 2374816 536870912 2106368 536870912 2098304 1091834948 118095936 4 268960000 24 1 1048576 83886080 1074857024 131160 262144 16384
is_linear=0
shrinkage=0.05


Tree=146
num_leaves=31
num_cat=14
split_feature=17 17 0 17 0 17 0 17 0 6 17 5 17 16 17 6 0 5 5 6 17 0 17 17 6 14 17 17 17 6
split_gain=29337.2 10589.4 9603.2 913.941 4582.02 798.834 550.804 336.067 625.625 561.558 966.291 641.49 591.176 424.262 321.821 530.131 376.426 308.21 204.205 201.892 563.849 461.436 994.883 443.95 494.817 525.453 522.917 449.264 350.611 401.019
threshold=0 1 7.5000000000000009 2 7.5000000000000009 3 7.5000000000000009 4 7.5000000000000009 11.500000000000002 5 23.750000000000004 6 29.839925000000004 7 17.500000000000004 14.000000000000002 6.2500000000000009 31.250000000000004 10.500000000000002 8 7.5000000000000009 9 10 21.500000000000004 709.93887500000017 11 12 13 19.500000000000004
decision_type=9 9 2 9 2 9 2 9 2 2 9 2 9 2 9 2 2 2 2 2 9 2 9 9 2 2 9 9 9 2
left_child=2 6 -1 4 -3 -6 -2 8 9 10 -5 12 13 -11 15 -4 -16 -12 19 20 -9 22 23 -21 25 28 -26 -27 29 -25
right_child=1 3 14 7 5 -7 -8 18 -10 11 17 -13 -14 -15 16 -17 -18 -19 -20 21 -22 -23 -24 24 26 27 -28 -29 -30 -31
leaf_value=-0.00041947649985840663 -0.00041947649985840663 -0.00041947649985840663 -7.1262530465432414e-05 -0.00053077947942075103 3.6009844379769616e-05 -0.0064288446929187341 1.2705887795139149e-05 0.0027242619937454028 8.0736280182946987e-05 8.23340085844393e-05 5.2563019148044178e-05 -0.003084060421793522 -1.4746339198268288e-05 0.00011221902965536935 0.0001692951544237431 0.00053835622506737124 -0.0013877175427334798 0.0014727660406323563 0.063831921516346674 0.0012844015291989753 -0.00070653727858598363 -0.00042290897965120423 -0.02607556030424614 -0.012311175653464446 0.00052043550127525153 -9.9845033864731654e-06 -7.5472778443774762e-06 0.001585578400190313 7.0743119193128481e-05 0.001585578400190313
leaf_weight=47226 166 6457 4428 3027 3611 4657 14063 10597 64434 1410 1044 919 901 3698 4509 2757 4137 959 11274 705 22138 143665 4182 3395 357 220 1765 1481 2775 301
leaf_count=47226 166 6457 4428 3027 3611 4657 14063 10597 64434 1410 1044 919 901 3698 4509 2757 4137 959 11274 705 22138 143665 4182 3395 357 220 1765 1481 2775 301
internal_value=-0.00434011 0.00201794 -0.0354108 -2.177e-05 -0.0121581 0.0124819 0.0441288 0.000618606 0.00344494 0.0139488 0.0012326 0.0231813 0.0291313 0.035678 -0.00171499 -0.00952745 0.00478281 0.0280924 -0.000445863 -0.000830719 0.00274477 -0.00156756 -0.00985772 -0.00194841 -0.00459045 0.000991189 -0.0261074 0.0257202 -0.00550919 -0.0155693
internal_weight=371258 308201 63057 293972 14725 8268 14229 279247 76392 11958 5030 6928 6009 5108 15831 7185 8646 2003 202855 191581 32735 158846 15181 10999 10294 8172 2122 1701 6471 3696
internal_count=371258 308201 63057 293972 14725 8268 14229 279247 76392 11958 5030 6928 6009 5108 15831 7185 8646 2003 202855 191581 32735 158846 15181 10999 10294 8172 2122 1701 6471 3696
cat_boundaries=0 3 5 7 9 11 13 15 17 20 23 25 27 28 30
cat_threshold=167821458 1346371840 2 2147483648 1049088 0 2147549184 0 2147483648 545267712 2374818 536870912 2106368 536870912 2098304 0 268435712 1090786368 33685504 4 285999360 654327808 5 0 67125248 262144 16777216 16777216 262144 587202560
is_linear=0
shrinkage=0.05


Tree=147
num_leaves=31
num_cat=14
split_feature=0 17 17 17 6 6 17 17 6 3 17 5 17 17 16 17 17 17 16 0 6 17 5 6 5 16 17 17 8 6
split_gain=27756.7 16952.5 11469.7 1575.66 1236.98 721.575 354.2 339.54 328.068 310.481 298.152 294.285 287.631 248.749 240.292 276.46 236.454 223.009 230.935 207.12 187.606 169.806 208.045 355.581 416.109 268.668 233.654 163.785 158.65 147.674
threshold=7.5000000000000009 0 1 2 19.500000000000004 21.500000000000004 3 4 11.500000000000002 17.500000000000004 5 8.7500000000000018 6 7 220.03990833333339 8 9 10 220.03990833333339 57.500000000000007 11.500000000000002 11 23.750000000000004 11.500000000000002 6.2500000000000009 29.839925000000004 12 13 23.500000000000004 11.500000000000002
decision_type=2 9 9 9 2 2 9 9 2 2 9 2 9 9 2 9 9 9 2 2 2 9 2 2 2 2 9 9 2 2
left_child=1 12 13 4 7 14 28 8 10 16 -3 -12 29 20 21 -16 -6 18 -4 -19 -2 22 23 24 26 -25 -5 -26 -7 -1
right_child=2 3 17 5 9 6 -8 -9 -10 -11 11 -13 -14 -15 15 -17 -18 19 -20 -21 -22 -23 -24 25 27 -27 -28 -29 -30 -31
leaf_value=-0.00039850267486549743 -0.0004465412009125203 0.0027006599498870633 7.6699466173835162e-05 0.00023005413312278123 1.6614454908125963e-05 -0.00026167035785928938 -7.1699139521541612e-06 7.8217308155226217e-05 -0.010531600378988461 -0.013635246113308019 -0.0014606398460003779 0.00025863125409730792 -0.00039850267486549743 1.2070593405422159e-05 6.7205963233485383e-05 -5.586528327494733e-06 0.00088893675677921287 -0.00049414494487489693 0.00016083039670258261 0.11978439769111233 3.4209352160807782e-05 -9.1357928532520566e-05 -0.0029298574007038617 -0.00055943437405736596 -0.00050424050544970454 4.2502391857590641e-05 -0.14265163382308854 0.28741296927420468 0.00071424216315825191 -0.00039850267486549743
leaf_weight=4027 107 723 106673 435 570 74 2323 5903 1586 286 665 720 42529 14063 463 1213 3236 138036 13240 6813 3504 10941 809 450 914 863 393 170 180 9349
leaf_count=4027 107 723 106673 435 570 74 2323 5903 1586 286 665 720 42529 14063 463 1213 3236 138036 13240 6813 3504 10941 809 450 914 863 393 170 180 9349
internal_value=-0.00452489 -0.0289039 0.00314195 -0.000429739 0.0125301 -0.00965797 -0.0342841 0.00272481 -0.00915227 0.0355572 0.00374763 -0.00985663 -0.0456613 0.0421285 -0.0058525 -0.0238067 0.0393326 0.000537821 0.00213262 -0.000782485 0.0300884 -0.00384307 0.00492087 0.0106202 -0.00313808 0.030655 0.0235507 -0.023524 0.0215909 -0.0390781
internal_weight=371258 88822 282436 32917 13689 19228 2577 9597 3694 4092 2108 1385 55905 17674 16651 1676 3806 264762 119913 144849 3611 14975 4034 3225 1912 1313 828 1084 254 13376
internal_count=371258 88822 282436 32917 13689 19228 2577 9597 3694 4092 2108 1385 55905 17674 16651 1676 3806 264762 119913 144849 3611 14975 4034 3225 1912 1313 828 1084 254 13376
cat_boundaries=0 3 5 8 10 13 14 16 18 20 23 26 29 31 33
cat_threshold=2382415058 3493929216 2 2147483648 2148532736 815530244 67130498 4 0 16777216 538181632 67125248 4 1310720 67126336 73984 0 2147483648 16777216 553648128 8913156 4096 4 1209081938 438713570 10 0 2097193 1 0 2097184 0 2097152
is_linear=0
shrinkage=0.05


Tree=148
num_leaves=31
num_cat=13
split_feature=17 17 0 0 17 6 17 17 17 6 17 0 3 16 17 6 0 5 17 5 17 17 12 6 5 6 17 17 5 8
split_gain=28786.7 10762.7 9619.38 1252.15 4297.61 1579.71 1229.64 1154.3 1072.89 1078.93 679.726 550.804 520.589 450.841 324.948 530.131 371.216 236.524 218.257 205.988 697.627 207.308 194.433 186.334 181.558 181.07 441.185 432.436 606.325 169.801
threshold=0 1 7.5000000000000009 7.5000000000000009 2 19.500000000000004 3 4 5 19.500000000000004 6 7.5000000000000009 17.500000000000004 219.77431666666669 7 17.500000000000004 14.000000000000002 16.250000000000004 8 6.2500000000000009 9 10 63.500000000000007 11.500000000000002 38.750000000000007 10.500000000000002 11 12 16.250000000000004 24.500000000000004
decision_type=9 9 2 2 9 2 9 9 9 2 9 2 2 2 9 2 2 2 9 2 9 9 2 2 2 2 9 9 2 2
left_child=2 11 -1 4 8 10 23 -7 -3 25 -6 -2 -9 18 15 -4 -16 -11 -12 20 -20 -21 24 -5 -8 26 -10 28 -27 -18
right_child=1 3 14 6 5 7 22 12 9 17 13 -13 -14 -15 16 -17 29 -19 19 21 -22 -23 -24 -25 -26 27 -28 -29 -30 -31
leaf_value=-0.00037857754112220477 -0.00037857754112220477 -0.00037857754112220477 -6.113103180886981e-05 -0.00042421414086692979 7.4306442747484891e-05 -0.012117443379153547 4.8608305066810686e-05 0.0008954141524603721 0.00042640041947774601 -1.6881957507797198e-05 -0.0028183432986711222 1.1467063735182138e-05 -0.021727545197330111 -5.3072019110977921e-06 0.00015278887686749344 0.00053614566105775197 -0.0028963243762088809 0.00024186042624827487 -0.001387607853700379 0.00024569969139243142 0.00051854085035722979 -0.00047902848017722377 -0.065022435509257195 3.2498884552722986e-05 0.096687070791734803 7.1773859660106967e-05 -9.2269287053525773e-05 -0.010792400900409938 -0.00062420889808136872 0.0014766910273142032
leaf_weight=47226 166 6457 4428 107 6135 1134 242711 4857 1189 3987 3343 14063 308 1370 4509 2757 2530 272 754 660 966 4695 1549 3504 4671 979 2301 1345 678 1607
leaf_count=47226 166 6457 4428 107 6135 1134 242711 4857 1189 3987 3343 14063 308 1370 4509 2757 2530 272 754 660 966 4695 1549 3504 4671 979 2301 1345 678 1607
internal_value=-0.00462347 0.00167466 -0.0354012 -0.000381656 -0.00843833 0.00513783 0.000940042 0.0266788 -0.0275351 -0.017819 -0.00242984 0.0441288 0.0366667 -0.00945075 -0.00167709 -0.00952745 0.00485213 -0.0373914 -0.00591284 -0.000924488 0.0141279 -0.00576097 0.000519199 0.0298674 0.000629795 -0.00500616 -0.0127507 0.00399734 0.0210258 -0.00595842
internal_weight=371258 308201 63057 293972 41430 24222 252542 6299 17208 10751 17923 14229 5165 11788 15831 7185 8646 4259 10418 7075 1720 5355 248931 3611 247382 6492 3490 3002 1657 4137
internal_count=371258 308201 63057 293972 41430 24222 252542 6299 17208 10751 17923 14229 5165 11788 15831 7185 8646 4259 10418 7075 1720 5355 248931 3611 247382 6492 3490 3002 1657 4137
cat_boundaries=0 3 5 7 9 12 14 16 18 20 23 26 28 29
cat_threshold=167821458 1346371840 2 2147483648 1049088 1157694528 2315329616 0 2147483648 8913156 131113 1 0 2147549184 8913156 5290 0 268435712 0 553664512 536870912 1 5 536870912 1 1 1073742912 33554512 16777216
is_linear=0
shrinkage=0.05


Tree=149
num_leaves=31
num_cat=13
split_feature=0 17 17 17 6 6 17 3 17 17 17 16 17 6 17 6 17 16 0 17 6 17 6 5 16 6 5 6 5 17
split_gain=29032.5 15493.2 11448.5 1357.02 1334.05 1324.56 423.551 315.872 287.631 274.718 256.526 237.876 255.594 237.776 418.698 186.334 183.476 202.545 191.611 167.743 157.998 152.176 197.058 332.898 459.974 147.674 143.727 140.2 541.187 134.762
threshold=7.5000000000000009 0 1 2 19.500000000000004 21.500000000000004 3 17.500000000000004 4 5 6 220.03990833333339 7 11.500000000000002 8 11.500000000000002 9 200.03360833333338 57.500000000000007 10 21.500000000000004 11 11.500000000000002 23.750000000000004 29.839925000000004 11.500000000000002 10.750000000000002 19.500000000000004 16.250000000000004 12
decision_type=2 9 9 9 2 2 9 2 9 9 9 2 9 2 9 2 9 2 2 9 2 9 2 2 2 2 2 2 2 9
left_child=1 8 10 4 6 11 13 9 25 20 15 21 -13 14 -3 -2 18 -18 -4 -19 -6 22 26 24 -24 29 -5 -17 -29 -1
right_child=2 3 16 5 7 -7 -8 -9 -10 -11 -12 12 -14 -15 -16 27 17 19 -20 -21 -22 -23 23 -25 -26 -27 -28 28 -30 -31
leaf_value=-0.03406891524545199 -0.00040300343382355664 -1.0424380557427783e-06 -0.0003781169233869619 2.5949798050062257e-05 0.0022365412034669242 -2.8540541955379697e-05 9.898189062749197e-05 -0.012347611638684919 -0.00035964866406610344 0.0011938038911531114 1.0893710548387503e-05 6.0256972088801321e-05 -5.0418418155562257e-06 -0.010917623353796558 0.0046556313711023202 1.2594705507051885e-05 7.453206373666533e-05 0.00014514943302410544 0.11357005217626509 0.00014069237052138917 -0.01308651019501017 -6.0325000843830528e-05 -0.00034393183920173876 -0.0027594131066598139 6.4328696273552308e-05 -0.00035964866406610344 -0.0004550770561683848 0.00017553514999049116 -0.0095647007383916193 -0.00035964866406610344
leaf_weight=803 107 921 131545 1610 135 2902 5687 298 42529 3057 14063 504 1208 2451 820 2508 109688 6718 6813 9998 217 9768 639 702 1066 9349 932 735 261 3224
leaf_count=803 107 921 131545 1610 135 2902 5687 298 42529 3057 14063 504 1208 2451 820 2508 109688 6718 6813 9998 217 9768 639 702 1066 9349 932 735 261 3224
internal_value=-0.00470832 -0.0296413 0.00313275 -0.00241899 0.00968667 -0.0109276 9.61636e-05 0.0352711 -0.0456613 0.0395864 0.0420832 -0.00543247 -0.0230724 -0.0119467 0.00215393 0.0298674 0.000531023 0.00190802 -0.000727047 0.00703518 -0.00276243 -0.00338044 0.00376084 0.0140216 0.0259531 -0.0390781 -0.0059402 0.0319349 0.0160643 -0.0311026
internal_weight=371258 88822 282436 32917 13586 19331 9879 3707 55905 3409 17674 16429 1712 4192 1741 3611 264762 126404 138358 16716 352 14717 4949 2407 1705 13376 2542 3504 996 4027
internal_count=371258 88822 282436 32917 13586 19331 9879 3707 55905 3409 17674 16429 1712 4192 1741 3611 264762 126404 138358 16716 352 14717 4949 2407 1705 13376 2542 3504 996 4027
cat_boundaries=0 3 5 8 10 12 15 17 19 21 24 27 29 31
cat_threshold=2382415058 3493929216 2 2147483648 2148532736 278659332 83903650 5 1310720 16793728 67126336 73984 8913156 0 1 0 2147483648 16777216 536875008 0 16512 361518340 889798937 5 168828930 263234 2 536870912 2101257 67109952 8192
is_linear=0
shrinkage=0.05


Tree=150
num_leaves=31
num_cat=14
split_feature=0 17 17 17 6 6 17 17 3 17 16 17 17 17 6 17 6 17 5 3 5 6 17 6 0 6 6 4 17 17
split_gain=28217.9 16425.9 11468 1102.28 1120.58 495.441 406.78 351.445 295.91 287.631 255.564 261.043 252.281 248.749 235.563 399.743 204.735 201.581 460.51 524.442 310.028 187.606 182.908 165.728 150.624 147.674 145.695 143.061 272.23 164.857
threshold=7.5000000000000009 0 1 2 19.500000000000004 21.500000000000004 3 4 17.500000000000004 5 220.03990833333339 6 7 8 11.500000000000002 9 22.500000000000004 10 23.750000000000004 14.000000000000002 16.250000000000004 11.500000000000002 11 11.500000000000002 112.50000000000001 11.500000000000002 21.500000000000004 1.0000000180025095e-35 12 13
decision_type=2 9 9 9 2 2 9 9 2 9 2 9 9 9 2 9 2 9 2 2 2 2 9 2 2 2 2 2 9 9
left_child=1 9 13 4 7 10 16 14 12 25 -5 -12 26 21 15 -3 -7 18 20 23 -4 -2 -22 -20 27 -1 -6 29 -29 -19
right_child=2 3 17 5 8 6 -8 -9 -10 -11 11 -13 -14 -15 -16 -17 -18 24 19 -21 22 -23 -24 -25 -26 -27 -28 28 -30 -31
leaf_value=-0.00034166623086280269 -0.00038285326213234329 -9.9031615294897803e-07 0.0055542709200942404 -3.2090668210038591e-05 0.0021247141432935825 -1.4120033075704087e-05 -3.3987478877284261e-05 9.4032796096099602e-05 -0.01160109621581884 -0.00034166623086280269 5.7244123484379022e-05 -4.7897497247983985e-06 0.0011341136965954401 1.0349025020950364e-05 -0.0081915480855271113 0.0023567968078464399 1.2867835387009309e-06 6.3068045559067085e-05 7.4495884306102775e-05 -0.0012886911619539811 0.0011493054913779943 3.0244205049712036e-05 -0.0002007101884644147 0.00013789196137290461 0.39706965244243375 -0.00034166623086280269 -0.012359355372242265 0.031284057086108687 -0.00079212904872054683 -0.00071939793973125894
leaf_weight=4027 107 921 869 16156 124 361 2390 5311 273 42529 463 1266 2649 14063 1573 808 420 85601 401 1305 429 3504 1158 2583 894 9349 202 28442 18201 124879
leaf_count=4027 107 921 869 16156 124 361 2390 5311 273 42529 463 1266 2649 14063 1573 808 420 85601 401 1305 429 3504 1158 2583 894 9349 202 28442 18201 124879
internal_value=-0.00458549 -0.0291662 0.00314478 -0.00113736 0.0110479 -0.00800342 -0.026222 0.00161964 0.0360837 -0.0456613 -0.00477775 -0.023048 0.0406555 0.0421285 -0.0111715 0.00153268 0.00524652 0.000540843 0.00906736 0.0189671 -0.00818404 0.0300884 -0.0213296 0.0305295 0.000317602 -0.0390781 -0.0014881 0.00024638 0.00275175 -0.000308818
internal_weight=371258 88822 282436 32917 11861 21056 3171 8613 3248 55905 17885 1729 2975 17674 3302 1729 781 264762 6745 4289 2456 3611 1587 2984 258017 13376 326 257123 46643 210480
internal_count=371258 88822 282436 32917 11861 21056 3171 8613 3248 55905 17885 1729 2975 17674 3302 1729 781 264762 6745 4289 2456 3611 1587 2984 258017 13376 326 257123 46643 210480
cat_boundaries=0 3 5 8 10 13 15 17 18 20 22 25 26 29 32
cat_threshold=2382415058 3493929216 2 2147483648 2148532736 278659332 67126434 4 0 50331648 1310720 67125376 4 67126336 73984 16777216 553648128 8913156 0 2147483648 0 16512 134217744 268435456 2 134217744 1963025728 134695000 13 1645523014 169882754 8
is_linear=0
shrinkage=0.05


Tree=151
num_leaves=31
num_cat=15
split_feature=0 17 17 17 6 6 17 17 17 17 6 3 5 17 16 17 6 17 6 14 17 16 17 5 5 17 6 6 17 17
split_gain=27902.5 16320.7 10593.3 911.578 851.048 521.878 420.27 407.897 406.78 354.521 351.011 319.68 311.375 287.631 271.607 261.043 232.515 393.65 204.735 181.45 495.923 190.497 184.114 558.083 444.794 266.767 172.448 191.021 164.563 151.647
threshold=7.5000000000000009 0 1 2 19.500000000000004 21.500000000000004 3 4 5 6 21.500000000000004 17.500000000000004 16.250000000000004 7 220.03990833333339 8 11.500000000000002 9 22.500000000000004 709.93887500000017 10 29.881808333333336 11 6.2500000000000009 8.7500000000000018 12 11.500000000000002 19.500000000000004 13 14
decision_type=2 9 9 9 2 2 9 9 9 9 2 2 2 9 2 9 2 9 2 2 9 2 9 2 2 9 2 2 9 9
left_child=1 13 -2 4 9 14 11 12 18 16 -8 -6 28 -1 19 -16 17 -3 -7 22 21 -21 23 25 -24 -5 -14 -28 -4 -9
right_child=2 3 7 5 6 8 10 29 -10 -11 -12 -13 26 -15 15 -17 -18 -19 -20 20 -22 -23 24 -25 -26 -27 27 -29 -30 -31
leaf_value=-0.00032458291931964923 9.8315737698584375e-06 -9.4080034531707221e-07 -0.0011168718539280142 -0.13544936469574109 0.001077408011765657 -1.3414031421898899e-05 0.0020184784361289231 0.00013050434971733084 -3.2288104933408947e-05 8.933115629128352e-05 -0.0058752162515810285 -0.019465461633720739 -0.00036371059902569059 -0.00032458291931964923 5.4381917310175613e-05 -4.5502622385562574e-06 -0.0077819706812507494 0.002238956967454131 1.2224443617814275e-06 0.00056824136811117754 -3.7130349967284819e-05 0.00060508730960204824 -0.0013179204175073789 -0.00043071866994948138 -3.4888815914513318e-06 0.00040970118195651219 2.8731994797226436e-05 -0.009087977911724554 0.0032503904433621501 -0.00015871617357774426
leaf_weight=13376 14063 921 110 371 2373 361 283 107110 2390 5311 447 145 541 42529 463 1266 1573 808 420 544 658 798 1815 4384 6593 993 4543 395 1551 154123
leaf_count=13376 14063 921 110 371 2373 361 283 107110 2390 5311 447 145 541 42529 463 1266 1573 808 420 544 658 798 1815 4384 6593 993 4543 395 1551 154123
internal_value=-0.00477619 -0.0292191 0.00291075 -0.0012801 0.0098012 -0.00752397 0.0316195 0.000693226 -0.026222 0.00158481 -0.00202703 0.0412184 0.0124755 -0.0456613 -0.00421303 -0.023048 -0.0112621 0.00135917 0.00524652 -0.00219733 0.0119 0.029216 -0.00418904 0.00270927 -0.0088976 0.0306452 0.00674393 0.00968003 0.031457 0.000370728
internal_weight=371258 88822 282436 32917 11861 21056 3248 268373 3171 8613 730 2518 7140 55905 17885 1729 3302 1729 781 16156 2000 1342 14156 5748 8408 1364 5479 4938 1661 261233
internal_count=371258 88822 282436 32917 11861 21056 3248 268373 3171 8613 730 2518 7140 55905 17885 1729 3302 1729 781 16156 2000 1342 14156 5748 8408 1364 5479 4938 1661 261233
cat_boundaries=0 3 5 8 10 13 15 18 20 22 24 26 29 32 35 38
cat_threshold=2382415058 3493929216 2 2147483648 1049088 278659332 67126434 4 1310720 67126402 134217744 2147483648 2 0 50331648 1310720 67125376 4 67126336 73984 16777216 553648128 0 16512 553648128 555745280 0 35786825 1 0 1 1 0 0 2 1108451330 438712546 8
is_linear=0
shrinkage=0.05


Tree=152
num_leaves=31
num_cat=13
split_feature=0 17 17 17 6 17 5 6 17 6 17 3 17 16 17 17 5 6 6 17 17 6 17 14 0 5 6 8 17 8
split_gain=28399.8 15837 10573.4 1001.98 535.876 405.978 310.916 302.619 812.719 354.369 1279.55 309.142 287.631 275.426 360.154 294.701 219.586 172.683 188.362 169.267 164.563 150.262 149.525 300.233 149.215 148.967 147.674 141.065 149.547 193.545
threshold=7.5000000000000009 0 1 2 19.500000000000004 3 16.250000000000004 21.500000000000004 4 19.500000000000004 5 17.500000000000004 6 220.03990833333339 7 8 8.7500000000000018 11.500000000000002 19.500000000000004 9 10 18.500000000000004 11 889.97878333333347 112.50000000000001 16.250000000000004 11.500000000000002 24.500000000000004 12 23.500000000000004
decision_type=2 9 9 9 2 9 2 2 9 2 9 2 9 2 9 9 2 2 2 9 9 2 9 2 2 2 2 2 9 2
left_child=1 12 -2 4 21 6 20 9 22 13 25 -12 26 15 -15 16 -5 -8 -19 27 -4 -3 23 -9 -7 -11 -1 28 29 -10
right_child=2 3 5 7 -6 24 17 8 19 10 11 -13 -14 14 -16 -17 -18 18 -20 -21 -22 -23 -24 -25 -26 -27 -28 -29 -30 -31
leaf_value=-0.00030835377335365345 9.3399950813477517e-06 8.4864598476741559e-05 -0.0010610282612316447 -0.0020595322036882193 0.0011068822093192932 1.0190128000076015e-05 -0.00034552506907443715 -1.2743329850817277e-05 4.252740856802717e-06 -2.8629617301190182e-05 0.0014404630869569335 -0.0093597126195378074 -0.00030835377335365345 5.1662821444686816e-05 -4.322749126650649e-06 -1.7139018372791525e-05 -0.015395180667657283 2.7295395057347352e-05 -0.0086335790161383482 -3.0673699686722958e-05 0.0030878709211940251 -0.00068482552109605521 0.00054066913793548999 1.1613221436945765e-06 0.37720964460282613 0.00023456263246810494 -0.00030835377335365345 -1.2265140908240825e-06 -0.00029231061157037886 -1.2265140908240825e-06
leaf_weight=4027 14063 5023 110 1493 1424 260339 541 310 211 1441 2074 244 42529 291 1434 11372 3520 4543 395 1206 1551 239 627 217 894 226 9349 1187 312 66
leaf_count=4027 14063 5023 110 1493 1424 260339 541 310 211 1441 2074 244 42529 291 1434 11372 3520 4543 395 1206 1551 239 627 217 894 226 9349 1187 312 66
internal_value=-0.00480474 -0.0294645 0.0029504 -0.00194218 0.0153226 0.000734957 0.0124895 -0.00634694 -0.0187621 -0.0040258 0.00947302 0.0334192 -0.0456613 -0.00699613 -0.026 -0.00499542 -0.0150806 0.00676218 0.00970028 -0.0324866 0.031457 0.00798176 0.0168385 -0.00288641 0.000413217 -0.0238819 -0.0390781 -0.0223404 -0.0024618 0.0238676
internal_weight=371258 88822 282436 32917 6686 268373 7140 26231 4136 22095 3985 2318 55905 18110 1725 16385 5013 5479 4938 2982 1661 5262 1154 527 261233 1667 13376 1776 589 277
internal_count=371258 88822 282436 32917 6686 268373 7140 26231 4136 22095 3985 2318 55905 18110 1725 16385 5013 5479 4938 2982 1661 5262 1154 527 261233 1667 13376 1776 589 277
cat_boundaries=0 3 5 8 11 13 15 17 18 20 22 25 27 28
cat_threshold=2382415058 3493929216 2 2147483648 1049088 9961472 67109922 4 134217744 2147483648 2 262144 50348032 1090584576 33685584 67126336 73984 16777216 65536 687882384 16777476 537002113 0 0 2 0 33554432 16777216
is_linear=0
shrinkage=0.05


Tree=153
num_leaves=31
num_cat=12
split_feature=17 0 17 0 17 0 17 0 17 6 0 16 17 17 5 3 17 6 5 6 17 14 3 17 17 3 6 6 17 14
split_gain=28698.6 13123.3 10652.7 550.804 460.97 862.45 314.713 403.722 625.585 603.094 360.394 348.081 209.202 206.586 572.302 538.66 353.663 332.788 312.351 311.97 359.068 314.121 281.419 520.839 453.936 238.359 191.213 187.412 352.688 305.045
threshold=0 7.5000000000000009 1 7.5000000000000009 2 7.5000000000000009 3 7.5000000000000009 4 21.500000000000004 7.5000000000000009 220.03990833333339 5 6 23.750000000000004 14.000000000000002 7 17.500000000000004 23.750000000000004 19.500000000000004 8 150.11590000000004 14.000000000000002 9 10 17.500000000000004 15.500000000000002 19.500000000000004 11 840.06475833333343
decision_type=9 2 9 2 9 2 9 2 9 2 2 2 9 9 2 2 9 2 2 2 9 2 2 9 9 2 2 2 9 2
left_child=1 -1 3 -2 5 -4 10 8 9 -8 27 -10 -13 14 16 -16 -3 -18 19 21 25 -15 23 -20 -24 -21 -7 -6 29 -29
right_child=2 13 4 -5 6 26 7 -9 11 -11 -12 12 -14 18 15 -17 17 -19 22 20 -22 -23 24 -25 -26 -27 -28 28 -30 -31
leaf_value=-0.00029293608468599074 -0.00029293608468599074 0.0037578538951921203 -0.00029293608468599074 8.8729953272803638e-06 8.0621368552913353e-05 0.038869806647249663 -0.0023529891199227217 9.680621599983397e-06 -1.1651883862651148e-06 -0.024684300478035048 5.7767875533798474e-05 -4.1066116703181167e-06 1.4374577138598355e-06 -0.00040407910060595857 0.00012819599381153068 -0.0012270579733490551 -0.00038343503817648287 0.0017071659819092311 -0.00092165446062937313 -0.0001516668859893322 0.00036372226005623178 0.0007491671651924215 7.6513904864405898e-06 0.0001234696258314294 -0.0036354583392097517 0.010370288884310953 -0.056088882288603162 4.7202090549625103e-05 0.0022047366372525581 -4.8296300530381586e-05
leaf_weight=51628 166 799 2055 14063 4920 2566 4417 189976 20068 1712 54298 1409 754 1345 3063 1305 1101 621 2204 812 1543 2776 765 507 2499 102 2091 425 1046 222
leaf_count=51628 166 799 2055 14063 4920 2566 4417 189976 20068 1712 54298 1409 754 1345 3063 1305 1101 621 2204 812 1543 2776 765 507 2499 102 2091 425 1046 222
internal_value=-0.00484515 -0.0334131 0.0019194 0.0441288 -0.000182362 -0.0131211 0.000129093 -0.000757513 -0.00632228 -0.0204512 0.00330674 -0.00241671 -0.0214748 0.00159449 0.00854472 0.0195055 -0.0104125 -0.0230947 -0.00222479 0.00529036 -0.00881156 0.0136981 -0.0105021 -0.0224087 -0.000612745 -0.0334416 -0.0012347 0.0143278 0.0286769 -0.000684932
internal_weight=371258 71070 300188 14229 285959 6712 279247 218336 28360 6129 60911 22231 2163 19442 6889 4368 2521 1722 12553 6578 2457 4121 5975 2711 3264 914 4657 6613 1693 647
internal_count=371258 71070 300188 14229 285959 6712 279247 218336 28360 6129 60911 22231 2163 19442 6889 4368 2521 1722 12553 6578 2457 4121 5975 2711 3264 914 4657 6613 1693 647
cat_boundaries=0 3 5 7 9 11 13 16 17 19 21 23 25
cat_threshold=167821458 3493855488 2 2147483648 1049088 0 65536 9445376 273570 1677788224 134217808 262144 35782656 134217746 268435456 2 134217744 0 2147483648 16384 2147483904 0 2147483648 8388608 8320
is_linear=0
shrinkage=0.05


Tree=154
num_leaves=31
num_cat=12
split_feature=17 0 17 0 17 0 17 0 6 17 17 6 5 17 17 0 17 6 16 14 5 6 17 3 6 17 5 17 5 14
split_gain=30215.8 11678.1 10564.6 550.804 478.453 858.644 343.779 489.232 438.898 359.672 336.633 544.464 428.023 582.082 578.632 307.696 592.644 375.747 348.081 305.045 255.815 295.115 276.306 275.599 243.607 243.423 331.693 263.733 263.211 263.465
threshold=0 7.5000000000000009 1 7.5000000000000009 2 7.5000000000000009 3 7.5000000000000009 19.500000000000004 4 5 17.500000000000004 23.750000000000004 6 7 7.5000000000000009 8 19.500000000000004 220.03990833333339 840.06475833333343 16.250000000000004 19.500000000000004 9 14.000000000000002 11.500000000000002 10 8.7500000000000018 11 6.2500000000000009 230.05459166666668
decision_type=9 2 9 2 9 2 9 2 2 9 9 2 2 9 9 2 9 2 2 2 2 2 9 2 2 9 2 9 2 2
left_child=1 -1 3 -2 5 -4 7 8 25 19 11 -3 13 20 24 16 17 -8 -18 -10 21 22 -12 -23 -14 26 27 -6 29 -27
right_child=2 10 4 -5 6 -7 15 -9 9 -11 12 -13 14 -15 -16 -17 18 -19 -20 -21 -22 23 -24 -25 -26 28 -28 -29 -30 -31
leaf_value=-0.00027828928045168236 -0.00027828928045168236 -2.7399442044906409e-05 -0.00027828928045168236 8.4293455609341105e-06 0.0043028781262072881 -0.0054158940233286048 -0.017652878478076728 5.3630954484518156e-05 4.4841986022126083e-05 0.0012050750091993747 0.0046196751428458247 0.00055345431043676287 -0.00027182538304737491 0.0021221755736211992 -0.00054060760991578858 2.4264567517118254e-05 -1.1069289669318749e-06 -0.024657052549884196 -3.901281086804431e-06 -4.5881485503862512e-05 -1.1527732955141091e-05 -0.00014408354168988781 -0.00047248842646583359 0.0098517744400954399 4.2597881602279845e-05 9.8051781428720736e-05 7.6590300125278793e-05 -0.0020321660636718696 0.0013691099605534164 -0.016143282366429812
leaf_weight=51628 166 4428 2055 14063 176 4657 2666 61077 425 1925 446 2757 276 2953 3305 183197 20068 1666 2163 222 1190 640 128 122 3197 871 2741 714 1232 104
leaf_count=51628 166 4428 2055 14063 176 4657 2666 61077 425 1925 446 2757 276 2953 3305 183197 20068 1666 2163 222 1190 640 128 122 3197 871 2741 714 1232 104
internal_value=-0.00484676 -0.0341601 0.00209428 0.0441288 1.22391e-06 -0.0131806 0.000318524 0.00336633 0.014673 0.0318818 -0.00113671 -0.00972203 0.00390071 -0.00648841 0.0123045 -0.000691233 -0.00572036 -0.0226163 -0.00241671 -0.000684932 -0.0240536 -0.00913174 0.0179443 -0.0295276 0.0265145 0.00709147 -0.000892612 -0.0274157 0.0201398 0.039641
internal_weight=371258 71070 300188 14229 285959 6712 279247 69487 8410 2572 19442 7185 12257 5479 6778 209760 26563 4332 22231 647 2526 1336 574 762 3473 5838 3631 890 2207 975
internal_count=371258 71070 300188 14229 285959 6712 279247 69487 8410 2572 19442 7185 12257 5479 6778 209760 26563 4332 22231 647 2526 1336 574 762 3473 5838 3631 890 2207 975
cat_boundaries=0 3 5 7 9 11 13 16 19 21 23 25 26
cat_threshold=167821458 3493855488 2 2147483648 1049088 0 65536 546316288 273570 8388608 8320 0 268435712 2 2147483648 2 134217730 2147483648 2 1140917312 134217808 0 2147483648 537919488 9216 1048576
is_linear=0
shrinkage=0.05


Tree=155
num_leaves=31
num_cat=13
split_feature=17 0 17 0 17 0 17 0 6 17 0 17 6 16 14 5 17 17 5 17 5 5 17 17 6 6 17 0 16 17
split_gain=29317.6 12703.7 10568.8 550.804 476.74 859.595 336.826 504.15 432.252 359.672 305.054 584.562 366.859 348.081 305.045 258.137 1029.21 767.251 390.309 255.041 331.693 310.023 263.733 241.147 231.27 229.447 209.202 205.261 183.247 178.899
threshold=0 7.5000000000000009 1 7.5000000000000009 2 7.5000000000000009 3 7.5000000000000009 19.500000000000004 4 7.5000000000000009 5 19.500000000000004 220.03990833333339 840.06475833333343 23.750000000000004 6 7 16.250000000000004 8 8.7500000000000018 6.2500000000000009 9 10 11.500000000000002 19.500000000000004 11 17.500000000000004 180.06970833333335 12
decision_type=9 2 9 2 9 2 9 2 2 9 2 9 2 2 2 2 9 9 2 9 2 2 9 9 2 2 9 2 2 9
left_child=1 -1 3 -2 5 -4 7 8 19 14 11 12 -8 -13 -10 17 25 18 -3 20 22 24 -6 27 -21 -17 -15 -18 -9 -22
right_child=2 15 4 -5 6 -7 10 28 9 -11 -12 13 -14 26 -16 16 23 -19 -20 21 29 -23 -24 -25 -26 -27 -28 -29 -30 -31
leaf_value=-0.00026437481642909154 -0.00026437481642909154 -0.00013687936460540228 -0.00026437481642909154 8.0078782828785229e-06 0.0040877342198969218 -0.0051450993221621392 -0.01677023455417288 1.9983983934679374e-05 4.2599886721017559e-05 0.0011448212587394037 2.3051339141222372e-05 -1.051582518574179e-06 -0.023424199922390001 -3.7062170324730918e-06 -4.3587411228651623e-05 4.0467987522152529e-05 -0.0021886754561291966 0.00060353966805788424 -1.0951346307397359e-05 9.3149192357300239e-05 0.00012084970530406025 0.0013006544625257634 -0.0019305577604882718 -0.00051357722942002582 -0.017092336069104874 -0.002891582241729829 1.5606488825037347e-06 0.0060314885809782844 0.00056555199968073573 -0.0029711096319494424
leaf_weight=51628 166 1725 2055 14063 176 4657 2666 51360 425 1925 183197 20068 1666 1409 222 5245 1221 5335 2039 903 2196 1232 714 3305 72 206 754 366 9717 545
leaf_count=51628 166 1725 2055 14063 176 4657 2666 51360 425 1925 183197 20068 1666 1409 222 5245 1221 5335 2039 903 2196 1232 714 3305 72 206 754 366 9717 545
internal_value=-0.00475114 -0.0336255 0.00208596 0.0441288 -7.5183e-06 -0.0131657 0.000309213 0.00332604 0.0148038 0.0318818 -0.00069028 -0.00569778 -0.0224781 -0.00241671 -0.000684932 0.000817817 0.0062216 -0.00532476 -0.0225755 0.00727989 -0.000892612 0.020636 -0.0274157 -0.0104243 0.0417949 0.0211408 -0.0214748 -0.0263932 0.00174616 0.00771616
internal_weight=371258 71070 300188 14229 285959 6712 279247 69487 8410 2572 209760 26563 4332 22231 647 19442 10343 9099 3764 5838 3631 2207 890 4892 975 5451 2163 1587 61077 2741
internal_count=371258 71070 300188 14229 285959 6712 279247 69487 8410 2572 209760 26563 4332 22231 647 19442 10343 9099 3764 5838 3631 2207 890 4892 975 5451 2163 1587 61077 2741
cat_boundaries=0 3 5 7 9 11 13 16 19 21 22 24 26 28
cat_threshold=167821458 3493855488 2 2147483648 1049088 0 65536 546316288 273570 8388608 8320 1140917312 134217808 134217730 2415919104 2 2 2415919104 2 537919488 9216 1048576 0 256 262144 35782656 536870912 1024
is_linear=0
shrinkage=0.05


Tree=156
num_leaves=31
num_cat=12
split_feature=17 0 17 0 17 0 17 6 5 17 17 17 0 0 17 6 16 6 17 14 17 5 5 17 6 6 5 6 17 3
split_gain=30119 11612.1 10611.6 550.804 466.028 863.403 344.036 551.596 437.056 577.433 575.085 275.762 407.869 302.141 575.203 361.358 348.081 273.972 466.034 373.005 255.041 331.693 310.023 263.733 243.607 231.27 212.612 259.565 285.575 242.299
threshold=0 7.5000000000000009 1 7.5000000000000009 2 7.5000000000000009 3 17.500000000000004 23.750000000000004 4 5 6 7.5000000000000009 7.5000000000000009 7 19.500000000000004 220.03990833333339 19.500000000000004 8 840.06475833333343 9 8.7500000000000018 6.2500000000000009 10 11.500000000000002 11.500000000000002 16.250000000000004 19.500000000000004 11 14.000000000000002
decision_type=9 2 9 2 9 2 9 2 2 9 9 9 2 2 9 2 2 2 9 2 9 2 2 9 2 2 2 2 9 2
left_child=1 -1 3 -2 5 -4 7 -3 10 24 -8 12 17 14 15 -13 -16 20 19 -19 21 23 25 -6 -10 -22 27 28 -12 -29
right_child=2 6 4 -5 11 -7 8 -9 9 -11 26 13 -14 -15 16 -17 -18 18 -20 -21 22 -23 -24 -25 -26 -27 -28 29 -30 -31
leaf_value=-0.00025115607560763923 -0.00025115607560763923 -3.6259404504912496e-05 -0.00025115607560763923 7.6074843687656827e-06 0.0038833475089020911 -0.0048878443560539612 0.003170888657683957 0.00049560461151205721 -0.00026025751327116712 -0.00048789836794904673 0.0043955353539337771 -0.015931722826464247 4.6277374645065097e-05 2.1898772184147932e-05 -9.9900339263214737e-07 -0.022252989926270495 -3.5209061808316733e-06 5.0765272579544886e-05 0.0010875801958024401 -4.1408040667212376e-05 8.8491732739415249e-05 6.67182998538074e-05 0.001235621739399484 -0.0018340298724638605 3.8444588146013818e-05 -0.016237719265649632 -1.0403778991996405e-05 -0.00013003539637512773 -0.0004420200369122718 0.0093660296863209425
leaf_weight=51628 166 4428 2055 14063 176 4657 2685 2757 276 3305 446 2666 61077 183197 20068 1666 2163 569 1706 297 903 2741 1232 714 3197 72 1348 660 206 134
leaf_count=51628 166 4428 2055 14063 176 4657 2685 2757 276 3305 446 2666 61077 183197 20068 1666 2163 569 1706 297 903 2741 1232 714 3197 72 1348 660 206 134
internal_value=-0.00492892 -0.0341953 0.00200101 0.0441288 -9.66888e-05 -0.0131062 -0.0012653 -0.00994441 0.00382734 0.0123193 -0.00667093 0.000216467 0.00294617 -0.000687896 -0.00567142 -0.0223169 -0.00241671 0.0132699 0.0268663 -0.00319635 0.00727989 -0.000892612 0.020636 -0.0274157 0.0265145 0.0417949 -0.0225036 -0.00926694 0.0141104 -0.0284635
internal_weight=371258 71070 300188 14229 285959 6712 19442 7185 12257 6778 5479 279247 69487 209760 26563 4332 22231 8410 2572 866 5838 3631 2207 890 3473 975 2794 1446 652 794
internal_count=371258 71070 300188 14229 285959 6712 19442 7185 12257 6778 5479 279247 69487 209760 26563 4332 22231 8410 2572 866 5838 3631 2207 890 3473 975 2794 1446 652 794
cat_boundaries=0 3 5 7 9 12 13 15 17 19 21 22 24
cat_threshold=167821458 3493855488 2 2147483648 1049088 0 65536 0 268435712 134217730 2147483648 2 167788560 546316288 273570 1140917312 134217808 8388608 8352 537919488 9216 1048576 0 2147483648
is_linear=0
shrinkage=0.05


Tree=157
num_leaves=31
num_cat=13
split_feature=17 0 17 0 17 0 17 6 5 17 17 17 0 6 17 14 0 17 16 6 17 5 5 17 6 6 17 5 6 17
split_gain=30149.4 11627.9 10598.2 550.804 465.9 865.31 338.788 545.491 439.419 576.234 572.444 269.285 408.21 273.972 466.034 373.005 270.279 531.827 359.134 283.327 255.041 331.693 310.023 263.733 243.607 231.27 216.93 212.612 259.565 285.575
threshold=0 7.5000000000000009 1 7.5000000000000009 2 7.5000000000000009 3 17.500000000000004 23.750000000000004 4 5 6 7.5000000000000009 19.500000000000004 7 840.06475833333343 7.5000000000000009 8 219.77431666666669 19.500000000000004 9 8.7500000000000018 6.2500000000000009 10 11.500000000000002 11.500000000000002 11 16.250000000000004 19.500000000000004 12
decision_type=9 2 9 2 9 2 9 2 2 9 9 9 2 2 9 2 2 9 2 2 9 2 2 9 2 2 9 2 2 9
left_child=1 -1 3 -2 5 -4 7 -3 10 24 -8 12 13 20 15 -15 17 19 -19 -13 21 23 25 -6 -10 -22 -20 28 29 -12
right_child=2 6 4 -5 11 -7 8 -9 9 -11 27 16 -14 14 -16 -17 -18 18 26 -21 22 -23 -24 -25 -26 -27 -28 -29 -30 -31
leaf_value=-0.00023859827182723948 -0.00023859827182723948 -3.4446434279677976e-05 -0.00023859827182723948 7.2271101503318391e-06 0.0036891801334570044 -0.0046434521382511919 0.00301234422479979 0.0004708243809364632 -0.00024724463760756877 -0.00046350344955161662 0.0041757585862370666 -0.028034890092919887 4.3963505912802962e-05 4.8227008950574302e-05 0.0010332011860123113 -3.9337638633840655e-05 2.0803833574944974e-05 -9.490532229872173e-07 -3.3448608717900899e-06 -0.021053200296146504 8.4067146102428936e-05 6.3382384861121471e-05 0.0011738406524294922 -0.001742328378840652 3.6522358738722004e-05 -0.015425833302367131 1.6561273122883691e-06 -9.883590042392143e-06 -0.00012353362655641577 -0.00041991903506666262
leaf_weight=51628 166 4428 2055 14063 176 4657 2685 2757 276 3305 446 2258 61077 569 1706 297 183197 20558 1520 1419 903 2741 1232 714 3197 72 808 1348 794 206
leaf_count=51628 166 4428 2055 14063 176 4657 2685 2757 276 3305 446 2258 61077 569 1706 297 183197 20558 1520 1419 903 2741 1232 714 3197 72 808 1348 794 206
internal_value=-0.00490575 -0.0341868 0.00202766 0.0441288 -6.87137e-05 -0.0130765 -0.00123444 -0.00984712 0.00381919 0.012334 -0.00670743 0.000244399 0.00294185 0.0132699 0.0268663 -0.00319635 -0.000649283 -0.00536272 -0.00252009 -0.0229862 0.00727989 -0.000892612 0.020636 -0.0274157 0.0265145 0.0417949 -0.021134 -0.0225036 -0.00926694 0.0141104
internal_weight=371258 71070 300188 14229 285959 6712 19442 7185 12257 6778 5479 279247 69487 8410 2572 866 209760 26563 22886 3677 5838 3631 2207 890 3473 975 2328 2794 1446 652
internal_count=371258 71070 300188 14229 285959 6712 19442 7185 12257 6778 5479 279247 69487 8410 2572 866 209760 26563 22886 3677 5838 3631 2207 890 3473 975 2328 2794 1446 652
cat_boundaries=0 3 5 7 9 12 13 15 17 19 21 22 24 26
cat_threshold=167821458 3493855488 2 2147483648 1049088 0 65536 0 268435712 134217730 2147483648 2 167788560 546316288 273570 8388608 8352 67175488 134217808 537919488 9216 1048576 1074003968 35782656 0 2147483648
is_linear=0
shrinkage=0.05


Tree=158
num_leaves=31
num_cat=14
split_feature=17 0 17 0 17 0 17 17 0 6 17 14 0 17 16 6 17 5 5 17 6 17 17 6 6 3 5 17 17 17
split_gain=30175.7 11599 10598 550.804 461.673 869.13 278.824 268.065 408.779 273.972 466.034 373.005 269.525 529.011 359.134 280.532 255.041 331.693 310.023 263.733 231.27 216.93 183.44 696.449 284.253 251.985 244.855 380.358 190.783 178.899
threshold=0 7.5000000000000009 1 7.5000000000000009 2 7.5000000000000009 3 4 7.5000000000000009 19.500000000000004 5 840.06475833333343 7.5000000000000009 6 219.77431666666669 19.500000000000004 7 8.7500000000000018 6.2500000000000009 8 11.500000000000002 9 10 19.500000000000004 21.500000000000004 17.500000000000004 6.2500000000000009 11 12 13
decision_type=9 2 9 2 9 2 9 9 2 2 9 2 2 9 2 2 9 2 2 9 2 9 9 2 2 2 2 9 9 9
left_child=1 -1 3 -2 5 -4 -3 8 9 16 11 -11 13 15 22 -9 17 19 20 -6 -18 -16 23 26 -24 28 27 -15 -25 -19
right_child=2 6 4 -5 7 -7 -8 12 -10 10 -12 -13 -14 14 21 -17 18 29 -20 -21 -22 -23 24 25 -26 -27 -28 -29 -30 -31
leaf_value=-0.00022666835823588195 -0.00022666835823588195 -9.3894105402725362e-06 -0.00022666835823588195 6.8657546428596563e-06 0.0035047211267841497 -0.0044112795313386854 3.8568478904110752e-05 -0.026633145588273878 4.1765330617149493e-05 4.5815658503034484e-05 0.00098154112671169371 -3.737075670215973e-05 1.9763641896197728e-05 -0.0025740372580010718 -3.1776178281983647e-06 -0.020000540281339199 7.9863788797318591e-05 0.00010830218580308859 0.0011151486198080374 -0.0016552119598986172 -0.014654541637248775 1.5733209466572974e-06 -1.6193688224142024e-06 0.0010182281604886434 -9.0160056185339956e-07 -0.0087788523449075836 -0.00043211354041989837 0.0001735669071019963 0.00044706408815944345 -0.0028290591845877345
leaf_weight=51628 166 7580 2055 14063 176 4657 11862 2258 61077 569 1706 297 183197 597 1520 1419 903 2196 1232 714 72 808 9164 1514 1826 277 5907 934 339 545
leaf_count=51628 166 7580 2055 14063 176 4657 11862 2258 61077 569 1706 297 183197 597 1520 1419 903 2196 1232 714 72 808 9164 1514 1826 277 5907 934 339 545
internal_value=-0.00490845 -0.0342023 0.00202799 0.0441288 -6.83641e-05 -0.013017 -0.00129102 0.000243324 0.00293466 0.0132699 0.0268663 -0.00319635 -0.000648329 -0.00535519 -0.00252009 -0.0229319 0.00727989 -0.000892612 0.020636 -0.0274157 0.0417949 -0.021134 -0.000413464 0.00464606 -0.00481818 0.0298592 -0.00256789 0.0152515 0.0365084 0.00771616
internal_weight=371258 71070 300188 14229 285959 6712 19442 279247 69487 8410 2572 866 209760 26563 22886 3677 5838 3631 2207 890 975 2328 20558 9568 10990 2130 7438 1531 1853 2741
internal_count=371258 71070 300188 14229 285959 6712 19442 279247 69487 8410 2572 866 209760 26563 22886 3677 5838 3631 2207 890 975 2328 20558 9568 10990 2130 7438 1531 1853 2741
cat_boundaries=0 3 5 7 9 11 13 15 17 18 20 23 26 28 30
cat_threshold=167821458 3493855488 2 2147483648 1049088 0 65536 0 2147483904 546316288 273570 8388608 8352 67175488 134217808 537919488 9216 1048576 1074003968 35782656 269222148 85999616 4 256 16793600 4 262144 85999616 536870912 1024
is_linear=0
shrinkage=0.05


Tree=159
num_leaves=31
num_cat=12
split_feature=17 17 0 0 17 0 17 0 17 6 17 2 0 17 16 6 17 5 17 17 6 16 17 6 6 3 14 0 17 5
split_gain=30839.8 10675.5 10592.2 550.804 448.156 871.044 418.916 332.328 249.992 417.497 565.824 521.913 358.518 500.743 340.191 263.481 209.468 186.655 323.764 307.721 208.016 182.498 182.431 175.328 172.113 179.601 164.354 235.46 194.615 156.239
threshold=0 1 7.5000000000000009 7.5000000000000009 2 7.5000000000000009 3 14.000000000000002 4 19.500000000000004 5 14.000000000000002 7.5000000000000009 6 220.03990833333339 19.500000000000004 7 23.750000000000004 8 9 18.500000000000004 20.301666666666673 10 15.500000000000002 11.500000000000002 14.000000000000002 840.06475833333343 7.5000000000000009 11 8.7500000000000018
decision_type=9 9 2 2 9 2 9 2 9 2 9 2 2 9 2 2 9 2 9 9 2 2 9 2 2 2 2 2 9 2
left_child=2 3 -1 -2 5 -3 -4 17 9 16 11 21 13 15 -15 29 -6 18 -8 -19 -20 -11 -16 -7 -21 -26 28 -28 -12 -10
right_child=1 4 6 -5 8 23 7 -9 12 10 26 -13 -14 14 22 -17 -18 19 20 24 -22 -23 -24 -25 25 -27 27 -29 -30 -31
leaf_value=-0.00021533494032408563 -0.00021533494032408563 -0.00021533494032408563 -4.4740213821725666e-06 6.5224669107522011e-06 7.587059935745267e-05 0.03815149478344431 0.013510082428237835 -0.0010673541657850727 -0.007190943713472198 0.00093933803439578696 0.0016080337974077709 0.0021998750744009143 -0.00010117736300543357 -8.5652053374296608e-07 -3.0187369367773443e-06 -0.018488334491042924 -0.00039013794059847843 -0.006369257950629148 -0.00038893997929063674 -0.00023327996120805496 0.0012041295582799095 0.0009324640703761045 -1.1054567656376691e-06 -0.052059259705615805 0.00011969354436596192 -0.0030827806261371827 -0.010360842374691882 -0.0021143050508130481 -0.020626555859803289 -0.0052040072796285313
leaf_weight=51628 166 2055 10796 14063 36232 2566 1292 4137 1495 817 4432 4866 144919 18252 1409 1343 53889 474 538 217 151 3740 644 2091 1738 99 512 1287 4073 1337
leaf_count=51628 166 2055 10796 14063 36232 2566 1292 4137 1495 817 4432 4866 144919 18252 1409 1343 53889 474 538 217 151 3740 644 2091 1738 99 512 1287 4073 1337
internal_value=-0.00513794 0.00187443 -0.0347524 0.0441288 -0.00022957 -0.0129872 -0.00330213 0.00489834 7.75272e-05 0.00193523 0.00852385 0.0173699 -0.00112715 -0.00672386 -0.0034728 -0.0224731 0.000493226 0.0142936 0.00280162 0.0232991 -0.0246781 0.0295479 -0.0227716 -0.00104144 0.0315891 0.0367175 0.000416909 -0.013313 0.00332158 -0.0138771
internal_weight=371258 300188 71070 14229 285959 6712 19442 8646 279247 109848 19727 9423 169399 24480 20305 4175 90121 4509 1981 2528 689 4557 2053 4657 2054 1837 10304 1799 8505 2832
internal_count=371258 300188 71070 14229 285959 6712 19442 8646 279247 109848 19727 9423 169399 24480 20305 4175 90121 4509 1981 2528 689 4557 2053 4657 2054 1837 10304 1799 8505 2832
cat_boundaries=0 3 5 7 9 12 15 17 19 20 21 23 25
cat_threshold=167821458 3493855488 2 2147483648 1049088 0 65536 0 2415919360 1611669760 67386594 8 537919488 67372066 8 75564096 134217744 8192 11458 167788560 16384 262144 35782656 1073742080 4224
is_linear=0
shrinkage=0.05


Tree=160
num_leaves=31
num_cat=13
split_feature=17 0 17 0 17 0 17 6 5 17 17 17 0 6 17 0 17 16 6 17 5 5 17 6 6 17 5 6 17 3
split_gain=30069.9 11572.6 10637.1 550.804 452.724 872.001 330.351 545.491 463.524 571.453 539.946 276.363 498.474 376.774 276.782 266.478 518.225 355.266 277.237 255.041 331.693 310.023 263.733 243.607 231.27 216.93 212.612 259.565 285.575 242.299
threshold=0 7.5000000000000009 1 7.5000000000000009 2 7.5000000000000009 3 17.500000000000004 23.750000000000004 4 5 6 7.5000000000000009 19.500000000000004 7 7.5000000000000009 8 219.77431666666669 19.500000000000004 9 8.7500000000000018 6.2500000000000009 10 11.500000000000002 11.500000000000002 11 16.250000000000004 19.500000000000004 12 14.000000000000002
decision_type=9 2 9 2 9 2 9 2 2 9 9 9 2 2 9 2 9 2 2 9 2 2 9 2 2 9 2 2 9 2
left_child=1 -1 3 -2 5 -4 7 -3 10 23 -8 12 13 19 -15 16 18 -18 -13 20 22 24 -6 -10 -21 -19 27 28 -12 -29
right_child=2 6 4 -5 11 -7 8 -9 9 -11 26 15 -14 14 -16 -17 17 25 -20 21 -22 -23 -24 -25 -26 -27 -28 29 -30 -31
leaf_value=-0.0002045681933078747 -0.0002045681933078747 -3.4428835441824292e-05 -0.0002045681933078747 6.1963435651790634e-06 0.0033489919674748684 -0.0030406782112643253 0.002293323983405138 0.00044797633348574455 -0.0002251468316120331 -0.00038888899272997439 0.0039676638285213173 -0.024969497187247083 3.9556367037008044e-05 0.00047508983138278005 0.00088584086685727925 -1.6777324099948033e-05 -8.1369450706247908e-07 -2.8678000899340365e-06 -0.018076096542720067 0.00035728309374563063 5.1004626359985039e-05 0.0010555976588497273 -0.001552944464873729 3.5389412397890396e-05 -0.013902307658356384 1.5437043318078381e-06 -8.6962389441502811e-06 -0.00011666377363246384 -0.00038140450829402542 0.0089045980549288476
leaf_weight=51628 166 4428 2055 14063 176 4657 2685 2757 276 3305 446 2258 61077 866 1706 183197 20558 1520 1419 903 2741 1232 714 3197 72 808 1348 660 206 134
leaf_count=51628 166 4428 2055 14063 176 4657 2685 2757 276 3305 446 2258 61077 866 1706 183197 20558 1520 1419 903 2741 1232 714 3197 72 808 1348 660 206 134
internal_value=-0.0049739 -0.0342164 0.00195038 0.0441288 -0.000149841 -0.0129723 -0.00134245 -0.00984712 0.003648 0.012393 -0.00716372 0.000158814 0.00289149 0.0143044 0.0302488 -0.000746532 -0.00542672 -0.00262055 -0.0228234 0.00727989 -0.000892612 0.020636 -0.0274157 0.0265145 0.0417949 -0.021134 -0.0225036 -0.00926694 0.0141104 -0.0284635
internal_weight=371258 71070 300188 14229 285959 6712 19442 7185 12257 6778 5479 279247 69487 8410 2572 209760 26563 22886 3677 5838 3631 2207 890 3473 975 2328 2794 1446 652 794
internal_count=371258 71070 300188 14229 285959 6712 19442 7185 12257 6778 5479 279247 69487 8410 2572 209760 26563 22886 3677 5838 3631 2207 890 3473 975 2328 2794 1446 652 794
cat_boundaries=0 3 5 7 9 12 13 15 17 19 21 22 24 26
cat_threshold=167821458 3493855488 2 2147483648 1049088 0 65536 0 268435712 134217730 2147483648 2 167788560 546316288 273570 8388608 8352 67175488 134217808 537919488 9216 1048576 1074003968 35782656 0 2147483648
is_linear=0
shrinkage=0.05


Tree=161
num_leaves=31
num_cat=14
split_feature=17 0 17 0 17 0 17 17 0 6 17 0 17 16 6 17 5 5 17 6 17 17 6 6 17 17 6 6 5 17
split_gain=30172.1 11475.5 10632.4 550.804 450.267 874.877 286.398 272.24 499.481 376.774 276.782 267.413 515.445 355.266 274.473 255.041 331.693 310.023 263.733 231.27 216.93 178.899 179.277 297.417 256.04 166.947 631.489 278.512 244.855 380.358
threshold=0 7.5000000000000009 1 7.5000000000000009 2 7.5000000000000009 3 4 7.5000000000000009 19.500000000000004 5 7.5000000000000009 6 219.77431666666669 19.500000000000004 7 8.7500000000000018 6.2500000000000009 8 11.500000000000002 9 10 11.500000000000002 18.500000000000004 11 12 19.500000000000004 21.500000000000004 6.2500000000000009 13
decision_type=9 2 9 2 9 2 9 9 2 2 9 2 9 2 2 9 2 2 9 2 9 9 2 2 9 9 2 2 2 9
left_child=1 -1 3 -2 5 -4 -3 8 9 15 -11 12 14 25 -9 16 18 19 -6 -17 -15 22 24 -24 -18 26 28 -27 29 -14
right_child=2 6 4 -5 7 -7 -8 11 -10 10 -12 -13 13 20 -16 17 21 -19 -20 -21 -22 -23 23 -25 -26 27 -28 -29 -30 -31
leaf_value=-0.00019433978364249429 -0.00019433978364249429 -8.2614269969027994e-06 -0.00019433978364249429 5.8865263869556379e-06 0.0031815423691011094 -0.002888644300701149 5.1204600979293247e-06 -0.023721022327884714 3.757854868524646e-05 0.00045133533981362995 0.00084154882351441531 -1.5938457895003922e-05 -0.0024452518843489646 -2.7244100854417753e-06 -0.017172291715584053 0.00033941893905833356 0.00034756712323971153 0.0010028177759072499 -0.0014752972416300471 -0.013207192275438562 1.4665191152340996e-06 -0.0026706495596463768 9.654331522703786e-05 -0.00068275121855214675 -0.0055812845769950496 -1.4548896292598814e-06 0.00084809627981736752 -7.7300978169603245e-07 -0.00041042435264686543 0.00016497207249894786
leaf_weight=51628 166 7580 2055 14063 176 4657 11862 2258 61077 866 1706 183197 597 1520 1419 903 440 1232 714 72 808 545 1011 169 576 9164 2130 1826 5907 934
leaf_count=51628 166 7580 2055 14063 176 4657 11862 2258 61077 866 1706 183197 597 1520 1419 903 440 1232 714 72 808 545 1011 169 576 9164 2130 1826 5907 934
internal_value=-0.00497632 -0.0342684 0.00195971 0.0441288 -0.00014005 -0.0129277 -0.00153276 0.000167767 0.00287998 0.0143044 0.0302488 -0.0007308 -0.00541919 -0.00262055 -0.0227692 0.00727989 -0.000892612 0.020636 -0.0274157 0.0417949 -0.021134 0.00771616 0.0140526 0.0273729 -0.00127953 -0.000525343 0.00430152 -0.00472727 -0.00256789 0.0152515
internal_weight=371258 71070 300188 14229 285959 6712 19442 279247 69487 8410 2572 209760 26563 22886 3677 5838 3631 2207 890 975 2328 2741 2196 1180 1016 20558 9568 10990 7438 1531
internal_count=371258 71070 300188 14229 285959 6712 19442 279247 69487 8410 2572 209760 26563 22886 3677 5838 3631 2207 890 975 2328 2741 2196 1180 1016 20558 9568 10990 7438 1531
cat_boundaries=0 3 5 7 9 11 13 15 17 18 20 22 23 26 29
cat_threshold=167821458 3493855488 2 2147483648 1049088 0 65536 0 2147483904 546316288 273570 8388608 8352 67175488 134217808 537919488 9216 1048576 1074003968 35782656 536870912 1024 536870912 269222148 85999616 4 256 16793600 4
is_linear=0
shrinkage=0.05


Tree=162
num_leaves=31
num_cat=14
split_feature=17 0 17 0 17 0 17 17 0 6 17 0 17 16 6 17 5 5 17 17 6 17 17 6 17 5 17 3 6 6
split_gain=30144.2 11467.7 10643 550.804 446.628 876.796 285.235 255.233 455.968 327.331 357.195 263.303 505.512 351.535 277.803 219.744 325.031 324.887 266.022 218.247 213.216 186.089 185.326 450.95 335.299 323.548 430.483 268.111 255.508 214.232
threshold=0 7.5000000000000009 1 7.5000000000000009 2 7.5000000000000009 3 4 7.5000000000000009 20.500000000000004 5 7.5000000000000009 6 219.77431666666669 19.500000000000004 7 6.2500000000000009 8.7500000000000018 8 9 11.500000000000002 10 11 19.500000000000004 12 6.2500000000000009 13 17.500000000000004 21.500000000000004 21.500000000000004
decision_type=9 2 9 2 9 2 9 9 2 2 9 2 9 2 2 9 2 2 9 9 2 9 9 2 9 2 9 2 2 2
left_child=1 -1 3 -2 5 -4 -3 8 9 15 21 12 14 22 -9 17 20 18 -6 -15 -17 -11 23 25 28 26 -14 -26 -25 -24
right_child=2 6 4 -5 7 -7 -8 11 -10 10 -12 -13 13 19 -16 16 -18 -19 -20 -21 -22 -23 29 24 27 -27 -28 -29 -30 -31
leaf_value=-0.00018462279446036512 -0.00018462279446036512 -7.8483556470665402e-06 -0.00018462279446036512 5.5922000676389423e-06 0.0030224652506460449 -0.0027442120856661315 4.8644370929995521e-06 -0.0096076617396510869 3.569962125098414e-05 0.0004362186413077396 0.00079947138233871229 -1.5141535000218199e-05 -0.0023229892901315274 -2.5881895811874504e-06 -0.016127023129853636 0.00032244799210543465 0.00095267688711189182 4.3627229280662762e-05 -0.00061891537989020593 1.3931931594823867e-06 -0.01250834815568802 -0.00011777450001630996 -1.0302001007511664e-05 0.0032758928587283799 0.00087832941967986862 -0.00038990313501452434 0.00015672346887400936 -0.0083822310309010113 -0.00012302132888537544 -7.3435929262011265e-07
leaf_weight=51628 166 7580 2055 14063 182 4657 11862 1808 61077 543 1525 183197 697 1535 1304 903 1316 2892 726 808 86 237 9371 179 1545 6038 971 181 399 1727
leaf_count=51628 166 7580 2055 14063 182 4657 11862 1808 61077 543 1525 183197 697 1535 1304 903 1316 2892 726 808 86 237 9371 179 1545 6038 971 181 399 1727
internal_value=-0.0049941 -0.0342727 0.00193872 0.0441288 -0.000162081 -0.0128979 -0.00154819 0.000144491 0.00277062 0.0136861 0.0297397 -0.000725557 -0.00537778 -0.00285793 -0.0242793 0.0076249 0.0197624 0.000209974 -0.0258811 -0.0212335 0.0415066 0.00189873 -0.000819594 0.00411178 0.0235243 -0.001687 0.0178058 0.034447 -0.00952381 -0.00526647
internal_weight=371258 71070 300188 14229 285959 6712 19442 279247 69487 8410 2305 209760 26563 23451 3112 6105 2305 3800 908 2343 989 780 21108 10010 2304 7706 1668 1726 578 11098
internal_count=371258 71070 300188 14229 285959 6712 19442 279247 69487 8410 2305 209760 26563 23451 3112 6105 2305 3800 908 2343 989 780 21108 10010 2304 7706 1668 1726 578 11098
cat_boundaries=0 3 5 7 9 11 13 15 17 18 20 22 25 27 30
cat_threshold=167821458 3493855488 2 2147483648 1049088 0 65536 0 2147483904 546316288 273570 8388608 8352 67109952 134217808 537919488 9216 1048576 1074069504 35782656 0 128 269222148 86003712 4 524548 4096 268435716 16793600 4
is_linear=0
shrinkage=0.05


Tree=163
num_leaves=31
num_cat=14
split_feature=17 0 17 0 17 0 17 17 0 6 17 0 17 16 6 17 5 5 17 17 6 17 6 17 5 17 3 6 6 17
split_gain=30149.7 11467.7 10641.3 550.804 434.437 888.359 285.235 253.975 482.782 354.174 306.625 262.188 494.185 350.883 270.424 223.645 331.999 324.887 266.022 218.247 189.823 183.751 444.76 331.813 323.548 430.483 265.957 255.508 214.232 170.595
threshold=0 7.5000000000000009 1 7.5000000000000009 2 7.5000000000000009 3 4 7.5000000000000009 20.500000000000004 5 7.5000000000000009 6 219.77431666666669 19.500000000000004 7 6.2500000000000009 8.7500000000000018 8 9 11.500000000000002 10 19.500000000000004 11 6.2500000000000009 12 17.500000000000004 21.500000000000004 21.500000000000004 13
decision_type=9 2 9 2 9 2 9 9 2 2 9 2 9 2 2 9 2 2 9 9 2 9 2 9 2 9 2 2 2 9
left_child=1 -1 3 -2 5 -4 -3 8 9 15 -11 12 14 21 -9 17 20 18 -6 -15 -17 22 24 27 25 -14 -25 -24 -23 -19
right_child=2 6 4 -5 7 -7 -8 11 -10 10 -12 -13 13 19 -16 16 -18 29 -20 -21 -22 28 23 26 -26 -27 -28 -29 -30 -31
leaf_value=-0.00017539165473734464 -0.00017539165473734464 -7.4559378647087728e-06 -0.00017539165473734464 5.3125900642214679e-06 0.0028713419881137626 -0.0026070014813828202 4.6212152383429132e-06 -0.0091272786526685138 3.391464018847046e-05 -0.00011188577501548559 0.00075949781322179897 -1.4384458250127353e-05 -0.002206839825624929 -2.4587801021436209e-06 -0.015320671973360955 0.00030632559250016734 0.000905043042756315 8.9534788001666143e-05 -0.00058796961089568889 1.3235335015293615e-06 -0.011882930747903631 -9.7869009571205381e-06 0.0031120982157919475 0.00083441294869586187 -0.00037040797826382033 0.00014888729543032221 -0.0079631194793559519 -0.00011687026244109334 -6.9764132799576832e-07 -0.0023098181060931199
leaf_weight=51628 166 7580 2055 14063 182 4657 11862 1808 61077 237 2068 183197 697 1535 1304 903 1316 2331 726 808 86 9371 179 1545 6038 971 181 399 1727 561
leaf_count=51628 166 7580 2055 14063 182 4657 11862 1808 61077 237 2068 183197 697 1535 1304 903 1316 2331 726 808 86 9371 179 1545 6038 971 181 399 1727 561
internal_value=-0.00499141 -0.0342727 0.00194205 0.0441288 -0.000158584 -0.0127194 -0.00154819 0.000143774 0.00276343 0.0139952 0.0306941 -0.000724126 -0.00536649 -0.00287498 -0.0240551 0.00769042 0.0199352 0.000209974 -0.0258811 -0.0212335 0.041911 -0.000838545 0.00407186 0.0233507 -0.001687 0.0178058 0.0342166 -0.00952381 -0.00526647 0.00840249
internal_weight=371258 71070 300188 14229 285959 6712 19442 279247 69487 8410 2305 209760 26563 23451 3112 6105 2305 3800 908 2343 989 21108 10010 2304 7706 1668 1726 578 11098 2892
internal_count=371258 71070 300188 14229 285959 6712 19442 279247 69487 8410 2305 209760 26563 23451 3112 6105 2305 3800 908 2343 989 21108 10010 2304 7706 1668 1726 578 11098 2892
cat_boundaries=0 3 5 7 9 11 13 15 17 18 20 23 25 28 30
cat_threshold=167821458 3493855488 2 2147483648 1049088 0 65536 0 2147483904 546316288 273570 8388608 8224 67109952 134217808 537919488 9216 1048576 1074069504 35782656 269222148 86003712 4 524548 4096 268435716 16793600 4 536870912 1024
is_linear=0
shrinkage=0.05


Tree=164
num_leaves=31
num_cat=14
split_feature=17 0 17 0 17 0 17 17 0 0 17 16 6 6 17 17 5 5 17 6 17 17 6 17 6 3 5 17 6 17
split_gain=30082.9 11462.4 10663 550.804 431.322 888.359 284.461 265.367 477.853 339.61 418.248 328.334 232.023 194.883 885.874 225.764 418.717 298.138 289.314 252.779 178.559 176.577 176.948 256.04 216.857 163.674 500.028 394.864 383.246 280.131
threshold=0 7.5000000000000009 1 7.5000000000000009 2 7.5000000000000009 3 4 7.5000000000000009 7.5000000000000009 5 220.03990833333339 19.500000000000004 20.500000000000004 6 7 6.2500000000000009 8.7500000000000018 8 11.500000000000002 9 10 11.500000000000002 11 18.500000000000004 14.000000000000002 23.750000000000004 12 17.500000000000004 13
decision_type=9 2 9 2 9 2 9 9 2 2 9 2 2 2 9 9 2 2 9 2 9 9 2 9 2 2 2 9 2 9
left_child=1 -1 3 -2 5 -4 -3 8 13 10 12 -12 -9 15 -15 16 19 18 -17 -6 -13 22 23 -19 -24 26 27 -8 -29 -28
right_child=2 6 4 -5 7 -7 25 9 -10 -11 11 20 -14 14 -16 17 -18 21 -20 -21 -22 -23 24 -25 -26 -27 29 28 -30 -31
leaf_value=-0.0001666220720004663 -0.0001666220720004663 -7.0831409714422483e-06 -0.0001666220720004663 5.0469605610281576e-06 0.00029100931287517895 -0.002476651407313657 0.010777949037706415 -0.0086709147200350941 3.2218908179082463e-05 -2.4735654955065913e-05 -6.6275926160486173e-07 -2.3358410970342193e-06 -0.01410300798876909 0.00072152292256069119 -0.027206067434911385 -0.00049061524923235125 0.00085979089061849479 0.00032353066621362283 0.0027277748887080569 -0.01132726871648706 -1.3365314327273837e-06 -0.0023070296814505123 8.5058048601593939e-05 -0.0053088784490094021 -0.00065527175848862924 -0.00056237235884371017 -0.0060320809090827158 -0.00035532717351012267 0.0012297408893173767 0.00010347167591548967
leaf_weight=51628 166 7580 2055 14063 1089 4657 1460 1779 83606 160668 20346 1424 1216 2328 568 712 1544 440 221 110 720 585 1011 576 304 4443 559 1165 665 3570
leaf_count=51628 166 7580 2055 14063 1089 4657 1460 1779 83606 160668 20346 1424 1216 2328 568 712 1544 440 221 110 720 585 1011 576 304 4443 559 1165 665 3570
internal_value=-0.00502669 -0.0342755 0.00189908 0.0441288 -0.000203693 -0.0127194 -0.00155848 9.75804e-05 0.00227702 -0.00099241 -0.00635472 -0.00400889 -0.0238769 0.012911 0.0237224 0.00816141 0.0190883 0.000323918 -0.0242765 0.0413261 -0.0226213 0.00819616 0.0143315 -0.00127953 0.0265019 0.00327662 0.0078245 -0.00671733 -0.0221196 0.0194115
internal_weight=371258 71070 300188 14229 285959 6712 19442 279247 93094 186153 25485 22490 2995 9488 2896 6592 2743 3849 933 1199 2144 2916 2331 1016 1315 11862 7419 3290 1830 4129
internal_count=371258 71070 300188 14229 285959 6712 19442 279247 93094 186153 25485 22490 2995 9488 2896 6592 2743 3849 933 1199 2144 2916 2331 1016 1315 11862 7419 3290 1830 4129
cat_boundaries=0 3 5 7 9 11 13 15 17 19 21 23 24 25 26
cat_threshold=167821458 3493855488 2 2147483648 1049088 0 65536 0 2147483904 1620058112 67382498 67109952 134217744 537919488 67110018 1082130432 226 536870912 1024 327680 35782656 536870912 1024 536870912 167788560 16384
is_linear=0
shrinkage=0.05


Tree=165
num_leaves=31
num_cat=12
split_feature=17 0 17 0 17 0 17 0 17 6 17 1 0 17 16 5 17 17 6 6 17 6 3 17 6 3 8 17 5 6
split_gain=30324.9 11124.6 10682 550.804 428.603 888.359 294.192 309.914 241.157 462.531 814.518 365.53 353.833 393.768 304.269 211.324 307.721 300.346 207.386 199.801 185.428 172.113 179.601 156.184 712.084 268.708 260.458 193.29 255.112 390.931
threshold=0 7.5000000000000009 1 7.5000000000000009 2 7.5000000000000009 3 14.000000000000002 4 20.500000000000004 5 7.5000000000000009 7.5000000000000009 6 220.03990833333339 23.750000000000004 7 8 19.500000000000004 18.500000000000004 9 11.500000000000002 14.000000000000002 10 19.500000000000004 17.500000000000004 23.500000000000004 11 6.2500000000000009 11.500000000000002
decision_type=9 2 9 2 9 2 9 2 9 2 9 2 2 9 2 2 9 9 2 2 9 2 2 9 2 2 2 9 2 2
left_child=1 -1 3 -2 5 -4 -3 15 9 -6 11 -11 13 18 23 17 -17 -8 -10 -19 -16 -18 -23 24 27 26 -26 -15 -29 -30
right_child=2 6 4 -5 8 -7 7 -9 12 10 -12 -13 -14 14 20 16 21 19 -20 -21 -22 22 -24 -25 25 -27 -28 28 29 -31
leaf_value=-0.0001582909684004541 -0.0001582909684004541 -4.8938387380736971e-06 -0.0001582909684004541 4.7946125329545459e-06 1.9600741711656156e-05 -0.0023528188369479788 0.01218028435014884 -0.00096715369553859178 -0.020592508352716889 0.00068544677643265226 0.00023435064175583167 0.002076679025038075 -5.7898397712952138e-05 -0.0020964646963805844 -2.2190490421625241e-06 -0.0057304768636285532 -0.00021626251098432194 -0.00034875002194456606 -0.013501642223602506 0.0010821405422257514 -1.269704861073251e-06 0.00010603550711048016 -0.0029030227531295695 -6.296212985201777e-07 2.2259038657201915e-05 -0.016653948121957286 0.0013699783271694521 0.000141476068621893 -0.00032780309867659342 0.00016563236614324241
leaf_weight=51628 166 10796 2055 14063 96493 4657 1292 4137 1393 1795 7171 3043 146880 3351 1424 474 217 538 1044 151 649 1738 99 9862 555 209 1181 955 1497 1745
leaf_count=51628 166 10796 2055 14063 96493 4657 1292 4137 1393 1795 7171 3043 146880 3351 1424 474 217 538 1044 151 649 1738 99 9862 555 209 1181 955 1497 1745
internal_value=-0.00509215 -0.0344584 0.00186144 0.0441288 -0.000243208 -0.0127194 -0.00222714 0.00464418 5.71158e-05 0.00190025 0.0111541 0.0269802 -0.00111417 -0.00676095 -0.00458532 0.013717 0.0232991 0.00148915 -0.0257662 -0.0249642 -0.0227931 0.0315891 0.0367175 -0.00263756 0.00194149 0.0289203 0.0353687 -0.00500795 0.00215118 -0.00453424
internal_weight=371258 71070 300188 14229 285959 6712 19442 8646 279247 108502 12009 4838 170745 23865 21428 4509 2528 1981 2437 689 2073 2054 1837 19355 9493 1945 1736 7548 4197 3242
internal_count=371258 71070 300188 14229 285959 6712 19442 8646 279247 108502 12009 4838 170745 23865 21428 4509 2528 1981 2437 689 2073 2054 1837 19355 9493 1945 1736 7548 4197 3242
cat_boundaries=0 3 5 7 9 11 13 15 16 17 19 22 24
cat_threshold=167821458 3493855488 2 2147483648 1049088 0 65536 0 2415919360 1620058368 67386594 546308096 67372064 67109952 134217728 16384 167788560 327680 35782656 268959748 555761664 5 0 553664512
is_linear=0
shrinkage=0.05


Tree=166
num_leaves=31
num_cat=12
split_feature=17 0 17 0 17 0 17 6 17 6 0 17 16 0 6 17 5 17 17 6 6 5 6 17 3 5 14 0 17 17
split_gain=29333.9 12169.3 10702.9 550.804 425.628 888.359 219.753 372.277 530.216 456.061 353.884 394.116 304.581 246.942 207.386 189.749 479.096 564.317 523.419 316.608 243.607 212.612 259.565 285.575 242.299 200.989 312.488 209.995 185.428 156.918
threshold=0 7.5000000000000009 1 7.5000000000000009 2 7.5000000000000009 3 19.500000000000004 4 21.500000000000004 7.5000000000000009 5 220.03990833333339 7.5000000000000009 19.500000000000004 6 23.750000000000004 7 8 17.500000000000004 11.500000000000002 16.250000000000004 19.500000000000004 9 14.000000000000002 23.750000000000004 220.00945833333336 14.000000000000002 10 11
decision_type=9 2 9 2 9 2 9 2 9 2 2 9 2 2 2 9 2 9 9 2 2 2 2 9 2 2 2 2 9 9
left_child=1 -1 3 -2 5 -4 7 -6 9 -9 11 14 29 -11 -8 19 18 20 -17 25 -18 22 23 -20 -24 26 -3 -27 -14 -13
right_child=2 15 4 -5 6 -7 10 8 -10 13 -12 12 28 -15 -16 16 17 -19 21 -21 -22 -23 24 -25 -26 27 -28 -29 -30 -31
leaf_value=-0.00015037641998043584 -0.00015037641998043584 -0.00034151299102385129 -0.00015037641998043584 4.5548819063156998e-06 1.036617854346389e-05 -0.0022351778951005485 -0.019562882935081041 0.001938155171845546 0.00032863914036544988 0.00065117443761102405 -5.500347782727566e-05 0.00013440226519079168 -2.1080965900477366e-06 0.0024613657738315809 -0.012826560112422404 0.0017381590737094222 -0.0002089802538995045 -0.00029369854599581302 0.0037710577721061789 0.0004273546518223981 3.5397076788967756e-05 -6.4842919859309239e-06 -0.00010905344993989986 -0.00032786072872807996 0.0084611452871934389 -8.1880760212982299e-06 1.5247003979634855e-05 -0.0033416107769892456 -1.2062196180107067e-06 -5.9814023360971198e-07
leaf_weight=51628 166 1161 2055 14063 90493 4657 1393 4095 10751 1509 146880 9493 1424 1654 1044 2685 276 3305 446 2757 3197 1348 660 206 134 1582 685 1000 649 9862
leaf_count=51628 166 1161 2055 14063 90493 4657 1393 4095 10751 1509 146880 9493 1424 1654 1044 2685 276 3305 446 2757 3197 1348 660 206 134 1582 685 1000 649 9862
internal_value=-0.00501888 -0.0339012 0.00182013 0.0441288 -0.00028657 -0.0127194 1.27123e-05 0.00177215 0.0083375 0.0187672 -0.00110538 -0.00675257 -0.00457599 0.0330541 -0.0257662 -0.00019031 0.00359094 0.0124816 -0.00740099 -0.00663655 0.0265145 -0.0225036 -0.00926694 0.0141104 -0.0284635 -0.0149277 -0.00232936 -0.0239349 -0.0227931 -0.00262723
internal_weight=371258 71070 300188 14229 285959 6712 279247 108502 18009 7258 170745 23865 21428 3163 2437 19442 12257 6778 5479 7185 3473 2794 1446 652 794 4428 1846 2582 2073 19355
internal_count=371258 71070 300188 14229 285959 6712 279247 108502 18009 7258 170745 23865 21428 3163 2437 19442 12257 6778 5479 7185 3473 2794 1446 652 794 4428 1846 2582 2073 19355
cat_boundaries=0 3 5 7 9 11 13 15 18 19 21 23 26
cat_threshold=167821458 3493855488 2 2147483648 1049088 0 65536 1620058368 67386594 546308096 67372064 67109952 134217728 0 268435712 134217730 2147483648 2 167788560 0 2147483648 327680 35782656 268959748 555761664 5
is_linear=0
shrinkage=0.05


Tree=167
num_leaves=31
num_cat=14
split_feature=17 0 17 0 17 0 17 0 5 17 5 17 17 17 6 17 0 17 16 0 6 6 17 6 3 6 17 17 6 17
split_gain=30121.5 11243.6 10711 550.804 424.48 888.359 269.543 303.291 219.32 219.111 218.227 307.721 292.457 210.953 532.201 768.452 298.719 407.937 316.249 248.011 207.386 199.801 180.393 172.113 179.601 149.923 146.113 145.326 439.574 359.496
threshold=0 7.5000000000000009 1 7.5000000000000009 2 7.5000000000000009 3 14.000000000000002 31.250000000000004 4 23.750000000000004 5 6 7 21.500000000000004 8 7.5000000000000009 9 220.03990833333339 7.5000000000000009 19.500000000000004 18.500000000000004 10 11.500000000000002 14.000000000000002 15.500000000000002 11 12 19.500000000000004 13
decision_type=9 2 9 2 9 2 9 2 2 9 2 9 9 9 2 9 2 9 2 2 2 2 9 2 2 2 9 9 2 9
left_child=1 -1 3 -2 5 -4 -3 10 13 -10 12 -12 -8 14 -6 19 17 20 27 -16 -15 -14 -20 -13 -25 -7 -21 -19 -29 -30
right_child=2 6 4 -5 8 25 7 -9 9 -11 11 23 21 16 15 -17 -18 18 22 26 -22 -23 -24 24 -26 -27 -28 28 29 -31
leaf_value=-0.00014285759898142737 -0.00014285759898142737 -3.5721256938181512e-06 -0.00014285759898142737 4.327137810999915e-06 1.0468175622735388e-05 0.037161179255191003 0.011484362178955855 -0.00097732883737586826 0.095059872670615428 -0.0036755237592634993 -0.0054292680931473216 -0.0001950003727401395 -0.00033098830624811448 -0.018584738788326984 0.00061861571573045286 -0.00022176373568685295 -0.00026117913253242975 -5.6823322194254897e-07 -2.002691760560893e-06 -0.0012245127375611455 -0.01218523210680127 0.001028357729713747 -1.1459086370901872e-06 9.8963877915458911e-05 -0.0027596414693126015 -0.048539037509416266 0.0030460391152248968 -0.00031813305700230111 -0.00011884794256764586 0.00094944534148337927
leaf_weight=51628 166 10796 2055 14063 82571 2566 1292 4137 7975 6952 474 217 538 1393 1509 2827 150367 9807 1424 117 1044 151 725 1738 99 2091 1537 8536 609 1854
leaf_count=51628 166 10796 2055 14063 82571 2566 1292 4137 7975 6952 474 217 538 1393 1509 2827 150367 9807 1424 117 1044 151 725 1738 99 2091 1537 8536 609 1854
internal_value=-0.00512608 -0.0343936 0.00180414 0.0441288 -0.000303355 -0.0127194 -0.00199054 0.00458641 -4.47616e-06 0.00589201 0.0135618 0.0232991 0.00113579 -0.00033747 0.00165235 0.0160434 -0.00134011 -0.00635633 -0.0042826 0.0329184 -0.0257662 -0.0249642 -0.0225454 0.0315891 0.0367175 -0.000654928 0.0196493 -0.00239835 0.00154873 0.0201583
internal_weight=371258 71070 300188 14229 285959 6712 19442 8646 279247 14927 4509 2528 1981 264320 88561 5990 175759 25392 22955 3163 2437 689 2149 2054 1837 4657 1654 20806 10999 2463
internal_count=371258 71070 300188 14229 285959 6712 19442 8646 279247 14927 4509 2528 1981 264320 88561 5990 175759 25392 22955 3163 2437 689 2149 2054 1837 4657 1654 20806 10999 2463
cat_boundaries=0 3 5 7 9 12 13 14 16 18 20 22 24 26 29
cat_threshold=167821458 3493855488 2 2147483648 1049088 0 65536 0 2415919360 68691264 33979464 13 16384 167788560 1620058112 67382498 546308096 67372064 67109952 134217728 327680 35782656 0 1024 17108992 33685529 524548 4096 1
is_linear=0
shrinkage=0.05


Tree=168
num_leaves=31
num_cat=11
split_feature=17 0 17 0 17 0 17 17 0 5 17 17 6 16 6 17 5 16 5 6 3 17 5 5 14 17 0 12 5 17
split_gain=30348 11235.8 10644.5 550.804 288.323 460.73 407.928 267.967 290.772 228.281 307.721 284.521 195.756 189.092 194.381 201.775 408.041 297.429 186.917 172.113 179.601 171.182 268.011 273.804 162.827 407.609 199.903 160.88 160.346 482.01
threshold=0 7.5000000000000009 1 7.5000000000000009 2 7.5000000000000009 3 4 14.000000000000002 23.750000000000004 5 6 18.500000000000004 220.03990833333339 11.500000000000002 7 23.750000000000004 29.839925000000004 33.750000000000007 11.500000000000002 14.000000000000002 8 8.7500000000000018 10.750000000000002 800.11939166666673 9 7.5000000000000009 63.500000000000007 6.2500000000000009 10
decision_type=9 2 9 2 9 2 9 9 2 2 9 9 2 2 2 9 2 2 2 2 2 9 2 2 2 9 2 2 2 9
left_child=1 -1 3 -2 5 6 -4 -3 9 11 -11 -9 -13 14 21 16 17 -16 24 -12 -21 28 -23 -24 27 26 -26 -6 29 -8
right_child=2 7 4 -5 18 -7 13 8 -10 10 19 12 -14 -15 15 -17 -18 -19 -20 20 -22 22 23 -25 25 -27 -28 -29 -30 -31
leaf_value=-0.00013571471903235378 -0.00013571471903235378 -3.393519409122803e-06 -0.00013571471903235378 4.1107809204632422e-06 1.358337860271064e-05 -0.00029961068800812287 0.00014358880478133608 0.010910144070008032 -0.00092846239550707925 -0.0051578046884899649 -0.00018525035410315029 -0.00031443889093574207 0.00097693984322804188 -1.9025571725173053e-06 -0.00038488961341882623 -5.3982156082987849e-07 -0.0025160174253600954 0.00016653728742661579 0.069367249715004672 9.4015684019677082e-05 -0.002621659395846976 -0.00049328813602156352 0.001935379743957988 -0.060690458797178742 0.00058768492994394357 1.7286228619628474e-06 0.0014895297092841098 -0.01699051730327188 -0.00030222640415220606 -1.4653873156111885e-05
leaf_weight=51628 166 10796 3941 14063 178079 67043 283 1292 4137 474 217 538 151 1662 420 7099 689 805 9261 1738 99 756 459 560 1109 7541 1966 2084 1944 258
leaf_count=51628 166 10796 3941 14063 178079 67043 283 1292 4137 474 217 538 151 1662 420 7099 689 805 9261 1738 99 756 459 560 1109 7541 1966 2084 1944 258
internal_value=-0.0050205 -0.0343979 0.00193572 0.0441288 -0.000165228 -0.0025876 -0.00948824 -0.00200597 0.00455176 0.01334 0.0232991 0.000630994 -0.0251073 -0.00569756 -0.00371054 0.000449351 0.0148129 0.0322041 0.000875281 0.0315891 0.0367175 -0.0125117 -0.000588235 0.0161433 0.000538581 0.00655614 0.0218639 0.000184 -0.0209419 0.00304991
internal_weight=371258 71070 300188 14229 285959 85919 18876 19442 8646 4509 2528 1981 689 14935 13273 9013 1914 1225 200040 2054 1837 4260 1775 1019 190779 10616 3075 180163 2485 541
internal_count=371258 71070 300188 14229 285959 85919 18876 19442 8646 4509 2528 1981 689 14935 13273 9013 1914 1225 200040 2054 1837 4260 1775 1019 190779 10616 3075 180163 2485 541
cat_boundaries=0 3 5 7 9 11 12 13 15 17 20 22
cat_threshold=167821458 3493855488 2 2147483648 1049088 352583748 556335120 67108928 65536 0 2415919360 16384 167788560 0 2097152 16777216 2097152 546832384 286880 8 0 2097152
is_linear=0
shrinkage=0.05


Tree=169
num_leaves=31
num_cat=12
split_feature=17 0 17 0 17 0 17 17 0 5 17 17 16 6 17 5 16 6 3 17 6 6 17 0 17 5 14 17 0 5
split_gain=30434.2 11178.9 10634.1 550.804 273.541 423.483 415.719 256.549 269.831 255.481 307.721 278.861 174.001 238.734 174.835 408.041 297.429 172.113 179.601 170.887 158.825 151.777 186.54 180.746 283.448 148.113 141.305 370.589 559.234 432.158
threshold=0 7.5000000000000009 1 7.5000000000000009 2 7.5000000000000009 3 4 14.000000000000002 23.750000000000004 5 6 220.03990833333339 11.500000000000002 7 23.750000000000004 29.839925000000004 11.500000000000002 14.000000000000002 8 18.500000000000004 19.500000000000004 9 14.000000000000002 10 33.750000000000007 150.11590000000004 11 7.5000000000000009 6.2500000000000009
decision_type=9 2 9 2 9 2 9 9 2 2 9 9 2 2 9 2 2 2 2 9 2 2 9 2 9 2 2 9 2 2
left_child=1 -1 3 -2 5 6 -4 -3 9 11 -11 -9 13 -8 15 16 -15 -12 -19 -14 -13 -7 -23 -24 -25 26 27 28 29 -6
right_child=2 7 4 -5 25 21 12 8 -10 10 17 20 19 14 -16 -17 -18 18 -20 -21 -22 22 23 24 -26 -27 -28 -29 -30 -31
leaf_value=-0.00012892898308072275 -0.00012892898308072275 -3.2238434386933081e-06 -0.00012892898308072275 3.9052418744134346e-06 0.00039102209914525514 -0.0013631344880877805 -6.5264129744324609e-05 0.012468426249162069 -0.00088203927573173859 -0.0048999144540654354 -0.00017598783639796169 -0.00030198903976925707 -1.8074293139047627e-06 -0.00036564513274788273 -2.2777127073325687e-07 -0.0023902165540921061 0.00015821042305530497 8.9314899818671023e-05 -0.0024905764260545918 -9.9348534661203307e-07 0.00065673778348225304 -0.012097810613240868 0.0015710237517675197 0.058908714225120923 -0.0054020669288320283 0.059222187129404968 -1.3379352801123902e-05 -1.1448100848632237e-05 0.0041645863319250244 0.00065817513971420114
leaf_weight=51628 166 10796 3941 14063 2016 58751 3807 1164 4137 474 217 607 821 420 5973 689 805 1738 99 603 210 2771 2587 1517 3013 9306 138677 32968 15470 1824
leaf_count=51628 166 10796 3941 14063 2016 58751 3807 1164 4137 474 217 607 821 420 5973 689 805 1738 99 603 210 2771 2587 1517 3013 9306 138677 32968 15470 1824
internal_value=-0.00500972 -0.0344288 0.00195638 0.0441288 -0.000143547 -0.00250735 -0.009558 -0.00211912 0.0042976 0.0127634 0.0232991 -0.000681474 -0.00526356 -0.00325808 0.00170534 0.0148129 0.0322041 0.0315891 0.0367175 -0.0217697 -0.0229141 -0.000755401 0.00497573 0.00925354 0.00324503 0.000868074 0.000567935 0.0027832 0.00828157 0.0253646
internal_weight=371258 71070 300188 14229 285959 85698 17059 19442 8646 4509 2528 1981 13118 11694 7887 1914 1225 2054 1837 1424 817 68639 9888 7117 4530 200261 190955 52278 19310 3840
internal_count=371258 71070 300188 14229 285959 85698 17059 19442 8646 4509 2528 1981 13118 11694 7887 1914 1225 2054 1837 1424 817 68639 9888 7117 4530 200261 190955 52278 19310 3840
cat_boundaries=0 3 5 8 10 12 13 14 16 18 20 22 25
cat_threshold=167821458 3493855488 2 2147483648 1049088 352321604 556335120 8 67108928 65536 0 2415919360 16384 167788544 0 2097152 0 2097152 83886084 536936448 268435456 524288 1083453440 100794402 4
is_linear=0
shrinkage=0.05


Tree=170
num_leaves=31
num_cat=10
split_feature=17 0 17 0 17 6 3 17 0 17 5 6 6 16 17 8 17 8 5 17 16 6 17 3 2 0 17 0 6 6
split_gain=30288.8 11228 10664.5 550.804 275.854 267.704 308.169 254.369 472.781 373.117 234.182 200.354 268.554 277.156 277.618 224.36 175.229 193.545 162.607 307.694 297.429 161.792 1309.41 471.136 245.823 244.051 241.888 236.275 222.917 218.162
threshold=0 7.5000000000000009 1 7.5000000000000009 2 11.500000000000002 14.000000000000002 3 7.5000000000000009 4 23.750000000000004 21.500000000000004 11.500000000000002 220.03990833333339 5 24.500000000000004 6 23.500000000000004 23.750000000000004 7 29.839925000000004 20.500000000000004 8 17.500000000000004 17.500000000000004 7.5000000000000009 9 52.500000000000007 19.500000000000004 10.500000000000002
decision_type=9 2 9 2 9 2 2 9 2 9 2 2 2 2 9 2 9 2 2 9 2 2 9 2 2 2 9 2 2 2
left_child=1 -1 3 -2 5 -3 10 8 9 -4 -7 12 -11 18 -15 16 17 -13 19 20 -14 24 23 -23 28 -24 -27 -25 29 -9
right_child=2 4 7 -5 -6 6 -8 21 -10 11 -12 15 13 14 -16 -17 -18 -19 -20 -21 -22 22 25 27 -26 26 -28 -29 -30 -31
leaf_value=-0.00012248253392668217 -0.00012248253392668217 -0.0003437829534307824 -0.00012248253392668217 3.7099797807194079e-06 -3.0626512667275564e-06 2.1447192796841821e-06 -0.0023806437001647751 2.5647758578717372e-05 -0.00021647342920338986 -6.2000923257121704e-05 7.7111739836954748e-05 4.7038502810181633e-06 -0.00034736287611050189 -1.7170578482161859e-06 4.9301057679418392e-05 -5.0144191927614661e-07 -0.00033242646652915654 -5.0144191927614661e-07 -0.002270705726387501 5.2628722404080015e-06 0.00015029990190251752 0.00093027524153628256 -0.00011301230932696527 -0.018533336136164903 0.00056383510139550457 -0.027863644783456643 0.0014011830367359757 0.36367636524325669 0.0018235270291342865 -0.0020980140777160372
leaf_weight=51628 166 407 3941 14063 16763 614 349 20970 55503 3741 1309 211 420 793 420 557 229 66 953 3429 805 6566 2484 1627 128140 3915 7916 654 3713 38906
leaf_count=51628 166 407 3941 14063 16763 614 349 20970 55503 3741 1309 211 420 793 420 557 229 66 953 3429 805 6566 2484 1627 128140 3915 7916 654 3713 38906
internal_value=-0.00505336 -0.0344021 0.00189608 0.0441288 -0.0020214 0.0128486 0.0195863 -0.000206841 -0.00279974 -0.0105011 0.0274311 -0.00597387 -0.00389641 0.0020088 -0.019662 -0.0266698 -0.00256917 0.0238676 0.00669699 0.0105501 0.0319433 0.000650765 0.00459805 0.0197076 0.000173943 -0.00475044 -0.00176232 0.000153441 -0.00236755 -0.00310475
internal_weight=371258 71070 300188 14229 19442 2679 2272 285959 71068 15565 1923 11624 10561 6820 1213 1063 506 277 5607 4654 1225 214891 23162 8847 191729 14315 11831 2281 63589 59876
internal_count=371258 71070 300188 14229 19442 2679 2272 285959 71068 15565 1923 11624 10561 6820 1213 1063 506 277 5607 4654 1225 214891 23162 8847 191729 14315 11831 2281 63589 59876
cat_boundaries=0 3 5 8 11 13 15 16 18 20 23
cat_threshold=167821458 3493855488 2 2147483648 1049088 134217728 0 2 83886148 539557904 8 67108928 65536 0 2097152 16777216 0 2097152 815529984 84165792 78848 73 1
is_linear=0
shrinkage=0.05


Tree=171
num_leaves=31
num_cat=8
split_feature=17 0 17 0 17 17 0 17 6 3 5 16 6 6 17 6 8 5 16 6 17 8 14 0 0 0 17 5 5 5
split_gain=30373.9 11228 10638.8 550.804 275.854 273.165 453.29 401.076 267.704 308.169 234.182 167.157 221.965 229.28 202.526 393.386 358.472 259.267 225.505 239.118 170.887 149.93 147.489 141.737 134.735 270.146 130.756 176.193 230.355 157.304
threshold=0 7.5000000000000009 1 7.5000000000000009 2 3 7.5000000000000009 4 11.500000000000002 14.000000000000002 23.750000000000004 220.03990833333339 11.500000000000002 21.500000000000004 5 19.500000000000004 23.500000000000004 23.750000000000004 29.839925000000004 19.500000000000004 6 25.500000000000004 729.83320000000003 112.50000000000001 14.000000000000002 17.500000000000004 7 8.7500000000000018 10.750000000000002 8.7500000000000018
decision_type=9 2 9 2 9 9 2 9 2 2 2 2 2 2 9 2 2 2 2 2 9 2 2 2 2 2 9 2 2 2
left_child=1 -1 3 -2 8 6 7 -4 -3 10 21 12 26 14 17 -16 -17 18 -14 -20 -13 -10 -6 -7 -5 -26 29 -28 -29 -9
right_child=2 4 5 24 22 23 -8 11 9 -11 -12 20 13 -15 15 16 -18 -19 19 -21 -22 -23 -24 -25 25 -27 27 28 -30 -31
leaf_value=-0.00011635840723034363 -0.00011635840723034363 -0.00032659380575923437 -0.00011635840723034363 3.5244807916612331e-06 -1.0392307002504709e-06 9.21903187247608e-05 -0.00020564975774313156 1.2299954649153123e-05 -0.0050662859286161321 -0.0022616115151565808 7.3256152845146971e-05 -1.6312049558209198e-06 -4.7952631923031672e-07 -4.7636982332122106e-07 -0.014325950089480656 -3.3271057579797871e-05 0.0012470622665068821 -0.0021571704400681125 0.00014278490680741385 1.9576992228653723e-06 -9.1873898333538762e-07 0.019172260539010024 -0.00010293817045248232 0.35751154980620048 -0.024771558470843225 0.82727062597834378 -0.000462260476570453 0.0018449740094101498 -0.058614532024456573 -0.00028075183129456783
leaf_weight=51628 166 407 3941 7210 14402 199374 68639 582 268 349 1309 821 928 1199 1978 265 645 827 1462 583 603 346 2361 887 82 6771 524 336 462 1903
leaf_count=51628 166 407 3941 7210 14402 199374 68639 582 268 349 1309 821 928 1199 1978 265 645 827 1462 583 603 346 2361 887 82 6771 524 336 462 1903
internal_value=-0.00501215 -0.0344021 0.00194705 0.0441288 -0.0020214 -0.000153338 -0.00251552 -0.00981007 0.0128486 0.0195863 0.0274311 -0.0055911 -0.00362579 0.00116014 0.00476974 -0.00521049 0.021978 0.012336 0.0192566 0.028533 -0.0217697 0.0019544 -0.00440291 0.000857588 0.0452286 0.0402087 -0.0135408 -0.000750751 0.0140351 -0.0202605
internal_weight=371258 71070 300188 14229 19442 285959 85698 17059 2679 2272 1923 13118 11694 7887 6688 2888 910 3800 2973 2045 1424 614 16763 200261 14063 6853 3807 1322 798 2485
internal_count=371258 71070 300188 14229 19442 285959 85698 17059 2679 2272 1923 13118 11694 7887 6688 2888 910 3800 2973 2045 1424 614 16763 200261 14063 6853 3807 1322 798 2485
cat_boundaries=0 3 5 8 11 13 15 17 19
cat_threshold=167821458 3493855488 2 2147483648 1049088 134217728 0 2 352321604 556335120 8 67108928 65536 16777216 2097152 0 2097152 16777216 2097152
is_linear=0
shrinkage=0.05


Tree=172
num_leaves=31
num_cat=12
split_feature=17 0 17 0 17 0 17 17 0 5 17 17 16 0 0 6 3 6 6 17 3 8 17 6 17 6 6 17 3 17
split_gain=30136.6 11217.7 10378.5 542.711 262.721 517.801 400.181 236.913 259.774 271.87 307.721 275.223 184.34 175.588 261.907 172.113 179.601 164.675 361.719 248.412 233.584 213.792 252.295 164.054 154.304 232.926 145.296 180.905 151.997 163.155
threshold=0 7.5000000000000009 1 7.5000000000000009 2 7.5000000000000009 3 4 14.000000000000002 23.750000000000004 5 6 220.03990833333339 14.000000000000002 17.500000000000004 11.500000000000002 14.000000000000002 21.500000000000004 19.500000000000004 7 17.500000000000004 23.500000000000004 8 18.500000000000004 9 19.500000000000004 19.500000000000004 10 14.000000000000002 11
decision_type=9 2 9 2 9 2 9 9 2 2 9 9 2 2 2 2 2 2 2 9 2 2 9 2 9 2 2 9 2 9
left_child=1 -1 3 -2 5 6 -4 -3 9 11 -11 -9 17 -5 -15 -12 -17 18 -8 20 21 22 -20 -13 25 -14 -7 28 -28 -30
right_child=2 7 4 13 -6 26 12 8 -10 10 15 23 24 14 -16 16 -18 -19 19 -21 -22 -23 -24 -25 -26 -27 27 -29 29 -31
leaf_value=-0.00011054048686882646 -0.00011054048686882646 -2.8575571684008596e-06 -0.00011054048686882646 3.3482567520337627e-06 0.00011601732719301872 -0.00070258722205185364 -4.4863285529572751e-05 0.011850304977789961 -0.00083773221784682055 -0.0046547136372637968 -0.00013366960661853611 -0.00046033746117046803 -1.5496447080209919e-06 -0.023532980547301109 0.78590709467942654 7.7330760193650155e-05 -0.0021339348439857633 -4.5255133214183733e-07 -3.1607504700792434e-05 -5.7741128038912854e-07 -0.0075969458799753035 0.0012151379627412418 0.01747368696115217 0.0006266534619003395 -8.7280203415751605e-07 0.0014117507333029078 0.0042111591432603566 -0.00012920177364312836 0.05560845235396155 -0.00091346914103258576
leaf_weight=51628 166 10796 3986 7210 186048 69911 9848 1164 4137 474 217 607 977 82 6771 1738 99 1296 161 814 139 866 149 210 603 82 1780 5094 1509 2696
leaf_count=51628 166 10796 3986 7210 186048 69911 9848 1164 4137 474 217 607 977 82 6771 1738 99 1296 161 814 139 866 149 210 603 82 1780 5094 1509 2696
internal_value=-0.00513282 -0.0344077 0.00179915 0.0434616 -0.000275379 -0.00234335 -0.00979071 -0.00204197 0.00412431 0.0124307 0.0232991 -0.00143867 -0.00601874 0.0445531 0.0388224 0.0315891 0.0367175 -0.00405711 -0.0022251 0.0164631 0.0297736 0.0372449 0.0016129 -0.0235187 -0.0217208 -0.0330683 -0.000603778 0.00471613 0.0106005 0.00543401
internal_weight=371258 71070 300188 14229 285959 99911 18921 19442 8646 4509 2528 1981 14935 14063 6853 2054 1837 13273 11977 2129 1315 1176 310 817 1662 1059 80990 11079 5985 4205
internal_count=371258 71070 300188 14229 285959 99911 18921 19442 8646 4509 2528 1981 14935 14063 6853 2054 1837 13273 11977 2129 1315 1176 310 817 1662 1059 80990 11079 5985 4205
cat_boundaries=0 3 5 8 10 12 13 14 16 18 20 22 24
cat_threshold=167821458 3493855488 2 2147483648 1049088 352583748 556343312 8 67108928 73728 0 2415919360 16384 167788544 262144 555745280 0 536870912 262144 2097152 268697664 19398672 268435456 524288
is_linear=0
shrinkage=0.05


Tree=173
num_leaves=31
num_cat=11
split_feature=17 0 17 0 17 0 6 17 6 17 0 0 0 5 17 17 6 3 16 17 0 6 0 3 17 17 4 17 0 6
split_gain=30233.7 11114.3 9965.29 532.658 285.286 546.368 402.752 280.986 294.725 248.158 264.486 234.381 251.766 213.034 296.951 221.517 198.419 178.142 149.38 295.472 149.183 145.197 141.078 137.775 134.491 127.99 124.092 151.853 225.111 352.014
threshold=0 7.5000000000000009 1 7.5000000000000009 2 7.5000000000000009 21.500000000000004 3 19.500000000000004 4 14.000000000000002 14.000000000000002 17.500000000000004 23.750000000000004 5 6 11.500000000000002 14.000000000000002 220.03990833333339 7 67.500000000000014 18.500000000000004 112.50000000000001 14.000000000000002 8 9 6.0000000000000009 10 7.5000000000000009 19.500000000000004
decision_type=9 2 9 2 9 2 2 9 2 9 2 2 2 2 9 9 2 2 2 9 2 2 2 2 9 9 2 9 2 2
left_child=1 25 3 -2 5 6 7 8 -4 -3 13 -5 -13 15 -15 -11 -16 -18 -9 -20 -14 -17 26 -10 -12 -1 27 28 29 -6
right_child=2 9 4 11 22 -7 -8 18 23 10 24 12 20 14 16 21 17 -19 19 -21 -22 -23 -24 -25 -26 -27 -28 -29 -30 -31
leaf_value=-0.00010501346252538291 -0.00010501346252538291 -2.714679309967494e-06 -0.00010501346252538291 3.1808439143965473e-06 0.00012517459149243848 -0.00015330688313692776 -2.448607470650899e-06 -5.9297603042907106e-06 3.6364913762687578e-05 0.011257789728900481 -0.0008093521814217298 -0.022356331519936035 0.39484447649711785 -0.0044219779554006246 -0.0001269861262875871 -0.00075420791126177287 0.00021480992138238621 -0.0020272381017864662 -1.472162472637706e-06 4.692558184635765e-05 1.1656145697346205 0.00059532078880533137 0.33963017144953089 -0.043899998129620643 -0.00072262785304051398 -0.00010501346252538291 0.028658703066891889 -0.00011777207615653041 8.1779936428905139e-05 0.0010481229061840569
leaf_weight=23249 166 10940 2546 7210 4096 77692 2468 12880 654 1164 516 82 2713 474 197 542 1679 99 931 508 4058 210 887 117 3621 28379 19013 123548 39001 1618
leaf_count=23249 166 10940 2546 7210 4096 77692 2468 12880 654 1164 516 82 2713 474 197 542 1679 99 931 508 4058 210 887 117 3621 28379 19013 123548 39001 1618
internal_value=-0.00514198 -0.034464 0.00180114 0.0426259 -0.000231668 -0.00242214 -0.0097692 -0.0071218 -0.0202134 -0.00224771 0.00415883 0.0437069 0.0370859 0.0127491 0.0225194 0.00026096 0.0309572 0.0363892 -0.00407216 -0.0193537 0.0381406 -0.0207349 0.000906878 0.00680934 -0.00489485 -0.0466026 0.000812704 0.00038006 0.00287647 0.0121456
internal_weight=371258 71070 300188 14229 285959 97796 20104 17636 3317 19442 8502 14063 6853 4365 2449 1916 1975 1778 14319 1439 6771 752 188163 771 4137 51628 187276 168263 44715 5714
internal_count=371258 71070 300188 14229 285959 97796 20104 17636 3317 19442 8502 14063 6853 4365 2449 1916 1975 1778 14319 1439 6771 752 188163 771 4137 51628 187276 168263 44715 5714
cat_boundaries=0 3 5 8 10 12 13 14 16 17 19 21
cat_threshold=167821458 3493855488 2 2147483648 1049088 352321604 589889554 8 67108928 65536 2 2415919360 16384 167788544 0 52428800 134250496 134234128 2415919360 9449472 9376
is_linear=0
shrinkage=0.05


Tree=174
num_leaves=31
num_cat=11
split_feature=17 0 17 0 17 17 0 6 6 17 17 0 6 3 2 3 8 14 17 5 0 16 17 0 17 17 6 5 17 16
split_gain=30023 11241 9808.9 528.127 323.74 270.429 543.008 396.878 290.532 727.824 506.913 263.856 257.812 324.702 252.5 239.651 218.243 195.661 185.363 184.189 183.675 150.628 339.9 142.51 127.99 125.124 295.558 389.917 573.617 227.847
threshold=0 7.5000000000000009 1 7.5000000000000009 2 3 7.5000000000000009 21.500000000000004 19.500000000000004 4 5 14.000000000000002 11.500000000000002 14.000000000000002 22.500000000000004 17.500000000000004 23.500000000000004 300.01055833333339 6 23.750000000000004 67.500000000000014 220.03990833333339 7 112.50000000000001 8 9 11.500000000000002 6.2500000000000009 10 29.839925000000004
decision_type=9 2 9 2 9 9 2 2 2 9 9 2 2 2 2 2 2 2 9 2 2 2 9 2 9 9 2 2 9 2
left_child=1 24 3 -2 12 6 7 8 10 15 -4 -5 -3 19 -13 16 18 -11 -10 -14 -16 25 -23 -7 -1 26 27 28 -12 -28
right_child=2 4 5 11 -6 23 -8 -9 9 17 21 14 13 -15 20 -17 -18 -19 -20 -21 -22 22 -24 -25 -26 -27 29 -29 -30 -31
leaf_value=-9.9762789399093779e-05 -9.9762789399093779e-05 -0.00029723132882590879 -9.9762789399093779e-05 3.0218017187166882e-06 -2.5789453444780012e-06 8.8026097748539203e-05 -0.00015257256459655366 -2.3261770971227949e-06 -2.9730641450553821e-05 2.1851728409405526e-06 -5.6332722890850562e-06 -0.021238514943939271 3.3588928068173375e-05 -0.0020661767194353866 0.37510225267226183 -0.034840735994226928 0.0011242487430596971 -2.9450684455500921e-05 3.4546668074542096e-05 5.4986311124061164e-05 1.1073338412478895 4.4579302754055307e-05 -1.3985543489969388e-06 0.32264866287705446 -9.9762789399093779e-05 -0.013607112932714972 -0.00033913999686157052 -0.00026417458743819292 0.00014469727175150381 7.0641182406916411e-05
leaf_weight=23249 166 407 1542 7210 16763 190764 75110 2468 161 472 258 86 614 349 2709 137 1079 1108 237 1309 4058 291 1017 887 28379 4114 1229 2331 641 2113
leaf_count=23249 166 407 1542 7210 16763 190764 75110 2468 161 472 258 86 614 349 2709 137 1079 1108 237 1309 4058 291 1017 887 28379 4114 1229 2331 641 2113
internal_value=-0.00517538 -0.034395 0.00174352 0.0422466 -0.00199568 -0.000273281 -0.00246506 -0.00996979 -0.00720861 0.00635567 -0.0104093 0.0433229 0.0141131 0.0207306 0.036298 0.0298645 0.0359174 -0.0177358 0.00427136 0.0287832 0.0373799 -0.00691436 -0.0229358 0.000805328 -0.0466026 -0.00495976 -0.00066849 -0.0114551 0.0165184 0.00975464
internal_weight=371258 71070 300188 14229 19442 285959 94308 19198 16730 3194 13536 14063 2679 2272 6853 1614 1477 1580 398 1923 6767 11994 1308 191651 51628 10686 6572 3230 899 3342
internal_count=371258 71070 300188 14229 19442 285959 94308 19198 16730 3194 13536 14063 2679 2272 6853 1614 1477 1580 398 1923 6767 11994 1308 191651 51628 10686 6572 3230 899 3342
cat_boundaries=0 3 5 8 11 13 15 17 18 20 22 23
cat_threshold=167821458 3493855488 2 2147483648 1049088 134217728 0 2 352321604 589889552 8 0 555810816 0 65536 0 536870912 16777216 134234128 2415919360 285212676 35651584 16777216
is_linear=0
shrinkage=0.05


Tree=175
num_leaves=31
num_cat=11
split_feature=17 0 17 0 17 17 0 0 0 6 3 2 17 5 15 6 17 17 0 17 6 16 17 5 17 6 17 6 6 8
split_gain=30038.4 11266.9 9648.59 524.449 321.68 317.055 659.502 289.164 282.82 257.812 324.702 185.291 184.876 184.189 155.875 153.857 438.341 147.767 147.312 505.712 608.289 255.238 249.188 246.486 214.839 285.543 155.978 344.1 320.715 183.918
threshold=0 7.5000000000000009 1 7.5000000000000009 2 3 7.5000000000000009 14.000000000000002 67.500000000000014 11.500000000000002 14.000000000000002 22.500000000000004 4 23.750000000000004 15.000000000000002 20.500000000000004 5 6 7.5000000000000009 7 13.500000000000002 220.03990833333339 8 6.2500000000000009 9 19.500000000000004 10 19.500000000000004 21.500000000000004 23.500000000000004
decision_type=9 2 9 2 9 9 2 2 2 2 2 2 9 2 2 2 9 9 2 9 2 2 9 2 9 2 9 2 2 2
left_child=1 -1 3 -2 9 6 -4 -5 11 -3 13 -9 15 -11 18 -7 -17 -18 19 20 22 26 -14 -24 25 -23 27 -21 -28 -29
right_child=2 4 5 7 -6 12 -8 8 -10 10 -12 -13 14 -15 -16 16 17 -19 -20 21 -22 24 23 -25 -26 -27 28 29 -30 -31
leaf_value=-9.4774649929130206e-05 -9.4774649929130206e-05 -0.00028236976238460443 -9.4774649929130206e-05 2.87071163276309e-06 -2.4499980772141328e-06 9.2523938232336178e-05 -0.0012595923637402251 -0.020176589196742346 1.0519671491854952 3.1909481664804676e-05 -0.0019628678834636482 0.35634714003864865 -0.017511364375797457 5.2236995567866989e-05 0.0014331294983548127 0.0039664260502693342 -0.046135967097585676 0.0002293818043161533 -0.00013901296729423862 -0.00025096585806627658 -0.01064235700282401 -1.3286266315581941e-06 0.0026656511883930371 -0.0046975442399256112 4.2350337616348099e-05 0.0013426504955581287 -2.3945006608627752e-07 4.4366064048118048e-05 -1.9118453713495854e-07 0.00050353280563442127
leaf_weight=51628 166 407 2055 7210 16763 65516 4657 86 4058 614 349 2709 1515 1309 11480 1866 880 4689 167554 7757 3417 1104 545 723 721 104 7363 914 1231 1868
leaf_count=51628 166 407 2055 7210 16763 65516 4657 86 4058 614 349 2709 1515 1309 11480 1866 880 4689 167554 7757 3417 1104 545 723 721 104 7363 914 1231 1868
internal_value=-0.00515383 -0.034381 0.00176683 0.0419376 -0.00194424 -0.000233417 -0.010964 0.04301 0.0356559 0.0141131 0.0207306 0.0234168 2.48875e-05 0.0287832 -0.000740163 0.00218816 0.00900471 0.00194479 -0.00107383 -0.00448243 -0.0170209 -0.00078303 0.000305426 0.0165884 -0.0181182 -0.0308703 0.000964303 0.00503839 -0.00403301 0.0201294
internal_weight=371258 71070 300188 14229 19442 285959 6712 14063 6853 2679 2272 2795 279247 1923 206296 72951 7435 5569 194816 27262 6200 21062 2783 1268 1929 1208 19133 10539 8594 2782
internal_count=371258 71070 300188 14229 19442 285959 6712 14063 6853 2679 2272 2795 279247 1923 206296 72951 7435 5569 194816 27262 6200 21062 2783 1268 1929 1208 19133 10539 8594 2782
cat_boundaries=0 3 5 8 10 12 14 16 18 20 22 25
cat_threshold=167821458 3493855488 2 2147483648 1049088 134217728 0 2 0 65536 1083187200 273632 9437184 1056 8192 64 67179584 167903232 67174464 134217728 537133056 18878464 805830916 606093312 4
is_linear=0
shrinkage=0.05


Tree=176
num_leaves=31
num_cat=9
split_feature=17 0 17 0 0 17 0 17 17 0 6 3 6 16 6 8 5 5 5 17 14 17 3 15 16 14 0 17 12 17
split_gain=30164.8 11266.9 9133.36 512.504 380.088 338.664 673.54 684.188 321.68 262.022 257.812 324.702 254.973 344.838 325.461 435.634 253.786 224.605 223.915 333.049 209.828 534.981 388.124 204.327 259.962 221.628 204.24 197.352 188.918 185.586
threshold=0 7.5000000000000009 1 7.5000000000000009 14.000000000000002 2 7.5000000000000009 3 4 72.500000000000014 11.500000000000002 14.000000000000002 11.500000000000002 220.03990833333339 21.500000000000004 23.500000000000004 23.750000000000004 23.750000000000004 6.2500000000000009 5 709.93887500000017 6 7.5000000000000009 15.000000000000002 29.839925000000004 709.93887500000017 7.5000000000000009 7 63.500000000000007 8
decision_type=9 2 9 2 2 9 2 9 9 2 2 2 2 2 2 2 2 2 2 9 2 9 2 2 2 2 2 9 2 9
left_child=1 -1 3 -2 -5 6 7 12 10 -6 -3 -12 18 14 16 -16 23 -8 19 -4 28 -22 26 24 -14 -26 -23 -19 29 -7
right_child=2 8 5 4 9 20 17 -9 -10 -11 11 -13 13 -15 15 -17 -18 27 -20 -21 21 22 -24 -25 25 -27 -28 -29 -30 -31
leaf_value=-9.0035917432684809e-05 -9.0035917432684809e-05 -0.0002682512742653742 0.00015001070106723802 2.7271760511204946e-06 0.38567310718541958 0.00015797728030380044 0.0013177508252492311 -9.0035917432684809e-05 -2.3274981733933945e-06 1.2493687917262202 4.9625145789455873e-05 -0.0018647244892904702 1.3543153020378896e-06 -1.2621952999669618e-06 4.763402280039131e-06 -1.816253102582266e-07 -0.0020377560319900568 -0.028630326370422045 -0.00023841756516294055 -5.3396361713087263e-06 -0.00031842954897194354 0.00047835616535270021 0.0014968486537191518 -3.1878173488220089e-05 0.00014720154754170879 -2.5159974405797315e-05 5.8001499923543422e-05 -0.0029152886909724176 -0.021242928236153924 -0.00011627521800927632
leaf_weight=51628 166 407 291 7210 3369 85047 18799 3941 16763 3484 1923 349 881 1215 208 514 827 3616 1996 263 9489 2474 15121 225 1667 200 618 8113 2362 128092
leaf_count=51628 166 407 291 7210 3369 85047 18799 3941 16763 3484 1923 349 881 1215 208 514 827 3616 1996 263 9489 2474 15121 225 1667 200 618 8113 2362 128092
internal_value=-0.00509242 -0.034381 0.00184278 0.0409263 0.0419861 -0.000103333 -0.00420661 -0.0141233 -0.00194424 0.0335546 0.0141131 0.0207306 -0.00593588 -9.58689e-05 0.00625829 -0.0245152 0.0121053 -0.000235849 -0.019098 0.00902527 0.000618182 0.00471446 0.00972672 0.0189203 0.022671 0.0332351 0.0258732 -0.00566544 9.16469e-05 0.000247491
internal_weight=371258 71070 300188 14229 14063 285959 42756 12228 19442 6853 2679 2272 8287 5737 4522 722 3800 30528 2550 554 243203 27702 18213 2973 2748 1867 3092 11729 215501 213139
internal_count=371258 71070 300188 14229 14063 285959 42756 12228 19442 6853 2679 2272 8287 5737 4522 722 3800 30528 2550 554 243203 27702 18213 2973 2748 1867 3092 11729 215501 213139
cat_boundaries=0 3 5 7 9 12 14 17 19 21
cat_threshold=167821458 3493855488 2 2147483648 1049088 83886144 2686976 16777216 2097152 134217728 0 2 0 2097152 77828 671219801 13 0 2621440 8466432 168176744
is_linear=0
shrinkage=0.05


Tree=177
num_leaves=31
num_cat=9
split_feature=17 0 17 0 0 17 6 6 17 0 6 3 14 17 3 17 0 16 17 6 0 5 16 17 6 2 5 4 14 17
split_gain=29916.7 11266.9 8931.8 505.681 438.134 398.516 604.941 471.749 321.68 264.857 257.812 324.702 254.717 547.494 428.337 227.071 227.861 454.227 287.733 250.091 215.651 209 269.161 219.624 188.87 187.881 184.189 172.728 168.2 297.346
threshold=0 7.5000000000000009 1 7.5000000000000009 14.000000000000002 2 9.5000000000000018 17.500000000000004 3 77.500000000000014 11.500000000000002 14.000000000000002 709.93887500000017 4 11.500000000000002 5 7.5000000000000009 220.03990833333339 6 19.500000000000004 14.000000000000002 18.750000000000004 20.301666666666673 7 18.500000000000004 22.500000000000004 23.750000000000004 2.5000000000000004 179.63596666666669 8
decision_type=9 2 9 2 2 9 2 2 9 2 2 2 2 9 2 9 2 2 9 2 2 2 2 9 2 2 2 2 2 9
left_child=1 -1 3 -2 -5 6 -4 -8 10 25 -3 26 15 -14 20 16 17 18 19 -7 -15 28 -23 -24 -18 -6 -12 -25 29 -17
right_child=2 8 5 4 9 12 7 -9 -10 -11 11 -13 13 14 -16 21 24 -19 -20 -21 -22 22 23 27 -26 -27 -28 -29 -30 -31
leaf_value=-8.5534121561048348e-05 -8.5534121561048348e-05 -0.00025483871055209661 -8.5534121561048348e-05 2.5908172485600291e-06 -0.03845141509617625 -0.0036608057602585567 4.029593050054459e-05 -1.2425240710367548e-05 -2.21112326475037e-06 1.4369003521399089 2.7832750292056119e-05 -0.0017714882648259156 -0.00011190160576584063 0.00049278075423648821 0.0018267961724738769 -0.0005328895822410473 -0.0011632961922236618 -1.1990855349530706e-06 -8.4713349552023598e-05 -0.01042308364937572 -0.0097468357394673976 0.029100810191601933 0.00014939800380684432 -0.0014546736546595441 0.0015340806573978405 0.3838004575911349 4.7143888499956435e-05 0.047630436526558566 -0.0025179114804574354 0.00040643776420536961
leaf_weight=51628 166 407 1235 7210 86 1547 8292 4753 16763 2754 614 349 14264 5311 9744 18373 51450 1258 6988 798 812 36904 6439 44113 9586 4013 1309 5898 39287 18907
leaf_count=51628 166 407 1235 7210 86 1547 8292 4753 16763 2754 614 349 14264 5311 9744 18373 51450 1258 6988 798 812 36904 6439 44113 9586 4013 1309 5898 39287 18907
internal_value=-0.00521309 -0.034381 0.00169355 0.0403434 0.0413959 -0.000230969 -0.00836949 -0.00520889 -0.00194424 0.0323435 0.0141131 0.0207306 0.0001971 0.00453188 0.0109183 -0.000343617 -0.00270461 -0.00947503 -0.00567342 -0.0207856 0.0212886 0.000651735 0.00223986 6.90877e-05 -0.00153024 0.0242864 0.0287832 -0.00105056 -0.0012845 0.00112124
internal_weight=371258 71070 300188 14229 14063 285959 14280 13045 19442 6853 2679 2272 271679 30131 15867 241548 71627 10591 9333 2345 6123 169921 93354 56450 61036 4099 1923 50011 76567 37280
internal_count=371258 71070 300188 14229 14063 285959 14280 13045 19442 6853 2679 2272 271679 30131 15867 241548 71627 10591 9333 2345 6123 169921 93354 56450 61036 4099 1923 50011 76567 37280
cat_boundaries=0 3 5 7 10 13 15 16 18 21
cat_threshold=167821458 3493855488 2 2147483648 1049088 16777216 65536 134217728 0 2 8467780 738329689 13 1947467844 19398656 68157504 0 132224 65792 289947 9
is_linear=0
shrinkage=0.05


Tree=178
num_leaves=31
num_cat=11
split_feature=17 0 17 0 0 17 6 17 17 0 6 17 17 0 0 6 3 2 5 0 0 17 17 16 5 17 17 0 16 3
split_gain=30482.4 11266.9 8746.67 504.944 444.676 372.436 510.03 545.083 321.68 291.7 302.053 282.431 272.305 659.502 262.643 257.812 324.702 187.38 184.189 174.245 143.478 129.389 127.99 118.767 114.928 171.324 108.083 128.449 160.088 124.585
threshold=0 7.5000000000000009 1 7.5000000000000009 14.000000000000002 2 20.500000000000004 3 4 7.5000000000000009 21.500000000000004 5 6 7.5000000000000009 77.500000000000014 11.500000000000002 14.000000000000002 22.500000000000004 23.750000000000004 7.5000000000000009 37.500000000000007 7 8 20.301666666666673 31.250000000000004 9 10 17.500000000000004 180.06970833333335 17.500000000000004
decision_type=9 2 9 2 2 9 2 9 9 2 2 9 9 2 2 2 2 2 2 2 2 9 9 2 2 9 9 2 2 2
left_child=1 22 3 -2 -5 6 -4 9 15 10 11 -8 13 -7 17 -3 18 -6 -17 -9 -15 -11 -1 -13 -14 -26 27 28 -10 -29
right_child=2 8 5 4 14 12 7 19 26 21 -12 23 24 20 -16 16 -18 -19 -20 -21 -22 -23 -24 -25 25 -27 -28 29 -30 -31
leaf_value=-8.125741548301591e-05 -8.125741548301591e-05 -0.00024209677502451399 9.0908232531461416e-05 2.4612763861675547e-06 -0.036528844341367432 -8.125741548301591e-05 -0.00023253758974783878 -0.032929402796995522 -4.6885187943601638e-06 -0.00091151164655678407 0.00045275765645254041 -0.00074438727930128403 -1.9196849629565806e-05 -0.041390106019803065 1.3650553345329131 2.6441112777497722e-05 -0.0016829138515846332 0.36461043471157811 4.4786694074971936e-05 0.0013313522872852703 0.03228369089529206 0.0033149235561483973 -8.125741548301591e-05 0.00084496642474749537 0.098451975220992347 -0.0077826230159928405 -2.1005671015039696e-06 -0.0025243116334939587 -9.703427186291691e-05 0.002415353949304944
leaf_weight=23249 166 407 78136 7210 86 2055 219 407 4198 784 1833 122 181005 2311 2754 614 349 4013 1309 3954 2346 2054 28379 283 5135 5315 9039 362 2498 666
leaf_count=23249 166 407 78136 7210 86 2055 219 407 4198 784 1833 122 181005 2311 2754 614 349 4013 1309 3954 2346 2054 28379 283 5135 5315 9039 362 2498 666
internal_value=-0.00493861 -0.034381 0.00203299 0.0402802 0.0413319 0.00012851 0.00283934 0.0136806 -0.00194424 0.0244392 0.0370981 0.00705128 -0.00107253 -0.010964 0.0322122 0.0141131 0.0207306 0.0241888 0.0287832 0.000560512 -0.000569036 0.0135659 -0.0466026 0.0314458 -0.000725198 0.00437321 -0.00451619 -0.008857 -0.0113949 0.00758755
internal_weight=371258 71070 300188 14229 14063 285959 87792 9656 19442 5295 2457 624 198167 6712 6853 2679 2272 4099 1923 4361 4657 2838 51628 405 191455 10450 16763 7724 6696 1028
internal_count=371258 71070 300188 14229 14063 285959 87792 9656 19442 5295 2457 624 198167 6712 6853 2679 2272 4099 1923 4361 4657 2838 51628 405 191455 10450 16763 7724 6696 1028
cat_boundaries=0 3 5 7 9 12 13 15 17 19 22 24
cat_threshold=167821458 3493855488 2 2147483648 1049088 1620058112 168045602 546308096 33817632 134217728 0 2 536870912 0 65536 0 33555456 134234128 2415919360 67634496 151561 13 2 2147483904
is_linear=0
shrinkage=0.05


Tree=179
num_leaves=31
num_cat=8
split_feature=17 0 17 0 0 17 6 17 0 17 16 17 6 6 0 0 5 6 0 5 16 5 17 14 3 5 17 0 2 14
split_gain=29086.7 12989.2 8653.41 503.226 460.129 405.475 705.374 813.988 333.548 1172.33 475.892 306.283 887.883 432.482 299.629 276.295 247.309 224.509 214.677 208.071 233.37 196.9 356.7 215.783 195.78 191.705 261.424 202.642 184.76 174.016
threshold=0 7.5000000000000009 1 7.5000000000000009 14.000000000000002 2 21.500000000000004 3 7.5000000000000009 4 219.77431666666669 5 19.500000000000004 11.500000000000002 7.5000000000000009 77.500000000000014 23.750000000000004 19.500000000000004 7.5000000000000009 16.250000000000004 180.06970833333335 12.750000000000002 6 220.14909166666669 17.500000000000004 23.750000000000004 7 17.500000000000004 22.500000000000004 159.89092500000004
decision_type=9 2 9 2 2 9 2 9 2 9 2 9 2 2 2 2 2 2 2 2 2 2 9 2 2 2 9 2 2 2
left_child=1 -1 3 -2 -5 6 -4 18 9 -7 21 12 13 -3 -9 28 19 -12 -8 -15 -21 22 23 -11 -14 29 27 -27 -6 -13
right_child=2 11 5 4 15 8 7 14 -10 10 17 25 24 16 -16 -17 -18 -19 -20 20 -22 -23 -24 -25 -26 26 -28 -29 -30 -31
leaf_value=-7.7194544708847357e-05 -7.7194544708847357e-05 -0.00022225452128257219 5.8706064369262738e-05 2.3382125668547363e-06 -0.034702402124299071 -8.3486047311920339e-05 -0.033020151140762087 0.00040716143655061821 -0.00014475617717177869 0.00054446226419457844 -1.7928877671380405e-07 -0.00038617348247464993 -9.7277505257409313e-05 0.0035842108680329333 0.0028749323424451137 1.2968025678062673 3.9950495134988276e-05 0.0010636419505177131 0.0010652377005690994 -4.454092854633274e-06 1.6319479883009081e-07 -0.00022130117694567632 8.4158323403915613e-06 0.00017073989891209785 0.007918791883960807 -0.0021671533910715191 -1.9955387464243304e-06 0.0058103059306338529 0.34637991297599913 0.00019977474037995437
leaf_weight=51628 166 514 88566 7210 86 4183 278 2655 168306 1204 1319 1948 968 636 1564 2754 3035 363 2297 522 494 7389 7105 730 121 1221 5362 366 4013 4255
leaf_count=51628 166 514 88566 7210 86 4183 278 2655 168306 1204 1319 1948 968 636 1564 2754 3035 363 2297 522 494 7389 7105 730 121 1221 5362 366 4013 4255
internal_value=-0.00472017 -0.0334806 0.00208995 0.0401327 0.0411825 0.000195651 0.00285729 0.0183839 -0.0011361 -0.00688333 -0.00136313 0.0013476 0.0104127 0.0190252 0.0318633 0.0319057 0.0237999 -0.0266944 -0.00381044 0.00823245 -0.00580709 0.00122961 0.00617878 0.0251543 -0.0306244 -0.00299347 -0.00869909 -0.0264559 0.0236765 0.00339352
internal_weight=371258 71070 300188 14229 14063 285959 95360 6794 190599 22293 18110 19442 6290 5201 4219 6853 4687 1682 2575 1652 1016 16428 9039 1934 1089 13152 6949 1587 4099 6203
internal_count=371258 71070 300188 14229 14063 285959 95360 6794 190599 22293 18110 19442 6290 5201 4219 6853 4687 1682 2575 1652 1016 16428 9039 1934 1089 13152 6949 1587 4099 6203
cat_boundaries=0 3 5 7 9 11 14 16 18
cat_threshold=167821458 3493855488 2 2147483648 1049088 1636835328 168045602 1073750016 134227968 67109952 65600 134217728 2147483648 2 262144 603979776 0 256
is_linear=0
shrinkage=0.05


Tree=180
num_leaves=31
num_cat=9
split_feature=17 0 17 17 5 0 0 17 6 17 0 6 17 0 17 6 3 1 16 17 6 5 6 6 2 14 14 17 5 6
split_gain=28801.1 12536.2 8408.43 545.638 800.028 492.254 565.773 290.087 550.508 521.11 292.574 302.053 282.431 242.119 231.158 257.812 324.702 206.914 396.462 360.236 189.357 184.189 182.994 215.016 182.87 177.299 169.216 249.061 326.455 343.707
threshold=0 7.5000000000000009 1 2 12.000000000000002 7.5000000000000009 14.000000000000002 3 20.500000000000004 4 7.5000000000000009 21.500000000000004 5 82.500000000000014 6 11.500000000000002 14.000000000000002 7.5000000000000009 219.77431666666669 7 18.500000000000004 23.750000000000004 17.500000000000004 10.500000000000002 22.500000000000004 729.83320000000003 589.71840000000009 8 23.750000000000004 11.500000000000002
decision_type=9 2 9 9 2 2 2 9 2 9 2 2 9 2 9 2 2 2 2 9 2 2 2 2 2 2 2 9 2 2
left_child=1 -1 5 4 -4 -2 -7 8 -5 10 11 12 -10 24 15 -3 21 18 19 20 -9 -17 23 -6 -8 26 27 28 29 -16
right_child=2 14 3 7 22 6 13 17 9 -11 -12 -13 -14 -15 25 16 -18 -19 -20 -21 -22 -23 -24 -25 -26 -27 -28 -29 -30 -31
leaf_value=-7.3334817473424971e-05 -7.3334817473424971e-05 -0.00021887921020908864 -1.8949511355259576e-05 8.3427517686462951e-05 -7.3020242343257999e-05 2.221301938476472e-06 -0.032967282018084097 -0.016443119928275917 -0.0002238460134789122 0.00025193703921337906 0.0027311857253228492 0.00040976170180240246 0.00041039922947319065 1.2319624394159541 -0.0003238269122035398 2.5110897398761267e-05 -0.0016007656837620844 -0.0001070906185092646 -1.7032433787811386e-07 -1.093596472001579e-06 -0.010412354424240357 4.0549834614544977e-05 -6.9340850745858171e-05 5.5770761150819581e-05 0.35982096925576568 -8.7318683006820663e-05 0.00020475260884857962 2.6239097381086654e-06 -2.4538833655096684e-05 6.0725037090314517e-06
leaf_weight=51628 166 407 2819 81551 1149 7210 86 1115 219 4682 2838 1833 405 2238 1076 614 349 160920 1793 15487 836 1309 3371 6941 4529 2361 2278 7361 2565 1122
leaf_count=51628 166 407 2819 81551 1149 7210 86 1115 219 4682 2838 1833 405 2238 1076 614 349 160920 1793 15487 836 1309 3371 6941 4529 2361 2278 7361 2565 1122
internal_value=-0.00509242 -0.0337113 0.00168422 -0.000183062 -0.00970609 0.0391846 0.0402226 0.000317827 0.00260985 0.0136965 0.0244204 0.0370981 0.00705128 0.0299358 0.000504063 0.0141131 0.0207306 -0.000846743 -0.00574853 -0.0034465 -0.0236359 0.0287832 -0.00384347 0.000234858 0.0233911 -0.00167829 0.000402722 -0.00194655 -0.0108422 0.00327571
internal_weight=371258 71070 300188 285959 14280 14229 14063 271679 91528 9977 5295 2457 624 6853 19442 2679 2272 180151 19231 17438 1951 1923 11461 8090 4615 16763 14402 12124 4763 2198
internal_count=371258 71070 300188 285959 14280 14229 14063 271679 91528 9977 5295 2457 624 6853 19442 2679 2272 180151 19231 17438 1951 1923 11461 8090 4615 16763 14402 12124 4763 2198
cat_boundaries=0 3 5 7 9 11 12 15 16 18
cat_threshold=167821458 3493855488 2 2147483648 1049088 16777216 65536 1620058112 704916512 546308096 33817632 536870912 134217728 0 2 67109952 0 268435712
is_linear=0
shrinkage=0.05


Tree=181
num_leaves=31
num_cat=8
split_feature=17 0 17 17 5 0 0 17 6 17 0 6 17 0 17 6 3 0 5 2 0 14 6 6 15 0 17 16 6 6
split_gain=29070.1 12147.8 8321.01 504.891 808.317 489.59 593.256 275.019 532.193 541.028 293.45 302.053 282.431 258.047 256.793 257.812 324.702 213.69 184.189 179.376 161.903 154.281 153.563 186.09 151.087 142.575 451.784 397.756 207.1 197.085
threshold=0 7.5000000000000009 1 2 12.000000000000002 7.5000000000000009 14.000000000000002 3 20.500000000000004 4 7.5000000000000009 21.500000000000004 5 82.500000000000014 6 11.500000000000002 14.000000000000002 7.5000000000000009 23.750000000000004 22.500000000000004 7.5000000000000009 729.83320000000003 9.5000000000000018 17.500000000000004 15.000000000000002 7.5000000000000009 7 219.77431666666669 19.500000000000004 19.500000000000004
decision_type=9 2 9 9 2 2 2 9 2 9 2 2 9 2 9 2 2 2 2 2 2 2 2 2 2 2 9 2 2 2
left_child=1 -1 5 4 20 -2 -7 8 -5 17 11 12 -11 19 15 -3 18 -10 -17 -8 -4 -16 -6 -24 25 26 -9 29 -29 -28
right_child=2 14 3 7 22 6 13 24 9 10 -12 -13 -14 -15 21 16 -18 -19 -20 -21 -22 -23 23 -25 -26 -27 27 28 -30 -31
leaf_value=-6.9668076599738174e-05 -6.9668076599738174e-05 -0.00020793524969864308 -1.8002035787478834e-05 7.9256141802108726e-05 -6.9369230226090653e-05 2.1102368415348851e-06 -0.031318917917179868 -0.010743238710033555 -0.030090039762862109 -0.00021265371280496659 0.0025946264390567467 0.00038927361671228235 0.0003898792679995378 1.1703643174451563 -6.6882012639268851e-07 2.3855352528823205e-05 -0.0015207273995740068 0.0012443534317720052 3.8522342883773324e-05 0.34182992079297742 0.015835939488973595 -8.2952748856435224e-05 3.3517135181027062e-05 -6.5873808208571924e-05 0.0034316979495435441 -0.00029236481285677129 -1.4031278327886199e-05 -1.6180812099086952e-07 0.0009978630010311297 0.00014915888576725323
leaf_weight=51628 166 407 2556 74820 277 7210 86 2095 337 219 2838 1833 405 2238 14402 614 349 3852 1309 4529 263 2361 7813 3371 10276 156718 12533 1358 363 4032
leaf_count=51628 166 407 2556 74820 277 7210 86 2095 337 219 2838 1833 405 2238 14402 614 349 3852 1309 4529 263 2361 7813 3371 10276 156718 12533 1358 363 4032
internal_value=-0.00516029 -0.0339125 0.00164791 -0.000209638 -0.00937019 0.0389529 0.0399879 0.000272186 0.00264369 0.0138022 0.0244015 0.0370981 0.00705128 0.0294543 -0.000231458 0.0141131 0.0207306 0.00034532 0.0287832 0.0226977 -0.0333629 -0.00253085 -0.00347701 -0.00256617 -0.000794888 -0.00113693 -0.0050709 -0.00254154 -0.0254213 -0.000166013
internal_weight=371258 71070 300188 285959 14280 14229 14063 271679 84304 9484 5295 2457 624 6853 19442 2679 2272 4189 1923 4615 2819 16763 11461 11184 187375 177099 20381 18286 1721 16565
internal_count=371258 71070 300188 285959 14280 14229 14063 271679 84304 9484 5295 2457 624 6853 19442 2679 2272 4189 1923 4615 2819 16763 11461 11184 187375 177099 20381 18286 1721 16565
cat_boundaries=0 3 5 7 9 11 12 15 17
cat_threshold=167821458 3493855488 2 2147483648 1049088 16777216 65536 1620058112 168045600 1073750016 134227968 536870912 134217728 0 2 67109952 64
is_linear=0
shrinkage=0.05


Tree=182
num_leaves=31
num_cat=10
split_feature=17 0 17 0 0 17 0 6 17 0 17 6 3 5 6 17 3 0 17 14 17 0 17 6 0 12 17 6 5 16
split_gain=29075.7 12155.8 8270.68 491.36 602.985 396.146 872.909 663.586 382.327 262.867 256.242 257.812 324.702 227.842 206.858 1229.17 440.641 240.806 259.589 334.284 231.773 227.489 198.057 197.544 460.438 197.213 227.232 193.519 184.189 179.373
threshold=0 7.5000000000000009 1 14.000000000000002 7.5000000000000009 2 7.5000000000000009 21.500000000000004 3 82.500000000000014 4 11.500000000000002 14.000000000000002 21.250000000000004 20.500000000000004 5 17.500000000000004 7.5000000000000009 6 830.01335000000006 7 11.500000000000002 8 21.500000000000004 7.5000000000000009 53.500000000000007 9 17.500000000000004 23.750000000000004 220.03990833333339
decision_type=9 2 9 2 2 9 2 2 9 2 9 2 2 2 2 9 2 2 9 2 9 2 9 2 2 2 9 2 2 2
left_child=1 -1 3 4 -2 6 7 8 29 -5 11 -3 28 -8 25 16 17 18 19 -16 -17 -18 -15 -22 -25 26 27 -7 -13 -4
right_child=2 10 5 9 -6 14 13 -9 -10 -11 -12 12 -14 22 15 20 21 -19 -20 -21 23 -23 -24 24 -26 -27 -28 -29 -30 -31
leaf_value=-6.6184672769731284e-05 -6.6184672769731284e-05 -0.00019753848721375535 -9.2383166450105136e-07 0.29397837282476225 2.0047249994270543e-06 0.00073184904093488441 0.0010410563227129189 -1.9574219773232927e-05 -7.1172664986107753e-05 1.1118461015728982 -6.353791200730541e-07 2.2662584902377604e-05 -0.0014446910295952799 -0.026998635605343768 -1.5675861530084491e-05 -0.034305078939156131 -0.044961941386184902 0.0024648951171038825 0.0003984034153436067 0.0003371244704411858 0.0010553212042128557 0.018359306970958757 -0.0025960553371337626 -0.014424997171486931 -5.0810083564289958e-05 -0.0026251166957237618 -0.00035350554970889906 -0.0013970566813133356 3.6596225739593535e-05 -1.5371771495686916e-07
leaf_weight=51628 166 407 7767 4615 7210 70968 21413 1549 3317 2238 16763 614 349 3841 969 2229 457 3636 2254 715 5713 1897 11192 1142 7160 24171 93389 20768 1309 1412
leaf_count=51628 166 407 7767 4615 7210 70968 21413 1549 3317 2238 16763 614 349 3841 969 2229 457 3636 2254 715 5713 1897 11192 1142 7160 24171 93389 20768 1309 1412
internal_value=-0.00515329 -0.0339083 0.00165557 0.0388475 0.0478308 -0.00019635 -0.00421477 -0.014806 -0.0109795 0.0292354 -0.000216027 0.0141131 0.0207306 -0.000134445 0.000665455 0.00485634 0.018706 0.0245973 0.033164 0.0179457 -0.00361757 -0.000169924 -0.00485266 -0.00122995 -0.00615514 0.000141426 0.000696016 0.00246332 0.0287832 -0.00569703
internal_weight=371258 71070 300188 14229 7376 285959 50491 14045 12496 6853 19442 2679 2272 36446 235468 26172 9928 7574 3938 1684 16244 2354 15033 14015 8302 209296 185125 91736 1923 9179
internal_count=371258 71070 300188 14229 7376 285959 50491 14045 12496 6853 19442 2679 2272 36446 235468 26172 9928 7574 3938 1684 16244 2354 15033 14015 8302 209296 185125 91736 1923 9179
cat_boundaries=0 3 5 7 9 12 14 16 18 20 23
cat_threshold=167821458 3493855488 2 2147483648 1049088 84148288 2686976 17039360 2097152 134217728 0 2 815267840 117720226 545783808 16777344 9216 73 0 2621440 8467456 168176745 4
is_linear=0
shrinkage=0.05


Tree=183
num_leaves=31
num_cat=10
split_feature=17 0 17 0 0 17 0 0 6 17 17 6 16 17 5 0 17 6 3 6 17 6 6 17 14 16 5 3 2 17
split_gain=29568.9 12161.2 8096.18 501.436 602.985 448.805 640.374 616.454 538.43 907.487 484.327 756.205 361.475 314.324 390.684 270.007 258.54 251.982 324.702 224.162 234.926 249.522 218.953 189.292 223.087 185.5 184.189 178.802 176.562 175.27
threshold=0 7.5000000000000009 1 14.000000000000002 7.5000000000000009 2 7.5000000000000009 7.5000000000000009 21.500000000000004 3 4 21.500000000000004 220.03990833333339 5 6.2500000000000009 82.500000000000014 6 11.500000000000002 14.000000000000002 18.500000000000004 7 21.500000000000004 11.500000000000002 8 840.06475833333343 69.995025000000012 23.750000000000004 17.500000000000004 22.500000000000004 9
decision_type=9 2 9 2 2 9 2 2 2 9 9 2 2 9 2 2 9 2 2 2 9 2 2 9 2 2 2 2 2 9
left_child=1 -1 3 4 -2 7 10 8 13 -10 12 29 19 -4 22 28 17 -3 26 -7 27 -22 -15 24 -11 -9 -19 -21 -5 -12
right_child=2 16 5 15 -6 6 -8 25 9 23 11 -13 -14 14 -16 -17 -18 18 -20 20 21 -23 -24 -25 -26 -27 -28 -29 -30 -31
leaf_value=-6.2875439131238056e-05 -6.2875439131238056e-05 -0.00018766156285305869 0.00012441898293698018 -0.044451890662559015 1.9044887494601427e-06 -0.00020943368277519527 -0.00016366395155635873 -0.00017137598871239668 0.00037741185700868041 -0.00030960517808660272 -6.7614031736784594e-05 -0.00028437037755359997 -1.4603182920680525e-07 0.00026363096694939083 0.0008088150971771402 1.0562537964942535 -6.0361016407384227e-07 2.1529455657276487e-05 -0.0013724564781155025 0.00048991571575291999 0.011223797595881947 -0.00081695695878316601 -0.0067800176032167155 -0.029213282597088375 9.7102123387404765e-05 0.00030059346054231998 3.4766414452569451e-05 -0.012604644172598035 0.31003950611209063 -7.5077838754378241e-06
leaf_weight=51628 166 407 8306 86 7210 6526 150226 63500 2110 137 3317 1910 948 1402 2179 2238 16763 614 349 921 453 646 210 340 218 35205 1309 105 4529 7300
leaf_count=51628 166 407 8306 86 7210 6526 150226 63500 2110 137 3317 1910 948 1402 2179 2238 16763 614 349 921 453 646 210 340 218 35205 1309 105 4529 7300
internal_value=-0.00490764 -0.0339055 0.00195871 0.0387562 0.0478308 0.000126412 -0.00148177 0.00256608 0.0120454 0.0317825 -0.0094233 -0.015893 -0.000962639 0.00746879 0.0193765 0.0290457 -0.00020574 0.0141874 0.0207306 0.00224829 0.0163529 0.000135257 0.0380893 -0.0178014 0.00780822 0.0011352 0.0287832 0.0333977 0.0221343 -0.0106951
internal_weight=371258 71070 300188 14229 7376 285959 172352 113607 14902 2805 22126 12527 9599 12097 3791 6853 19442 2679 2272 8651 2125 1099 1612 695 355 98705 1923 1026 4615 10617
internal_count=371258 71070 300188 14229 7376 285959 172352 113607 14902 2805 22126 12527 9599 12097 3791 6853 19442 2679 2272 8651 2125 1099 1612 695 355 98705 1923 1026 4615 10617
cat_boundaries=0 3 5 7 9 12 14 17 19 21 23
cat_threshold=167821458 3493855488 2 2147483648 1049088 1620058112 704920802 537919488 570430496 268960004 85999617 5 537919488 570434624 134217728 0 2 0 69222400 0 128 67108928 65536
is_linear=0
shrinkage=0.05


Tree=184
num_leaves=31
num_cat=11
split_feature=17 0 17 0 0 17 0 6 17 0 17 17 5 0 16 17 6 3 6 17 6 5 17 17 5 17 14 2 14 6
split_gain=29583.7 12161.2 7966.04 533.885 602.985 371.789 633.256 526.596 939.492 473.763 492.625 312.421 387.704 293.152 279.016 258.54 251.982 324.702 213.467 212.995 218.119 260.918 206.373 202.196 184.189 173.071 203.431 172.169 171.825 171.015
threshold=0 7.5000000000000009 1 14.000000000000002 7.5000000000000009 2 7.5000000000000009 21.500000000000004 3 7.5000000000000009 4 5 6.2500000000000009 82.500000000000014 220.03990833333339 6 11.500000000000002 14.000000000000002 11.500000000000002 7 18.500000000000004 6.2500000000000009 8 9 23.750000000000004 10 840.06475833333343 22.500000000000004 830.01335000000006 11.500000000000002
decision_type=9 2 9 2 2 9 2 2 9 2 9 9 2 2 2 9 2 2 2 9 2 2 9 9 2 9 2 2 2 2
left_child=1 -1 3 4 -2 6 7 11 -9 10 -7 -4 18 27 19 16 -3 24 -13 20 21 22 -12 -16 -18 26 -10 -5 -22 -23
right_child=2 15 5 13 -6 9 -8 8 25 -11 14 12 -14 -15 23 -17 17 -19 -20 -21 28 29 -24 -25 -26 -27 -28 -29 -30 -31
leaf_value=-5.9731667174656167e-05 -5.9731667174656167e-05 -0.00017827848471041463 0.00011819803379014005 -0.042229296129431049 1.809264311969372e-06 -7.0524832753005026e-05 7.8289778768159127e-05 0.00035854126415826306 -0.00029412491918225927 -0.0001554807539784875 0.00015855900381791523 0.00025044941860192794 0.00076837434231826764 1.0034411066695412 -1.3873023774202409e-07 -5.7342965584794572e-07 2.045298287445263e-05 -0.0013038336542097184 -0.0064410167230558816 -1.9047041317943327e-06 0.0010451190294244129 -0.00019896199863644881 0.00072498374292724328 3.2224353501497661e-05 3.3028093729914336e-05 -0.02775261846723396 9.2247017218038965e-05 0.29453753080648609 -0.0092372241908494686 0.00015589030796867576
leaf_weight=51628 166 407 8306 86 7210 4066 98705 2110 137 150226 572 1402 2179 2238 1248 16763 614 349 210 8817 1375 1719 664 611 1309 340 218 4529 247 2807
leaf_count=51628 166 407 8306 86 7210 4066 98705 2110 137 150226 572 1402 2179 2238 1248 16763 614 349 210 8817 1375 1719 664 611 1309 340 218 4529 247 2807
internal_value=-0.00490037 -0.0339055 0.0019677 0.0384683 0.0478308 0.000150191 0.00237068 0.0119783 0.0314973 -0.00131351 -0.00814426 0.00745226 0.0193239 0.0284474 -0.00459325 -0.00020574 0.0141874 0.0207306 0.0379653 -0.00249059 0.00377333 -0.000780979 0.0195793 -0.0229424 0.0287832 -0.0189362 0.00561644 0.0212459 0.0199753 -0.00634114
internal_weight=371258 71070 300188 14229 7376 285959 113607 14902 2805 172352 22126 12097 3791 6853 18060 19442 2679 2272 1612 16201 7384 5762 1236 1859 1923 695 355 4615 1622 4526
internal_count=371258 71070 300188 14229 7376 285959 113607 14902 2805 172352 22126 12097 3791 6853 18060 19442 2679 2272 1612 16201 7384 5762 1236 1859 1923 695 355 4615 1622 4526
cat_boundaries=0 3 5 7 9 11 13 16 19 21 23 25
cat_threshold=167821458 3493855488 2 2147483648 1049088 1620058112 704920802 537919488 570430496 67109952 65536 537919488 570434624 134217728 0 2 268960004 85983232 5 524288 2097152 262144 2228224 0 128
is_linear=0
shrinkage=0.05


Tree=185
num_leaves=31
num_cat=12
split_feature=17 0 17 0 0 17 6 17 0 17 0 6 17 17 16 3 5 0 17 17 2 5 6 5 17 16 17 14 17 6
split_gain=29177.9 12234.1 7491.26 694.782 602.985 318.391 615.997 698.908 519.397 469.881 358.31 350.778 289.149 288.512 271.964 257.103 233.361 232.21 224.569 194.639 169.951 156.884 242.882 428.183 255.776 301.662 194.214 151.605 137.903 133.255
threshold=0 7.5000000000000009 1 14.000000000000002 7.5000000000000009 2 20.500000000000004 3 7.5000000000000009 4 7.5000000000000009 21.500000000000004 5 6 220.03990833333339 14.000000000000002 23.750000000000004 92.500000000000014 7 8 22.500000000000004 23.750000000000004 11.500000000000002 6.2500000000000009 9 29.839925000000004 10 729.83320000000003 11 19.500000000000004
decision_type=9 2 9 2 2 9 2 9 2 9 2 2 9 9 2 2 2 2 9 9 2 2 2 2 9 2 9 2 9 2
left_child=1 -1 3 4 -2 6 -4 -8 9 -7 11 13 15 -9 18 16 -3 20 21 -16 -5 22 23 26 25 -24 -11 -14 -25 -21
right_child=2 12 5 17 -6 8 7 10 -10 14 -12 -13 27 -15 19 -17 -18 -19 -20 29 -22 -23 24 28 -26 -27 -28 -29 -30 -31
leaf_value=-5.6745083815901159e-05 -5.6745083815901159e-05 -9.954877431876952e-05 5.897863432400286e-05 -0.040117831322959499 1.7188010963842261e-06 -6.699859111534146e-05 -3.2140946355996294e-05 -0.00021336808492455894 -0.000147706716279572 0.00015063105362700391 0.001465609206106855 0.00033379607289480974 -5.4475817305998937e-07 0.00097184736360174113 -1.3179372584382066e-07 -0.001238641971499277 3.1376689043405293e-05 1.4532690513360642 -4.2619960355594349e-06 3.0613135826440542e-05 0.29668945819679776 -0.0019161280575206608 -0.00027825335384616955 -0.00018901389870462637 -0.00076824206719900985 0.00015958164303451206 -0.026865132860796549 -7.8714490466591513e-05 -0.010636038459021302 -5.9882075819750476e-06
leaf_weight=51628 166 809 101670 86 7210 4066 5481 219 150226 570 3283 2122 14402 832 1248 384 1486 1481 10244 382 5286 847 438 914 938 1047 574 2361 629 229
leaf_count=51628 166 809 101670 86 7210 4066 5481 219 150226 570 3283 2122 14402 832 1248 384 1486 1481 10244 382 5286 847 438 914 938 1047 574 2361 629 229
internal_value=-0.00506198 -0.0338675 0.00175884 0.037155 0.0478308 -3.67173e-06 0.00205119 0.0127963 -0.00135819 -0.00851035 0.0239251 0.0359439 -6.68655e-05 0.0123216 -0.00504151 0.0151543 0.0215468 0.0257187 -0.00296587 -0.0231576 0.0208861 0.00475113 0.00806262 -0.0022888 0.0195419 0.0323411 0.0208916 -0.00250701 -0.019475 0.000241546
internal_weight=371258 71070 300188 14229 7376 285959 113607 11937 172352 22126 6456 3173 19442 1051 18060 2679 2295 6853 16201 1859 5372 5957 5110 2687 2423 1485 1144 16763 1543 611
internal_count=371258 71070 300188 14229 7376 285959 113607 11937 172352 22126 6456 3173 19442 1051 18060 2679 2295 6853 16201 1859 5372 5957 5110 2687 2423 1485 1144 16763 1543 611
cat_boundaries=0 3 5 7 9 11 14 15 18 20 22 24 26
cat_threshold=167821458 3493855488 2 2147483648 1049088 1620058112 704920802 1073750016 134228160 67109952 65536 134217728 0 2 536870912 268960004 69206016 5 262144 2228224 0 69206016 524288 2097152 0 2097152
is_linear=0
shrinkage=0.05


Tree=186
num_leaves=31
num_cat=12
split_feature=17 0 17 0 0 17 6 17 0 17 0 6 17 17 16 0 3 5 17 17 0 5 6 5 17 16 17 14 17 6
split_gain=29170.7 12236.8 7306.41 753.754 602.985 309.601 611.353 693.577 487.312 486.113 354.454 360.29 290.368 283.203 281.693 262.827 254.082 233.361 204.241 194.639 164.209 156.884 242.882 428.183 255.776 301.662 194.214 151.605 137.903 133.255
threshold=0 7.5000000000000009 1 14.000000000000002 7.5000000000000009 2 20.500000000000004 3 7.5000000000000009 4 7.5000000000000009 21.500000000000004 5 6 220.03990833333339 52.500000000000007 14.000000000000002 23.750000000000004 7 8 92.500000000000014 23.750000000000004 11.500000000000002 6.2500000000000009 9 29.839925000000004 10 729.83320000000003 11 19.500000000000004
decision_type=9 2 9 2 2 9 2 9 2 9 2 2 9 9 2 2 2 2 9 9 2 2 2 2 9 2 9 2 9 2
left_child=1 -1 3 4 -2 6 -4 -8 9 -7 11 13 16 -9 18 -5 17 -3 21 -16 -17 22 23 26 25 -24 -11 -14 -25 -21
right_child=2 12 5 15 -6 8 7 10 -10 14 -12 -13 27 -15 19 20 -18 -19 -20 29 -22 -23 24 28 -26 -27 -28 -29 -30 -31
leaf_value=-5.3907829625110537e-05 -5.3907829625110537e-05 -9.4571335602822171e-05 5.6029702607762744e-05 0.00084507096619326207 1.6328610415783375e-06 -6.3648661559589931e-05 -3.0533899038198699e-05 -0.00020269968067831989 -0.00014032138046555788 0.00014309950094566483 0.0013923287458014856 0.00031710626925005595 -5.1752026442031251e-07 0.000923254995421674 -1.2520403953608651e-07 0.30498900583253924 -0.0011767098729243309 2.980785459119062e-05 -4.0488962337992261e-06 2.9082479035125176e-05 1.3806055987692609 -0.0018203216546446299 -0.00026434068615386333 -0.00017956320376937286 -0.00072982996383905716 0.00015160256088280201 -0.0255218762177567 -7.4778765943239736e-05 -0.010104236536070222 -5.6887972028629719e-06
leaf_weight=51628 166 809 101670 1006 7210 4066 5481 219 150226 570 3283 2122 14402 832 1248 4366 384 1486 10244 382 1481 847 438 914 938 1047 574 2361 629 229
leaf_count=51628 166 809 101670 1006 7210 4066 5481 219 150226 570 3283 2122 14402 832 1248 4366 384 1486 10244 382 1481 847 438 914 938 1047 574 2361 629 229
internal_value=-0.00506413 -0.0338661 0.00175584 0.0367126 0.0478308 1.52114e-05 0.00204151 0.0127461 -0.00132048 -0.00824821 0.0238324 0.0357863 -6.1722e-05 0.0118459 -0.00472053 0.0247994 0.0151915 0.0215468 -0.00260786 -0.0231576 0.028861 0.00475113 0.00806262 -0.0022888 0.0195419 0.0323411 0.0208916 -0.00250701 -0.019475 0.000241546
internal_weight=371258 71070 300188 14229 7376 285959 113607 11937 172352 22126 6456 3173 19442 1051 18060 6853 2679 2295 16201 1859 5847 5957 5110 2687 2423 1485 1144 16763 1543 611
internal_count=371258 71070 300188 14229 7376 285959 113607 11937 172352 22126 6456 3173 19442 1051 18060 6853 2679 2295 16201 1859 5847 5957 5110 2687 2423 1485 1144 16763 1543 611
cat_boundaries=0 3 5 7 9 11 14 15 18 20 22 24 26
cat_threshold=167821458 3493855488 2 2147483648 1049088 1620058112 704920802 1073750016 134228160 67109952 65536 134217728 0 2 536870912 268960004 69206016 5 262144 2228224 0 69206016 524288 2097152 0 2097152
is_linear=0
shrinkage=0.05


Tree=187
num_leaves=31
num_cat=11
split_feature=17 0 17 0 0 17 17 6 17 0 17 0 6 16 17 0 3 5 17 2 14 17 5 6 17 5 3 15 6 17
split_gain=29266.8 12236.8 7229.26 771.044 602.985 290.368 285.59 603.219 684.736 390.718 540.306 346.837 377.733 314.227 273.766 265.833 254.082 233.361 194.639 157.996 151.605 145.517 166.777 483.398 285.088 271.022 227.08 145.799 133.255 131.727
threshold=0 7.5000000000000009 1 14.000000000000002 7.5000000000000009 2 3 20.500000000000004 4 7.5000000000000009 5 7.5000000000000009 21.500000000000004 220.03990833333339 6 87.500000000000014 14.000000000000002 23.750000000000004 7 22.500000000000004 729.83320000000003 8 6.2500000000000009 11.500000000000002 9 23.750000000000004 7.5000000000000009 15.000000000000002 19.500000000000004 10
decision_type=9 2 9 2 2 9 9 2 9 2 9 2 2 2 9 2 2 2 9 2 2 9 2 2 9 2 2 2 2 9
left_child=1 -1 3 4 -2 16 7 -4 -9 10 -8 12 14 21 -10 19 17 -3 -15 -5 -7 22 24 -24 -12 26 -25 -23 -20 -13
right_child=2 5 6 15 -6 20 9 8 11 -11 13 29 -14 18 -16 -17 -18 -19 28 -21 -22 27 23 25 -26 -27 -28 -29 -30 -31
leaf_value=-5.1212438143855016e-05 -5.1212438143855016e-05 -8.9842768822645533e-05 5.3228217477352403e-05 -0.038154193305121181 1.5512179895260659e-06 -4.9164425117709245e-07 -6.0466228481592668e-05 -2.9007204086273219e-05 -0.0001925646966443928 -0.00013330531144220003 0.00018699798047339122 -0.0013708206723296091 0.00030125095578754647 -1.1894383757926619e-07 0.00087709224565060142 1.0615753188307977 -0.0011178743792781276 2.8317461861604443e-05 2.7628355083386682e-05 0.26448303201507034 -7.1039827646046663e-05 -1.3939243117544464e-06 -0.0001820708940452498 0.00014402243283866413 -0.0097185657197635059 -0.0017293055719123985 0.00090183239531909103 -6.8362182245573783e-05 -5.4043573427087217e-06 0.0015449950861690987
leaf_weight=51628 166 809 101670 86 7210 14402 4066 5481 219 150226 729 908 2122 1248 832 1945 384 1486 382 4822 2361 9757 1616 1121 600 726 884 768 229 2375
leaf_count=51628 166 809 101670 86 7210 14402 4066 5481 219 150226 729 908 2122 1248 832 1945 384 1486 382 4822 2361 9757 1616 1121 600 726 884 768 229 2375
internal_value=-0.00501673 -0.0338661 0.00181447 0.0365861 0.0478308 -6.1722e-05 8.3051e-05 0.00202919 0.0126623 -0.0011998 -0.00740306 0.0236777 0.0355027 -0.00368567 0.0109895 0.0245367 0.0151915 0.0215468 -0.0231576 0.0183374 -0.00250701 -0.00145361 0.00499472 0.00026455 0.0205041 0.0130904 0.0225686 -0.00493118 0.000241546 0.012321
internal_weight=371258 71070 300188 14229 7376 19442 285959 113607 11937 172352 22126 6456 3173 18060 1051 6853 2679 2295 1859 4908 16763 16201 5676 4347 1329 2731 2005 10525 611 3283
internal_count=371258 71070 300188 14229 7376 19442 285959 113607 11937 172352 22126 6456 3173 18060 1051 6853 2679 2295 1859 4908 16763 16201 5676 4347 1329 2731 2005 10525 611 3283
cat_boundaries=0 3 5 8 10 12 14 15 17 20 22 24
cat_threshold=167821458 3493855488 2 2147483648 1049088 134217728 0 2 1620058112 704920802 1073750016 134228160 67109952 65536 536870912 262144 2228224 268960004 69206016 4 524288 69206016 0 570426370
is_linear=0
shrinkage=0.05


Tree=188
num_leaves=31
num_cat=10
split_feature=17 0 17 0 0 0 17 6 17 0 17 0 6 16 17 17 3 5 17 0 14 17 5 6 17 5 3 15 8 6
split_gain=29268.5 12188.2 7033.38 841.156 602.985 320.917 281.932 600.917 681.216 388.824 541.794 354.231 373.822 315.121 262.05 256.365 242.625 212.217 194.639 184.723 146.943 144.129 166.777 483.398 285.088 271.022 227.08 137.53 133.256 133.255
threshold=0 7.5000000000000009 1 14.000000000000002 7.5000000000000009 52.500000000000007 2 20.500000000000004 3 7.5000000000000009 4 7.5000000000000009 21.500000000000004 220.03990833333339 5 6 14.000000000000002 23.750000000000004 7 92.500000000000014 729.83320000000003 8 6.2500000000000009 11.500000000000002 9 23.750000000000004 7.5000000000000009 15.000000000000002 23.500000000000004 19.500000000000004
decision_type=9 2 9 2 2 2 9 2 9 2 9 2 2 2 9 9 2 2 9 2 2 9 2 2 9 2 2 2 2 2
left_child=1 -1 3 4 -2 -5 7 -4 -9 10 -8 12 15 21 16 -10 17 -3 -15 -7 -16 22 24 -24 -12 26 -25 -23 -17 -20
right_child=2 14 6 5 -6 19 9 8 11 -11 13 -13 -14 18 20 28 -18 -19 29 -21 -22 27 23 25 -26 -27 -28 -29 -30 -31
leaf_value=-4.8651816236677808e-05 -4.8651816236677808e-05 -8.5350630381508807e-05 5.0566806603447036e-05 -0.01242133418286997 1.4736570900453217e-06 0.27651540394015867 -5.7442917057493051e-05 -2.7556843881981765e-05 -0.00018293646181217761 -0.00012664004587001899 0.00017764808144971056 0.0012454625542029697 0.00028618840799818915 -1.1299664568475976e-07 -4.6706203864488317e-07 -0.00022048239104446312 -0.0010619806603141769 2.6901588768524222e-05 2.6246937329199584e-05 1.2584965528892582 -6.7487836263779863e-05 -1.324228096155622e-06 -0.00017296734934300063 0.00013682131119674423 -0.0092326374337753144 -0.0016428402933167609 0.00085674077555315537 -6.4944073133288427e-05 0.00083323763336808911 -5.1341394755599623e-06
leaf_weight=51628 166 809 101670 1006 7210 4366 4066 5481 219 150226 729 3283 2122 1248 14402 224 384 1486 382 1481 2361 9757 1616 1121 600 726 884 768 608 229
leaf_count=51628 166 809 101670 1006 7210 4366 4066 5481 219 150226 729 3283 2122 1248 14402 224 384 1486 382 1481 2361 9757 1616 1121 600 726 884 768 608 229
internal_value=-0.00504124 -0.0338914 0.00179015 0.0360875 0.0478308 0.0235007 8.23516e-05 0.00201598 0.0126288 -0.00119226 -0.00738046 0.0236158 0.0355657 -0.003658 -0.000154305 0.0111798 0.0143362 0.0205447 -0.0231576 0.0279887 -0.0024772 -0.00142275 0.00499472 0.00026455 0.0205041 0.0130904 0.0225686 -0.00488372 0.023753 0.000241546
internal_weight=371258 71070 300188 14229 7376 6853 285959 113607 11937 172352 22126 6456 3173 18060 19442 1051 2679 2295 1859 5847 16763 16201 5676 4347 1329 2731 2005 10525 832 611
internal_count=371258 71070 300188 14229 7376 6853 285959 113607 11937 172352 22126 6456 3173 18060 19442 1051 2679 2295 1859 5847 16763 16201 5676 4347 1329 2731 2005 10525 832 611
cat_boundaries=0 3 5 7 9 11 14 15 17 20 22
cat_threshold=167821458 3493855488 2 2147483648 1049088 1620058112 704920802 1073750016 134228160 67109952 65536 134217728 0 2 536870912 262144 2228224 268960004 69206016 4 524288 69206016
is_linear=0
shrinkage=0.05


Tree=189
num_leaves=31
num_cat=10
split_feature=17 0 17 0 0 0 17 6 17 0 17 0 6 16 17 17 3 5 17 17 5 6 17 5 3 5 14 16 8 15
split_gain=29162 12212.5 6653.95 989.437 602.985 360.088 277.932 590.82 669.837 387.559 542.688 343.793 385.656 308.735 260.38 248.379 242.625 212.217 202.196 142.043 167.916 480.325 285.088 268.752 231.65 141.639 138.737 135.696 140.645 134.29
threshold=0 7.5000000000000009 1 14.000000000000002 7.5000000000000009 57.500000000000007 2 20.500000000000004 3 7.5000000000000009 4 7.5000000000000009 21.500000000000004 220.03990833333339 5 6 14.000000000000002 23.750000000000004 7 8 6.2500000000000009 11.500000000000002 9 23.750000000000004 7.5000000000000009 23.750000000000004 729.83320000000003 20.301666666666673 23.500000000000004 15.000000000000002
decision_type=9 2 9 2 2 2 9 2 9 2 9 2 2 2 9 9 2 2 9 9 2 2 9 2 2 2 2 2 2 2
left_child=1 -1 3 4 -2 -5 7 -4 -9 10 -8 12 15 19 16 -10 17 -3 -15 20 22 -22 -12 24 -23 -7 -16 -17 -29 -21
right_child=2 14 6 5 -6 25 9 8 11 -11 13 -13 -14 18 26 27 -18 -19 -20 29 21 23 -24 -25 -26 -27 -28 28 -30 -31
leaf_value=-4.6219225424826151e-05 -4.6219225424826151e-05 -8.1083098862411173e-05 4.8038466273281348e-05 -0.0098357065987482173 1.3999742355608192e-06 0.30192136908361111 -5.4570771204609519e-05 -2.6179001687864913e-05 -0.00017378963872158871 -0.00012030804357650028 0.00016876567737722503 0.0011831894264927813 0.00027187898759826193 -1.0734681339386043e-07 -4.4370893670375722e-07 -0.00076604202408485649 -0.0010088816272984858 2.5556509330115773e-05 2.4934590462732943e-05 -1.2580166913522818e-06 -0.00016431898187585503 0.00012998024563692923 -0.0087710055620865649 -0.0015606982786509072 0.00081390373677547867 0.69557172524479549 -6.4113444450608628e-05 -0.00020945827149225772 0.00079157575169968024 -6.1696869476612901e-05
leaf_weight=51628 166 809 101670 1464 7210 3319 4066 5481 219 150226 729 3283 2122 1248 14402 238 384 1486 611 9757 1616 1121 600 726 884 2070 2361 150 444 768
leaf_count=51628 166 809 101670 1464 7210 3319 4066 5481 219 150226 729 3283 2122 1248 14402 238 384 1486 611 9757 1616 1121 600 726 884 2070 2361 150 444 768
internal_value=-0.0050811 -0.0338787 0.00173785 0.0350973 0.0478308 0.0214432 7.67566e-05 0.00199662 0.0125199 -0.00118878 -0.0073669 0.0234148 0.0351875 -0.00364139 -0.000108014 0.0104186 0.0143362 0.0205447 -0.0229424 -0.00142892 0.00494196 0.000195537 0.0205041 0.0129806 0.022419 0.027417 -0.00242354 0.0228029 0.0358586 -0.00486474
internal_weight=371258 71070 300188 14229 7376 6853 285959 113607 11937 172352 22126 6456 3173 18060 19442 1051 2679 2295 1859 16201 5676 4347 1329 2731 2005 5389 16763 832 594 10525
internal_count=371258 71070 300188 14229 7376 6853 285959 113607 11937 172352 22126 6456 3173 18060 19442 1051 2679 2295 1859 16201 5676 4347 1329 2731 2005 5389 16763 832 594 10525
cat_boundaries=0 3 5 7 9 11 14 15 17 20 22
cat_threshold=167821458 3493855488 2 2147483648 1049088 1620058112 704920802 1073750016 134228160 67109952 65536 134217728 0 2 536870912 262144 2228224 268960004 69206016 4 524288 69206016
is_linear=0
shrinkage=0.05


Tree=190
num_leaves=31
num_cat=10
split_feature=17 0 17 0 0 0 6 17 3 2 17 0 17 5 17 17 6 17 6 5 16 3 8 17 0 17 3 0 4 5
split_gain=29133.4 12242.3 6651.95 990.532 602.985 359.61 290.783 2016.17 734.063 451.694 530.006 366.708 351.071 331.397 1376.3 336.785 277.243 265.589 264.707 389.855 264.581 264.035 262.817 258.346 257.125 246.504 242.625 234.735 212.596 212.217
threshold=0 7.5000000000000009 1 14.000000000000002 7.5000000000000009 57.500000000000007 19.500000000000004 2 14.000000000000002 17.500000000000004 3 14.000000000000002 4 6.2500000000000009 5 6 11.500000000000002 7 11.500000000000002 16.250000000000004 239.94996666666668 14.000000000000002 23.500000000000004 8 7.5000000000000009 9 14.000000000000002 7.5000000000000009 2.5000000000000004 23.750000000000004
decision_type=9 2 9 2 2 2 2 9 2 2 9 2 9 2 9 9 2 9 2 2 2 2 2 9 2 9 2 2 2 2
left_child=1 -1 3 4 -2 -5 9 12 11 10 -4 22 -8 14 -12 18 27 -11 25 21 -17 -20 -9 26 -22 -15 29 -16 -19 -3
right_child=2 23 6 5 -6 -7 7 8 -10 17 13 -13 -14 15 16 20 -18 28 19 -21 24 -23 -24 -25 -26 -27 -28 -29 -30 -31
leaf_value=-4.3908264153591504e-05 -4.3908264153591504e-05 -7.702894391927729e-05 -0.00043115812483223164 -0.0093439212688107183 1.329975523756133e-06 0.32972221097294185 -0.0017623955526231416 0.00024064502161982306 0.0018476205187694106 -0.0010402251071374381 -0.0030221589785722983 -0.0031543606764346424 -0.00072002447924308661 -7.4703830641986718e-05 0.00020425726436772431 -0.0019682420298523964 -0.015806988818541302 0.00047179465938231859 0.00010124336394281564 -3.119892959313475e-05 -1.019794727330492e-07 0.00020798163639206281 0.00054880993813011258 -4.2152348989077382e-07 -0.013779116712598329 0.00083019409113878069 -0.00095843754593358818 0.0088078057961299191 0.055610653429099523 2.4278683863609987e-05
leaf_weight=51628 166 809 12060 1464 7210 5389 6320 2562 11062 45737 4074 1021 20105 3767 2662 40587 316 88271 3669 7783 1120 1631 6561 16763 1191 4047 384 1276 20137 1486
leaf_count=51628 166 809 12060 1464 7210 5389 6320 2562 11062 45737 4074 1021 20105 3767 2662 40587 316 88271 3669 7783 1120 1631 6561 16763 1191 4047 384 1276 20137 1486
internal_value=-0.00507976 -0.0338633 0.00173585 0.0350902 0.0478308 0.0214286 7.50081e-05 0.00364154 0.0151207 -0.000637777 -0.00358327 0.0248423 -0.00557405 -0.00195957 0.00742075 -0.00318442 0.0272749 0.000970839 0.00202085 0.00637086 -0.00571921 0.0168302 0.0280226 -5.1435e-05 -0.0221765 -0.00525979 0.0143362 0.0309548 0.0023188 0.0205447
internal_weight=371258 71070 300188 14229 7376 6853 285959 47631 21206 238328 84183 10144 26425 72123 8328 63795 4254 154145 20897 13083 42898 5300 9123 19442 2311 7814 2679 3938 108408 2295
internal_count=371258 71070 300188 14229 7376 6853 285959 47631 21206 238328 84183 10144 26425 72123 8328 63795 4254 154145 20897 13083 42898 5300 9123 19442 2311 7814 2679 3938 108408 2295
cat_boundaries=0 3 5 8 11 13 16 19 22 25 27
cat_threshold=167821458 3493855488 2 2147483648 1049088 83965252 134375641 5 805306368 67190944 8 83887104 134217801 67440964 271387 5 83952640 134233155 5 294912004 84481040 8 134217728 0 2 16777216 5120
is_linear=0
shrinkage=0.05


Tree=191
num_leaves=31
num_cat=12
split_feature=17 0 17 0 0 6 17 3 17 2 17 5 17 6 0 0 17 17 0 16 0 0 17 6 5 3 4 17 17 17
split_gain=29631.8 12131.6 6534.93 998.211 602.985 516.864 1998.74 965.473 416.667 385.149 556.573 352.931 1523.18 400.964 351.839 330.468 329.351 322.107 451.438 273.576 257.125 256.801 243.937 241.918 389.855 264.035 237.018 260.584 233.639 217.995
threshold=0 7.5000000000000009 1 14.000000000000002 7.5000000000000009 19.500000000000004 2 7.5000000000000009 3 17.500000000000004 4 6.2500000000000009 5 11.500000000000002 57.500000000000007 7.5000000000000009 6 7 7.5000000000000009 239.94996666666668 7.5000000000000009 7.5000000000000009 8 11.500000000000002 16.250000000000004 14.000000000000002 1.0000000180025095e-35 9 10 11
decision_type=9 2 9 2 2 2 9 2 9 2 9 2 9 2 2 2 9 9 2 2 2 2 9 2 2 2 2 9 9 9
left_child=1 -1 3 4 -2 9 7 8 -7 10 -4 12 22 21 -5 -10 23 18 -8 -18 -21 -14 -12 29 25 -25 28 -28 -11 -13
right_child=2 -3 5 14 -6 6 17 -9 15 26 11 16 13 -15 -16 -17 19 -19 -20 20 -22 -23 -24 24 -26 -27 27 -29 -30 -31
leaf_value=-4.1712850945918591e-05 -4.1712850945918591e-05 -1.456610423389293e-08 -0.00040960021859062226 -0.0088767252053703061 1.2634767475816489e-06 0.00019024618763401337 -0.0099849440528839047 0.001251622399839647 0.00022583194503691397 0.00077735554756444005 -0.0028710510296436897 -7.0968639109869616e-05 0.00021437199308915744 -0.019694284277766941 0.31323610042429451 0.00072840481371097001 -0.0018698299283597564 1.3753654509063297e-06 -0.0082647669147331015 -9.68804990897354e-08 -0.013090160876968416 0.0083674155063234498 -0.014907072112487008 9.6181195745659312e-05 -2.9638983113500218e-05 0.00019758255457240638 0.080806979210941779 -0.0016918576514416196 -0.0012374978787571323 0.00078868438658186157
leaf_weight=51628 166 19442 12060 1464 7210 1464 1374 14620 3936 63931 1280 3767 2826 341 5389 438 40587 18160 7639 1120 1191 1356 2525 3669 7783 1631 14689 11872 63653 4047
leaf_count=51628 166 19442 12060 1464 7210 1464 1374 14620 3936 63931 1280 3767 2826 341 5389 438 40587 18160 7639 1120 1191 1356 2525 3669 7783 1631 14689 11872 63653 4047
internal_value=-0.00489229 -0.0339209 0.00198136 0.0350411 0.0478308 0.000335176 0.00509017 0.0168898 0.034087 -0.000615119 -0.003335 -0.00167122 0.00800913 0.0275866 0.0213264 0.0417883 -0.00293518 -0.00379833 -0.0115206 -0.00544188 -0.0221765 0.0318986 -0.0152949 0.00221218 0.00637086 0.0168302 0.000870284 0.00516735 -2.42977e-05 -0.00474789
internal_weight=371258 71070 300188 14229 7376 285959 47631 20458 5838 238328 84183 72123 8328 4523 6853 4374 63795 27173 9013 42898 2311 4182 3805 20897 13083 5300 154145 26561 127584 7814
internal_count=371258 71070 300188 14229 7376 285959 47631 20458 5838 238328 84183 72123 8328 4523 6853 4374 63795 27173 9013 42898 2311 4182 3805 20897 13083 5300 154145 26561 127584 7814
cat_boundaries=0 3 5 7 9 12 15 18 20 22 25 27 29
cat_threshold=167821458 3493855488 2 2147483648 1049088 1906049024 657200162 1619787776 16777216 805306368 67190944 8 83956036 271385 5 83952640 134233155 5 67179584 134217801 83951616 1024 1678320960 570640472 9 605631492 706879723 16777216 5120
is_linear=0
shrinkage=0.05


Tree=192
num_leaves=31
num_cat=11
split_feature=17 0 17 0 17 5 0 0 5 6 17 3 17 17 17 16 0 16 17 17 6 3 8 17 13 16 16 17 16 8
split_gain=30184.8 12131.6 6362.6 1014.77 622.749 1332.53 602.985 344.788 316.515 257.242 1367.31 584.994 330.849 309.023 251.646 249.981 245.434 217.155 275.887 213.31 229.861 300.684 204.585 243.757 204.901 202.972 190.728 200.348 190.542 186.182
threshold=0 7.5000000000000009 1 14.000000000000002 2 16.250000000000004 7.5000000000000009 57.500000000000007 23.750000000000004 19.500000000000004 3 11.500000000000002 4 5 6 20.301666666666673 14.000000000000002 280.11395833333341 7 8 11.500000000000002 14.000000000000002 23.500000000000004 9 13.500000000000002 29.839925000000004 239.94996666666668 10 29.839925000000004 23.500000000000004
decision_type=9 2 9 2 9 2 2 2 2 2 9 2 9 9 9 2 2 2 9 9 2 2 2 9 2 2 2 9 2 2
left_child=1 -1 3 6 5 17 -2 -5 26 12 11 15 -6 16 -13 -11 -12 25 -19 20 -3 -22 23 -14 -24 -4 27 28 -7 -17
right_child=2 19 4 7 9 8 -8 -9 -10 10 13 14 22 -15 -16 29 -18 18 -20 -21 21 -23 24 -25 -26 -27 -28 -29 -30 -31
leaf_value=-3.9627208398629325e-05 -3.9627208398629325e-05 -0.00017767577154250704 7.7510949633552439e-05 -0.0084328889451018799 -0.000575490580503768 0.00052119549899298789 1.2003029102203301e-06 0.29757429540307995 -0.0042488480054892362 9.4979602206546335e-05 -0.01003393095253844 -0.00089549885847111104 0.06417999466531725 -3.8083835066071719e-05 0.0028790970117620776 0.00024285070550882361 -0.059035394126739152 4.7674682073628465e-05 -9.2036474130807738e-08 -3.9971901015789514e-07 2.306547797568115e-05 -0.00091051494033163045 -0.0017366673152715785 -6.0853222243473226e-06 0.00011868116338575874 7.5633064522540047e-05 -9.2036474130807738e-08 0.00013119949056807911 0.00031538483126571928 0.0007132648699563316
leaf_weight=51628 166 407 1117 1464 64086 543 7210 5389 4411 2080 1013 3601 26374 22021 6145 1963 2956 250 385 16763 1923 349 49092 29129 57464 4851 463 1751 1096 5168
leaf_count=51628 166 407 1117 1464 64086 543 7210 5389 4411 2080 1013 3601 26374 22021 6145 1963 2956 250 385 16763 1923 349 49092 29129 57464 4851 463 1751 1096 5168
internal_value=-0.00462266 -0.0339209 0.00231481 0.0349357 0.000690459 0.0106507 0.0478308 0.0211075 -0.00272265 0.000143857 0.00359868 0.0138056 -0.000542793 -0.00385 0.00527396 0.0228477 -0.016675 0.0274042 -0.000393701 -0.000262319 0.0128115 0.0190581 0.000659904 0.00312145 -0.000622208 0.0303619 0.00774721 0.0118584 0.0243481 0.0272963
internal_weight=371258 71070 300188 14229 285959 14867 7376 6853 8264 271092 44947 18957 226145 25990 9746 9211 3969 6603 635 19442 2679 2272 162059 55503 106556 5968 3853 3390 1639 7131
internal_count=371258 71070 300188 14229 285959 14867 7376 6853 8264 271092 44947 18957 226145 25990 9746 9211 3969 6603 635 19442 2679 2272 162059 55503 106556 5968 3853 3390 1639 7131
cat_boundaries=0 3 5 7 9 12 14 16 17 20 23 25
cat_threshold=167821458 3493855488 2 2147483648 1049088 16777216 2097152 1889271808 655103138 805568576 84480032 8 67109888 73 537133056 587202690 16777216 134217728 0 2 78852 134350936 5 0 2097152
is_linear=0
shrinkage=0.05


Tree=193
num_leaves=31
num_cat=11
split_feature=17 0 17 0 0 17 6 0 17 5 17 6 17 16 17 5 16 0 6 17 14 3 17 5 16 17 6 6 17 5
split_gain=30536 12459.6 6104.54 1060.71 715.469 1831.1 1077.85 602.985 505.043 442.303 436.346 402.098 494.188 365.514 368.261 706.652 547.69 321.639 285.864 278.693 269.498 255.596 242.176 236.192 193.632 232.073 252.589 252.469 180.887 176.014
threshold=0 7.5000000000000009 1 14.000000000000002 7.5000000000000009 2 21.500000000000004 7.5000000000000009 3 6.2500000000000009 4 21.500000000000004 5 239.94996666666668 6 23.750000000000004 29.839925000000004 57.500000000000007 19.500000000000004 7 840.06475833333343 14.000000000000002 8 23.750000000000004 119.93115833333336 9 11.500000000000002 19.500000000000004 10 16.250000000000004
decision_type=9 2 9 2 2 9 2 2 9 2 9 2 9 2 9 2 2 2 2 9 2 2 9 2 2 9 2 2 9 2
left_child=1 -1 3 7 5 6 8 -2 9 -4 20 24 -13 14 15 16 -10 -5 22 21 -8 23 -15 -3 25 -7 28 -28 -27 -11
right_child=2 19 4 17 -6 11 10 -9 13 29 -12 12 -14 18 -16 -17 -18 -19 -20 -21 -22 -23 -24 -25 -26 26 27 -29 -30 -31
leaf_value=-3.7645847978717839e-05 -3.7645847978717839e-05 -7.4330042316894673e-05 0.00012976537242517238 -0.0080112444978468044 2.1629439848958043e-05 -0.0094837926584864021 -0.00039914218383887425 1.1402877647448407e-06 -0.00020278012918106825 2.6519427703064481e-05 0.00014507063475450722 7.0461430458745866e-05 -0.0087835423191920288 0.00013439949190598987 8.32373171802292e-05 -0.0010783173665332769 0.0001880199652117831 0.28269558063292594 0.0024288812238832504 -3.7973305966332305e-07 9.5174773301520698e-05 -0.00086498919331505779 -8.7434650408724224e-08 2.1912204076901533e-05 -0.009999351760666908 0.0024430701757323092 -0.010409553105178881 0.0010116549319249657 0.023935923328338139 3.2107889316623785e-06
leaf_weight=51628 166 809 1837 1464 248931 2166 274 7210 550 4824 3135 270 1926 173 9051 826 1920 5389 137 16763 248 384 1036 1486 1441 1187 2312 897 1029 1789
leaf_count=51628 166 809 1837 1464 248931 2166 274 7210 550 4824 3135 270 1926 173 9051 826 1920 5389 137 16763 248 384 1036 1486 1441 1187 2312 897 1029 1789
internal_value=-0.00428247 -0.0337507 0.00269522 0.0346478 0.00110414 0.00758885 0.0149206 0.0478308 0.0107732 0.0203783 0.0400738 -0.00926321 -0.0284608 0.00482741 0.00752814 0.0218088 0.0352632 0.0205093 -0.0199108 0.000360045 -0.00263158 0.0153031 -0.0276675 0.0216776 -0.00460585 -0.00141615 0.00411224 -0.00484575 0.0171029 0.0143732
internal_weight=371258 71070 300188 14229 285959 37028 25800 7376 22143 8450 3657 11228 2196 13693 12347 3296 2470 6853 1346 19442 522 2679 1209 2295 9032 7591 5425 3209 2216 6613
internal_count=371258 71070 300188 14229 285959 37028 25800 7376 22143 8450 3657 11228 2196 13693 12347 3296 2470 6853 1346 19442 522 2679 1209 2295 9032 7591 5425 3209 2216 6613
cat_boundaries=0 3 5 8 10 13 15 17 20 22 24 26
cat_threshold=167821458 3493855488 2 2147483648 1049088 563609604 773919906 4 25165824 134283426 8912900 134217856 4 0 16384 0 2097152 134217728 0 2 0 1024 67174464 24576 1074004992 16908352
is_linear=0
shrinkage=0.05


Tree=194
num_leaves=31
num_cat=11
split_feature=17 0 17 0 0 17 17 6 17 0 5 6 16 6 3 0 17 5 17 5 16 5 5 17 3 3 17 5 17 17
split_gain=30440.4 12451.5 6103.81 1070.93 668.393 1488.62 763.844 743.957 608.503 602.985 452.846 472.307 429.133 382.518 337.478 317.587 302.134 428.671 299.141 391.999 338.682 290.607 507.05 275.118 254.082 252.483 242.307 233.361 215.487 157.093
threshold=0 7.5000000000000009 1 14.000000000000002 7.5000000000000009 2 3 19.500000000000004 4 7.5000000000000009 6.2500000000000009 20.500000000000004 239.94996666666668 14.500000000000002 17.500000000000004 57.500000000000007 5 23.750000000000004 6 23.750000000000004 29.839925000000004 13.500000000000002 6.2500000000000009 7 14.000000000000002 14.000000000000002 8 23.750000000000004 9 10
decision_type=9 2 9 2 2 9 9 2 9 2 2 2 2 2 2 2 9 2 9 2 2 2 2 9 2 2 9 2 9 9
left_child=1 -1 3 9 5 10 13 12 -9 -2 -4 16 18 -7 29 -5 17 25 19 20 -8 22 -22 24 27 -12 -14 -3 -13 -10
right_child=2 23 4 15 -6 6 7 8 14 -11 11 28 26 -15 -16 -17 -18 -19 -20 -21 21 -23 -24 -25 -26 -27 -28 -29 -30 -31
leaf_value=-3.5763555579793051e-05 -3.5763555579793051e-05 -7.0613540201058808e-05 0.00012318320954833874 -0.0076106822729546057 2.0547967856465733e-05 -0.0057798367082390282 -0.0002148253501899511 -0.0097837296923693369 0.00013781710301676852 1.0832733765120395e-06 2.3935744769909563e-05 6.6865011530747864e-05 0.00012767951731067486 -0.010019993377628733 -0.01154514281471304 0.26856080160127932 1.0127860933506484e-05 -0.084125954925628049 -0.00041854148439126606 -0.0010244014982065952 0.00016833325041165637 0.0002902145914418064 -1.4334290691309094e-06 -3.607464067023614e-07 -0.00082173973364927386 -0.084029623849348076 -8.3062917877185782e-08 2.0816593873096423e-05 6.9295655769474604e-05 0.0015366830555453071
leaf_weight=51628 166 809 3239 1464 248931 2109 496 808 1667 7210 1224 726 173 2368 247 5389 5335 257 9309 813 813 1343 813 16763 384 92 1177 1486 1910 2109
leaf_count=51628 166 809 3239 1464 248931 2109 496 808 1667 7210 1224 726 173 2368 247 5389 5335 257 9309 813 813 1343 813 16763 384 92 1177 1486 1910 2109
internal_value=-0.00433284 -0.0337549 0.00263393 0.0345846 0.00104295 0.00731068 2.67986e-05 0.0042522 0.0213103 0.0478308 0.0211092 0.0156433 -0.00126197 -0.0185982 0.0292214 0.0203779 0.00877244 0.0279533 0.00140944 0.0123368 0.019697 0.0260862 0.0118696 0.000344615 0.0151915 0.0396657 -0.0281481 0.0215468 0.0336495 0.0329979
internal_weight=371258 71070 300188 14229 285959 37028 24245 19768 4831 7376 12783 9544 14937 4477 4023 6853 6908 1573 13587 4278 3465 2969 1626 19442 2679 1316 1350 2295 2636 3776
internal_count=371258 71070 300188 14229 285959 37028 24245 19768 4831 7376 12783 9544 14937 4477 4023 6853 6908 1573 13587 4278 3465 2969 1626 19442 2679 1316 1350 2295 2636 3776
cat_boundaries=0 3 5 7 9 12 14 16 19 21 23 26
cat_threshold=167821458 3493855488 2 2147483648 1049088 25165824 234950818 67179584 139344 1074266372 9 1 0 65536 1074266116 2097160 134217728 0 2 0 1024 0 201392256 536870912 536870912 4
is_linear=0
shrinkage=0.05


Tree=195
num_leaves=31
num_cat=11
split_feature=17 0 17 0 0 0 17 6 17 5 17 17 16 0 14 17 17 14 16 17 5 5 17 5 5 5 17 3 5 6
split_gain=30202.9 12451.5 6080.37 1104.2 602.985 489.13 1482.48 963.784 508.284 432.002 398.203 386.307 318.821 304.705 301.518 431.815 275.118 269.498 260.193 302.06 326.855 303.309 263.287 325.318 290.19 357.901 256.388 254.082 233.361 209.302
threshold=0 7.5000000000000009 1 14.000000000000002 7.5000000000000009 7.5000000000000009 2 21.500000000000004 3 6.2500000000000009 4 5 239.94996666666668 57.500000000000007 219.88481666666669 6 7 840.06475833333343 29.839925000000004 8 23.750000000000004 8.7500000000000018 9 12.000000000000002 10.750000000000002 6.2500000000000009 10 14.000000000000002 23.750000000000004 19.500000000000004
decision_type=9 2 9 2 2 2 9 2 9 2 9 9 2 2 2 9 9 2 2 9 2 2 9 2 2 2 9 2 2 2
left_child=1 -1 3 4 -2 6 7 8 9 -4 17 -8 18 -5 15 -13 27 -9 -10 20 22 -21 24 -24 25 -20 -14 28 -3 -28
right_child=2 16 5 13 -6 -7 11 10 12 -11 -12 14 26 -15 -16 -17 -18 -19 19 21 -22 -23 23 -25 -26 -27 29 -29 -30 -31
leaf_value=-3.3975377800787852e-05 -3.3975377800787852e-05 -6.7082863191014752e-05 0.00011711794332649462 -0.0072301481593068928 1.0291097076731148e-06 1.9520569463615802e-05 -0.0085086033566806225 -0.00038252832522349682 -0.00083435693187476905 2.2738957531398543e-05 0.00013092624786592566 0.00048236736680595804 0.00022051952718789015 0.25513276152121522 -0.006751730291530489 -0.0013863882135978667 -3.4270908635392064e-07 8.4256874159027717e-05 6.6743162053173324e-05 -0.00034358047027533979 -0.00097318142329627655 0.00019925362045158934 0.00030122033153494603 -0.0080249643970526918 0.00027570386186970275 -1.3617576156921275e-06 -7.8909771961122038e-08 -0.00078065274696683675 1.9775764179463808e-05 0.0011296154729786513
leaf_weight=51628 166 809 1547 1464 7210 248931 2173 274 3051 6128 2900 2099 210 5389 5356 2605 16763 248 291 950 514 1903 2615 1471 1249 380 963 384 1486 101
leaf_count=51628 166 809 1547 1464 7210 248931 2173 274 3051 6128 2900 2099 210 5389 5356 2605 16763 248 291 950 514 1903 2615 1471 1249 380 963 384 1486 101
internal_value=-0.00444785 -0.0337549 0.00249169 0.0343809 0.0478308 0.000903769 0.00626553 0.0132897 0.00935058 0.0196422 0.037931 -0.00797599 0.00356726 0.0199548 -0.00383317 0.00539966 0.000344615 -0.00263158 0.00601256 0.0101408 0.0160643 -0.00344045 0.019364 0.012085 0.0346114 0.00827124 -0.0202512 0.0151915 0.0215468 -0.0300745
internal_weight=371258 71070 300188 14229 7376 285959 37028 24795 21373 7675 3422 12233 13698 6853 10060 4704 19442 522 12424 9373 6520 2853 6006 4086 1920 671 1274 2679 2295 1064
internal_count=371258 71070 300188 14229 7376 285959 37028 24795 21373 7675 3422 12233 13698 6853 10060 4704 19442 522 12424 9373 6520 2853 6006 4086 1920 671 1274 2679 2295 1064
cat_boundaries=0 3 5 8 10 13 15 17 20 22 24 27
cat_threshold=167821458 3493855488 2 2147483648 1049088 562561028 773919906 4 25165824 134283298 8912900 134217856 4 67109952 8256 1075052544 16908288 134217728 0 2 524292 572522624 0 2097152 0 67109888 4
is_linear=0
shrinkage=0.05


Tree=196
num_leaves=31
num_cat=12
split_feature=17 0 17 17 0 0 6 0 6 17 0 3 6 17 0 5 17 17 17 17 0 6 17 16 3 17 5 6 5 17
split_gain=30138.8 12456.9 5994.66 1121.53 589.146 398.873 344.491 324.312 303.84 1560.67 740.083 591.852 325.747 926.645 556.501 387.855 408.096 319.307 277.498 268.62 344.362 449.56 356.631 253.343 248.095 239.32 233.361 201.31 199.288 197.32
threshold=0 7.5000000000000009 1 2 7.5000000000000009 82.500000000000014 21.500000000000004 14.000000000000002 20.500000000000004 3 7.5000000000000009 7.5000000000000009 10.500000000000002 4 7.5000000000000009 6.2500000000000009 5 6 7 8 7.5000000000000009 19.500000000000004 9 20.121266666666671 14.000000000000002 10 23.750000000000004 11.500000000000002 8.7500000000000018 11
decision_type=9 2 9 9 2 2 2 2 2 9 2 2 2 9 2 2 9 9 9 9 2 2 9 2 2 9 2 2 2 9
left_child=1 -1 4 5 -2 6 -4 -6 12 11 29 23 13 14 15 -5 -17 28 24 -14 21 27 -23 -10 26 -12 -3 -21 -15 -11
right_child=2 18 3 8 7 -7 -8 -9 9 10 25 -13 19 17 -16 16 -18 -19 -20 20 -22 22 -24 -25 -26 -27 -28 -29 -30 -31
leaf_value=-3.2276608910741802e-05 -3.2276608910741802e-05 -6.3728720031441815e-05 6.3471182135899085e-05 0.00015417610465653377 9.7765422228945904e-07 0.70747512829694381 5.4586784376908784e-05 -0.032658351083314677 4.9895201082517108e-05 -0.0047039343517896633 -0.016515834355745263 0.00098628897596402258 9.0314669611757389e-05 -0.0026911444212845748 0.0269243929835584 2.1602009654841936e-05 5.8078414405748907e-06 0.00010975670667026095 -3.2557363205398815e-07 0.010809663497890254 -0.00089544138115638106 -0.0080896417484404466 0.0010731346993297032 0.00024853248664706838 -0.00074162010961851274 0.00052011996584582225 1.878697597046397e-05 -0.0096636829841783463 -0.00082069028710161094 -0.0079440796975235994
leaf_weight=51628 166 809 11228 2785 7210 2238 873 82 491 733 6109 8102 98365 959 11023 928 2778 24593 16763 360 98190 244 783 3660 384 8609 1486 5083 2644 1952
leaf_count=51628 166 809 11228 2785 7210 2238 873 82 491 733 6109 8102 98365 959 11023 928 2778 24593 16763 360 98190 244 783 3660 384 8609 1486 5083 2644 1952
internal_value=-0.00447613 -0.0337521 0.00245605 0.00132746 0.0466926 0.0149592 0.0113834 0.0488755 0.000624818 0.00540869 -0.00421811 0.0190696 5.44756e-05 0.00386786 0.0128966 0.0245186 0.0139234 -0.00174431 0.000354902 -0.000804088 -0.00256712 -0.0137403 0.0166018 0.0344375 0.0152659 0.000183449 0.0215468 -0.0194654 -0.0156241 -0.0283613
internal_weight=371258 71070 300188 292730 7458 14339 12101 7292 278391 29656 17403 12253 248735 45710 17514 6491 3706 28196 19442 203025 104660 6470 1027 4151 2679 14718 2295 5443 3603 2685
internal_count=371258 71070 300188 292730 7458 14339 12101 7292 278391 29656 17403 12253 248735 45710 17514 6491 3706 28196 19442 203025 104660 6470 1027 4151 2679 14718 2295 5443 3603 2685
cat_boundaries=0 3 5 7 9 12 14 16 19 22 24 27 30
cat_threshold=167821458 3493855488 2 2147483648 512 16777216 1048576 815529984 657216674 1082405952 706936866 4 262144 65536 67108864 17408 134217728 0 2 67712256 136654027 1 536870976 131104 67122180 73 5 65796 16 5
is_linear=0
shrinkage=0.05


Tree=197
num_leaves=31
num_cat=11
split_feature=17 0 17 17 0 0 6 0 6 17 3 0 17 0 3 6 17 5 15 17 16 6 17 0 17 1 6 17 5 17
split_gain=30059.6 12456.9 6007.58 1081.76 589.146 403.774 329.296 324.312 319.789 1495.49 675.569 638.449 277.498 255.928 248.095 238.123 267.794 233.361 230.325 227.322 265.659 223.993 712.634 386.923 308.618 242.197 506.759 664.936 522.273 482.024
threshold=0 7.5000000000000009 1 2 7.5000000000000009 92.500000000000014 21.500000000000004 14.000000000000002 20.500000000000004 3 7.5000000000000009 7.5000000000000009 4 7.5000000000000009 14.000000000000002 21.500000000000004 5 23.750000000000004 15.000000000000002 6 29.839925000000004 10.500000000000002 7 7.5000000000000009 8 17.500000000000004 19.500000000000004 9 21.250000000000004 10
decision_type=9 2 9 9 2 2 2 2 2 9 2 2 9 2 2 2 9 2 2 9 2 2 9 2 9 2 2 9 2 9
left_child=1 -1 4 5 -2 6 -4 -6 21 11 13 15 14 -11 17 16 -10 -3 -8 20 -13 22 23 -5 -24 26 27 -23 29 -29
right_child=2 12 3 8 7 -7 18 -9 9 10 -12 19 -14 -15 -16 -17 -18 -19 -20 -21 -22 25 24 -25 -26 -27 -28 28 -30 -31
leaf_value=-3.0662778465195828e-05 -3.0662778465195828e-05 -6.0542284029896368e-05 6.7492530736679157e-05 5.5697198717696851e-05 9.2877151116610443e-07 1.0380732950399214 5.1857445158054463e-05 -0.031025433529148928 0.0027624410432237848 0.0002650094889334209 0.00093697452716581255 -0.003201364177598265 -3.0929495045128877e-07 -0.00030481441299166082 -0.00070453910413759147 -0.0082936322063190456 -0.008201528306150908 1.7847627171896364e-05 -1.0257241198763369e-05 -0.00050077354208575284 0.0016686011282663672 -0.011900737445868349 -0.002304315372626542 0.025265678445262729 7.0203005981728247e-05 8.9124830809339533e-05 0.0013191175660229428 -0.001488806783131036 -0.010526466969354243 0.00018477520594846198
leaf_weight=51628 166 809 11942 6606 7210 1481 845 82 274 3872 8202 740 16763 466 384 1712 480 1486 71 12278 1632 18619 3603 11773 23728 145696 5785 13963 9487 9475
leaf_count=51628 166 809 11942 6606 7210 1481 845 82 274 3872 8202 740 16763 466 384 1712 480 1486 71 12278 1632 18619 3603 11773 23728 145696 5785 13963 9487 9475
internal_value=-0.00451465 -0.0337521 0.00240841 0.00127861 0.0466926 0.0146665 0.0118292 0.0488755 0.00058854 0.00549636 0.0186056 -0.00411655 0.000354902 0.0345781 0.0152659 -0.0276561 -0.00424403 0.0215468 0.0407205 -0.000156997 0.0139798 3.41729e-06 0.00316561 0.0107755 -0.00195494 -0.000708533 -0.0034616 -0.00503647 -0.000763625 0.0032426
internal_weight=371258 71070 300188 292730 7458 14339 12858 7292 278391 29656 12540 17116 19442 4338 2679 2466 754 2295 916 14650 2372 248735 45710 18379 27331 203025 57329 51544 32925 23438
internal_count=371258 71070 300188 292730 7458 14339 12858 7292 278391 29656 12540 17116 19442 4338 2679 2466 754 2295 916 14650 2372 248735 45710 18379 27331 203025 57329 51544 32925 23438
cat_boundaries=0 3 5 7 10 13 16 18 21 23 26 28
cat_threshold=167821458 3493855488 2 2147483648 512 16777216 1048576 1140929860 134359129 13 134217728 0 2 65792 16 4 1073741888 16 1082405952 706936882 4 67108864 17408 1879838788 604127400 12 76546304 50864210
is_linear=0
shrinkage=0.05


Tree=198
num_leaves=31
num_cat=11
split_feature=17 0 17 17 0 0 0 6 17 3 15 6 17 16 3 17 0 17 6 17 5 6 17 0 17 1 17 5 6 6
split_gain=29850.7 12394.2 6050.59 1074.21 589.146 365.256 324.312 313.661 250.74 236.775 226.273 224.271 1184.44 527.047 339.358 346.271 335.194 408.139 317.41 225.838 212.217 209.54 654.042 368.593 307.434 256.609 455.562 392.084 373.434 358.489
threshold=0 7.5000000000000009 1 2 7.5000000000000009 92.500000000000014 14.000000000000002 21.500000000000004 3 14.000000000000002 15.000000000000002 20.500000000000004 4 20.156275000000004 7.5000000000000009 5 7.5000000000000009 6 21.500000000000004 7 23.750000000000004 10.500000000000002 8 7.5000000000000009 9 17.500000000000004 10 23.750000000000004 19.500000000000004 11.500000000000002
decision_type=9 2 9 9 2 2 2 2 9 2 2 2 9 2 2 9 2 9 2 9 2 2 9 2 9 2 9 2 2 2
left_child=1 -1 4 5 -2 7 -6 -4 9 20 -9 21 16 19 15 -15 17 18 -13 -14 -3 22 23 -5 -24 26 27 29 -28 -23
right_child=2 8 3 11 6 -7 -8 10 -10 -11 -12 12 13 14 -16 -17 -18 -19 -20 -21 -22 25 24 -25 -26 -27 28 -29 -30 -31
leaf_value=-2.9129639541913834e-05 -2.9129639541913834e-05 -5.7515169828370463e-05 6.4117904199845202e-05 5.2912338781796464e-05 8.8233293560335824e-07 0.98616963028792526 -0.029474161852691517 4.9264572900131755e-05 -2.9383020292428343e-07 -0.00066931214893068975 -9.7443791388318615e-06 0.0019758681862690696 -0.00094598786543864666 -1.5613614043452629e-06 0.0011886587804376349 0.00035126216787659817 -4.0824601146205454e-05 -0.0072758927886628745 -0.0003714389911428029 0.0029433268981684082 1.6955245813310427e-05 -0.0048903637124190881 -0.0021890996039952261 0.027943543843080135 5.7153339835469552e-05 8.4668589268943614e-05 -0.0083740474892272324 -0.0033665000794121272 0.00087624099114833607 0.0002481641749982444
leaf_weight=51628 166 809 11942 5879 7210 1481 82 845 16763 384 71 485 2194 390 5976 3232 13735 1489 791 1364 1486 2370 3603 10316 25912 145696 24758 7395 3540 19266
leaf_count=51628 166 809 11942 5879 7210 1481 82 845 16763 384 71 485 2194 390 5976 3232 13735 1489 791 1364 1486 2370 3603 10316 25912 145696 24758 7395 3540 19266
internal_value=-0.00464879 -0.0337845 0.00225018 0.00111635 0.0466926 0.0144575 0.0488755 0.0117592 0.000236601 0.0144106 0.0399563 0.000428698 0.00453871 0.0157223 0.0218275 0.0339039 -0.00438522 -0.0202712 0.000622084 -0.000702642 0.0205447 -6.13102e-05 0.00299716 0.0110676 -0.00143438 -0.000749908 -0.0035837 0.000817809 -0.00809665 0.0042152
internal_weight=371258 71070 300188 292730 7458 14339 7292 12858 19442 2679 916 278391 29656 13156 9598 3622 16500 2765 1276 3558 2295 248735 45710 16195 29515 203025 57329 29031 28298 21636
internal_count=371258 71070 300188 292730 7458 14339 7292 12858 19442 2679 916 278391 29656 13156 9598 3622 16500 2765 1276 3558 2295 248735 45710 16195 29515 203025 57329 29031 28298 21636
cat_boundaries=0 3 5 7 10 13 14 17 19 22 24 27
cat_threshold=167821458 3493855488 2 2147483648 512 16777216 1048576 134217728 0 2 67188036 134359257 13 1083703296 65796 144 5 1879310336 637550592 1082405952 673382434 4 67108864 17408 76612608 186913795 9
is_linear=0
shrinkage=0.05


Tree=199
num_leaves=31
num_cat=9
split_feature=17 0 17 17 0 0 6 3 0 17 3 5 17 0 5 3 16 6 17 17 6 17 5 17 5 6 6 5 6 0
split_gain=29908.1 12394.2 6041.16 923.773 589.146 378.972 459.626 386.246 324.312 250.74 236.775 212.217 202.486 358.577 442.338 441 388.6 345.537 273.189 258.295 359.283 398.441 254.991 639.599 204.656 174.73 165.415 157.082 172.734 190.985
threshold=0 7.5000000000000009 1 2 7.5000000000000009 62.500000000000007 20.500000000000004 14.000000000000002 14.000000000000002 3 14.000000000000002 23.750000000000004 4 7.5000000000000009 23.750000000000004 7.5000000000000009 240.02820000000006 19.500000000000004 5 6 19.500000000000004 7 6.2500000000000009 8 10.750000000000002 19.500000000000004 18.500000000000004 8.7500000000000018 10.500000000000002 7.5000000000000009
decision_type=9 2 9 9 2 2 2 2 2 9 2 2 9 2 2 2 2 2 9 9 2 9 2 9 2 2 2 2 2 2
left_child=1 -1 4 5 -2 6 27 -8 -6 10 11 -3 13 14 15 16 19 18 -18 24 22 -22 23 -21 -5 -26 -24 -4 29 -29
right_child=2 9 3 12 8 -7 7 -9 -10 -11 -12 -13 -14 -15 -16 -17 17 -19 -20 20 21 -23 26 -25 25 -27 -28 28 -30 -31
leaf_value=-2.7673157564800377e-05 -2.7673157564800377e-05 -5.463941133694306e-05 0.00010150796530652429 5.0266721842717743e-05 8.3821628882319033e-07 0.24236636936430145 4.6801344255120729e-05 -0.075809458638178187 -0.028000453760056932 -2.7913869278251012e-07 -0.00063584654148414195 1.6107483522631585e-05 -6.3078612975342449e-05 0.00011728704826605708 -0.00031381863917281374 -0.00019493798067702351 0.00017687428649071357 0.00042730010435922952 -2.6237666811246288e-05 -0.0023340220102807232 0.00063185073009055517 -2.3971002912315244e-05 6.3780579392780365e-05 0.00025872407693445788 0.00023575596624834106 -4.3673797394383487e-05 -0.0071399028983049288 -2.112348425478139e-05 2.6061261013676784e-05 0.21382313051357765
leaf_weight=51628 166 809 494 2216 7210 4781 1287 216 82 16763 384 1486 184418 76554 1477 2846 246 245 885 303 1591 361 3463 1230 2021 243 292 707 6531 323
leaf_count=51628 166 809 494 2216 7210 4781 1287 216 82 16763 384 1486 184418 76554 1477 2846 246 245 885 303 1591 361 3463 1230 2021 243 292 707 6531 323
internal_value=-0.00462078 -0.0337845 0.00228483 0.00115188 0.0466926 0.0135236 0.00778406 0.033167 0.0488755 0.000236601 0.0144106 0.0205447 0.000514186 0.00240309 0.00887824 0.0113035 0.0151802 -0.0099564 -0.021618 0.0181314 0.0122345 0.030584 0.00548411 0.022668 0.0275724 0.0382067 -0.00153129 0.0030478 0.00126306 -0.017767
internal_weight=371258 71070 300188 292730 7458 14339 9558 1503 7292 19442 2679 2295 278391 93973 17419 15942 13096 1376 1131 11720 7240 1952 5288 1533 4480 2264 3755 8055 7561 1030
internal_count=371258 71070 300188 292730 7458 14339 9558 1503 7292 19442 2679 2295 278391 93973 17419 15942 13096 1376 1131 11720 7240 1952 5288 1533 4480 2264 3755 8055 7561 1030
cat_boundaries=0 3 5 7 10 12 14 16 18 20
cat_threshold=167821458 3493855488 2 2147483648 512 16777216 1048576 134217728 0 2 1083187200 707071010 0 66562 8388608 2162720 0 570426370 0 1024
is_linear=0
shrinkage=0.05


end of trees

feature_importances:
ride_id_cat=2472
wait_minutes=1056
hour_of_day=994
park_crowd_median=623
wait_lag_3=492
minutes_at_current_level=162
minutes_since_last_status_change=76
week_of_year=44
wait_lag_2=30
wait_delta_1=20
closure_duration_minutes=12
wait_lag_1=10
days_until_next_holiday=8
days_since_last_holiday=1

parameters:
[boosting: gbdt]
[objective: regression_l1]
[metric: l1]
[tree_learner: serial]
[device_type: cpu]
[data_sample_strategy: bagging]
[data: ]
[valid: ]
[num_iterations: 200]
[learning_rate: 0.05]
[num_leaves: 31]
[num_threads: 12]
[seed: 0]
[deterministic: 0]
[force_col_wise: 0]
[force_row_wise: 0]
[histogram_pool_size: -1]
[max_depth: -1]
[min_data_in_leaf: 20]
[min_sum_hessian_in_leaf: 0.001]
[bagging_fraction: 1]
[pos_bagging_fraction: 1]
[neg_bagging_fraction: 1]
[bagging_freq: 0]
[bagging_seed: 3]
[bagging_by_query: 0]
[feature_fraction: 1]
[feature_fraction_bynode: 1]
[feature_fraction_seed: 2]
[extra_trees: 0]
[extra_seed: 6]
[early_stopping_round: 0]
[early_stopping_min_delta: 0]
[first_metric_only: 0]
[max_delta_step: 0]
[lambda_l1: 0]
[lambda_l2: 0]
[linear_lambda: 0]
[min_gain_to_split: 0]
[drop_rate: 0.1]
[max_drop: 50]
[skip_drop: 0.5]
[xgboost_dart_mode: 0]
[uniform_drop: 0]
[drop_seed: 4]
[top_rate: 0.2]
[other_rate: 0.1]
[min_data_per_group: 100]
[max_cat_threshold: 32]
[cat_l2: 10]
[cat_smooth: 10]
[max_cat_to_onehot: 4]
[top_k: 20]
[monotone_constraints: ]
[monotone_constraints_method: basic]
[monotone_penalty: 0]
[feature_contri: ]
[forcedsplits_filename: ]
[refit_decay_rate: 0.9]
[cegb_tradeoff: 1]
[cegb_penalty_split: 0]
[cegb_penalty_feature_lazy: ]
[cegb_penalty_feature_coupled: ]
[path_smooth: 0]
[interaction_constraints: ]
[verbosity: -1]
[saved_feature_importance_type: 0]
[use_quantized_grad: 0]
[num_grad_quant_bins: 4]
[quant_train_renew_leaf: 0]
[stochastic_rounding: 1]
[linear_tree: 0]
[max_bin: 255]
[max_bin_by_feature: ]
[min_data_in_bin: 3]
[bin_construct_sample_cnt: 200000]
[data_random_seed: 1]
[is_enable_sparse: 1]
[enable_bundle: 1]
[use_missing: 1]
[zero_as_missing: 0]
[feature_pre_filter: 1]
[pre_partition: 0]
[two_round: 0]
[header: 0]
[label_column: ]
[weight_column: ]
[group_column: ]
[ignore_column: ]
[categorical_feature: 17,18]
[forcedbins_filename: ]
[precise_float_parser: 0]
[parser_config_file: ]
[objective_seed: 5]
[num_class: 1]
[is_unbalance: 0]
[scale_pos_weight: 1]
[sigmoid: 1]
[boost_from_average: 1]
[reg_sqrt: 0]
[alpha: 0.9]
[fair_c: 1]
[poisson_max_delta_step: 0.7]
[tweedie_variance_power: 1.5]
[lambdarank_truncation_level: 30]
[lambdarank_norm: 1]
[label_gain: ]
[lambdarank_position_bias_regularization: 0]
[eval_at: ]
[multi_error_top_k: 1]
[auc_mu_weights: ]
[num_machines: 1]
[local_listen_port: 12400]
[time_out: 120]
[machine_list_filename: ]
[machines: ]
[gpu_platform_id: -1]
[gpu_device_id: -1]
[gpu_use_dp: 0]
[num_gpu: 1]

end of parameters

pandas_categorical:[["05b17c11-fd4c-4b85-ab45-3e269dc56559", "07952343-3498-404b-8337-734de9a185c1", "0de1413a-73ee-46cf-af2e-c491cc7c7d3b", "106c1e5a-a5e7-42d7-96ab-bc100d8faf71", "10a5fc6f-5ad3-414b-9bdd-e6bae097b6ad", "1b23667a-d8fb-436d-8952-c3e3f2e56d13", "1b83fda8-d60e-48e4-9a3d-90ddcbcd1001", "1d24dd7a-372b-4195-8ad0-ba9679d72b08", "1da85181-bf0f-4ccc-b98e-243142f7347b", "2108cc58-80df-4fff-9b91-735e89873ffd", "2295351d-ce6b-4c04-92d5-5b416372c5b5", "24066306-d364-4048-b4c9-a0e81980c5b4", "2aedc657-1ee2-4545-a1ce-14753f28cc66", "34b1d70f-11c4-42df-935e-d5582c9f1a8e", "3638ac09-9fce-4a43-8c79-8ebbe17afce2", "388ad3f1-5cf5-4a9d-8d0e-6dfb817d7822", "40524fba-5d84-49e7-9204-f493dbe2d5a4", "44c1f655-25d3-440c-b1a8-db736a12b105", "46097afe-a1ea-4807-93d3-14d14f36e55f", "4ca6cdbf-4c5f-45bf-b0dc-db83393ec208", "4f0053e7-b8db-4833-b02f-35e1c91b4523", "4f5b28d0-b78e-482b-8e2e-1f90756d6220", "526ada11-4688-442b-96d4-4077eac4f988", "528016ef-db24-47fa-a0f2-b6d26d61e29f", "52a8ef64-d54c-4974-883f-027c3026e3f1", "56d0bd6d-5106-4420-8f60-0005475c04c3", "59647168-d239-4161-8b24-92eb128e96fb", "5bd95ae8-181d-449c-8f04-a621e2448961", "5d07a2b1-49ca-4de7-9d32-6d08edf69b08", "64d44aaa-6857-4693-b24b-bcff6c6dcfa1", "6c225598-91c9-44a3-95e2-7c423475db61", "6c30d5b0-8c0a-406f-9258-0b6c55d4a5e4", "6ce9cdd1-0a43-459e-83cd-f4cace9cfa7b", "6d876f4c-c3ff-4ae3-a2d8-d4b831e1039b", "6e2af074-3a67-4f38-9bcf-2f5a572c87df", "77f205a4-d482-4d91-a5ff-71e54a086ad2", "7a09a2f0-e226-4f3e-86f8-2598ab67ec44", "82aeb29b-504a-416f-b13f-f41fa5b766aa", "86ab3069-110d-49c5-a7e7-29ddf28695a6", "88197808-3c56-4198-a5a4-6066541251cf", "8e686e4c-f3db-4d9c-a185-2d54b1fa8899", "8f586a2f-cef5-46d3-b822-fd622c4e9e33", "90ee50d4-7cc9-4824-b29d-2aac801acc29", "9167db1d-e5e7-46da-a07f-ae30a87bc4c4", "9d401ad3-49b2-469f-ac73-93eb429428fb", "a07f3110-013e-43bb-a182-e66bb8b5e28d", "a9076acd-7630-4bad-a8da-e6bd689ddcac", "b0eca3d3-a519-47f9-a5a7-9911126da2df", "b1d285a7-2444-4a7c-b7bb-d2d4d6428a85", "b2c2549c-e9da-4fdd-98ea-1dcff596fed7", "b7678dab-5544-48d5-8fdc-c1a0127cfbcd", "c23af6ba-8515-406a-8a48-d0818ba0bfc9", "c60c768b-3461-465c-8f4f-b44b087506fc", "c8a4b7b1-c1b2-4dfe-b73c-4e834b4a73db", "c9803366-6f37-4406-82af-7692357e3ca9", "c9e39189-7e99-4e0a-97e0-4a0d5654d257", "cb929138-d77a-4dd2-983c-f651bbd1bd92", "cc718d11-fa15-44ee-87d0-ded989ad61bc", "cc980e8e-192f-48b6-848c-27784084e54b", "cd670bff-81d1-4f34-8676-7bafdf49220a", "e0cfed11-96d7-40f3-907f-5cfed172592a", "e1fbc7a1-2cd1-4282-b373-ac11d9d9d38a", "e27b1db8-9ec9-4f8b-9ca6-fd6377de66ee", "e2d460e9-2bef-4613-b126-092ab7cb37e5", "f44a5072-3cda-4c7c-8574-33ad09d16cca", "f7904912-3f08-4563-b99e-fd59f43cc9f2", "faaa8be9-cc1e-4535-ac20-04a535654bd0", "ff52cb64-c1d5-4feb-9d43-5dbd429bac81"], ["CLOSED", "DOWN", "OPERATING", "REFURBISHMENT"]]
